phase,sample,frame_ms,viewport_gpu_ms,worker_edit_ms,worker_patch_ms,main_publish_ms,edit_to_publish_ms,queued_jobs,cache_mib,pages,triangles,pending_edit,engine_static_memory_mib,worker_queue_ms,all_patch_builds_ms,publish_frame_ms,edit_to_draw_callback_ms,wall_hitches_over_50ms
display_only_control,1,13.878,3.82999992370605,0.0,20.68,0.046,0.0,0,106.950790405273,0,1756764,false,280.113927841187,0.0,0.0,0.008,0.0,2
display_only_control,2,18.753,3.83200001716614,0.0,20.68,0.046,0.0,0,106.950790405273,0,1756764,false,280.113927841187,0.0,0.0,0.012,0.0,2
display_only_control,3,14.918,3.83699989318848,0.0,20.68,0.046,0.0,0,106.950790405273,0,1756764,false,280.113973617554,0.0,0.0,0.012,0.0,2
display_only_control,4,16.452,3.84800004959106,0.0,20.68,0.046,0.0,0,106.950790405273,0,1756764,false,280.114065170288,0.0,0.0,0.012,0.0,2
display_only_control,5,16.621,3.95199990272522,0.0,20.68,0.046,0.0,0,106.950790405273,0,1756764,false,280.114065170288,0.0,0.0,0.009,0.0,2
display_only_control,6,16.596,3.9539999961853,0.0,20.68,0.046,0.0,0,106.950790405273,0,1756764,false,280.114198684692,0.0,0.0,0.007,0.0,2
display_only_control,7,16.776,3.94099998474121,0.0,20.68,0.046,0.0,0,106.950790405273,0,1756764,false,280.120370864868,0.0,0.0,0.007,0.0,2
display_only_control,8,16.686,3.95199990272522,0.0,20.68,0.046,0.0,0,106.950790405273,0,1756764,false,280.120370864868,0.0,0.0,0.012,0.0,2
display_only_control,9,18.302,3.94899988174438,0.0,20.68,0.046,0.0,0,106.950790405273,0,1756764,false,280.120553970337,0.0,0.0,0.008,0.0,2
display_only_control,10,15.008,3.94400000572205,0.0,20.68,0.046,0.0,0,106.950790405273,0,1756764,false,280.120557785034,0.0,0.0,0.012,0.0,2
display_only_control,11,16.693,3.94799995422363,0.0,20.68,0.046,0.0,0,106.950790405273,0,1756764,false,280.120557785034,0.0,0.0,0.011,0.0,2
display_only_control,12,16.663,3.96099996566772,0.0,20.68,0.046,0.0,0,106.950790405273,0,1756764,false,280.120557785034,0.0,0.0,0.012,0.0,2
display_only_control,13,16.591,3.95000004768372,0.0,20.68,0.046,0.0,0,106.950790405273,0,1756764,false,280.120832443237,0.0,0.0,0.014,0.0,2
display_only_control,14,17.333,3.95000004768372,0.0,20.68,0.046,0.0,0,106.950790405273,0,1756764,false,280.127069473267,0.0,0.0,0.012,0.0,2
display_only_control,15,16.079,3.94700002670288,0.0,20.68,0.046,0.0,0,106.950790405273,0,1756764,false,280.127000808716,0.0,0.0,0.012,0.0,2
display_only_control,16,18.953,3.9539999961853,0.0,20.68,0.046,0.0,0,106.950790405273,0,1756764,false,280.126996994019,0.0,0.0,0.012,0.0,2
display_only_control,17,14.371,4.09299993515015,0.0,20.68,0.046,0.0,0,106.950790405273,0,1756764,false,280.127000808716,0.0,0.0,0.011,0.0,2
display_only_control,18,16.664,4.08199977874756,0.0,20.68,0.046,0.0,0,106.950790405273,0,1756764,false,280.127000808716,0.0,0.0,0.011,0.0,2
display_only_control,19,16.662,4.08099985122681,0.0,20.68,0.046,0.0,0,106.950790405273,0,1756764,false,280.127412796021,0.0,0.0,0.012,0.0,2
display_only_control,20,16.647,4.68499994277954,0.0,20.68,0.046,0.0,0,106.950790405273,0,1756764,false,280.127412796021,0.0,0.0,0.01,0.0,2
display_only_control,21,16.847,4.07800006866455,0.0,20.68,0.046,0.0,0,106.950790405273,0,1756764,false,280.133581161499,0.0,0.0,0.012,0.0,2
display_only_control,22,16.951,4.08500003814697,0.0,20.68,0.046,0.0,0,106.950790405273,0,1756764,false,280.133581161499,0.0,0.0,0.012,0.0,2
display_only_control,23,18.258,4.0789999961853,0.0,20.68,0.046,0.0,0,106.950790405273,0,1756764,false,280.133577346802,0.0,0.0,0.013,0.0,2
display_only_control,24,14.732,4.08599996566772,0.0,20.68,0.046,0.0,0,106.950790405273,0,1756764,false,280.133581161499,0.0,0.0,0.011,0.0,2
display_only_control,25,16.558,4.09200000762939,0.0,20.68,0.046,0.0,0,106.950790405273,0,1756764,false,280.133581161499,0.0,0.0,0.011,0.0,2
display_only_control,26,16.609,4.09299993515015,0.0,20.68,0.046,0.0,0,106.950790405273,0,1756764,false,280.133581161499,0.0,0.0,0.009,0.0,2
display_only_control,27,16.923,4.07999992370605,0.0,20.68,0.046,0.0,0,106.950790405273,0,1756764,false,280.133581161499,0.0,0.0,0.166,0.0,2
display_only_control,28,16.638,4.08699989318848,0.0,20.68,0.046,0.0,0,106.950790405273,0,1756764,false,280.140390396118,0.0,0.0,0.012,0.0,2
display_only_control,29,16.539,4.0789999961853,0.0,20.68,0.046,0.0,0,106.950790405273,0,1756764,false,280.140386581421,0.0,0.0,0.012,0.0,2
display_only_control,30,18.236,4.08199977874756,0.0,20.68,0.046,0.0,0,106.950790405273,0,1756764,false,280.140459060669,0.0,0.0,0.007,0.0,2
display_only_control,31,15.075,4.08900022506714,0.0,20.68,0.046,0.0,0,106.950790405273,0,1756764,false,280.140390396118,0.0,0.0,0.012,0.0,2
display_only_control,32,16.659,4.08400011062622,0.0,20.68,0.046,0.0,0,106.950790405273,0,1756764,false,280.140390396118,0.0,0.0,0.012,0.0,2
display_only_control,33,16.556,4.0770001411438,0.0,20.68,0.046,0.0,0,106.950790405273,0,1756764,false,280.140386581421,0.0,0.0,0.009,0.0,2
display_only_control,34,16.656,4.08400011062622,0.0,20.68,0.046,0.0,0,106.950790405273,0,1756764,false,280.140390396118,0.0,0.0,0.007,0.0,2
display_only_control,35,16.73,4.07399988174438,0.0,20.68,0.046,0.0,0,106.950790405273,0,1756764,false,280.146554946899,0.0,0.0,0.008,0.0,2
display_only_control,36,16.732,4.12200021743774,0.0,20.68,0.046,0.0,0,106.950790405273,0,1756764,false,280.146558761597,0.0,0.0,0.012,0.0,2
display_only_control,37,18.317,4.09200000762939,0.0,20.68,0.046,0.0,0,106.950790405273,0,1756764,false,280.146558761597,0.0,0.0,0.012,0.0,2
display_only_control,38,15.027,4.0770001411438,0.0,20.68,0.046,0.0,0,106.950790405273,0,1756764,false,280.146554946899,0.0,0.0,0.012,0.0,2
display_only_control,39,16.787,4.0789999961853,0.0,20.68,0.046,0.0,0,106.950790405273,0,1756764,false,280.146554946899,0.0,0.0,0.012,0.0,2
display_only_control,40,16.536,4.10200023651123,0.0,20.68,0.046,0.0,0,106.950790405273,0,1756764,false,280.146558761597,0.0,0.0,0.012,0.0,2
display_only_control,41,16.648,4.22300004959106,0.0,20.68,0.046,0.0,0,106.950790405273,0,1756764,false,280.146558761597,0.0,0.0,0.012,0.0,2
display_only_control,42,16.784,4.22100019454956,0.0,20.68,0.046,0.0,0,106.950790405273,0,1756764,false,280.153688430786,0.0,0.0,0.007,0.0,2
display_only_control,43,16.568,4.21799993515015,0.0,20.68,0.046,0.0,0,106.950790405273,0,1756764,false,280.153688430786,0.0,0.0,0.013,0.0,2
display_only_control,44,18.184,4.23099994659424,0.0,20.68,0.046,0.0,0,106.950790405273,0,1756764,false,280.153688430786,0.0,0.0,0.012,0.0,2
display_only_control,45,15.311,4.22200012207031,0.0,20.68,0.046,0.0,0,106.950790405273,0,1756764,false,280.153688430786,0.0,0.0,0.012,0.0,2
display_only_control,46,17.024,4.21000003814697,0.0,20.68,0.046,0.0,0,106.950790405273,0,1756764,false,280.153757095337,0.0,0.0,0.011,0.0,2
display_only_control,47,16.121,4.21500015258789,0.0,20.68,0.046,0.0,0,106.950790405273,0,1756764,false,280.153688430786,0.0,0.0,0.012,0.0,2
display_only_control,48,16.853,4.21199989318848,0.0,20.68,0.046,0.0,0,106.950790405273,0,1756764,false,280.153688430786,0.0,0.0,0.012,0.0,2
display_only_control,49,16.546,4.21500015258789,0.0,20.68,0.046,0.0,0,106.950790405273,0,1756764,false,280.159856796265,0.0,0.0,0.011,0.0,2
display_only_control,50,16.453,4.21999979019165,0.0,20.68,0.046,0.0,0,106.950790405273,0,1756764,false,280.159856796265,0.0,0.0,0.007,0.0,2
display_only_control,51,18.671,4.2189998626709,0.0,20.68,0.046,0.0,0,106.950790405273,0,1756764,false,280.159852981567,0.0,0.0,0.007,0.0,2
display_only_control,52,14.749,4.21600008010864,0.0,20.68,0.046,0.0,0,106.950790405273,0,1756764,false,280.159856796265,0.0,0.0,0.009,0.0,2
display_only_control,53,16.752,4.22399997711182,0.0,20.68,0.046,0.0,0,106.950790405273,0,1756764,false,280.159856796265,0.0,0.0,0.012,0.0,2
display_only_control,54,16.651,4.21500015258789,0.0,20.68,0.046,0.0,0,106.950790405273,0,1756764,false,280.159856796265,0.0,0.0,0.01,0.0,2
display_only_control,55,16.656,4.22900009155273,0.0,20.68,0.046,0.0,0,106.950790405273,0,1756764,false,280.159856796265,0.0,0.0,0.012,0.0,2
display_only_control,56,16.844,4.21999979019165,0.0,20.68,0.046,0.0,0,106.950790405273,0,1756764,false,280.166025161743,0.0,0.0,0.011,0.0,2
display_only_control,57,16.495,4.21799993515015,0.0,20.68,0.046,0.0,0,106.950790405273,0,1756764,false,280.166025161743,0.0,0.0,0.008,0.0,2
display_only_control,58,19.302,4.21799993515015,0.0,20.68,0.046,0.0,0,106.950790405273,0,1756764,false,280.166025161743,0.0,0.0,0.013,0.0,2
display_only_control,59,14.049,4.21400022506714,0.0,20.68,0.046,0.0,0,106.950790405273,0,1756764,false,280.166025161743,0.0,0.0,0.012,0.0,2
display_only_control,60,16.622,4.22599983215332,0.0,20.68,0.046,0.0,0,106.950790405273,0,1756764,false,280.166025161743,0.0,0.0,0.011,0.0,2
display_only_control,61,16.693,4.22399997711182,0.0,20.68,0.046,0.0,0,106.950790405273,0,1756764,false,280.166025161743,0.0,0.0,0.011,0.0,2
display_only_control,62,17.158,4.21400022506714,0.0,20.68,0.046,0.0,0,106.950790405273,0,1756764,false,280.166093826294,0.0,0.0,0.016,0.0,2
display_only_control,63,16.33,4.21199989318848,0.0,20.68,0.046,0.0,0,106.950790405273,0,1756764,false,280.173608779907,0.0,0.0,0.012,0.0,2
display_only_control,64,16.667,4.22300004959106,0.0,20.68,0.046,0.0,0,106.950790405273,0,1756764,false,280.173612594604,0.0,0.0,0.012,0.0,2
display_only_control,65,17.968,4.36700010299683,0.0,20.68,0.046,0.0,0,106.950790405273,0,1756764,false,280.173612594604,0.0,0.0,0.01,0.0,2
display_only_control,66,15.192,4.38299989700317,0.0,20.68,0.046,0.0,0,106.950790405273,0,1756764,false,280.173612594604,0.0,0.0,0.012,0.0,2
display_only_control,67,17.021,4.36600017547607,0.0,20.68,0.046,0.0,0,106.950790405273,0,1756764,false,280.173612594604,0.0,0.0,0.012,0.0,2
display_only_control,68,16.31,4.36999988555908,0.0,20.68,0.046,0.0,0,106.950790405273,0,1756764,false,280.173608779907,0.0,0.0,0.012,0.0,2
display_only_control,69,16.662,4.36999988555908,0.0,20.68,0.046,0.0,0,106.950790405273,0,1756764,false,280.173612594604,0.0,0.0,0.011,0.0,2
display_only_control,70,16.816,4.35599994659424,0.0,20.68,0.046,0.0,0,106.950790405273,0,1756764,false,280.179780960083,0.0,0.0,0.011,0.0,2
display_only_control,71,16.793,4.36299991607666,0.0,20.68,0.046,0.0,0,106.950790405273,0,1756764,false,280.179780960083,0.0,0.0,0.011,0.0,2
display_only_control,72,18.213,4.36499977111816,0.0,20.68,0.046,0.0,0,106.950790405273,0,1756764,false,280.179780960083,0.0,0.0,0.012,0.0,2
display_only_control,73,14.755,4.36800003051758,0.0,20.68,0.046,0.0,0,106.950790405273,0,1756764,false,280.179780960083,0.0,0.0,0.007,0.0,2
display_only_control,74,16.757,4.37400007247925,0.0,20.68,0.046,0.0,0,106.950790405273,0,1756764,false,280.179780960083,0.0,0.0,0.011,0.0,2
display_only_control,75,16.851,5.54899978637695,0.0,20.68,0.046,0.0,0,106.950790405273,0,1756764,false,280.179780960083,0.0,0.0,0.011,0.0,2
display_only_control,76,16.499,4.37599992752075,0.0,20.68,0.046,0.0,0,106.950790405273,0,1756764,false,280.179780960083,0.0,0.0,0.011,0.0,2
display_only_control,77,16.817,4.35699987411499,0.0,20.68,0.046,0.0,0,106.950790405273,0,1756764,false,280.185949325562,0.0,0.0,0.012,0.0,2
display_only_control,78,17.275,4.35699987411499,0.0,20.68,0.046,0.0,0,106.950790405273,0,1756764,false,280.186017990112,0.0,0.0,0.01,0.0,2
display_only_control,79,19.813,4.36199998855591,0.0,20.68,0.046,0.0,0,106.950790405273,0,1756764,false,280.185949325562,0.0,0.0,0.015,0.0,2
display_only_control,80,12.801,4.37599992752075,0.0,20.68,0.046,0.0,0,106.950790405273,0,1756764,false,280.185949325562,0.0,0.0,0.013,0.0,2
display_only_control,81,16.63,4.36800003051758,0.0,20.68,0.046,0.0,0,106.950790405273,0,1756764,false,280.185945510864,0.0,0.0,0.011,0.0,2
display_only_control,82,17.199,4.36499977111816,0.0,20.68,0.046,0.0,0,106.950790405273,0,1756764,false,280.185949325562,0.0,0.0,0.015,0.0,2
display_only_control,83,16.128,4.36299991607666,0.0,20.68,0.046,0.0,0,106.950790405273,0,1756764,false,280.185949325562,0.0,0.0,0.011,0.0,2
display_only_control,84,16.728,4.36100006103516,0.0,20.68,0.046,0.0,0,106.950790405273,0,1756764,false,280.19211769104,0.0,0.0,0.007,0.0,2
display_only_control,85,16.515,4.36800003051758,0.0,20.68,0.046,0.0,0,106.950790405273,0,1756764,false,280.19211769104,0.0,0.0,0.006,0.0,2
display_only_control,86,17.966,4.35699987411499,0.0,20.68,0.046,0.0,0,106.950790405273,0,1756764,false,280.19211769104,0.0,0.0,0.006,0.0,2
display_only_control,87,15.447,4.35799980163574,0.0,20.68,0.046,0.0,0,106.950790405273,0,1756764,false,280.19211769104,0.0,0.0,0.007,0.0,2
display_only_control,88,16.64,4.35699987411499,0.0,20.68,0.046,0.0,0,106.950790405273,0,1756764,false,280.192113876343,0.0,0.0,0.011,0.0,2
display_only_control,89,16.546,6.57000017166138,0.0,20.68,0.046,0.0,0,106.950790405273,0,1756764,false,280.19211769104,0.0,0.0,0.007,0.0,2
display_only_control,90,16.881,6.63100004196167,0.0,20.68,0.046,0.0,0,106.950790405273,0,1756764,false,280.19211769104,0.0,0.0,0.01,0.0,2
display_only_control,91,16.555,6.75899982452393,0.0,20.68,0.046,0.0,0,106.950790405273,0,1756764,false,280.198286056519,0.0,0.0,0.007,0.0,2
display_only_control,92,16.564,6.41599988937378,0.0,20.68,0.046,0.0,0,106.950790405273,0,1756764,false,280.198286056519,0.0,0.0,0.007,0.0,2
display_only_control,93,18.988,6.58500003814697,0.0,20.68,0.046,0.0,0,106.950790405273,0,1756764,false,280.198286056519,0.0,0.0,0.007,0.0,2
display_only_control,94,14.647,7.62799978256226,0.0,20.68,0.046,0.0,0,106.950790405273,0,1756764,false,280.200506210327,0.0,0.0,0.007,0.0,2
display_only_control,95,16.485,6.35699987411499,0.0,20.68,0.046,0.0,0,106.950790405273,0,1756764,false,280.200437545776,0.0,0.0,0.011,0.0,2
display_only_control,96,16.79,7.65899991989136,0.0,20.68,0.046,0.0,0,106.950790405273,0,1756764,false,280.200433731079,0.0,0.0,0.012,0.0,2
display_only_control,97,16.454,6.73400020599365,0.0,20.68,0.046,0.0,0,106.950790405273,0,1756764,false,280.200437545776,0.0,0.0,0.007,0.0,2
display_only_control,98,19.67,6.78399991989136,0.0,20.68,0.046,0.0,0,106.950790405273,0,1756764,false,280.206602096558,0.0,0.0,0.012,0.0,2
display_only_control,99,13.975,6.51599979400635,0.0,20.68,0.046,0.0,0,106.950790405273,0,1756764,false,280.206605911255,0.0,0.0,0.018,0.0,2
display_only_control,100,18.05,8.30200004577637,0.0,20.68,0.046,0.0,0,106.950790405273,0,1756764,false,280.206605911255,0.0,0.0,0.007,0.0,2
display_only_control,101,15.025,6.51900005340576,0.0,20.68,0.046,0.0,0,106.950790405273,0,1756764,false,280.206609725952,0.0,0.0,0.01,0.0,2
display_only_control,102,16.893,5.94399976730347,0.0,20.68,0.046,0.0,0,106.950790405273,0,1756764,false,280.206609725952,0.0,0.0,0.012,0.0,2
display_only_control,103,16.478,6.05600023269653,0.0,20.68,0.046,0.0,0,106.950790405273,0,1756764,false,280.206609725952,0.0,0.0,0.011,0.0,2
display_only_control,104,16.697,5.95100021362305,0.0,20.68,0.046,0.0,0,106.950790405273,0,1756764,false,280.206609725952,0.0,0.0,0.012,0.0,2
display_only_control,105,16.845,5.96400022506714,0.0,20.68,0.046,0.0,0,106.950790405273,0,1756764,false,280.212778091431,0.0,0.0,0.008,0.0,2
display_only_control,106,16.467,6.05800008773804,0.0,20.68,0.046,0.0,0,106.950790405273,0,1756764,false,280.212778091431,0.0,0.0,0.012,0.0,2
display_only_control,107,18.921,5.85699987411499,0.0,20.68,0.046,0.0,0,106.950790405273,0,1756764,false,280.212778091431,0.0,0.0,0.011,0.0,2
display_only_control,108,14.447,7.11700010299683,0.0,20.68,0.046,0.0,0,106.950790405273,0,1756764,false,280.212778091431,0.0,0.0,0.01,0.0,2
display_only_control,109,16.553,6.09700012207031,0.0,20.68,0.046,0.0,0,106.950790405273,0,1756764,false,280.212778091431,0.0,0.0,0.01,0.0,2
display_only_control,110,17.115,8.39200019836426,0.0,20.68,0.046,0.0,0,106.950790405273,0,1756764,false,280.212846755981,0.0,0.0,0.011,0.0,2
display_only_control,111,16.365,6.06300020217896,0.0,20.68,0.046,0.0,0,106.950790405273,0,1756764,false,280.212778091431,0.0,0.0,0.01,0.0,2
display_only_control,112,16.768,5.83400011062622,0.0,20.68,0.046,0.0,0,106.950790405273,0,1756764,false,280.218946456909,0.0,0.0,0.012,0.0,2
display_only_control,113,16.524,5.51000022888184,0.0,20.68,0.046,0.0,0,106.950790405273,0,1756764,false,280.218946456909,0.0,0.0,0.012,0.0,2
display_only_control,114,18.822,6.57999992370605,0.0,20.68,0.046,0.0,0,106.950790405273,0,1756764,false,280.218946456909,0.0,0.0,0.011,0.0,2
display_only_control,115,14.461,5.85900020599365,0.0,20.68,0.046,0.0,0,106.950790405273,0,1756764,false,280.218946456909,0.0,0.0,0.011,0.0,2
display_only_control,116,16.804,6.86299991607666,0.0,20.68,0.046,0.0,0,106.950790405273,0,1756764,false,280.218946456909,0.0,0.0,0.012,0.0,2
display_only_control,117,16.682,5.78200006484985,0.0,20.68,0.046,0.0,0,106.950790405273,0,1756764,false,280.218946456909,0.0,0.0,0.011,0.0,2
display_only_control,118,16.495,5.38100004196167,0.0,20.68,0.046,0.0,0,106.950790405273,0,1756764,false,280.218946456909,0.0,0.0,0.01,0.0,2
display_only_control,119,16.836,5.44199991226196,0.0,20.68,0.046,0.0,0,106.950790405273,0,1756764,false,280.225114822388,0.0,0.0,0.012,0.0,2
display_only_control,120,16.533,6.52500009536743,0.0,20.68,0.046,0.0,0,106.950790405273,0,1756764,false,280.225114822388,0.0,0.0,0.013,0.0,2
display_only_control,121,19.01,5.80800008773804,0.0,20.68,0.046,0.0,0,106.950790405273,0,1756764,false,280.22511100769,0.0,0.0,0.011,0.0,2
display_only_control,122,14.341,6.78499984741211,0.0,20.68,0.046,0.0,0,106.950790405273,0,1756764,false,280.225114822388,0.0,0.0,0.012,0.0,2
display_only_control,123,20.064,7.48000001907349,0.0,20.68,0.046,0.0,0,106.950790405273,0,1756764,false,280.225114822388,0.0,0.0,0.01,0.0,2
display_only_control,124,13.122,5.7480001449585,0.0,20.68,0.046,0.0,0,106.950790405273,0,1756764,false,280.22511100769,0.0,0.0,0.007,0.0,2
display_only_control,125,16.695,5.41499996185303,0.0,20.68,0.046,0.0,0,106.950790405273,0,1756764,false,280.225114822388,0.0,0.0,0.008,0.0,2
display_only_control,126,17.724,5.79300022125244,0.0,20.68,0.046,0.0,0,106.950790405273,0,1756764,false,280.231351852417,0.0,0.0,0.013,0.0,2
display_only_control,127,15.751,5.82800006866455,0.0,20.68,0.046,0.0,0,106.950790405273,0,1756764,false,280.231283187866,0.0,0.0,0.014,0.0,2
display_only_control,128,18.77,5.70599985122681,0.0,20.68,0.046,0.0,0,106.950790405273,0,1756764,false,280.231279373169,0.0,0.0,0.008,0.0,2
display_only_control,129,14.388,5.3730001449585,0.0,20.68,0.046,0.0,0,106.950790405273,0,1756764,false,280.231279373169,0.0,0.0,0.007,0.0,2
display_only_control,130,16.658,5.39799976348877,0.0,20.68,0.046,0.0,0,106.950790405273,0,1756764,false,280.231283187866,0.0,0.0,0.008,0.0,2
display_only_control,131,17.04,5.83500003814697,0.0,20.68,0.046,0.0,0,106.950790405273,0,1756764,false,280.231279373169,0.0,0.0,0.009,0.0,2
display_only_control,132,16.312,5.71400022506714,0.0,20.68,0.046,0.0,0,106.950790405273,0,1756764,false,280.231283187866,0.0,0.0,0.008,0.0,2
display_only_control,133,16.831,5.72100019454956,0.0,20.68,0.046,0.0,0,106.950790405273,0,1756764,false,280.237451553345,0.0,0.0,0.01,0.0,2
display_only_control,134,16.667,6.51100015640259,0.0,20.68,0.046,0.0,0,106.950790405273,0,1756764,false,280.237451553345,0.0,0.0,0.013,0.0,2
display_only_control,135,19.388,5.7960000038147,0.0,20.68,0.046,0.0,0,106.950790405273,0,1756764,false,280.237447738647,0.0,0.0,0.013,0.0,2
display_only_control,136,13.936,5.73000001907349,0.0,20.68,0.046,0.0,0,106.950790405273,0,1756764,false,280.237451553345,0.0,0.0,0.012,0.0,2
display_only_control,137,16.631,5.30399990081787,0.0,20.68,0.046,0.0,0,106.950790405273,0,1756764,false,280.237451553345,0.0,0.0,0.013,0.0,2
display_only_control,138,16.82,5.47200012207031,0.0,20.68,0.046,0.0,0,106.950790405273,0,1756764,false,280.237447738647,0.0,0.0,0.012,0.0,2
display_only_control,139,16.513,5.60300016403198,0.0,20.68,0.046,0.0,0,106.950790405273,0,1756764,false,280.237451553345,0.0,0.0,0.012,0.0,2
display_only_control,140,16.81,5.64200019836426,0.0,20.68,0.046,0.0,0,106.950790405273,0,1756764,false,280.243616104126,0.0,0.0,0.011,0.0,2
display_only_control,141,16.559,5.55499982833862,0.0,20.68,0.046,0.0,0,106.950790405273,0,1756764,false,280.246824264526,0.0,0.0,0.012,0.0,2
display_only_control,142,21.213,5.23099994659424,0.0,20.68,0.046,0.0,0,106.950790405273,0,1756764,false,280.246892929077,0.0,0.0,0.013,0.0,2
display_only_control,143,11.978,5.41900014877319,0.0,20.68,0.046,0.0,0,106.950790405273,0,1756764,false,280.246824264526,0.0,0.0,0.008,0.0,2
display_only_control,144,16.933,5.58699989318848,0.0,20.68,0.046,0.0,0,106.950790405273,0,1756764,false,280.246824264526,0.0,0.0,0.013,0.0,2
display_only_control,145,16.676,5.61199998855591,0.0,20.68,0.046,0.0,0,106.950790405273,0,1756764,false,280.246824264526,0.0,0.0,0.013,0.0,2
display_only_control,146,16.439,5.31500005722046,0.0,20.68,0.046,0.0,0,106.950790405273,0,1756764,false,280.246824264526,0.0,0.0,0.008,0.0,2
display_only_control,147,16.874,5.46600008010864,0.0,20.68,0.046,0.0,0,106.950790405273,0,1756764,false,280.252992630005,0.0,0.0,0.007,0.0,2
display_only_control,148,16.357,5.51900005340576,0.0,20.68,0.046,0.0,0,106.950790405273,0,1756764,false,280.252992630005,0.0,0.0,0.007,0.0,2
display_only_control,149,18.875,5.39799976348877,0.0,20.68,0.046,0.0,0,106.950790405273,0,1756764,false,280.252992630005,0.0,0.0,0.009,0.0,2
display_only_control,150,14.65,5.46400022506714,0.0,20.68,0.046,0.0,0,106.950790405273,0,1756764,false,280.252988815308,0.0,0.0,0.013,0.0,2
display_only_control,151,16.533,5.56699991226196,0.0,20.68,0.046,0.0,0,106.950790405273,0,1756764,false,280.252992630005,0.0,0.0,0.009,0.0,2
display_only_control,152,16.599,5.40999984741211,0.0,20.68,0.046,0.0,0,106.950790405273,0,1756764,false,280.252992630005,0.0,0.0,0.007,0.0,2
display_only_control,153,16.673,5.52600002288818,0.0,20.68,0.046,0.0,0,106.950790405273,0,1756764,false,280.252992630005,0.0,0.0,0.007,0.0,2
display_only_control,154,16.752,6.20900011062622,0.0,20.68,0.046,0.0,0,106.950790405273,0,1756764,false,280.259160995483,0.0,0.0,0.006,0.0,2
display_only_control,155,16.659,5.3769998550415,0.0,20.68,0.046,0.0,0,106.950790405273,0,1756764,false,280.259157180786,0.0,0.0,0.008,0.0,2
display_only_control,156,19.825,5.31400012969971,0.0,20.68,0.046,0.0,0,106.950790405273,0,1756764,false,280.259160995483,0.0,0.0,0.008,0.0,2
display_only_control,157,13.494,5.57800006866455,0.0,20.68,0.046,0.0,0,106.950790405273,0,1756764,false,280.259160995483,0.0,0.0,0.009,0.0,2
display_only_control,158,16.914,6.47399997711182,0.0,20.68,0.046,0.0,0,106.950790405273,0,1756764,false,280.259229660034,0.0,0.0,0.007,0.0,2
display_only_control,159,16.352,5.39699983596802,0.0,20.68,0.046,0.0,0,106.950790405273,0,1756764,false,280.259160995483,0.0,0.0,0.007,0.0,2
display_only_control,160,16.669,5.48600006103516,0.0,20.68,0.046,0.0,0,106.950790405273,0,1756764,false,280.259160995483,0.0,0.0,0.007,0.0,2
display_only_control,161,16.769,5.09200000762939,0.0,20.68,0.046,0.0,0,106.950790405273,0,1756764,false,280.265329360962,0.0,0.0,0.006,0.0,2
display_only_control,162,16.559,6.33099985122681,0.0,20.68,0.046,0.0,0,106.950790405273,0,1756764,false,280.265329360962,0.0,0.0,0.008,0.0,2
display_only_control,163,17.942,5.34100008010864,0.0,20.68,0.046,0.0,0,106.950790405273,0,1756764,false,280.265329360962,0.0,0.0,0.007,0.0,2
display_only_control,164,15.391,5.42700004577637,0.0,20.68,0.046,0.0,0,106.950790405273,0,1756764,false,280.265329360962,0.0,0.0,0.007,0.0,2
display_only_control,165,16.651,5.54199981689453,0.0,20.68,0.046,0.0,0,106.950790405273,0,1756764,false,280.265329360962,0.0,0.0,0.007,0.0,2
display_only_control,166,16.679,5.32800006866455,0.0,20.68,0.046,0.0,0,106.950790405273,0,1756764,false,280.265329360962,0.0,0.0,0.008,0.0,2
display_only_control,167,16.672,5.53000020980835,0.0,20.68,0.046,0.0,0,106.950790405273,0,1756764,false,280.265329360962,0.0,0.0,0.006,0.0,2
display_only_control,168,17.168,6.36999988555908,0.0,20.68,0.046,0.0,0,106.950790405273,0,1756764,false,280.27149772644,0.0,0.0,0.013,0.0,2
display_only_control,169,16.164,5.4520001411438,0.0,20.68,0.046,0.0,0,106.950790405273,0,1756764,false,280.271493911743,0.0,0.0,0.006,0.0,2
display_only_control,170,18.351,5.44500017166138,0.0,20.68,0.046,0.0,0,106.950790405273,0,1756764,false,280.27149772644,0.0,0.0,0.008,0.0,2
display_only_control,171,15.285,5.24300003051758,0.0,20.68,0.046,0.0,0,106.950790405273,0,1756764,false,280.27149772644,0.0,0.0,0.017,0.0,2
display_only_control,172,16.608,5.56500005722046,0.0,20.68,0.046,0.0,0,106.950790405273,0,1756764,false,280.27149772644,0.0,0.0,0.014,0.0,2
display_only_control,173,16.44,5.39799976348877,0.0,20.68,0.046,0.0,0,106.950790405273,0,1756764,false,280.271493911743,0.0,0.0,0.008,0.0,2
display_only_control,174,17.028,5.48699998855591,0.0,20.68,0.046,0.0,0,106.950790405273,0,1756764,false,280.271566390991,0.0,0.0,0.009,0.0,2
display_only_control,175,16.705,5.51999998092651,0.0,20.68,0.046,0.0,0,106.950790405273,0,1756764,false,280.277666091919,0.0,0.0,0.007,0.0,2
display_only_control,176,16.229,5.49200010299683,0.0,20.68,0.046,0.0,0,106.950790405273,0,1756764,false,280.277666091919,0.0,0.0,0.007,0.0,2
display_only_control,177,18.228,5.40799999237061,0.0,20.68,0.046,0.0,0,106.950790405273,0,1756764,false,280.277666091919,0.0,0.0,0.009,0.0,2
display_only_control,178,15.212,5.50299978256226,0.0,20.68,0.046,0.0,0,106.950790405273,0,1756764,false,280.277666091919,0.0,0.0,0.007,0.0,2
display_only_control,179,16.635,5.47800016403198,0.0,20.68,0.046,0.0,0,106.950790405273,0,1756764,false,280.277666091919,0.0,0.0,0.008,0.0,2
display_only_control,180,16.726,5.51399993896484,0.0,20.68,0.046,0.0,0,106.950790405273,0,1756764,false,280.277666091919,0.0,0.0,0.011,0.0,2
display_only_control,181,16.537,5.53399991989136,0.0,20.68,0.046,0.0,0,106.950790405273,0,1756764,false,280.277666091919,0.0,0.0,0.007,0.0,2
display_only_control,182,17.011,6.30299997329712,0.0,20.68,0.046,0.0,0,106.950790405273,0,1756764,false,280.283834457397,0.0,0.0,0.012,0.0,2
display_only_control,183,16.341,5.51399993896484,0.0,20.68,0.046,0.0,0,106.950790405273,0,1756764,false,280.283834457397,0.0,0.0,0.007,0.0,2
display_only_control,184,18.681,6.36600017547607,0.0,20.68,0.046,0.0,0,106.950790405273,0,1756764,false,280.283834457397,0.0,0.0,0.016,0.0,2
display_only_control,185,14.654,5.49399995803833,0.0,20.68,0.046,0.0,0,106.950790405273,0,1756764,false,280.283834457397,0.0,0.0,0.008,0.0,2
display_only_control,186,16.853,5.4689998626709,0.0,20.68,0.046,0.0,0,106.950790405273,0,1756764,false,280.2838306427,0.0,0.0,0.009,0.0,2
display_only_control,187,16.625,5.26399993896484,0.0,20.68,0.046,0.0,0,106.950790405273,0,1756764,false,280.283834457397,0.0,0.0,0.013,0.0,2
display_only_control,188,16.64,6.39300012588501,0.0,20.68,0.046,0.0,0,106.950790405273,0,1756764,false,280.2838306427,0.0,0.0,0.012,0.0,2
display_only_control,189,17.01,4.88000011444092,0.0,20.68,0.046,0.0,0,106.950790405273,0,1756764,false,280.289999008179,0.0,0.0,0.011,0.0,2
display_only_control,190,16.434,5.48999977111816,0.0,20.68,0.046,0.0,0,106.950790405273,0,1756764,false,280.290071487427,0.0,0.0,0.007,0.0,2
display_only_control,191,18.111,6.07999992370605,0.0,20.68,0.046,0.0,0,106.950790405273,0,1756764,false,280.290002822876,0.0,0.0,0.011,0.0,2
display_only_control,192,15.094,6.55900001525879,0.0,20.68,0.046,0.0,0,106.950790405273,0,1756764,false,280.290002822876,0.0,0.0,0.087,0.0,2
display_only_control,193,16.611,6.17999982833862,0.0,20.68,0.046,0.0,0,106.950790405273,0,1756764,false,280.290002822876,0.0,0.0,0.01,0.0,2
display_only_control,194,16.735,5.42000007629395,0.0,20.68,0.046,0.0,0,106.950790405273,0,1756764,false,280.290002822876,0.0,0.0,0.01,0.0,2
display_only_control,195,16.821,5.4060001373291,0.0,20.68,0.046,0.0,0,106.950790405273,0,1756764,false,280.289999008179,0.0,0.0,0.012,0.0,2
display_only_control,196,16.694,5.42500019073486,0.0,20.68,0.046,0.0,0,106.950790405273,0,1756764,false,280.296171188354,0.0,0.0,0.012,0.0,2
display_only_control,197,16.481,3.93799996376038,0.0,20.68,0.046,0.0,0,106.950790405273,0,1756764,false,280.296171188354,0.0,0.0,0.012,0.0,2
display_only_control,198,19.784,2.34699988365173,0.0,20.68,0.046,0.0,0,106.950790405273,0,1756764,false,280.296171188354,0.0,0.0,0.014,0.0,2
display_only_control,199,13.55,2.34599995613098,0.0,20.68,0.046,0.0,0,106.950790405273,0,1756764,false,280.296167373657,0.0,0.0,0.012,0.0,2
display_only_control,200,16.7,2.33999991416931,0.0,20.68,0.046,0.0,0,106.950790405273,0,1756764,false,280.29616355896,0.0,0.0,0.012,0.0,2
display_only_control,201,16.871,2.34999990463257,0.0,20.68,0.046,0.0,0,106.950790405273,0,1756764,false,280.296171188354,0.0,0.0,0.014,0.0,2
display_only_control,202,16.99,2.34699988365173,0.0,20.68,0.046,0.0,0,106.950790405273,0,1756764,false,280.296167373657,0.0,0.0,0.012,0.0,2
display_only_control,203,16.309,2.34899997711182,0.0,20.68,0.046,0.0,0,106.950790405273,0,1756764,false,280.302339553833,0.0,0.0,0.012,0.0,2
display_only_control,204,16.686,2.35199999809265,0.0,20.68,0.046,0.0,0,106.950790405273,0,1756764,false,280.302339553833,0.0,0.0,0.013,0.0,2
display_only_control,205,19.266,2.3510000705719,0.0,20.68,0.046,0.0,0,106.950790405273,0,1756764,false,280.302335739136,0.0,0.0,0.011,0.0,2
display_only_control,206,14.608,2.35199999809265,0.0,20.68,0.046,0.0,0,106.950790405273,0,1756764,false,280.302408218384,0.0,0.0,0.013,0.0,2
display_only_control,207,16.1,2.35999989509583,0.0,20.68,0.046,0.0,0,106.950790405273,0,1756764,false,280.302331924438,0.0,0.0,0.015,0.0,2
display_only_control,208,16.509,2.34599995613098,0.0,20.68,0.046,0.0,0,106.950790405273,0,1756764,false,280.302339553833,0.0,0.0,0.013,0.0,2
display_only_control,209,16.712,2.33400011062622,0.0,20.68,0.046,0.0,0,106.950790405273,0,1756764,false,280.302339553833,0.0,0.0,0.012,0.0,2
display_only_control,210,16.738,1.95200002193451,0.0,20.68,0.046,0.0,0,106.950790405273,0,1756764,false,280.308507919312,0.0,0.0,0.011,0.0,2
display_only_control,211,16.546,2.37199997901917,0.0,20.68,0.046,0.0,0,106.950790405273,0,1756764,false,280.313314437866,0.0,0.0,0.012,0.0,2
display_only_control,212,20.071,2.3529999256134,0.0,20.68,0.046,0.0,0,106.950790405273,0,1756764,false,280.313310623169,0.0,0.0,0.014,0.0,2
display_only_control,213,13.269,2.34200000762939,0.0,20.68,0.046,0.0,0,106.950790405273,0,1756764,false,280.313314437866,0.0,0.0,0.012,0.0,2
display_only_control,214,16.632,1.942999958992,0.0,20.68,0.046,0.0,0,106.950790405273,0,1756764,false,280.313306808472,0.0,0.0,0.012,0.0,2
display_only_control,215,16.664,2.3529999256134,0.0,20.68,0.046,0.0,0,106.950790405273,0,1756764,false,280.313310623169,0.0,0.0,0.012,0.0,2
display_only_control,216,16.724,2.36100006103516,0.0,20.68,0.046,0.0,0,106.950790405273,0,1756764,false,280.313314437866,0.0,0.0,0.015,0.0,2
display_only_control,217,16.792,2.33500003814697,0.0,20.68,0.046,0.0,0,106.950790405273,0,1756764,false,280.319482803345,0.0,0.0,0.011,0.0,2
display_only_control,218,16.511,2.3529999256134,0.0,20.68,0.046,0.0,0,106.950790405273,0,1756764,false,280.319478988647,0.0,0.0,0.012,0.0,2
display_only_control,219,19.416,2.34899997711182,0.0,20.68,0.046,0.0,0,106.950790405273,0,1756764,false,280.319482803345,0.0,0.0,0.011,0.0,2
display_only_control,220,13.93,2.34899997711182,0.0,20.68,0.046,0.0,0,106.950790405273,0,1756764,false,280.319478988647,0.0,0.0,0.012,0.0,2
display_only_control,221,16.942,2.36100006103516,0.0,20.68,0.046,0.0,0,106.950790405273,0,1756764,false,280.319482803345,0.0,0.0,0.012,0.0,2
display_only_control,222,16.783,1.99500000476837,0.0,20.68,0.046,0.0,0,106.950790405273,0,1756764,false,280.319551467896,0.0,0.0,0.01,0.0,2
display_only_control,223,16.089,2.33999991416931,0.0,20.68,0.046,0.0,0,106.950790405273,0,1756764,false,280.319482803345,0.0,0.0,0.007,0.0,2
display_only_control,224,16.747,2.34400010108948,0.0,20.68,0.046,0.0,0,106.950790405273,0,1756764,false,280.325651168823,0.0,0.0,0.007,0.0,2
display_only_control,225,16.683,1.93799996376038,0.0,20.68,0.046,0.0,0,106.950790405273,0,1756764,false,280.325651168823,0.0,0.0,0.01,0.0,2
display_only_control,226,19.236,2.35599994659424,0.0,20.68,0.046,0.0,0,106.950790405273,0,1756764,false,280.325651168823,0.0,0.0,0.013,0.0,2
display_only_control,227,14.123,2.34699988365173,0.0,20.68,0.046,0.0,0,106.950790405273,0,1756764,false,280.325651168823,0.0,0.0,0.012,0.0,2
display_only_control,228,16.867,2.34699988365173,0.0,20.68,0.046,0.0,0,106.950790405273,0,1756764,false,280.325651168823,0.0,0.0,0.014,0.0,2
display_only_control,229,16.486,2.34400010108948,0.0,20.68,0.046,0.0,0,106.950790405273,0,1756764,false,280.325651168823,0.0,0.0,0.013,0.0,2
display_only_control,230,16.683,2.34899997711182,0.0,20.68,0.046,0.0,0,106.950790405273,0,1756764,false,280.325651168823,0.0,0.0,0.012,0.0,2
display_only_control,231,17.273,1.94400000572205,0.0,20.68,0.046,0.0,0,106.950790405273,0,1756764,false,280.331819534302,0.0,0.0,0.014,0.0,2
display_only_control,232,16.055,2.32999992370605,0.0,20.68,0.046,0.0,0,106.950790405273,0,1756764,false,280.331819534302,0.0,0.0,0.012,0.0,2
display_only_control,233,18.916,1.94400000572205,0.0,20.68,0.046,0.0,0,106.950790405273,0,1756764,false,280.331819534302,0.0,0.0,0.012,0.0,2
display_only_control,234,14.428,1.93499994277954,0.0,20.68,0.046,0.0,0,106.950790405273,0,1756764,false,280.331819534302,0.0,0.0,0.013,0.0,2
display_only_control,235,16.69,2.34500002861023,0.0,20.68,0.046,0.0,0,106.950790405273,0,1756764,false,280.331815719604,0.0,0.0,0.014,0.0,2
display_only_control,236,16.597,2.33699989318848,0.0,20.68,0.046,0.0,0,106.950790405273,0,1756764,false,280.331819534302,0.0,0.0,0.011,0.0,2
display_only_control,237,16.803,2.34400010108948,0.0,20.68,0.046,0.0,0,106.950790405273,0,1756764,false,280.331819534302,0.0,0.0,0.013,0.0,2
display_only_control,238,17.587,2.33899998664856,0.0,20.68,0.046,0.0,0,106.950790405273,0,1756764,false,280.338056564331,0.0,0.0,0.012,0.0,2
display_only_control,239,15.648,2.3510000705719,0.0,20.68,0.046,0.0,0,106.950790405273,0,1756764,false,280.337984085083,0.0,0.0,0.013,0.0,2
display_only_control,240,19.277,1.93700003623962,0.0,20.68,0.046,0.0,0,106.950790405273,0,1756764,false,280.33798789978,0.0,0.0,0.012,0.0,2
display_only_control,241,14.053,2.34999990463257,0.0,20.68,0.046,0.0,0,106.950790405273,0,1756764,false,280.33798789978,0.0,0.0,0.013,0.0,2
display_only_control,242,16.639,2.34299993515015,0.0,20.68,0.046,0.0,0,106.950790405273,0,1756764,false,280.33798789978,0.0,0.0,0.013,0.0,2
display_only_control,243,17.388,2.33699989318848,0.0,20.68,0.046,0.0,0,106.950790405273,0,1756764,false,280.342150688171,0.0,0.0,0.011,0.0,2
display_only_control,244,20.173,2.33899998664856,0.0,20.68,0.046,0.0,0,106.950790405273,0,1756764,false,280.342519760132,0.0,0.0,0.013,0.0,2
display_only_control,245,12.601,2.33599996566772,0.0,20.68,0.046,0.0,0,106.950790405273,0,1756764,false,280.34861946106,0.0,0.0,0.011,0.0,2
display_only_control,246,16.511,2.34699988365173,0.0,20.68,0.046,0.0,0,106.950790405273,0,1756764,false,280.34861946106,0.0,0.0,0.012,0.0,2
display_only_control,247,19.034,2.32599997520447,0.0,20.68,0.046,0.0,0,106.950790405273,0,1756764,false,280.34861946106,0.0,0.0,0.011,0.0,2
display_only_control,248,14.303,2.34299993515015,0.0,20.68,0.046,0.0,0,106.950790405273,0,1756764,false,280.34861946106,0.0,0.0,0.012,0.0,2
display_only_control,249,16.781,2.34400010108948,0.0,20.68,0.046,0.0,0,106.950790405273,0,1756764,false,280.34861946106,0.0,0.0,0.012,0.0,2
display_only_control,250,16.552,2.34599995613098,0.0,20.68,0.046,0.0,0,106.950790405273,0,1756764,false,280.34861946106,0.0,0.0,0.011,0.0,2
display_only_control,251,16.617,2.34999990463257,0.0,20.68,0.046,0.0,0,106.950790405273,0,1756764,false,280.34861946106,0.0,0.0,0.011,0.0,2
display_only_control,252,16.647,2.35199999809265,0.0,20.68,0.046,0.0,0,106.950790405273,0,1756764,false,280.354787826538,0.0,0.0,0.006,0.0,2
display_only_control,253,16.774,1.93900001049042,0.0,20.68,0.046,0.0,0,106.950790405273,0,1756764,false,280.354787826538,0.0,0.0,0.013,0.0,2
display_only_control,254,19.769,1.93599998950958,0.0,20.68,0.046,0.0,0,106.950790405273,0,1756764,false,280.354856491089,0.0,0.0,0.012,0.0,2
display_only_control,255,13.558,2.34599995613098,0.0,20.68,0.046,0.0,0,106.950790405273,0,1756764,false,280.354787826538,0.0,0.0,0.014,0.0,2
display_only_control,256,16.66,2.34800004959106,0.0,20.68,0.046,0.0,0,106.950790405273,0,1756764,false,280.354784011841,0.0,0.0,0.013,0.0,2
display_only_control,257,16.661,2.33599996566772,0.0,20.68,0.046,0.0,0,106.950790405273,0,1756764,false,280.354787826538,0.0,0.0,0.013,0.0,2
display_only_control,258,16.675,2.34400010108948,0.0,20.68,0.046,0.0,0,106.950790405273,0,1756764,false,280.354787826538,0.0,0.0,0.012,0.0,2
display_only_control,259,16.81,2.34699988365173,0.0,20.68,0.046,0.0,0,106.950790405273,0,1756764,false,280.360952377319,0.0,0.0,0.012,0.0,2
display_only_control,260,16.487,2.34899997711182,0.0,20.68,0.046,0.0,0,106.950790405273,0,1756764,false,280.360956192017,0.0,0.0,0.012,0.0,2
display_only_control,261,19.08,2.34999990463257,0.0,20.68,0.046,0.0,0,106.950790405273,0,1756764,false,280.360952377319,0.0,0.0,0.011,0.0,2
display_only_control,262,14.577,2.34599995613098,0.0,20.68,0.046,0.0,0,106.950790405273,0,1756764,false,280.360956192017,0.0,0.0,0.011,0.0,2
display_only_control,263,16.338,2.34200000762939,0.0,20.68,0.046,0.0,0,106.950790405273,0,1756764,false,280.360956192017,0.0,0.0,0.011,0.0,2
display_only_control,264,16.836,2.34400010108948,0.0,20.68,0.046,0.0,0,106.950790405273,0,1756764,false,280.360956192017,0.0,0.0,0.013,0.0,2
display_only_control,265,16.51,2.34400010108948,0.0,20.68,0.046,0.0,0,106.950790405273,0,1756764,false,280.360952377319,0.0,0.0,0.013,0.0,2
display_only_control,266,16.927,2.33999991416931,0.0,20.68,0.046,0.0,0,106.950790405273,0,1756764,false,280.367124557495,0.0,0.0,0.011,0.0,2
display_only_control,267,16.538,2.34500002861023,0.0,20.68,0.046,0.0,0,106.950790405273,0,1756764,false,280.367124557495,0.0,0.0,0.011,0.0,2
display_only_control,268,19.531,2.34100008010864,0.0,20.68,0.046,0.0,0,106.950790405273,0,1756764,false,280.367124557495,0.0,0.0,0.012,0.0,2
display_only_control,269,13.674,2.34500002861023,0.0,20.68,0.046,0.0,0,106.950790405273,0,1756764,false,280.367124557495,0.0,0.0,0.012,0.0,2
display_only_control,270,17.459,2.34599995613098,0.0,20.68,0.046,0.0,0,106.950790405273,0,1756764,false,280.367193222046,0.0,0.0,0.014,0.0,2
display_only_control,271,15.994,2.34699988365173,0.0,20.68,0.046,0.0,0,106.950790405273,0,1756764,false,280.367383956909,0.0,0.0,0.013,0.0,2
display_only_control,272,16.523,2.34100008010864,0.0,20.68,0.046,0.0,0,106.950790405273,0,1756764,false,280.376001358032,0.0,0.0,0.012,0.0,2
display_only_control,273,17.064,2.65599989891052,0.0,20.68,0.046,0.0,0,106.950790405273,0,1756764,false,280.382169723511,0.0,0.0,0.013,0.0,2
display_only_control,274,16.302,2.34299993515015,0.0,20.68,0.046,0.0,0,106.950790405273,0,1756764,false,280.382169723511,0.0,0.0,0.012,0.0,2
display_only_control,275,18.824,2.34299993515015,0.0,20.68,0.046,0.0,0,106.950790405273,0,1756764,false,280.382169723511,0.0,0.0,0.012,0.0,2
display_only_control,276,14.464,2.34800004959106,0.0,20.68,0.046,0.0,0,106.950790405273,0,1756764,false,280.382169723511,0.0,0.0,0.012,0.0,2
display_only_control,277,16.676,2.34500002861023,0.0,20.68,0.046,0.0,0,106.950790405273,0,1756764,false,280.382169723511,0.0,0.0,0.012,0.0,2
display_only_control,278,16.668,2.34500002861023,0.0,20.68,0.046,0.0,0,106.950790405273,0,1756764,false,280.382169723511,0.0,0.0,0.012,0.0,2
display_only_control,279,16.649,2.34699988365173,0.0,20.68,0.046,0.0,0,106.950790405273,0,1756764,false,280.382169723511,0.0,0.0,0.011,0.0,2
display_only_control,280,16.857,2.34500002861023,0.0,20.68,0.046,0.0,0,106.950790405273,0,1756764,false,280.388338088989,0.0,0.0,0.012,0.0,2
display_only_control,281,16.401,2.34699988365173,0.0,20.68,0.046,0.0,0,106.950790405273,0,1756764,false,280.388338088989,0.0,0.0,0.009,0.0,2
display_only_control,282,18.725,2.34500002861023,0.0,20.68,0.046,0.0,0,106.950790405273,0,1756764,false,280.388338088989,0.0,0.0,0.009,0.0,2
display_only_control,283,14.685,2.34299993515015,0.0,20.68,0.046,0.0,0,106.950790405273,0,1756764,false,280.388338088989,0.0,0.0,0.012,0.0,2
display_only_control,284,16.694,2.34899997711182,0.0,20.68,0.046,0.0,0,106.950790405273,0,1756764,false,280.388338088989,0.0,0.0,0.012,0.0,2
display_only_control,285,16.686,2.34999990463257,0.0,20.68,0.046,0.0,0,106.950790405273,0,1756764,false,280.388338088989,0.0,0.0,0.013,0.0,2
display_only_control,286,17.208,2.34599995613098,0.0,20.68,0.046,0.0,0,106.950790405273,0,1756764,false,280.38840675354,0.0,0.0,0.012,0.0,2
display_only_control,287,16.254,2.33699989318848,0.0,20.68,0.046,0.0,0,106.950790405273,0,1756764,false,280.394506454468,0.0,0.0,0.012,0.0,2
display_only_control,288,16.63,2.35800004005432,0.0,20.68,0.046,0.0,0,106.950790405273,0,1756764,false,280.394502639771,0.0,0.0,0.013,0.0,2
display_only_control,289,18.451,2.33800005912781,0.0,20.68,0.046,0.0,0,106.950790405273,0,1756764,false,280.394506454468,0.0,0.0,0.008,0.0,2
display_only_control,290,14.631,2.33899998664856,0.0,20.68,0.046,0.0,0,106.950790405273,0,1756764,false,280.394506454468,0.0,0.0,0.009,0.0,2
display_only_control,291,16.845,2.34599995613098,0.0,20.68,0.046,0.0,0,106.950790405273,0,1756764,false,280.394506454468,0.0,0.0,0.012,0.0,2
display_only_control,292,16.614,2.33699989318848,0.0,20.68,0.046,0.0,0,106.950790405273,0,1756764,false,280.394506454468,0.0,0.0,0.012,0.0,2
display_only_control,293,16.663,2.35199999809265,0.0,20.68,0.046,0.0,0,106.950790405273,0,1756764,false,280.394506454468,0.0,0.0,0.011,0.0,2
display_only_control,294,16.97,2.34299993515015,0.0,20.68,0.046,0.0,0,106.950790405273,0,1756764,false,280.400671005249,0.0,0.0,0.012,0.0,2
display_only_control,295,16.369,2.34200000762939,0.0,20.68,0.046,0.0,0,106.950790405273,0,1756764,false,280.400674819946,0.0,0.0,0.012,0.0,2
display_only_control,296,19.221,2.34200000762939,0.0,20.68,0.046,0.0,0,106.950790405273,0,1756764,false,280.400674819946,0.0,0.0,0.012,0.0,2
display_only_control,297,14.048,2.34800004959106,0.0,20.68,0.046,0.0,0,106.950790405273,0,1756764,false,280.400674819946,0.0,0.0,0.01,0.0,2
display_only_control,298,16.714,2.33899998664856,0.0,20.68,0.046,0.0,0,106.950790405273,0,1756764,false,280.400674819946,0.0,0.0,0.012,0.0,2
display_only_control,299,16.808,1.94200003147125,0.0,20.68,0.046,0.0,0,106.950790405273,0,1756764,false,280.400674819946,0.0,0.0,0.012,0.0,2
display_only_control,300,16.463,2.34599995613098,0.0,20.68,0.046,0.0,0,106.950790405273,0,1756764,false,280.400674819946,0.0,0.0,0.009,0.0,2
display_only_control,301,17.168,2.35400009155273,0.0,20.68,0.046,0.0,0,106.950790405273,0,1756764,false,280.406843185425,0.0,0.0,0.012,0.0,2
moving_surface,1,17.227,5.08400011062622,0.0,20.68,0.046,0.0,0,106.950790405273,0,1750430,false,280.979595184326,0.0,0.0,0.012,0.0,2
moving_surface,2,14.758,5.09299993515015,0.0,20.68,0.046,0.0,0,106.950790405273,0,1750430,false,280.988189697266,0.0,0.0,0.012,0.0,2
moving_surface,3,16.148,5.07600021362305,0.0,20.68,0.046,0.0,0,106.950790405273,0,1750430,false,280.988235473633,0.0,0.0,0.012,0.0,2
moving_surface,4,16.678,5.43900012969971,0.0,20.68,0.046,0.0,0,106.950790405273,0,1750430,false,280.988327026367,0.0,0.0,0.012,0.0,2
moving_surface,5,16.932,5.06699991226196,0.0,20.68,0.046,0.0,0,106.950790405273,0,1750430,false,280.988327026367,0.0,0.0,0.013,0.0,2
moving_surface,6,16.638,5.07600021362305,0.0,20.68,0.046,0.0,0,106.950790405273,0,1750430,false,280.994632720947,0.0,0.0,0.013,0.0,2
moving_surface,7,16.455,5.07200002670288,0.0,20.68,0.046,0.0,0,106.950790405273,0,1750430,false,280.994632720947,0.0,0.0,0.012,0.0,2
moving_surface,8,19.422,5.07800006866455,0.0,20.68,0.046,0.0,0,106.950790405273,0,1750430,false,280.994632720947,0.0,0.0,0.013,0.0,2
moving_surface,9,13.906,5.07000017166138,0.0,20.68,0.046,0.0,0,106.950790405273,0,1750430,false,280.994815826416,0.0,0.0,0.012,0.0,2
moving_surface,10,16.658,5.0939998626709,0.0,20.68,0.046,0.0,0,106.950790405273,0,1750430,false,280.994815826416,0.0,0.0,0.013,0.0,2
moving_surface,11,16.599,5.08199977874756,0.0,20.68,0.046,0.0,0,106.950790405273,0,1750430,false,280.994819641113,0.0,0.0,0.011,0.0,2
moving_surface,12,17.245,5.85500001907349,0.0,20.68,0.046,0.0,0,106.950790405273,0,1750430,false,280.994888305664,0.0,0.0,0.014,0.0,2
moving_surface,13,16.383,5.07000017166138,0.0,20.68,0.046,0.0,0,106.950790405273,0,1750430,false,281.001262664795,0.0,0.0,0.012,0.0,2
moving_surface,14,16.462,5.09899997711182,0.0,20.68,0.046,0.0,0,106.950790405273,0,1750430,false,281.001262664795,0.0,0.0,0.013,0.0,2
moving_surface,15,19.093,5.08599996566772,0.0,20.68,0.046,0.0,0,106.950790405273,0,1750430,false,281.001262664795,0.0,0.0,0.012,0.0,2
moving_surface,16,14.221,5.08900022506714,0.0,20.68,0.046,0.0,0,106.950790405273,0,1750430,false,281.001262664795,0.0,0.0,0.013,0.0,2
moving_surface,17,16.938,5.07299995422363,0.0,20.68,0.046,0.0,0,106.950790405273,0,1750430,false,281.001262664795,0.0,0.0,0.013,0.0,2
moving_surface,18,16.393,5.07399988174438,0.0,20.68,0.046,0.0,0,106.950790405273,0,1750430,false,281.001262664795,0.0,0.0,0.014,0.0,2
moving_surface,19,16.633,5.09700012207031,0.0,20.68,0.046,0.0,0,106.950790405273,0,1750430,false,281.0016746521,0.0,0.0,0.012,0.0,2
moving_surface,20,16.98,5.08400011062622,0.0,20.68,0.046,0.0,0,106.950790405273,0,1750430,false,281.007839202881,0.0,0.0,0.014,0.0,2
moving_surface,21,16.426,5.09000015258789,0.0,20.68,0.046,0.0,0,106.950790405273,0,1750430,false,281.007843017578,0.0,0.0,0.013,0.0,2
moving_surface,22,19.148,5.08300018310547,0.0,20.68,0.046,0.0,0,106.950790405273,0,1750430,false,281.007843017578,0.0,0.0,0.012,0.0,2
moving_surface,23,14.144,5.07600021362305,0.0,20.68,0.046,0.0,0,106.950790405273,0,1750430,false,281.007843017578,0.0,0.0,0.013,0.0,2
moving_surface,24,16.619,5.08500003814697,0.0,20.68,0.046,0.0,0,106.950790405273,0,1750430,false,281.007843017578,0.0,0.0,0.011,0.0,2
moving_surface,25,16.691,5.09100008010864,0.0,20.68,0.046,0.0,0,106.950790405273,0,1750430,false,281.007843017578,0.0,0.0,0.012,0.0,2
moving_surface,26,16.77,5.08799982070923,0.0,20.68,0.046,0.0,0,106.950790405273,0,1750430,false,281.007839202881,0.0,0.0,0.015,0.0,2
moving_surface,27,16.753,5.9229998588562,0.0,20.68,0.046,0.0,0,106.950790405273,0,1750430,false,281.014007568359,0.0,0.0,0.012,0.0,2
moving_surface,28,17.104,5.08699989318848,0.0,20.68,0.046,0.0,0,106.950790405273,0,1750430,false,281.014720916748,0.0,0.0,0.014,0.0,2
moving_surface,29,18.633,5.09000015258789,0.0,20.68,0.046,0.0,0,106.950790405273,0,1750430,false,281.014652252197,0.0,0.0,0.014,0.0,2
moving_surface,30,14.138,5.08400011062622,0.0,20.68,0.046,0.0,0,106.950790405273,0,1750430,false,281.014652252197,0.0,0.0,0.013,0.0,2
moving_surface,31,16.601,5.48199987411499,0.0,20.68,0.046,0.0,0,106.950790405273,0,1750430,false,281.014652252197,0.0,0.0,0.012,0.0,2
moving_surface,32,16.616,6.25400018692017,0.0,20.68,0.046,0.0,0,106.950790405273,0,1750430,false,281.014652252197,0.0,0.0,0.011,0.0,2
moving_surface,33,16.623,5.40999984741211,0.0,20.68,0.046,0.0,0,106.950790405273,0,1750430,false,281.014652252197,0.0,0.0,0.009,0.0,2
moving_surface,34,16.975,5.40700006484985,0.0,20.68,0.046,0.0,0,106.950790405273,0,1750430,false,281.020820617676,0.0,0.0,0.014,0.0,2
moving_surface,35,16.429,6.17799997329712,0.0,20.68,0.046,0.0,0,106.950790405273,0,1750430,false,281.020820617676,0.0,0.0,0.011,0.0,2
moving_surface,36,20.448,5.43400001525879,0.0,20.68,0.046,0.0,0,106.950790405273,0,1750430,false,281.020820617676,0.0,0.0,0.011,0.0,2
moving_surface,37,12.808,6.18400001525879,0.0,20.68,0.046,0.0,0,106.950790405273,0,1750430,false,281.020820617676,0.0,0.0,0.007,0.0,2
moving_surface,38,16.667,5.41099977493286,0.0,20.68,0.046,0.0,0,106.950790405273,0,1750430,false,281.020820617676,0.0,0.0,0.007,0.0,2
moving_surface,39,16.593,6.20900011062622,0.0,20.68,0.046,0.0,0,106.950790405273,0,1750430,false,281.020820617676,0.0,0.0,0.007,0.0,2
moving_surface,40,16.668,5.41599988937378,0.0,20.68,0.046,0.0,0,106.950790405273,0,1750430,false,281.020820617676,0.0,0.0,0.007,0.0,2
moving_surface,41,16.748,5.41499996185303,0.0,20.68,0.046,0.0,0,106.950790405273,0,1750430,false,281.026988983154,0.0,0.0,0.006,0.0,2
moving_surface,42,16.649,5.41800022125244,0.0,20.68,0.046,0.0,0,106.950790405273,0,1750430,false,281.027950286865,0.0,0.0,0.009,0.0,2
moving_surface,43,18.464,5.40399980545044,0.0,20.68,0.046,0.0,0,106.950790405273,0,1750430,false,281.027950286865,0.0,0.0,0.007,0.0,2
moving_surface,44,15.31,6.26599979400635,0.0,20.68,0.046,0.0,0,106.950790405273,0,1750430,false,281.028015136719,0.0,0.0,0.008,0.0,2
moving_surface,45,16.306,5.42899990081787,0.0,20.68,0.046,0.0,0,106.950790405273,0,1750430,false,281.027950286865,0.0,0.0,0.011,0.0,2
moving_surface,46,16.73,5.42600011825562,0.0,20.68,0.046,0.0,0,106.950790405273,0,1750430,false,281.027946472168,0.0,0.0,0.012,0.0,2
moving_surface,47,16.469,5.41300010681152,0.0,20.68,0.046,0.0,0,106.950790405273,0,1750430,false,281.027462005615,0.0,0.0,0.007,0.0,2
moving_surface,48,17.129,6.25799989700317,0.0,20.68,0.046,0.0,0,106.950790405273,0,1750430,false,281.033630371094,0.0,0.0,0.006,0.0,2
moving_surface,49,16.309,5.41800022125244,0.0,20.68,0.046,0.0,0,106.950790405273,0,1750430,false,281.033630371094,0.0,0.0,0.01,0.0,2
moving_surface,50,18.883,5.43300008773804,0.0,20.68,0.046,0.0,0,106.950790405273,0,1750430,false,281.033630371094,0.0,0.0,0.007,0.0,2
moving_surface,51,14.331,5.4229998588562,0.0,20.68,0.046,0.0,0,106.950790405273,0,1750430,false,281.033626556396,0.0,0.0,0.007,0.0,2
moving_surface,52,16.679,5.43800020217896,0.0,20.68,0.046,0.0,0,106.950790405273,0,1750430,false,281.033630371094,0.0,0.0,0.007,0.0,2
moving_surface,53,16.638,5.44099998474121,0.0,20.68,0.046,0.0,0,106.950790405273,0,1750430,false,281.033630371094,0.0,0.0,0.006,0.0,2
moving_surface,54,16.702,5.44700002670288,0.0,20.68,0.046,0.0,0,106.950790405273,0,1750430,false,281.033630371094,0.0,0.0,0.007,0.0,2
moving_surface,55,16.726,5.44099998474121,0.0,20.68,0.046,0.0,0,106.950790405273,0,1750430,false,281.039798736572,0.0,0.0,0.006,0.0,2
moving_surface,56,16.576,5.41900014877319,0.0,20.68,0.046,0.0,0,106.950790405273,0,1750430,false,281.039798736572,0.0,0.0,0.007,0.0,2
moving_surface,57,18.095,5.42999982833862,0.0,20.68,0.046,0.0,0,106.950790405273,0,1750430,false,281.039798736572,0.0,0.0,0.007,0.0,2
moving_surface,58,15.377,5.43499994277954,0.0,20.68,0.046,0.0,0,106.950790405273,0,1750430,false,281.039798736572,0.0,0.0,0.01,0.0,2
moving_surface,59,16.985,5.43599987030029,0.0,20.68,0.046,0.0,0,106.950790405273,0,1750430,false,281.039798736572,0.0,0.0,0.014,0.0,2
moving_surface,60,16.442,5.44199991226196,0.0,20.68,0.046,0.0,0,106.950790405273,0,1750430,false,281.039867401123,0.0,0.0,0.007,0.0,2
moving_surface,61,17.408,5.42799997329712,0.0,20.68,0.046,0.0,0,106.950790405273,0,1750430,false,281.039798736572,0.0,0.0,0.007,0.0,2
moving_surface,62,15.824,5.43200016021729,0.0,20.68,0.046,0.0,0,106.950790405273,0,1750430,false,281.045967102051,0.0,0.0,0.011,0.0,2
moving_surface,63,16.535,5.42799997329712,0.0,20.68,0.046,0.0,0,106.950790405273,0,1750430,false,281.047386169434,0.0,0.0,0.006,0.0,2
moving_surface,64,17.981,5.44600009918213,0.0,20.68,0.046,0.0,0,106.950790405273,0,1750430,false,281.046775817871,0.0,0.0,0.007,0.0,2
moving_surface,65,15.56,5.4229998588562,0.0,20.68,0.046,0.0,0,106.950790405273,0,1750430,false,281.046768188477,0.0,0.0,0.011,0.0,2
moving_surface,66,16.449,6.26599979400635,0.0,20.68,0.046,0.0,0,106.950790405273,0,1750430,false,281.046775817871,0.0,0.0,0.006,0.0,2
moving_surface,67,16.916,5.43200016021729,0.0,20.68,0.046,0.0,0,106.950790405273,0,1750430,false,281.046775817871,0.0,0.0,0.012,0.0,2
moving_surface,68,16.521,5.52500009536743,0.0,20.68,0.046,0.0,0,106.950790405273,0,1750430,false,281.046775817871,0.0,0.0,0.01,0.0,2
moving_surface,69,16.939,5.53399991989136,0.0,20.68,0.046,0.0,0,106.950790405273,0,1750430,false,281.05294418335,0.0,0.0,0.012,0.0,2
moving_surface,70,16.44,5.52500009536743,0.0,20.68,0.046,0.0,0,106.950790405273,0,1750430,false,281.052940368652,0.0,0.0,0.011,0.0,2
moving_surface,71,19.292,5.53200006484985,0.0,20.68,0.046,0.0,0,106.950790405273,0,1750430,false,281.05294418335,0.0,0.0,0.013,0.0,2
moving_surface,72,14.03,5.53299999237061,0.0,20.68,0.046,0.0,0,106.950790405273,0,1750430,false,281.052940368652,0.0,0.0,0.011,0.0,2
moving_surface,73,16.7,5.51399993896484,0.0,20.68,0.046,0.0,0,106.950790405273,0,1750430,false,281.052936553955,0.0,0.0,0.011,0.0,2
moving_surface,74,16.861,5.52600002288818,0.0,20.68,0.046,0.0,0,106.950790405273,0,1750430,false,281.05294418335,0.0,0.0,0.011,0.0,2
moving_surface,75,16.461,5.5310001373291,0.0,20.68,0.046,0.0,0,106.950790405273,0,1750430,false,281.052940368652,0.0,0.0,0.012,0.0,2
moving_surface,76,18.119,5.52299976348877,0.0,20.68,0.046,0.0,0,106.950790405273,0,1750430,false,281.059181213379,0.0,0.0,0.014,0.0,2
moving_surface,77,15.193,5.53700017929077,0.0,20.68,0.046,0.0,0,106.950790405273,0,1750430,false,281.059112548828,0.0,0.0,0.011,0.0,2
moving_surface,78,19.071,6.39599990844727,0.0,20.68,0.046,0.0,0,106.950790405273,0,1750430,false,281.059112548828,0.0,0.0,0.011,0.0,2
moving_surface,79,14.28,5.54300022125244,0.0,20.68,0.046,0.0,0,106.950790405273,0,1750430,false,281.059108734131,0.0,0.0,0.013,0.0,2
moving_surface,80,16.727,5.54300022125244,0.0,20.68,0.046,0.0,0,106.950790405273,0,1750430,false,281.059112548828,0.0,0.0,0.013,0.0,2
moving_surface,81,16.685,5.53900003433228,0.0,20.68,0.046,0.0,0,106.950790405273,0,1750430,false,281.059112548828,0.0,0.0,0.014,0.0,2
moving_surface,82,16.604,5.53299999237061,0.0,20.68,0.046,0.0,0,106.950790405273,0,1750430,false,281.059112548828,0.0,0.0,0.011,0.0,2
moving_surface,83,16.774,5.55200004577637,0.0,20.68,0.046,0.0,0,106.950790405273,0,1750430,false,281.065280914307,0.0,0.0,0.011,0.0,2
moving_surface,84,16.506,5.55000019073486,0.0,20.68,0.046,0.0,0,106.950790405273,0,1750430,false,281.065280914307,0.0,0.0,0.01,0.0,2
moving_surface,85,19.534,5.53800010681152,0.0,20.68,0.046,0.0,0,106.950790405273,0,1750430,false,281.065280914307,0.0,0.0,0.012,0.0,2
moving_surface,86,14.031,5.61399984359741,0.0,20.68,0.046,0.0,0,106.950790405273,0,1750430,false,281.065280914307,0.0,0.0,0.013,0.0,2
moving_surface,87,16.537,5.55999994277954,0.0,20.68,0.046,0.0,0,106.950790405273,0,1750430,false,281.065280914307,0.0,0.0,0.013,0.0,2
moving_surface,88,16.627,5.54899978637695,0.0,20.68,0.046,0.0,0,106.950790405273,0,1750430,false,281.065280914307,0.0,0.0,0.012,0.0,2
moving_surface,89,16.622,5.55000019073486,0.0,20.68,0.046,0.0,0,106.950790405273,0,1750430,false,281.065280914307,0.0,0.0,0.011,0.0,2
moving_surface,90,16.861,5.53700017929077,0.0,20.68,0.046,0.0,0,106.950790405273,0,1750430,false,281.071449279785,0.0,0.0,0.013,0.0,2
moving_surface,91,16.51,6.31500005722046,0.0,20.68,0.046,0.0,0,106.950790405273,0,1750430,false,281.071445465088,0.0,0.0,0.014,0.0,2
moving_surface,92,19.991,5.53999996185303,0.0,20.68,0.046,0.0,0,106.950790405273,0,1750430,false,281.064876556396,0.0,0.0,0.012,0.0,2
moving_surface,93,13.336,5.55299997329712,0.0,20.68,0.046,0.0,0,106.950790405273,0,1750430,false,281.064807891846,0.0,0.0,0.013,0.0,2
moving_surface,94,16.646,5.5310001373291,0.0,20.68,0.046,0.0,0,106.950790405273,0,1750430,false,281.066955566406,0.0,0.0,0.013,0.0,2
moving_surface,95,16.663,5.58099985122681,0.0,20.68,0.046,0.0,0,106.950790405273,0,1750430,false,281.066959381104,0.0,0.0,0.012,0.0,2
moving_surface,96,16.658,5.56199979782104,0.0,20.68,0.046,0.0,0,106.950790405273,0,1750430,false,281.066959381104,0.0,0.0,0.011,0.0,2
moving_surface,97,16.837,5.54699993133545,0.0,20.68,0.046,0.0,0,106.950790405273,0,1750430,false,281.073127746582,0.0,0.0,0.01,0.0,2
moving_surface,98,16.558,5.92500019073486,0.0,20.68,0.046,0.0,0,106.950790405273,0,1750430,false,281.073280334473,0.0,0.0,0.01,0.0,2
moving_surface,99,19.369,5.54400014877319,0.0,20.68,0.046,0.0,0,106.950790405273,0,1750430,false,281.070873260498,0.0,0.0,0.013,0.0,2
moving_surface,100,13.945,5.55900001525879,0.0,20.68,0.046,0.0,0,106.950790405273,0,1750430,false,281.070877075195,0.0,0.0,0.013,0.0,2
moving_surface,101,16.64,5.56599998474121,0.0,20.68,0.046,0.0,0,106.950790405273,0,1750430,false,281.070873260498,0.0,0.0,0.012,0.0,2
moving_surface,102,16.673,6.41499996185303,0.0,20.68,0.046,0.0,0,106.950790405273,0,1750430,false,281.070877075195,0.0,0.0,0.013,0.0,2
moving_surface,103,16.675,5.56699991226196,0.0,20.68,0.046,0.0,0,106.950790405273,0,1750430,false,281.070877075195,0.0,0.0,0.012,0.0,2
moving_surface,104,16.822,5.55900001525879,0.0,20.68,0.046,0.0,0,106.950790405273,0,1750430,false,281.077045440674,0.0,0.0,0.012,0.0,2
moving_surface,105,16.535,5.56500005722046,0.0,20.68,0.046,0.0,0,106.950790405273,0,1750430,false,281.077045440674,0.0,0.0,0.013,0.0,2
moving_surface,106,19.277,5.5770001411438,0.0,20.68,0.046,0.0,0,106.950790405273,0,1750430,false,281.077041625977,0.0,0.0,0.012,0.0,2
moving_surface,107,14.051,5.57800006866455,0.0,20.68,0.046,0.0,0,106.950790405273,0,1750430,false,281.077045440674,0.0,0.0,0.014,0.0,2
moving_surface,108,17.449,5.96500015258789,0.0,20.68,0.046,0.0,0,106.950790405273,0,1750430,false,281.077114105225,0.0,0.0,0.011,0.0,2
moving_surface,109,15.848,5.57800006866455,0.0,20.68,0.046,0.0,0,106.950790405273,0,1750430,false,281.076557159424,0.0,0.0,0.012,0.0,2
moving_surface,110,16.483,5.58300018310547,0.0,20.68,0.046,0.0,0,106.950790405273,0,1750430,false,281.076557159424,0.0,0.0,0.007,0.0,2
moving_surface,111,17.049,5.58400011062622,0.0,20.68,0.046,0.0,0,106.950790405273,0,1750430,false,281.082725524902,0.0,0.0,0.012,0.0,2
moving_surface,112,16.468,5.56899976730347,0.0,20.68,0.046,0.0,0,106.950790405273,0,1750430,false,281.082725524902,0.0,0.0,0.012,0.0,2
moving_surface,113,19.22,5.56899976730347,0.0,20.68,0.046,0.0,0,106.950790405273,0,1750430,false,281.082721710205,0.0,0.0,0.012,0.0,2
moving_surface,114,14.099,5.56300020217896,0.0,20.68,0.046,0.0,0,106.950790405273,0,1750430,false,281.082725524902,0.0,0.0,0.012,0.0,2
moving_surface,115,16.57,5.56500005722046,0.0,20.68,0.046,0.0,0,106.950790405273,0,1750430,false,281.082721710205,0.0,0.0,0.009,0.0,2
moving_surface,116,16.807,5.55000019073486,0.0,20.68,0.046,0.0,0,106.950790405273,0,1750430,false,281.082725524902,0.0,0.0,0.013,0.0,2
moving_surface,117,16.655,6.38899993896484,0.0,20.68,0.046,0.0,0,106.950790405273,0,1750430,false,281.082725524902,0.0,0.0,0.013,0.0,2
moving_surface,118,16.878,5.5310001373291,0.0,20.68,0.046,0.0,0,106.950790405273,0,1750430,false,281.088890075684,0.0,0.0,0.013,0.0,2
moving_surface,119,16.403,5.56099987030029,0.0,20.68,0.046,0.0,0,106.950790405273,0,1750430,false,281.088893890381,0.0,0.0,0.011,0.0,2
moving_surface,120,19.149,5.55700016021729,0.0,20.68,0.046,0.0,0,106.950790405273,0,1750430,false,281.088893890381,0.0,0.0,0.012,0.0,2
moving_surface,121,14.263,5.55399990081787,0.0,20.68,0.046,0.0,0,106.950790405273,0,1750430,false,281.088893890381,0.0,0.0,0.013,0.0,2
moving_surface,122,16.803,5.5460000038147,0.0,20.68,0.046,0.0,0,106.950790405273,0,1750430,false,281.088890075684,0.0,0.0,0.018,0.0,2
moving_surface,123,16.554,5.54899978637695,0.0,20.68,0.046,0.0,0,106.950790405273,0,1750430,false,281.088893890381,0.0,0.0,0.014,0.0,2
moving_surface,124,17.423,6.05399990081787,0.0,20.68,0.046,0.0,0,106.950790405273,0,1750430,false,281.088962554932,0.0,0.0,0.018,0.0,2
moving_surface,125,16.001,6.39099979400635,0.0,20.68,0.046,0.0,0,106.950790405273,0,1750430,false,281.095062255859,0.0,0.0,0.012,0.0,2
moving_surface,126,16.528,5.56300020217896,0.0,20.68,0.046,0.0,0,106.950790405273,0,1750430,false,281.095062255859,0.0,0.0,0.013,0.0,2
moving_surface,127,19.729,5.57999992370605,0.0,20.68,0.046,0.0,0,106.950790405273,0,1750430,false,281.095062255859,0.0,0.0,0.012,0.0,2
moving_surface,128,13.562,5.57299995422363,0.0,20.68,0.046,0.0,0,106.950790405273,0,1750430,false,281.095062255859,0.0,0.0,0.012,0.0,2
moving_surface,129,16.796,5.58400011062622,0.0,20.68,0.046,0.0,0,106.950790405273,0,1750430,false,281.095062255859,0.0,0.0,0.012,0.0,2
moving_surface,130,16.546,5.57200002670288,0.0,20.68,0.046,0.0,0,106.950790405273,0,1750430,false,281.095062255859,0.0,0.0,0.013,0.0,2
moving_surface,131,16.643,5.59100008010864,0.0,20.68,0.046,0.0,0,106.950790405273,0,1750430,false,281.095062255859,0.0,0.0,0.015,0.0,2
moving_surface,132,16.903,5.57399988174438,0.0,20.68,0.046,0.0,0,106.950790405273,0,1750430,false,281.101230621338,0.0,0.0,0.012,0.0,2
moving_surface,133,16.446,5.59299993515015,0.0,20.68,0.046,0.0,0,106.950790405273,0,1750430,false,281.101230621338,0.0,0.0,0.012,0.0,2
moving_surface,134,18.863,5.56099987030029,0.0,20.68,0.046,0.0,0,106.950790405273,0,1750430,false,281.101230621338,0.0,0.0,0.012,0.0,2
moving_surface,135,14.444,5.56599998474121,0.0,20.68,0.046,0.0,0,106.950790405273,0,1750430,false,281.101230621338,0.0,0.0,0.012,0.0,2
moving_surface,136,16.695,5.56400012969971,0.0,20.68,0.046,0.0,0,106.950790405273,0,1750430,false,281.101230621338,0.0,0.0,0.012,0.0,2
moving_surface,137,16.691,5.56400012969971,0.0,20.68,0.046,0.0,0,106.950790405273,0,1750430,false,281.101230621338,0.0,0.0,0.011,0.0,2
moving_surface,138,16.539,5.56400012969971,0.0,20.68,0.046,0.0,0,106.950790405273,0,1750430,false,281.101169586182,0.0,0.0,0.009,0.0,2
moving_surface,139,17.146,5.57299995422363,0.0,20.68,0.046,0.0,0,106.950790405273,0,1750430,false,281.10733795166,0.0,0.0,0.013,0.0,2
moving_surface,140,16.551,6.42000007629395,0.0,20.68,0.046,0.0,0,106.950790405273,0,1750430,false,281.107406616211,0.0,0.0,0.009,0.0,2
moving_surface,141,18.557,5.56300020217896,0.0,20.68,0.046,0.0,0,106.950790405273,0,1750430,false,281.110542297363,0.0,0.0,0.011,0.0,2
moving_surface,142,14.49,5.55399990081787,0.0,20.68,0.046,0.0,0,106.950790405273,0,1750430,false,281.110538482666,0.0,0.0,0.012,0.0,2
moving_surface,143,16.663,5.57299995422363,0.0,20.68,0.046,0.0,0,106.950790405273,0,1750430,false,281.110542297363,0.0,0.0,0.011,0.0,2
moving_surface,144,16.67,5.55299997329712,0.0,20.68,0.046,0.0,0,106.950790405273,0,1750430,false,281.110538482666,0.0,0.0,0.011,0.0,2
moving_surface,145,16.619,5.57600021362305,0.0,20.68,0.046,0.0,0,106.950790405273,0,1750430,false,281.110542297363,0.0,0.0,0.01,0.0,2
moving_surface,146,16.892,5.58799982070923,0.0,20.68,0.046,0.0,0,106.950790405273,0,1750430,false,281.116710662842,0.0,0.0,0.012,0.0,2
moving_surface,147,16.465,5.56699991226196,0.0,20.68,0.046,0.0,0,106.950790405273,0,1750430,false,281.116710662842,0.0,0.0,0.011,0.0,2
moving_surface,148,18.844,5.99700021743774,0.0,20.68,0.046,0.0,0,106.950790405273,0,1750430,false,281.116710662842,0.0,0.0,0.01,0.0,2
moving_surface,149,14.493,5.54899978637695,0.0,20.68,0.046,0.0,0,106.950790405273,0,1750430,false,281.116710662842,0.0,0.0,0.011,0.0,2
moving_surface,150,16.674,5.54400014877319,0.0,20.68,0.046,0.0,0,106.950790405273,0,1750430,false,281.116710662842,0.0,0.0,0.012,0.0,2
moving_surface,151,16.623,5.57499980926514,0.0,20.68,0.046,0.0,0,106.950790405273,0,1750430,false,281.116710662842,0.0,0.0,0.011,0.0,2
moving_surface,152,16.711,5.55800008773804,0.0,20.68,0.046,0.0,0,106.950790405273,0,1750430,false,281.116710662842,0.0,0.0,0.011,0.0,2
moving_surface,153,16.905,5.55100011825562,0.0,20.68,0.046,0.0,0,106.950790405273,0,1750430,false,281.12287902832,0.0,0.0,0.012,0.0,2
moving_surface,154,16.454,5.55800008773804,0.0,20.68,0.046,0.0,0,106.950790405273,0,1750430,false,281.12287902832,0.0,0.0,0.013,0.0,2
moving_surface,155,19.236,5.55499982833862,0.0,20.68,0.046,0.0,0,106.950790405273,0,1750430,false,281.122512817383,0.0,0.0,0.013,0.0,2
moving_surface,156,15.162,5.54300022125244,0.0,20.68,0.046,0.0,0,106.950790405273,0,1750430,false,281.122581481934,0.0,0.0,0.013,0.0,2
moving_surface,157,15.721,5.54699993133545,0.0,20.68,0.046,0.0,0,106.950790405273,0,1750430,false,281.122512817383,0.0,0.0,0.016,0.0,2
moving_surface,158,16.529,5.58099985122681,0.0,20.68,0.046,0.0,0,106.950790405273,0,1750430,false,281.122512817383,0.0,0.0,0.012,0.0,2
moving_surface,159,16.665,5.55499982833862,0.0,20.68,0.046,0.0,0,106.950790405273,0,1750430,false,281.122512817383,0.0,0.0,0.011,0.0,2
moving_surface,160,16.656,5.55600023269653,0.0,20.68,0.046,0.0,0,106.950790405273,0,1750430,false,281.128681182861,0.0,0.0,0.007,0.0,2
moving_surface,161,16.592,5.56599998474121,0.0,20.68,0.046,0.0,0,106.950790405273,0,1750430,false,281.128681182861,0.0,0.0,0.008,0.0,2
moving_surface,162,18.806,5.54699993133545,0.0,20.68,0.046,0.0,0,106.950790405273,0,1750430,false,281.128681182861,0.0,0.0,0.009,0.0,2
moving_surface,163,14.531,5.56699991226196,0.0,20.68,0.046,0.0,0,106.950790405273,0,1750430,false,281.128681182861,0.0,0.0,0.009,0.0,2
moving_surface,164,17.104,5.66400003433228,0.0,20.68,0.046,0.0,0,106.950790405273,0,1750430,false,281.128681182861,0.0,0.0,0.012,0.0,2
moving_surface,165,16.25,5.64599990844727,0.0,20.68,0.046,0.0,0,106.950790405273,0,1750430,false,281.128677368164,0.0,0.0,0.01,0.0,2
moving_surface,166,17.269,5.66699981689453,0.0,20.68,0.046,0.0,0,106.950790405273,0,1750430,false,281.128681182861,0.0,0.0,0.012,0.0,2
moving_surface,167,16.05,5.6560001373291,0.0,20.68,0.046,0.0,0,106.950790405273,0,1750430,false,281.134841918945,0.0,0.0,0.007,0.0,2
moving_surface,168,16.615,5.61800003051758,0.0,20.68,0.046,0.0,0,106.950790405273,0,1750430,false,281.13484954834,0.0,0.0,0.008,0.0,2
moving_surface,169,18.462,5.6230001449585,0.0,20.68,0.046,0.0,0,106.950790405273,0,1750430,false,281.134845733643,0.0,0.0,0.007,0.0,2
moving_surface,170,14.911,5.61499977111816,0.0,20.68,0.046,0.0,0,106.950790405273,0,1750430,false,281.13484954834,0.0,0.0,0.009,0.0,2
moving_surface,171,16.644,5.61800003051758,0.0,20.68,0.046,0.0,0,106.950790405273,0,1750430,false,281.13484954834,0.0,0.0,0.008,0.0,2
moving_surface,172,17.04,5.61800003051758,0.0,20.68,0.046,0.0,0,106.950790405273,0,1750430,false,281.134914398193,0.0,0.0,0.008,0.0,2
moving_surface,173,16.423,5.62200021743774,0.0,20.68,0.046,0.0,0,106.950790405273,0,1750430,false,281.13484954834,0.0,0.0,0.012,0.0,2
moving_surface,174,16.904,6.38800001144409,0.0,20.68,0.046,0.0,0,106.950790405273,0,1750430,false,281.141017913818,0.0,0.0,0.013,0.0,2
moving_surface,175,16.472,5.61399984359741,0.0,20.68,0.046,0.0,0,106.950790405273,0,1750430,false,281.141017913818,0.0,0.0,0.012,0.0,2
moving_surface,176,17.782,5.6100001335144,0.0,20.68,0.046,0.0,0,106.950790405273,0,1750430,false,281.141014099121,0.0,0.0,0.007,0.0,2
moving_surface,177,15.316,5.60300016403198,0.0,20.68,0.046,0.0,0,106.950790405273,0,1750430,false,281.141017913818,0.0,0.0,0.007,0.0,2
moving_surface,178,16.684,5.58900022506714,0.0,20.68,0.046,0.0,0,106.950790405273,0,1750430,false,281.141017913818,0.0,0.0,0.007,0.0,2
moving_surface,179,16.648,5.59999990463257,0.0,20.68,0.046,0.0,0,106.950790405273,0,1750430,false,281.141017913818,0.0,0.0,0.007,0.0,2
moving_surface,180,16.676,5.6100001335144,0.0,20.68,0.046,0.0,0,106.950790405273,0,1750430,false,281.141014099121,0.0,0.0,0.007,0.0,2
moving_surface,181,16.729,5.60799980163574,0.0,20.68,0.046,0.0,0,106.950790405273,0,1750430,false,281.147186279297,0.0,0.0,0.007,0.0,2
moving_surface,182,16.627,5.59899997711182,0.0,20.68,0.046,0.0,0,106.950790405273,0,1750430,false,281.147186279297,0.0,0.0,0.006,0.0,2
moving_surface,183,17.939,5.59499979019165,0.0,20.68,0.046,0.0,0,106.950790405273,0,1750430,false,281.147186279297,0.0,0.0,0.006,0.0,2
moving_surface,184,15.389,5.58699989318848,0.0,20.68,0.046,0.0,0,106.950790405273,0,1750430,false,281.147186279297,0.0,0.0,0.008,0.0,2
moving_surface,185,16.632,5.57800006866455,0.0,20.68,0.046,0.0,0,106.950790405273,0,1750430,false,281.147186279297,0.0,0.0,0.007,0.0,2
moving_surface,186,16.879,5.59000015258789,0.0,20.68,0.046,0.0,0,106.950790405273,0,1750430,false,281.132259368896,0.0,0.0,0.008,0.0,2
moving_surface,187,16.46,5.58400011062622,0.0,20.68,0.046,0.0,0,106.950790405273,0,1750430,false,281.132255554199,0.0,0.0,0.006,0.0,2
moving_surface,188,17.04,5.60099983215332,0.0,20.68,0.046,0.0,0,106.950790405273,0,1750430,false,281.138492584229,0.0,0.0,0.008,0.0,2
moving_surface,189,16.278,5.57399988174438,0.0,20.68,0.046,0.0,0,106.950790405273,0,1750430,false,281.138427734375,0.0,0.0,0.007,0.0,2
moving_surface,190,18.255,5.5770001411438,0.0,20.68,0.046,0.0,0,106.950790405273,0,1750430,false,281.138423919678,0.0,0.0,0.008,0.0,2
moving_surface,191,15.206,5.56400012969971,0.0,20.68,0.046,0.0,0,106.950790405273,0,1750430,false,281.138427734375,0.0,0.0,0.008,0.0,2
moving_surface,192,16.56,6.01100015640259,0.0,20.68,0.046,0.0,0,106.950790405273,0,1750430,false,281.138423919678,0.0,0.0,0.008,0.0,2
moving_surface,193,16.693,5.58699989318848,0.0,20.68,0.046,0.0,0,106.950790405273,0,1750430,false,281.138427734375,0.0,0.0,0.007,0.0,2
moving_surface,194,16.676,5.56899976730347,0.0,20.68,0.046,0.0,0,106.950790405273,0,1750430,false,281.138427734375,0.0,0.0,0.007,0.0,2
moving_surface,195,16.761,5.5789999961853,0.0,20.68,0.046,0.0,0,106.950790405273,0,1750430,false,281.144592285156,0.0,0.0,0.008,0.0,2
moving_surface,196,16.545,5.57200002670288,0.0,20.68,0.046,0.0,0,106.950790405273,0,1750430,false,281.144596099854,0.0,0.0,0.007,0.0,2
moving_surface,197,19.925,5.56899976730347,0.0,20.68,0.046,0.0,0,106.950790405273,0,1750430,false,281.144596099854,0.0,0.0,0.013,0.0,2
moving_surface,198,13.572,5.57200002670288,0.0,20.68,0.046,0.0,0,106.950790405273,0,1750430,false,281.144596099854,0.0,0.0,0.013,0.0,2
moving_surface,199,16.526,6.42999982833862,0.0,20.68,0.046,0.0,0,106.950790405273,0,1750430,false,281.144596099854,0.0,0.0,0.007,0.0,2
moving_surface,200,17.006,5.55200004577637,0.0,20.68,0.046,0.0,0,106.950790405273,0,1750430,false,281.144596099854,0.0,0.0,0.012,0.0,2
moving_surface,201,16.492,5.55499982833862,0.0,20.68,0.046,0.0,0,106.950790405273,0,1750430,false,281.144596099854,0.0,0.0,0.013,0.0,2
moving_surface,202,16.63,5.55999994277954,0.0,20.68,0.046,0.0,0,106.950790405273,0,1750430,false,281.150760650635,0.0,0.0,0.009,0.0,2
moving_surface,203,16.618,5.55700016021729,0.0,20.68,0.046,0.0,0,106.950790405273,0,1750430,false,281.150032043457,0.0,0.0,0.011,0.0,2
moving_surface,204,18.895,6.82999992370605,0.0,20.68,0.046,0.0,0,106.950790405273,0,1750430,false,281.150100708008,0.0,0.0,0.009,0.0,2
moving_surface,205,14.477,5.56099987030029,0.0,20.68,0.046,0.0,0,106.950790405273,0,1750430,false,281.150032043457,0.0,0.0,0.012,0.0,2
moving_surface,206,16.64,5.57499980926514,0.0,20.68,0.046,0.0,0,106.950790405273,0,1750430,false,281.15002822876,0.0,0.0,0.011,0.0,2
moving_surface,207,16.774,5.56699991226196,0.0,20.68,0.046,0.0,0,106.950790405273,0,1750430,false,281.150032043457,0.0,0.0,0.016,0.0,2
moving_surface,208,16.611,5.56699991226196,0.0,20.68,0.046,0.0,0,106.950790405273,0,1750430,false,281.150032043457,0.0,0.0,0.013,0.0,2
moving_surface,209,16.837,5.56699991226196,0.0,20.68,0.046,0.0,0,106.950790405273,0,1750430,false,281.156200408936,0.0,0.0,0.013,0.0,2
moving_surface,210,16.479,5.57399988174438,0.0,20.68,0.046,0.0,0,106.950790405273,0,1750430,false,281.156200408936,0.0,0.0,0.013,0.0,2
moving_surface,211,19.494,5.57200002670288,0.0,20.68,0.046,0.0,0,106.950790405273,0,1750430,false,281.16100692749,0.0,0.0,0.012,0.0,2
moving_surface,212,13.865,5.57000017166138,0.0,20.68,0.046,0.0,0,106.950790405273,0,1750430,false,281.16100692749,0.0,0.0,0.012,0.0,2
moving_surface,213,16.649,5.55800008773804,0.0,20.68,0.046,0.0,0,106.950790405273,0,1750430,false,281.16100692749,0.0,0.0,0.013,0.0,2
moving_surface,214,16.682,5.93800020217896,0.0,20.68,0.046,0.0,0,106.950790405273,0,1750430,false,281.16100692749,0.0,0.0,0.012,0.0,2
moving_surface,215,16.529,5.55600023269653,0.0,20.68,0.046,0.0,0,106.950790405273,0,1750430,false,281.16100692749,0.0,0.0,0.008,0.0,2
moving_surface,216,16.933,5.57200002670288,0.0,20.68,0.046,0.0,0,106.950790405273,0,1750430,false,281.167175292969,0.0,0.0,0.012,0.0,2
moving_surface,217,16.429,5.54300022125244,0.0,20.68,0.046,0.0,0,106.950790405273,0,1750430,false,281.167175292969,0.0,0.0,0.01,0.0,2
moving_surface,218,19.23,5.57299995422363,0.0,20.68,0.046,0.0,0,106.950790405273,0,1750430,false,281.167171478271,0.0,0.0,0.012,0.0,2
moving_surface,219,14.205,5.55999994277954,0.0,20.68,0.046,0.0,0,106.950790405273,0,1750430,false,281.167175292969,0.0,0.0,0.013,0.0,2
moving_surface,220,17.168,5.59800004959106,0.0,20.68,0.046,0.0,0,106.950790405273,0,1750430,false,281.16724395752,0.0,0.0,0.013,0.0,2
moving_surface,221,16.164,5.55299997329712,0.0,20.68,0.046,0.0,0,106.950790405273,0,1750430,false,281.167175292969,0.0,0.0,0.013,0.0,2
moving_surface,222,16.808,5.59800004959106,0.0,20.68,0.046,0.0,0,106.950790405273,0,1750430,false,281.167175292969,0.0,0.0,0.013,0.0,2
moving_surface,223,16.729,5.59100008010864,0.0,20.68,0.046,0.0,0,106.950790405273,0,1750430,false,281.173343658447,0.0,0.0,0.013,0.0,2
moving_surface,224,16.43,5.66900014877319,0.0,20.68,0.046,0.0,0,106.950790405273,0,1750430,false,281.17333984375,0.0,0.0,0.011,0.0,2
moving_surface,225,19.023,5.64300012588501,0.0,20.68,0.046,0.0,0,106.950790405273,0,1750430,false,281.173343658447,0.0,0.0,0.012,0.0,2
moving_surface,226,14.191,5.6729998588562,0.0,20.68,0.046,0.0,0,106.950790405273,0,1750430,false,281.17333984375,0.0,0.0,0.009,0.0,2
moving_surface,227,16.773,5.65100002288818,0.0,20.68,0.046,0.0,0,106.950790405273,0,1750430,false,281.173343658447,0.0,0.0,0.012,0.0,2
moving_surface,228,16.864,5.67700004577637,0.0,20.68,0.046,0.0,0,106.950790405273,0,1750430,false,281.173343658447,0.0,0.0,0.013,0.0,2
moving_surface,229,16.923,6.02899980545044,0.0,20.68,0.046,0.0,0,106.950790405273,0,1750430,false,281.173343658447,0.0,0.0,0.012,0.0,2
moving_surface,230,16.66,5.66800022125244,0.0,20.68,0.046,0.0,0,106.950790405273,0,1750430,false,281.179508209229,0.0,0.0,0.014,0.0,2
moving_surface,231,16.251,5.65100002288818,0.0,20.68,0.046,0.0,0,106.950790405273,0,1750430,false,281.179512023926,0.0,0.0,0.012,0.0,2
moving_surface,232,18.961,6.45300006866455,0.0,20.68,0.046,0.0,0,106.950790405273,0,1750430,false,281.179512023926,0.0,0.0,0.012,0.0,2
moving_surface,233,14.703,5.64200019836426,0.0,20.68,0.046,0.0,0,106.950790405273,0,1750430,false,281.179512023926,0.0,0.0,0.012,0.0,2
moving_surface,234,16.288,5.66099977493286,0.0,20.68,0.046,0.0,0,106.950790405273,0,1750430,false,281.179512023926,0.0,0.0,0.012,0.0,2
moving_surface,235,16.66,5.64200019836426,0.0,20.68,0.046,0.0,0,106.950790405273,0,1750430,false,281.179508209229,0.0,0.0,0.024,0.0,2
moving_surface,236,17.27,5.69099998474121,0.0,20.68,0.046,0.0,0,106.950790405273,0,1750430,false,281.180187225342,0.0,0.0,0.013,0.0,2
moving_surface,237,16.184,6.50099992752075,0.0,20.68,0.046,0.0,0,106.950790405273,0,1750430,false,281.186290740967,0.0,0.0,0.01,0.0,2
moving_surface,238,16.534,6.53800010681152,0.0,20.68,0.046,0.0,0,106.950790405273,0,1750430,false,281.186290740967,0.0,0.0,0.011,0.0,2
moving_surface,239,18.792,5.64599990844727,0.0,20.68,0.046,0.0,0,106.950790405273,0,1750430,false,281.186290740967,0.0,0.0,0.011,0.0,2
moving_surface,240,14.569,5.64699983596802,0.0,20.68,0.046,0.0,0,106.950790405273,0,1750430,false,281.186290740967,0.0,0.0,0.011,0.0,2
moving_surface,241,16.69,5.65500020980835,0.0,20.68,0.046,0.0,0,106.950790405273,0,1750430,false,281.18628692627,0.0,0.0,0.012,0.0,2
moving_surface,242,16.703,5.64400005340576,0.0,20.68,0.046,0.0,0,106.950790405273,0,1750430,false,281.186290740967,0.0,0.0,0.013,0.0,2
moving_surface,243,16.625,5.64300012588501,0.0,20.68,0.046,0.0,0,106.950790405273,0,1750430,false,281.186290740967,0.0,0.0,0.012,0.0,2
moving_surface,244,16.848,6.01700019836426,0.0,20.68,0.046,0.0,0,106.950790405273,0,1750430,false,281.192459106445,0.0,0.0,0.037,0.0,2
moving_surface,245,16.5,5.64799976348877,0.0,20.68,0.046,0.0,0,106.950790405273,0,1750430,false,281.192451477051,0.0,0.0,0.012,0.0,2
moving_surface,246,19.076,5.64200019836426,0.0,20.68,0.046,0.0,0,106.950790405273,0,1750430,false,281.192459106445,0.0,0.0,0.012,0.0,2
moving_surface,247,14.238,5.63899993896484,0.0,20.68,0.046,0.0,0,106.950790405273,0,1750430,false,281.192459106445,0.0,0.0,0.012,0.0,2
moving_surface,248,16.648,5.66300010681152,0.0,20.68,0.046,0.0,0,106.950790405273,0,1750430,false,281.192459106445,0.0,0.0,0.012,0.0,2
moving_surface,249,16.687,5.65500020980835,0.0,20.68,0.046,0.0,0,106.950790405273,0,1750430,false,281.192459106445,0.0,0.0,0.011,0.0,2
moving_surface,250,16.618,5.64900016784668,0.0,20.68,0.046,0.0,0,106.950790405273,0,1750430,false,281.192459106445,0.0,0.0,0.011,0.0,2
moving_surface,251,16.791,5.65799999237061,0.0,20.68,0.046,0.0,0,106.950790405273,0,1750430,false,281.198627471924,0.0,0.0,0.011,0.0,2
moving_surface,252,16.928,5.65199995040894,0.0,20.68,0.046,0.0,0,106.950790405273,0,1750430,false,281.198696136475,0.0,0.0,0.011,0.0,2
moving_surface,253,18.946,5.65299987792969,0.0,20.68,0.046,0.0,0,106.950790405273,0,1750430,false,281.197566986084,0.0,0.0,0.012,0.0,2
moving_surface,254,14.121,6.07299995422363,0.0,20.68,0.046,0.0,0,106.950790405273,0,1750430,false,281.197566986084,0.0,0.0,0.013,0.0,2
moving_surface,255,16.654,5.63700008392334,0.0,20.68,0.046,0.0,0,106.950790405273,0,1750430,false,281.197566986084,0.0,0.0,0.017,0.0,2
moving_surface,256,16.566,5.6399998664856,0.0,20.68,0.046,0.0,0,106.950790405273,0,1750430,false,281.197563171387,0.0,0.0,0.011,0.0,2
moving_surface,257,16.591,5.64099979400635,0.0,20.68,0.046,0.0,0,106.950790405273,0,1750430,false,281.197566986084,0.0,0.0,0.01,0.0,2
moving_surface,258,16.953,5.65100002288818,0.0,20.68,0.046,0.0,0,106.950790405273,0,1750430,false,281.203735351563,0.0,0.0,0.012,0.0,2
moving_surface,259,16.46,6.50699996948242,0.0,20.68,0.046,0.0,0,106.950790405273,0,1750430,false,281.203731536865,0.0,0.0,0.011,0.0,2
moving_surface,260,17.825,5.64400005340576,0.0,20.68,0.046,0.0,0,106.950790405273,0,1750430,false,281.203735351563,0.0,0.0,0.006,0.0,2
moving_surface,261,15.542,5.64400005340576,0.0,20.68,0.046,0.0,0,106.950790405273,0,1750430,false,281.203735351563,0.0,0.0,0.012,0.0,2
moving_surface,262,16.669,5.63199996948242,0.0,20.68,0.046,0.0,0,106.950790405273,0,1750430,false,281.203735351563,0.0,0.0,0.011,0.0,2
moving_surface,263,16.703,5.64799976348877,0.0,20.68,0.046,0.0,0,106.950790405273,0,1750430,false,281.203735351563,0.0,0.0,0.014,0.0,2
moving_surface,264,16.64,5.63399982452393,0.0,20.68,0.046,0.0,0,106.950790405273,0,1750430,false,281.203731536865,0.0,0.0,0.012,0.0,2
moving_surface,265,16.799,5.64200019836426,0.0,20.68,0.046,0.0,0,106.950790405273,0,1750430,false,281.209903717041,0.0,0.0,0.012,0.0,2
moving_surface,266,16.599,5.65199995040894,0.0,20.68,0.046,0.0,0,106.950790405273,0,1750430,false,281.209903717041,0.0,0.0,0.012,0.0,2
moving_surface,267,19.606,6.53800010681152,0.0,20.68,0.046,0.0,0,106.950790405273,0,1750430,false,281.209903717041,0.0,0.0,0.013,0.0,2
moving_surface,268,14.143,5.64400005340576,0.0,20.68,0.046,0.0,0,106.950790405273,0,1750430,false,281.209972381592,0.0,0.0,0.012,0.0,2
moving_surface,269,16.24,6.50099992752075,0.0,20.68,0.046,0.0,0,106.950790405273,0,1750430,false,281.209899902344,0.0,0.0,0.014,0.0,2
moving_surface,270,17.048,5.65500020980835,0.0,20.68,0.046,0.0,0,106.950790405273,0,1750430,false,281.209903717041,0.0,0.0,0.013,0.0,2
moving_surface,271,16.266,5.65399980545044,0.0,20.68,0.046,0.0,0,106.950790405273,0,1750430,false,281.209903717041,0.0,0.0,0.013,0.0,2
moving_surface,272,16.784,5.65100002288818,0.0,20.68,0.046,0.0,0,106.950790405273,0,1750430,false,281.21607208252,0.0,0.0,0.012,0.0,2
moving_surface,273,16.506,5.67799997329712,0.0,20.68,0.046,0.0,0,106.950790405273,0,1750430,false,281.21607208252,0.0,0.0,0.013,0.0,2
moving_surface,274,19.241,5.64900016784668,0.0,20.68,0.046,0.0,0,106.950790405273,0,1750430,false,281.21607208252,0.0,0.0,0.012,0.0,2
moving_surface,275,14.076,5.65299987792969,0.0,20.68,0.046,0.0,0,106.950790405273,0,1750430,false,281.21607208252,0.0,0.0,0.012,0.0,2
moving_surface,276,16.633,5.65199995040894,0.0,20.68,0.046,0.0,0,106.950790405273,0,1750430,false,281.21607208252,0.0,0.0,0.011,0.0,2
moving_surface,277,16.665,5.65000009536743,0.0,20.68,0.046,0.0,0,106.950790405273,0,1750430,false,281.21607208252,0.0,0.0,0.011,0.0,2
moving_surface,278,16.903,5.65100002288818,0.0,20.68,0.046,0.0,0,106.950790405273,0,1750430,false,281.21607208252,0.0,0.0,0.012,0.0,2
moving_surface,279,16.698,5.6560001373291,0.0,20.68,0.046,0.0,0,106.950790405273,0,1750430,false,281.222236633301,0.0,0.0,0.012,0.0,2
moving_surface,280,16.435,5.65700006484985,0.0,20.68,0.046,0.0,0,106.950790405273,0,1750430,false,281.222240447998,0.0,0.0,0.012,0.0,2
moving_surface,281,19.362,5.66099977493286,0.0,20.68,0.046,0.0,0,106.950790405273,0,1750430,false,281.222240447998,0.0,0.0,0.014,0.0,2
moving_surface,282,14.021,5.63700008392334,0.0,20.68,0.046,0.0,0,106.950790405273,0,1750430,false,281.222240447998,0.0,0.0,0.014,0.0,2
moving_surface,283,16.69,5.66099977493286,0.0,20.68,0.046,0.0,0,106.950790405273,0,1750430,false,281.222236633301,0.0,0.0,0.012,0.0,2
moving_surface,284,17.273,6.0460000038147,0.0,20.68,0.046,0.0,0,106.950790405273,0,1750430,false,281.222305297852,0.0,0.0,0.012,0.0,2
moving_surface,285,16.04,6.51200008392334,0.0,20.68,0.046,0.0,0,106.950790405273,0,1750430,false,281.222236633301,0.0,0.0,0.014,0.0,2
moving_surface,286,16.776,5.65500020980835,0.0,20.68,0.046,0.0,0,106.950790405273,0,1750430,false,281.228408813477,0.0,0.0,0.012,0.0,2
moving_surface,287,16.573,5.63399982452393,0.0,20.68,0.046,0.0,0,106.950790405273,0,1750430,false,281.228408813477,0.0,0.0,0.014,0.0,2
moving_surface,288,18.936,5.63899993896484,0.0,20.68,0.046,0.0,0,106.950790405273,0,1750430,false,281.228408813477,0.0,0.0,0.011,0.0,2
moving_surface,289,14.944,5.64900016784668,0.0,20.68,0.046,0.0,0,106.950790405273,0,1750430,false,281.222133636475,0.0,0.0,0.01,0.0,2
moving_surface,290,16.069,5.65000009536743,0.0,20.68,0.046,0.0,0,106.950790405273,0,1750430,false,281.222133636475,0.0,0.0,0.011,0.0,2
moving_surface,291,16.694,5.66300010681152,0.0,20.68,0.046,0.0,0,106.950790405273,0,1750430,false,281.222133636475,0.0,0.0,0.013,0.0,2
moving_surface,292,17.008,5.64900016784668,0.0,20.68,0.046,0.0,0,106.950790405273,0,1750430,false,281.222133636475,0.0,0.0,0.011,0.0,2
moving_surface,293,16.551,5.65700006484985,0.0,20.68,0.046,0.0,0,106.950790405273,0,1750430,false,281.228302001953,0.0,0.0,0.013,0.0,2
moving_surface,294,16.45,5.63800001144409,0.0,20.68,0.046,0.0,0,106.950790405273,0,1750430,false,281.228298187256,0.0,0.0,0.014,0.0,2
moving_surface,295,19.16,6.56500005722046,0.0,20.68,0.046,0.0,0,106.950790405273,0,1750430,false,281.228298187256,0.0,0.0,0.013,0.0,2
moving_surface,296,14.15,5.65700006484985,0.0,20.68,0.046,0.0,0,106.950790405273,0,1750430,false,281.228298187256,0.0,0.0,0.012,0.0,2
moving_surface,297,16.958,5.65100002288818,0.0,20.68,0.046,0.0,0,106.950790405273,0,1750430,false,281.228302001953,0.0,0.0,0.016,0.0,2
moving_surface,298,16.507,6.09600019454956,0.0,20.68,0.046,0.0,0,106.950790405273,0,1750430,false,281.228302001953,0.0,0.0,0.013,0.0,2
moving_surface,299,16.573,5.65399980545044,0.0,20.68,0.046,0.0,0,106.950790405273,0,1750430,false,281.228302001953,0.0,0.0,0.014,0.0,2
moving_surface,300,17.826,6.17500019073486,0.0,20.68,0.046,0.0,0,106.950790405273,0,1750430,false,281.234539031982,0.0,0.0,0.014,0.0,2
underground,1,16.823,5.49599981307983,0.0,43.445,0.033,0.0,0,131.019813537598,0,1715040,false,349.245412826538,0.0,0.0,0.012,0.0,2
underground,2,13.034,5.47200012207031,0.0,43.445,0.033,0.0,0,131.019813537598,0,1715040,false,349.24610710144,0.0,0.0,0.012,0.0,2
underground,3,16.841,6.35400009155273,0.0,43.445,0.033,0.0,0,131.019813537598,0,1715040,false,349.252321243286,0.0,0.0,0.013,0.0,2
underground,4,16.742,5.45300006866455,0.0,43.445,0.033,0.0,0,131.019813537598,0,1715040,false,349.252412796021,0.0,0.0,0.012,0.0,2
underground,5,16.53,5.47800016403198,0.0,43.445,0.033,0.0,0,131.019813537598,0,1715040,false,349.252408981323,0.0,0.0,0.014,0.0,2
underground,6,16.773,5.46500015258789,0.0,43.445,0.033,0.0,0,131.019813537598,0,1715040,false,349.252550125122,0.0,0.0,0.012,0.0,2
underground,7,16.547,5.46199989318848,0.0,43.445,0.033,0.0,0,131.019813537598,0,1715040,false,349.252550125122,0.0,0.0,0.013,0.0,2
underground,8,19.378,5.46400022506714,0.0,43.445,0.033,0.0,0,131.019813537598,0,1715040,false,349.252550125122,0.0,0.0,0.013,0.0,2
underground,9,13.786,6.40899991989136,0.0,43.445,0.033,0.0,0,131.019813537598,0,1715040,false,349.252733230591,0.0,0.0,0.012,0.0,2
underground,10,17.375,5.44899988174438,0.0,43.445,0.033,0.0,0,131.019813537598,0,1715040,false,349.258974075317,0.0,0.0,0.012,0.0,2
underground,11,16.252,5.45599985122681,0.0,43.445,0.033,0.0,0,131.019813537598,0,1715040,false,349.258905410767,0.0,0.0,0.013,0.0,2
underground,12,16.589,5.44299983978271,0.0,43.445,0.033,0.0,0,131.019813537598,0,1715040,false,349.258905410767,0.0,0.0,0.012,0.0,2
underground,13,16.502,5.48099994659424,0.0,43.445,0.033,0.0,0,131.019813537598,0,1715040,false,349.25918006897,0.0,0.0,0.012,0.0,2
underground,14,16.778,5.4539999961853,0.0,43.445,0.033,0.0,0,131.019813537598,0,1715040,false,349.259176254272,0.0,0.0,0.012,0.0,2
underground,15,19.231,6.05200004577637,0.0,43.445,0.033,0.0,0,131.019813537598,0,1715040,false,349.25918006897,0.0,0.0,0.011,0.0,2
underground,16,14.052,5.47100019454956,0.0,43.445,0.033,0.0,0,131.019813537598,0,1715040,false,349.25918006897,0.0,0.0,0.012,0.0,2
underground,17,17.339,5.46199989318848,0.0,43.445,0.033,0.0,0,131.019813537598,0,1715040,false,349.265348434448,0.0,0.0,0.013,0.0,2
underground,18,16.017,5.48600006103516,0.0,43.445,0.033,0.0,0,131.019813537598,0,1715040,false,349.265348434448,0.0,0.0,0.012,0.0,2
underground,19,16.732,5.46500015258789,0.0,43.445,0.033,0.0,0,131.019813537598,0,1715040,false,349.265760421753,0.0,0.0,0.013,0.0,2
underground,20,16.661,5.47399997711182,0.0,43.445,0.033,0.0,0,131.019813537598,0,1715040,false,349.265760421753,0.0,0.0,0.014,0.0,2
underground,21,16.572,5.47700023651123,0.0,43.445,0.033,0.0,0,131.019813537598,0,1715040,false,349.265760421753,0.0,0.0,0.013,0.0,2
underground,22,19.59,5.47300004959106,0.0,43.445,0.033,0.0,0,131.019813537598,0,1715040,false,349.265756607056,0.0,0.0,0.012,0.0,2
underground,23,13.643,6.4210000038147,0.0,43.445,0.033,0.0,0,131.019813537598,0,1715040,false,349.265756607056,0.0,0.0,0.014,0.0,2
underground,24,16.919,5.49300003051758,0.0,43.445,0.033,0.0,0,131.019813537598,0,1715040,false,349.271928787231,0.0,0.0,0.012,0.0,2
underground,25,16.614,5.47599983215332,0.0,43.445,0.033,0.0,0,131.019813537598,0,1715040,false,349.271928787231,0.0,0.0,0.013,0.0,2
underground,26,16.857,5.47200012207031,0.0,43.445,0.033,0.0,0,131.019813537598,0,1715040,false,349.271997451782,0.0,0.0,0.011,0.0,2
underground,27,16.276,5.46799993515015,0.0,43.445,0.033,0.0,0,131.019813537598,0,1715040,false,349.271928787231,0.0,0.0,0.013,0.0,2
underground,28,16.703,5.46099996566772,0.0,43.445,0.033,0.0,0,131.019813537598,0,1715040,false,349.272569656372,0.0,0.0,0.014,0.0,2
underground,29,19.597,6.42000007629395,0.0,43.445,0.033,0.0,0,131.019813537598,0,1715040,false,349.272569656372,0.0,0.0,0.013,0.0,2
underground,30,13.729,5.48299980163574,0.0,43.445,0.033,0.0,0,131.019813537598,0,1715040,false,349.272569656372,0.0,0.0,0.016,0.0,2
underground,31,16.952,5.47200012207031,0.0,43.445,0.033,0.0,0,131.019813537598,0,1715040,false,349.278738021851,0.0,0.0,0.012,0.0,2
underground,32,16.392,5.47700023651123,0.0,43.445,0.033,0.0,0,131.019813537598,0,1715040,false,349.278738021851,0.0,0.0,0.012,0.0,2
underground,33,16.683,5.47599983215332,0.0,43.445,0.033,0.0,0,131.019813537598,0,1715040,false,349.278738021851,0.0,0.0,0.011,0.0,2
underground,34,16.651,5.48000001907349,0.0,43.445,0.033,0.0,0,131.019813537598,0,1715040,false,349.278738021851,0.0,0.0,0.01,0.0,2
underground,35,16.642,5.48000001907349,0.0,43.445,0.033,0.0,0,131.019813537598,0,1715040,false,349.278738021851,0.0,0.0,0.012,0.0,2
underground,36,19.395,5.47700023651123,0.0,43.445,0.033,0.0,0,131.019813537598,0,1715040,false,349.278738021851,0.0,0.0,0.013,0.0,2
underground,37,14.016,5.47599983215332,0.0,43.445,0.033,0.0,0,131.019813537598,0,1715040,false,349.278738021851,0.0,0.0,0.012,0.0,2
underground,38,16.724,6.42199993133545,0.0,43.445,0.033,0.0,0,131.019813537598,0,1715040,false,349.284906387329,0.0,0.0,0.012,0.0,2
underground,39,16.607,5.48199987411499,0.0,43.445,0.033,0.0,0,131.019813537598,0,1715040,false,349.284906387329,0.0,0.0,0.013,0.0,2
underground,40,16.665,5.49399995803833,0.0,43.445,0.033,0.0,0,131.019813537598,0,1715040,false,349.284906387329,0.0,0.0,0.012,0.0,2
underground,41,16.839,5.47599983215332,0.0,43.445,0.033,0.0,0,131.019813537598,0,1715040,false,349.284906387329,0.0,0.0,0.014,0.0,2
underground,42,16.991,5.46400022506714,0.0,43.445,0.033,0.0,0,131.019813537598,0,1715040,false,349.285936355591,0.0,0.0,0.012,0.0,2
underground,43,18.75,5.46099996566772,0.0,43.445,0.033,0.0,0,131.019813537598,0,1715040,false,349.285863876343,0.0,0.0,0.013,0.0,2
underground,44,13.944,5.4689998626709,0.0,43.445,0.033,0.0,0,131.019813537598,0,1715040,false,349.285863876343,0.0,0.0,0.013,0.0,2
underground,45,17.176,5.46700000762939,0.0,43.445,0.033,0.0,0,131.019813537598,0,1715040,false,349.292036056519,0.0,0.0,0.012,0.0,2
underground,46,16.235,5.46700000762939,0.0,43.445,0.033,0.0,0,131.019813537598,0,1715040,false,349.292036056519,0.0,0.0,0.013,0.0,2
underground,47,16.791,6.41800022125244,0.0,43.445,0.033,0.0,0,131.019813537598,0,1715040,false,349.292036056519,0.0,0.0,0.013,0.0,2
underground,48,16.603,5.48899984359741,0.0,43.445,0.033,0.0,0,131.019813537598,0,1715040,false,349.292036056519,0.0,0.0,0.013,0.0,2
underground,49,16.603,5.97300004959106,0.0,43.445,0.033,0.0,0,131.019813537598,0,1715040,false,349.292036056519,0.0,0.0,0.012,0.0,2
underground,50,18.165,5.4689998626709,0.0,43.445,0.033,0.0,0,131.019813537598,0,1715040,false,349.292032241821,0.0,0.0,0.013,0.0,2
underground,51,15.202,5.47499990463257,0.0,43.445,0.033,0.0,0,131.019813537598,0,1715040,false,349.292036056519,0.0,0.0,0.011,0.0,2
underground,52,16.727,5.46299982070923,0.0,43.445,0.033,0.0,0,131.019813537598,0,1715040,false,349.298204421997,0.0,0.0,0.01,0.0,2
underground,53,16.56,5.5,0.0,43.445,0.033,0.0,0,131.019813537598,0,1715040,false,349.298151016235,0.0,0.0,0.012,0.0,2
underground,54,16.744,5.48199987411499,0.0,43.445,0.033,0.0,0,131.019813537598,0,1715040,false,349.298204421997,0.0,0.0,0.012,0.0,2
underground,55,16.78,6.03599977493286,0.0,43.445,0.033,0.0,0,131.019813537598,0,1715040,false,349.2982006073,0.0,0.0,0.013,0.0,2
underground,56,16.649,5.47599983215332,0.0,43.445,0.033,0.0,0,131.019813537598,0,1715040,false,349.298204421997,0.0,0.0,0.012,0.0,2
underground,57,18.476,5.4689998626709,0.0,43.445,0.033,0.0,0,131.019813537598,0,1715040,false,349.2982006073,0.0,0.0,0.012,0.0,2
underground,58,14.993,5.46600008010864,0.0,43.445,0.033,0.0,0,131.019813537598,0,1715040,false,349.298273086548,0.0,0.0,0.011,0.0,2
underground,59,16.417,5.47900009155273,0.0,43.445,0.033,0.0,0,131.019813537598,0,1715040,false,349.304372787476,0.0,0.0,0.007,0.0,2
underground,60,16.692,5.47599983215332,0.0,43.445,0.033,0.0,0,131.019813537598,0,1715040,false,349.304372787476,0.0,0.0,0.049,0.0,2
underground,61,16.506,5.49599981307983,0.0,43.445,0.033,0.0,0,131.019813537598,0,1715040,false,349.304372787476,0.0,0.0,0.012,0.0,2
underground,62,16.795,5.56599998474121,0.0,43.445,0.033,0.0,0,131.019813537598,0,1715040,false,349.304372787476,0.0,0.0,0.012,0.0,2
underground,63,16.667,5.60900020599365,0.0,43.445,0.033,0.0,0,131.019813537598,0,1715040,false,349.305791854858,0.0,0.0,0.012,0.0,2
underground,64,19.331,5.61899995803833,0.0,43.445,0.033,0.0,0,131.019813537598,0,1715040,false,349.305791854858,0.0,0.0,0.013,0.0,2
underground,65,14.252,5.61800003051758,0.0,43.445,0.033,0.0,0,131.019813537598,0,1715040,false,349.305791854858,0.0,0.0,0.013,0.0,2
underground,66,16.572,5.61399984359741,0.0,43.445,0.033,0.0,0,131.019813537598,0,1715040,false,349.311960220337,0.0,0.0,0.012,0.0,2
underground,67,16.481,5.6100001335144,0.0,43.445,0.033,0.0,0,131.019813537598,0,1715040,false,349.31195640564,0.0,0.0,0.013,0.0,2
underground,68,16.686,5.59299993515015,0.0,43.445,0.033,0.0,0,131.019813537598,0,1715040,false,349.311960220337,0.0,0.0,0.012,0.0,2
underground,69,16.716,6.55200004577637,0.0,43.445,0.033,0.0,0,131.019813537598,0,1715040,false,349.311960220337,0.0,0.0,0.013,0.0,2
underground,70,16.876,5.59800004959106,0.0,43.445,0.033,0.0,0,131.019813537598,0,1715040,false,349.311960220337,0.0,0.0,0.012,0.0,2
underground,71,18.76,5.59999990463257,0.0,43.445,0.033,0.0,0,131.019813537598,0,1715040,false,349.31195640564,0.0,0.0,0.013,0.0,2
underground,72,14.22,5.59499979019165,0.0,43.445,0.033,0.0,0,131.019813537598,0,1715040,false,349.31195640564,0.0,0.0,0.013,0.0,2
underground,73,17.024,5.59299993515015,0.0,43.445,0.033,0.0,0,131.019813537598,0,1715040,false,349.318128585815,0.0,0.0,0.015,0.0,2
underground,74,16.994,6.03000020980835,0.0,43.445,0.033,0.0,0,131.019813537598,0,1715040,false,349.318197250366,0.0,0.0,0.013,0.0,2
underground,75,16.069,5.5939998626709,0.0,43.445,0.033,0.0,0,131.019813537598,0,1715040,false,349.318124771118,0.0,0.0,0.012,0.0,2
underground,76,16.755,5.59299993515015,0.0,43.445,0.033,0.0,0,131.019813537598,0,1715040,false,349.318128585815,0.0,0.0,0.012,0.0,2
underground,77,16.525,5.62099981307983,0.0,43.445,0.033,0.0,0,131.019813537598,0,1715040,false,349.318128585815,0.0,0.0,0.013,0.0,2
underground,78,20.0,5.60900020599365,0.0,43.445,0.033,0.0,0,131.019813537598,0,1715040,false,349.318120956421,0.0,0.0,0.013,0.0,2
underground,79,13.403,5.60500001907349,0.0,43.445,0.033,0.0,0,131.019813537598,0,1715040,false,349.318128585815,0.0,0.0,0.013,0.0,2
underground,80,16.926,5.60300016403198,0.0,43.445,0.033,0.0,0,131.019813537598,0,1715040,false,349.324296951294,0.0,0.0,0.011,0.0,2
underground,81,16.365,5.59000015258789,0.0,43.445,0.033,0.0,0,131.019813537598,0,1715040,false,349.324296951294,0.0,0.0,0.013,0.0,2
underground,82,16.765,5.59100008010864,0.0,43.445,0.033,0.0,0,131.019813537598,0,1715040,false,349.324296951294,0.0,0.0,0.012,0.0,2
underground,83,16.579,5.60099983215332,0.0,43.445,0.033,0.0,0,131.019813537598,0,1715040,false,349.324296951294,0.0,0.0,0.014,0.0,2
underground,84,16.641,5.59999990463257,0.0,43.445,0.033,0.0,0,131.019813537598,0,1715040,false,349.324296951294,0.0,0.0,0.012,0.0,2
underground,85,19.768,5.59499979019165,0.0,43.445,0.033,0.0,0,131.019813537598,0,1715040,false,349.324296951294,0.0,0.0,0.012,0.0,2
underground,86,13.546,5.61499977111816,0.0,43.445,0.033,0.0,0,131.019813537598,0,1715040,false,349.324296951294,0.0,0.0,0.013,0.0,2
underground,87,16.927,5.61700010299683,0.0,43.445,0.033,0.0,0,131.019813537598,0,1715040,false,349.330465316772,0.0,0.0,0.012,0.0,2
underground,88,16.654,5.61499977111816,0.0,43.445,0.033,0.0,0,131.019813537598,0,1715040,false,349.330465316772,0.0,0.0,0.012,0.0,2
underground,89,16.408,5.59999990463257,0.0,43.445,0.033,0.0,0,131.019813537598,0,1715040,false,349.330465316772,0.0,0.0,0.011,0.0,2
underground,90,17.274,5.61100006103516,0.0,43.445,0.033,0.0,0,131.019813537598,0,1715040,false,349.330533981323,0.0,0.0,0.013,0.0,2
underground,91,16.108,5.61199998855591,0.0,43.445,0.033,0.0,0,131.019813537598,0,1715040,false,349.330465316772,0.0,0.0,0.012,0.0,2
underground,92,18.477,5.58900022506714,0.0,43.445,0.033,0.0,0,131.019813537598,0,1715040,false,349.330465316772,0.0,0.0,0.011,0.0,2
underground,93,15.018,5.625,0.0,43.445,0.033,0.0,0,131.019813537598,0,1715040,false,349.330423355103,0.0,0.0,0.014,0.0,2
underground,94,16.707,5.59700012207031,0.0,43.445,0.033,0.0,0,131.019813537598,0,1715040,false,349.338785171509,0.0,0.0,0.012,0.0,2
underground,95,16.58,5.60599994659424,0.0,43.445,0.033,0.0,0,131.019813537598,0,1715040,false,349.338781356812,0.0,0.0,0.012,0.0,2
underground,96,16.587,5.61600017547607,0.0,43.445,0.033,0.0,0,131.019813537598,0,1715040,false,349.338785171509,0.0,0.0,0.012,0.0,2
underground,97,16.496,5.59999990463257,0.0,43.445,0.033,0.0,0,131.019813537598,0,1715040,false,349.338785171509,0.0,0.0,0.012,0.0,2
underground,98,16.988,5.63000011444092,0.0,43.445,0.033,0.0,0,131.019813537598,0,1715040,false,349.338785171509,0.0,0.0,0.013,0.0,2
underground,99,19.955,6.16499996185303,0.0,43.445,0.033,0.0,0,131.019813537598,0,1715040,false,349.338090896606,0.0,0.0,0.014,0.0,2
underground,100,13.126,5.59700012207031,0.0,43.445,0.033,0.0,0,131.019813537598,0,1715040,false,349.338094711304,0.0,0.0,0.011,0.0,2
underground,101,16.929,5.60699987411499,0.0,43.445,0.033,0.0,0,131.019813537598,0,1715040,false,349.344263076782,0.0,0.0,0.032,0.0,2
underground,102,16.458,5.59499979019165,0.0,43.445,0.033,0.0,0,131.019813537598,0,1715040,false,349.344263076782,0.0,0.0,0.013,0.0,2
underground,103,16.611,5.59100008010864,0.0,43.445,0.033,0.0,0,131.019813537598,0,1715040,false,349.344263076782,0.0,0.0,0.013,0.0,2
underground,104,16.724,5.59200000762939,0.0,43.445,0.033,0.0,0,131.019813537598,0,1715040,false,349.344263076782,0.0,0.0,0.013,0.0,2
underground,105,16.893,5.59100008010864,0.0,43.445,0.033,0.0,0,131.019813537598,0,1715040,false,349.344263076782,0.0,0.0,0.011,0.0,2
underground,106,19.819,5.61199998855591,0.0,43.445,0.033,0.0,0,131.019813537598,0,1715040,false,349.344331741333,0.0,0.0,0.013,0.0,2
underground,107,13.479,5.61700010299683,0.0,43.445,0.033,0.0,0,131.019813537598,0,1715040,false,349.344263076782,0.0,0.0,0.012,0.0,2
underground,108,16.801,5.58300018310547,0.0,43.445,0.033,0.0,0,131.019813537598,0,1715040,false,349.350431442261,0.0,0.0,0.012,0.0,2
underground,109,16.3,5.59600019454956,0.0,43.445,0.033,0.0,0,131.019813537598,0,1715040,false,349.350423812866,0.0,0.0,0.013,0.0,2
underground,110,16.714,5.60200023651123,0.0,43.445,0.033,0.0,0,131.019813537598,0,1715040,false,349.350431442261,0.0,0.0,0.017,0.0,2
underground,111,16.592,5.5939998626709,0.0,43.445,0.033,0.0,0,131.019813537598,0,1715040,false,349.350427627563,0.0,0.0,0.011,0.0,2
underground,112,16.638,5.59499979019165,0.0,43.445,0.033,0.0,0,131.019813537598,0,1715040,false,349.350431442261,0.0,0.0,0.012,0.0,2
underground,113,18.569,5.59899997711182,0.0,43.445,0.033,0.0,0,131.019813537598,0,1715040,false,349.350431442261,0.0,0.0,0.011,0.0,2
underground,114,14.632,5.59499979019165,0.0,43.445,0.033,0.0,0,131.019813537598,0,1715040,false,349.350431442261,0.0,0.0,0.008,0.0,2
underground,115,16.807,5.59000015258789,0.0,43.445,0.033,0.0,0,131.019813537598,0,1715040,false,349.356599807739,0.0,0.0,0.007,0.0,2
underground,116,16.711,5.58799982070923,0.0,43.445,0.033,0.0,0,131.019813537598,0,1715040,false,349.356599807739,0.0,0.0,0.013,0.0,2
underground,117,16.414,5.61600017547607,0.0,43.445,0.033,0.0,0,131.019813537598,0,1715040,false,349.356599807739,0.0,0.0,0.008,0.0,2
underground,118,17.017,5.59800004959106,0.0,43.445,0.033,0.0,0,131.019813537598,0,1715040,false,349.356599807739,0.0,0.0,0.012,0.0,2
underground,119,16.338,5.58900022506714,0.0,43.445,0.033,0.0,0,131.019813537598,0,1715040,false,349.356599807739,0.0,0.0,0.007,0.0,2
underground,120,18.627,5.61299991607666,0.0,43.445,0.033,0.0,0,131.019813537598,0,1715040,false,349.356599807739,0.0,0.0,0.008,0.0,2
underground,121,14.94,5.60699987411499,0.0,43.445,0.033,0.0,0,131.019813537598,0,1715040,false,349.356595993042,0.0,0.0,0.011,0.0,2
underground,122,16.962,5.6230001449585,0.0,43.445,0.033,0.0,0,131.019813537598,0,1715040,false,349.362833023071,0.0,0.0,0.012,0.0,2
underground,123,16.312,5.60500001907349,0.0,43.445,0.033,0.0,0,131.019813537598,0,1715040,false,349.362768173218,0.0,0.0,0.018,0.0,2
underground,124,16.631,5.59899997711182,0.0,43.445,0.033,0.0,0,131.019813537598,0,1715040,false,349.362768173218,0.0,0.0,0.019,0.0,2
underground,125,16.478,5.60799980163574,0.0,43.445,0.033,0.0,0,131.019813537598,0,1715040,false,349.362768173218,0.0,0.0,0.007,0.0,2
underground,126,16.663,5.59800004959106,0.0,43.445,0.033,0.0,0,131.019813537598,0,1715040,false,349.362768173218,0.0,0.0,0.007,0.0,2
underground,127,18.154,5.62099981307983,0.0,43.445,0.033,0.0,0,131.019813537598,0,1715040,false,349.362768173218,0.0,0.0,0.007,0.0,2
underground,128,15.45,5.58599996566772,0.0,43.445,0.033,0.0,0,131.019813537598,0,1715040,false,349.362764358521,0.0,0.0,0.016,0.0,2
underground,129,16.53,5.59899997711182,0.0,43.445,0.033,0.0,0,131.019813537598,0,1715040,false,349.368932723999,0.0,0.0,0.007,0.0,2
underground,130,16.523,5.6100001335144,0.0,43.445,0.033,0.0,0,131.019813537598,0,1715040,false,349.368932723999,0.0,0.0,0.006,0.0,2
underground,131,16.746,5.62200021743774,0.0,43.445,0.033,0.0,0,131.019813537598,0,1715040,false,349.368936538696,0.0,0.0,0.008,0.0,2
underground,132,16.731,5.60400009155273,0.0,43.445,0.033,0.0,0,131.019813537598,0,1715040,false,349.368936538696,0.0,0.0,0.008,0.0,2
underground,133,16.781,5.60599994659424,0.0,43.445,0.033,0.0,0,131.019813537598,0,1715040,false,349.368936538696,0.0,0.0,0.011,0.0,2
underground,134,19.966,6.01900005340576,0.0,43.445,0.033,0.0,0,131.019813537598,0,1715040,false,349.368936538696,0.0,0.0,0.012,0.0,2
underground,135,13.48,5.59999990463257,0.0,43.445,0.033,0.0,0,131.019813537598,0,1715040,false,349.368932723999,0.0,0.0,0.011,0.0,2
underground,136,16.734,5.61199998855591,0.0,43.445,0.033,0.0,0,131.019813537598,0,1715040,false,349.375104904175,0.0,0.0,0.013,0.0,2
underground,137,16.823,5.60599994659424,0.0,43.445,0.033,0.0,0,131.019813537598,0,1715040,false,349.375104904175,0.0,0.0,0.013,0.0,2
underground,138,16.779,5.59999990463257,0.0,43.445,0.033,0.0,0,131.019813537598,0,1715040,false,349.375173568726,0.0,0.0,0.012,0.0,2
underground,139,16.331,5.6100001335144,0.0,43.445,0.033,0.0,0,131.019813537598,0,1715040,false,349.375101089478,0.0,0.0,0.013,0.0,2
underground,140,17.005,5.60599994659424,0.0,43.445,0.033,0.0,0,131.019813537598,0,1715040,false,349.375104904175,0.0,0.0,0.012,0.0,2
underground,141,18.622,5.60599994659424,0.0,43.445,0.033,0.0,0,131.019813537598,0,1715040,false,349.378309249878,0.0,0.0,0.012,0.0,2
underground,142,14.218,5.59499979019165,0.0,43.445,0.033,0.0,0,131.019813537598,0,1715040,false,349.378309249878,0.0,0.0,0.013,0.0,2
underground,143,16.951,5.60099983215332,0.0,43.445,0.033,0.0,0,131.019813537598,0,1715040,false,349.384477615356,0.0,0.0,0.014,0.0,2
underground,144,16.379,5.62599992752075,0.0,43.445,0.033,0.0,0,131.019813537598,0,1715040,false,349.384477615356,0.0,0.0,0.012,0.0,2
underground,145,16.744,5.625,0.0,43.445,0.033,0.0,0,131.019813537598,0,1715040,false,349.384435653687,0.0,0.0,0.014,0.0,2
underground,146,16.614,6.56099987030029,0.0,43.445,0.033,0.0,0,131.019813537598,0,1715040,false,349.384477615356,0.0,0.0,0.011,0.0,2
underground,147,16.628,5.58599996566772,0.0,43.445,0.033,0.0,0,131.019813537598,0,1715040,false,349.384477615356,0.0,0.0,0.011,0.0,2
underground,148,19.899,6.48899984359741,0.0,43.445,0.033,0.0,0,131.019813537598,0,1715040,false,349.384477615356,0.0,0.0,0.012,0.0,2
underground,149,13.606,5.57999992370605,0.0,43.445,0.033,0.0,0,131.019813537598,0,1715040,false,349.384477615356,0.0,0.0,0.013,0.0,2
underground,150,16.858,5.60300016403198,0.0,43.445,0.033,0.0,0,131.019813537598,0,1715040,false,349.390645980835,0.0,0.0,0.013,0.0,2
underground,151,16.501,5.59700012207031,0.0,43.445,0.033,0.0,0,131.019813537598,0,1715040,false,349.390645980835,0.0,0.0,0.012,0.0,2
underground,152,16.626,5.59999990463257,0.0,43.445,0.033,0.0,0,131.019813537598,0,1715040,false,349.390645980835,0.0,0.0,0.012,0.0,2
underground,153,16.562,5.60099983215332,0.0,43.445,0.033,0.0,0,131.019813537598,0,1715040,false,349.390645980835,0.0,0.0,0.012,0.0,2
underground,154,17.241,5.59499979019165,0.0,43.445,0.033,0.0,0,131.019813537598,0,1715040,false,349.390714645386,0.0,0.0,0.012,0.0,2
underground,155,19.13,5.59299993515015,0.0,43.445,0.033,0.0,0,131.019813537598,0,1715040,false,349.390642166138,0.0,0.0,0.013,0.0,2
underground,156,13.602,5.59999990463257,0.0,43.445,0.033,0.0,0,131.019813537598,0,1715040,false,349.390645980835,0.0,0.0,0.012,0.0,2
underground,157,16.85,5.61199998855591,0.0,43.445,0.033,0.0,0,131.019813537598,0,1715040,false,349.396810531616,0.0,0.0,0.013,0.0,2
underground,158,16.517,6.54199981689453,0.0,43.445,0.033,0.0,0,131.019813537598,0,1715040,false,349.396814346313,0.0,0.0,0.012,0.0,2
underground,159,16.782,5.59899997711182,0.0,43.445,0.033,0.0,0,131.019813537598,0,1715040,false,349.396814346313,0.0,0.0,0.011,0.0,2
underground,160,16.603,6.56099987030029,0.0,43.445,0.033,0.0,0,131.019813537598,0,1715040,false,349.396814346313,0.0,0.0,0.013,0.0,2
underground,161,16.741,5.60300016403198,0.0,43.445,0.033,0.0,0,131.019813537598,0,1715040,false,349.396814346313,0.0,0.0,0.012,0.0,2
underground,162,19.767,5.59299993515015,0.0,43.445,0.033,0.0,0,131.019813537598,0,1715040,false,349.396814346313,0.0,0.0,0.012,0.0,2
underground,163,13.993,5.59700012207031,0.0,43.445,0.033,0.0,0,131.019813537598,0,1715040,false,349.396814346313,0.0,0.0,0.012,0.0,2
underground,164,16.261,5.60900020599365,0.0,43.445,0.033,0.0,0,131.019813537598,0,1715040,false,349.402982711792,0.0,0.0,0.013,0.0,2
underground,165,16.944,5.61199998855591,0.0,43.445,0.033,0.0,0,131.019813537598,0,1715040,false,349.402982711792,0.0,0.0,0.011,0.0,2
underground,166,16.214,6.56300020217896,0.0,43.445,0.033,0.0,0,131.019813537598,0,1715040,false,349.402982711792,0.0,0.0,0.012,0.0,2
underground,167,16.656,5.60699987411499,0.0,43.445,0.033,0.0,0,131.019813537598,0,1715040,false,349.402982711792,0.0,0.0,0.013,0.0,2
underground,168,16.59,5.61600017547607,0.0,43.445,0.033,0.0,0,131.019813537598,0,1715040,false,349.402978897095,0.0,0.0,0.011,0.0,2
underground,169,20.177,5.60599994659424,0.0,43.445,0.033,0.0,0,131.019813537598,0,1715040,false,349.402982711792,0.0,0.0,0.014,0.0,2
underground,170,14.039,5.61499977111816,0.0,43.445,0.033,0.0,0,131.019813537598,0,1715040,false,349.403051376343,0.0,0.0,0.013,0.0,2
underground,171,16.05,5.59700012207031,0.0,43.445,0.033,0.0,0,131.019813537598,0,1715040,false,349.409147262573,0.0,0.0,0.012,0.0,2
underground,172,16.725,5.62599992752075,0.0,43.445,0.033,0.0,0,131.019813537598,0,1715040,false,349.409151077271,0.0,0.0,0.013,0.0,2
underground,173,16.497,6.06500005722046,0.0,43.445,0.033,0.0,0,131.019813537598,0,1715040,false,349.409151077271,0.0,0.0,0.013,0.0,2
underground,174,16.75,5.59999990463257,0.0,43.445,0.033,0.0,0,131.019813537598,0,1715040,false,349.409147262573,0.0,0.0,0.012,0.0,2
underground,175,17.038,5.63500022888184,0.0,43.445,0.033,0.0,0,131.019813537598,0,1715040,false,349.409151077271,0.0,0.0,0.017,0.0,2
underground,176,18.763,5.58599996566772,0.0,43.445,0.033,0.0,0,131.019813537598,0,1715040,false,349.409151077271,0.0,0.0,0.011,0.0,2
underground,177,14.298,5.60799980163574,0.0,43.445,0.033,0.0,0,131.019813537598,0,1715040,false,349.409151077271,0.0,0.0,0.012,0.0,2
underground,178,16.582,5.60099983215332,0.0,43.445,0.033,0.0,0,131.019813537598,0,1715040,false,349.415319442749,0.0,0.0,0.012,0.0,2
underground,179,16.703,6.14400005340576,0.0,43.445,0.033,0.0,0,131.019813537598,0,1715040,false,349.415319442749,0.0,0.0,0.012,0.0,2
underground,180,16.487,5.6100001335144,0.0,43.445,0.033,0.0,0,131.019813537598,0,1715040,false,349.415315628052,0.0,0.0,0.009,0.0,2
underground,181,16.633,5.61299991607666,0.0,43.445,0.033,0.0,0,131.019813537598,0,1715040,false,349.415319442749,0.0,0.0,0.01,0.0,2
underground,182,16.609,5.61999988555908,0.0,43.445,0.033,0.0,0,131.019813537598,0,1715040,false,349.415319442749,0.0,0.0,0.007,0.0,2
underground,183,19.312,5.6100001335144,0.0,43.445,0.033,0.0,0,131.019813537598,0,1715040,false,349.415315628052,0.0,0.0,0.012,0.0,2
underground,184,14.043,5.61800003051758,0.0,43.445,0.033,0.0,0,131.019813537598,0,1715040,false,349.415319442749,0.0,0.0,0.007,0.0,2
underground,185,16.615,5.65199995040894,0.0,43.445,0.033,0.0,0,131.019813537598,0,1715040,false,349.421487808228,0.0,0.0,0.007,0.0,2
underground,186,17.153,5.61700010299683,0.0,43.445,0.033,0.0,0,131.019813537598,0,1715040,false,349.421556472778,0.0,0.0,0.01,0.0,2
underground,187,16.223,5.60599994659424,0.0,43.445,0.033,0.0,0,131.019813537598,0,1715040,false,349.421487808228,0.0,0.0,0.013,0.0,2
underground,188,16.981,5.59999990463257,0.0,43.445,0.033,0.0,0,131.019813537598,0,1715040,false,349.421487808228,0.0,0.0,0.013,0.0,2
underground,189,16.477,5.60500001907349,0.0,43.445,0.033,0.0,0,131.019813537598,0,1715040,false,349.421487808228,0.0,0.0,0.013,0.0,2
underground,190,19.265,6.58099985122681,0.0,43.445,0.033,0.0,0,131.019813537598,0,1715040,false,349.421487808228,0.0,0.0,0.013,0.0,2
underground,191,14.002,5.625,0.0,43.445,0.033,0.0,0,131.019813537598,0,1715040,false,349.421445846558,0.0,0.0,0.012,0.0,2
underground,192,16.838,5.60300016403198,0.0,43.445,0.033,0.0,0,131.019813537598,0,1715040,false,349.427656173706,0.0,0.0,0.012,0.0,2
underground,193,16.49,5.61399984359741,0.0,43.445,0.033,0.0,0,131.019813537598,0,1715040,false,349.427652359009,0.0,0.0,0.013,0.0,2
underground,194,16.685,5.38000011444092,0.0,43.445,0.033,0.0,0,131.019813537598,0,1715040,false,349.427656173706,0.0,0.0,0.013,0.0,2
underground,195,16.757,5.36600017547607,0.0,43.445,0.033,0.0,0,131.019813537598,0,1715040,false,349.427656173706,0.0,0.0,0.012,0.0,2
underground,196,16.617,6.24300003051758,0.0,43.445,0.033,0.0,0,131.019813537598,0,1715040,false,349.427656173706,0.0,0.0,0.013,0.0,2
underground,197,19.338,5.36499977111816,0.0,43.445,0.033,0.0,0,131.019813537598,0,1715040,false,349.427656173706,0.0,0.0,0.012,0.0,2
underground,198,13.904,5.36299991607666,0.0,43.445,0.033,0.0,0,131.019813537598,0,1715040,false,349.427656173706,0.0,0.0,0.013,0.0,2
underground,199,16.768,5.36100006103516,0.0,43.445,0.033,0.0,0,131.019813537598,0,1715040,false,349.433824539185,0.0,0.0,0.012,0.0,2
underground,200,16.629,5.3769998550415,0.0,43.445,0.033,0.0,0,131.019813537598,0,1715040,false,349.433820724487,0.0,0.0,0.013,0.0,2
underground,201,16.762,5.38299989700317,0.0,43.445,0.033,0.0,0,131.019813537598,0,1715040,false,349.433824539185,0.0,0.0,0.013,0.0,2
underground,202,17.002,6.29400014877319,0.0,43.445,0.033,0.0,0,131.019813537598,0,1715040,false,349.433893203735,0.0,0.0,0.012,0.0,2
underground,203,16.282,5.37900018692017,0.0,43.445,0.033,0.0,0,131.019813537598,0,1715040,false,349.433824539185,0.0,0.0,0.014,0.0,2
underground,204,19.389,5.38000011444092,0.0,43.445,0.033,0.0,0,131.019813537598,0,1715040,false,349.433824539185,0.0,0.0,0.012,0.0,2
underground,205,13.96,5.3600001335144,0.0,43.445,0.033,0.0,0,131.019813537598,0,1715040,false,349.43381690979,0.0,0.0,0.012,0.0,2
underground,206,16.858,5.38500022888184,0.0,43.445,0.033,0.0,0,131.019813537598,0,1715040,false,349.439992904663,0.0,0.0,0.011,0.0,2
underground,207,16.417,5.36899995803833,0.0,43.445,0.033,0.0,0,131.019813537598,0,1715040,false,349.439992904663,0.0,0.0,0.012,0.0,2
underground,208,16.632,5.3769998550415,0.0,43.445,0.033,0.0,0,131.019813537598,0,1715040,false,349.439989089966,0.0,0.0,0.012,0.0,2
underground,209,16.672,5.36800003051758,0.0,43.445,0.033,0.0,0,131.019813537598,0,1715040,false,349.439992904663,0.0,0.0,0.013,0.0,2
underground,210,17.05,5.38600015640259,0.0,43.445,0.033,0.0,0,131.019813537598,0,1715040,false,349.439989089966,0.0,0.0,0.023,0.0,2
underground,211,18.835,5.375,0.0,43.445,0.033,0.0,0,131.019813537598,0,1715040,false,349.444757461548,0.0,0.0,0.01,0.0,2
underground,212,14.341,5.36800003051758,0.0,43.445,0.033,0.0,0,131.019813537598,0,1715040,false,349.444799423218,0.0,0.0,0.007,0.0,2
underground,213,16.621,5.3899998664856,0.0,43.445,0.033,0.0,0,131.019813537598,0,1715040,false,349.450963973999,0.0,0.0,0.012,0.0,2
underground,214,16.467,5.37900018692017,0.0,43.445,0.033,0.0,0,131.019813537598,0,1715040,false,349.450967788696,0.0,0.0,0.012,0.0,2
underground,215,17.076,5.37099981307983,0.0,43.445,0.033,0.0,0,131.019813537598,0,1715040,false,349.450967788696,0.0,0.0,0.013,0.0,2
underground,216,16.317,5.3769998550415,0.0,43.445,0.033,0.0,0,131.019813537598,0,1715040,false,349.450963973999,0.0,0.0,0.012,0.0,2
underground,217,16.565,5.36600017547607,0.0,43.445,0.033,0.0,0,131.019813537598,0,1715040,false,349.450967788696,0.0,0.0,0.013,0.0,2
underground,218,20.128,6.30200004577637,0.0,43.445,0.033,0.0,0,131.019813537598,0,1715040,false,349.451036453247,0.0,0.0,0.012,0.0,2
underground,219,13.331,5.38000011444092,0.0,43.445,0.033,0.0,0,131.019813537598,0,1715040,false,349.450967788696,0.0,0.0,0.013,0.0,2
underground,220,16.683,6.29500007629395,0.0,43.445,0.033,0.0,0,131.019813537598,0,1715040,false,349.457136154175,0.0,0.0,0.012,0.0,2
underground,221,16.539,5.38800001144409,0.0,43.445,0.033,0.0,0,131.019813537598,0,1715040,false,349.457136154175,0.0,0.0,0.013,0.0,2
underground,222,16.645,5.39200019836426,0.0,43.445,0.033,0.0,0,131.019813537598,0,1715040,false,349.457136154175,0.0,0.0,0.012,0.0,2
underground,223,16.731,5.38899993896484,0.0,43.445,0.033,0.0,0,131.019813537598,0,1715040,false,349.457136154175,0.0,0.0,0.012,0.0,2
underground,224,16.712,5.39499998092651,0.0,43.445,0.033,0.0,0,131.019813537598,0,1715040,false,349.457136154175,0.0,0.0,0.012,0.0,2
underground,225,20.243,5.38199996948242,0.0,43.445,0.033,0.0,0,131.019813537598,0,1715040,false,349.457136154175,0.0,0.0,0.012,0.0,2
underground,226,13.032,6.30600023269653,0.0,43.445,0.033,0.0,0,131.019813537598,0,1715040,false,349.457136154175,0.0,0.0,0.012,0.0,2
underground,227,16.941,5.38299989700317,0.0,43.445,0.033,0.0,0,131.019813537598,0,1715040,false,349.463304519653,0.0,0.0,0.013,0.0,2
underground,228,16.412,5.3769998550415,0.0,43.445,0.033,0.0,0,131.019813537598,0,1715040,false,349.464868545532,0.0,0.0,0.013,0.0,2
underground,229,16.684,5.3769998550415,0.0,43.445,0.033,0.0,0,131.019813537598,0,1715040,false,349.464868545532,0.0,0.0,0.012,0.0,2
underground,230,16.676,5.38100004196167,0.0,43.445,0.033,0.0,0,131.019813537598,0,1715040,false,349.464872360229,0.0,0.0,0.013,0.0,2
underground,231,16.691,5.38399982452393,0.0,43.445,0.033,0.0,0,131.019813537598,0,1715040,false,349.464872360229,0.0,0.0,0.013,0.0,2
underground,232,19.734,6.28000020980835,0.0,43.445,0.033,0.0,0,131.019813537598,0,1715040,false,349.464872360229,0.0,0.0,0.012,0.0,2
underground,233,13.499,5.37400007247925,0.0,43.445,0.033,0.0,0,131.019813537598,0,1715040,false,349.464872360229,0.0,0.0,0.012,0.0,2
underground,234,17.177,5.38000011444092,0.0,43.445,0.033,0.0,0,131.019813537598,0,1715040,false,349.471109390259,0.0,0.0,0.01,0.0,2
underground,235,16.112,5.36999988555908,0.0,43.445,0.033,0.0,0,131.019813537598,0,1715040,false,349.471040725708,0.0,0.0,0.012,0.0,2
underground,236,16.66,5.36999988555908,0.0,43.445,0.033,0.0,0,131.019813537598,0,1715040,false,349.471036911011,0.0,0.0,0.012,0.0,2
underground,237,16.886,5.37799978256226,0.0,43.445,0.033,0.0,0,131.019813537598,0,1715040,false,349.471040725708,0.0,0.0,0.014,0.0,2
underground,238,16.559,6.30499982833862,0.0,43.445,0.033,0.0,0,131.019813537598,0,1715040,false,349.471040725708,0.0,0.0,0.013,0.0,2
underground,239,19.351,5.38399982452393,0.0,43.445,0.033,0.0,0,131.019813537598,0,1715040,false,349.471040725708,0.0,0.0,0.012,0.0,2
underground,240,13.943,5.39599990844727,0.0,43.445,0.033,0.0,0,131.019813537598,0,1715040,false,349.471040725708,0.0,0.0,0.012,0.0,2
underground,241,16.799,5.39400005340576,0.0,43.445,0.033,0.0,0,131.019813537598,0,1715040,false,349.477209091187,0.0,0.0,0.012,0.0,2
underground,242,16.669,6.31300020217896,0.0,43.445,0.033,0.0,0,131.019813537598,0,1715040,false,349.477209091187,0.0,0.0,0.012,0.0,2
underground,243,16.52,5.37799978256226,0.0,43.445,0.033,0.0,0,131.019813537598,0,1715040,false,349.477205276489,0.0,0.0,0.011,0.0,2
underground,244,16.737,6.31599998474121,0.0,43.445,0.033,0.0,0,131.019813537598,0,1715040,false,349.477209091187,0.0,0.0,0.013,0.0,2
underground,245,16.658,5.43300008773804,0.0,43.445,0.033,0.0,0,131.019813537598,0,1715040,false,349.477209091187,0.0,0.0,0.012,0.0,2
underground,246,20.072,5.37400007247925,0.0,43.445,0.033,0.0,0,131.019813537598,0,1715040,false,349.477209091187,0.0,0.0,0.012,0.0,2
underground,247,13.135,5.38899993896484,0.0,43.445,0.033,0.0,0,131.019813537598,0,1715040,false,349.477209091187,0.0,0.0,0.012,0.0,2
underground,248,16.931,5.38100004196167,0.0,43.445,0.033,0.0,0,131.019813537598,0,1715040,false,349.483377456665,0.0,0.0,0.011,0.0,2
underground,249,16.439,5.375,0.0,43.445,0.033,0.0,0,131.019813537598,0,1715040,false,349.483335494995,0.0,0.0,0.009,0.0,2
underground,250,16.769,6.31500005722046,0.0,43.445,0.033,0.0,0,131.019813537598,0,1715040,false,349.483446121216,0.0,0.0,0.007,0.0,2
underground,251,16.361,5.39799976348877,0.0,43.445,0.033,0.0,0,131.019813537598,0,1715040,false,349.483377456665,0.0,0.0,0.007,0.0,2
underground,252,16.952,5.37599992752075,0.0,43.445,0.033,0.0,0,131.019813537598,0,1715040,false,349.483377456665,0.0,0.0,0.014,0.0,2
underground,253,19.975,5.3730001449585,0.0,43.445,0.033,0.0,0,131.019813537598,0,1715040,false,349.483373641968,0.0,0.0,0.016,0.0,2
underground,254,13.261,5.3730001449585,0.0,43.445,0.033,0.0,0,131.019813537598,0,1715040,false,349.483373641968,0.0,0.0,0.011,0.0,2
underground,255,16.955,5.9210000038147,0.0,43.445,0.033,0.0,0,131.019813537598,0,1715040,false,349.489542007446,0.0,0.0,0.014,0.0,2
underground,256,16.488,5.39099979400635,0.0,43.445,0.033,0.0,0,131.019813537598,0,1715040,false,349.489545822144,0.0,0.0,0.013,0.0,2
underground,257,16.746,5.89699983596802,0.0,43.445,0.033,0.0,0,131.019813537598,0,1715040,false,349.489545822144,0.0,0.0,0.012,0.0,2
underground,258,16.676,5.41300010681152,0.0,43.445,0.033,0.0,0,131.019813537598,0,1715040,false,349.489545822144,0.0,0.0,0.012,0.0,2
underground,259,16.612,5.37099981307983,0.0,43.445,0.033,0.0,0,131.019813537598,0,1715040,false,349.489545822144,0.0,0.0,0.013,0.0,2
underground,260,19.417,5.38100004196167,0.0,43.445,0.033,0.0,0,131.019813537598,0,1715040,false,349.489545822144,0.0,0.0,0.011,0.0,2
underground,261,13.86,5.38100004196167,0.0,43.445,0.033,0.0,0,131.019813537598,0,1715040,false,349.489542007446,0.0,0.0,0.012,0.0,2
underground,262,16.718,6.30900001525879,0.0,43.445,0.033,0.0,0,131.019813537598,0,1715040,false,349.495714187622,0.0,0.0,0.011,0.0,2
underground,263,16.564,5.37200021743774,0.0,43.445,0.033,0.0,0,131.019813537598,0,1715040,false,349.495714187622,0.0,0.0,0.013,0.0,2
underground,264,16.721,5.39200019836426,0.0,43.445,0.033,0.0,0,131.019813537598,0,1715040,false,349.495714187622,0.0,0.0,0.013,0.0,2
underground,265,16.579,5.82100009918213,0.0,43.445,0.033,0.0,0,131.019813537598,0,1715040,false,349.495714187622,0.0,0.0,0.013,0.0,2
underground,266,17.196,6.31599998474121,0.0,43.445,0.033,0.0,0,131.019813537598,0,1715040,false,349.495782852173,0.0,0.0,0.012,0.0,2
underground,267,19.265,5.37400007247925,0.0,43.445,0.033,0.0,0,131.019813537598,0,1715040,false,349.495714187622,0.0,0.0,0.011,0.0,2
underground,268,13.609,6.26599979400635,0.0,43.445,0.033,0.0,0,131.019813537598,0,1715040,false,349.495714187622,0.0,0.0,0.012,0.0,2
underground,269,16.808,5.39099979400635,0.0,43.445,0.033,0.0,0,131.019813537598,0,1715040,false,349.501882553101,0.0,0.0,0.012,0.0,2
underground,270,16.525,5.38299989700317,0.0,43.445,0.033,0.0,0,131.019813537598,0,1715040,false,349.501882553101,0.0,0.0,0.013,0.0,2
underground,271,16.664,5.38800001144409,0.0,43.445,0.033,0.0,0,131.019813537598,0,1715040,false,349.501882553101,0.0,0.0,0.012,0.0,2
underground,272,16.626,5.38600015640259,0.0,43.445,0.033,0.0,0,131.019813537598,0,1715040,false,349.501882553101,0.0,0.0,0.011,0.0,2
underground,273,16.764,5.38800001144409,0.0,43.445,0.033,0.0,0,131.019813537598,0,1715040,false,349.501882553101,0.0,0.0,0.013,0.0,2
underground,274,19.292,5.375,0.0,43.445,0.033,0.0,0,131.019813537598,0,1715040,false,349.501840591431,0.0,0.0,0.013,0.0,2
underground,275,14.081,5.40500020980835,0.0,43.445,0.033,0.0,0,131.019813537598,0,1715040,false,349.501882553101,0.0,0.0,0.014,0.0,2
underground,276,16.623,5.38199996948242,0.0,43.445,0.033,0.0,0,131.019813537598,0,1715040,false,349.508050918579,0.0,0.0,0.011,0.0,2
underground,277,16.614,5.39099979400635,0.0,43.445,0.033,0.0,0,131.019813537598,0,1715040,false,349.508050918579,0.0,0.0,0.012,0.0,2
underground,278,16.815,6.30999994277954,0.0,43.445,0.033,0.0,0,131.019813537598,0,1715040,false,349.508050918579,0.0,0.0,0.012,0.0,2
underground,279,16.5,5.40100002288818,0.0,43.445,0.033,0.0,0,131.019813537598,0,1715040,false,349.508043289185,0.0,0.0,0.013,0.0,2
underground,280,16.676,6.32100009918213,0.0,43.445,0.033,0.0,0,131.019813537598,0,1715040,false,349.508050918579,0.0,0.0,0.012,0.0,2
underground,281,19.866,5.38199996948242,0.0,43.445,0.033,0.0,0,131.019813537598,0,1715040,false,349.508050918579,0.0,0.0,0.012,0.0,2
underground,282,13.954,5.38100004196167,0.0,43.445,0.033,0.0,0,131.019813537598,0,1715040,false,349.50811958313,0.0,0.0,0.012,0.0,2
underground,283,16.299,5.40500020980835,0.0,43.445,0.033,0.0,0,131.019813537598,0,1715040,false,349.514219284058,0.0,0.0,0.012,0.0,2
underground,284,16.498,5.37099981307983,0.0,43.445,0.033,0.0,0,131.019813537598,0,1715040,false,349.514219284058,0.0,0.0,0.013,0.0,2
underground,285,17.172,5.39699983596802,0.0,43.445,0.033,0.0,0,131.019813537598,0,1715040,false,349.514219284058,0.0,0.0,0.011,0.0,2
underground,286,16.153,5.81300020217896,0.0,43.445,0.033,0.0,0,131.019813537598,0,1715040,false,349.514219284058,0.0,0.0,0.013,0.0,2
underground,287,16.637,5.39599990844727,0.0,43.445,0.033,0.0,0,131.019813537598,0,1715040,false,349.514219284058,0.0,0.0,0.011,0.0,2
underground,288,19.84,5.39499998092651,0.0,43.445,0.033,0.0,0,131.019813537598,0,1715040,false,349.51421546936,0.0,0.0,0.012,0.0,2
underground,289,13.607,5.38500022888184,0.0,43.445,0.033,0.0,0,131.019813537598,0,1715040,false,349.514219284058,0.0,0.0,0.012,0.0,2
underground,290,16.984,5.39499998092651,0.0,43.445,0.033,0.0,0,131.019813537598,0,1715040,false,349.520387649536,0.0,0.0,0.012,0.0,2
underground,291,16.204,5.38000011444092,0.0,43.445,0.033,0.0,0,131.019813537598,0,1715040,false,349.520387649536,0.0,0.0,0.011,0.0,2
underground,292,16.81,6.29699993133545,0.0,43.445,0.033,0.0,0,131.019813537598,0,1715040,false,349.520383834839,0.0,0.0,0.012,0.0,2
underground,293,16.527,5.39099979400635,0.0,43.445,0.033,0.0,0,131.019813537598,0,1715040,false,349.520387649536,0.0,0.0,0.016,0.0,2
underground,294,16.856,5.40100002288818,0.0,43.445,0.033,0.0,0,131.019813537598,0,1715040,false,349.520387649536,0.0,0.0,0.013,0.0,2
underground,295,19.205,5.39699983596802,0.0,43.445,0.033,0.0,0,131.019813537598,0,1715040,false,349.520387649536,0.0,0.0,0.011,0.0,2
underground,296,14.046,5.39900016784668,0.0,43.445,0.033,0.0,0,131.019813537598,0,1715040,false,349.520387649536,0.0,0.0,0.012,0.0,2
underground,297,16.751,5.3769998550415,0.0,43.445,0.033,0.0,0,131.019813537598,0,1715040,false,349.526552200317,0.0,0.0,0.009,0.0,2
underground,298,16.949,6.33799982070923,0.0,43.445,0.033,0.0,0,131.019813537598,0,1715040,false,349.526624679565,0.0,0.0,0.012,0.0,2
underground,299,16.221,5.38800001144409,0.0,43.445,0.033,0.0,0,131.019813537598,0,1715040,false,349.526556015015,0.0,0.0,0.012,0.0,2
underground,300,16.716,5.38899993896484,0.0,43.445,0.033,0.0,0,131.019813537598,0,1715040,false,349.526556015015,0.0,0.0,0.012,0.0,2
underground,301,16.701,5.38899993896484,0.0,43.445,0.033,0.0,0,131.019813537598,0,1715040,false,349.526556015015,0.0,0.0,0.012,0.0,2
construction,1,12.292,3.98099994659424,0.0,14.471,0.854,0.0,0,128.935859680176,0,1668954,false,342.327781677246,0.0,0.0,0.013,0.0,2
construction,2,19.923,3.96700000762939,0.0,14.471,0.854,0.0,0,128.935859680176,0,1668954,false,342.333950042725,0.0,0.0,0.012,0.0,2
construction,3,13.7,3.84200000762939,0.0,14.471,0.854,0.0,0,128.935859680176,0,1668954,false,342.334056854248,0.0,0.0,0.009,0.0,2
construction,4,16.25,3.83400011062622,0.0,14.471,0.854,0.0,0,128.935859680176,0,1668954,false,342.334083557129,0.0,0.0,0.009,0.0,2
construction,5,16.756,4.76300001144409,0.0,14.471,0.854,0.0,0,128.935859680176,0,1668954,false,342.334087371826,0.0,0.0,0.012,0.0,2
construction,6,16.667,3.82800006866455,0.0,14.471,0.854,0.0,0,128.935859680176,0,1668954,false,342.334224700928,0.0,0.0,0.012,0.0,2
construction,7,16.696,3.82200002670288,0.0,14.471,0.854,0.0,0,128.935859680176,0,1668954,false,342.334224700928,0.0,0.0,0.012,0.0,2
construction,8,16.699,3.83899998664856,0.0,14.471,0.854,0.0,0,128.935859680176,0,1668954,false,342.334224700928,0.0,0.0,0.013,0.0,2
construction,9,19.703,3.84800004959106,0.0,14.471,0.854,0.0,0,128.935859680176,0,1668954,false,342.340576171875,0.0,0.0,0.011,0.0,2
construction,10,13.556,3.95199990272522,0.0,14.471,0.854,0.0,0,128.935859680176,0,1668954,false,342.340579986572,0.0,0.0,0.011,0.0,2
construction,11,16.819,3.94099998474121,0.0,14.471,0.854,0.0,0,128.935859680176,0,1668954,false,342.340579986572,0.0,0.0,0.012,0.0,2
construction,12,16.687,3.93499994277954,0.0,14.471,0.854,0.0,0,128.935859680176,0,1668954,false,342.340579986572,0.0,0.0,0.013,0.0,2
construction,13,16.544,3.93099999427795,0.0,14.471,0.854,0.0,0,128.935859680176,0,1668954,false,342.340854644775,0.0,0.0,0.012,0.0,2
construction,14,16.644,3.93400001525879,0.0,14.471,0.854,0.0,0,128.935859680176,0,1668954,false,342.340854644775,0.0,0.0,0.012,0.0,2
construction,15,16.681,3.93600010871887,0.0,14.471,0.854,0.0,0,128.935859680176,0,1668954,false,342.340854644775,0.0,0.0,0.013,0.0,2
construction,16,20.005,3.94000005722046,0.0,14.471,0.854,0.0,0,128.935859680176,0,1668954,false,342.347023010254,0.0,0.0,0.013,0.0,2
construction,17,13.314,4.91900014877319,0.0,14.471,0.854,0.0,0,128.935859680176,0,1668954,false,342.347023010254,0.0,0.0,0.012,0.0,2
construction,18,16.639,3.90899991989136,0.0,14.471,0.854,0.0,0,128.935859680176,0,1668954,false,342.347023010254,0.0,0.0,0.011,0.0,2
construction,19,17.574,3.91799998283386,0.0,14.471,0.854,0.0,0,128.935859680176,0,1668954,false,342.347503662109,0.0,0.0,0.012,0.0,2
construction,20,15.856,3.91499996185303,0.0,14.471,0.854,0.0,0,128.935859680176,0,1668954,false,342.347434997559,0.0,0.0,0.014,0.0,2
construction,21,16.598,3.91599988937378,0.0,14.471,0.854,0.0,0,128.935859680176,0,1668954,false,342.347434997559,0.0,0.0,0.011,0.0,2
construction,22,16.654,4.01599979400635,0.0,14.471,0.854,0.0,0,128.935859680176,0,1668954,false,342.347434997559,0.0,0.0,0.012,0.0,2
construction,23,20.045,4.02600002288818,0.0,14.471,0.854,0.0,0,128.935859680176,0,1668954,false,342.353603363037,0.0,0.0,0.013,0.0,2
construction,24,13.421,4.55499982833862,0.0,14.471,0.854,0.0,0,128.935859680176,0,1668954,false,342.353603363037,0.0,0.0,0.012,0.0,2
construction,25,16.585,4.02199983596802,0.0,14.471,0.854,0.0,0,128.935859680176,0,1668954,false,342.353603363037,0.0,0.0,0.012,0.0,2
construction,26,16.653,4.03399991989136,0.0,14.471,0.854,0.0,0,128.935859680176,0,1668954,false,342.353603363037,0.0,0.0,0.013,0.0,2
construction,27,16.655,4.02600002288818,0.0,14.471,0.854,0.0,0,128.935859680176,0,1668954,false,342.353603363037,0.0,0.0,0.011,0.0,2
construction,28,16.671,4.03000020980835,0.0,14.471,0.854,0.0,0,128.935859680176,0,1668954,false,342.354244232178,0.0,0.0,0.012,0.0,2
construction,29,16.699,4.03599977493286,0.0,14.471,0.854,0.0,0,128.935859680176,0,1668954,false,342.354244232178,0.0,0.0,0.012,0.0,2
construction,30,19.641,4.02199983596802,0.0,14.471,0.854,0.0,0,128.935859680176,0,1668954,false,342.360412597656,0.0,0.0,0.026,0.0,2
construction,31,13.641,4.01999998092651,0.0,14.471,0.854,0.0,0,128.935859680176,0,1668954,false,342.360412597656,0.0,0.0,0.012,0.0,2
construction,32,16.657,4.04099988937378,0.0,14.471,0.854,0.0,0,128.935859680176,0,1668954,false,342.360412597656,0.0,0.0,0.012,0.0,2
construction,33,16.677,4.0310001373291,0.0,14.471,0.854,0.0,0,128.935859680176,0,1668954,false,342.360408782959,0.0,0.0,0.011,0.0,2
construction,34,16.541,6.89099979400635,0.0,14.471,0.854,0.0,0,128.935859680176,0,1668954,false,342.360412597656,0.0,0.0,0.008,0.0,2
construction,35,16.891,6.85799980163574,0.0,14.471,0.854,0.0,0,128.935859680176,0,1668954,false,342.360481262207,0.0,0.0,0.007,0.0,2
construction,36,16.503,7.75400018692017,0.0,14.471,0.854,0.0,0,128.935859680176,0,1668954,false,342.360412597656,0.0,0.0,0.011,0.0,2
construction,37,19.686,7.0019998550415,0.0,14.471,0.854,0.0,0,128.935859680176,0,1668954,false,342.366577148438,0.0,0.0,0.012,0.0,2
construction,38,13.604,8.52600002288818,0.0,14.471,0.854,0.0,0,128.935859680176,0,1668954,false,342.366580963135,0.0,0.0,0.01,0.0,2
construction,39,16.738,6.94299983978271,0.0,14.471,0.854,0.0,0,128.935859680176,0,1668954,false,342.366580963135,0.0,0.0,0.012,0.0,2
construction,40,16.516,7.64799976348877,0.0,14.471,0.854,0.0,0,128.935859680176,0,1668954,false,342.366580963135,0.0,0.0,0.007,0.0,2
construction,41,16.878,7.07000017166138,0.0,14.471,0.854,0.0,0,128.935859680176,0,1668954,false,342.366580963135,0.0,0.0,0.013,0.0,2
construction,42,16.567,7.80800008773804,0.0,14.471,0.854,0.0,0,128.935859680176,0,1668954,false,342.367542266846,0.0,0.0,0.01,0.0,2
construction,43,16.704,6.69999980926514,0.0,14.471,0.854,0.0,0,128.935859680176,0,1668954,false,342.367542266846,0.0,0.0,0.011,0.0,2
construction,44,18.979,7.91599988937378,0.0,14.471,0.854,0.0,0,128.935859680176,0,1668954,false,342.373710632324,0.0,0.0,0.01,0.0,2
construction,45,14.297,6.83199977874756,0.0,14.471,0.854,0.0,0,128.935859680176,0,1668954,false,342.373710632324,0.0,0.0,0.009,0.0,2
construction,46,16.639,7.45800018310547,0.0,14.471,0.854,0.0,0,128.935859680176,0,1668954,false,342.373710632324,0.0,0.0,0.009,0.0,2
construction,47,16.744,6.45499992370605,0.0,14.471,0.854,0.0,0,128.935859680176,0,1668954,false,342.373710632324,0.0,0.0,0.011,0.0,2
construction,48,16.7,7.28700017929077,0.0,14.471,0.854,0.0,0,128.935859680176,0,1668954,false,342.37370300293,0.0,0.0,0.011,0.0,2
construction,49,16.681,6.21799993515015,0.0,14.471,0.854,0.0,0,128.935859680176,0,1668954,false,342.373710632324,0.0,0.0,0.012,0.0,2
construction,50,16.693,7.3270001411438,0.0,14.471,0.854,0.0,0,128.935859680176,0,1668954,false,342.373706817627,0.0,0.0,0.013,0.0,2
construction,51,19.823,6.27400016784668,0.0,14.471,0.854,0.0,0,128.935859680176,0,1668954,false,342.379947662354,0.0,0.0,0.011,0.0,2
construction,52,13.424,6.44199991226196,0.0,14.471,0.854,0.0,0,128.935859680176,0,1668954,false,342.379878997803,0.0,0.0,0.012,0.0,2
construction,53,16.696,6.44999980926514,0.0,14.471,0.854,0.0,0,128.935859680176,0,1668954,false,342.379878997803,0.0,0.0,0.012,0.0,2
construction,54,16.651,6.13000011444092,0.0,14.471,0.854,0.0,0,128.935859680176,0,1668954,false,342.379878997803,0.0,0.0,0.012,0.0,2
construction,55,16.653,6.27899980545044,0.0,14.471,0.854,0.0,0,128.935859680176,0,1668954,false,342.379878997803,0.0,0.0,0.009,0.0,2
construction,56,16.624,6.9850001335144,0.0,14.471,0.854,0.0,0,128.935859680176,0,1668954,false,342.379875183105,0.0,0.0,0.01,0.0,2
construction,57,16.733,6.76100015640259,0.0,14.471,0.854,0.0,0,128.935859680176,0,1668954,false,342.379878997803,0.0,0.0,0.011,0.0,2
construction,58,19.654,6.25,0.0,14.471,0.854,0.0,0,128.935859680176,0,1668954,false,342.386001586914,0.0,0.0,0.012,0.0,2
construction,59,13.66,6.01300001144409,0.0,14.471,0.854,0.0,0,128.935859680176,0,1668954,false,342.386043548584,0.0,0.0,0.01,0.0,2
construction,60,16.568,6.16599988937378,0.0,14.471,0.854,0.0,0,128.935859680176,0,1668954,false,342.386047363281,0.0,0.0,0.012,0.0,2
construction,61,16.735,6.15799999237061,0.0,14.471,0.854,0.0,0,128.935859680176,0,1668954,false,342.386047363281,0.0,0.0,0.006,0.0,2
construction,62,16.616,6.07399988174438,0.0,14.471,0.854,0.0,0,128.935859680176,0,1668954,false,342.386047363281,0.0,0.0,0.01,0.0,2
construction,63,16.784,6.19999980926514,0.0,14.471,0.854,0.0,0,128.935859680176,0,1668954,false,342.387466430664,0.0,0.0,0.012,0.0,2
construction,64,16.628,5.89099979400635,0.0,14.471,0.854,0.0,0,128.935859680176,0,1668954,false,342.387466430664,0.0,0.0,0.011,0.0,2
construction,65,18.832,5.88800001144409,0.0,14.471,0.854,0.0,0,128.935859680176,0,1668954,false,342.393634796143,0.0,0.0,0.007,0.0,2
construction,66,14.423,6.85400009155273,0.0,14.471,0.854,0.0,0,128.935859680176,0,1668954,false,342.393634796143,0.0,0.0,0.01,0.0,2
construction,67,17.201,6.08199977874756,0.0,14.471,0.854,0.0,0,128.935859680176,0,1668954,false,342.393703460693,0.0,0.0,0.012,0.0,2
construction,68,16.208,6.23299980163574,0.0,14.471,0.854,0.0,0,128.935859680176,0,1668954,false,342.393634796143,0.0,0.0,0.011,0.0,2
construction,69,16.711,6.32399988174438,0.0,14.471,0.854,0.0,0,128.935859680176,0,1668954,false,342.393634796143,0.0,0.0,0.012,0.0,2
construction,70,17.03,5.91800022125244,0.0,14.471,0.854,0.0,0,128.935859680176,0,1668954,false,342.393630981445,0.0,0.0,0.013,0.0,2
construction,71,16.263,6.11299991607666,0.0,14.471,0.854,0.0,0,128.935859680176,0,1668954,false,342.393634796143,0.0,0.0,0.012,0.0,2
construction,72,19.542,6.88100004196167,0.0,14.471,0.854,0.0,0,128.935859680176,0,1668954,false,342.399803161621,0.0,0.0,0.012,0.0,2
construction,73,13.783,6.00400018692017,0.0,14.471,0.854,0.0,0,128.935859680176,0,1668954,false,342.399803161621,0.0,0.0,0.011,0.0,2
construction,74,16.688,7.0149998664856,0.0,14.471,0.854,0.0,0,128.935859680176,0,1668954,false,342.399799346924,0.0,0.0,0.012,0.0,2
construction,75,16.714,6.19199991226196,0.0,14.471,0.854,0.0,0,128.935859680176,0,1668954,false,342.399803161621,0.0,0.0,0.012,0.0,2
construction,76,16.562,5.81899976730347,0.0,14.471,0.854,0.0,0,128.935859680176,0,1668954,false,342.399803161621,0.0,0.0,0.011,0.0,2
construction,77,16.733,6.05100011825562,0.0,14.471,0.854,0.0,0,128.935859680176,0,1668954,false,342.399803161621,0.0,0.0,0.012,0.0,2
construction,78,16.626,6.82100009918213,0.0,14.471,0.854,0.0,0,128.935859680176,0,1668954,false,342.399803161621,0.0,0.0,0.011,0.0,2
construction,79,20.561,6.22300004959106,0.0,14.471,0.854,0.0,0,128.935859680176,0,1668954,false,342.4059715271,0.0,0.0,0.012,0.0,2
construction,80,12.707,6.96799993515015,0.0,14.471,0.854,0.0,0,128.935859680176,0,1668954,false,342.4059715271,0.0,0.0,0.009,0.0,2
construction,81,16.612,6.09600019454956,0.0,14.471,0.854,0.0,0,128.935859680176,0,1668954,false,342.4059715271,0.0,0.0,0.007,0.0,2
construction,82,16.696,5.82100009918213,0.0,14.471,0.854,0.0,0,128.935859680176,0,1668954,false,342.4059715271,0.0,0.0,0.009,0.0,2
construction,83,17.097,2.84299993515015,0.0,14.471,0.854,0.0,0,128.935859680176,0,1668954,false,342.40604019165,0.0,0.0,0.008,0.0,2
construction,84,16.345,2.76399993896484,0.0,14.471,0.854,0.0,0,128.935859680176,0,1668954,false,342.4059715271,0.0,0.0,0.011,0.0,2
construction,85,16.682,2.83599996566772,0.0,14.471,0.854,0.0,0,128.935859680176,0,1668954,false,342.4059715271,0.0,0.0,0.013,0.0,2
construction,86,20.04,2.84899997711182,0.0,14.471,0.854,0.0,0,128.935859680176,0,1668954,false,342.412136077881,0.0,0.0,0.015,0.0,2
construction,87,13.305,2.84299993515015,0.0,14.471,0.854,0.0,0,128.935859680176,0,1668954,false,342.412139892578,0.0,0.0,0.012,0.0,2
construction,88,16.689,2.79200005531311,0.0,14.471,0.854,0.0,0,128.935859680176,0,1668954,false,342.412139892578,0.0,0.0,0.012,0.0,2
construction,89,16.684,2.83800005912781,0.0,14.471,0.854,0.0,0,128.935859680176,0,1668954,false,342.412139892578,0.0,0.0,0.013,0.0,2
construction,90,16.605,2.78200006484985,0.0,14.471,0.854,0.0,0,128.935859680176,0,1668954,false,342.412139892578,0.0,0.0,0.011,0.0,2
construction,91,16.764,2.85199999809265,0.0,14.471,0.854,0.0,0,128.935859680176,0,1668954,false,342.412139892578,0.0,0.0,0.013,0.0,2
construction,92,16.643,2.76300001144409,0.0,14.471,0.854,0.0,0,128.935859680176,0,1668954,false,342.412139892578,0.0,0.0,0.015,0.0,2
construction,93,18.48,2.8510000705719,0.0,14.471,0.854,0.0,0,128.935859680176,0,1668954,false,342.418300628662,0.0,0.0,0.012,0.0,2
construction,94,14.813,2.83699989318848,0.0,14.471,0.854,0.0,0,128.935859680176,0,1668954,false,342.420459747314,0.0,0.0,0.012,0.0,2
construction,95,16.635,2.82999992370605,0.0,14.471,0.854,0.0,0,128.935859680176,0,1668954,false,342.420459747314,0.0,0.0,0.012,0.0,2
construction,96,16.644,2.37599992752075,0.0,14.471,0.854,0.0,0,128.935859680176,0,1668954,false,342.420459747314,0.0,0.0,0.012,0.0,2
construction,97,16.755,2.83899998664856,0.0,14.471,0.854,0.0,0,128.935859680176,0,1668954,false,342.420459747314,0.0,0.0,0.013,0.0,2
construction,98,16.55,2.85999989509583,0.0,14.471,0.854,0.0,0,128.935859680176,0,1668954,false,342.420455932617,0.0,0.0,0.01,0.0,2
construction,99,17.262,2.78900003433228,0.0,14.471,0.854,0.0,0,128.935859680176,0,1668954,false,342.420528411865,0.0,0.0,0.013,0.0,2
construction,100,18.058,2.85500001907349,0.0,14.471,0.854,0.0,0,128.935859680176,0,1668954,false,342.42663192749,0.0,0.0,0.01,0.0,2
construction,101,14.795,2.37199997901917,0.0,14.471,0.854,0.0,0,128.935859680176,0,1668954,false,342.42663192749,0.0,0.0,0.013,0.0,2
construction,102,16.566,2.84100008010864,0.0,14.471,0.854,0.0,0,128.935859680176,0,1668954,false,342.42663192749,0.0,0.0,0.016,0.0,2
construction,103,16.695,2.85599994659424,0.0,14.471,0.854,0.0,0,128.935859680176,0,1668954,false,342.42663192749,0.0,0.0,0.012,0.0,2
construction,104,16.71,2.84299993515015,0.0,14.471,0.854,0.0,0,128.935859680176,0,1668954,false,342.426628112793,0.0,0.0,0.013,0.0,2
construction,105,16.65,2.38000011444092,0.0,14.471,0.854,0.0,0,128.935859680176,0,1668954,false,342.426628112793,0.0,0.0,0.012,0.0,2
construction,106,16.644,2.37899994850159,0.0,14.471,0.854,0.0,0,128.935859680176,0,1668954,false,342.42663192749,0.0,0.0,0.012,0.0,2
construction,107,20.045,2.84800004959106,0.0,14.471,0.854,0.0,0,128.935859680176,0,1668954,false,342.432800292969,0.0,0.0,0.013,0.0,2
construction,108,13.26,2.50500011444092,0.0,14.471,0.854,0.0,0,128.935859680176,0,1668954,false,342.432796478271,0.0,0.0,0.011,0.0,2
construction,109,16.677,2.75399994850159,0.0,14.471,0.854,0.0,0,128.935859680176,0,1668954,false,342.432800292969,0.0,0.0,0.012,0.0,2
construction,110,16.678,2.75500011444092,0.0,14.471,0.854,0.0,0,128.935859680176,0,1668954,false,342.432800292969,0.0,0.0,0.012,0.0,2
construction,111,16.698,2.74399995803833,0.0,14.471,0.854,0.0,0,128.935859680176,0,1668954,false,342.432800292969,0.0,0.0,0.013,0.0,2
construction,112,16.607,2.7590000629425,0.0,14.471,0.854,0.0,0,128.935859680176,0,1668954,false,342.432796478271,0.0,0.0,0.012,0.0,2
construction,113,16.664,2.76200008392334,0.0,14.471,0.854,0.0,0,128.935859680176,0,1668954,false,342.432800292969,0.0,0.0,0.011,0.0,2
construction,114,19.739,2.75799989700317,0.0,14.471,0.854,0.0,0,128.935859680176,0,1668954,false,342.438968658447,0.0,0.0,0.012,0.0,2
construction,115,14.152,2.75699996948242,0.0,14.471,0.854,0.0,0,128.935859680176,0,1668954,false,342.439037322998,0.0,0.0,0.012,0.0,2
construction,116,16.171,2.36999988555908,0.0,14.471,0.854,0.0,0,128.935859680176,0,1668954,false,342.438968658447,0.0,0.0,0.012,0.0,2
construction,117,16.724,2.75699996948242,0.0,14.471,0.854,0.0,0,128.935859680176,0,1668954,false,342.438968658447,0.0,0.0,0.012,0.0,2
construction,118,16.492,2.37700009346008,0.0,14.471,0.854,0.0,0,128.935859680176,0,1668954,false,342.438968658447,0.0,0.0,0.01,0.0,2
construction,119,16.76,2.37100005149841,0.0,14.471,0.854,0.0,0,128.935859680176,0,1668954,false,342.43896484375,0.0,0.0,0.013,0.0,2
construction,120,16.689,2.7720000743866,0.0,14.471,0.854,0.0,0,128.935859680176,0,1668954,false,342.43896484375,0.0,0.0,0.012,0.0,2
construction,121,19.767,2.38199996948242,0.0,14.471,0.854,0.0,0,128.935859680176,0,1668954,false,342.445137023926,0.0,0.0,0.013,0.0,2
construction,122,13.568,2.75699996948242,0.0,14.471,0.854,0.0,0,128.935859680176,0,1668954,false,342.445137023926,0.0,0.0,0.013,0.0,2
construction,123,16.792,2.36800003051758,0.0,14.471,0.854,0.0,0,128.935859680176,0,1668954,false,342.445137023926,0.0,0.0,0.013,0.0,2
construction,124,16.534,2.74900007247925,0.0,14.471,0.854,0.0,0,128.935859680176,0,1668954,false,342.445137023926,0.0,0.0,0.012,0.0,2
construction,125,16.667,2.36899995803833,0.0,14.471,0.854,0.0,0,128.935859680176,0,1668954,false,342.445137023926,0.0,0.0,0.012,0.0,2
construction,126,16.63,2.3840000629425,0.0,14.471,0.854,0.0,0,128.935859680176,0,1668954,false,342.445129394531,0.0,0.0,0.012,0.0,2
construction,127,16.683,2.75799989700317,0.0,14.471,0.854,0.0,0,128.935859680176,0,1668954,false,342.445137023926,0.0,0.0,0.012,0.0,2
construction,128,19.798,2.74399995803833,0.0,14.471,0.854,0.0,0,128.935859680176,0,1668954,false,342.451305389404,0.0,0.0,0.012,0.0,2
construction,129,13.545,2.76900005340576,0.0,14.471,0.854,0.0,0,128.935859680176,0,1668954,false,342.451305389404,0.0,0.0,0.012,0.0,2
construction,130,16.645,2.76500010490417,0.0,14.471,0.854,0.0,0,128.935859680176,0,1668954,false,342.451305389404,0.0,0.0,0.013,0.0,2
construction,131,17.211,2.37199997901917,0.0,14.471,0.854,0.0,0,128.935859680176,0,1668954,false,342.451374053955,0.0,0.0,0.012,0.0,2
construction,132,16.096,2.76900005340576,0.0,14.471,0.854,0.0,0,128.935859680176,0,1668954,false,342.451305389404,0.0,0.0,0.012,0.0,2
construction,133,16.681,2.37100005149841,0.0,14.471,0.854,0.0,0,128.935859680176,0,1668954,false,342.451305389404,0.0,0.0,0.012,0.0,2
construction,134,16.684,2.76900005340576,0.0,14.471,0.854,0.0,0,128.935859680176,0,1668954,false,342.451305389404,0.0,0.0,0.013,0.0,2
construction,135,19.95,2.76799988746643,0.0,14.471,0.854,0.0,0,128.935859680176,0,1668954,false,342.457469940186,0.0,0.0,0.012,0.0,2
construction,136,13.373,2.76699995994568,0.0,14.471,0.854,0.0,0,128.935859680176,0,1668954,false,342.457473754883,0.0,0.0,0.012,0.0,2
construction,137,16.657,2.7720000743866,0.0,14.471,0.854,0.0,0,128.935859680176,0,1668954,false,342.457469940186,0.0,0.0,0.012,0.0,2
construction,138,16.728,2.7720000743866,0.0,14.471,0.854,0.0,0,128.935859680176,0,1668954,false,342.457469940186,0.0,0.0,0.012,0.0,2
construction,139,16.994,2.7590000629425,0.0,14.471,0.854,0.0,0,128.935859680176,0,1668954,false,342.457469940186,0.0,0.0,0.011,0.0,2
construction,140,16.34,2.7720000743866,0.0,14.471,0.854,0.0,0,128.935859680176,0,1668954,false,342.457466125488,0.0,0.0,0.013,0.0,2
construction,141,16.59,2.76300001144409,0.0,14.471,0.854,0.0,0,128.935859680176,0,1668954,false,342.460674285889,0.0,0.0,0.011,0.0,2
construction,142,19.697,2.77600002288818,0.0,14.471,0.854,0.0,0,128.935859680176,0,1668954,false,342.466846466064,0.0,0.0,0.012,0.0,2
construction,143,13.665,2.81399989128113,0.0,14.471,0.854,0.0,0,128.935859680176,0,1668954,false,342.466846466064,0.0,0.0,0.013,0.0,2
construction,144,16.684,2.82200002670288,0.0,14.471,0.854,0.0,0,128.935859680176,0,1668954,false,342.466846466064,0.0,0.0,0.013,0.0,2
construction,145,16.653,2.81399989128113,0.0,14.471,0.854,0.0,0,128.935859680176,0,1668954,false,342.466846466064,0.0,0.0,0.012,0.0,2
construction,146,16.666,2.81100010871887,0.0,14.471,0.854,0.0,0,128.935859680176,0,1668954,false,342.466846466064,0.0,0.0,0.013,0.0,2
construction,147,17.149,2.80399990081787,0.0,14.471,0.854,0.0,0,128.935859680176,0,1668954,false,342.466915130615,0.0,0.0,0.012,0.0,2
construction,148,16.253,2.81900000572205,0.0,14.471,0.854,0.0,0,128.935859680176,0,1668954,false,342.466846466064,0.0,0.0,0.012,0.0,2
construction,149,19.777,2.41799998283386,0.0,14.471,0.854,0.0,0,128.935859680176,0,1668954,false,342.473014831543,0.0,0.0,0.012,0.0,2
construction,150,13.458,2.82299995422363,0.0,14.471,0.854,0.0,0,128.935859680176,0,1668954,false,342.473014831543,0.0,0.0,0.011,0.0,2
construction,151,16.713,2.82800006866455,0.0,14.471,0.854,0.0,0,128.935859680176,0,1668954,false,342.473014831543,0.0,0.0,0.012,0.0,2
construction,152,16.652,2.8199999332428,0.0,14.471,0.854,0.0,0,128.935859680176,0,1668954,false,342.473011016846,0.0,0.0,0.013,0.0,2
construction,153,16.646,2.82399988174438,0.0,14.471,0.854,0.0,0,128.935859680176,0,1668954,false,342.473014831543,0.0,0.0,0.012,0.0,2
construction,154,16.519,2.81500005722046,0.0,14.471,0.854,0.0,0,128.935859680176,0,1668954,false,342.473014831543,0.0,0.0,0.007,0.0,2
construction,155,16.796,2.44000005722046,0.0,14.471,0.854,0.0,0,128.935859680176,0,1668954,false,342.473014831543,0.0,0.0,0.011,0.0,2
construction,156,19.725,2.42700004577637,0.0,14.471,0.854,0.0,0,128.935859680176,0,1668954,false,342.479183197021,0.0,0.0,0.013,0.0,2
construction,157,13.628,2.80599999427795,0.0,14.471,0.854,0.0,0,128.935859680176,0,1668954,false,342.479183197021,0.0,0.0,0.012,0.0,2
construction,158,16.727,2.87100005149841,0.0,14.471,0.854,0.0,0,128.935859680176,0,1668954,false,342.479183197021,0.0,0.0,0.013,0.0,2
construction,159,16.609,2.81500005722046,0.0,14.471,0.854,0.0,0,128.935859680176,0,1668954,false,342.479183197021,0.0,0.0,0.013,0.0,2
construction,160,16.688,2.82100009918213,0.0,14.471,0.854,0.0,0,128.935859680176,0,1668954,false,342.479183197021,0.0,0.0,0.011,0.0,2
construction,161,16.639,2.42400002479553,0.0,14.471,0.854,0.0,0,128.935859680176,0,1668954,false,342.479183197021,0.0,0.0,0.012,0.0,2
construction,162,16.697,2.81500005722046,0.0,14.471,0.854,0.0,0,128.935859680176,0,1668954,false,342.479183197021,0.0,0.0,0.012,0.0,2
construction,163,19.969,2.80800008773804,0.0,14.471,0.854,0.0,0,128.935859680176,0,1668954,false,342.485420227051,0.0,0.0,0.012,0.0,2
construction,164,13.416,2.80399990081787,0.0,14.471,0.854,0.0,0,128.935859680176,0,1668954,false,342.4853515625,0.0,0.0,0.015,0.0,2
construction,165,16.591,2.82200002670288,0.0,14.471,0.854,0.0,0,128.935859680176,0,1668954,false,342.4853515625,0.0,0.0,0.012,0.0,2
construction,166,16.654,2.81599998474121,0.0,14.471,0.854,0.0,0,128.935859680176,0,1668954,false,342.4853515625,0.0,0.0,0.012,0.0,2
construction,167,16.706,2.81699991226196,0.0,14.471,0.854,0.0,0,128.935859680176,0,1668954,false,342.4853515625,0.0,0.0,0.012,0.0,2
construction,168,16.634,2.42700004577637,0.0,14.471,0.854,0.0,0,128.935859680176,0,1668954,false,342.4853515625,0.0,0.0,0.012,0.0,2
construction,169,16.667,2.80900001525879,0.0,14.471,0.854,0.0,0,128.935859680176,0,1668954,false,342.4853515625,0.0,0.0,0.011,0.0,2
construction,170,19.916,2.81800007820129,0.0,14.471,0.854,0.0,0,128.935859680176,0,1668954,false,342.491519927979,0.0,0.0,0.011,0.0,2
construction,171,13.416,2.81800007820129,0.0,14.471,0.854,0.0,0,128.935859680176,0,1668954,false,342.491519927979,0.0,0.0,0.012,0.0,2
construction,172,16.781,2.8050000667572,0.0,14.471,0.854,0.0,0,128.935859680176,0,1668954,false,342.491516113281,0.0,0.0,0.012,0.0,2
construction,173,16.545,2.81299996376038,0.0,14.471,0.854,0.0,0,128.935859680176,0,1668954,false,342.491519927979,0.0,0.0,0.011,0.0,2
construction,174,16.681,2.81500005722046,0.0,14.471,0.854,0.0,0,128.935859680176,0,1668954,false,342.491519927979,0.0,0.0,0.012,0.0,2
construction,175,16.702,2.80900001525879,0.0,14.471,0.854,0.0,0,128.935859680176,0,1668954,false,342.491519927979,0.0,0.0,0.014,0.0,2
construction,176,16.638,2.81299996376038,0.0,14.471,0.854,0.0,0,128.935859680176,0,1668954,false,342.491519927979,0.0,0.0,0.012,0.0,2
construction,177,19.685,2.43600010871887,0.0,14.471,0.854,0.0,0,128.935859680176,0,1668954,false,342.497688293457,0.0,0.0,0.012,0.0,2
construction,178,13.643,2.42000007629395,0.0,14.471,0.854,0.0,0,128.935859680176,0,1668954,false,342.497688293457,0.0,0.0,0.011,0.0,2
construction,179,17.551,2.80599999427795,0.0,14.471,0.854,0.0,0,128.935859680176,0,1668954,false,342.497756958008,0.0,0.0,0.011,0.0,2
construction,180,15.774,2.80200004577637,0.0,14.471,0.854,0.0,0,128.935859680176,0,1668954,false,342.497688293457,0.0,0.0,0.013,0.0,2
construction,181,16.644,2.81100010871887,0.0,14.471,0.854,0.0,0,128.935859680176,0,1668954,false,342.497688293457,0.0,0.0,0.012,0.0,2
construction,182,17.055,2.81200003623962,0.0,14.471,0.854,0.0,0,128.935859680176,0,1668954,false,342.497688293457,0.0,0.0,0.012,0.0,2
construction,183,16.316,2.42400002479553,0.0,14.471,0.854,0.0,0,128.935859680176,0,1668954,false,342.497688293457,0.0,0.0,0.012,0.0,2
construction,184,19.488,2.80599999427795,0.0,14.471,0.854,0.0,0,128.935859680176,0,1668954,false,342.503856658936,0.0,0.0,0.011,0.0,2
construction,185,13.82,2.41499996185303,0.0,14.471,0.854,0.0,0,128.935859680176,0,1668954,false,342.503852844238,0.0,0.0,0.013,0.0,2
construction,186,16.666,2.80900001525879,0.0,14.471,0.854,0.0,0,128.935859680176,0,1668954,false,342.503856658936,0.0,0.0,0.012,0.0,2
construction,187,16.714,2.4210000038147,0.0,14.471,0.854,0.0,0,128.935859680176,0,1668954,false,342.503852844238,0.0,0.0,0.012,0.0,2
construction,188,16.61,2.8050000667572,0.0,14.471,0.854,0.0,0,128.935859680176,0,1668954,false,342.503849029541,0.0,0.0,0.012,0.0,2
construction,189,16.694,2.43300008773804,0.0,14.471,0.854,0.0,0,128.935859680176,0,1668954,false,342.503856658936,0.0,0.0,0.013,0.0,2
construction,190,16.633,2.81200003623962,0.0,14.471,0.854,0.0,0,128.935859680176,0,1668954,false,342.503856658936,0.0,0.0,0.012,0.0,2
construction,191,19.649,3.54699993133545,0.0,14.471,0.854,0.0,0,128.935859680176,0,1668954,false,342.510025024414,0.0,0.0,0.011,0.0,2
construction,192,13.659,3.70300006866455,0.0,14.471,0.854,0.0,0,128.935859680176,0,1668954,false,342.510025024414,0.0,0.0,0.011,0.0,2
construction,193,16.67,3.70099997520447,0.0,14.471,0.854,0.0,0,128.935859680176,0,1668954,false,342.510021209717,0.0,0.0,0.012,0.0,2
construction,194,16.697,3.69700002670288,0.0,14.471,0.854,0.0,0,128.935859680176,0,1668954,false,342.510025024414,0.0,0.0,0.013,0.0,2
construction,195,17.238,3.69799995422363,0.0,14.471,0.854,0.0,0,128.935859680176,0,1668954,false,342.510093688965,0.0,0.0,0.014,0.0,2
construction,196,16.16,3.70799994468689,0.0,14.471,0.854,0.0,0,128.935859680176,0,1668954,false,342.510021209717,0.0,0.0,0.013,0.0,2
construction,197,16.576,3.6949999332428,0.0,14.471,0.854,0.0,0,128.935859680176,0,1668954,false,342.510021209717,0.0,0.0,0.012,0.0,2
construction,198,19.238,4.65100002288818,0.0,14.471,0.854,0.0,0,128.935859680176,0,1668954,false,342.516193389893,0.0,0.0,0.012,0.0,2
construction,199,14.382,3.70000004768372,0.0,14.471,0.854,0.0,0,128.935859680176,0,1668954,false,342.516193389893,0.0,0.0,0.009,0.0,2
construction,200,16.267,4.28800010681152,0.0,14.471,0.854,0.0,0,128.935859680176,0,1668954,false,342.516193389893,0.0,0.0,0.008,0.0,2
construction,201,16.762,5.09000015258789,0.0,14.471,0.854,0.0,0,128.935859680176,0,1668954,false,342.516193389893,0.0,0.0,0.011,0.0,2
construction,202,16.721,3.79299998283386,0.0,14.471,0.854,0.0,0,128.935859680176,0,1668954,false,342.516193389893,0.0,0.0,0.013,0.0,2
construction,203,16.669,3.78699994087219,0.0,14.471,0.854,0.0,0,128.935859680176,0,1668954,false,342.516193389893,0.0,0.0,0.012,0.0,2
construction,204,16.636,3.78699994087219,0.0,14.471,0.854,0.0,0,128.935859680176,0,1668954,false,342.516193389893,0.0,0.0,0.013,0.0,2
construction,205,19.76,4.5310001373291,0.0,14.471,0.854,0.0,0,128.935859680176,0,1668954,false,342.522354125977,0.0,0.0,0.013,0.0,2
construction,206,13.586,3.78299999237061,0.0,14.471,0.854,0.0,0,128.935859680176,0,1668954,false,342.522361755371,0.0,0.0,0.013,0.0,2
construction,207,16.661,3.77900004386902,0.0,14.471,0.854,0.0,0,128.935859680176,0,1668954,false,342.522361755371,0.0,0.0,0.013,0.0,2
construction,208,16.696,4.29400014877319,0.0,14.471,0.854,0.0,0,128.935859680176,0,1668954,false,342.522361755371,0.0,0.0,0.012,0.0,2
construction,209,16.633,3.78999996185303,0.0,14.471,0.854,0.0,0,128.935859680176,0,1668954,false,342.522361755371,0.0,0.0,0.011,0.0,2
construction,210,16.802,3.79099988937378,0.0,14.471,0.854,0.0,0,128.935859680176,0,1668954,false,342.522361755371,0.0,0.0,0.013,0.0,2
construction,211,17.008,3.79200005531311,0.0,14.471,0.854,0.0,0,128.935859680176,0,1668954,false,342.530418395996,0.0,0.0,0.012,0.0,2
construction,212,19.503,4.25099992752075,0.0,14.471,0.854,0.0,0,128.935859680176,0,1668954,false,342.536518096924,0.0,0.0,0.014,0.0,2
construction,213,13.317,3.77900004386902,0.0,14.471,0.854,0.0,0,128.935859680176,0,1668954,false,342.536518096924,0.0,0.0,0.012,0.0,2
construction,214,16.68,3.78200006484985,0.0,14.471,0.854,0.0,0,128.935859680176,0,1668954,false,342.536514282227,0.0,0.0,0.011,0.0,2
construction,215,16.74,3.87800002098084,0.0,14.471,0.854,0.0,0,128.935859680176,0,1668954,false,342.536514282227,0.0,0.0,0.012,0.0,2
construction,216,16.592,3.87599992752075,0.0,14.471,0.854,0.0,0,128.935859680176,0,1668954,false,342.536518096924,0.0,0.0,0.01,0.0,2
construction,217,16.694,3.87100005149841,0.0,14.471,0.854,0.0,0,128.935859680176,0,1668954,false,342.536518096924,0.0,0.0,0.013,0.0,2
construction,218,17.236,3.88199996948242,0.0,14.471,0.854,0.0,0,128.935859680176,0,1668954,false,342.536518096924,0.0,0.0,0.013,0.0,2
construction,219,18.853,3.86299991607666,0.0,14.471,0.854,0.0,0,128.935859680176,0,1668954,false,342.542686462402,0.0,0.0,0.012,0.0,2
construction,220,13.912,3.85999989509583,0.0,14.471,0.854,0.0,0,128.935859680176,0,1668954,false,342.542686462402,0.0,0.0,0.012,0.0,2
construction,221,16.635,3.88299989700317,0.0,14.471,0.854,0.0,0,128.935859680176,0,1668954,false,342.542686462402,0.0,0.0,0.011,0.0,2
construction,222,16.681,3.88599991798401,0.0,14.471,0.854,0.0,0,128.935859680176,0,1668954,false,342.542686462402,0.0,0.0,0.011,0.0,2
construction,223,16.672,3.86500000953674,0.0,14.471,0.854,0.0,0,128.935859680176,0,1668954,false,342.542686462402,0.0,0.0,0.013,0.0,2
construction,224,16.729,3.89599990844727,0.0,14.471,0.854,0.0,0,128.935859680176,0,1668954,false,342.545867919922,0.0,0.0,0.014,0.0,2
construction,225,16.736,4.83699989318848,0.0,14.471,0.854,0.0,0,128.935859680176,0,1668954,false,342.545867919922,0.0,0.0,0.012,0.0,2
construction,226,19.434,4.01900005340576,0.0,14.471,0.854,0.0,0,128.935859680176,0,1668954,false,342.5520362854,0.0,0.0,0.011,0.0,2
construction,227,14.269,5.0479998588562,0.0,14.471,0.854,0.0,0,128.935859680176,0,1668954,false,342.552101135254,0.0,0.0,0.012,0.0,2
construction,228,16.132,3.99399995803833,0.0,14.471,0.854,0.0,0,128.935859680176,0,1668954,false,342.5520362854,0.0,0.0,0.011,0.0,2
construction,229,16.733,3.97900009155273,0.0,14.471,0.854,0.0,0,128.935859680176,0,1668954,false,342.5520362854,0.0,0.0,0.013,0.0,2
construction,230,17.133,3.97499990463257,0.0,14.471,0.854,0.0,0,128.935859680176,0,1668954,false,342.5520362854,0.0,0.0,0.014,0.0,2
construction,231,16.159,5.04899978637695,0.0,14.471,0.854,0.0,0,128.935859680176,0,1668954,false,342.5520362854,0.0,0.0,0.012,0.0,2
construction,232,16.82,5.04899978637695,0.0,14.471,0.854,0.0,0,128.935859680176,0,1668954,false,342.552032470703,0.0,0.0,0.013,0.0,2
construction,233,19.817,5.00799989700317,0.0,14.471,0.854,0.0,0,128.935859680176,0,1668954,false,342.558204650879,0.0,0.0,0.012,0.0,2
construction,234,13.351,4.98600006103516,0.0,14.471,0.854,0.0,0,128.935859680176,0,1668954,false,342.558204650879,0.0,0.0,0.012,0.0,2
construction,235,16.922,3.97399997711182,0.0,14.471,0.854,0.0,0,128.935859680176,0,1668954,false,342.558204650879,0.0,0.0,0.012,0.0,2
construction,236,16.417,4.98000001907349,0.0,14.471,0.854,0.0,0,128.935859680176,0,1668954,false,342.558204650879,0.0,0.0,0.012,0.0,2
construction,237,16.627,4.51999998092651,0.0,14.471,0.854,0.0,0,128.935859680176,0,1668954,false,342.558204650879,0.0,0.0,0.011,0.0,2
construction,238,16.711,3.98399996757507,0.0,14.471,0.854,0.0,0,128.935859680176,0,1668954,false,342.558204650879,0.0,0.0,0.013,0.0,2
construction,239,16.523,3.98099994659424,0.0,14.471,0.854,0.0,0,128.935859680176,0,1668954,false,342.558204650879,0.0,0.0,0.007,0.0,2
construction,240,19.865,5.0479998588562,0.0,14.471,0.854,0.0,3,128.935859680176,0,1668954,false,342.568672180176,0.0,0.0,0.009,0.0,2
construction,241,13.763,4.09299993515015,0.0,14.471,0.854,0.0,3,128.935859680176,0,1668954,false,342.674953460693,0.0,0.0,0.013,0.0,2
construction,242,20.245,4.08799982070923,0.0,11.684,1.141,0.0,1,129.020797729492,0,1668954,false,342.963432312012,0.0,0.0,3.58,0.0,2
construction,243,15.058,4.07600021362305,0.0,10.94,1.282,0.0,0,129.063236236572,0,1668954,false,343.003177642822,0.0,0.0,1.596,0.0,2
construction,244,15.306,5.12799978256226,0.0,11.785,0.689,0.0,0,129.106109619141,0,1668954,false,343.087509155273,0.0,0.0,0.891,0.0,2
construction,245,15.89,4.0770001411438,0.0,11.785,0.689,0.0,0,129.106109619141,0,1668954,false,343.088123321533,0.0,0.0,0.011,0.0,2
construction,246,16.711,4.07999992370605,0.0,11.785,0.689,0.0,0,129.106109619141,0,1668954,false,343.088130950928,0.0,0.0,0.012,0.0,2
construction,247,20.411,4.08300018310547,0.0,11.785,0.689,0.0,0,128.535522460938,0,1668954,false,342.512100219727,0.0,0.0,0.009,0.0,2
construction,248,13.387,4.07999992370605,0.0,11.785,0.689,0.0,0,128.535522460938,0,1668954,false,342.485092163086,0.0,0.0,0.012,0.0,2
construction,249,16.154,4.07200002670288,0.0,11.785,0.689,0.0,0,128.535522460938,0,1668954,false,342.485092163086,0.0,0.0,0.011,0.0,2
construction,250,16.836,4.07100009918213,0.0,11.785,0.689,0.0,0,128.535522460938,0,1668954,false,342.484245300293,0.0,0.0,0.012,0.0,2
construction,251,16.531,5.10300016403198,0.0,11.785,0.689,0.0,0,128.535522460938,0,1668954,false,342.484245300293,0.0,0.0,0.012,0.0,2
construction,252,16.613,4.07600021362305,0.0,11.785,0.689,0.0,0,128.535522460938,0,1668954,false,342.484245300293,0.0,0.0,0.011,0.0,2
construction,253,16.756,4.08799982070923,0.0,11.785,0.689,0.0,0,128.535522460938,0,1668954,false,342.484245300293,0.0,0.0,0.013,0.0,2
construction,254,19.764,4.08400011062622,0.0,11.785,0.689,0.0,0,128.535522460938,0,1668954,false,342.490413665771,0.0,0.0,0.013,0.0,2
construction,255,13.51,4.0789999961853,0.0,11.785,0.689,0.0,0,128.535522460938,0,1668954,false,342.490406036377,0.0,0.0,0.012,0.0,2
construction,256,16.662,4.08599996566772,0.0,11.785,0.689,0.0,0,128.535522460938,0,1668954,false,342.490413665771,0.0,0.0,0.012,0.0,2
construction,257,16.675,4.0770001411438,0.0,11.785,0.689,0.0,0,128.535522460938,0,1668954,false,342.490409851074,0.0,0.0,0.013,0.0,2
construction,258,16.664,4.0770001411438,0.0,11.785,0.689,0.0,0,128.535522460938,0,1668954,false,342.490409851074,0.0,0.0,0.012,0.0,2
construction,259,17.542,4.07100009918213,0.0,11.785,0.689,0.0,0,128.535522460938,0,1668954,false,342.490482330322,0.0,0.0,0.012,0.0,2
construction,260,15.825,4.08300018310547,0.0,11.785,0.689,0.0,0,128.535522460938,0,1668954,false,342.490413665771,0.0,0.0,0.012,0.0,2
construction,261,19.7,4.08699989318848,0.0,11.785,0.689,0.0,0,128.535522460938,0,1668954,false,342.496574401855,0.0,0.0,0.013,0.0,2
construction,262,13.587,5.17000007629395,0.0,11.785,0.689,0.0,0,128.535522460938,0,1668954,false,342.49658203125,0.0,0.0,0.013,0.0,2
construction,263,16.709,5.21099996566772,0.0,11.785,0.689,0.0,0,128.535522460938,0,1668954,false,342.49658203125,0.0,0.0,0.012,0.0,2
construction,264,16.855,4.18400001525879,0.0,11.785,0.689,0.0,0,128.535522460938,0,1668954,false,342.49976348877,0.0,0.0,0.012,0.0,2
construction,265,16.46,4.17799997329712,0.0,11.785,0.689,0.0,0,128.535522460938,0,1668954,false,342.499759674072,0.0,0.0,0.011,0.0,2
construction,266,16.636,4.19000005722046,0.0,11.785,0.689,0.0,0,128.535522460938,0,1668954,false,342.502944946289,0.0,0.0,0.012,0.0,2
construction,267,16.666,4.20100021362305,0.0,11.785,0.689,0.0,0,128.535522460938,0,1668954,false,342.502944946289,0.0,0.0,0.012,0.0,2
construction,268,19.528,4.20699977874756,0.0,11.785,0.689,0.0,0,128.535522460938,0,1668954,false,342.509113311768,0.0,0.0,0.012,0.0,2
construction,269,13.814,4.19000005722046,0.0,11.785,0.689,0.0,0,128.535522460938,0,1668954,false,342.509113311768,0.0,0.0,0.012,0.0,2
construction,270,16.665,4.19099998474121,0.0,11.785,0.689,0.0,0,128.535522460938,0,1668954,false,342.509113311768,0.0,0.0,0.012,0.0,2
construction,271,16.689,4.18100023269653,0.0,11.785,0.689,0.0,0,128.535522460938,0,1668954,false,342.509113311768,0.0,0.0,0.014,0.0,2
construction,272,17.373,4.19000005722046,0.0,11.785,0.689,0.0,0,128.535522460938,0,1668954,false,342.509113311768,0.0,0.0,0.012,0.0,2
construction,273,15.93,4.18300008773804,0.0,11.785,0.689,0.0,0,128.535522460938,0,1668954,false,342.50910949707,0.0,0.0,0.013,0.0,2
construction,274,16.713,4.30399990081787,0.0,11.785,0.689,0.0,0,128.535522460938,0,1668954,false,342.509113311768,0.0,0.0,0.012,0.0,2
construction,275,20.397,4.29199981689453,0.0,11.785,0.689,0.0,0,128.535522460938,0,1668954,false,342.515350341797,0.0,0.0,0.012,0.0,2
construction,276,12.888,4.28999996185303,0.0,11.785,0.689,0.0,0,128.535522460938,0,1668954,false,342.515281677246,0.0,0.0,0.013,0.0,2
construction,277,16.677,4.29899978637695,0.0,11.785,0.689,0.0,0,128.535522460938,0,1668954,false,342.515281677246,0.0,0.0,0.012,0.0,2
construction,278,16.793,4.30100011825562,0.0,11.785,0.689,0.0,0,128.535522460938,0,1668954,false,342.515281677246,0.0,0.0,0.015,0.0,2
construction,279,16.524,4.2960000038147,0.0,11.785,0.689,0.0,0,128.535522460938,0,1668954,false,342.515277862549,0.0,0.0,0.012,0.0,2
construction,280,16.7,4.86999988555908,0.0,11.785,0.689,0.0,0,128.535522460938,0,1668954,false,342.515274047852,0.0,0.0,0.013,0.0,2
construction,281,16.698,4.30600023269653,0.0,11.785,0.689,0.0,0,128.535522460938,0,1668954,false,342.515281677246,0.0,0.0,0.013,0.0,2
construction,282,20.259,4.29199981689453,0.0,11.785,0.689,0.0,0,128.535522460938,0,1668954,false,342.521450042725,0.0,0.0,0.011,0.0,2
construction,283,13.025,4.30000019073486,0.0,11.785,0.689,0.0,0,128.535522460938,0,1668954,false,342.521450042725,0.0,0.0,0.013,0.0,2
construction,284,16.696,4.29899978637695,0.0,11.785,0.689,0.0,0,128.535522460938,0,1668954,false,342.521450042725,0.0,0.0,0.012,0.0,2
construction,285,16.597,4.29400014877319,0.0,11.785,0.689,0.0,0,128.535522460938,0,1668954,false,342.521450042725,0.0,0.0,0.011,0.0,2
construction,286,16.57,4.2979998588562,0.0,11.785,0.689,0.0,0,128.535522460938,0,1668954,false,342.52144241333,0.0,0.0,0.008,0.0,2
construction,287,16.767,4.31300020217896,0.0,11.785,0.689,0.0,0,128.535522460938,0,1668954,false,342.521450042725,0.0,0.0,0.012,0.0,2
construction,288,16.766,4.2979998588562,0.0,11.785,0.689,0.0,0,128.535522460938,0,1668954,false,342.521446228027,0.0,0.0,0.013,0.0,2
construction,289,19.605,4.29699993133545,0.0,11.785,0.689,0.0,0,128.535522460938,0,1668954,false,342.530799865723,0.0,0.0,0.012,0.0,2
construction,290,13.682,4.36999988555908,0.0,11.785,0.689,0.0,0,128.535522460938,0,1668954,false,342.530799865723,0.0,0.0,0.012,0.0,2
construction,291,17.14,4.34899997711182,0.0,11.785,0.689,0.0,0,128.535522460938,0,1668954,false,342.530864715576,0.0,0.0,0.012,0.0,2
construction,292,16.165,4.34100008010864,0.0,11.785,0.689,0.0,0,128.535522460938,0,1668954,false,342.530799865723,0.0,0.0,0.012,0.0,2
construction,293,16.646,4.35699987411499,0.0,11.785,0.689,0.0,0,128.535522460938,0,1668954,false,342.530799865723,0.0,0.0,0.011,0.0,2
construction,294,16.691,4.34100008010864,0.0,11.785,0.689,0.0,0,128.535522460938,0,1668954,false,342.530799865723,0.0,0.0,0.011,0.0,2
construction,295,16.737,4.35300016403198,0.0,11.785,0.689,0.0,0,128.535522460938,0,1668954,false,342.530799865723,0.0,0.0,0.012,0.0,2
construction,296,19.919,4.36299991607666,0.0,11.785,0.689,0.0,0,128.535522460938,0,1668954,false,342.536968231201,0.0,0.0,0.013,0.0,2
construction,297,13.325,4.35500001907349,0.0,11.785,0.689,0.0,0,128.535522460938,0,1668954,false,342.536968231201,0.0,0.0,0.012,0.0,2
construction,298,16.693,4.49399995803833,0.0,11.785,0.689,0.0,0,128.535522460938,0,1668954,false,342.536968231201,0.0,0.0,0.012,0.0,2
construction,299,16.651,4.47100019454956,0.0,11.785,0.689,0.0,0,128.535522460938,0,1668954,false,342.536968231201,0.0,0.0,0.012,0.0,2
construction,300,16.681,4.46299982070923,0.0,11.785,0.689,0.0,0,128.535522460938,0,1668954,false,342.536968231201,0.0,0.0,0.012,0.0,2
construction,301,16.617,4.47399997711182,0.0,11.785,0.689,0.0,0,128.535522460938,0,1668954,false,342.536968231201,0.0,0.0,0.011,0.0,2
pre_dig,1,15.122,5.50899982452393,0.0,16.588,1.29,0.0,0,119.119354248047,0,1746184,false,325.171720504761,0.0,0.0,0.012,0.0,2
pre_dig,2,16.528,5.49300003051758,0.0,16.588,1.29,0.0,0,119.119354248047,0,1746184,false,325.172452926636,0.0,0.0,0.007,0.0,2
pre_dig,3,16.657,5.61100006103516,0.0,16.588,1.29,0.0,0,119.119354248047,0,1746184,false,325.172132492065,0.0,0.0,0.006,0.0,2
pre_dig,4,16.844,5.60099983215332,0.0,16.588,1.29,0.0,0,119.119354248047,0,1746184,false,325.1722240448,0.0,0.0,0.012,0.0,2
pre_dig,5,19.679,5.61999988555908,0.0,16.588,1.29,0.0,0,119.119354248047,0,1746184,false,325.1722240448,0.0,0.0,0.012,0.0,2
pre_dig,6,13.786,5.63600015640259,0.0,16.588,1.29,0.0,0,119.119354248047,0,1746184,false,325.17852973938,0.0,0.0,0.011,0.0,2
pre_dig,7,16.358,5.60300016403198,0.0,16.588,1.29,0.0,0,119.119354248047,0,1746184,false,325.17852973938,0.0,0.0,0.008,0.0,2
pre_dig,8,16.712,5.58599996566772,0.0,16.588,1.29,0.0,0,119.119354248047,0,1746184,false,325.17852973938,0.0,0.0,0.007,0.0,2
pre_dig,9,16.612,5.6100001335144,0.0,16.588,1.29,0.0,0,119.119354248047,0,1746184,false,325.178709030151,0.0,0.0,0.006,0.0,2
pre_dig,10,16.68,5.59700012207031,0.0,16.588,1.29,0.0,0,119.119354248047,0,1746184,false,325.178712844849,0.0,0.0,0.007,0.0,2
pre_dig,11,16.9,5.59800004959106,0.0,16.588,1.29,0.0,0,119.119354248047,0,1746184,false,325.178777694702,0.0,0.0,0.007,0.0,2
pre_dig,12,19.408,5.59999990463257,0.0,16.588,1.29,0.0,0,119.119354248047,0,1746184,false,325.178716659546,0.0,0.0,0.009,0.0,2
pre_dig,13,14.008,5.63500022888184,0.0,16.588,1.29,0.0,0,119.119354248047,0,1746184,false,325.185159683228,0.0,0.0,0.013,0.0,2
pre_dig,14,16.406,5.61700010299683,0.0,16.588,1.29,0.0,0,119.119354248047,0,1746184,false,325.185159683228,0.0,0.0,0.009,0.0,2
pre_dig,15,16.752,5.60900020599365,0.0,16.588,1.29,0.0,0,119.119354248047,0,1746184,false,325.185159683228,0.0,0.0,0.011,0.0,2
pre_dig,16,16.686,5.61199998855591,0.0,16.588,1.29,0.0,0,119.119354248047,0,1746184,false,325.185159683228,0.0,0.0,0.013,0.0,2
pre_dig,17,16.68,5.59700012207031,0.0,16.588,1.29,0.0,0,119.119354248047,0,1746184,false,325.18515586853,0.0,0.0,0.013,0.0,2
pre_dig,18,16.652,5.61800003051758,0.0,16.588,1.29,0.0,0,119.119354248047,0,1746184,false,325.185159683228,0.0,0.0,0.01,0.0,2
pre_dig,19,18.229,5.60900020599365,0.0,16.588,1.29,0.0,0,119.119354248047,0,1746184,false,325.185571670532,0.0,0.0,0.007,0.0,2
pre_dig,20,15.019,5.60599994659424,0.0,16.588,1.29,0.0,0,119.119354248047,0,1746184,false,325.191740036011,0.0,0.0,0.007,0.0,2
pre_dig,21,16.695,5.55800008773804,0.0,16.588,1.29,0.0,0,119.119354248047,0,1746184,false,325.191740036011,0.0,0.0,0.01,0.0,2
pre_dig,22,16.588,6.12599992752075,0.0,16.588,1.29,0.0,0,119.119354248047,0,1746184,false,325.191740036011,0.0,0.0,0.008,0.0,2
pre_dig,23,16.978,5.56300020217896,0.0,16.588,1.29,0.0,0,119.119354248047,0,1746184,false,325.191740036011,0.0,0.0,0.012,0.0,2
pre_dig,24,16.505,5.57200002670288,0.0,16.588,1.29,0.0,0,119.119354248047,0,1746184,false,325.191740036011,0.0,0.0,0.011,0.0,2
pre_dig,25,16.466,5.56799983978271,0.0,16.588,1.29,0.0,0,119.119354248047,0,1746184,false,325.191740036011,0.0,0.0,0.006,0.0,2
pre_dig,26,18.574,5.55000019073486,0.0,16.588,1.29,0.0,0,119.119354248047,0,1746184,false,325.191740036011,0.0,0.0,0.008,0.0,2
pre_dig,27,15.407,6.0019998550415,0.0,16.588,1.29,0.0,0,119.119354248047,0,1746184,false,325.197973251343,0.0,0.0,0.009,0.0,2
pre_dig,28,16.108,5.54099988937378,0.0,16.588,1.29,0.0,0,119.119354248047,0,1746184,false,325.19854927063,0.0,0.0,0.01,0.0,2
pre_dig,29,16.613,5.56300020217896,0.0,16.588,1.29,0.0,0,119.119354248047,0,1746184,false,325.19854927063,0.0,0.0,0.007,0.0,2
pre_dig,30,17.005,5.58300018310547,0.0,16.588,1.29,0.0,0,119.119354248047,0,1746184,false,325.19854927063,0.0,0.0,0.013,0.0,2
pre_dig,31,16.499,5.61299991607666,0.0,16.588,1.29,0.0,0,119.119354248047,0,1746184,false,325.19854927063,0.0,0.0,0.012,0.0,2
pre_dig,32,16.64,5.63000011444092,0.0,16.588,1.29,0.0,0,119.119354248047,0,1746184,false,325.198545455933,0.0,0.0,0.013,0.0,2
pre_dig,33,19.934,5.61600017547607,0.0,16.588,1.29,0.0,0,119.119354248047,0,1746184,false,325.19854927063,0.0,0.0,0.012,0.0,2
pre_dig,34,13.592,5.61199998855591,0.0,16.588,1.29,0.0,0,119.119354248047,0,1746184,false,325.204717636108,0.0,0.0,0.012,0.0,2
pre_dig,35,16.474,5.56099987030029,0.0,16.588,1.29,0.0,0,119.119354248047,0,1746184,false,325.204717636108,0.0,0.0,0.012,0.0,2
pre_dig,36,16.97,5.58599996566772,0.0,16.588,1.29,0.0,0,119.119354248047,0,1746184,false,325.204713821411,0.0,0.0,0.013,0.0,2
pre_dig,37,16.333,6.32200002670288,0.0,16.588,1.29,0.0,0,119.119354248047,0,1746184,false,325.204717636108,0.0,0.0,0.011,0.0,2
pre_dig,38,16.69,5.56099987030029,0.0,16.588,1.29,0.0,0,119.119354248047,0,1746184,false,325.204713821411,0.0,0.0,0.011,0.0,2
pre_dig,39,16.796,5.55800008773804,0.0,16.588,1.29,0.0,0,119.119354248047,0,1746184,false,325.204717636108,0.0,0.0,0.013,0.0,2
pre_dig,40,20.284,5.57000017166138,0.0,16.588,1.29,0.0,0,119.119354248047,0,1746184,false,325.204717636108,0.0,0.0,0.012,0.0,2
pre_dig,41,13.094,5.61299991607666,0.0,16.588,1.29,0.0,0,119.119354248047,0,1746184,false,325.210886001587,0.0,0.0,0.012,0.0,2
pre_dig,42,16.595,5.57399988174438,0.0,16.588,1.29,0.0,0,119.119354248047,0,1746184,false,325.211847305298,0.0,0.0,0.011,0.0,2
pre_dig,43,17.043,5.59100008010864,0.0,16.588,1.29,0.0,0,119.119354248047,0,1746184,false,325.211915969849,0.0,0.0,0.012,0.0,2
pre_dig,44,16.191,5.56799983978271,0.0,16.588,1.29,0.0,0,119.119354248047,0,1746184,false,325.211847305298,0.0,0.0,0.012,0.0,2
pre_dig,45,16.655,5.58199977874756,0.0,16.588,1.29,0.0,0,119.119354248047,0,1746184,false,325.211847305298,0.0,0.0,0.012,0.0,2
pre_dig,46,16.689,5.57800006866455,0.0,16.588,1.29,0.0,0,119.119354248047,0,1746184,false,325.211847305298,0.0,0.0,0.013,0.0,2
pre_dig,47,19.882,5.60300016403198,0.0,16.588,1.29,0.0,0,119.119354248047,0,1746184,false,325.211847305298,0.0,0.0,0.013,0.0,2
pre_dig,48,13.591,5.59200000762939,0.0,16.588,1.29,0.0,0,119.119354248047,0,1746184,false,325.218015670776,0.0,0.0,0.012,0.0,2
pre_dig,49,16.5,5.55399990081787,0.0,16.588,1.29,0.0,0,119.119354248047,0,1746184,false,325.218008041382,0.0,0.0,0.012,0.0,2
pre_dig,50,16.668,5.56899976730347,0.0,16.588,1.29,0.0,0,119.119354248047,0,1746184,false,325.218015670776,0.0,0.0,0.013,0.0,2
pre_dig,51,16.7,5.57100009918213,0.0,16.588,1.29,0.0,0,119.119354248047,0,1746184,false,325.218008041382,0.0,0.0,0.013,0.0,2
pre_dig,52,16.655,5.97399997711182,0.0,16.588,1.29,0.0,0,119.119354248047,0,1746184,false,325.218015670776,0.0,0.0,0.013,0.0,2
pre_dig,53,16.645,5.57499980926514,0.0,16.588,1.29,0.0,0,119.119354248047,0,1746184,false,325.218015670776,0.0,0.0,0.013,0.0,2
pre_dig,54,19.835,5.5939998626709,0.0,16.588,1.29,0.0,0,119.119354248047,0,1746184,false,325.218011856079,0.0,0.0,0.012,0.0,2
pre_dig,55,13.641,5.56699991226196,0.0,16.588,1.29,0.0,0,119.119354248047,0,1746184,false,325.224184036255,0.0,0.0,0.011,0.0,2
pre_dig,56,16.527,5.5770001411438,0.0,16.588,1.29,0.0,0,119.119354248047,0,1746184,false,325.224180221558,0.0,0.0,0.012,0.0,2
pre_dig,57,16.661,5.58099985122681,0.0,16.588,1.29,0.0,0,119.119354248047,0,1746184,false,325.224184036255,0.0,0.0,0.014,0.0,2
pre_dig,58,16.675,6.08400011062622,0.0,16.588,1.29,0.0,0,119.119354248047,0,1746184,false,325.224184036255,0.0,0.0,0.013,0.0,2
pre_dig,59,17.152,5.56899976730347,0.0,16.588,1.29,0.0,0,119.119354248047,0,1746184,false,325.224252700806,0.0,0.0,0.013,0.0,2
pre_dig,60,16.176,5.59000015258789,0.0,16.588,1.29,0.0,0,119.119354248047,0,1746184,false,325.224184036255,0.0,0.0,0.012,0.0,2
pre_dig,61,20.138,5.57000017166138,0.0,16.588,1.29,0.0,0,119.119354248047,0,1746184,false,325.224184036255,0.0,0.0,0.013,0.0,2
pre_dig,62,13.374,5.57600021362305,0.0,16.588,1.29,0.0,0,119.119354248047,0,1746184,false,325.230352401733,0.0,0.0,0.012,0.0,2
pre_dig,63,16.478,5.58199977874756,0.0,16.588,1.29,0.0,0,119.119354248047,0,1746184,false,325.231771469116,0.0,0.0,0.012,0.0,2
pre_dig,64,16.656,5.57299995422363,0.0,16.588,1.29,0.0,0,119.119354248047,0,1746184,false,325.231771469116,0.0,0.0,0.012,0.0,2
pre_dig,65,16.719,5.55999994277954,0.0,16.588,1.29,0.0,0,119.119354248047,0,1746184,false,325.231771469116,0.0,0.0,0.013,0.0,2
pre_dig,66,16.77,5.5939998626709,0.0,16.588,1.29,0.0,0,119.119354248047,0,1746184,false,325.231763839722,0.0,0.0,0.012,0.0,2
pre_dig,67,16.497,5.5789999961853,0.0,16.588,1.29,0.0,0,119.119354248047,0,1746184,false,325.231767654419,0.0,0.0,0.011,0.0,2
pre_dig,68,19.789,5.58500003814697,0.0,16.588,1.29,0.0,0,119.119354248047,0,1746184,false,325.231771469116,0.0,0.0,0.013,0.0,2
pre_dig,69,13.728,5.53700017929077,0.0,16.588,1.29,0.0,0,119.119354248047,0,1746184,false,325.237939834595,0.0,0.0,0.012,0.0,2
pre_dig,70,16.653,5.57499980926514,0.0,16.588,1.29,0.0,0,119.119354248047,0,1746184,false,325.237939834595,0.0,0.0,0.013,0.0,2
pre_dig,71,16.461,5.55900001525879,0.0,16.588,1.29,0.0,0,119.119354248047,0,1746184,false,325.237939834595,0.0,0.0,0.01,0.0,2
pre_dig,72,16.584,5.58199977874756,0.0,16.588,1.29,0.0,0,119.119354248047,0,1746184,false,325.237939834595,0.0,0.0,0.007,0.0,2
pre_dig,73,16.636,5.57999992370605,0.0,16.588,1.29,0.0,0,119.119354248047,0,1746184,false,325.237939834595,0.0,0.0,0.007,0.0,2
pre_dig,74,16.756,5.60699987411499,0.0,16.588,1.29,0.0,0,119.119354248047,0,1746184,false,325.237939834595,0.0,0.0,0.009,0.0,2
pre_dig,75,20.29,5.60599994659424,0.0,16.588,1.29,0.0,0,119.119354248047,0,1746184,false,325.238004684448,0.0,0.0,0.012,0.0,2
pre_dig,76,13.037,6.39499998092651,0.0,16.588,1.29,0.0,0,119.119354248047,0,1746184,false,325.244108200073,0.0,0.0,0.007,0.0,2
pre_dig,77,16.717,5.5939998626709,0.0,16.588,1.29,0.0,0,119.119354248047,0,1746184,false,325.244104385376,0.0,0.0,0.011,0.0,2
pre_dig,78,16.901,5.58799982070923,0.0,16.588,1.29,0.0,0,119.119354248047,0,1746184,false,325.244108200073,0.0,0.0,0.011,0.0,2
pre_dig,79,16.476,6.52199983596802,0.0,16.588,1.29,0.0,0,119.119354248047,0,1746184,false,325.244474411011,0.0,0.0,0.012,0.0,2
pre_dig,80,16.677,5.6560001373291,0.0,16.588,1.29,0.0,0,119.119354248047,0,1746184,false,325.244470596313,0.0,0.0,0.031,0.0,2
pre_dig,81,16.683,5.68599987030029,0.0,16.588,1.29,0.0,0,119.119354248047,0,1746184,false,325.244474411011,0.0,0.0,0.013,0.0,2
pre_dig,82,19.901,5.68400001525879,0.0,16.588,1.29,0.0,0,119.119354248047,0,1746184,false,325.244474411011,0.0,0.0,0.013,0.0,2
pre_dig,83,13.569,5.65299987792969,0.0,16.588,1.29,0.0,0,119.119354248047,0,1746184,false,325.250642776489,0.0,0.0,0.012,0.0,2
pre_dig,84,16.53,5.71400022506714,0.0,16.588,1.29,0.0,0,119.119354248047,0,1746184,false,325.250638961792,0.0,0.0,0.013,0.0,2
pre_dig,85,16.526,5.66599988937378,0.0,16.588,1.29,0.0,0,119.119354248047,0,1746184,false,325.250642776489,0.0,0.0,0.009,0.0,2
pre_dig,86,16.591,5.69799995422363,0.0,16.588,1.29,0.0,0,119.119354248047,0,1746184,false,325.250642776489,0.0,0.0,0.007,0.0,2
pre_dig,87,16.837,6.10599994659424,0.0,16.588,1.29,0.0,0,119.119354248047,0,1746184,false,325.250642776489,0.0,0.0,0.016,0.0,2
pre_dig,88,16.643,5.67199993133545,0.0,16.588,1.29,0.0,0,119.119354248047,0,1746184,false,325.250642776489,0.0,0.0,0.012,0.0,2
pre_dig,89,19.968,5.63500022888184,0.0,16.588,1.29,0.0,0,119.119354248047,0,1746184,false,325.250642776489,0.0,0.0,0.011,0.0,2
pre_dig,90,13.555,5.71500015258789,0.0,16.588,1.29,0.0,0,119.119354248047,0,1746184,false,325.256811141968,0.0,0.0,0.011,0.0,2
pre_dig,91,17.026,5.65799999237061,0.0,16.588,1.29,0.0,0,119.119354248047,0,1746184,false,325.256879806519,0.0,0.0,0.012,0.0,2
pre_dig,92,16.14,5.65999984741211,0.0,16.588,1.29,0.0,0,119.119354248047,0,1746184,false,325.256807327271,0.0,0.0,0.012,0.0,2
pre_dig,93,16.711,5.67600011825562,0.0,16.588,1.29,0.0,0,119.119354248047,0,1746184,false,325.256811141968,0.0,0.0,0.013,0.0,2
pre_dig,94,16.631,5.64300012588501,0.0,16.588,1.29,0.0,0,119.119354248047,0,1746184,false,325.258962631226,0.0,0.0,0.011,0.0,2
pre_dig,95,16.682,5.6729998588562,0.0,16.588,1.29,0.0,0,119.119354248047,0,1746184,false,325.258958816528,0.0,0.0,0.013,0.0,2
pre_dig,96,20.047,5.63800001144409,0.0,16.588,1.29,0.0,0,119.119354248047,0,1746184,false,325.258474349976,0.0,0.0,0.013,0.0,2
pre_dig,97,13.667,5.65399980545044,0.0,16.588,1.29,0.0,0,119.119354248047,0,1746184,false,325.264642715454,0.0,0.0,0.013,0.0,2
pre_dig,98,16.121,5.66800022125244,0.0,16.588,1.29,0.0,0,119.119354248047,0,1746184,false,325.264642715454,0.0,0.0,0.008,0.0,2
pre_dig,99,16.685,5.67999982833862,0.0,16.588,1.29,0.0,0,119.119354248047,0,1746184,false,325.264642715454,0.0,0.0,0.007,0.0,2
pre_dig,100,17.182,5.69799995422363,0.0,16.588,1.29,0.0,0,119.119354248047,0,1746184,false,325.264646530151,0.0,0.0,0.012,0.0,2
pre_dig,101,16.477,6.08199977874756,0.0,16.588,1.29,0.0,0,119.119354248047,0,1746184,false,325.264646530151,0.0,0.0,0.016,0.0,2
pre_dig,102,16.461,5.72300004959106,0.0,16.588,1.29,0.0,0,119.119354248047,0,1746184,false,325.264646530151,0.0,0.0,0.011,0.0,2
pre_dig,103,21.453,6.89799976348877,0.0,16.588,1.29,0.0,0,119.119354248047,0,1746184,false,325.264646530151,0.0,0.0,0.014,0.0,2
pre_dig,104,11.996,5.80399990081787,0.0,16.588,1.29,0.0,0,119.119354248047,0,1746184,false,325.27081489563,0.0,0.0,0.012,0.0,2
pre_dig,105,16.373,5.67600011825562,0.0,16.588,1.29,0.0,0,119.119354248047,0,1746184,false,325.27081489563,0.0,0.0,0.006,0.0,2
pre_dig,106,16.661,5.68800020217896,0.0,16.588,1.29,0.0,0,119.119354248047,0,1746184,false,325.27081489563,0.0,0.0,0.007,0.0,2
pre_dig,107,17.135,5.68100023269653,0.0,16.588,1.29,0.0,0,119.119354248047,0,1746184,false,325.270883560181,0.0,0.0,0.009,0.0,2
pre_dig,108,16.297,5.73099994659424,0.0,16.588,1.29,0.0,0,119.119354248047,0,1746184,false,325.27081489563,0.0,0.0,0.009,0.0,2
pre_dig,109,16.737,5.70100021362305,0.0,16.588,1.29,0.0,0,119.119354248047,0,1746184,false,325.27081489563,0.0,0.0,0.011,0.0,2
pre_dig,110,19.532,5.69899988174438,0.0,16.588,1.29,0.0,0,119.119354248047,0,1746184,false,325.27081489563,0.0,0.0,0.012,0.0,2
pre_dig,111,13.737,5.70100021362305,0.0,16.588,1.29,0.0,0,119.119354248047,0,1746184,false,325.276983261108,0.0,0.0,0.007,0.0,2
pre_dig,112,16.602,5.69600009918213,0.0,16.588,1.29,0.0,0,119.119354248047,0,1746184,false,325.276983261108,0.0,0.0,0.009,0.0,2
pre_dig,113,16.883,5.65899991989136,0.0,16.588,1.29,0.0,0,119.119354248047,0,1746184,false,325.276983261108,0.0,0.0,0.013,0.0,2
pre_dig,114,16.618,5.62799978256226,0.0,16.588,1.29,0.0,0,119.119354248047,0,1746184,false,325.276983261108,0.0,0.0,0.012,0.0,2
pre_dig,115,16.498,5.54300022125244,0.0,16.588,1.29,0.0,0,119.119354248047,0,1746184,false,325.276983261108,0.0,0.0,0.01,0.0,2
pre_dig,116,16.625,5.52799987792969,0.0,16.588,1.29,0.0,0,119.119354248047,0,1746184,false,325.276983261108,0.0,0.0,0.006,0.0,2
pre_dig,117,18.323,5.53999996185303,0.0,16.588,1.29,0.0,0,119.119354248047,0,1746184,false,325.276983261108,0.0,0.0,0.007,0.0,2
pre_dig,118,15.133,5.54699993133545,0.0,16.588,1.29,0.0,0,119.119354248047,0,1746184,false,325.283151626587,0.0,0.0,0.008,0.0,2
pre_dig,119,16.549,5.53800010681152,0.0,16.588,1.29,0.0,0,119.119354248047,0,1746184,false,325.283151626587,0.0,0.0,0.007,0.0,2
pre_dig,120,16.654,5.5149998664856,0.0,16.588,1.29,0.0,0,119.119354248047,0,1746184,false,325.28314781189,0.0,0.0,0.007,0.0,2
pre_dig,121,16.76,5.54199981689453,0.0,16.588,1.29,0.0,0,119.119354248047,0,1746184,false,325.28314781189,0.0,0.0,0.009,0.0,2
pre_dig,122,16.573,5.51100015640259,0.0,16.588,1.29,0.0,0,119.119354248047,0,1746184,false,325.283151626587,0.0,0.0,0.007,0.0,2
pre_dig,123,16.934,5.54300022125244,0.0,16.588,1.29,0.0,0,119.119354248047,0,1746184,false,325.283220291138,0.0,0.0,0.006,0.0,2
pre_dig,124,18.121,5.52400016784668,0.0,16.588,1.29,0.0,0,119.119354248047,0,1746184,false,325.283151626587,0.0,0.0,0.007,0.0,2
pre_dig,125,15.269,5.54199981689453,0.0,16.588,1.29,0.0,0,119.119354248047,0,1746184,false,325.289319992065,0.0,0.0,0.01,0.0,2
pre_dig,126,16.345,5.52500009536743,0.0,16.588,1.29,0.0,0,119.119354248047,0,1746184,false,325.289319992065,0.0,0.0,0.007,0.0,2
pre_dig,127,16.682,5.50500011444092,0.0,16.588,1.29,0.0,0,119.119354248047,0,1746184,false,325.289319992065,0.0,0.0,0.007,0.0,2
pre_dig,128,16.654,5.52799987792969,0.0,16.588,1.29,0.0,0,119.119354248047,0,1746184,false,325.289319992065,0.0,0.0,0.008,0.0,2
pre_dig,129,16.663,5.53200006484985,0.0,16.588,1.29,0.0,0,119.119354248047,0,1746184,false,325.289319992065,0.0,0.0,0.007,0.0,2
pre_dig,130,16.673,5.53299999237061,0.0,16.588,1.29,0.0,0,119.119354248047,0,1746184,false,325.289319992065,0.0,0.0,0.006,0.0,2
pre_dig,131,19.89,5.53200006484985,0.0,16.588,1.29,0.0,0,119.119354248047,0,1746184,false,325.289316177368,0.0,0.0,0.012,0.0,2
pre_dig,132,13.981,6.36899995803833,0.0,16.588,1.29,0.0,0,119.119354248047,0,1746184,false,325.295488357544,0.0,0.0,0.013,0.0,2
pre_dig,133,16.339,5.55700016021729,0.0,16.588,1.29,0.0,0,119.119354248047,0,1746184,false,325.295488357544,0.0,0.0,0.013,0.0,2
pre_dig,134,16.47,5.56300020217896,0.0,16.588,1.29,0.0,0,119.119354248047,0,1746184,false,325.295484542847,0.0,0.0,0.007,0.0,2
pre_dig,135,16.634,5.53200006484985,0.0,16.588,1.29,0.0,0,119.119354248047,0,1746184,false,325.295488357544,0.0,0.0,0.007,0.0,2
pre_dig,136,16.859,5.53900003433228,0.0,16.588,1.29,0.0,0,119.119354248047,0,1746184,false,325.295488357544,0.0,0.0,0.012,0.0,2
pre_dig,137,16.686,5.54099988937378,0.0,16.588,1.29,0.0,0,119.119354248047,0,1746184,false,325.295488357544,0.0,0.0,0.012,0.0,2
pre_dig,138,18.959,5.57200002670288,0.0,16.588,1.29,0.0,0,119.119354248047,0,1746184,false,325.295488357544,0.0,0.0,0.009,0.0,2
pre_dig,139,15.163,5.55999994277954,0.0,16.588,1.29,0.0,0,119.119354248047,0,1746184,false,325.301725387573,0.0,0.0,0.013,0.0,2
pre_dig,140,15.713,5.55999994277954,0.0,16.588,1.29,0.0,0,119.119354248047,0,1746184,false,325.301656723022,0.0,0.0,0.007,0.0,2
pre_dig,141,16.806,5.52199983596802,0.0,16.588,1.29,0.0,0,119.119354248047,0,1746184,false,325.304861068726,0.0,0.0,0.013,0.0,2
pre_dig,142,16.692,5.55600023269653,0.0,16.588,1.29,0.0,0,119.119354248047,0,1746184,false,325.304861068726,0.0,0.0,0.012,0.0,2
pre_dig,143,16.615,6.39699983596802,0.0,16.588,1.29,0.0,0,119.119354248047,0,1746184,false,325.304861068726,0.0,0.0,0.012,0.0,2
pre_dig,144,16.52,5.58699989318848,0.0,16.588,1.29,0.0,0,119.119354248047,0,1746184,false,325.304857254028,0.0,0.0,0.007,0.0,2
pre_dig,145,18.317,5.55499982833862,0.0,16.588,1.29,0.0,0,119.119354248047,0,1746184,false,325.304861068726,0.0,0.0,0.007,0.0,2
pre_dig,146,15.116,5.53800010681152,0.0,16.588,1.29,0.0,0,119.119354248047,0,1746184,false,325.311029434204,0.0,0.0,0.007,0.0,2
pre_dig,147,16.555,5.55700016021729,0.0,16.588,1.29,0.0,0,119.119354248047,0,1746184,false,325.311029434204,0.0,0.0,0.007,0.0,2
pre_dig,148,16.666,5.51999998092651,0.0,16.588,1.29,0.0,0,119.119354248047,0,1746184,false,325.311029434204,0.0,0.0,0.007,0.0,2
pre_dig,149,16.674,5.54199981689453,0.0,16.588,1.29,0.0,0,119.119354248047,0,1746184,false,325.311029434204,0.0,0.0,0.007,0.0,2
pre_dig,150,16.663,5.51900005340576,0.0,16.588,1.29,0.0,0,119.119354248047,0,1746184,false,325.311029434204,0.0,0.0,0.007,0.0,2
pre_dig,151,16.889,5.36299991607666,0.0,16.588,1.29,0.0,0,119.119354248047,0,1746184,false,325.311029434204,0.0,0.0,0.014,0.0,2
pre_dig,152,19.187,5.81199979782104,0.0,16.588,1.29,0.0,0,119.119354248047,0,1746184,false,325.311029434204,0.0,0.0,0.012,0.0,2
pre_dig,153,14.432,5.34800004959106,0.0,16.588,1.29,0.0,0,119.119354248047,0,1746184,false,325.317197799683,0.0,0.0,0.012,0.0,2
pre_dig,154,16.187,5.375,0.0,16.588,1.29,0.0,0,119.119354248047,0,1746184,false,325.317155838013,0.0,0.0,0.007,0.0,2
pre_dig,155,17.223,5.36100006103516,0.0,16.588,1.29,0.0,0,119.119354248047,0,1746184,false,325.317266464233,0.0,0.0,0.011,0.0,2
pre_dig,156,16.248,5.3600001335144,0.0,16.588,1.29,0.0,0,119.119354248047,0,1746184,false,325.317193984985,0.0,0.0,0.012,0.0,2
pre_dig,157,16.707,5.39099979400635,0.0,16.588,1.29,0.0,0,119.119354248047,0,1746184,false,325.317197799683,0.0,0.0,0.014,0.0,2
pre_dig,158,16.483,5.35400009155273,0.0,16.588,1.29,0.0,0,119.119354248047,0,1746184,false,325.317197799683,0.0,0.0,0.009,0.0,2
pre_dig,159,19.973,5.37599992752075,0.0,16.588,1.29,0.0,0,119.119354248047,0,1746184,false,325.317197799683,0.0,0.0,0.012,0.0,2
pre_dig,160,14.137,5.35300016403198,0.0,16.588,1.29,0.0,0,119.119354248047,0,1746184,false,325.323366165161,0.0,0.0,0.011,0.0,2
pre_dig,161,15.892,5.34800004959106,0.0,16.588,1.29,0.0,0,119.119354248047,0,1746184,false,325.323366165161,0.0,0.0,0.007,0.0,2
pre_dig,162,16.88,5.34499979019165,0.0,16.588,1.29,0.0,0,119.119354248047,0,1746184,false,325.323362350464,0.0,0.0,0.006,0.0,2
pre_dig,163,16.697,5.3899998664856,0.0,16.588,1.29,0.0,0,119.119354248047,0,1746184,false,325.323362350464,0.0,0.0,0.012,0.0,2
pre_dig,164,16.561,5.33900022506714,0.0,16.588,1.29,0.0,0,119.119354248047,0,1746184,false,325.323366165161,0.0,0.0,0.013,0.0,2
pre_dig,165,16.703,5.36199998855591,0.0,16.588,1.29,0.0,0,119.119354248047,0,1746184,false,325.323366165161,0.0,0.0,0.013,0.0,2
pre_dig,166,19.124,6.12200021743774,0.0,16.588,1.29,0.0,0,119.119354248047,0,1746184,false,325.323122024536,0.0,0.0,0.009,0.0,2
pre_dig,167,14.236,5.35900020599365,0.0,16.588,1.29,0.0,0,119.119354248047,0,1746184,false,325.329290390015,0.0,0.0,0.009,0.0,2
pre_dig,168,16.418,5.33699989318848,0.0,16.588,1.29,0.0,0,119.119354248047,0,1746184,false,325.329290390015,0.0,0.0,0.007,0.0,2
pre_dig,169,16.661,5.34600019454956,0.0,16.588,1.29,0.0,0,119.119354248047,0,1746184,false,325.329290390015,0.0,0.0,0.006,0.0,2
pre_dig,170,16.676,5.3439998626709,0.0,16.588,1.29,0.0,0,119.119354248047,0,1746184,false,325.329286575317,0.0,0.0,0.007,0.0,2
pre_dig,171,17.374,5.34600019454956,0.0,16.588,1.29,0.0,0,119.119354248047,0,1746184,false,325.329359054565,0.0,0.0,0.012,0.0,2
pre_dig,172,15.999,5.34000015258789,0.0,16.588,1.29,0.0,0,119.119354248047,0,1746184,false,325.329290390015,0.0,0.0,0.009,0.0,2
pre_dig,173,19.144,5.31099987030029,0.0,16.588,1.29,0.0,0,119.119354248047,0,1746184,false,325.329290390015,0.0,0.0,0.008,0.0,2
pre_dig,174,14.521,5.3439998626709,0.0,16.588,1.29,0.0,0,119.119354248047,0,1746184,false,325.335454940796,0.0,0.0,0.012,0.0,2
pre_dig,175,16.287,5.34000015258789,0.0,16.588,1.29,0.0,0,119.119354248047,0,1746184,false,325.335458755493,0.0,0.0,0.007,0.0,2
pre_dig,176,16.797,5.34200000762939,0.0,16.588,1.29,0.0,0,119.119354248047,0,1746184,false,325.335458755493,0.0,0.0,0.011,0.0,2
pre_dig,177,16.611,5.33799982070923,0.0,16.588,1.29,0.0,0,119.119354248047,0,1746184,false,325.335458755493,0.0,0.0,0.01,0.0,2
pre_dig,178,16.656,5.36199998855591,0.0,16.588,1.29,0.0,0,119.119354248047,0,1746184,false,325.335458755493,0.0,0.0,0.009,0.0,2
pre_dig,179,16.603,5.33599996566772,0.0,16.588,1.29,0.0,0,119.119354248047,0,1746184,false,325.335458755493,0.0,0.0,0.007,0.0,2
pre_dig,180,18.591,5.34299993515015,0.0,16.588,1.29,0.0,0,119.119354248047,0,1746184,false,325.335458755493,0.0,0.0,0.008,0.0,2
pre_dig,181,14.866,5.34499979019165,0.0,16.588,1.29,0.0,0,119.119354248047,0,1746184,false,325.341627120972,0.0,0.0,0.008,0.0,2
pre_dig,182,16.6,5.33900022506714,0.0,16.588,1.29,0.0,0,119.119354248047,0,1746184,false,325.341619491577,0.0,0.0,0.008,0.0,2
pre_dig,183,16.83,5.31300020217896,0.0,16.588,1.29,0.0,0,119.119354248047,0,1746184,false,325.341257095337,0.0,0.0,0.013,0.0,2
pre_dig,184,16.484,5.77500009536743,0.0,16.588,1.29,0.0,0,119.119354248047,0,1746184,false,325.341260910034,0.0,0.0,0.009,0.0,2
pre_dig,185,16.623,5.30800008773804,0.0,16.588,1.29,0.0,0,119.119354248047,0,1746184,false,325.341260910034,0.0,0.0,0.007,0.0,2
pre_dig,186,16.671,5.31300020217896,0.0,16.588,1.29,0.0,0,119.119354248047,0,1746184,false,325.341260910034,0.0,0.0,0.007,0.0,2
pre_dig,187,18.951,5.30100011825562,0.0,16.588,1.29,0.0,0,119.119354248047,0,1746184,false,325.341329574585,0.0,0.0,0.006,0.0,2
pre_dig,188,14.663,5.35900020599365,0.0,16.588,1.29,0.0,0,119.119354248047,0,1746184,false,325.347429275513,0.0,0.0,0.012,0.0,2
pre_dig,189,16.59,6.07499980926514,0.0,16.588,1.29,0.0,0,119.119354248047,0,1746184,false,325.347425460815,0.0,0.0,0.013,0.0,2
pre_dig,190,16.452,5.29899978637695,0.0,16.588,1.29,0.0,0,119.119354248047,0,1746184,false,325.349042892456,0.0,0.0,0.007,0.0,2
pre_dig,191,16.664,5.28999996185303,0.0,16.588,1.29,0.0,0,119.119354248047,0,1746184,false,325.349042892456,0.0,0.0,0.007,0.0,2
pre_dig,192,16.674,5.28299999237061,0.0,16.588,1.29,0.0,0,119.119354248047,0,1746184,false,325.349042892456,0.0,0.0,0.007,0.0,2
pre_dig,193,16.665,5.28399991989136,0.0,16.588,1.29,0.0,0,119.119354248047,0,1746184,false,325.349042892456,0.0,0.0,0.007,0.0,2
pre_dig,194,18.472,5.2960000038147,0.0,16.588,1.29,0.0,0,119.119354248047,0,1746184,false,325.349039077759,0.0,0.0,0.008,0.0,2
pre_dig,195,14.977,6.07800006866455,0.0,16.588,1.29,0.0,0,119.119354248047,0,1746184,false,325.355211257935,0.0,0.0,0.008,0.0,2
pre_dig,196,17.118,5.3289999961853,0.0,16.588,1.29,0.0,0,119.119354248047,0,1746184,false,325.355207443237,0.0,0.0,0.007,0.0,2
pre_dig,197,16.123,5.2960000038147,0.0,16.588,1.29,0.0,0,119.119354248047,0,1746184,false,325.355207443237,0.0,0.0,0.007,0.0,2
pre_dig,198,16.713,5.33300018310547,0.0,16.588,1.29,0.0,0,119.119354248047,0,1746184,false,325.355211257935,0.0,0.0,0.009,0.0,2
pre_dig,199,16.622,5.2979998588562,0.0,16.588,1.29,0.0,0,119.119354248047,0,1746184,false,325.355207443237,0.0,0.0,0.008,0.0,2
pre_dig,200,16.671,5.31199979782104,0.0,16.588,1.29,0.0,0,119.119354248047,0,1746184,false,325.355211257935,0.0,0.0,0.007,0.0,2
pre_dig,201,18.485,5.29500007629395,0.0,16.588,1.29,0.0,0,119.119354248047,0,1746184,false,325.355211257935,0.0,0.0,0.008,0.0,2
pre_dig,202,14.969,5.30299997329712,0.0,16.588,1.29,0.0,0,119.119354248047,0,1746184,false,325.361379623413,0.0,0.0,0.008,0.0,2
pre_dig,203,16.811,5.28800010681152,0.0,16.588,1.29,0.0,0,119.119354248047,0,1746184,false,325.361448287964,0.0,0.0,0.007,0.0,2
pre_dig,204,16.546,5.30299997329712,0.0,16.588,1.29,0.0,0,119.119354248047,0,1746184,false,325.361379623413,0.0,0.0,0.013,0.0,2
pre_dig,205,16.499,5.28499984741211,0.0,16.588,1.29,0.0,0,119.119354248047,0,1746184,false,325.361379623413,0.0,0.0,0.007,0.0,2
pre_dig,206,16.652,5.29699993133545,0.0,16.588,1.29,0.0,0,119.119354248047,0,1746184,false,325.361379623413,0.0,0.0,0.007,0.0,2
pre_dig,207,16.803,5.28700017929077,0.0,16.588,1.29,0.0,0,119.119354248047,0,1746184,false,325.361379623413,0.0,0.0,0.011,0.0,2
pre_dig,208,18.162,5.28000020980835,0.0,16.588,1.29,0.0,0,119.119354248047,0,1746184,false,325.361379623413,0.0,0.0,0.006,0.0,2
pre_dig,209,15.33,5.28700017929077,0.0,16.588,1.29,0.0,0,119.119354248047,0,1746184,false,325.367544174194,0.0,0.0,0.011,0.0,2
pre_dig,210,16.376,5.28599977493286,0.0,16.588,1.29,0.0,0,119.119354248047,0,1746184,false,325.367547988892,0.0,0.0,0.007,0.0,2
pre_dig,211,16.668,5.26399993896484,0.0,16.588,1.29,0.0,0,119.119354248047,0,1746184,false,325.372354507446,0.0,0.0,0.008,0.0,2
pre_dig,212,16.7,5.27699995040894,0.0,16.588,1.29,0.0,0,119.119354248047,0,1746184,false,325.372346878052,0.0,0.0,0.007,0.0,2
pre_dig,213,16.714,5.27600002288818,0.0,16.588,1.29,0.0,0,119.119354248047,0,1746184,false,325.372354507446,0.0,0.0,0.008,0.0,2
pre_dig,214,16.595,5.28599977493286,0.0,16.588,1.29,0.0,0,119.119354248047,0,1746184,false,325.372354507446,0.0,0.0,0.007,0.0,2
pre_dig,215,18.945,5.26599979400635,0.0,16.588,1.29,0.0,0,119.119354248047,0,1746184,false,325.372354507446,0.0,0.0,0.013,0.0,2
pre_dig,216,14.466,5.25,0.0,16.588,1.29,0.0,0,119.119354248047,0,1746184,false,325.378477096558,0.0,0.0,0.007,0.0,2
pre_dig,217,16.689,5.2480001449585,0.0,16.588,1.29,0.0,0,119.119354248047,0,1746184,false,325.378519058228,0.0,0.0,0.008,0.0,2
pre_dig,218,16.736,5.25400018692017,0.0,16.588,1.29,0.0,0,119.119354248047,0,1746184,false,325.378522872925,0.0,0.0,0.012,0.0,2
pre_dig,219,17.301,5.23799991607666,0.0,16.588,1.29,0.0,0,119.119354248047,0,1746184,false,325.378591537476,0.0,0.0,0.013,0.0,2
pre_dig,220,16.213,5.24399995803833,0.0,16.588,1.29,0.0,0,119.119354248047,0,1746184,false,325.378522872925,0.0,0.0,0.007,0.0,2
pre_dig,221,16.446,5.26800012588501,0.0,16.588,1.29,0.0,0,119.119354248047,0,1746184,false,325.378522872925,0.0,0.0,0.012,0.0,2
pre_dig,222,19.321,5.25699996948242,0.0,16.588,1.29,0.0,0,119.119354248047,0,1746184,false,325.378522872925,0.0,0.0,0.012,0.0,2
pre_dig,223,14.077,5.21600008010864,0.0,16.588,1.29,0.0,0,119.119354248047,0,1746184,false,325.384691238403,0.0,0.0,0.009,0.0,2
pre_dig,224,16.448,5.20300006866455,0.0,16.588,1.29,0.0,0,119.119354248047,0,1746184,false,325.384691238403,0.0,0.0,0.006,0.0,2
pre_dig,225,16.849,5.21500015258789,0.0,16.588,1.29,0.0,0,119.119354248047,0,1746184,false,325.384691238403,0.0,0.0,0.011,0.0,2
pre_dig,226,16.596,5.23299980163574,0.0,16.588,1.29,0.0,0,119.119354248047,0,1746184,false,325.384691238403,0.0,0.0,0.009,0.0,2
pre_dig,227,16.78,5.22499990463257,0.0,16.588,1.29,0.0,0,119.119354248047,0,1746184,false,325.384687423706,0.0,0.0,0.013,0.0,2
pre_dig,228,16.62,5.22900009155273,0.0,16.588,1.29,0.0,0,119.119354248047,0,1746184,false,325.384687423706,0.0,0.0,0.012,0.0,2
pre_dig,229,18.354,5.22499990463257,0.0,16.588,1.29,0.0,0,119.119354248047,0,1746184,false,325.384691238403,0.0,0.0,0.008,0.0,2
pre_dig,230,14.882,5.19199991226196,0.0,16.588,1.29,0.0,0,119.119354248047,0,1746184,false,325.390859603882,0.0,0.0,0.007,0.0,2
pre_dig,231,16.585,5.2189998626709,0.0,16.588,1.29,0.0,0,119.119354248047,0,1746184,false,325.390855789185,0.0,0.0,0.007,0.0,2
pre_dig,232,16.65,5.16499996185303,0.0,16.588,1.29,0.0,0,119.119354248047,0,1746184,false,325.390855789185,0.0,0.0,0.006,0.0,2
pre_dig,233,16.669,5.18900012969971,0.0,16.588,1.29,0.0,0,119.119354248047,0,1746184,false,325.390859603882,0.0,0.0,0.007,0.0,2
pre_dig,234,16.833,5.19500017166138,0.0,16.588,1.29,0.0,0,119.119354248047,0,1746184,false,325.390859603882,0.0,0.0,0.012,0.0,2
pre_dig,235,16.82,5.16900014877319,0.0,16.588,1.29,0.0,0,119.119354248047,0,1746184,false,325.390924453735,0.0,0.0,0.007,0.0,2
pre_dig,236,18.108,5.15700006484985,0.0,16.588,1.29,0.0,0,119.119354248047,0,1746184,false,325.390859603882,0.0,0.0,0.007,0.0,2
pre_dig,237,15.106,5.14200019836426,0.0,16.588,1.29,0.0,0,119.119354248047,0,1746184,false,325.388254165649,0.0,0.0,0.007,0.0,2
pre_dig,238,16.46,5.16900014877319,0.0,16.588,1.29,0.0,0,119.119354248047,0,1746184,false,325.388250350952,0.0,0.0,0.006,0.0,2
pre_dig,239,16.667,5.15100002288818,0.0,16.588,1.29,0.0,0,119.119354248047,0,1746184,false,325.388254165649,0.0,0.0,0.007,0.0,2
pre_dig,240,16.771,5.12400007247925,0.0,16.588,1.29,0.0,0,119.119354248047,0,1746184,false,325.388254165649,0.0,0.0,0.009,0.0,2
pre_dig,241,16.726,5.11399984359741,0.0,16.588,1.29,0.0,0,119.119354248047,0,1746184,false,325.388254165649,0.0,0.0,0.012,0.0,2
pre_dig,242,16.508,5.15700006484985,0.0,16.588,1.29,0.0,0,119.119354248047,0,1746184,false,325.388254165649,0.0,0.0,0.007,0.0,2
pre_dig,243,19.099,5.13100004196167,0.0,16.588,1.29,0.0,0,119.119354248047,0,1746184,false,325.388254165649,0.0,0.0,0.011,0.0,2
pre_dig,244,14.32,5.11800003051758,0.0,16.588,1.29,0.0,0,119.119354248047,0,1746184,false,325.394418716431,0.0,0.0,0.007,0.0,2
pre_dig,245,16.588,5.11399984359741,0.0,16.588,1.29,0.0,0,119.119354248047,0,1746184,false,325.394422531128,0.0,0.0,0.007,0.0,2
pre_dig,246,16.666,5.09299993515015,0.0,16.588,1.29,0.0,0,119.119354248047,0,1746184,false,325.394422531128,0.0,0.0,0.008,0.0,2
pre_dig,247,16.655,5.08900022506714,0.0,16.588,1.29,0.0,0,119.119354248047,0,1746184,false,325.394422531128,0.0,0.0,0.007,0.0,2
pre_dig,248,16.672,5.09899997711182,0.0,16.588,1.29,0.0,0,119.119354248047,0,1746184,false,325.394422531128,0.0,0.0,0.007,0.0,2
pre_dig,249,16.669,5.0939998626709,0.0,16.588,1.29,0.0,0,119.119354248047,0,1746184,false,325.394418716431,0.0,0.0,0.007,0.0,2
pre_dig,250,18.45,5.06500005722046,0.0,16.588,1.29,0.0,0,119.119354248047,0,1746184,false,325.394418716431,0.0,0.0,0.009,0.0,2
pre_dig,251,15.227,5.06699991226196,0.0,16.588,1.29,0.0,0,119.119354248047,0,1746184,false,325.400659561157,0.0,0.0,0.007,0.0,2
pre_dig,252,16.333,5.08199977874756,0.0,16.588,1.29,0.0,0,119.119354248047,0,1746184,false,325.400590896606,0.0,0.0,0.007,0.0,2
pre_dig,253,16.64,5.06199979782104,0.0,16.588,1.29,0.0,0,119.119354248047,0,1746184,false,325.400587081909,0.0,0.0,0.006,0.0,2
pre_dig,254,16.793,5.06400012969971,0.0,16.588,1.29,0.0,0,119.119354248047,0,1746184,false,325.400590896606,0.0,0.0,0.01,0.0,2
pre_dig,255,16.833,5.05900001525879,0.0,16.588,1.29,0.0,0,119.119354248047,0,1746184,false,325.400590896606,0.0,0.0,0.013,0.0,2
pre_dig,256,16.784,5.0460000038147,0.0,16.588,1.29,0.0,0,119.119354248047,0,1746184,false,325.400587081909,0.0,0.0,0.013,0.0,2
pre_dig,257,19.952,5.05800008773804,0.0,16.588,1.29,0.0,0,119.119354248047,0,1746184,false,325.400590896606,0.0,0.0,0.012,0.0,2
pre_dig,258,13.091,5.0460000038147,0.0,16.588,1.29,0.0,0,119.119354248047,0,1746184,false,325.406755447388,0.0,0.0,0.007,0.0,2
pre_dig,259,16.818,5.39599990844727,0.0,16.588,1.29,0.0,0,119.119354248047,0,1746184,false,325.406759262085,0.0,0.0,0.016,0.0,2
pre_dig,260,16.499,5.39200019836426,0.0,16.588,1.29,0.0,0,119.119354248047,0,1746184,false,325.406759262085,0.0,0.0,0.008,0.0,2
pre_dig,261,16.567,5.36600017547607,0.0,16.588,1.29,0.0,0,119.119354248047,0,1746184,false,325.406759262085,0.0,0.0,0.007,0.0,2
pre_dig,262,16.84,5.38199996948242,0.0,16.588,1.29,0.0,0,119.119354248047,0,1746184,false,325.406755447388,0.0,0.0,0.011,0.0,2
pre_dig,263,16.661,5.37900018692017,0.0,16.588,1.29,0.0,0,119.119354248047,0,1746184,false,325.406759262085,0.0,0.0,0.012,0.0,2
pre_dig,264,19.626,5.36999988555908,0.0,16.588,1.29,0.0,0,119.119354248047,0,1746184,false,325.406759262085,0.0,0.0,0.012,0.0,2
pre_dig,265,13.691,5.38000011444092,0.0,16.588,1.29,0.0,0,119.119354248047,0,1746184,false,325.412927627563,0.0,0.0,0.007,0.0,2
pre_dig,266,16.504,5.36899995803833,0.0,16.588,1.29,0.0,0,119.119354248047,0,1746184,false,325.412927627563,0.0,0.0,0.007,0.0,2
pre_dig,267,16.925,5.35599994659424,0.0,16.588,1.29,0.0,0,119.119354248047,0,1746184,false,325.412996292114,0.0,0.0,0.007,0.0,2
pre_dig,268,16.602,5.34899997711182,0.0,16.588,1.29,0.0,0,119.119354248047,0,1746184,false,325.413049697876,0.0,0.0,0.012,0.0,2
pre_dig,269,16.805,5.3439998626709,0.0,16.588,1.29,0.0,0,119.119354248047,0,1746184,false,325.413045883179,0.0,0.0,0.007,0.0,2
pre_dig,270,16.346,5.34600019454956,0.0,16.588,1.29,0.0,0,119.119354248047,0,1746184,false,325.413049697876,0.0,0.0,0.007,0.0,2
pre_dig,271,18.329,5.3270001411438,0.0,16.588,1.29,0.0,0,119.119354248047,0,1746184,false,325.413045883179,0.0,0.0,0.006,0.0,2
pre_dig,272,15.188,5.32100009918213,0.0,16.588,1.29,0.0,0,119.119354248047,0,1746184,false,325.419218063354,0.0,0.0,0.008,0.0,2
pre_dig,273,16.633,5.33300018310547,0.0,16.588,1.29,0.0,0,119.119354248047,0,1746184,false,325.419218063354,0.0,0.0,0.011,0.0,2
pre_dig,274,16.699,5.34800004959106,0.0,16.588,1.29,0.0,0,119.119354248047,0,1746184,false,325.419218063354,0.0,0.0,0.013,0.0,2
pre_dig,275,16.647,5.31899976730347,0.0,16.588,1.29,0.0,0,119.119354248047,0,1746184,false,325.419218063354,0.0,0.0,0.012,0.0,2
pre_dig,276,16.695,5.33199977874756,0.0,16.588,1.29,0.0,0,119.119354248047,0,1746184,false,325.419218063354,0.0,0.0,0.013,0.0,2
pre_dig,277,16.623,5.33400011062622,0.0,16.588,1.29,0.0,0,119.119354248047,0,1746184,false,325.419218063354,0.0,0.0,0.011,0.0,2
pre_dig,278,19.841,5.30299997329712,0.0,16.588,1.29,0.0,0,119.119354248047,0,1746184,false,325.419218063354,0.0,0.0,0.011,0.0,2
pre_dig,279,13.761,5.32600021362305,0.0,16.588,1.29,0.0,0,119.119354248047,0,1746184,false,325.425386428833,0.0,0.0,0.012,0.0,2
pre_dig,280,16.796,5.2979998588562,0.0,16.588,1.29,0.0,0,119.119354248047,0,1746184,false,325.425382614136,0.0,0.0,0.011,0.0,2
pre_dig,281,16.334,5.30999994277954,0.0,16.588,1.29,0.0,0,119.119354248047,0,1746184,false,325.425386428833,0.0,0.0,0.014,0.0,2
pre_dig,282,16.621,5.33199977874756,0.0,16.588,1.29,0.0,0,119.119354248047,0,1746184,false,325.425386428833,0.0,0.0,0.012,0.0,2
pre_dig,283,17.205,5.41699981689453,0.0,16.588,1.29,0.0,0,119.119354248047,0,1746184,false,325.425455093384,0.0,0.0,0.012,0.0,2
pre_dig,284,16.106,5.38399982452393,0.0,16.588,1.29,0.0,0,119.119354248047,0,1746184,false,325.425386428833,0.0,0.0,0.012,0.0,2
pre_dig,285,19.577,6.3730001449585,0.0,16.588,1.29,0.0,0,119.119354248047,0,1746184,false,325.425138473511,0.0,0.0,0.012,0.0,2
pre_dig,286,13.966,5.35599994659424,0.0,16.588,1.29,0.0,0,119.119354248047,0,1746184,false,325.431310653687,0.0,0.0,0.012,0.0,2
pre_dig,287,16.572,5.38399982452393,0.0,16.588,1.29,0.0,0,119.119354248047,0,1746184,false,325.431310653687,0.0,0.0,0.012,0.0,2
pre_dig,288,16.565,5.34100008010864,0.0,16.588,1.29,0.0,0,119.119354248047,0,1746184,false,325.431310653687,0.0,0.0,0.012,0.0,2
pre_dig,289,16.661,6.27799987792969,0.0,16.588,1.29,0.0,0,119.119354248047,0,1746184,false,325.431310653687,0.0,0.0,0.013,0.0,2
pre_dig,290,16.669,5.34000015258789,0.0,16.588,1.29,0.0,0,119.119354248047,0,1746184,false,325.431310653687,0.0,0.0,0.012,0.0,2
pre_dig,291,16.699,5.30700016021729,0.0,16.588,1.29,0.0,0,119.119354248047,0,1746184,false,325.431310653687,0.0,0.0,0.012,0.0,2
pre_dig,292,19.879,5.30900001525879,0.0,16.588,1.29,0.0,0,119.119354248047,0,1746184,false,325.431310653687,0.0,0.0,0.013,0.0,2
pre_dig,293,13.586,5.28800010681152,0.0,16.588,1.29,0.0,0,119.119354248047,0,1746184,false,325.437479019165,0.0,0.0,0.012,0.0,2
pre_dig,294,16.497,5.27500009536743,0.0,16.588,1.29,0.0,0,119.119354248047,0,1746184,false,325.437479019165,0.0,0.0,0.013,0.0,2
pre_dig,295,16.653,5.27899980545044,0.0,16.588,1.29,0.0,0,119.119354248047,0,1746184,false,325.437479019165,0.0,0.0,0.011,0.0,2
pre_dig,296,16.704,5.29099988937378,0.0,16.588,1.29,0.0,0,119.119354248047,0,1746184,false,325.437479019165,0.0,0.0,0.013,0.0,2
pre_dig,297,16.659,5.30900001525879,0.0,16.588,1.29,0.0,0,119.119354248047,0,1746184,false,325.437479019165,0.0,0.0,0.028,0.0,2
pre_dig,298,16.685,5.28499984741211,0.0,16.588,1.29,0.0,0,119.119354248047,0,1746184,false,325.437479019165,0.0,0.0,0.013,0.0,2
pre_dig,299,20.243,5.29899978637695,0.0,16.588,1.29,0.0,0,119.119354248047,0,1746184,false,325.437547683716,0.0,0.0,0.013,0.0,2
pre_dig,300,13.315,5.28299999237061,0.0,16.588,1.29,0.0,0,119.119354248047,0,1746184,false,325.443647384644,0.0,0.0,0.012,0.0,2
continuous_dig,1,16.847,5.58199977874756,0.0,16.588,1.29,0.0,1,119.119354248047,0,1746184,true,325.660928726196,0.0,0.0,0.009,0.0,2
continuous_dig,2,14.957,5.58199977874756,0.474,16.588,1.29,0.0,0,119.119354248047,4,1746184,true,261.700330734253,0.198,0.0,0.007,0.0,2
continuous_dig,3,23.909,5.72200012207031,0.474,4.233,2.826,33.509,0,119.137130737305,4,1746416,false,261.935205459595,0.198,11.937,4.4,0.0,2
continuous_dig,4,9.038,5.72700023651123,0.474,4.233,2.826,33.509,0,119.137130737305,4,1746416,false,261.942998886108,0.198,11.937,0.007,42.155,2
continuous_dig,5,16.596,5.80100011825562,0.474,4.233,2.826,33.509,0,119.137130737305,4,1746416,false,261.942155838013,0.198,11.937,0.011,42.155,2
continuous_dig,6,16.819,5.83400011062622,0.474,4.233,2.826,33.509,0,119.137130737305,4,1746416,false,261.948461532593,0.198,11.937,0.012,42.155,2
continuous_dig,7,16.863,5.82399988174438,0.474,4.233,2.826,33.509,0,119.137130737305,4,1746416,false,261.948461532593,0.198,11.937,0.012,42.155,2
continuous_dig,8,16.308,5.80900001525879,0.474,4.233,2.826,33.509,0,119.137130737305,4,1746416,false,261.948461532593,0.198,11.937,0.013,42.155,2
continuous_dig,9,16.647,5.79199981689453,0.474,4.233,2.826,33.509,0,119.137130737305,4,1746416,false,261.948644638062,0.198,11.937,0.011,42.155,2
continuous_dig,10,19.977,6.67600011825562,0.474,4.233,2.826,33.509,0,119.137130737305,4,1746416,false,261.94871711731,0.198,11.937,0.01,42.155,2
continuous_dig,11,13.349,5.83400011062622,0.474,4.233,2.826,33.509,0,119.137130737305,4,1746416,false,261.948648452759,0.198,11.937,0.011,42.155,2
continuous_dig,12,16.703,5.82299995422363,0.474,4.233,2.826,33.509,1,119.137130737305,4,1746416,true,261.96137046814,0.198,11.937,0.013,42.155,2
continuous_dig,13,19.972,5.84999990463257,0.232,4.047,1.861,33.509,0,119.137130737305,4,1746416,true,262.265241622925,0.406,13.898,2.849,42.155,2
continuous_dig,14,18.96,5.81500005722046,0.232,3.587,3.29,35.177,0,119.138397216797,4,1746432,false,261.953737258911,0.406,13.898,3.623,42.155,2
continuous_dig,15,11.092,5.86299991607666,0.232,3.587,3.29,35.177,0,119.138397216797,4,1746432,false,261.960405349731,0.406,13.898,0.007,40.845,2
continuous_dig,16,16.628,5.75,0.232,3.587,3.29,35.177,0,119.138397216797,4,1746432,false,261.959512710571,0.406,13.898,0.012,40.845,2
continuous_dig,17,16.655,6.21400022506714,0.232,3.587,3.29,35.177,0,119.138397216797,4,1746432,false,261.959558486938,0.406,13.898,0.011,40.845,2
continuous_dig,18,16.698,5.75500011444092,0.232,3.587,3.29,35.177,0,119.138397216797,4,1746432,false,261.959558486938,0.406,13.898,0.013,40.845,2
continuous_dig,19,16.646,5.7810001373291,0.232,3.587,3.29,35.177,0,119.138397216797,4,1746432,false,261.959966659546,0.406,13.898,0.012,40.845,2
continuous_dig,20,16.834,5.73699998855591,0.232,3.587,3.29,35.177,0,119.138397216797,4,1746432,false,261.966138839722,0.406,13.898,0.011,40.845,2
continuous_dig,21,19.584,5.78000020980835,0.232,3.587,3.29,35.177,0,119.138397216797,4,1746432,false,261.966138839722,0.406,13.898,0.012,40.845,2
continuous_dig,22,13.723,5.73400020599365,0.232,3.587,3.29,35.177,0,119.138397216797,4,1746432,false,261.966138839722,0.406,13.898,0.013,40.845,2
continuous_dig,23,16.531,5.72800016403198,0.232,3.587,3.29,35.177,1,119.138397216797,4,1746432,true,261.978860855103,0.406,13.898,0.012,40.845,2
continuous_dig,24,23.527,5.71600008010864,0.503,4.406,2.037,19.588,0,119.138397216797,5,1746432,false,261.958757400513,0.381,11.705,3.812,40.845,2
continuous_dig,25,9.803,5.72599983215332,0.503,4.406,2.037,19.588,0,119.138397216797,5,1746432,false,261.967054367065,0.381,11.705,0.006,25.464,2
continuous_dig,26,17.189,5.77899980545044,0.503,4.406,2.037,19.588,0,119.138397216797,5,1746432,false,261.966279983521,0.381,11.705,0.012,25.464,2
continuous_dig,27,16.093,5.79199981689453,0.503,4.406,2.037,19.588,0,119.138397216797,5,1746432,false,261.972379684448,0.381,11.705,0.008,25.464,2
continuous_dig,28,16.704,5.78200006484985,0.503,4.406,2.037,19.588,0,119.138397216797,5,1746432,false,261.973020553589,0.381,11.705,0.012,25.464,2
continuous_dig,29,16.675,6.31099987030029,0.503,4.406,2.037,19.588,0,119.138397216797,5,1746432,false,261.973020553589,0.381,11.705,0.012,25.464,2
continuous_dig,30,16.669,5.78800010681152,0.503,4.406,2.037,19.588,0,119.138397216797,5,1746432,false,261.973020553589,0.381,11.705,0.013,25.464,2
continuous_dig,31,19.351,5.83900022506714,0.503,4.406,2.037,19.588,0,119.138397216797,5,1746432,false,261.973020553589,0.381,11.705,0.011,25.464,2
continuous_dig,32,13.923,5.86399984359741,0.503,4.406,2.037,19.588,0,119.138397216797,5,1746432,false,261.973020553589,0.381,11.705,0.007,25.464,2
continuous_dig,33,16.696,5.81099987030029,0.503,4.406,2.037,19.588,1,119.138397216797,5,1746432,true,261.98574256897,0.381,11.705,0.011,25.464,2
continuous_dig,34,19.782,5.80399990081787,0.257,3.802,1.72,19.588,0,119.138397216797,5,1746432,true,262.286664962769,0.377,13.442,2.665,25.464,2
continuous_dig,35,20.848,6.25,0.257,4.27,4.036,35.635,0,119.138687133789,5,1746436,false,261.974405288696,0.377,13.442,4.397,25.464,2
continuous_dig,36,9.33,5.79199981689453,0.257,4.27,4.036,35.635,0,119.138687133789,5,1746436,false,261.981107711792,0.377,13.442,0.006,43.399,2
continuous_dig,37,16.716,5.66699981689453,0.257,4.27,4.036,35.635,0,119.138687133789,5,1746436,false,261.980268478394,0.377,13.442,0.011,43.399,2
continuous_dig,38,16.498,5.65000009536743,0.257,4.27,4.036,35.635,0,119.138687133789,5,1746436,false,261.980268478394,0.377,13.442,0.007,43.399,2
continuous_dig,39,16.813,5.64099979400635,0.257,4.27,4.036,35.635,0,119.138687133789,5,1746436,false,261.980268478394,0.377,13.442,0.011,43.399,2
continuous_dig,40,16.661,6.43900012969971,0.257,4.27,4.036,35.635,0,119.138687133789,5,1746436,false,261.980268478394,0.377,13.442,0.011,43.399,2
continuous_dig,41,16.837,5.66499996185303,0.257,4.27,4.036,35.635,0,119.138687133789,5,1746436,false,261.986436843872,0.377,13.442,0.012,43.399,2
continuous_dig,42,19.576,5.63800001144409,0.257,4.27,4.036,35.635,0,119.138687133789,5,1746436,false,261.987466812134,0.377,13.442,0.008,43.399,2
continuous_dig,43,13.443,6.14699983596802,0.257,4.27,4.036,35.635,0,119.138687133789,5,1746436,false,261.987398147583,0.377,13.442,0.007,43.399,2
continuous_dig,44,16.708,5.66300010681152,0.257,4.27,4.036,35.635,1,119.138687133789,5,1746436,true,262.000120162964,0.377,13.442,0.009,43.399,2
continuous_dig,45,23.545,5.6560001373291,0.143,2.919,3.659,19.933,0,119.138580322266,5,1746436,false,261.979776382446,0.307,9.994,5.071,43.399,2
continuous_dig,46,10.129,5.67999982833862,0.143,2.919,3.659,19.933,0,119.138580322266,5,1746436,false,261.988080978394,0.307,9.994,0.01,26.259,2
continuous_dig,47,16.442,6.14900016784668,0.143,2.919,3.659,19.933,0,119.138580322266,5,1746436,false,261.987234115601,0.307,9.994,0.012,26.259,2
continuous_dig,48,16.635,5.79199981689453,0.143,2.919,3.659,19.933,0,119.138580322266,5,1746436,false,261.993402481079,0.307,9.994,0.007,26.259,2
continuous_dig,49,16.571,6.26700019836426,0.143,2.919,3.659,19.933,0,119.138580322266,5,1746436,false,261.993402481079,0.307,9.994,0.007,26.259,2
continuous_dig,50,16.8,5.77899980545044,0.143,2.919,3.659,19.933,0,119.138580322266,5,1746436,false,261.993394851685,0.307,9.994,0.007,26.259,2
continuous_dig,51,16.633,5.81099987030029,0.143,2.919,3.659,19.933,0,119.138580322266,5,1746436,false,261.993402481079,0.307,9.994,0.012,26.259,2
continuous_dig,52,19.791,5.80900001525879,0.143,2.919,3.659,19.933,0,119.138580322266,5,1746436,false,261.993402481079,0.307,9.994,0.012,26.259,2
continuous_dig,53,13.666,5.7979998588562,0.143,2.919,3.659,19.933,0,119.138580322266,5,1746436,true,262.005235671997,0.307,9.994,0.011,26.259,2
continuous_dig,54,23.422,5.7979998588562,0.263,4.385,3.005,20.83,0,119.140029907227,6,1746456,false,261.991380691528,0.276,11.93,5.329,26.259,2
continuous_dig,55,9.853,5.7810001373291,0.263,4.385,3.005,20.83,0,119.140029907227,6,1746456,false,262.00584602356,0.276,11.93,0.006,25.145,2
continuous_dig,56,16.477,5.74700021743774,0.263,4.385,3.005,20.83,0,119.140029907227,6,1746456,false,262.005006790161,0.276,11.93,0.008,25.145,2
continuous_dig,57,16.723,5.73899984359741,0.263,4.385,3.005,20.83,0,119.140029907227,6,1746456,false,262.005006790161,0.276,11.93,0.01,25.145,2
continuous_dig,58,17.21,5.73999977111816,0.263,4.385,3.005,20.83,0,119.140029907227,6,1746456,false,262.005071640015,0.276,11.93,0.011,25.145,2
continuous_dig,59,16.219,5.7480001449585,0.263,4.385,3.005,20.83,0,119.140029907227,6,1746456,false,262.005002975464,0.276,11.93,0.012,25.145,2
continuous_dig,60,16.501,6.08799982070923,0.263,4.385,3.005,20.83,0,119.140029907227,6,1746456,false,262.005006790161,0.276,11.93,0.007,25.145,2
continuous_dig,61,19.84,5.73400020599365,0.263,4.385,3.005,20.83,0,119.140029907227,6,1746456,false,262.005002975464,0.276,11.93,0.012,25.145,2
continuous_dig,62,13.812,5.73799991607666,0.263,4.385,3.005,20.83,1,119.140029907227,6,1746456,true,262.023897171021,0.276,11.93,0.011,25.145,2
continuous_dig,63,22.143,5.73600006103516,0.219,3.421,2.311,19.337,0,119.139762878418,6,1746456,false,262.004655838013,0.326,10.077,4.045,25.145,2
continuous_dig,64,11.112,5.76700019836426,0.219,3.421,2.311,19.337,0,119.139762878418,6,1746456,false,262.012956619263,0.326,10.077,0.008,23.718,2
continuous_dig,65,16.574,5.80499982833862,0.219,3.421,2.311,19.337,0,119.139762878418,6,1746456,false,262.01210975647,0.326,10.077,0.011,23.718,2
continuous_dig,66,16.713,5.81599998474121,0.219,3.421,2.311,19.337,0,119.139762878418,6,1746456,false,262.01210975647,0.326,10.077,0.011,23.718,2
continuous_dig,67,16.674,5.79099988937378,0.219,3.421,2.311,19.337,0,119.139762878418,6,1746456,false,262.01210975647,0.326,10.077,0.005,23.718,2
continuous_dig,68,16.611,5.78900003433228,0.219,3.421,2.311,19.337,0,119.139762878418,6,1746456,false,262.01210975647,0.326,10.077,0.012,23.718,2
continuous_dig,69,16.874,5.78299999237061,0.219,3.421,2.311,19.337,0,119.139762878418,6,1746456,false,262.018278121948,0.326,10.077,0.012,23.718,2
continuous_dig,70,19.267,5.79500007629395,0.219,3.421,2.311,19.337,0,119.139762878418,6,1746456,false,262.018278121948,0.326,10.077,0.012,23.718,2
continuous_dig,71,13.886,5.79300022125244,0.219,3.421,2.311,19.337,0,119.139762878418,6,1746456,false,262.018278121948,0.326,10.077,0.013,23.718,2
continuous_dig,72,16.657,5.78800010681152,0.219,3.421,2.311,19.337,1,119.139762878418,6,1746456,true,262.031000137329,0.326,10.077,0.012,23.718,2
continuous_dig,73,19.563,5.81300020217896,0.229,4.049,1.842,19.337,0,119.139762878418,6,1746456,true,262.326993942261,0.273,14.255,2.632,23.718,2
continuous_dig,74,22.043,6.65000009536743,0.229,4.174,4.386,35.787,0,119.140869140625,6,1746472,false,262.016710281372,0.273,14.255,4.739,23.718,2
continuous_dig,75,8.621,5.8270001411438,0.229,4.174,4.386,35.787,0,119.140869140625,6,1746472,false,262.02329826355,0.273,14.255,0.011,44.701,2
continuous_dig,76,16.496,5.62799978256226,0.229,4.174,4.386,35.787,0,119.140869140625,6,1746472,false,262.02862739563,0.273,14.255,0.009,44.701,2
continuous_dig,77,16.521,5.67999982833862,0.229,4.174,4.386,35.787,0,119.140869140625,6,1746472,false,262.02862739563,0.273,14.255,0.008,44.701,2
continuous_dig,78,16.759,5.71199989318848,0.229,4.174,4.386,35.787,0,119.140869140625,6,1746472,false,262.02862739563,0.273,14.255,0.012,44.701,2
continuous_dig,79,16.63,5.69600009918213,0.229,4.174,4.386,35.787,0,119.140869140625,6,1746472,false,262.028623580933,0.273,14.255,0.011,44.701,2
continuous_dig,80,16.561,5.67500019073486,0.229,4.174,4.386,35.787,0,119.140869140625,6,1746472,false,262.028993606567,0.273,14.255,0.008,44.701,2
continuous_dig,81,19.693,5.69299983978271,0.229,4.174,4.386,35.787,0,119.140869140625,6,1746472,false,262.028993606567,0.273,14.255,0.012,44.701,2
continuous_dig,82,13.79,5.64799976348877,0.229,4.174,4.386,35.787,0,119.140869140625,6,1746472,false,262.02898979187,0.273,14.255,0.012,44.701,2
continuous_dig,83,16.82,5.65100002288818,0.229,4.174,4.386,35.787,1,119.140869140625,6,1746472,true,262.047880172729,0.273,14.255,0.012,44.701,2
continuous_dig,84,22.174,5.65799999237061,0.237,2.695,2.231,19.238,0,119.141159057617,6,1746476,false,262.028928756714,0.411,10.492,4.051,44.701,2
continuous_dig,85,10.935,5.64699983596802,0.237,2.695,2.231,19.238,0,119.141159057617,6,1746476,false,262.037229537964,0.411,10.492,0.006,24.077,2
continuous_dig,86,16.591,5.81400012969971,0.237,2.695,2.231,19.238,0,119.141159057617,6,1746476,false,262.036382675171,0.411,10.492,0.008,24.077,2
continuous_dig,87,16.723,5.80000019073486,0.237,2.695,2.231,19.238,0,119.141159057617,6,1746476,false,262.036382675171,0.411,10.492,0.009,24.077,2
continuous_dig,88,16.79,5.77199983596802,0.237,2.695,2.231,19.238,0,119.141159057617,6,1746476,false,262.036378860474,0.411,10.492,0.013,24.077,2
continuous_dig,89,16.642,5.79099988937378,0.237,2.695,2.231,19.238,0,119.141159057617,6,1746476,false,262.036382675171,0.411,10.492,0.013,24.077,2
continuous_dig,90,17.07,5.78900003433228,0.237,2.695,2.231,19.238,0,119.141159057617,6,1746476,false,262.042615890503,0.411,10.492,0.014,24.077,2
continuous_dig,91,18.906,5.77400016784668,0.237,2.695,2.231,19.238,0,119.141159057617,6,1746476,false,262.042551040649,0.411,10.492,0.01,24.077,2
continuous_dig,92,14.008,5.80399990081787,0.237,2.695,2.231,19.238,0,119.141159057617,6,1746476,false,262.042551040649,0.411,10.492,0.012,24.077,2
continuous_dig,93,16.648,5.7960000038147,0.237,2.695,2.231,19.238,1,119.141159057617,6,1746476,true,262.055269241333,0.411,10.492,0.012,24.077,2
continuous_dig,94,20.141,5.78499984741211,0.24,4.557,2.3,19.238,0,119.141159057617,6,1746476,true,262.366254806519,0.379,0.0,3.08,24.077,2
continuous_dig,95,21.49,6.21000003814697,0.24,4.751,4.346,36.146,0,119.141342163086,6,1746480,false,262.039155960083,0.379,16.828,4.993,24.077,2
continuous_dig,96,8.51,5.80399990081787,0.24,4.751,4.346,36.146,0,119.141342163086,6,1746480,false,262.046361923218,0.379,16.828,0.006,45.098,2
continuous_dig,97,16.723,5.6710000038147,0.24,4.751,4.346,36.146,0,119.141342163086,6,1746480,false,262.051198959351,0.379,16.828,0.029,45.098,2
continuous_dig,98,16.48,6.07000017166138,0.24,4.751,4.346,36.146,0,119.141342163086,6,1746480,false,262.051198959351,0.379,16.828,0.012,45.098,2
continuous_dig,99,16.631,5.69999980926514,0.24,4.751,4.346,36.146,0,119.141342163086,6,1746480,false,262.051202774048,0.379,16.828,0.011,45.098,2
continuous_dig,100,16.678,5.74100017547607,0.24,4.751,4.346,36.146,0,119.141342163086,6,1746480,false,262.051206588745,0.379,16.828,0.012,45.098,2
continuous_dig,101,16.686,5.72700023651123,0.24,4.751,4.346,36.146,0,119.141342163086,6,1746480,false,262.051206588745,0.379,16.828,0.013,45.098,2
continuous_dig,102,19.294,5.73000001907349,0.24,4.751,4.346,36.146,0,119.141342163086,6,1746480,false,262.051206588745,0.379,16.828,0.007,45.098,2
continuous_dig,103,13.852,5.73799991607666,0.24,4.751,4.346,36.146,0,119.141342163086,6,1746480,false,262.051206588745,0.379,16.828,0.006,45.098,2
continuous_dig,104,16.984,5.72100019454956,0.24,4.751,4.346,36.146,1,119.141342163086,6,1746480,true,262.070096969604,0.379,16.828,0.012,45.098,2
continuous_dig,105,22.351,5.72499990463257,0.22,4.305,2.11,19.725,0,119.141632080078,6,1746484,false,262.05104637146,0.381,11.236,4.23,45.098,2
continuous_dig,106,11.21,5.74399995803833,0.22,4.305,2.11,19.725,0,119.141632080078,6,1746484,false,262.059412002563,0.381,11.236,0.008,23.965,2
continuous_dig,107,16.177,5.81899976730347,0.22,4.305,2.11,19.725,0,119.141632080078,6,1746484,false,262.058500289917,0.381,11.236,0.008,23.965,2
continuous_dig,108,16.772,5.83099985122681,0.22,4.305,2.11,19.725,0,119.141632080078,6,1746484,false,262.058500289917,0.381,11.236,0.012,23.965,2
continuous_dig,109,16.648,5.80399990081787,0.22,4.305,2.11,19.725,0,119.141632080078,6,1746484,false,262.058500289917,0.381,11.236,0.011,23.965,2
continuous_dig,110,16.542,5.81599998474121,0.22,4.305,2.11,19.725,0,119.141632080078,6,1746484,false,262.058500289917,0.381,11.236,0.007,23.965,2
continuous_dig,111,16.786,5.8270001411438,0.22,4.305,2.11,19.725,0,119.141632080078,6,1746484,false,262.064664840698,0.381,11.236,0.007,23.965,2
continuous_dig,112,18.12,5.82499980926514,0.22,4.305,2.11,19.725,0,119.141632080078,6,1746484,false,262.064664840698,0.381,11.236,0.008,23.965,2
continuous_dig,113,15.23,5.76000022888184,0.22,4.305,2.11,19.725,0,119.141632080078,6,1746484,false,262.064664840698,0.381,11.236,0.012,23.965,2
continuous_dig,114,16.527,5.75699996948242,0.22,4.305,2.11,19.725,1,119.141632080078,6,1746484,true,262.077390670776,0.381,11.236,0.007,23.965,2
continuous_dig,115,19.785,5.75,0.205,1.705,1.569,19.725,0,119.141632080078,6,1746484,true,262.374444961548,0.394,6.58,2.512,23.965,2
continuous_dig,116,18.044,5.73899984359741,0.205,2.321,2.401,34.804,0,119.142501831055,6,1746496,false,262.061498641968,0.394,6.58,2.684,23.965,2
continuous_dig,117,12.522,5.73899984359741,0.205,2.321,2.401,34.804,0,119.142501831055,6,1746496,false,262.068162918091,0.394,6.58,0.011,40.084,2
continuous_dig,118,16.451,5.6560001373291,0.205,2.321,2.401,34.804,0,119.142501831055,6,1746496,false,262.073480606079,0.394,6.58,0.008,40.084,2
continuous_dig,119,16.716,5.6560001373291,0.205,2.321,2.401,34.804,0,119.142501831055,6,1746496,false,262.073480606079,0.394,6.58,0.013,40.084,2
continuous_dig,120,16.467,5.70800018310547,0.205,2.321,2.401,34.804,0,119.142501831055,6,1746496,false,262.073484420776,0.394,6.58,0.007,40.084,2
continuous_dig,121,16.703,5.64499998092651,0.205,2.321,2.401,34.804,0,119.142501831055,6,1746496,false,262.073484420776,0.394,6.58,0.007,40.084,2
continuous_dig,122,17.13,5.65399980545044,0.205,2.321,2.401,34.804,0,119.142501831055,6,1746496,false,262.07354927063,0.394,6.58,0.012,40.084,2
continuous_dig,123,18.54,5.67500019073486,0.205,2.321,2.401,34.804,0,119.142501831055,6,1746496,false,262.073480606079,0.394,6.58,0.009,40.084,2
continuous_dig,124,14.315,5.63500022888184,0.205,2.321,2.401,34.804,0,119.142501831055,6,1746496,false,262.073484420776,0.394,6.58,0.007,40.084,2
continuous_dig,125,16.789,5.63600015640259,0.205,2.321,2.401,34.804,1,119.142501831055,6,1746496,true,262.092374801636,0.394,6.58,0.008,40.084,2
continuous_dig,126,22.32,5.6269998550415,0.137,2.925,2.551,19.141,0,119.143081665039,6,1746504,false,262.074541091919,0.219,10.461,3.922,40.084,2
continuous_dig,127,11.354,5.68100023269653,0.137,2.925,2.551,19.141,0,119.143081665039,6,1746504,false,262.082849502563,0.219,10.461,0.008,24.079,2
continuous_dig,128,16.321,5.7519998550415,0.137,2.925,2.551,19.141,0,119.143081665039,6,1746504,false,262.081998825073,0.219,10.461,0.011,24.079,2
continuous_dig,129,16.675,5.74599981307983,0.137,2.925,2.551,19.141,0,119.143081665039,6,1746504,false,262.082002639771,0.219,10.461,0.011,24.079,2
continuous_dig,130,16.504,5.75099992752075,0.137,2.925,2.551,19.141,0,119.143081665039,6,1746504,false,262.082002639771,0.219,10.461,0.007,24.079,2
continuous_dig,131,16.832,5.75899982452393,0.137,2.925,2.551,19.141,0,119.143081665039,6,1746504,false,262.082002639771,0.219,10.461,0.012,24.079,2
continuous_dig,132,16.837,5.76800012588501,0.137,2.925,2.551,19.141,0,119.143081665039,6,1746504,false,262.088171005249,0.219,10.461,0.012,24.079,2
continuous_dig,133,18.891,5.77500009536743,0.137,2.925,2.551,19.141,0,119.143081665039,6,1746504,false,262.088171005249,0.219,10.461,0.013,24.079,2
continuous_dig,134,14.264,6.61100006103516,0.137,2.925,2.551,19.141,0,119.143081665039,6,1746504,false,262.088171005249,0.219,10.461,0.013,24.079,2
continuous_dig,135,16.561,5.75899982452393,0.137,2.925,2.551,19.141,1,119.143081665039,6,1746504,true,262.10089302063,0.219,10.461,0.008,24.079,2
continuous_dig,136,21.857,5.75600004196167,0.113,3.826,2.069,19.099,0,119.142501831055,6,1746496,false,262.078504562378,0.287,8.206,3.461,24.079,2
continuous_dig,137,11.575,5.77199983596802,0.113,3.826,2.069,19.099,0,119.142501831055,6,1746496,false,262.086805343628,0.287,8.206,0.01,23.777,2
continuous_dig,138,16.977,5.7039999961853,0.113,3.826,2.069,19.099,0,119.142501831055,6,1746496,false,262.086023330688,0.287,8.206,0.012,23.777,2
continuous_dig,139,16.307,5.65500020980835,0.113,3.826,2.069,19.099,0,119.142501831055,6,1746496,false,262.092126846313,0.287,8.206,0.007,23.777,2
continuous_dig,140,16.656,5.68100023269653,0.113,3.826,2.069,19.099,0,119.142501831055,6,1746496,false,262.092126846313,0.287,8.206,0.009,23.777,2
continuous_dig,141,16.729,5.65000009536743,0.113,3.826,2.069,19.099,0,119.142501831055,6,1746496,false,262.095331192017,0.287,8.206,0.012,23.777,2
continuous_dig,142,16.685,5.66699981689453,0.113,3.826,2.069,19.099,0,119.142501831055,6,1746496,false,262.095331192017,0.287,8.206,0.013,23.777,2
continuous_dig,143,18.523,5.64699983596802,0.113,3.826,2.069,19.099,0,119.142501831055,6,1746496,false,262.095331192017,0.287,8.206,0.006,23.777,2
continuous_dig,144,14.821,5.6729998588562,0.113,3.826,2.069,19.099,1,119.142501831055,6,1746496,true,262.1080493927,0.287,8.206,0.012,23.777,2
continuous_dig,145,19.497,5.66300010681152,0.221,1.942,0.152,19.099,0,119.142501831055,6,1746496,true,262.415746688843,0.366,10.54,2.563,23.777,2
continuous_dig,146,17.743,5.65399980545044,0.221,4.677,2.261,34.189,0,119.142791748047,6,1746500,false,262.09755897522,0.366,10.54,2.272,23.777,2
continuous_dig,147,12.75,5.65399980545044,0.221,4.677,2.261,34.189,0,119.142791748047,6,1746500,false,262.104658126831,0.366,10.54,0.006,38.982,2
continuous_dig,148,16.66,5.74700021743774,0.221,4.677,2.261,34.189,0,119.142791748047,6,1746500,false,262.103811264038,0.366,10.54,0.013,38.982,2
continuous_dig,149,16.672,5.74200010299683,0.221,4.677,2.261,34.189,0,119.142791748047,6,1746500,false,262.103815078735,0.366,10.54,0.011,38.982,2
continuous_dig,150,16.509,5.7350001335144,0.221,4.677,2.261,34.189,0,119.142791748047,6,1746500,false,262.103811264038,0.366,10.54,0.007,38.982,2
continuous_dig,151,16.664,5.74300003051758,0.221,4.677,2.261,34.189,0,119.142791748047,6,1746500,false,262.103815078735,0.366,10.54,0.007,38.982,2
continuous_dig,152,16.635,5.74900007247925,0.221,4.677,2.261,34.189,0,119.142791748047,6,1746500,false,262.103815078735,0.366,10.54,0.007,38.982,2
continuous_dig,153,19.448,5.74900007247925,0.221,4.677,2.261,34.189,0,119.142791748047,6,1746500,false,262.109983444214,0.366,10.54,0.01,38.982,2
continuous_dig,154,14.438,5.74700021743774,0.221,4.677,2.261,34.189,0,119.142791748047,6,1746500,false,262.110052108765,0.366,10.54,0.011,38.982,2
continuous_dig,155,16.212,5.74599981307983,0.221,4.677,2.261,34.189,1,119.142791748047,6,1746500,true,262.122705459595,0.366,10.54,0.009,38.982,2
continuous_dig,156,19.857,5.74100017547607,0.249,2.548,1.607,34.189,0,119.142791748047,6,1746500,true,262.422491073608,0.333,10.508,2.666,38.982,2
continuous_dig,157,21.066,5.72800016403198,0.249,3.969,4.62,36.217,0,119.14453125,6,1746524,false,262.110605239868,0.333,10.508,5.001,38.982,2
continuous_dig,158,9.174,6.59499979019165,0.249,3.969,4.62,36.217,0,119.14453125,6,1746524,false,262.117265701294,0.333,10.508,0.006,43.814,2
continuous_dig,159,17.049,5.67199993133545,0.249,3.969,4.62,36.217,0,119.14453125,6,1746524,false,262.116422653198,0.333,10.508,0.013,43.814,2
continuous_dig,160,16.442,5.61899995803833,0.249,3.969,4.62,36.217,0,119.14453125,6,1746524,false,262.122591018677,0.333,10.508,0.013,43.814,2
continuous_dig,161,16.475,5.64499998092651,0.249,3.969,4.62,36.217,0,119.14453125,6,1746524,false,262.122591018677,0.333,10.508,0.012,43.814,2
continuous_dig,162,16.679,5.64200019836426,0.249,3.969,4.62,36.217,0,119.14453125,6,1746524,false,262.122591018677,0.333,10.508,0.012,43.814,2
continuous_dig,163,16.497,5.66200017929077,0.249,3.969,4.62,36.217,0,119.14453125,6,1746524,false,262.122591018677,0.333,10.508,0.007,43.814,2
continuous_dig,164,19.744,5.63299989700317,0.249,3.969,4.62,36.217,0,119.14453125,6,1746524,false,262.122591018677,0.333,10.508,0.011,43.814,2
continuous_dig,165,13.745,5.66499996185303,0.249,3.969,4.62,36.217,0,119.14453125,6,1746524,false,262.122591018677,0.333,10.508,0.011,43.814,2
continuous_dig,166,16.507,5.63500022888184,0.249,3.969,4.62,36.217,1,119.14453125,6,1746524,true,262.135313034058,0.333,10.508,0.006,43.814,2
continuous_dig,167,24.41,5.64300012588501,0.166,4.744,3.707,20.392,0,119.144821166992,6,1746528,false,262.122205734253,0.253,13.603,4.874,43.814,2
continuous_dig,168,9.218,5.64099979400635,0.166,4.744,3.707,20.392,0,119.144821166992,6,1746528,false,262.130506515503,0.253,13.603,0.011,27.027,2
continuous_dig,169,16.44,5.74200010299683,0.166,4.744,3.707,20.392,0,119.144821166992,6,1746528,false,262.12965965271,0.253,13.603,0.007,27.027,2
continuous_dig,170,17.27,5.75,0.166,4.744,3.707,20.392,0,119.144821166992,6,1746528,false,262.129682540894,0.253,13.603,0.012,27.027,2
continuous_dig,171,16.134,5.76200008392334,0.166,4.744,3.707,20.392,0,119.144821166992,6,1746528,false,262.129663467407,0.253,13.603,0.01,27.027,2
continuous_dig,172,16.607,5.74200010299683,0.166,4.744,3.707,20.392,0,119.144821166992,6,1746528,false,262.129663467407,0.253,13.603,0.009,27.027,2
continuous_dig,173,16.753,6.16300010681152,0.166,4.744,3.707,20.392,0,119.144821166992,6,1746528,false,262.129663467407,0.253,13.603,0.011,27.027,2
continuous_dig,174,20.314,5.73999977111816,0.166,4.744,3.707,20.392,0,119.144821166992,6,1746528,false,262.135831832886,0.253,13.603,0.011,27.027,2
continuous_dig,175,12.864,5.75799989700317,0.166,4.744,3.707,20.392,1,119.144821166992,6,1746528,true,262.148553848267,0.253,13.603,0.007,27.027,2
continuous_dig,176,21.156,5.75699996948242,0.111,2.215,2.194,18.579,0,119.143951416016,6,1746516,false,262.125082015991,0.265,10.378,2.898,27.027,2
continuous_dig,177,12.336,5.75600004196167,0.111,2.215,2.194,18.579,0,119.143951416016,6,1746516,false,262.133382797241,0.265,10.378,0.006,22.774,2
continuous_dig,178,16.6,5.62799978256226,0.111,2.215,2.194,18.579,0,119.143951416016,6,1746516,false,262.132528305054,0.265,10.378,0.012,22.774,2
continuous_dig,179,16.726,5.62900018692017,0.111,2.215,2.194,18.579,0,119.143951416016,6,1746516,false,262.132535934448,0.265,10.378,0.013,22.774,2
continuous_dig,180,16.663,5.66900014877319,0.111,2.215,2.194,18.579,0,119.143951416016,6,1746516,false,262.132535934448,0.265,10.378,0.012,22.774,2
continuous_dig,181,16.598,5.65899991989136,0.111,2.215,2.194,18.579,0,119.143951416016,6,1746516,false,262.138704299927,0.265,10.378,0.007,22.774,2
continuous_dig,182,16.728,5.64699983596802,0.111,2.215,2.194,18.579,0,119.143951416016,6,1746516,false,262.138704299927,0.265,10.378,0.012,22.774,2
continuous_dig,183,19.539,5.63899993896484,0.111,2.215,2.194,18.579,0,119.143951416016,6,1746516,false,262.138704299927,0.265,10.378,0.012,22.774,2
continuous_dig,184,13.816,5.62799978256226,0.111,2.215,2.194,18.579,1,119.143951416016,6,1746516,true,262.15106010437,0.265,10.378,0.012,22.774,2
continuous_dig,185,24.239,5.61299991607666,0.203,2.977,4.254,20.307,0,119.143951416016,6,1746516,false,262.131135940552,0.283,9.496,5.428,22.774,2
continuous_dig,186,9.289,5.63700008392334,0.203,2.977,4.254,20.307,0,119.143951416016,6,1746516,false,262.139501571655,0.283,9.496,0.006,26.161,2
continuous_dig,187,16.785,6.13500022888184,0.203,2.977,4.254,20.307,0,119.143951416016,6,1746516,false,262.138589859009,0.283,9.496,0.011,26.161,2
continuous_dig,188,16.269,5.75600004196167,0.203,2.977,4.254,20.307,0,119.143951416016,6,1746516,false,262.144758224487,0.283,9.496,0.007,26.161,2
continuous_dig,189,16.698,5.69999980926514,0.203,2.977,4.254,20.307,0,119.143951416016,6,1746516,false,262.144758224487,0.283,9.496,0.01,26.161,2
continuous_dig,190,16.609,5.71199989318848,0.203,2.977,4.254,20.307,0,119.143951416016,6,1746516,false,262.144758224487,0.283,9.496,0.009,26.161,2
continuous_dig,191,16.721,5.69899988174438,0.203,2.977,4.254,20.307,0,119.143951416016,6,1746516,false,262.144758224487,0.283,9.496,0.011,26.161,2
continuous_dig,192,19.207,5.70599985122681,0.203,2.977,4.254,20.307,0,119.143951416016,6,1746516,false,262.144758224487,0.283,9.496,0.007,26.161,2
continuous_dig,193,14.152,5.68900012969971,0.203,2.977,4.254,20.307,0,119.143951416016,6,1746516,false,262.144758224487,0.283,9.496,0.012,26.161,2
continuous_dig,194,16.622,5.69399976730347,0.203,2.977,4.254,20.307,0,119.143951416016,6,1746516,true,262.156595230103,0.283,9.496,0.01,26.161,2
continuous_dig,195,25.521,5.75099992752075,0.239,4.279,4.243,20.257,0,119.145690917969,6,1746540,false,262.149927139282,0.278,14.058,5.445,26.161,2
continuous_dig,196,8.015,5.70599985122681,0.239,4.279,4.243,20.257,0,119.145690917969,6,1746540,false,262.158224105835,0.278,14.058,0.009,27.861,2
continuous_dig,197,16.483,5.60200023651123,0.239,4.279,4.243,20.257,0,119.145690917969,6,1746540,false,262.157381057739,0.278,14.058,0.012,27.861,2
continuous_dig,198,16.537,5.62900018692017,0.239,4.279,4.243,20.257,0,119.145690917969,6,1746540,false,262.157381057739,0.278,14.058,0.007,27.861,2
continuous_dig,199,16.871,5.58199977874756,0.239,4.279,4.243,20.257,0,119.145690917969,6,1746540,false,262.157381057739,0.278,14.058,0.012,27.861,2
continuous_dig,200,16.458,5.61499977111816,0.239,4.279,4.243,20.257,0,119.145690917969,6,1746540,false,262.157381057739,0.278,14.058,0.007,27.861,2
continuous_dig,201,16.68,5.58699989318848,0.239,4.279,4.243,20.257,0,119.145690917969,6,1746540,false,262.157377243042,0.278,14.058,0.007,27.861,2
continuous_dig,202,20.528,5.5939998626709,0.239,4.279,4.243,20.257,0,119.145690917969,6,1746540,false,262.163614273071,0.278,14.058,0.012,27.861,2
continuous_dig,203,13.368,5.59999990463257,0.239,4.279,4.243,20.257,1,119.145690917969,6,1746540,true,262.176271438599,0.278,14.058,0.012,27.861,2
continuous_dig,204,23.799,5.58400011062622,0.16,4.34,4.071,19.522,0,119.14714050293,6,1746560,false,262.161546707153,0.318,13.009,5.061,27.861,2
continuous_dig,205,9.295,5.57600021362305,0.16,4.34,4.071,19.522,0,119.14714050293,6,1746560,false,262.169843673706,0.318,13.009,0.009,26.976,2
continuous_dig,206,16.326,5.68599987030029,0.16,4.34,4.071,19.522,0,119.14714050293,6,1746560,false,262.16900062561,0.318,13.009,0.007,26.976,2
continuous_dig,207,16.66,5.68699979782104,0.16,4.34,4.071,19.522,0,119.14714050293,6,1746560,false,262.168996810913,0.318,13.009,0.008,26.976,2
continuous_dig,208,16.898,5.67199993133545,0.16,4.34,4.071,19.522,0,119.14714050293,6,1746560,false,262.16900062561,0.318,13.009,0.013,26.976,2
continuous_dig,209,16.706,5.69299983978271,0.16,4.34,4.071,19.522,0,119.14714050293,6,1746560,false,262.175168991089,0.318,13.009,0.008,26.976,2
continuous_dig,210,16.576,5.68800020217896,0.16,4.34,4.071,19.522,0,119.14714050293,6,1746560,false,262.175168991089,0.318,13.009,0.012,26.976,2
continuous_dig,211,19.705,5.67199993133545,0.16,4.34,4.071,19.522,0,119.14714050293,6,1746560,false,262.179975509644,0.318,13.009,0.013,26.976,2
continuous_dig,212,13.633,5.66099977493286,0.16,4.34,4.071,19.522,0,119.14714050293,6,1746560,false,262.179975509644,0.318,13.009,0.012,26.976,2
continuous_dig,213,16.633,5.65500020980835,0.16,4.34,4.071,19.522,1,119.14714050293,6,1746560,true,262.192098617554,0.318,13.009,0.011,26.976,2
continuous_dig,214,24.746,5.77099990844727,0.237,4.554,3.942,20.242,0,119.147430419922,6,1746564,false,262.173570632935,0.298,13.94,5.165,26.976,2
continuous_dig,215,8.751,5.76700019836426,0.237,4.554,3.942,20.242,0,119.147430419922,6,1746564,false,262.181867599487,0.298,13.94,0.011,26.693,2
continuous_dig,216,16.704,5.64699983596802,0.237,4.554,3.942,20.242,0,119.147430419922,6,1746564,false,262.18719291687,0.298,13.94,0.013,26.693,2
continuous_dig,217,16.392,5.63700008392334,0.237,4.554,3.942,20.242,0,119.147430419922,6,1746564,false,262.18719291687,0.298,13.94,0.01,26.693,2
continuous_dig,218,17.419,5.65000009536743,0.237,4.554,3.942,20.242,0,119.147430419922,6,1746564,false,262.187261581421,0.298,13.94,0.008,26.693,2
continuous_dig,219,15.887,5.65399980545044,0.237,4.554,3.942,20.242,0,119.147430419922,6,1746564,false,262.18719291687,0.298,13.94,0.007,26.693,2
continuous_dig,220,16.761,6.4520001411438,0.237,4.554,3.942,20.242,0,119.147430419922,6,1746564,false,262.187189102173,0.298,13.94,0.012,26.693,2
continuous_dig,221,19.609,5.65000009536743,0.237,4.554,3.942,20.242,0,119.147430419922,6,1746564,false,262.18719291687,0.298,13.94,0.013,26.693,2
continuous_dig,222,13.789,5.66099977493286,0.237,4.554,3.942,20.242,1,119.147430419922,6,1746564,true,262.199914932251,0.298,13.94,0.013,26.693,2
continuous_dig,223,26.628,5.60400009155273,0.135,3.902,4.705,20.868,0,119.147430419922,6,1746564,false,262.185953140259,0.253,13.725,6.008,26.693,2
continuous_dig,224,7.233,5.60799980163574,0.135,3.902,4.705,20.868,0,119.147430419922,6,1746564,false,262.194250106812,0.253,13.725,0.011,30.123,2
continuous_dig,225,15.932,5.69899988174438,0.135,3.902,4.705,20.868,0,119.147430419922,6,1746564,false,262.193407058716,0.253,13.725,0.008,30.123,2
continuous_dig,226,16.742,5.74100017547607,0.135,3.902,4.705,20.868,0,119.147430419922,6,1746564,false,262.193407058716,0.253,13.725,0.01,30.123,2
continuous_dig,227,16.692,5.72800016403198,0.135,3.902,4.705,20.868,0,119.147430419922,6,1746564,false,262.193407058716,0.253,13.725,0.01,30.123,2
continuous_dig,228,16.791,5.68200016021729,0.135,3.902,4.705,20.868,0,119.147430419922,6,1746564,false,262.193407058716,0.253,13.725,0.012,30.123,2
continuous_dig,229,16.606,5.7189998626709,0.135,3.902,4.705,20.868,0,119.147430419922,6,1746564,false,262.193403244019,0.253,13.725,0.012,30.123,2
continuous_dig,230,19.588,5.69399976730347,0.135,3.902,4.705,20.868,0,119.147430419922,6,1746564,false,262.199575424194,0.253,13.725,0.012,30.123,2
continuous_dig,231,13.729,5.67199993133545,0.135,3.902,4.705,20.868,0,119.147430419922,6,1746564,false,262.199575424194,0.253,13.725,0.012,30.123,2
continuous_dig,232,16.659,5.71400022506714,0.135,3.902,4.705,20.868,1,119.147430419922,6,1746564,true,262.212297439575,0.253,13.725,0.012,30.123,2
continuous_dig,233,23.257,5.69199991226196,0.26,3.827,3.192,19.031,0,119.14714050293,6,1746560,false,262.190984725952,0.361,8.12,3.943,30.123,2
continuous_dig,234,10.383,5.68800020217896,0.26,3.827,3.192,19.031,0,119.14714050293,6,1746560,false,262.199354171753,0.361,8.12,0.006,25.666,2
continuous_dig,235,16.221,5.56199979782104,0.26,3.827,3.192,19.031,0,119.14714050293,6,1746560,false,262.198438644409,0.361,8.12,0.007,25.666,2
continuous_dig,236,16.65,5.55700016021729,0.26,3.827,3.192,19.031,0,119.14714050293,6,1746560,false,262.198434829712,0.361,8.12,0.007,25.666,2
continuous_dig,237,16.892,5.5479998588562,0.26,3.827,3.192,19.031,0,119.14714050293,6,1746560,false,262.195829391479,0.361,8.12,0.007,25.666,2
continuous_dig,238,16.444,5.56300020217896,0.26,3.827,3.192,19.031,0,119.14714050293,6,1746560,false,262.195833206177,0.361,8.12,0.007,25.666,2
continuous_dig,239,16.887,5.52400016784668,0.26,3.827,3.192,19.031,0,119.14714050293,6,1746560,false,262.195833206177,0.361,8.12,0.012,25.666,2
continuous_dig,240,18.179,5.51700019836426,0.26,3.827,3.192,19.031,0,119.14714050293,6,1746560,false,262.195833206177,0.361,8.12,0.007,25.666,2
continuous_dig,241,15.073,5.51999998092651,0.26,3.827,3.192,19.031,0,119.14714050293,6,1746560,false,262.195833206177,0.361,8.12,0.011,25.666,2
continuous_dig,242,16.591,5.53399991989136,0.26,3.827,3.192,19.031,1,119.14714050293,6,1746560,true,262.208555221558,0.361,8.12,0.008,25.666,2
continuous_dig,243,25.413,5.53200006484985,0.11,2.073,4.228,20.653,0,119.149169921875,6,1746588,false,262.196012496948,0.277,9.575,5.429,25.666,2
continuous_dig,244,8.386,5.53800010681152,0.11,2.073,4.228,20.653,0,119.149169921875,6,1746588,false,262.210477828979,0.277,9.575,0.01,28.343,2
continuous_dig,245,16.281,5.6399998664856,0.11,2.073,4.228,20.653,0,119.149169921875,6,1746588,false,262.209630966187,0.277,9.575,0.011,28.343,2
continuous_dig,246,16.513,5.60200023651123,0.11,2.073,4.228,20.653,0,119.149169921875,6,1746588,false,262.209634780884,0.277,9.575,0.007,28.343,2
continuous_dig,247,16.685,5.64699983596802,0.11,2.073,4.228,20.653,0,119.149169921875,6,1746588,false,262.209634780884,0.277,9.575,0.006,28.343,2
continuous_dig,248,17.216,5.6100001335144,0.11,2.073,4.228,20.653,0,119.149169921875,6,1746588,false,262.209630966187,0.277,9.575,0.012,28.343,2
continuous_dig,249,16.095,5.65000009536743,0.11,2.073,4.228,20.653,0,119.149169921875,6,1746588,false,262.209634780884,0.277,9.575,0.007,28.343,2
continuous_dig,250,18.496,5.60900020599365,0.11,2.073,4.228,20.653,0,119.149169921875,6,1746588,false,262.209703445435,0.277,9.575,0.006,28.343,2
continuous_dig,251,15.131,5.59999990463257,0.11,2.073,4.228,20.653,1,119.149169921875,6,1746588,true,262.228525161743,0.277,9.575,0.011,28.343,2
continuous_dig,252,21.531,5.5789999961853,0.212,4.192,2.668,18.446,0,119.150039672852,6,1746600,false,262.211553573608,0.375,11.568,3.336,28.343,2
continuous_dig,253,11.654,5.60900020599365,0.212,4.192,2.668,18.446,0,119.150039672852,6,1746600,false,262.219858169556,0.375,11.568,0.007,23.747,2
continuous_dig,254,16.515,5.38800001144409,0.212,4.192,2.668,18.446,0,119.150039672852,6,1746600,false,262.219011306763,0.375,11.568,0.007,23.747,2
continuous_dig,255,16.679,5.37099981307983,0.212,4.192,2.668,18.446,0,119.150039672852,6,1746600,false,262.219011306763,0.375,11.568,0.008,23.747,2
continuous_dig,256,16.784,5.39599990844727,0.212,4.192,2.668,18.446,0,119.150039672852,6,1746600,false,262.219011306763,0.375,11.568,0.011,23.747,2
continuous_dig,257,16.727,5.39499998092651,0.212,4.192,2.668,18.446,0,119.150039672852,6,1746600,false,262.219011306763,0.375,11.568,0.012,23.747,2
continuous_dig,258,16.84,5.36499977111816,0.212,4.192,2.668,18.446,0,119.150039672852,6,1746600,false,262.225175857544,0.375,11.568,0.011,23.747,2
continuous_dig,259,19.495,5.37599992752075,0.212,4.192,2.668,18.446,0,119.150039672852,6,1746600,false,262.225179672241,0.375,11.568,0.012,23.747,2
continuous_dig,260,13.504,5.37099981307983,0.212,4.192,2.668,18.446,0,119.150039672852,6,1746600,false,262.225179672241,0.375,11.568,0.007,23.747,2
continuous_dig,261,16.649,5.34200000762939,0.212,4.192,2.668,18.446,1,119.150039672852,6,1746600,true,262.237901687622,0.375,11.568,0.008,23.747,2
continuous_dig,262,22.177,5.34800004959106,0.238,4.618,2.822,18.765,0,119.150039672852,6,1746600,false,262.217771530151,0.206,12.992,3.418,23.747,2
continuous_dig,263,11.294,5.34700012207031,0.238,4.618,2.822,18.765,0,119.150039672852,6,1746600,false,262.226072311401,0.206,12.992,0.006,24.017,2
continuous_dig,264,16.509,5.5479998588562,0.238,4.618,2.822,18.765,0,119.150039672852,6,1746600,false,262.225221633911,0.206,12.992,0.007,24.017,2
continuous_dig,265,16.988,5.55499982833862,0.238,4.618,2.822,18.765,0,119.150039672852,6,1746600,false,262.231393814087,0.206,12.992,0.012,24.017,2
continuous_dig,266,16.706,5.54300022125244,0.238,4.618,2.822,18.765,0,119.150039672852,6,1746600,false,262.231462478638,0.206,12.992,0.008,24.017,2
continuous_dig,267,16.559,5.55200004577637,0.238,4.618,2.822,18.765,0,119.150039672852,6,1746600,false,262.231393814087,0.206,12.992,0.015,24.017,2
continuous_dig,268,16.603,5.50600004196167,0.238,4.618,2.822,18.765,0,119.150039672852,6,1746600,false,262.231393814087,0.206,12.992,0.012,24.017,2
continuous_dig,269,19.556,5.52099990844727,0.238,4.618,2.822,18.765,0,119.150039672852,6,1746600,false,262.231515884399,0.206,12.992,0.013,24.017,2
continuous_dig,270,13.869,5.53599977493286,0.238,4.618,2.822,18.765,1,119.150039672852,6,1746600,true,262.24423789978,0.206,12.992,0.013,24.017,2
continuous_dig,271,21.421,5.52199983596802,0.238,4.69,2.487,18.622,0,119.150909423828,6,1746612,false,262.227582931519,0.393,12.665,3.185,24.017,2
continuous_dig,272,11.844,5.50799989700317,0.238,4.69,2.487,18.622,0,119.150909423828,6,1746612,false,262.242052078247,0.393,12.665,0.006,23.063,2
continuous_dig,273,16.57,5.38199996948242,0.238,4.69,2.487,18.622,0,119.150909423828,6,1746612,false,262.241201400757,0.393,12.665,0.012,23.063,2
continuous_dig,274,16.747,5.46299982070923,0.238,4.69,2.487,18.622,0,119.150909423828,6,1746612,false,262.241205215454,0.393,12.665,0.015,23.063,2
continuous_dig,275,16.642,5.44799995422363,0.238,4.69,2.487,18.622,0,119.150909423828,6,1746612,false,262.241205215454,0.393,12.665,0.012,23.063,2
continuous_dig,276,16.553,5.8289999961853,0.238,4.69,2.487,18.622,0,119.150909423828,6,1746612,false,262.241201400757,0.393,12.665,0.009,23.063,2
continuous_dig,277,16.806,5.44000005722046,0.238,4.69,2.487,18.622,0,119.150909423828,6,1746612,false,262.241205215454,0.393,12.665,0.013,23.063,2
continuous_dig,278,19.643,5.43599987030029,0.238,4.69,2.487,18.622,0,119.150909423828,6,1746612,false,262.241205215454,0.393,12.665,0.011,23.063,2
continuous_dig,279,13.868,5.90399980545044,0.238,4.69,2.487,18.622,1,119.150909423828,6,1746612,true,262.260095596313,0.393,12.665,0.012,23.063,2
continuous_dig,280,20.077,5.41800022125244,0.257,4.756,2.111,18.622,0,119.150909423828,6,1746612,true,262.575304031372,0.388,0.0,3.178,23.063,2
continuous_dig,281,18.917,5.7960000038147,0.257,3.722,2.375,33.841,0,119.151489257813,6,1746620,false,262.243768692017,0.388,15.724,2.637,23.063,2
continuous_dig,282,11.683,5.45100021362305,0.257,3.722,2.375,33.841,0,119.151489257813,6,1746620,false,262.250505447388,0.388,15.724,0.011,42.202,2
continuous_dig,283,15.663,5.52199983596802,0.257,3.722,2.375,33.841,0,119.151489257813,6,1746620,false,262.249589920044,0.388,15.724,0.007,42.202,2
continuous_dig,284,16.793,5.55499982833862,0.257,3.722,2.375,33.841,0,119.151489257813,6,1746620,false,262.249589920044,0.388,15.724,0.01,42.202,2
continuous_dig,285,16.688,5.51300001144409,0.257,3.722,2.375,33.841,0,119.151489257813,6,1746620,false,262.249589920044,0.388,15.724,0.015,42.202,2
continuous_dig,286,16.58,5.49599981307983,0.257,3.722,2.375,33.841,0,119.151489257813,6,1746620,false,262.2555103302,0.388,15.724,0.007,42.202,2
continuous_dig,287,16.827,5.52600002288818,0.257,3.722,2.375,33.841,0,119.151489257813,6,1746620,false,262.255514144897,0.388,15.724,0.011,42.202,2
continuous_dig,288,18.896,5.51399993896484,0.257,3.722,2.375,33.841,0,119.151489257813,6,1746620,false,262.255514144897,0.388,15.724,0.008,42.202,2
continuous_dig,289,14.167,5.47700023651123,0.257,3.722,2.375,33.841,0,119.151489257813,6,1746620,false,262.255514144897,0.388,15.724,0.007,42.202,2
continuous_dig,290,16.668,5.48400020599365,0.257,3.722,2.375,33.841,1,119.151489257813,6,1746620,true,262.267427444458,0.388,15.724,0.007,42.202,2
continuous_dig,291,24.848,5.44799995422363,0.165,3.708,4.254,20.654,0,119.152359008789,6,1746632,false,262.251264572144,0.182,11.642,5.439,42.202,2
continuous_dig,292,8.647,5.41499996185303,0.165,3.708,4.254,20.654,0,119.152359008789,6,1746632,false,262.259561538696,0.182,11.642,0.006,28.112,2
continuous_dig,293,16.827,5.30299997329712,0.165,3.708,4.254,20.654,0,119.152359008789,6,1746632,false,262.264886856079,0.182,11.642,0.012,28.112,2
continuous_dig,294,16.355,5.27400016784668,0.165,3.708,4.254,20.654,0,119.152359008789,6,1746632,false,262.264886856079,0.182,11.642,0.008,28.112,2
continuous_dig,295,16.851,5.28299999237061,0.165,3.708,4.254,20.654,0,119.152359008789,6,1746632,false,262.264886856079,0.182,11.642,0.012,28.112,2
continuous_dig,296,16.677,5.28700017929077,0.165,3.708,4.254,20.654,0,119.152359008789,6,1746632,false,262.264886856079,0.182,11.642,0.007,28.112,2
continuous_dig,297,16.47,5.2810001373291,0.165,3.708,4.254,20.654,0,119.152359008789,6,1746632,false,262.264879226685,0.182,11.642,0.007,28.112,2
continuous_dig,298,18.883,5.26700019836426,0.165,3.708,4.254,20.654,0,119.152359008789,6,1746632,false,262.26495552063,0.182,11.642,0.007,28.112,2
continuous_dig,299,14.442,5.28700017929077,0.165,3.708,4.254,20.654,0,119.152359008789,6,1746632,true,262.276723861694,0.182,11.642,0.007,28.112,2
continuous_dig,300,21.941,5.26800012588501,0.113,2.459,2.477,19.015,0,119.153228759766,6,1746644,false,262.266897201538,0.177,10.841,3.153,28.112,2
post_dig,1,13.313,5.63700008392334,0.113,2.459,2.477,19.015,0,119.153228759766,6,1746644,false,262.484178543091,0.177,10.841,0.012,34.042,2
post_dig,2,16.884,5.65000009536743,0.113,2.459,2.477,19.015,0,119.153228759766,6,1746644,false,262.491079330444,0.177,10.841,0.013,34.042,2
post_dig,3,16.851,5.71999979019165,0.113,2.459,2.477,19.015,0,119.153228759766,6,1746644,false,262.490758895874,0.177,10.841,0.011,34.042,2
post_dig,4,19.248,5.71500015258789,0.113,2.459,2.477,19.015,0,119.153228759766,6,1746644,false,262.490850448608,0.177,10.841,0.013,34.042,2
post_dig,5,13.659,5.70599985122681,0.113,2.459,2.477,19.015,0,119.153228759766,6,1746644,false,262.490850448608,0.177,10.841,0.012,34.042,2
post_dig,6,16.902,6.17000007629395,0.113,2.459,2.477,19.015,0,119.153228759766,6,1746644,false,262.49098777771,0.177,10.841,0.012,34.042,2
post_dig,7,16.579,5.70300006866455,0.113,2.459,2.477,19.015,0,119.153228759766,6,1746644,false,262.49098777771,0.177,10.841,0.015,34.042,2
post_dig,8,16.55,5.72800016403198,0.113,2.459,2.477,19.015,0,119.153228759766,6,1746644,false,262.490983963013,0.177,10.841,0.012,34.042,2
post_dig,9,17.347,5.72499990463257,0.113,2.459,2.477,19.015,0,119.153228759766,6,1746644,false,262.497407913208,0.177,10.841,0.012,34.042,2
post_dig,10,15.991,5.70599985122681,0.113,2.459,2.477,19.015,0,119.153228759766,6,1746644,false,262.497343063354,0.177,10.841,0.013,34.042,2
post_dig,11,19.922,5.73199987411499,0.113,2.459,2.477,19.015,0,119.153228759766,6,1746644,false,262.497343063354,0.177,10.841,0.011,34.042,2
post_dig,12,13.331,6.57399988174438,0.113,2.459,2.477,19.015,0,119.153228759766,6,1746644,false,262.497343063354,0.177,10.841,0.01,34.042,2
post_dig,13,16.731,5.73999977111816,0.113,2.459,2.477,19.015,0,119.153228759766,6,1746644,false,262.497617721558,0.177,10.841,0.012,34.042,2
post_dig,14,16.553,5.75,0.113,2.459,2.477,19.015,0,119.153228759766,6,1746644,false,262.49757194519,0.177,10.841,0.006,34.042,2
post_dig,15,16.797,5.71299982070923,0.113,2.459,2.477,19.015,0,119.153228759766,6,1746644,false,262.497617721558,0.177,10.841,0.012,34.042,2
post_dig,16,16.86,5.72200012207031,0.113,2.459,2.477,19.015,0,119.153228759766,6,1746644,false,262.503782272339,0.177,10.841,0.011,34.042,2
post_dig,17,16.474,5.68300008773804,0.113,2.459,2.477,19.015,0,119.153228759766,6,1746644,false,262.503786087036,0.177,10.841,0.012,34.042,2
post_dig,18,19.673,5.7020001411438,0.113,2.459,2.477,19.015,0,119.153228759766,6,1746644,false,262.503782272339,0.177,10.841,0.013,34.042,2
post_dig,19,13.688,5.70300006866455,0.113,2.459,2.477,19.015,0,119.153228759766,6,1746644,false,262.504198074341,0.177,10.841,0.033,34.042,2
post_dig,20,16.652,5.67700004577637,0.113,2.459,2.477,19.015,0,119.153228759766,6,1746644,false,262.504198074341,0.177,10.841,0.013,34.042,2
post_dig,21,16.622,5.66699981689453,0.113,2.459,2.477,19.015,0,119.153228759766,6,1746644,false,262.504198074341,0.177,10.841,0.011,34.042,2
post_dig,22,16.693,5.67000007629395,0.113,2.459,2.477,19.015,0,119.153228759766,6,1746644,false,262.504198074341,0.177,10.841,0.012,34.042,2
post_dig,23,16.811,5.67999982833862,0.113,2.459,2.477,19.015,0,119.153228759766,6,1746644,false,262.510366439819,0.177,10.841,0.012,34.042,2
post_dig,24,16.504,6.43800020217896,0.113,2.459,2.477,19.015,0,119.153228759766,6,1746644,false,262.510366439819,0.177,10.841,0.013,34.042,2
post_dig,25,20.359,5.66400003433228,0.113,2.459,2.477,19.015,0,119.153228759766,6,1746644,false,262.51043510437,0.177,10.841,0.013,34.042,2
post_dig,26,13.027,5.66699981689453,0.113,2.459,2.477,19.015,0,119.153228759766,6,1746644,false,262.510366439819,0.177,10.841,0.012,34.042,2
post_dig,27,16.624,5.6560001373291,0.113,2.459,2.477,19.015,0,119.153228759766,6,1746644,false,262.510362625122,0.177,10.841,0.012,34.042,2
post_dig,28,16.724,5.68100023269653,0.113,2.459,2.477,19.015,0,119.153228759766,6,1746644,false,262.51100730896,0.177,10.841,0.013,34.042,2
post_dig,29,16.567,5.77199983596802,0.113,2.459,2.477,19.015,0,119.153228759766,6,1746644,false,262.51100730896,0.177,10.841,0.011,34.042,2
post_dig,30,16.845,6.21799993515015,0.113,2.459,2.477,19.015,0,119.153228759766,6,1746644,false,262.517175674438,0.177,10.841,0.012,34.042,2
post_dig,31,16.548,5.81400012969971,0.113,2.459,2.477,19.015,0,119.153228759766,6,1746644,false,262.517175674438,0.177,10.841,0.012,34.042,2
post_dig,32,19.786,5.82399988174438,0.113,2.459,2.477,19.015,0,119.153228759766,6,1746644,false,262.517175674438,0.177,10.841,0.013,34.042,2
post_dig,33,13.504,5.83099985122681,0.113,2.459,2.477,19.015,0,119.153228759766,6,1746644,false,262.517175674438,0.177,10.841,0.012,34.042,2
post_dig,34,16.687,5.80000019073486,0.113,2.459,2.477,19.015,0,119.153228759766,6,1746644,false,262.517175674438,0.177,10.841,0.012,34.042,2
post_dig,35,16.782,5.81799983978271,0.113,2.459,2.477,19.015,0,119.153228759766,6,1746644,false,262.517175674438,0.177,10.841,0.013,34.042,2
post_dig,36,16.527,6.27099990844727,0.113,2.459,2.477,19.015,0,119.153228759766,6,1746644,false,262.517175674438,0.177,10.841,0.012,34.042,2
post_dig,37,16.888,5.7979998588562,0.113,2.459,2.477,19.015,0,119.153228759766,6,1746644,false,262.52334022522,0.177,10.841,0.014,34.042,2
post_dig,38,16.49,5.80700016021729,0.113,2.459,2.477,19.015,0,119.153228759766,6,1746644,false,262.52334022522,0.177,10.841,0.012,34.042,2
post_dig,39,19.637,5.78299999237061,0.113,2.459,2.477,19.015,0,119.153228759766,6,1746644,false,262.523344039917,0.177,10.841,0.013,34.042,2
post_dig,40,13.677,5.78299999237061,0.113,2.459,2.477,19.015,0,119.153228759766,6,1746644,false,262.523344039917,0.177,10.841,0.013,34.042,2
post_dig,41,17.176,5.78900003433228,0.113,2.459,2.477,19.015,0,119.153228759766,6,1746644,false,262.523412704468,0.177,10.841,0.013,34.042,2
post_dig,42,16.116,6.16900014877319,0.113,2.459,2.477,19.015,0,119.153228759766,6,1746644,false,262.524305343628,0.177,10.841,0.012,34.042,2
post_dig,43,16.794,5.79199981689453,0.113,2.459,2.477,19.015,0,119.153228759766,6,1746644,false,262.524305343628,0.177,10.841,0.012,34.042,2
post_dig,44,17.105,5.78900003433228,0.113,2.459,2.477,19.015,0,119.153228759766,6,1746644,false,262.530473709106,0.177,10.841,0.011,34.042,2
post_dig,45,15.959,5.78999996185303,0.113,2.459,2.477,19.015,0,119.153228759766,6,1746644,false,262.530473709106,0.177,10.841,0.008,34.042,2
post_dig,46,19.689,5.78999996185303,0.113,2.459,2.477,19.015,0,119.153228759766,6,1746644,false,262.530473709106,0.177,10.841,0.012,34.042,2
post_dig,47,13.725,5.79899978637695,0.113,2.459,2.477,19.015,0,119.153228759766,6,1746644,false,262.530473709106,0.177,10.841,0.009,34.042,2
post_dig,48,16.777,5.80000019073486,0.113,2.459,2.477,19.015,0,119.153228759766,6,1746644,false,262.530473709106,0.177,10.841,0.012,34.042,2
post_dig,49,16.679,5.78599977493286,0.113,2.459,2.477,19.015,0,119.153228759766,6,1746644,false,262.530473709106,0.177,10.841,0.014,34.042,2
post_dig,50,16.673,5.78999996185303,0.113,2.459,2.477,19.015,0,119.153228759766,6,1746644,false,262.530473709106,0.177,10.841,0.012,34.042,2
post_dig,51,16.801,5.7960000038147,0.113,2.459,2.477,19.015,0,119.153228759766,6,1746644,false,262.536638259888,0.177,10.841,0.016,34.042,2
post_dig,52,16.547,5.79899978637695,0.113,2.459,2.477,19.015,0,119.153228759766,6,1746644,false,262.536642074585,0.177,10.841,0.013,34.042,2
post_dig,53,19.8,5.81799983978271,0.113,2.459,2.477,19.015,0,119.153228759766,6,1746644,false,262.53663444519,0.177,10.841,0.014,34.042,2
post_dig,54,13.807,6.16699981689453,0.113,2.459,2.477,19.015,0,119.153228759766,6,1746644,false,262.536642074585,0.177,10.841,0.011,34.042,2
post_dig,55,16.238,5.8600001335144,0.113,2.459,2.477,19.015,0,119.153228759766,6,1746644,false,262.536638259888,0.177,10.841,0.01,34.042,2
post_dig,56,16.779,5.7979998588562,0.113,2.459,2.477,19.015,0,119.153228759766,6,1746644,false,262.536638259888,0.177,10.841,0.013,34.042,2
post_dig,57,17.243,5.80399990081787,0.113,2.459,2.477,19.015,0,119.153228759766,6,1746644,false,262.536710739136,0.177,10.841,0.013,34.042,2
post_dig,58,16.238,5.8289999961853,0.113,2.459,2.477,19.015,0,119.153228759766,6,1746644,false,262.542806625366,0.177,10.841,0.012,34.042,2
post_dig,59,16.515,5.80100011825562,0.113,2.459,2.477,19.015,0,119.153228759766,6,1746644,false,262.542810440063,0.177,10.841,0.013,34.042,2
post_dig,60,19.793,6.56300020217896,0.113,2.459,2.477,19.015,0,119.153228759766,6,1746644,false,262.542810440063,0.177,10.841,0.013,34.042,2
post_dig,61,13.525,5.81199979782104,0.113,2.459,2.477,19.015,0,119.153228759766,6,1746644,false,262.542810440063,0.177,10.841,0.013,34.042,2
post_dig,62,16.711,5.81199979782104,0.113,2.459,2.477,19.015,0,119.153228759766,6,1746644,false,262.542810440063,0.177,10.841,0.012,34.042,2
post_dig,63,17.016,5.79899978637695,0.113,2.459,2.477,19.015,0,119.153228759766,6,1746644,false,262.544229507446,0.177,10.841,0.012,34.042,2
post_dig,64,16.268,5.81699991226196,0.113,2.459,2.477,19.015,0,119.153228759766,6,1746644,false,262.544229507446,0.177,10.841,0.012,34.042,2
post_dig,65,16.812,5.60400009155273,0.113,2.459,2.477,19.015,0,119.153228759766,6,1746644,false,262.550397872925,0.177,10.841,0.03,34.042,2
post_dig,66,16.61,6.38199996948242,0.113,2.459,2.477,19.015,0,119.153228759766,6,1746644,false,262.550394058228,0.177,10.841,0.012,34.042,2
post_dig,67,19.751,5.60200023651123,0.113,2.459,2.477,19.015,0,119.153228759766,6,1746644,false,262.550397872925,0.177,10.841,0.013,34.042,2
post_dig,68,13.528,5.61700010299683,0.113,2.459,2.477,19.015,0,119.153228759766,6,1746644,false,262.550397872925,0.177,10.841,0.013,34.042,2
post_dig,69,16.631,5.60900020599365,0.113,2.459,2.477,19.015,0,119.153228759766,6,1746644,false,262.550397872925,0.177,10.841,0.012,34.042,2
post_dig,70,16.701,5.58599996566772,0.113,2.459,2.477,19.015,0,119.153228759766,6,1746644,false,262.550397872925,0.177,10.841,0.013,34.042,2
post_dig,71,16.628,5.59000015258789,0.113,2.459,2.477,19.015,0,119.153228759766,6,1746644,false,262.550397872925,0.177,10.841,0.013,34.042,2
post_dig,72,16.843,6.33900022506714,0.113,2.459,2.477,19.015,0,119.153228759766,6,1746644,false,262.556566238403,0.177,10.841,0.012,34.042,2
post_dig,73,17.201,5.61499977111816,0.113,2.459,2.477,19.015,0,119.153228759766,6,1746644,false,262.556634902954,0.177,10.841,0.014,34.042,2
post_dig,74,19.383,5.99100017547607,0.113,2.459,2.477,19.015,0,119.153228759766,6,1746644,false,262.556566238403,0.177,10.841,0.047,34.042,2
post_dig,75,13.211,5.59700012207031,0.113,2.459,2.477,19.015,0,119.153228759766,6,1746644,false,262.556566238403,0.177,10.841,0.012,34.042,2
post_dig,76,16.755,5.58199977874756,0.113,2.459,2.477,19.015,0,119.153228759766,6,1746644,false,262.556566238403,0.177,10.841,0.039,34.042,2
post_dig,77,16.534,5.59700012207031,0.113,2.459,2.477,19.015,0,119.153228759766,6,1746644,false,262.556566238403,0.177,10.841,0.01,34.042,2
post_dig,78,16.555,5.59200000762939,0.113,2.459,2.477,19.015,0,119.153228759766,6,1746644,false,262.556566238403,0.177,10.841,0.007,34.042,2
post_dig,79,16.754,5.61399984359741,0.113,2.459,2.477,19.015,0,119.153228759766,6,1746644,false,262.563100814819,0.177,10.841,0.008,34.042,2
post_dig,80,16.631,5.61899995803833,0.113,2.459,2.477,19.015,0,119.153228759766,6,1746644,false,262.563100814819,0.177,10.841,0.009,34.042,2
post_dig,81,19.472,5.60799980163574,0.113,2.459,2.477,19.015,0,119.153228759766,6,1746644,false,262.563100814819,0.177,10.841,0.01,34.042,2
post_dig,82,14.006,5.59299993515015,0.113,2.459,2.477,19.015,0,119.153228759766,6,1746644,false,262.563100814819,0.177,10.841,0.012,34.042,2
post_dig,83,16.641,5.60699987411499,0.113,2.459,2.477,19.015,0,119.153228759766,6,1746644,false,262.563100814819,0.177,10.841,0.01,34.042,2
post_dig,84,16.643,6.36100006103516,0.113,2.459,2.477,19.015,0,119.153228759766,6,1746644,false,262.563100814819,0.177,10.841,0.012,34.042,2
post_dig,85,16.68,5.59600019454956,0.113,2.459,2.477,19.015,0,119.153228759766,6,1746644,false,262.563097000122,0.177,10.841,0.012,34.042,2
post_dig,86,16.851,5.60500001907349,0.113,2.459,2.477,19.015,0,119.153228759766,6,1746644,false,262.569269180298,0.177,10.841,0.013,34.042,2
post_dig,87,16.482,5.59100008010864,0.113,2.459,2.477,19.015,0,119.153228759766,6,1746644,false,262.569269180298,0.177,10.841,0.016,34.042,2
post_dig,88,18.865,5.59200000762939,0.113,2.459,2.477,19.015,0,119.153228759766,6,1746644,false,262.569269180298,0.177,10.841,0.009,34.042,2
post_dig,89,14.997,5.57999992370605,0.113,2.459,2.477,19.015,0,119.153228759766,6,1746644,false,262.569337844849,0.177,10.841,0.013,34.042,2
post_dig,90,16.147,6.01100015640259,0.113,2.459,2.477,19.015,0,119.153228759766,6,1746644,false,262.569269180298,0.177,10.841,0.012,34.042,2
post_dig,91,16.684,6.41800022125244,0.113,2.459,2.477,19.015,0,119.153228759766,6,1746644,false,262.569269180298,0.177,10.841,0.012,34.042,2
post_dig,92,16.647,5.58599996566772,0.113,2.459,2.477,19.015,0,119.153228759766,6,1746644,false,262.569269180298,0.177,10.841,0.013,34.042,2
post_dig,93,16.853,5.59499979019165,0.113,2.459,2.477,19.015,0,119.153228759766,6,1746644,false,262.575437545776,0.177,10.841,0.013,34.042,2
post_dig,94,16.452,5.5770001411438,0.113,2.459,2.477,19.015,0,119.153228759766,6,1746644,false,262.577585220337,0.177,10.841,0.011,34.042,2
post_dig,95,19.929,5.60099983215332,0.113,2.459,2.477,19.015,0,119.153228759766,6,1746644,false,262.577589035034,0.177,10.841,0.012,34.042,2
post_dig,96,13.423,6.44199991226196,0.113,2.459,2.477,19.015,0,119.153228759766,6,1746644,false,262.577100753784,0.177,10.841,0.013,34.042,2
post_dig,97,16.794,5.59800004959106,0.113,2.459,2.477,19.015,0,119.153228759766,6,1746644,false,262.577100753784,0.177,10.841,0.012,34.042,2
post_dig,98,16.552,5.57800006866455,0.113,2.459,2.477,19.015,0,119.153228759766,6,1746644,false,262.577100753784,0.177,10.841,0.013,34.042,2
post_dig,99,16.654,5.64200019836426,0.113,2.459,2.477,19.015,0,119.153228759766,6,1746644,false,262.577100753784,0.177,10.841,0.016,34.042,2
post_dig,100,16.869,5.61999988555908,0.113,2.459,2.477,19.015,0,119.153228759766,6,1746644,false,262.58327293396,0.177,10.841,0.012,34.042,2
post_dig,101,16.474,5.60500001907349,0.113,2.459,2.477,19.015,0,119.153228759766,6,1746644,false,262.58327293396,0.177,10.841,0.013,34.042,2
post_dig,102,19.617,6.37200021743774,0.113,2.459,2.477,19.015,0,119.153228759766,6,1746644,false,262.58327293396,0.177,10.841,0.012,34.042,2
post_dig,103,13.707,5.6230001449585,0.113,2.459,2.477,19.015,0,119.153228759766,6,1746644,false,262.583269119263,0.177,10.841,0.012,34.042,2
post_dig,104,16.677,5.61700010299683,0.113,2.459,2.477,19.015,0,119.153228759766,6,1746644,false,262.58327293396,0.177,10.841,0.013,34.042,2
post_dig,105,17.195,5.61399984359741,0.113,2.459,2.477,19.015,0,119.153228759766,6,1746644,false,262.583341598511,0.177,10.841,0.013,34.042,2
post_dig,106,16.136,5.61399984359741,0.113,2.459,2.477,19.015,0,119.153228759766,6,1746644,false,262.58327293396,0.177,10.841,0.012,34.042,2
post_dig,107,16.666,5.60599994659424,0.113,2.459,2.477,19.015,0,119.153228759766,6,1746644,false,262.589441299438,0.177,10.841,0.009,34.042,2
post_dig,108,16.632,5.6269998550415,0.113,2.459,2.477,19.015,0,119.153228759766,6,1746644,false,262.589437484741,0.177,10.841,0.011,34.042,2
post_dig,109,19.407,6.45900011062622,0.113,2.459,2.477,19.015,0,119.153228759766,6,1746644,false,262.589441299438,0.177,10.841,0.011,34.042,2
post_dig,110,14.096,5.64900016784668,0.113,2.459,2.477,19.015,0,119.153228759766,6,1746644,false,262.589441299438,0.177,10.841,0.012,34.042,2
post_dig,111,16.53,5.63199996948242,0.113,2.459,2.477,19.015,0,119.153228759766,6,1746644,false,262.589437484741,0.177,10.841,0.012,34.042,2
post_dig,112,16.659,5.63500022888184,0.113,2.459,2.477,19.015,0,119.153228759766,6,1746644,false,262.589441299438,0.177,10.841,0.012,34.042,2
post_dig,113,16.685,5.57200002670288,0.113,2.459,2.477,19.015,0,119.153228759766,6,1746644,false,262.589441299438,0.177,10.841,0.013,34.042,2
post_dig,114,16.83,6.3270001411438,0.113,2.459,2.477,19.015,0,119.153228759766,6,1746644,false,262.595602035522,0.177,10.841,0.012,34.042,2
post_dig,115,16.476,5.58099985122681,0.113,2.459,2.477,19.015,0,119.153228759766,6,1746644,false,262.595609664917,0.177,10.841,0.012,34.042,2
post_dig,116,19.514,5.5789999961853,0.113,2.459,2.477,19.015,0,119.153228759766,6,1746644,false,262.59560585022,0.177,10.841,0.012,34.042,2
post_dig,117,13.831,5.55900001525879,0.113,2.459,2.477,19.015,0,119.153228759766,6,1746644,false,262.595609664917,0.177,10.841,0.012,34.042,2
post_dig,118,16.659,5.56699991226196,0.113,2.459,2.477,19.015,0,119.153228759766,6,1746644,false,262.595609664917,0.177,10.841,0.012,34.042,2
post_dig,119,16.666,5.55000019073486,0.113,2.459,2.477,19.015,0,119.153228759766,6,1746644,false,262.595609664917,0.177,10.841,0.012,34.042,2
post_dig,120,16.678,5.54500007629395,0.113,2.459,2.477,19.015,0,119.153228759766,6,1746644,false,262.595609664917,0.177,10.841,0.012,34.042,2
post_dig,121,17.462,5.55900001525879,0.113,2.459,2.477,19.015,0,119.153228759766,6,1746644,false,262.601846694946,0.177,10.841,0.014,34.042,2
post_dig,122,15.884,5.98999977111816,0.113,2.459,2.477,19.015,0,119.153228759766,6,1746644,false,262.601778030396,0.177,10.841,0.013,34.042,2
post_dig,123,20.397,5.5479998588562,0.113,2.459,2.477,19.015,0,119.153228759766,6,1746644,false,262.601774215698,0.177,10.841,0.012,34.042,2
post_dig,124,12.883,5.95800018310547,0.113,2.459,2.477,19.015,0,119.153228759766,6,1746644,false,262.601778030396,0.177,10.841,0.012,34.042,2
post_dig,125,16.707,5.55700016021729,0.113,2.459,2.477,19.015,0,119.153228759766,6,1746644,false,262.601778030396,0.177,10.841,0.012,34.042,2
post_dig,126,16.594,6.32399988174438,0.113,2.459,2.477,19.015,0,119.153228759766,6,1746644,false,262.601778030396,0.177,10.841,0.01,34.042,2
post_dig,127,16.783,5.57299995422363,0.113,2.459,2.477,19.015,0,119.153228759766,6,1746644,false,262.601778030396,0.177,10.841,0.015,34.042,2
post_dig,128,16.935,5.5479998588562,0.113,2.459,2.477,19.015,0,119.153228759766,6,1746644,false,262.607942581177,0.177,10.841,0.013,34.042,2
post_dig,129,16.321,5.55999994277954,0.113,2.459,2.477,19.015,0,119.153228759766,6,1746644,false,262.607946395874,0.177,10.841,0.012,34.042,2
post_dig,130,19.747,5.57399988174438,0.113,2.459,2.477,19.015,0,119.153228759766,6,1746644,false,262.607946395874,0.177,10.841,0.013,34.042,2
post_dig,131,13.59,5.56899976730347,0.113,2.459,2.477,19.015,0,119.153228759766,6,1746644,false,262.607942581177,0.177,10.841,0.013,34.042,2
post_dig,132,16.686,5.55999994277954,0.113,2.459,2.477,19.015,0,119.153228759766,6,1746644,false,262.607946395874,0.177,10.841,0.013,34.042,2
post_dig,133,16.672,5.59999990463257,0.113,2.459,2.477,19.015,0,119.153228759766,6,1746644,false,262.607946395874,0.177,10.841,0.012,34.042,2
post_dig,134,16.698,5.55700016021729,0.113,2.459,2.477,19.015,0,119.153228759766,6,1746644,false,262.607946395874,0.177,10.841,0.013,34.042,2
post_dig,135,16.817,5.5770001411438,0.113,2.459,2.477,19.015,0,119.153228759766,6,1746644,false,262.614110946655,0.177,10.841,0.013,34.042,2
post_dig,136,16.479,5.54699993133545,0.113,2.459,2.477,19.015,0,119.153228759766,6,1746644,false,262.614114761353,0.177,10.841,0.011,34.042,2
post_dig,137,20.351,5.55299997329712,0.113,2.459,2.477,19.015,0,119.153228759766,6,1746644,false,262.614183425903,0.177,10.841,0.012,34.042,2
post_dig,138,12.995,6.43300008773804,0.113,2.459,2.477,19.015,0,119.153228759766,6,1746644,false,262.614114761353,0.177,10.841,0.012,34.042,2
post_dig,139,16.662,5.55200004577637,0.113,2.459,2.477,19.015,0,119.153228759766,6,1746644,false,262.614114761353,0.177,10.841,0.013,34.042,2
post_dig,140,16.648,5.58500003814697,0.113,2.459,2.477,19.015,0,119.153228759766,6,1746644,false,262.614114761353,0.177,10.841,0.011,34.042,2
post_dig,141,16.706,5.54300022125244,0.113,2.459,2.477,19.015,0,119.153228759766,6,1746644,false,262.617319107056,0.177,10.841,0.013,34.042,2
post_dig,142,16.826,6.35599994659424,0.113,2.459,2.477,19.015,0,119.153228759766,6,1746644,false,262.623487472534,0.177,10.841,0.012,34.042,2
post_dig,143,16.514,5.55399990081787,0.113,2.459,2.477,19.015,0,119.153228759766,6,1746644,false,262.623487472534,0.177,10.841,0.013,34.042,2
post_dig,144,19.473,6.37099981307983,0.113,2.459,2.477,19.015,0,119.153228759766,6,1746644,false,262.623487472534,0.177,10.841,0.007,34.042,2
post_dig,145,13.867,6.40500020980835,0.113,2.459,2.477,19.015,0,119.153228759766,6,1746644,false,262.623487472534,0.177,10.841,0.013,34.042,2
post_dig,146,16.579,5.57000017166138,0.113,2.459,2.477,19.015,0,119.153228759766,6,1746644,false,262.623487472534,0.177,10.841,0.011,34.042,2
post_dig,147,16.677,5.57000017166138,0.113,2.459,2.477,19.015,0,119.153228759766,6,1746644,false,262.623487472534,0.177,10.841,0.011,34.042,2
post_dig,148,16.719,5.55200004577637,0.113,2.459,2.477,19.015,0,119.153228759766,6,1746644,false,262.623487472534,0.177,10.841,0.012,34.042,2
post_dig,149,16.839,5.55600023269653,0.113,2.459,2.477,19.015,0,119.153228759766,6,1746644,false,262.629655838013,0.177,10.841,0.013,34.042,2
post_dig,150,16.484,5.56799983978271,0.113,2.459,2.477,19.015,0,119.153228759766,6,1746644,false,262.629655838013,0.177,10.841,0.012,34.042,2
post_dig,151,19.39,6.40299987792969,0.113,2.459,2.477,19.015,0,119.153228759766,6,1746644,false,262.629652023315,0.177,10.841,0.011,34.042,2
post_dig,152,13.828,5.5789999961853,0.113,2.459,2.477,19.015,0,119.153228759766,6,1746644,false,262.629652023315,0.177,10.841,0.009,34.042,2
post_dig,153,16.907,5.5310001373291,0.113,2.459,2.477,19.015,0,119.153228759766,6,1746644,false,262.629720687866,0.177,10.841,0.008,34.042,2
post_dig,154,16.326,5.55700016021729,0.113,2.459,2.477,19.015,0,119.153228759766,6,1746644,false,262.629655838013,0.177,10.841,0.007,34.042,2
post_dig,155,16.847,5.54400014877319,0.113,2.459,2.477,19.015,0,119.153228759766,6,1746644,false,262.629655838013,0.177,10.841,0.011,34.042,2
post_dig,156,16.584,5.53599977493286,0.113,2.459,2.477,19.015,0,119.153228759766,6,1746644,false,262.635824203491,0.177,10.841,0.007,34.042,2
post_dig,157,16.8,5.93800020217896,0.113,2.459,2.477,19.015,0,119.153228759766,6,1746644,false,262.635816574097,0.177,10.841,0.012,34.042,2
post_dig,158,19.709,5.96600008010864,0.113,2.459,2.477,19.015,0,119.153228759766,6,1746644,false,262.635824203491,0.177,10.841,0.013,34.042,2
post_dig,159,13.733,5.57100009918213,0.113,2.459,2.477,19.015,0,119.153228759766,6,1746644,false,262.635824203491,0.177,10.841,0.013,34.042,2
post_dig,160,16.503,5.54500007629395,0.113,2.459,2.477,19.015,0,119.153228759766,6,1746644,false,262.635824203491,0.177,10.841,0.012,34.042,2
post_dig,161,16.66,5.54699993133545,0.113,2.459,2.477,19.015,0,119.153228759766,6,1746644,false,262.635820388794,0.177,10.841,0.013,34.042,2
post_dig,162,16.669,5.57999992370605,0.113,2.459,2.477,19.015,0,119.153228759766,6,1746644,false,262.635824203491,0.177,10.841,0.012,34.042,2
post_dig,163,16.867,6.40399980545044,0.113,2.459,2.477,19.015,0,119.153228759766,6,1746644,false,262.64199256897,0.177,10.841,0.014,34.042,2
post_dig,164,16.452,5.54099988937378,0.113,2.459,2.477,19.015,0,119.153228759766,6,1746644,false,262.64199256897,0.177,10.841,0.011,34.042,2
post_dig,165,19.612,5.57100009918213,0.113,2.459,2.477,19.015,0,119.153228759766,6,1746644,false,262.64199256897,0.177,10.841,0.012,34.042,2
post_dig,166,13.728,5.57000017166138,0.113,2.459,2.477,19.015,0,119.153228759766,6,1746644,false,262.641748428345,0.177,10.841,0.011,34.042,2
post_dig,167,16.686,5.54199981689453,0.113,2.459,2.477,19.015,0,119.153228759766,6,1746644,false,262.641748428345,0.177,10.841,0.012,34.042,2
post_dig,168,16.63,5.54199981689453,0.113,2.459,2.477,19.015,0,119.153228759766,6,1746644,false,262.641744613647,0.177,10.841,0.012,34.042,2
post_dig,169,16.964,5.96099996566772,0.113,2.459,2.477,19.015,0,119.153228759766,6,1746644,false,262.641817092896,0.177,10.841,0.009,34.042,2
post_dig,170,16.592,5.54699993133545,0.113,2.459,2.477,19.015,0,119.153228759766,6,1746644,false,262.647916793823,0.177,10.841,0.013,34.042,2
post_dig,171,16.462,5.55499982833862,0.113,2.459,2.477,19.015,0,119.153228759766,6,1746644,false,262.647916793823,0.177,10.841,0.012,34.042,2
post_dig,172,19.645,5.53800010681152,0.113,2.459,2.477,19.015,0,119.153228759766,6,1746644,false,262.647916793823,0.177,10.841,0.013,34.042,2
post_dig,173,13.697,5.64099979400635,0.113,2.459,2.477,19.015,0,119.153228759766,6,1746644,false,262.647916793823,0.177,10.841,0.013,34.042,2
post_dig,174,16.708,6.23999977111816,0.113,2.459,2.477,19.015,0,119.153228759766,6,1746644,false,262.647916793823,0.177,10.841,0.015,34.042,2
post_dig,175,16.671,6.03900003433228,0.113,2.459,2.477,19.015,0,119.153228759766,6,1746644,false,262.647916793823,0.177,10.841,0.013,34.042,2
post_dig,176,16.716,5.64699983596802,0.113,2.459,2.477,19.015,0,119.153228759766,6,1746644,false,262.647916793823,0.177,10.841,0.014,34.042,2
post_dig,177,16.729,5.64599990844727,0.113,2.459,2.477,19.015,0,119.153228759766,6,1746644,false,262.654085159302,0.177,10.841,0.012,34.042,2
post_dig,178,16.6,5.70300006866455,0.113,2.459,2.477,19.015,0,119.153228759766,6,1746644,false,262.654077529907,0.177,10.841,0.014,34.042,2
post_dig,179,19.418,5.66499996185303,0.113,2.459,2.477,19.015,0,119.153228759766,6,1746644,false,262.654085159302,0.177,10.841,0.012,34.042,2
post_dig,180,13.811,5.69899988174438,0.113,2.459,2.477,19.015,0,119.153228759766,6,1746644,false,262.654085159302,0.177,10.841,0.012,34.042,2
post_dig,181,16.732,6.55600023269653,0.113,2.459,2.477,19.015,0,119.153228759766,6,1746644,false,262.654085159302,0.177,10.841,0.013,34.042,2
post_dig,182,16.692,5.67199993133545,0.113,2.459,2.477,19.015,0,119.153228759766,6,1746644,false,262.654085159302,0.177,10.841,0.015,34.042,2
post_dig,183,16.984,5.63299989700317,0.113,2.459,2.477,19.015,0,119.153228759766,6,1746644,false,262.653718948364,0.177,10.841,0.012,34.042,2
post_dig,184,16.462,5.67899990081787,0.113,2.459,2.477,19.015,0,119.153228759766,6,1746644,false,262.659887313843,0.177,10.841,0.012,34.042,2
post_dig,185,17.192,5.64400005340576,0.113,2.459,2.477,19.015,0,119.153228759766,6,1746644,false,262.659955978394,0.177,10.841,0.012,34.042,2
post_dig,186,18.943,6.44700002670288,0.113,2.459,2.477,19.015,0,119.153228759766,6,1746644,false,262.659887313843,0.177,10.841,0.012,34.042,2
post_dig,187,13.676,6.5149998664856,0.113,2.459,2.477,19.015,0,119.153228759766,6,1746644,false,262.659883499146,0.177,10.841,0.012,34.042,2
post_dig,188,16.668,5.65899991989136,0.113,2.459,2.477,19.015,0,119.153228759766,6,1746644,false,262.659887313843,0.177,10.841,0.012,34.042,2
post_dig,189,16.652,5.625,0.113,2.459,2.477,19.015,0,119.153228759766,6,1746644,false,262.659845352173,0.177,10.841,0.013,34.042,2
post_dig,190,16.787,5.59899997711182,0.113,2.459,2.477,19.015,0,119.153228759766,6,1746644,false,262.659887313843,0.177,10.841,0.013,34.042,2
post_dig,191,16.7,5.62200021743774,0.113,2.459,2.477,19.015,0,119.153228759766,6,1746644,false,262.666048049927,0.177,10.841,0.012,34.042,2
post_dig,192,16.54,6.47599983215332,0.113,2.459,2.477,19.015,0,119.153228759766,6,1746644,false,262.666051864624,0.177,10.841,0.013,34.042,2
post_dig,193,19.589,6.49200010299683,0.113,2.459,2.477,19.015,0,119.153228759766,6,1746644,false,262.666055679321,0.177,10.841,0.012,34.042,2
post_dig,194,13.754,5.58400011062622,0.113,2.459,2.477,19.015,0,119.153228759766,6,1746644,false,262.666055679321,0.177,10.841,0.013,34.042,2
post_dig,195,16.623,5.60099983215332,0.113,2.459,2.477,19.015,0,119.153228759766,6,1746644,false,262.666055679321,0.177,10.841,0.013,34.042,2
post_dig,196,16.692,5.61199998855591,0.113,2.459,2.477,19.015,0,119.153228759766,6,1746644,false,262.666055679321,0.177,10.841,0.012,34.042,2
post_dig,197,16.635,5.60500001907349,0.113,2.459,2.477,19.015,0,119.153228759766,6,1746644,false,262.666055679321,0.177,10.841,0.012,34.042,2
post_dig,198,16.915,5.59800004959106,0.113,2.459,2.477,19.015,0,119.153228759766,6,1746644,false,262.6722240448,0.177,10.841,0.013,34.042,2
post_dig,199,16.54,6.5019998550415,0.113,2.459,2.477,19.015,0,119.153228759766,6,1746644,false,262.672216415405,0.177,10.841,0.015,34.042,2
post_dig,200,19.818,5.61100006103516,0.113,2.459,2.477,19.015,0,119.153228759766,6,1746644,false,262.6722240448,0.177,10.841,0.014,34.042,2
post_dig,201,13.922,5.60799980163574,0.113,2.459,2.477,19.015,0,119.153228759766,6,1746644,false,262.672292709351,0.177,10.841,0.012,34.042,2
post_dig,202,16.161,5.59800004959106,0.113,2.459,2.477,19.015,0,119.153228759766,6,1746644,false,262.6722240448,0.177,10.841,0.014,34.042,2
post_dig,203,16.655,5.59299993515015,0.113,2.459,2.477,19.015,0,119.153228759766,6,1746644,false,262.6722240448,0.177,10.841,0.012,34.042,2
post_dig,204,16.684,5.59600019454956,0.113,2.459,2.477,19.015,0,119.153228759766,6,1746644,false,262.6722240448,0.177,10.841,0.012,34.042,2
post_dig,205,17.059,6.50299978256226,0.113,2.459,2.477,19.015,0,119.153228759766,6,1746644,false,262.678392410278,0.177,10.841,0.014,34.042,2
post_dig,206,16.363,5.57000017166138,0.113,2.459,2.477,19.015,0,119.153228759766,6,1746644,false,262.678392410278,0.177,10.841,0.014,34.042,2
post_dig,207,19.483,5.57100009918213,0.113,2.459,2.477,19.015,0,119.153228759766,6,1746644,false,262.678392410278,0.177,10.841,0.012,34.042,2
post_dig,208,13.721,5.56799983978271,0.113,2.459,2.477,19.015,0,119.153228759766,6,1746644,false,262.678392410278,0.177,10.841,0.012,34.042,2
post_dig,209,16.682,5.54500007629395,0.113,2.459,2.477,19.015,0,119.153228759766,6,1746644,false,262.678392410278,0.177,10.841,0.011,34.042,2
post_dig,210,16.482,5.5789999961853,0.113,2.459,2.477,19.015,0,119.153228759766,6,1746644,false,262.678388595581,0.177,10.841,0.007,34.042,2
post_dig,211,17.02,6.49499988555908,0.113,2.459,2.477,19.015,0,119.153228759766,6,1746644,false,262.683195114136,0.177,10.841,0.016,34.042,2
post_dig,212,16.707,6.4850001335144,0.113,2.459,2.477,19.015,0,119.153228759766,6,1746644,false,262.689363479614,0.177,10.841,0.013,34.042,2
post_dig,213,16.263,5.56799983978271,0.113,2.459,2.477,19.015,0,119.153228759766,6,1746644,false,262.689367294312,0.177,10.841,0.007,34.042,2
post_dig,214,20.035,5.94600009918213,0.113,2.459,2.477,19.015,0,119.153228759766,6,1746644,false,262.689367294312,0.177,10.841,0.012,34.042,2
post_dig,215,13.304,5.64300012588501,0.113,2.459,2.477,19.015,0,119.153228759766,6,1746644,false,262.689367294312,0.177,10.841,0.006,34.042,2
post_dig,216,16.694,5.55100011825562,0.113,2.459,2.477,19.015,0,119.153228759766,6,1746644,false,262.689367294312,0.177,10.841,0.008,34.042,2
post_dig,217,17.445,5.54300022125244,0.113,2.459,2.477,19.015,0,119.153228759766,6,1746644,false,262.689435958862,0.177,10.841,0.015,34.042,2
post_dig,218,16.021,5.96799993515015,0.113,2.459,2.477,19.015,0,119.153228759766,6,1746644,false,262.689367294312,0.177,10.841,0.012,34.042,2
post_dig,219,16.996,5.53800010681152,0.113,2.459,2.477,19.015,0,119.153228759766,6,1746644,false,262.69553565979,0.177,10.841,0.015,34.042,2
post_dig,220,16.417,5.55299997329712,0.113,2.459,2.477,19.015,0,119.153228759766,6,1746644,false,262.69553565979,0.177,10.841,0.014,34.042,2
post_dig,221,19.432,5.54099988937378,0.113,2.459,2.477,19.015,0,119.153228759766,6,1746644,false,262.69553565979,0.177,10.841,0.012,34.042,2
post_dig,222,13.819,5.54699993133545,0.113,2.459,2.477,19.015,0,119.153228759766,6,1746644,false,262.69553565979,0.177,10.841,0.012,34.042,2
post_dig,223,16.698,6.37900018692017,0.113,2.459,2.477,19.015,0,119.153228759766,6,1746644,false,262.69553565979,0.177,10.841,0.012,34.042,2
post_dig,224,16.648,5.5149998664856,0.113,2.459,2.477,19.015,0,119.153228759766,6,1746644,false,262.695531845093,0.177,10.841,0.011,34.042,2
post_dig,225,16.653,5.50299978256226,0.113,2.459,2.477,19.015,0,119.153228759766,6,1746644,false,262.69553565979,0.177,10.841,0.012,34.042,2
post_dig,226,16.822,5.54199981689453,0.113,2.459,2.477,19.015,0,119.153228759766,6,1746644,false,262.701704025269,0.177,10.841,0.012,34.042,2
post_dig,227,16.422,5.50799989700317,0.113,2.459,2.477,19.015,0,119.153228759766,6,1746644,false,262.701704025269,0.177,10.841,0.011,34.042,2
post_dig,228,19.751,5.54300022125244,0.113,2.459,2.477,19.015,0,119.153228759766,6,1746644,false,262.701704025269,0.177,10.841,0.011,34.042,2
post_dig,229,13.669,5.51399993896484,0.113,2.459,2.477,19.015,0,119.153228759766,6,1746644,false,262.701704025269,0.177,10.841,0.012,34.042,2
post_dig,230,16.708,5.51599979400635,0.113,2.459,2.477,19.015,0,119.153228759766,6,1746644,false,262.701704025269,0.177,10.841,0.013,34.042,2
post_dig,231,16.609,5.50799989700317,0.113,2.459,2.477,19.015,0,119.153228759766,6,1746644,false,262.701704025269,0.177,10.841,0.012,34.042,2
post_dig,232,16.721,5.49100017547607,0.113,2.459,2.477,19.015,0,119.153228759766,6,1746644,false,262.701704025269,0.177,10.841,0.012,34.042,2
post_dig,233,17.346,5.50099992752075,0.113,2.459,2.477,19.015,0,119.153228759766,6,1746644,false,262.707941055298,0.177,10.841,0.013,34.042,2
post_dig,234,15.986,5.50299978256226,0.113,2.459,2.477,19.015,0,119.153228759766,6,1746644,false,262.707872390747,0.177,10.841,0.012,34.042,2
post_dig,235,19.596,5.50500011444092,0.113,2.459,2.477,19.015,0,119.153228759766,6,1746644,false,262.707872390747,0.177,10.841,0.013,34.042,2
post_dig,236,13.872,5.49499988555908,0.113,2.459,2.477,19.015,0,119.153228759766,6,1746644,false,262.699098587036,0.177,10.841,0.011,34.042,2
post_dig,237,16.494,5.4850001335144,0.113,2.459,2.477,19.015,0,119.153228759766,6,1746644,false,262.699094772339,0.177,10.841,0.012,34.042,2
post_dig,238,16.717,5.49100017547607,0.113,2.459,2.477,19.015,0,119.153228759766,6,1746644,false,262.699098587036,0.177,10.841,0.012,34.042,2
post_dig,239,16.623,5.45800018310547,0.113,2.459,2.477,19.015,0,119.153228759766,6,1746644,false,262.699098587036,0.177,10.841,0.012,34.042,2
post_dig,240,17.026,5.51300001144409,0.113,2.459,2.477,19.015,0,119.153228759766,6,1746644,false,262.705266952515,0.177,10.841,0.012,34.042,2
post_dig,241,16.34,6.27600002288818,0.113,2.459,2.477,19.015,0,119.153228759766,6,1746644,false,262.705263137817,0.177,10.841,0.013,34.042,2
post_dig,242,19.813,5.44799995422363,0.113,2.459,2.477,19.015,0,119.153228759766,6,1746644,false,262.705266952515,0.177,10.841,0.012,34.042,2
post_dig,243,13.832,5.47900009155273,0.113,2.459,2.477,19.015,0,119.153228759766,6,1746644,false,262.705266952515,0.177,10.841,0.012,34.042,2
post_dig,244,16.351,5.46799993515015,0.113,2.459,2.477,19.015,0,119.153228759766,6,1746644,false,262.705266952515,0.177,10.841,0.012,34.042,2
post_dig,245,16.606,5.53499984741211,0.113,2.459,2.477,19.015,0,119.153228759766,6,1746644,false,262.705266952515,0.177,10.841,0.011,34.042,2
post_dig,246,16.706,5.50299978256226,0.113,2.459,2.477,19.015,0,119.153228759766,6,1746644,false,262.705266952515,0.177,10.841,0.011,34.042,2
post_dig,247,16.85,6.37200021743774,0.113,2.459,2.477,19.015,0,119.153228759766,6,1746644,false,262.711431503296,0.177,10.841,0.013,34.042,2
post_dig,248,16.472,5.52299976348877,0.113,2.459,2.477,19.015,0,119.153228759766,6,1746644,false,262.711435317993,0.177,10.841,0.012,34.042,2
post_dig,249,20.219,5.51100015640259,0.113,2.459,2.477,19.015,0,119.153228759766,6,1746644,false,262.711503982544,0.177,10.841,0.012,34.042,2
post_dig,250,13.135,5.50799989700317,0.113,2.459,2.477,19.015,0,119.153228759766,6,1746644,false,262.711435317993,0.177,10.841,0.013,34.042,2
post_dig,251,16.671,5.48600006103516,0.113,2.459,2.477,19.015,0,119.153228759766,6,1746644,false,262.711435317993,0.177,10.841,0.012,34.042,2
post_dig,252,16.738,5.875,0.113,2.459,2.477,19.015,0,119.153228759766,6,1746644,false,262.711393356323,0.177,10.841,0.012,34.042,2
post_dig,253,16.663,6.33099985122681,0.113,2.459,2.477,19.015,0,119.153228759766,6,1746644,false,262.711435317993,0.177,10.841,0.014,34.042,2
post_dig,254,16.748,5.48699998855591,0.113,2.459,2.477,19.015,0,119.153228759766,6,1746644,false,262.717603683472,0.177,10.841,0.013,34.042,2
post_dig,255,16.493,5.46799993515015,0.113,2.459,2.477,19.015,0,119.153228759766,6,1746644,false,262.717603683472,0.177,10.841,0.012,34.042,2
post_dig,256,19.826,5.4520001411438,0.113,2.459,2.477,19.015,0,119.153228759766,6,1746644,false,262.717599868774,0.177,10.841,0.015,34.042,2
post_dig,257,13.495,5.4689998626709,0.113,2.459,2.477,19.015,0,119.153228759766,6,1746644,false,262.717599868774,0.177,10.841,0.012,34.042,2
post_dig,258,16.675,5.45100021362305,0.113,2.459,2.477,19.015,0,119.153228759766,6,1746644,false,262.717603683472,0.177,10.841,0.012,34.042,2
post_dig,259,16.696,5.48799991607666,0.113,2.459,2.477,19.015,0,119.153228759766,6,1746644,false,262.717603683472,0.177,10.841,0.013,34.042,2
post_dig,260,16.703,5.44299983978271,0.113,2.459,2.477,19.015,0,119.153228759766,6,1746644,false,262.717603683472,0.177,10.841,0.014,34.042,2
post_dig,261,16.771,5.45800018310547,0.113,2.459,2.477,19.015,0,119.153228759766,6,1746644,false,262.72377204895,0.177,10.841,0.013,34.042,2
post_dig,262,16.547,5.45699977874756,0.113,2.459,2.477,19.015,0,119.153228759766,6,1746644,false,262.72377204895,0.177,10.841,0.026,34.042,2
post_dig,263,19.573,5.4539999961853,0.113,2.459,2.477,19.015,0,119.153228759766,6,1746644,false,262.723768234253,0.177,10.841,0.012,34.042,2
post_dig,264,13.528,5.43900012969971,0.113,2.459,2.477,19.015,0,119.153228759766,6,1746644,false,262.72377204895,0.177,10.841,0.007,34.042,2
post_dig,265,17.089,5.43499994277954,0.113,2.459,2.477,19.015,0,119.153228759766,6,1746644,false,262.723840713501,0.177,10.841,0.014,34.042,2
post_dig,266,16.368,5.88299989700317,0.113,2.459,2.477,19.015,0,119.153228759766,6,1746644,false,262.72377204895,0.177,10.841,0.01,34.042,2
post_dig,267,16.793,5.43100023269653,0.113,2.459,2.477,19.015,0,119.153228759766,6,1746644,false,262.72377204895,0.177,10.841,0.013,34.042,2
post_dig,268,16.764,5.4229998588562,0.113,2.459,2.477,19.015,0,119.153228759766,6,1746644,false,262.730058670044,0.177,10.841,0.012,34.042,2
post_dig,269,16.498,5.38700008392334,0.113,2.459,2.477,19.015,0,119.153228759766,6,1746644,false,262.730062484741,0.177,10.841,0.014,34.042,2
post_dig,270,19.619,5.40199995040894,0.113,2.459,2.477,19.015,0,119.153228759766,6,1746644,false,262.730062484741,0.177,10.841,0.012,34.042,2
post_dig,271,13.713,6.30700016021729,0.113,2.459,2.477,19.015,0,119.153228759766,6,1746644,false,262.730062484741,0.177,10.841,0.012,34.042,2
post_dig,272,16.686,5.41599988937378,0.113,2.459,2.477,19.015,0,119.153228759766,6,1746644,false,262.730062484741,0.177,10.841,0.013,34.042,2
post_dig,273,16.644,5.40500020980835,0.113,2.459,2.477,19.015,0,119.153228759766,6,1746644,false,262.730062484741,0.177,10.841,0.013,34.042,2
post_dig,274,16.681,5.37799978256226,0.113,2.459,2.477,19.015,0,119.153228759766,6,1746644,false,262.730062484741,0.177,10.841,0.012,34.042,2
post_dig,275,16.776,5.37900018692017,0.113,2.459,2.477,19.015,0,119.153228759766,6,1746644,false,262.73623085022,0.177,10.841,0.011,34.042,2
post_dig,276,16.553,5.35200023651123,0.113,2.459,2.477,19.015,0,119.153228759766,6,1746644,false,262.73623085022,0.177,10.841,0.012,34.042,2
post_dig,277,20.128,6.20900011062622,0.113,2.459,2.477,19.015,0,119.153228759766,6,1746644,false,262.73623085022,0.177,10.841,0.012,34.042,2
post_dig,278,13.071,5.35900020599365,0.113,2.459,2.477,19.015,0,119.153228759766,6,1746644,false,262.73623085022,0.177,10.841,0.009,34.042,2
post_dig,279,16.798,5.40199995040894,0.113,2.459,2.477,19.015,0,119.153228759766,6,1746644,false,262.73623085022,0.177,10.841,0.013,34.042,2
post_dig,280,16.562,5.375,0.113,2.459,2.477,19.015,0,119.153228759766,6,1746644,false,262.73618888855,0.177,10.841,0.01,34.042,2
post_dig,281,17.11,5.31799983978271,0.113,2.459,2.477,19.015,0,119.153228759766,6,1746644,false,262.736295700073,0.177,10.841,0.011,34.042,2
post_dig,282,16.496,5.38700008392334,0.113,2.459,2.477,19.015,0,119.153228759766,6,1746644,false,262.742399215698,0.177,10.841,0.012,34.042,2
post_dig,283,16.613,5.36399984359741,0.113,2.459,2.477,19.015,0,119.153228759766,6,1746644,false,262.742399215698,0.177,10.841,0.012,34.042,2
post_dig,284,19.862,5.78399991989136,0.113,2.459,2.477,19.015,0,119.153228759766,6,1746644,false,262.742399215698,0.177,10.841,0.012,34.042,2
post_dig,285,13.373,5.30999994277954,0.113,2.459,2.477,19.015,0,119.153228759766,6,1746644,false,262.742155075073,0.177,10.841,0.012,34.042,2
post_dig,286,16.722,5.31300020217896,0.113,2.459,2.477,19.015,0,119.153228759766,6,1746644,false,262.742155075073,0.177,10.841,0.013,34.042,2
post_dig,287,16.39,5.35699987411499,0.113,2.459,2.477,19.015,0,119.153228759766,6,1746644,false,262.742151260376,0.177,10.841,0.007,34.042,2
post_dig,288,16.803,5.29500007629395,0.113,2.459,2.477,19.015,0,119.153228759766,6,1746644,false,262.742155075073,0.177,10.841,0.011,34.042,2
post_dig,289,16.784,6.17199993133545,0.113,2.459,2.477,19.015,0,119.153228759766,6,1746644,false,262.748323440552,0.177,10.841,0.011,34.042,2
post_dig,290,16.598,5.2649998664856,0.113,2.459,2.477,19.015,0,119.153228759766,6,1746644,false,262.748319625854,0.177,10.841,0.012,34.042,2
post_dig,291,19.666,5.25500011444092,0.113,2.459,2.477,19.015,0,119.153228759766,6,1746644,false,262.748323440552,0.177,10.841,0.012,34.042,2
post_dig,292,13.675,5.33799982070923,0.113,2.459,2.477,19.015,0,119.153228759766,6,1746644,false,262.748323440552,0.177,10.841,0.012,34.042,2
post_dig,293,16.654,5.31099987030029,0.113,2.459,2.477,19.015,0,119.153228759766,6,1746644,false,262.748323440552,0.177,10.841,0.012,34.042,2
post_dig,294,16.726,5.31099987030029,0.113,2.459,2.477,19.015,0,119.153228759766,6,1746644,false,262.748323440552,0.177,10.841,0.012,34.042,2
post_dig,295,16.613,6.16300010681152,0.113,2.459,2.477,19.015,0,119.153228759766,6,1746644,false,262.748323440552,0.177,10.841,0.013,34.042,2
post_dig,296,16.868,5.28700017929077,0.113,2.459,2.477,19.015,0,119.153228759766,6,1746644,false,262.75449180603,0.177,10.841,0.012,34.042,2
post_dig,297,17.056,5.30700016021729,0.113,2.459,2.477,19.015,0,119.153228759766,6,1746644,false,262.754560470581,0.177,10.841,0.013,34.042,2
post_dig,298,19.034,5.27400016784668,0.113,2.459,2.477,19.015,0,119.153228759766,6,1746644,false,262.75449180603,0.177,10.841,0.013,34.042,2
post_dig,299,13.74,5.19999980926514,0.113,2.459,2.477,19.015,0,119.153228759766,6,1746644,false,262.754487991333,0.177,10.841,0.012,34.042,2
post_dig,300,16.641,5.26000022888184,0.113,2.459,2.477,19.015,0,119.153228759766,6,1746644,false,262.75449180603,0.177,10.841,0.013,34.042,2
post_dig,301,16.707,5.6230001449585,0.113,2.459,2.477,19.015,0,119.153228759766,6,1746644,false,262.754487991333,0.177,10.841,0.014,34.042,2
whole_map,1,13.281,1.64900004863739,0.113,195.789,0.078,19.015,0,119.557052612305,6,1304646,false,259.725722312927,0.177,10.841,0.011,34.042,2
whole_map,2,16.658,1.65100002288818,0.113,195.789,0.078,19.015,0,119.557052612305,6,1304646,false,259.725722312927,0.177,10.841,0.013,34.042,2
whole_map,3,16.86,1.64800000190735,0.113,195.789,0.078,19.015,0,119.557052612305,6,1304646,false,259.725764274597,0.177,10.841,0.013,34.042,2
whole_map,4,18.692,1.44799995422363,0.113,195.789,0.078,19.015,0,119.557052612305,6,1304646,false,259.732028007507,0.177,10.841,0.013,34.042,2
whole_map,5,14.49,1.65499997138977,0.113,195.789,0.078,19.015,0,119.557052612305,6,1304646,false,259.73202419281,0.177,10.841,0.013,34.042,2
whole_map,6,17.243,1.65699994564056,0.113,195.789,0.078,19.015,0,119.557052612305,6,1304646,false,259.732165336609,0.177,10.841,0.012,34.042,2
whole_map,7,16.099,1.64999997615814,0.113,195.789,0.078,19.015,0,119.557052612305,6,1304646,false,259.732165336609,0.177,10.841,0.013,34.042,2
whole_map,8,16.644,1.65799999237061,0.113,195.789,0.078,19.015,0,119.557052612305,6,1304646,false,259.732165336609,0.177,10.841,0.011,34.042,2
whole_map,9,16.659,1.65799999237061,0.113,195.789,0.078,19.015,0,119.557052612305,6,1304646,false,259.732348442078,0.177,10.841,0.013,34.042,2
whole_map,10,16.531,1.66799998283386,0.113,195.789,0.078,19.015,0,119.557052612305,6,1304646,false,259.732352256775,0.177,10.841,0.008,34.042,2
whole_map,11,19.037,1.65199995040894,0.113,195.789,0.078,19.015,0,119.557052612305,6,1304646,false,259.738520622253,0.177,10.841,0.012,34.042,2
whole_map,12,15.136,1.65199995040894,0.113,195.789,0.078,19.015,0,119.557052612305,6,1304646,false,259.738589286804,0.177,10.841,0.015,34.042,2
whole_map,13,16.014,1.64900004863739,0.113,195.789,0.078,19.015,0,119.557052612305,6,1304646,false,259.738795280457,0.177,10.841,0.039,34.042,2
whole_map,14,16.427,1.65799999237061,0.113,195.789,0.078,19.015,0,119.557052612305,6,1304646,false,259.738795280457,0.177,10.841,0.007,34.042,2
whole_map,15,16.676,1.65400004386902,0.113,195.789,0.078,19.015,0,119.557052612305,6,1304646,false,259.738795280457,0.177,10.841,0.007,34.042,2
whole_map,16,16.715,1.65100002288818,0.113,195.789,0.078,19.015,0,119.557052612305,6,1304646,false,259.738795280457,0.177,10.841,0.009,34.042,2
whole_map,17,16.792,1.65299999713898,0.113,195.789,0.078,19.015,0,119.557052612305,6,1304646,false,259.738795280457,0.177,10.841,0.012,34.042,2
whole_map,18,19.483,1.65100002288818,0.113,195.789,0.078,19.015,0,119.557052612305,6,1304646,false,259.744963645935,0.177,10.841,0.011,34.042,2
whole_map,19,13.878,1.64600002765656,0.113,195.789,0.078,19.015,0,119.557052612305,6,1304646,false,259.74537563324,0.177,10.841,0.014,34.042,2
whole_map,20,16.466,1.64999997615814,0.113,195.789,0.078,19.015,0,119.557052612305,6,1304646,false,259.74537563324,0.177,10.841,0.007,34.042,2
whole_map,21,16.664,1.65799999237061,0.113,195.789,0.078,19.015,0,119.557052612305,6,1304646,false,259.74537563324,0.177,10.841,0.007,34.042,2
whole_map,22,16.675,1.65299999713898,0.113,195.789,0.078,19.015,0,119.557052612305,6,1304646,false,259.74537563324,0.177,10.841,0.008,34.042,2
whole_map,23,16.76,1.45200002193451,0.113,195.789,0.078,19.015,0,119.557052612305,6,1304646,false,259.745371818542,0.177,10.841,0.011,34.042,2
whole_map,24,17.037,1.65499997138977,0.113,195.789,0.078,19.015,0,119.557052612305,6,1304646,false,259.74537563324,0.177,10.841,0.014,34.042,2
whole_map,25,18.687,1.65299999713898,0.113,195.789,0.078,19.015,0,119.557052612305,6,1304646,false,259.751543998718,0.177,10.841,0.013,34.042,2
whole_map,26,14.328,1.65199995040894,0.113,195.789,0.078,19.015,0,119.557052612305,6,1304646,false,259.751543998718,0.177,10.841,0.011,34.042,2
whole_map,27,16.761,1.64999997615814,0.113,195.789,0.078,19.015,0,119.557052612305,6,1304646,false,259.751543998718,0.177,10.841,0.014,34.042,2
whole_map,28,17.095,1.64600002765656,0.113,195.789,0.078,19.015,0,119.557052612305,6,1304646,false,259.75225353241,0.177,10.841,0.013,34.042,2
whole_map,29,16.265,1.64900004863739,0.113,195.789,0.078,19.015,0,119.557052612305,6,1304646,false,259.752184867859,0.177,10.841,0.012,34.042,2
whole_map,30,16.59,1.64499998092651,0.113,195.789,0.078,19.015,0,119.557052612305,6,1304646,false,259.752181053162,0.177,10.841,0.013,34.042,2
whole_map,31,16.639,1.65199995040894,0.113,195.789,0.078,19.015,0,119.557052612305,6,1304646,false,259.752184867859,0.177,10.841,0.011,34.042,2
whole_map,32,18.913,3.57800006866455,0.113,195.789,0.078,19.015,0,119.557052612305,6,1304646,false,259.758353233337,0.177,10.841,0.013,34.042,2
whole_map,33,14.483,3.59599995613098,0.113,195.789,0.078,19.015,0,119.557052612305,6,1304646,false,259.758353233337,0.177,10.841,0.043,34.042,2
whole_map,34,16.614,2.86500000953674,0.113,195.789,0.078,19.015,0,119.557052612305,6,1304646,false,259.758353233337,0.177,10.841,0.012,34.042,2
whole_map,35,16.653,3.57999992370605,0.113,195.789,0.078,19.015,0,119.557052612305,6,1304646,false,259.758353233337,0.177,10.841,0.012,34.042,2
whole_map,36,16.727,2.88700008392334,0.113,195.789,0.078,19.015,0,119.557052612305,6,1304646,false,259.758353233337,0.177,10.841,0.012,34.042,2
whole_map,37,16.702,2.87899994850159,0.113,195.789,0.078,19.015,0,119.557052612305,6,1304646,false,259.758353233337,0.177,10.841,0.012,34.042,2
whole_map,38,16.589,3.57699990272522,0.113,195.789,0.078,19.015,0,119.557052612305,6,1304646,false,259.758353233337,0.177,10.841,0.013,34.042,2
whole_map,39,19.01,3.57999992370605,0.113,195.789,0.078,19.015,0,119.557052612305,6,1304646,false,259.764517784119,0.177,10.841,0.012,34.042,2
whole_map,40,14.324,2.87599992752075,0.113,195.789,0.078,19.015,0,119.557052612305,6,1304646,false,259.764521598816,0.177,10.841,0.012,34.042,2
whole_map,41,16.633,3.57100009918213,0.113,195.789,0.078,19.015,0,119.557052612305,6,1304646,false,259.764521598816,0.177,10.841,0.012,34.042,2
whole_map,42,16.702,3.58800005912781,0.113,195.789,0.078,19.015,0,119.557052612305,6,1304646,false,259.765482902527,0.177,10.841,0.013,34.042,2
whole_map,43,16.727,2.94600009918213,0.113,195.789,0.078,19.015,0,119.557052612305,6,1304646,false,259.765482902527,0.177,10.841,0.013,34.042,2
whole_map,44,17.43,3.69400000572205,0.113,195.789,0.078,19.015,0,119.557052612305,6,1304646,false,259.76554775238,0.177,10.841,0.014,34.042,2
whole_map,45,15.835,3.70499992370605,0.113,195.789,0.078,19.015,0,119.557052612305,6,1304646,false,259.765482902527,0.177,10.841,0.011,34.042,2
whole_map,46,18.811,3.70199990272522,0.113,195.789,0.078,19.015,0,119.557052612305,6,1304646,false,259.771651268005,0.177,10.841,0.013,34.042,2
whole_map,47,14.499,3.71300005912781,0.113,195.789,0.078,19.015,0,119.557052612305,6,1304646,false,259.771651268005,0.177,10.841,0.012,34.042,2
whole_map,48,16.906,3.68300008773804,0.113,195.789,0.078,19.015,0,119.557052612305,6,1304646,false,259.771651268005,0.177,10.841,0.017,34.042,2
whole_map,49,16.457,3.69899988174438,0.113,195.789,0.078,19.015,0,119.557052612305,6,1304646,false,259.771651268005,0.177,10.841,0.013,34.042,2
whole_map,50,16.684,3.70199990272522,0.113,195.789,0.078,19.015,0,119.557052612305,6,1304646,false,259.771651268005,0.177,10.841,0.012,34.042,2
whole_map,51,16.639,3.70799994468689,0.113,195.789,0.078,19.015,0,119.557052612305,6,1304646,false,259.771651268005,0.177,10.841,0.013,34.042,2
whole_map,52,16.644,3.69899988174438,0.113,195.789,0.078,19.015,0,119.557052612305,6,1304646,false,259.771651268005,0.177,10.841,0.013,34.042,2
whole_map,53,18.702,3.70099997520447,0.113,195.789,0.078,19.015,0,119.557052612305,6,1304646,false,259.777819633484,0.177,10.841,0.012,34.042,2
whole_map,54,14.62,3.69700002670288,0.113,195.789,0.078,19.015,0,119.557052612305,6,1304646,false,259.777815818787,0.177,10.841,0.013,34.042,2
whole_map,55,16.694,3.43099999427795,0.113,195.789,0.078,19.015,0,119.557052612305,6,1304646,false,259.777819633484,0.177,10.841,0.012,34.042,2
whole_map,56,16.781,3.81599998474121,0.113,195.789,0.078,19.015,0,119.557052612305,6,1304646,false,259.777819633484,0.177,10.841,0.13,34.042,2
whole_map,57,17.146,3.81599998474121,0.113,195.789,0.078,19.015,0,119.557052612305,6,1304646,false,259.777819633484,0.177,10.841,0.014,34.042,2
whole_map,58,16.08,3.04099988937378,0.113,195.789,0.078,19.015,0,119.557052612305,6,1304646,false,259.777815818787,0.177,10.841,0.012,34.042,2
whole_map,59,16.632,3.81800007820129,0.113,195.789,0.078,19.015,0,119.557052612305,6,1304646,false,259.777819633484,0.177,10.841,0.012,34.042,2
whole_map,60,19.495,3.05200004577637,0.113,195.789,0.078,19.015,0,119.557052612305,6,1304646,false,259.784056663513,0.177,10.841,0.013,34.042,2
whole_map,61,13.879,3.80399990081787,0.113,195.789,0.078,19.015,0,119.557052612305,6,1304646,false,259.783987998962,0.177,10.841,0.012,34.042,2
whole_map,62,16.506,3.03900003433228,0.113,195.789,0.078,19.015,0,119.557052612305,6,1304646,false,259.783987998962,0.177,10.841,0.009,34.042,2
whole_map,63,16.86,3.43700003623962,0.113,195.789,0.078,19.015,0,119.557052612305,6,1304646,false,259.785403251648,0.177,10.841,0.011,34.042,2
whole_map,64,16.625,3.7960000038147,0.113,195.789,0.078,19.015,0,119.557052612305,6,1304646,false,259.785403251648,0.177,10.841,0.013,34.042,2
whole_map,65,16.681,3.8289999961853,0.113,195.789,0.078,19.015,0,119.557052612305,6,1304646,false,259.785403251648,0.177,10.841,0.013,34.042,2
whole_map,66,16.7,3.81100010871887,0.113,195.789,0.078,19.015,0,119.557052612305,6,1304646,false,259.785399436951,0.177,10.841,0.014,34.042,2
whole_map,67,18.601,3.94600009918213,0.113,195.789,0.078,19.015,0,119.557052612305,6,1304646,false,259.791575431824,0.177,10.841,0.013,34.042,2
whole_map,68,14.713,3.14400005340576,0.113,195.789,0.078,19.015,0,119.557052612305,6,1304646,false,259.791575431824,0.177,10.841,0.012,34.042,2
whole_map,69,16.752,3.93700003623962,0.113,195.789,0.078,19.015,0,119.557052612305,6,1304646,false,259.791575431824,0.177,10.841,0.013,34.042,2
whole_map,70,16.522,3.53500008583069,0.113,195.789,0.078,19.015,0,119.557052612305,6,1304646,false,259.791575431824,0.177,10.841,0.012,34.042,2
whole_map,71,16.738,3.95300006866455,0.113,195.789,0.078,19.015,0,119.557052612305,6,1304646,false,259.791575431824,0.177,10.841,0.018,34.042,2
whole_map,72,17.193,3.13800001144409,0.113,195.789,0.078,19.015,0,119.557052612305,6,1304646,false,259.791575431824,0.177,10.841,0.013,34.042,2
whole_map,73,16.073,3.1489999294281,0.113,195.789,0.078,19.015,0,119.557052612305,6,1304646,false,259.791571617126,0.177,10.841,0.013,34.042,2
whole_map,74,18.927,3.15599989891052,0.113,195.789,0.078,19.015,0,119.557052612305,6,1304646,false,259.797743797302,0.177,10.841,0.012,34.042,2
whole_map,75,14.453,3.92700004577637,0.113,195.789,0.078,19.015,0,119.557052612305,6,1304646,false,259.797743797302,0.177,10.841,0.012,34.042,2
whole_map,76,17.1,3.92799997329712,0.113,195.789,0.078,19.015,0,119.557052612305,6,1304646,false,259.797804832459,0.177,10.841,0.012,34.042,2
whole_map,77,16.46,3.54699993133545,0.113,195.789,0.078,19.015,0,119.557052612305,6,1304646,false,259.797739982605,0.177,10.841,0.013,34.042,2
whole_map,78,16.831,3.25,0.113,195.789,0.078,19.015,0,119.557052612305,6,1304646,false,259.797698020935,0.177,10.841,0.013,34.042,2
whole_map,79,16.26,4.02500009536743,0.113,195.789,0.078,19.015,0,119.557052612305,6,1304646,false,259.797739982605,0.177,10.841,0.012,34.042,2
whole_map,80,16.651,4.03200006484985,0.113,195.789,0.078,19.015,0,119.557052612305,6,1304646,false,259.797743797302,0.177,10.841,0.013,34.042,2
whole_map,81,18.99,3.23600006103516,0.113,195.789,0.078,19.015,0,119.557052612305,6,1304646,false,259.803908348084,0.177,10.841,0.012,34.042,2
whole_map,82,14.338,3.64299988746643,0.113,195.789,0.078,19.015,0,119.557052612305,6,1304646,false,259.803912162781,0.177,10.841,0.013,34.042,2
whole_map,83,16.71,3.6340000629425,0.113,195.789,0.078,19.015,0,119.557052612305,6,1304646,false,259.803904533386,0.177,10.841,0.014,34.042,2
whole_map,84,16.603,4.03499984741211,0.113,195.789,0.078,19.015,0,119.557052612305,6,1304646,false,259.803912162781,0.177,10.841,0.013,34.042,2
whole_map,85,16.658,4.07399988174438,0.113,195.789,0.078,19.015,0,119.557052612305,6,1304646,false,259.803912162781,0.177,10.841,0.011,34.042,2
whole_map,86,16.522,3.24000000953674,0.113,195.789,0.078,19.015,0,119.557052612305,6,1304646,false,259.803912162781,0.177,10.841,0.008,34.042,2
whole_map,87,16.769,3.25099992752075,0.113,195.789,0.078,19.015,0,119.557052612305,6,1304646,false,259.803912162781,0.177,10.841,0.01,34.042,2
whole_map,88,18.869,3.23600006103516,0.113,195.789,0.078,19.015,0,119.557052612305,6,1304646,false,259.810080528259,0.177,10.841,0.012,34.042,2
whole_map,89,14.486,3.24399995803833,0.113,195.789,0.078,19.015,0,119.557052612305,6,1304646,false,259.810080528259,0.177,10.841,0.011,34.042,2
whole_map,90,16.724,3.23099994659424,0.113,195.789,0.078,19.015,0,119.557052612305,6,1304646,false,259.810080528259,0.177,10.841,0.012,34.042,2
whole_map,91,16.63,4.11299991607666,0.113,195.789,0.078,19.015,0,119.557052612305,6,1304646,false,259.810076713562,0.177,10.841,0.012,34.042,2
whole_map,92,17.307,3.33200001716614,0.113,195.789,0.078,19.015,0,119.557052612305,6,1304646,false,259.81014919281,0.177,10.841,0.013,34.042,2
whole_map,93,16.059,3.73300004005432,0.113,195.789,0.078,19.015,0,119.557052612305,6,1304646,false,259.810080528259,0.177,10.841,0.013,34.042,2
whole_map,94,16.626,3.33599996566772,0.113,195.789,0.078,19.015,0,119.557052612305,6,1304646,false,259.812232017517,0.177,10.841,0.012,34.042,2
whole_map,95,18.767,3.73900008201599,0.113,195.789,0.078,19.015,0,119.557052612305,6,1304646,false,259.818400382996,0.177,10.841,0.012,34.042,2
whole_map,96,14.564,3.36800003051758,0.113,195.789,0.078,19.015,0,119.557052612305,6,1304646,false,259.818400382996,0.177,10.841,0.012,34.042,2
whole_map,97,16.69,3.34899997711182,0.113,195.789,0.078,19.015,0,119.557052612305,6,1304646,false,259.818396568298,0.177,10.841,0.014,34.042,2
whole_map,98,16.669,3.34899997711182,0.113,195.789,0.078,19.015,0,119.557052612305,6,1304646,false,259.818400382996,0.177,10.841,0.012,34.042,2
whole_map,99,16.924,4.14499998092651,0.113,195.789,0.078,19.015,0,119.557052612305,6,1304646,false,259.818400382996,0.177,10.841,0.011,34.042,2
whole_map,100,16.425,3.35800004005432,0.113,195.789,0.078,19.015,0,119.557052612305,6,1304646,false,259.818404197693,0.177,10.841,0.012,34.042,2
whole_map,101,16.629,3.36500000953674,0.113,195.789,0.078,19.015,0,119.557052612305,6,1304646,false,259.818404197693,0.177,10.841,0.013,34.042,2
whole_map,102,18.752,3.34800004959106,0.113,195.789,0.078,19.015,0,119.557052612305,6,1304646,false,259.824572563171,0.177,10.841,0.012,34.042,2
whole_map,103,14.584,4.22800016403198,0.113,195.789,0.078,19.015,0,119.557052612305,6,1304646,false,259.824572563171,0.177,10.841,0.012,34.042,2
whole_map,104,16.667,3.45499992370605,0.113,195.789,0.078,19.015,0,119.557052612305,6,1304646,false,259.824572563171,0.177,10.841,0.013,34.042,2
whole_map,105,16.82,3.44700002670288,0.113,195.789,0.078,19.015,0,119.557052612305,6,1304646,false,259.824568748474,0.177,10.841,0.013,34.042,2
whole_map,106,16.422,3.84500002861023,0.113,195.789,0.078,19.015,0,119.557052612305,6,1304646,false,259.824572563171,0.177,10.841,0.01,34.042,2
whole_map,107,16.782,4.21999979019165,0.113,195.789,0.078,19.015,0,119.557052612305,6,1304646,false,259.824572563171,0.177,10.841,0.012,34.042,2
whole_map,108,17.177,3.47099995613098,0.113,195.789,0.078,19.015,0,119.557052612305,6,1304646,false,259.824641227722,0.177,10.841,0.012,34.042,2
whole_map,109,18.542,3.46300005912781,0.113,195.789,0.078,19.015,0,119.557052612305,6,1304646,false,259.83074092865,0.177,10.841,0.014,34.042,2
whole_map,110,14.241,4.23600006103516,0.113,195.789,0.078,19.015,0,119.557052612305,6,1304646,false,259.83074092865,0.177,10.841,0.012,34.042,2
whole_map,111,16.637,3.4539999961853,0.113,195.789,0.078,19.015,0,119.557052612305,6,1304646,false,259.830737113953,0.177,10.841,0.011,34.042,2
whole_map,112,16.672,3.84400010108948,0.113,195.789,0.078,19.015,0,119.557052612305,6,1304646,false,259.83074092865,0.177,10.841,0.012,34.042,2
whole_map,113,16.572,3.46300005912781,0.113,195.789,0.078,19.015,0,119.557052612305,6,1304646,false,259.83074092865,0.177,10.841,0.008,34.042,2
whole_map,114,16.897,3.45300006866455,0.113,195.789,0.078,19.015,0,119.557052612305,6,1304646,false,259.83074092865,0.177,10.841,0.015,34.042,2
whole_map,115,16.627,3.56900000572205,0.113,195.789,0.078,19.015,0,119.557052612305,6,1304646,false,259.83074092865,0.177,10.841,0.014,34.042,2
whole_map,116,19.711,4.34800004959106,0.113,195.789,0.078,19.015,0,119.557052612305,6,1304646,false,259.836909294128,0.177,10.841,0.017,34.042,2
whole_map,117,14.083,3.56399989128113,0.113,195.789,0.078,19.015,0,119.557052612305,6,1304646,false,259.836909294128,0.177,10.841,0.013,34.042,2
whole_map,118,16.111,3.57699990272522,0.113,195.789,0.078,19.015,0,119.557052612305,6,1304646,false,259.836909294128,0.177,10.841,0.011,34.042,2
whole_map,119,16.717,3.57699990272522,0.113,195.789,0.078,19.015,0,119.557052612305,6,1304646,false,259.836909294128,0.177,10.841,0.013,34.042,2
whole_map,120,16.553,3.57999992370605,0.113,195.789,0.078,19.015,0,119.557052612305,6,1304646,false,259.836909294128,0.177,10.841,0.01,34.042,2
whole_map,121,16.755,3.58899998664856,0.113,195.789,0.078,19.015,0,119.557052612305,6,1304646,false,259.836909294128,0.177,10.841,0.013,34.042,2
whole_map,122,16.551,3.57599997520447,0.113,195.789,0.078,19.015,0,119.557052612305,6,1304646,false,259.836909294128,0.177,10.841,0.008,34.042,2
whole_map,123,18.57,3.63299989700317,0.113,195.789,0.078,19.015,0,119.557052612305,6,1304646,false,259.84307384491,0.177,10.841,0.007,34.042,2
whole_map,124,14.967,3.55999994277954,0.113,195.789,0.078,19.015,0,119.557052612305,6,1304646,false,259.843146324158,0.177,10.841,0.007,34.042,2
whole_map,125,16.395,3.5699999332428,0.113,195.789,0.078,19.015,0,119.557052612305,6,1304646,false,259.84307384491,0.177,10.841,0.007,34.042,2
whole_map,126,16.85,3.56699991226196,0.113,195.789,0.078,19.015,0,119.557052612305,6,1304646,false,259.84307384491,0.177,10.841,0.012,34.042,2
whole_map,127,16.473,3.59200000762939,0.113,195.789,0.078,19.015,0,119.557052612305,6,1304646,false,259.843077659607,0.177,10.841,0.007,34.042,2
whole_map,128,16.677,3.62899994850159,0.113,195.789,0.078,19.015,0,119.557052612305,6,1304646,false,259.843077659607,0.177,10.841,0.007,34.042,2
whole_map,129,16.661,3.64199995994568,0.113,195.789,0.078,19.015,0,119.557052612305,6,1304646,false,259.843077659607,0.177,10.841,0.007,34.042,2
whole_map,130,17.911,3.63499999046326,0.113,195.789,0.078,19.015,0,119.557052612305,6,1304646,false,259.849246025085,0.177,10.841,0.006,34.042,2
whole_map,131,15.421,3.62199997901917,0.113,195.789,0.078,19.015,0,119.557052612305,6,1304646,false,259.849246025085,0.177,10.841,0.007,34.042,2
whole_map,132,16.666,3.63199996948242,0.113,195.789,0.078,19.015,0,119.557052612305,6,1304646,false,259.849246025085,0.177,10.841,0.007,34.042,2
whole_map,133,16.672,3.63000011444092,0.113,195.789,0.078,19.015,0,119.557052612305,6,1304646,false,259.849246025085,0.177,10.841,0.007,34.042,2
whole_map,134,16.68,3.62800002098084,0.113,195.789,0.078,19.015,0,119.557052612305,6,1304646,false,259.849242210388,0.177,10.841,0.007,34.042,2
whole_map,135,16.675,3.62899994850159,0.113,195.789,0.078,19.015,0,119.557052612305,6,1304646,false,259.849246025085,0.177,10.841,0.007,34.042,2
whole_map,136,16.795,3.64800000190735,0.113,195.789,0.078,19.015,0,119.557052612305,6,1304646,false,259.849246025085,0.177,10.841,0.012,34.042,2
whole_map,137,18.856,3.6470000743866,0.113,195.789,0.078,19.015,0,119.557052612305,6,1304646,false,259.855410575867,0.177,10.841,0.011,34.042,2
whole_map,138,14.791,3.62599992752075,0.113,195.789,0.078,19.015,0,119.557052612305,6,1304646,false,259.855414390564,0.177,10.841,0.009,34.042,2
whole_map,139,16.412,3.66599988937378,0.113,195.789,0.078,19.015,0,119.557052612305,6,1304646,false,259.855414390564,0.177,10.841,0.012,34.042,2
whole_map,140,16.73,3.76699995994568,0.113,195.789,0.078,19.015,0,119.557052612305,6,1304646,false,259.855479240417,0.177,10.841,0.007,34.042,2
whole_map,141,16.635,3.75999999046326,0.113,195.789,0.078,19.015,0,119.557052612305,6,1304646,false,259.858618736267,0.177,10.841,0.007,34.042,2
whole_map,142,16.428,3.76500010490417,0.113,195.789,0.078,19.015,0,119.557052612305,6,1304646,false,259.858618736267,0.177,10.841,0.007,34.042,2
whole_map,143,16.646,3.78399991989136,0.113,195.789,0.078,19.015,0,119.557052612305,6,1304646,false,259.858618736267,0.177,10.841,0.006,34.042,2
whole_map,144,17.845,3.77699995040894,0.113,195.789,0.078,19.015,0,119.557052612305,6,1304646,false,259.864787101746,0.177,10.841,0.007,34.042,2
whole_map,145,15.503,3.75999999046326,0.113,195.789,0.078,19.015,0,119.557052612305,6,1304646,false,259.864787101746,0.177,10.841,0.006,34.042,2
whole_map,146,16.769,3.78299999237061,0.113,195.789,0.078,19.015,0,119.557052612305,6,1304646,false,259.864787101746,0.177,10.841,0.009,34.042,2
whole_map,147,16.561,3.76099991798401,0.113,195.789,0.078,19.015,0,119.557052612305,6,1304646,false,259.864787101746,0.177,10.841,0.007,34.042,2
whole_map,148,16.736,3.77800011634827,0.113,195.789,0.078,19.015,0,119.557052612305,6,1304646,false,259.864787101746,0.177,10.841,0.008,34.042,2
whole_map,149,16.73,3.75699996948242,0.113,195.789,0.078,19.015,0,119.557052612305,6,1304646,false,259.864783287048,0.177,10.841,0.011,34.042,2
whole_map,150,16.662,3.79299998283386,0.113,195.789,0.078,19.015,0,119.557052612305,6,1304646,false,259.864787101746,0.177,10.841,0.011,34.042,2
whole_map,151,18.829,4.56500005722046,0.113,195.789,0.078,19.015,0,119.557052612305,6,1304646,false,259.870955467224,0.177,10.841,0.012,34.042,2
whole_map,152,14.581,3.84500002861023,0.113,195.789,0.078,19.015,0,119.557052612305,6,1304646,false,259.870955467224,0.177,10.841,0.012,34.042,2
whole_map,153,16.661,3.83400011062622,0.113,195.789,0.078,19.015,0,119.557052612305,6,1304646,false,259.870955467224,0.177,10.841,0.013,34.042,2
whole_map,154,16.638,3.84100008010864,0.113,195.789,0.078,19.015,0,119.557052612305,6,1304646,false,259.870955467224,0.177,10.841,0.013,34.042,2
whole_map,155,16.753,3.83699989318848,0.113,195.789,0.078,19.015,0,119.557052612305,6,1304646,false,259.870955467224,0.177,10.841,0.014,34.042,2
whole_map,156,16.953,3.83599996566772,0.113,195.789,0.078,19.015,0,119.557052612305,6,1304646,false,259.871024131775,0.177,10.841,0.012,34.042,2
whole_map,157,16.315,3.84299993515015,0.113,195.789,0.078,19.015,0,119.557052612305,6,1304646,false,259.870955467224,0.177,10.841,0.013,34.042,2
whole_map,158,19.1,3.85500001907349,0.113,195.789,0.078,19.015,0,119.557052612305,6,1304646,false,259.877116203308,0.177,10.841,0.012,34.042,2
whole_map,159,14.255,3.84299993515015,0.113,195.789,0.078,19.015,0,119.557052612305,6,1304646,false,259.877123832703,0.177,10.841,0.013,34.042,2
whole_map,160,16.619,3.8529999256134,0.113,195.789,0.078,19.015,0,119.557052612305,6,1304646,false,259.877120018005,0.177,10.841,0.012,34.042,2
whole_map,161,16.768,3.84500002861023,0.113,195.789,0.078,19.015,0,119.557052612305,6,1304646,false,259.877123832703,0.177,10.841,0.013,34.042,2
whole_map,162,16.655,3.84500002861023,0.113,195.789,0.078,19.015,0,119.557052612305,6,1304646,false,259.877123832703,0.177,10.841,0.013,34.042,2
whole_map,163,16.629,4.22800016403198,0.113,195.789,0.078,19.015,0,119.557052612305,6,1304646,false,259.877123832703,0.177,10.841,0.015,34.042,2
whole_map,164,16.46,3.89599990844727,0.113,195.789,0.078,19.015,0,119.557052612305,6,1304646,false,259.877120018005,0.177,10.841,0.008,34.042,2
whole_map,165,18.085,3.88199996948242,0.113,195.789,0.078,19.015,0,119.557052612305,6,1304646,false,259.883292198181,0.177,10.841,0.007,34.042,2
whole_map,166,15.286,3.88899993896484,0.113,195.789,0.078,19.015,0,119.557052612305,6,1304646,false,259.883292198181,0.177,10.841,0.009,34.042,2
whole_map,167,16.789,3.88000011444092,0.113,195.789,0.078,19.015,0,119.557052612305,6,1304646,false,259.883292198181,0.177,10.841,0.011,34.042,2
whole_map,168,16.697,3.92400002479553,0.113,195.789,0.078,19.015,0,119.557052612305,6,1304646,false,259.883292198181,0.177,10.841,0.012,34.042,2
whole_map,169,16.622,3.89100003242493,0.113,195.789,0.078,19.015,0,119.557052612305,6,1304646,false,259.883292198181,0.177,10.841,0.012,34.042,2
whole_map,170,16.671,3.90000009536743,0.113,195.789,0.078,19.015,0,119.557052612305,6,1304646,false,259.883292198181,0.177,10.841,0.012,34.042,2
whole_map,171,16.696,3.89800000190735,0.113,195.789,0.078,19.015,0,119.557052612305,6,1304646,false,259.883292198181,0.177,10.841,0.013,34.042,2
whole_map,172,19.235,3.88899993896484,0.113,195.789,0.078,19.015,0,119.557052612305,6,1304646,false,259.88952922821,0.177,10.841,0.012,34.042,2
whole_map,173,14.104,3.91700005531311,0.113,195.789,0.078,19.015,0,119.557052612305,6,1304646,false,259.88946056366,0.177,10.841,0.013,34.042,2
whole_map,174,16.622,3.89800000190735,0.113,195.789,0.078,19.015,0,119.557052612305,6,1304646,false,259.88946056366,0.177,10.841,0.011,34.042,2
whole_map,175,16.695,3.89299988746643,0.113,195.789,0.078,19.015,0,119.557052612305,6,1304646,false,259.88946056366,0.177,10.841,0.013,34.042,2
whole_map,176,16.648,4.07100009918213,0.113,195.789,0.078,19.015,0,119.557052612305,6,1304646,false,259.88946056366,0.177,10.841,0.013,34.042,2
whole_map,177,16.659,4.05700016021729,0.113,195.789,0.078,19.015,0,119.557052612305,6,1304646,false,259.88946056366,0.177,10.841,0.012,34.042,2
whole_map,178,16.596,4.05800008773804,0.113,195.789,0.078,19.015,0,119.557052612305,6,1304646,false,259.88946056366,0.177,10.841,0.012,34.042,2
whole_map,179,18.74,4.83500003814697,0.113,195.789,0.078,19.015,0,119.557052612305,6,1304646,false,259.895625114441,0.177,10.841,0.011,34.042,2
whole_map,180,14.686,4.06400012969971,0.113,195.789,0.078,19.015,0,119.557052612305,6,1304646,false,259.895628929138,0.177,10.841,0.012,34.042,2
whole_map,181,16.615,4.07299995422363,0.113,195.789,0.078,19.015,0,119.557052612305,6,1304646,false,259.895628929138,0.177,10.841,0.011,34.042,2
whole_map,182,16.676,4.0770001411438,0.113,195.789,0.078,19.015,0,119.557052612305,6,1304646,false,259.895625114441,0.177,10.841,0.012,34.042,2
whole_map,183,16.6,4.06799983978271,0.113,195.789,0.078,19.015,0,119.557052612305,6,1304646,false,259.895621299744,0.177,10.841,0.009,34.042,2
whole_map,184,16.693,4.07200002670288,0.113,195.789,0.078,19.015,0,119.557052612305,6,1304646,false,259.895628929138,0.177,10.841,0.012,34.042,2
whole_map,185,16.718,4.55299997329712,0.113,195.789,0.078,19.015,0,119.557052612305,6,1304646,false,259.895628929138,0.177,10.841,0.013,34.042,2
whole_map,186,19.257,4.06099987030029,0.113,195.789,0.078,19.015,0,119.557052612305,6,1304646,false,259.901797294617,0.177,10.841,0.012,34.042,2
whole_map,187,14.084,4.06199979782104,0.113,195.789,0.078,19.015,0,119.557052612305,6,1304646,false,259.901797294617,0.177,10.841,0.012,34.042,2
whole_map,188,17.149,4.16800022125244,0.113,195.789,0.078,19.015,0,119.557052612305,6,1304646,false,259.901865959167,0.177,10.841,0.012,34.042,2
whole_map,189,16.222,4.1560001373291,0.113,195.789,0.078,19.015,0,119.557052612305,6,1304646,false,259.901793479919,0.177,10.841,0.012,34.042,2
whole_map,190,16.617,4.13100004196167,0.113,195.789,0.078,19.015,0,119.557052612305,6,1304646,false,259.901797294617,0.177,10.841,0.013,34.042,2
whole_map,191,16.68,4.14499998092651,0.113,195.789,0.078,19.015,0,119.557052612305,6,1304646,false,259.901793479919,0.177,10.841,0.012,34.042,2
whole_map,192,16.78,4.15100002288818,0.113,195.789,0.078,19.015,0,119.557052612305,6,1304646,false,259.901793479919,0.177,10.841,0.012,34.042,2
whole_map,193,18.714,4.17600011825562,0.113,195.789,0.078,19.015,0,119.557052612305,6,1304646,false,259.907965660095,0.177,10.841,0.014,34.042,2
whole_map,194,14.494,4.14400005340576,0.113,195.789,0.078,19.015,0,119.557052612305,6,1304646,false,259.907965660095,0.177,10.841,0.012,34.042,2
whole_map,195,16.735,4.1560001373291,0.113,195.789,0.078,19.015,0,119.557052612305,6,1304646,false,259.907961845398,0.177,10.841,0.013,34.042,2
whole_map,196,16.592,4.14200019836426,0.113,195.789,0.078,19.015,0,119.557052612305,6,1304646,false,259.907965660095,0.177,10.841,0.012,34.042,2
whole_map,197,16.68,4.14799976348877,0.113,195.789,0.078,19.015,0,119.557052612305,6,1304646,false,259.907961845398,0.177,10.841,0.013,34.042,2
whole_map,198,17.102,4.14400005340576,0.113,195.789,0.078,19.015,0,119.557052612305,6,1304646,false,259.907965660095,0.177,10.841,0.011,34.042,2
whole_map,199,16.229,4.20100021362305,0.113,195.789,0.078,19.015,0,119.557052612305,6,1304646,false,259.907965660095,0.177,10.841,0.012,34.042,2
whole_map,200,18.88,4.21799993515015,0.113,195.789,0.078,19.015,0,119.557052612305,6,1304646,false,259.914130210876,0.177,10.841,0.012,34.042,2
whole_map,201,14.759,5.03399991989136,0.113,195.789,0.078,19.015,0,119.557052612305,6,1304646,false,259.914134025574,0.177,10.841,0.012,34.042,2
whole_map,202,16.353,4.24499988555908,0.113,195.789,0.078,19.015,0,119.557052612305,6,1304646,false,259.914134025574,0.177,10.841,0.013,34.042,2
whole_map,203,16.66,4.2189998626709,0.113,195.789,0.078,19.015,0,119.557052612305,6,1304646,false,259.914126396179,0.177,10.841,0.012,34.042,2
whole_map,204,17.089,4.25,0.113,195.789,0.078,19.015,0,119.557052612305,6,1304646,false,259.914156913757,0.177,10.841,0.012,34.042,2
whole_map,205,16.279,4.22399997711182,0.113,195.789,0.078,19.015,0,119.557052612305,6,1304646,false,259.914134025574,0.177,10.841,0.012,34.042,2
whole_map,206,16.599,4.21600008010864,0.113,195.789,0.078,19.015,0,119.557052612305,6,1304646,false,259.914134025574,0.177,10.841,0.012,34.042,2
whole_map,207,18.731,5.03399991989136,0.113,195.789,0.078,19.015,0,119.557052612305,6,1304646,false,259.920302391052,0.177,10.841,0.011,34.042,2
whole_map,208,14.585,4.23000001907349,0.113,195.789,0.078,19.015,0,119.557052612305,6,1304646,false,259.920302391052,0.177,10.841,0.011,34.042,2
whole_map,209,16.679,4.22200012207031,0.113,195.789,0.078,19.015,0,119.557052612305,6,1304646,false,259.920302391052,0.177,10.841,0.011,34.042,2
whole_map,210,16.544,4.21999979019165,0.113,195.789,0.078,19.015,0,119.557052612305,6,1304646,false,259.920302391052,0.177,10.841,0.007,34.042,2
whole_map,211,16.761,4.31199979782104,0.113,195.789,0.078,19.015,0,119.557052612305,6,1304646,false,259.925108909607,0.177,10.841,0.01,34.042,2
whole_map,212,16.729,4.31599998474121,0.113,195.789,0.078,19.015,0,119.557052612305,6,1304646,false,259.925108909607,0.177,10.841,0.012,34.042,2
whole_map,213,16.644,5.13600015640259,0.113,195.789,0.078,19.015,0,119.557052612305,6,1304646,false,259.925108909607,0.177,10.841,0.012,34.042,2
whole_map,214,18.493,4.31699991226196,0.113,195.789,0.078,19.015,0,119.557052612305,6,1304646,false,259.931277275085,0.177,10.841,0.01,34.042,2
whole_map,215,14.766,4.31099987030029,0.113,195.789,0.078,19.015,0,119.557052612305,6,1304646,false,259.931277275085,0.177,10.841,0.008,34.042,2
whole_map,216,16.583,4.31199979782104,0.113,195.789,0.078,19.015,0,119.557052612305,6,1304646,false,259.931277275085,0.177,10.841,0.007,34.042,2
whole_map,217,16.809,4.31400012969971,0.113,195.789,0.078,19.015,0,119.557052612305,6,1304646,false,259.931277275085,0.177,10.841,0.012,34.042,2
whole_map,218,16.561,4.32999992370605,0.113,195.789,0.078,19.015,0,119.557052612305,6,1304646,false,259.931277275085,0.177,10.841,0.007,34.042,2
whole_map,219,16.848,4.32000017166138,0.113,195.789,0.078,19.015,0,119.557052612305,6,1304646,false,259.931277275085,0.177,10.841,0.013,34.042,2
whole_map,220,16.677,4.32299995422363,0.113,195.789,0.078,19.015,0,119.557052612305,6,1304646,false,259.931345939636,0.177,10.841,0.007,34.042,2
whole_map,221,18.092,4.30900001525879,0.113,195.789,0.078,19.015,0,119.557052612305,6,1304646,false,259.937445640564,0.177,10.841,0.008,34.042,2
whole_map,222,15.007,4.31300020217896,0.113,195.789,0.078,19.015,0,119.557052612305,6,1304646,false,259.937445640564,0.177,10.841,0.007,34.042,2
whole_map,223,16.921,4.40999984741211,0.113,195.789,0.078,19.015,0,119.557052612305,6,1304646,false,259.937445640564,0.177,10.841,0.012,34.042,2
whole_map,224,16.571,4.40199995040894,0.113,195.789,0.078,19.015,0,119.557052612305,6,1304646,false,259.937445640564,0.177,10.841,0.012,34.042,2
whole_map,225,16.664,4.41699981689453,0.113,195.789,0.078,19.015,0,119.557052612305,6,1304646,false,259.937445640564,0.177,10.841,0.012,34.042,2
whole_map,226,16.695,4.40799999237061,0.113,195.789,0.078,19.015,0,119.557052612305,6,1304646,false,259.937445640564,0.177,10.841,0.012,34.042,2
whole_map,227,16.65,4.41400003433228,0.113,195.789,0.078,19.015,0,119.557052612305,6,1304646,false,259.937441825867,0.177,10.841,0.012,34.042,2
whole_map,228,18.655,4.42500019073486,0.113,195.789,0.078,19.015,0,119.557052612305,6,1304646,false,259.943614006042,0.177,10.841,0.012,34.042,2
whole_map,229,14.527,4.40399980545044,0.113,195.789,0.078,19.015,0,119.557052612305,6,1304646,false,259.943614006042,0.177,10.841,0.007,34.042,2
whole_map,230,16.781,4.42000007629395,0.113,195.789,0.078,19.015,0,119.557052612305,6,1304646,false,259.943614006042,0.177,10.841,0.01,34.042,2
whole_map,231,16.673,5.25400018692017,0.113,195.789,0.078,19.015,0,119.557052612305,6,1304646,false,259.943614006042,0.177,10.841,0.011,34.042,2
whole_map,232,16.57,4.42000007629395,0.113,195.789,0.078,19.015,0,119.557052612305,6,1304646,false,259.943610191345,0.177,10.841,0.008,34.042,2
whole_map,233,16.813,4.40700006484985,0.113,195.789,0.078,19.015,0,119.557052612305,6,1304646,false,259.943614006042,0.177,10.841,0.017,34.042,2
whole_map,234,16.695,4.42199993133545,0.113,195.789,0.078,19.015,0,119.557052612305,6,1304646,false,259.943614006042,0.177,10.841,0.013,34.042,2
whole_map,235,18.876,4.85300016403198,0.113,195.789,0.078,19.015,0,119.557052612305,6,1304646,false,259.949782371521,0.177,10.841,0.012,34.042,2
whole_map,236,14.482,4.40700006484985,0.113,195.789,0.078,19.015,0,119.557052612305,6,1304646,false,259.949851036072,0.177,10.841,0.007,34.042,2
whole_map,237,16.579,4.43100023269653,0.113,195.789,0.078,19.015,0,119.557052612305,6,1304646,false,259.949782371521,0.177,10.841,0.012,34.042,2
whole_map,238,16.69,4.41400003433228,0.113,195.789,0.078,19.015,0,119.557052612305,6,1304646,false,259.949778556824,0.177,10.841,0.012,34.042,2
whole_map,239,16.658,4.40100002288818,0.113,195.789,0.078,19.015,0,119.557052612305,6,1304646,false,259.949782371521,0.177,10.841,0.012,34.042,2
whole_map,240,16.559,4.41800022125244,0.113,195.789,0.078,19.015,0,119.557052612305,6,1304646,false,259.949782371521,0.177,10.841,0.01,34.042,2
whole_map,241,16.766,4.41699981689453,0.113,195.789,0.078,19.015,0,119.557052612305,6,1304646,false,259.949782371521,0.177,10.841,0.012,34.042,2
whole_map,242,18.75,4.41200017929077,0.113,195.789,0.078,19.015,0,119.557052612305,6,1304646,false,259.955946922302,0.177,10.841,0.011,34.042,2
whole_map,243,14.593,4.40399980545044,0.113,195.789,0.078,19.015,0,119.557052612305,6,1304646,false,259.955950737,0.177,10.841,0.012,34.042,2
whole_map,244,16.611,4.39699983596802,0.113,195.789,0.078,19.015,0,119.557052612305,6,1304646,false,259.955950737,0.177,10.841,0.01,34.042,2
whole_map,245,16.764,4.40000009536743,0.113,195.789,0.078,19.015,0,119.557052612305,6,1304646,false,259.955950737,0.177,10.841,0.012,34.042,2
whole_map,246,16.462,4.41699981689453,0.113,195.789,0.078,19.015,0,119.557052612305,6,1304646,false,259.955950737,0.177,10.841,0.008,34.042,2
whole_map,247,16.821,4.51000022888184,0.113,195.789,0.078,19.015,0,119.557052612305,6,1304646,false,259.955950737,0.177,10.841,0.013,34.042,2
whole_map,248,16.506,4.49599981307983,0.113,195.789,0.078,19.015,0,119.557052612305,6,1304646,false,259.955950737,0.177,10.841,0.007,34.042,2
whole_map,249,19.291,5.83300018310547,0.113,195.789,0.078,19.015,0,119.557052612305,6,1304646,false,259.962119102478,0.177,10.841,0.013,34.042,2
whole_map,250,14.2,4.51100015640259,0.113,195.789,0.078,19.015,0,119.557052612305,6,1304646,false,259.962111473084,0.177,10.841,0.012,34.042,2
whole_map,251,16.702,4.50400018692017,0.113,195.789,0.078,19.015,0,119.557052612305,6,1304646,false,259.962119102478,0.177,10.841,0.013,34.042,2
whole_map,252,17.238,4.50099992752075,0.113,195.789,0.078,19.015,0,119.557052612305,6,1304646,false,259.962187767029,0.177,10.841,0.014,34.042,2
whole_map,253,16.112,4.96700000762939,0.113,195.789,0.078,19.015,0,119.557052612305,6,1304646,false,259.962119102478,0.177,10.841,0.014,34.042,2
whole_map,254,16.735,4.50500011444092,0.113,195.789,0.078,19.015,0,119.557052612305,6,1304646,false,259.962119102478,0.177,10.841,0.013,34.042,2
whole_map,255,16.89,5.36100006103516,0.113,195.789,0.078,19.015,0,119.557052612305,6,1304646,false,259.962115287781,0.177,10.841,0.013,34.042,2
whole_map,256,18.77,4.51200008392334,0.113,195.789,0.078,19.015,0,119.557052612305,6,1304646,false,259.968283653259,0.177,10.841,0.012,34.042,2
whole_map,257,14.249,4.51100015640259,0.113,195.789,0.078,19.015,0,119.557052612305,6,1304646,false,259.968287467957,0.177,10.841,0.014,34.042,2
whole_map,258,17.114,4.50099992752075,0.113,195.789,0.078,19.015,0,119.557052612305,6,1304646,false,259.968287467957,0.177,10.841,0.013,34.042,2
whole_map,259,16.179,4.59000015258789,0.113,195.789,0.078,19.015,0,119.557052612305,6,1304646,false,259.968287467957,0.177,10.841,0.012,34.042,2
whole_map,260,16.695,4.59899997711182,0.113,195.789,0.078,19.015,0,119.557052612305,6,1304646,false,259.968287467957,0.177,10.841,0.012,34.042,2
whole_map,261,16.657,5.48299980163574,0.113,195.789,0.078,19.015,0,119.557052612305,6,1304646,false,259.968287467957,0.177,10.841,0.013,34.042,2
whole_map,262,16.689,4.59100008010864,0.113,195.789,0.078,19.015,0,119.557052612305,6,1304646,false,259.968287467957,0.177,10.841,0.013,34.042,2
whole_map,263,18.672,4.60799980163574,0.113,195.789,0.078,19.015,0,119.557052612305,6,1304646,false,259.974455833435,0.177,10.841,0.012,34.042,2
whole_map,264,14.693,4.61600017547607,0.113,195.789,0.078,19.015,0,119.557052612305,6,1304646,false,259.974455833435,0.177,10.841,0.055,34.042,2
whole_map,265,16.651,4.61800003051758,0.113,195.789,0.078,19.015,0,119.557052612305,6,1304646,false,259.974455833435,0.177,10.841,0.014,34.042,2
whole_map,266,16.444,4.61700010299683,0.113,195.789,0.078,19.015,0,119.557052612305,6,1304646,false,259.974455833435,0.177,10.841,0.007,34.042,2
whole_map,267,16.87,5.13399982452393,0.113,195.789,0.078,19.015,0,119.557052612305,6,1304646,false,259.974452018738,0.177,10.841,0.013,34.042,2
whole_map,268,17.202,4.60300016403198,0.113,195.789,0.078,19.015,0,119.557052612305,6,1304646,false,259.974524497986,0.177,10.841,0.014,34.042,2
whole_map,269,16.135,4.60500001907349,0.113,195.789,0.078,19.015,0,119.557052612305,6,1304646,false,259.974455833435,0.177,10.841,0.014,34.042,2
whole_map,270,19.225,4.60400009155273,0.113,195.789,0.078,19.015,0,119.557052612305,6,1304646,false,259.980624198914,0.177,10.841,0.013,34.042,2
whole_map,271,14.068,4.67999982833862,0.113,195.789,0.078,19.015,0,119.557052612305,6,1304646,false,259.980624198914,0.177,10.841,0.012,34.042,2
whole_map,272,16.65,4.70499992370605,0.113,195.789,0.078,19.015,0,119.557052612305,6,1304646,false,259.980620384216,0.177,10.841,0.013,34.042,2
whole_map,273,16.787,5.22599983215332,0.113,195.789,0.078,19.015,0,119.557052612305,6,1304646,false,259.980624198914,0.177,10.841,0.014,34.042,2
whole_map,274,16.564,4.72300004959106,0.113,195.789,0.078,19.015,0,119.557052612305,6,1304646,false,259.980624198914,0.177,10.841,0.013,34.042,2
whole_map,275,16.743,4.73199987411499,0.113,195.789,0.078,19.015,0,119.557052612305,6,1304646,false,259.980624198914,0.177,10.841,0.015,34.042,2
whole_map,276,16.667,4.71199989318848,0.113,195.789,0.078,19.015,0,119.557052612305,6,1304646,false,259.980624198914,0.177,10.841,0.013,34.042,2
whole_map,277,18.897,4.7039999961853,0.113,195.789,0.078,19.015,0,119.557052612305,6,1304646,false,259.986788749695,0.177,10.841,0.014,34.042,2
whole_map,278,14.375,4.70100021362305,0.113,195.789,0.078,19.015,0,119.557052612305,6,1304646,false,259.986792564392,0.177,10.841,0.012,34.042,2
whole_map,279,16.933,5.59899997711182,0.113,195.789,0.078,19.015,0,119.557052612305,6,1304646,false,259.986792564392,0.177,10.841,0.012,34.042,2
whole_map,280,16.402,4.72599983215332,0.113,195.789,0.078,19.015,0,119.557052612305,6,1304646,false,259.986792564392,0.177,10.841,0.012,34.042,2
whole_map,281,16.912,4.71000003814697,0.113,195.789,0.078,19.015,0,119.557052612305,6,1304646,false,259.986792564392,0.177,10.841,0.012,34.042,2
whole_map,282,16.427,4.72100019454956,0.113,195.789,0.078,19.015,0,119.557052612305,6,1304646,false,259.986792564392,0.177,10.841,0.013,34.042,2
whole_map,283,16.643,4.70699977874756,0.113,195.789,0.078,19.015,0,119.557052612305,6,1304646,false,259.986792564392,0.177,10.841,0.013,34.042,2
whole_map,284,19.298,4.72599983215332,0.113,195.789,0.078,19.015,0,119.557052612305,6,1304646,false,259.993029594421,0.177,10.841,0.013,34.042,2
whole_map,285,14.121,4.70100021362305,0.113,195.789,0.078,19.015,0,119.557052612305,6,1304646,false,259.992960929871,0.177,10.841,0.012,34.042,2
whole_map,286,16.599,4.7039999961853,0.113,195.789,0.078,19.015,0,119.557052612305,6,1304646,false,259.992957115173,0.177,10.841,0.012,34.042,2
whole_map,287,16.473,4.72200012207031,0.113,195.789,0.078,19.015,0,119.557052612305,6,1304646,false,259.992960929871,0.177,10.841,0.007,34.042,2
whole_map,288,16.787,4.71700000762939,0.113,195.789,0.078,19.015,0,119.557052612305,6,1304646,false,259.992960929871,0.177,10.841,0.011,34.042,2
whole_map,289,16.885,4.7189998626709,0.113,195.789,0.078,19.015,0,119.557052612305,6,1304646,false,259.992957115173,0.177,10.841,0.012,34.042,2
whole_map,290,16.495,5.58799982070923,0.113,195.789,0.078,19.015,0,119.557052612305,6,1304646,false,259.992960929871,0.177,10.841,0.013,34.042,2
whole_map,291,19.107,5.22900009155273,0.113,195.789,0.078,19.015,0,119.557052612305,6,1304646,false,259.999129295349,0.177,10.841,0.013,34.042,2
whole_map,292,14.243,4.74200010299683,0.113,195.789,0.078,19.015,0,119.557052612305,6,1304646,false,259.999129295349,0.177,10.841,0.013,34.042,2
whole_map,293,16.656,4.71500015258789,0.113,195.789,0.078,19.015,0,119.557052612305,6,1304646,false,259.999129295349,0.177,10.841,0.013,34.042,2
whole_map,294,16.733,4.71700000762939,0.113,195.789,0.078,19.015,0,119.557052612305,6,1304646,false,259.999129295349,0.177,10.841,0.013,34.042,2
whole_map,295,16.592,4.76200008392334,0.113,195.789,0.078,19.015,0,119.557052612305,6,1304646,false,259.999129295349,0.177,10.841,0.013,34.042,2
whole_map,296,16.654,4.84000015258789,0.113,195.789,0.078,19.015,0,119.557052612305,6,1304646,false,259.999129295349,0.177,10.841,0.012,34.042,2
whole_map,297,16.881,6.21000003814697,0.113,195.789,0.078,19.015,0,119.557052612305,6,1304646,false,259.999129295349,0.177,10.841,0.012,34.042,2
whole_map,298,18.7,4.80700016021729,0.113,195.789,0.078,19.015,0,119.557052612305,6,1304646,false,260.005290031433,0.177,10.841,0.013,34.042,2
whole_map,299,14.467,4.83199977874756,0.113,195.789,0.078,19.015,0,119.557052612305,6,1304646,false,260.005297660828,0.177,10.841,0.013,34.042,2
whole_map,300,17.172,4.80499982833862,0.113,195.789,0.078,19.015,0,119.557052612305,6,1304646,false,260.005366325378,0.177,10.841,0.013,34.042,2
