phase,time_us,frame_ms,queued,sdf_pages,engine_static_bytes
startup,3794519,120.532,0,0,66310484.0
startup,3796972,2.453,0,0,66309618.0
startup,3810495,13.523,0,0,66307768.0
startup,3827163,16.668,0,0,66311696.0
startup,3843829,16.666,0,0,66310246.0
startup,3860490,16.661,0,0,66312232.0
startup,3877159,16.669,0,0,66283448.0
startup,3893826,16.667,0,0,66308622.0
startup,3910489,16.663,0,0,66308718.0
startup,3927166,16.677,0,0,66311034.0
startup,3943822,16.656,0,0,66311862.0
startup,3960489,16.667,0,0,66311862.0
startup,3977155,16.666,0,0,66292094.0
startup,3993832,16.677,0,0,66336672.0
startup,4010486,16.654,0,0,66331996.0
startup,4027152,16.666,0,0,66337078.0
startup,4043822,16.67,0,0,66489532.0
startup,4060484,16.662,0,0,66487900.0
startup,4077153,16.669,0,0,66489584.0
startup,4093819,16.666,0,0,66489800.0
startup,4110484,16.665,0,0,66489872.0
startup,4127150,16.666,0,0,66489872.0
startup,4143816,16.666,0,0,66488732.0
startup,4160485,16.669,0,0,66489872.0
startup,4177144,16.659,0,0,66449324.0
startup,4194302,17.158,0,0,66501336.0
startup,4210478,16.176,0,0,66503714.0
startup,4227145,16.667,0,0,66501662.0
startup,4243810,16.665,0,0,66503972.0
startup,4260478,16.668,0,0,66501984.0
startup,4278587,18.109,0,0,66504824.0
startup,4294227,15.64,0,0,66500244.0
startup,4310510,16.283,0,0,66504226.0
startup,4327154,16.644,0,0,66503820.0
startup,4343817,16.663,0,0,66501828.0
startup,4360766,16.949,0,0,66498452.0
startup,4377143,16.377,0,0,66503128.0
startup,4393972,16.829,0,0,66500636.0
startup,4410482,16.51,0,0,66500444.0
startup,4427251,16.769,0,0,66504296.0
startup,4444152,16.901,0,0,66503606.0
startup,4460480,16.328,0,0,66499028.0
startup,4477139,16.659,0,0,66505400.0
startup,4493811,16.672,0,0,66504204.0
startup,4510479,16.668,0,0,66498380.0
startup,4527196,16.717,0,0,66478042.0
startup,4543810,16.614,0,0,66477198.0
startup,4560488,16.678,0,0,66475286.0
startup,4577136,16.648,0,0,66475282.0
startup,4593840,16.704,0,0,66478014.0
startup,4610465,16.625,0,0,66477186.0
startup,4627134,16.669,0,0,66478014.0
startup,4643799,16.665,0,0,66476780.0
startup,4660464,16.665,0,0,66477712.0
startup,4677139,16.675,0,0,66477474.0
startup,4693817,16.678,0,0,66500684.0
startup,4710462,16.645,0,0,66500732.0
startup,4727126,16.664,0,0,66497558.0
startup,4743800,16.674,0,0,66497558.0
startup,4760474,16.674,0,0,66500496.0
startup,4777127,16.653,0,0,66499340.0
startup,4793804,16.677,0,0,66497558.0
startup,4810456,16.652,0,0,66500010.0
startup,4827125,16.669,0,0,66498354.0
startup,4843788,16.663,0,0,66501480.0
startup,4860489,16.701,0,0,66498364.0
startup,4877119,16.63,0,0,66501464.0
startup,4893786,16.667,0,0,66500730.0
startup,4910451,16.665,0,0,66500216.0
startup,4927118,16.667,0,0,66498344.0
startup,4943790,16.672,0,0,66500216.0
startup,4960449,16.659,0,0,66488476.0
startup,4977123,16.674,0,0,66490332.0
startup,4993798,16.675,0,0,66491198.0
startup,5010449,16.651,0,0,66490370.0
startup,5027132,16.683,0,0,66489964.0
startup,5043781,16.649,0,0,66490370.0
startup,5060447,16.666,0,0,66490324.0
startup,5077161,16.714,0,0,66490452.0
startup,5093816,16.655,0,0,66491270.0
startup,5110445,16.629,0,0,66487488.0
startup,5127117,16.672,0,0,66488538.0
startup,5144948,17.831,0,0,66490036.0
startup,5160444,15.496,0,0,66487456.0
startup,5177113,16.669,0,0,66488538.0
startup,5193793,16.68,0,0,66431980.0
startup,5210452,16.659,4,0,66504888.0
startup,5227140,16.688,4,0,66765340.0
startup,5243793,16.653,4,0,67279064.0
startup,5260453,16.66,0,0,67514012.0
startup,5279234,18.781,4,0,69339252.0
startup,5293775,14.541,4,0,69585824.0
startup,5310437,16.662,3,0,70063012.0
startup,5327106,16.669,2,0,70357680.0
startup,5343769,16.663,2,0,70727100.0
startup,5360434,16.665,1,0,71288342.0
startup,5377097,16.663,2,0,71674634.0
startup,5393766,16.669,0,0,72157134.0
startup,5410775,17.009,3,0,72671326.0
startup,5427150,16.375,3,0,73036822.0
startup,5443784,16.634,1,0,73332330.0
startup,5460441,16.657,2,0,73839438.0
startup,5477111,16.67,5,0,73970924.0
startup,5493766,16.655,5,0,74015022.0
startup,5510430,16.664,5,0,74091878.0
startup,5527101,16.671,5,0,74079586.0
startup,5543757,16.656,5,0,74140400.0
startup,5560428,16.671,5,0,74180386.0
startup,5577091,16.663,5,0,74235194.0
startup,5593758,16.667,5,0,74295706.0
startup,5610429,16.671,5,0,74304166.0
startup,5627095,16.666,5,0,74356966.0
startup,5643765,16.67,5,0,74402298.0
startup,5660429,16.664,5,0,74452742.0
startup,5677089,16.66,5,0,74503986.0
startup,5693756,16.667,5,0,74549382.0
startup,5710439,16.683,5,0,74602774.0
startup,5727088,16.649,5,0,74649126.0
startup,5743749,16.661,5,0,74696056.0
startup,5760424,16.675,5,0,74701470.0
startup,5777086,16.662,5,0,74754086.0
startup,5793748,16.662,5,0,74802642.0
startup,5810415,16.667,5,0,74857450.0
startup,5827127,16.712,5,0,74905158.0
startup,5843754,16.627,5,0,74915598.0
startup,5860424,16.67,5,0,74971250.0
startup,5877105,16.681,5,0,75023214.0
startup,5893749,16.644,5,0,75078310.0
startup,5910414,16.665,5,0,75129330.0
startup,5927131,16.717,5,0,75133822.0
startup,5943744,16.613,5,0,75189182.0
startup,5960409,16.665,5,0,75245238.0
startup,5977116,16.707,5,0,75293394.0
startup,5993743,16.627,5,0,75342370.0
startup,6010410,16.667,5,0,75394356.0
startup,6027075,16.665,5,0,75486094.0
startup,6043751,16.676,5,0,75458550.0
startup,6060410,16.659,5,0,75510190.0
startup,6077070,16.66,5,0,75563138.0
startup,6093737,16.667,5,0,75614710.0
startup,6110401,16.664,5,0,75666426.0
startup,6127081,16.68,5,0,75717854.0
startup,6143748,16.667,5,0,75727758.0
startup,6160404,16.656,5,0,75778458.0
startup,6177114,16.71,5,0,75826494.0
startup,6193731,16.617,5,0,75874094.0
startup,6210404,16.673,5,0,75923442.0
startup,6227090,16.686,5,0,76011826.0
startup,6243751,16.661,5,0,75987622.0
startup,6260400,16.649,5,0,76049388.0
startup,6277063,16.663,5,0,76094606.0
startup,6293727,16.664,5,0,76146430.0
startup,6310390,16.663,5,0,76190654.0
startup,6327064,16.674,5,0,76242102.0
startup,6343745,16.681,5,0,76288318.0
startup,6360401,16.656,5,0,76296222.0
startup,6377070,16.669,5,0,76347006.0
startup,6393724,16.654,5,0,76402238.0
startup,6410389,16.665,5,0,76473882.0
startup,6427057,16.668,5,0,76517794.0
startup,6443718,16.661,5,0,76565846.0
startup,6460390,16.672,5,0,76616782.0
startup,6477054,16.664,5,0,76661954.0
startup,6493722,16.668,5,0,76750062.0
startup,6510399,16.677,5,0,76724558.0
startup,6527110,16.711,5,0,76775318.0
startup,6543720,16.61,5,0,76823794.0
startup,6560386,16.666,5,0,76925382.0
startup,6577049,16.663,5,0,77017790.0
startup,6593711,16.662,5,0,77070622.0
startup,6610384,16.673,5,0,77129684.0
startup,6627054,16.67,5,0,77170722.0
startup,6643720,16.666,5,0,77220118.0
startup,6660380,16.66,5,0,77265246.0
startup,6677059,16.679,5,0,77277430.0
startup,6693715,16.656,4,0,77329270.0
startup,6710376,16.661,4,0,77576686.0
startup,6727050,16.674,4,0,77762842.0
startup,6743731,16.681,4,0,77993454.0
startup,6760379,16.648,4,0,78156954.0
startup,6777052,16.673,4,0,78390642.0
startup,6793715,16.663,4,0,78558922.0
startup,6810382,16.667,4,0,78923274.0
startup,6827040,16.658,4,0,79233022.0
startup,6843712,16.672,4,0,79430778.0
startup,6860375,16.663,4,0,79690670.0
startup,6877038,16.663,4,0,79922042.0
startup,6893734,16.696,4,0,80070070.0
startup,6910378,16.644,4,0,79754274.0
startup,6927041,16.663,4,0,79832258.0
startup,6943700,16.659,4,0,79910534.0
startup,6960374,16.674,4,0,79914014.0
startup,6977060,16.686,4,0,79914014.0
startup,6993711,16.651,4,0,79976178.0
startup,7010385,16.674,4,0,79976178.0
startup,7027046,16.661,4,0,79976178.0
startup,7043706,16.66,4,0,80066334.0
startup,7060388,16.682,4,0,80151230.0
startup,7077129,16.741,4,0,80174058.0
startup,7093712,16.583,4,0,80237854.0
startup,7110370,16.658,4,0,80237854.0
startup,7127039,16.669,4,0,80302766.0
startup,7143717,16.678,4,0,80357588.0
startup,7160377,16.66,4,0,80363854.0
startup,7177047,16.67,4,0,80364454.0
startup,7193742,16.695,4,0,80420964.0
startup,7210375,16.633,4,0,80423418.0
startup,7227037,16.662,4,0,80475162.0
startup,7243707,16.67,4,0,80480342.0
startup,7260409,16.702,4,0,80538058.0
startup,7277036,16.627,4,0,80591710.0
startup,7293695,16.659,4,0,80655082.0
startup,7310367,16.672,4,0,80655370.0
startup,7327031,16.664,4,0,80721082.0
startup,7343701,16.67,4,0,80729778.0
startup,7360369,16.668,4,0,80820194.0
startup,7377041,16.672,4,0,80899986.0
startup,7393697,16.656,4,0,80915082.0
startup,7410358,16.661,4,0,80979970.0
startup,7427033,16.675,4,0,81044386.0
startup,7443689,16.656,4,0,81101798.0
startup,7460360,16.671,4,0,81103738.0
startup,7477020,16.66,4,0,81162778.0
startup,7493696,16.676,4,0,81215794.0
startup,7510360,16.664,4,0,81223274.0
startup,7527088,16.728,4,0,81278822.0
startup,7543679,16.591,4,0,81346670.0
startup,7560352,16.673,4,0,81416366.0
startup,7577063,16.711,4,0,81424862.0
startup,7593684,16.621,4,0,81496210.0
startup,7610439,16.755,4,0,81566650.0
startup,7627110,16.671,4,0,81575350.0
startup,7643677,16.567,4,0,81661774.0
startup,7660344,16.667,4,0,81746522.0
startup,7677009,16.665,4,0,81797106.0
startup,7693682,16.673,4,0,81840766.0
startup,7710353,16.671,4,0,81873898.0
startup,7727085,16.732,4,0,81918482.0
startup,7743678,16.593,4,0,82007010.0
startup,7760347,16.669,4,0,82042478.0
startup,7777038,16.691,4,0,82145498.0
startup,7793672,16.634,4,0,82189494.0
startup,7810342,16.67,4,0,82252494.0
startup,7827016,16.674,4,0,82264678.0
startup,7843670,16.654,4,0,82330170.0
startup,7860337,16.667,4,0,82396254.0
startup,7876999,16.662,4,0,82450542.0
startup,7893678,16.679,4,0,82460982.0
startup,7910596,16.918,4,0,82526026.0
startup,7927000,16.404,4,0,82582481.0
startup,7943663,16.663,4,0,82598004.0
startup,7960332,16.669,4,0,82656962.0
startup,7977004,16.672,4,0,82718454.0
startup,7993682,16.678,4,0,82731410.0
startup,8010334,16.652,4,0,82816438.0
startup,8027001,16.667,4,0,82876646.0
startup,8043672,16.671,4,0,82911298.0
startup,8060335,16.663,4,0,82999706.0
startup,8076997,16.662,4,0,83050262.0
startup,8093666,16.669,4,0,83090058.0
startup,8110322,16.656,4,0,83173434.0
startup,8126992,16.67,4,0,83284649.0
startup,8143668,16.676,4,0,83257742.0
startup,8160326,16.658,4,0,83348486.0
startup,8177004,16.678,4,0,83452162.0
startup,8193718,16.714,4,0,83438110.0
startup,8210325,16.607,4,0,83519546.0
startup,8226992,16.667,4,0,83638462.0
startup,8243660,16.668,4,0,83599426.0
startup,8260321,16.661,4,0,83659930.0
startup,8276996,16.675,4,0,83666890.0
startup,8293658,16.662,4,0,83731894.0
startup,8310315,16.657,4,0,83796026.0
startup,8327063,16.748,4,0,83800262.0
startup,8343654,16.591,4,0,83854782.0
startup,8360322,16.668,4,0,83907170.0
startup,8376985,16.663,4,0,83963862.0
startup,8393658,16.673,4,0,83973318.0
startup,8410309,16.651,4,0,84037150.0
startup,8426984,16.675,4,0,84112260.0
startup,8443644,16.66,4,0,84183236.0
startup,8460498,16.854,4,0,84188654.0
startup,8476978,16.48,4,0,84275986.0
startup,8493652,16.674,4,0,84362358.0
startup,8510316,16.664,2,0,84413062.0
startup,8526974,16.658,3,0,84669386.0
startup,8543652,16.678,4,0,84881638.0
startup,8560312,16.66,4,0,85065418.0
startup,8576977,16.665,4,0,85312514.0
startup,8593638,16.661,4,0,85534026.0
startup,8610317,16.679,4,0,85614154.0
startup,8626972,16.655,4,0,85886106.0
startup,8643639,16.667,4,0,86103870.0
startup,8660302,16.663,4,0,86208986.0
startup,8676967,16.665,4,0,86531774.0
startup,8693655,16.688,4,0,86693830.0
startup,8710302,16.647,4,0,86860382.0
startup,8727063,16.761,4,0,87098142.0
startup,8743697,16.634,4,0,87343334.0
startup,8760311,16.614,4,0,87478334.0
startup,8777138,16.827,4,0,87748630.0
startup,8793641,16.503,4,0,88026366.0
startup,8810309,16.668,4,0,88096362.0
startup,8827013,16.704,4,0,87666786.0
startup,8843636,16.623,4,0,88062643.0
startup,8860305,16.669,4,0,88067367.0
startup,8876966,16.661,4,0,88129075.0
startup,8893638,16.672,4,0,88236959.0
startup,8910296,16.658,4,0,88301451.0
startup,8927016,16.72,4,0,88368891.0
startup,8943626,16.61,4,0,88486859.0
startup,8960297,16.671,4,0,88547219.0
startup,8976989,16.692,4,0,88585875.0
startup,8993631,16.642,4,0,88643911.0
startup,9010319,16.688,4,0,88734499.0
startup,9027028,16.709,4,0,88738903.0
startup,9043625,16.597,4,0,88797579.0
startup,9060284,16.659,4,0,88843823.0
startup,9077001,16.717,4,0,88895939.0
startup,9093634,16.633,4,0,88973039.0
startup,9110294,16.66,4,0,88949899.0
startup,9126989,16.695,4,0,89067815.0
startup,9143633,16.644,4,0,89084051.0
startup,9160287,16.654,4,0,89152315.0
startup,9177203,16.916,4,0,89194131.0
startup,9193625,16.422,4,0,89216523.0
startup,9210296,16.671,4,0,89280759.0
startup,9227066,16.77,4,0,89350355.0
startup,9243608,16.542,4,0,89400803.0
startup,9260276,16.668,4,0,89450583.0
startup,9277480,17.204,4,0,89505919.0
startup,9293669,16.189,4,0,89581087.0
startup,9310280,16.611,4,0,89643107.0
startup,9327349,17.069,4,0,89706419.0
startup,9343619,16.27,4,0,89759239.0
startup,9360278,16.659,4,0,89861971.0
startup,9377218,16.94,4,0,89921961.0
startup,9393616,16.398,4,0,89930887.0
startup,9410278,16.662,4,0,89988807.0
startup,9427142,16.864,4,0,90029695.0
startup,9443709,16.567,4,0,90079223.0
startup,9460276,16.567,4,0,90088679.0
startup,9477058,16.782,4,0,90134739.0
startup,9493611,16.553,4,0,90186987.0
startup,9510277,16.666,4,0,90201735.0
startup,9527067,16.79,4,0,90301771.0
startup,9543613,16.546,4,0,90302375.0
startup,9560281,16.668,4,0,90401577.0
startup,9577089,16.808,4,0,90465793.0
startup,9593614,16.525,4,0,90471207.0
startup,9610278,16.664,4,0,90550007.0
startup,9627051,16.773,4,0,90596307.0
startup,9643619,16.568,4,0,90604023.0
startup,9660278,16.659,4,0,90654319.0
startup,9677035,16.757,4,0,90696875.0
startup,9693601,16.566,4,0,90786627.0
startup,9710267,16.666,4,0,90756935.0
startup,9727056,16.789,4,0,90804447.0
startup,9743607,16.551,4,0,90851201.0
startup,9760256,16.649,4,0,90899919.0
startup,9777059,16.803,4,0,90909375.0
startup,9793605,16.546,4,0,91002431.0
startup,9810262,16.657,4,0,91049003.0
startup,9827019,16.757,4,0,91096203.0
startup,9843619,16.6,4,0,91109171.0
startup,9860260,16.641,4,0,91161271.0
startup,9877024,16.764,4,0,91164023.0
startup,9893597,16.573,4,0,91210603.0
startup,9910260,16.663,4,0,91257179.0
startup,9927040,16.78,4,0,91263339.0
startup,9943641,16.601,4,0,91315385.0
startup,9960260,16.619,4,0,91351767.0
startup,9977071,16.811,3,0,91362403.0
startup,9993585,16.514,3,0,91591855.0
startup,10010304,16.719,4,0,91781215.0
startup,10027025,16.721,4,0,91922385.0
startup,10043595,16.57,4,0,92166131.0
startup,10060260,16.665,4,0,92251619.0
startup,10077052,16.792,4,0,92521795.0
startup,10093584,16.532,4,0,92690035.0
startup,10110248,16.664,4,0,92836433.0
startup,10127136,16.888,4,0,93093535.0
startup,10143592,16.456,4,0,93312742.0
startup,10160255,16.663,4,0,93398447.0
startup,10177041,16.786,4,0,93619191.0
startup,10193589,16.548,4,0,93881619.0
startup,10210251,16.662,4,0,94005459.0
startup,10227075,16.824,4,0,94210379.0
startup,10243590,16.515,4,0,94447997.0
startup,10260252,16.662,4,0,94543267.0
startup,10277010,16.758,4,0,94787811.0
startup,10293583,16.573,4,0,94131971.0
startup,10310244,16.661,4,0,94233099.0
startup,10327028,16.784,4,0,94241631.0
startup,10343580,16.552,4,0,94306895.0
startup,10360247,16.667,4,0,94366363.0
startup,10377012,16.765,4,0,94418543.0
startup,10393567,16.555,4,0,94481483.0
startup,10410247,16.68,4,0,94547075.0
startup,10427014,16.767,4,0,94650999.0
startup,10443576,16.562,4,0,94624027.0
startup,10460232,16.656,4,0,94679115.0
startup,10476986,16.754,4,0,94728507.0
startup,10493566,16.58,4,0,94805627.0
startup,10510233,16.667,4,0,94815415.0
startup,10526972,16.739,4,0,94882759.0
startup,10543558,16.586,4,0,94942775.0
startup,10560231,16.673,4,0,94984995.0
startup,10576997,16.766,4,0,95044751.0
startup,10593558,16.561,4,0,95116609.0
startup,10610234,16.676,4,0,95156079.0
startup,10626979,16.745,4,0,95201839.0
startup,10643571,16.592,4,0,95214019.0
startup,10660226,16.655,4,0,95266163.0
startup,10677050,16.824,4,0,95321199.0
startup,10693569,16.519,4,0,95358807.0
startup,10710227,16.658,4,0,95420947.0
startup,10727007,16.78,4,0,95485531.0
startup,10743561,16.554,4,0,95489959.0
startup,10760220,16.659,4,0,95571283.0
startup,10776971,16.751,4,0,95657131.0
startup,10793556,16.585,4,0,95699779.0
startup,10810223,16.667,4,0,95710219.0
startup,10826996,16.773,4,0,95764231.0
startup,10843560,16.564,4,0,95810319.0
startup,10860211,16.651,4,0,95859967.0
startup,10876984,16.773,4,0,95934143.0
startup,10893549,16.565,4,0,95991931.0
startup,10910217,16.668,4,0,96050939.0
startup,10926970,16.753,4,0,96115695.0
startup,10943557,16.587,4,0,96121671.0
startup,10960310,16.753,4,0,96199003.0
startup,10976965,16.655,4,0,96247331.0
startup,10993543,16.578,4,0,96293471.0
startup,11010208,16.665,4,0,96346787.0
startup,11026973,16.765,4,0,96432103.0
startup,11043548,16.575,4,0,96470447.0
startup,11060205,16.657,4,0,96589871.0
startup,11076966,16.761,4,0,96670047.0
startup,11093545,16.579,4,0,96730411.0
startup,11110206,16.661,4,0,96782091.0
startup,11126951,16.745,4,0,96792531.0
startup,11143608,16.657,4,0,96845979.0
startup,11160202,16.594,4,0,96901703.0
startup,11176942,16.74,4,0,96950615.0
startup,11193532,16.59,4,0,97041623.0
startup,11210210,16.678,4,0,97084307.0
startup,11227289,17.079,4,0,97217131.0
startup,11243534,16.245,4,0,97334975.0
startup,11260204,16.67,4,0,97400683.0
startup,11276941,16.737,4,0,97441563.0
startup,11293537,16.596,4,0,97532167.0
startup,11310200,16.663,4,0,97610599.0
startup,11326938,16.738,4,0,97670439.0
startup,11343543,16.605,4,0,97797863.0
startup,11360193,16.65,4,0,97831687.0
startup,11376930,16.737,4,0,97912239.0
startup,11393526,16.596,4,0,98023175.0
startup,11410201,16.675,4,0,98030891.0
startup,11426935,16.734,4,0,98084275.0
startup,11443537,16.602,4,0,98136231.0
startup,11460192,16.655,4,0,98186567.0
startup,11476941,16.749,1,0,98402323.0
startup,11493523,16.582,1,0,98918645.0
startup,11510220,16.697,4,0,99224505.0
startup,11526918,16.698,4,0,99600507.0
startup,11543520,16.602,3,0,100020717.0
startup,11560185,16.665,2,0,100158023.0
startup,11576910,16.725,1,0,100614643.0
startup,11593522,16.612,1,0,101174243.0
startup,11610196,16.674,3,0,101278595.0
startup,11626922,16.726,3,0,101763423.0
startup,11643527,16.605,3,0,102065755.0
startup,11660191,16.664,3,0,102335955.0
startup,11676904,16.713,3,0,102545975.0
startup,11693514,16.61,3,0,103042541.0
startup,11710192,16.678,4,0,103191473.0
startup,11726920,16.728,3,0,103568277.0
startup,11743528,16.608,2,0,103795149.0
startup,11760180,16.652,1,0,104094457.0
startup,11782942,22.762,2,0,104258950.0
startup,11799192,16.25,2,0,104656110.0
startup,11810181,10.989,1,0,105003726.0
startup,11828116,17.935,1,0,105288990.0
startup,11843509,15.393,4,0,105637410.0
startup,11860185,16.676,4,0,106006502.0
startup,11876894,16.709,3,0,106216558.0
startup,11893521,16.627,2,0,106732538.0
startup,11910174,16.653,1,0,106955910.0
startup,11928409,18.235,0,0,107355790.0
startup,11944106,15.697,4,0,107701804.0
startup,11960178,16.072,4,0,107956994.0
startup,11976914,16.736,3,0,108273656.0
startup,11993515,16.601,2,0,108673608.0
startup,12010179,16.664,1,0,108905310.0
startup,12030454,20.275,0,0,109361292.0
startup,12049081,18.627,3,0,109661606.0
startup,12060208,11.127,3,0,109938850.0
startup,12076933,16.725,3,0,110236078.0
startup,12093507,16.574,0,0,110530046.0
startup,12111206,17.699,3,0,110731972.0
startup,12126913,15.707,3,0,111135696.0
startup,12143504,16.591,3,0,111388512.0
startup,12160171,16.667,0,0,111548956.0
startup,12180758,20.587,3,0,111936624.0
startup,12193514,12.756,3,0,112421496.0
startup,12210178,16.664,3,0,112538110.0
startup,12226934,16.756,0,0,112888488.0
startup,12247592,20.658,3,0,113240592.0
startup,12260164,12.572,3,0,113592852.0
startup,12277280,17.116,3,0,113965384.0
startup,12293508,16.228,0,0,114199420.0
startup,12313568,20.06,4,0,114518762.0
startup,12326886,13.318,4,0,114884208.0
startup,12343527,16.641,3,0,115244736.0
startup,12360160,16.633,3,0,115472968.0
startup,12376919,16.759,4,0,115932240.0
startup,12393501,16.582,1,0,116249392.0
startup,12412629,19.128,4,0,116622578.0
startup,12426906,14.277,5,0,116941034.0
startup,12443491,16.585,4,0,117344466.0
startup,12460155,16.664,3,0,117672878.0
startup,12476894,16.739,3,0,117922954.0
startup,12493493,16.599,0,0,118284642.0
startup,12513137,19.644,4,0,118581108.0
startup,12526889,13.752,4,0,118853664.0
startup,12543492,16.603,3,0,119143968.0
startup,12560156,16.664,3,0,119494940.0
startup,12576931,16.775,4,0,120189804.0
startup,12598549,21.618,4,0,120640936.0
startup,12610158,11.609,5,0,120709124.0
startup,12627048,16.89,4,0,121195402.0
startup,12643494,16.446,3,0,121394856.0
startup,12660146,16.652,2,0,121724308.0
startup,12676909,16.763,4,0,122095272.0
startup,12693481,16.572,1,0,122847988.0
startup,12713311,19.83,4,0,122715564.0
startup,12726887,13.576,5,0,123080636.0
startup,12743493,16.606,4,0,123541912.0
startup,12760153,16.66,3,0,123751552.0
startup,12776900,16.747,3,0,124147892.0
startup,12793477,16.577,3,0,124656604.0
startup,12810250,16.773,1,0,124866008.0
startup,12832935,22.685,1,0,125464654.0
startup,12843489,10.554,5,0,125641442.0
startup,12860143,16.654,3,0,126045114.0
startup,12882921,22.778,5,0,126587578.0
startup,12893630,10.709,4,0,126731838.0
startup,12910150,16.52,4,0,127002936.0
startup,12926890,16.74,3,0,127506942.0
startup,12943489,16.599,2,0,127837086.0
startup,12967853,24.364,3,0,128235226.0
startup,12977033,9.18,4,0,128416826.0
startup,12998989,21.956,3,0,128836538.0
startup,13022536,23.547,4,0,129343002.0
startup,13032726,10.19,4,0,129703594.0
startup,13043465,10.739,3,0,129966718.0
startup,13060135,16.67,3,0,130307046.0
startup,13076909,16.774,2,0,130472326.0
startup,13099716,22.807,1,0,131051780.0
startup,13124390,24.674,3,0,131657272.0
startup,13149941,25.551,4,0,132474702.0
startup,13158392,8.451,3,0,132735990.0
startup,13167135,8.743,3,0,132907686.0
startup,13183301,16.166,4,0,133464662.0
startup,13199944,16.643,3,0,133915950.0
startup,13216887,16.943,1,0,134133878.0
startup,13240733,23.846,1,0,134660330.0
startup,13250763,10.03,5,0,135109298.0
startup,13266884,16.121,3,0,135287662.0
startup,13290500,23.616,4,0,135755314.0
startup,13299927,9.427,4,0,136127468.0
startup,13316899,16.972,3,0,136344930.0
startup,13333258,16.359,3,0,136869562.0
startup,13349925,16.667,4,0,137047214.0
startup,13373522,23.597,3,0,137738110.0
startup,13398929,25.407,4,0,138104514.0
startup,13407001,8.072,4,0,138309994.0
startup,13417342,10.341,4,0,138474154.0
startup,13433248,15.906,4,0,138942154.0
startup,13450008,16.76,4,0,139438718.0
startup,13478426,28.418,3,0,139780630.0
startup,13504720,26.294,5,0,140098438.0
startup,13514019,9.299,5,0,140381646.0
startup,13522229,8.21,5,0,140489478.0
startup,13538073,15.844,5,0,140664878.0
startup,13554724,16.651,5,0,140927082.0
startup,13571401,16.677,5,0,141148958.0
startup,13588059,16.658,5,0,141411190.0
startup,13604731,16.672,5,0,141635358.0
startup,13621394,16.663,5,0,141952174.0
startup,13638064,16.67,5,0,142150070.0
startup,13654721,16.657,5,0,142409234.0
startup,13671392,16.671,5,0,142623390.0
startup,13688054,16.662,5,0,142889986.0
startup,13704720,16.666,5,0,143119734.0
startup,13721387,16.667,5,0,143329582.0
startup,13738138,16.751,5,0,143561950.0
startup,13754725,16.587,5,0,143886074.0
startup,13771392,16.667,5,0,144108398.0
startup,13788055,16.663,5,0,144440182.0
startup,13804721,16.666,4,0,144713022.0
startup,13821389,16.668,4,0,144960182.0
startup,13838054,16.665,4,0,145204678.0
startup,13854715,16.661,4,0,145550414.0
startup,13871386,16.671,4,0,145679862.0
startup,13888053,16.667,3,0,145909898.0
startup,13904725,16.672,3,0,146115282.0
startup,13921385,16.66,4,0,146377174.0
startup,13938055,16.67,4,0,146593934.0
startup,13954711,16.656,4,0,146943674.0
startup,13971386,16.675,4,0,147230416.0
startup,13988054,16.668,4,0,147481418.0
startup,14004721,16.667,4,0,147665710.0
startup,14021412,16.691,4,0,147860510.0
startup,14038052,16.64,4,0,148243166.0
startup,14054709,16.657,4,0,148482618.0
startup,14071376,16.667,4,0,148576020.0
startup,14088038,16.662,4,0,148926310.0
startup,14104719,16.681,4,0,149176114.0
startup,14121371,16.652,4,0,149508210.0
startup,14138046,16.675,4,0,149738402.0
startup,14154702,16.656,4,0,150046562.0
startup,14171366,16.664,4,0,150247476.0
startup,14188041,16.675,4,0,150465918.0
startup,14204705,16.664,4,0,150686082.0
startup,14221371,16.666,4,0,150758666.0
startup,14238027,16.656,4,0,151143544.0
startup,14254704,16.677,4,0,151386938.0
startup,14271361,16.657,4,0,151724780.0
startup,14288910,17.549,4,0,151969668.0
startup,14304706,15.796,4,0,152249718.0
startup,14321373,16.667,4,0,152353626.0
startup,14338039,16.666,4,0,152636978.0
startup,14354701,16.662,4,0,152797086.0
startup,14371363,16.662,4,0,152880990.0
startup,14388031,16.668,4,0,153082436.0
startup,14404689,16.658,4,0,153122734.0
startup,14421364,16.675,4,0,153202178.0
startup,14438037,16.673,4,0,153250762.0
startup,14454691,16.654,4,0,153340550.0
startup,14471364,16.673,4,0,153347406.0
startup,14488031,16.667,4,0,153400638.0
startup,14504690,16.659,4,0,153455114.0
startup,14521365,16.675,4,0,153502978.0
startup,14538022,16.657,4,0,153507462.0
startup,14554691,16.669,4,0,153597498.0
startup,14571378,16.687,4,0,153604458.0
startup,14588018,16.64,4,0,153666202.0
startup,14604679,16.661,4,0,153719530.0
startup,14621360,16.681,4,0,153782834.0
startup,14638014,16.654,4,0,153819430.0
startup,14654683,16.669,4,0,153873744.0
startup,14671346,16.663,4,0,153917810.0
startup,14688016,16.67,4,0,153970980.0
startup,14704763,16.747,4,0,153976390.0
startup,14721341,16.578,4,0,154028430.0
startup,14738010,16.669,4,0,154116718.0
startup,14754673,16.663,4,0,154172156.0
startup,14771358,16.685,4,0,154177562.0
startup,14788008,16.65,4,0,154240518.0
startup,14804678,16.67,4,0,154318346.0
startup,14821350,16.672,4,0,154328790.0
startup,14838003,16.653,4,0,154382486.0
startup,14856911,18.908,4,0,154437718.0
startup,14871335,14.424,4,0,154486210.0
startup,14888004,16.669,4,0,154542312.0
startup,14904667,16.663,4,0,154628970.0
startup,14921340,16.673,4,0,154723454.0
startup,14938000,16.66,4,0,154696334.0
startup,14954669,16.669,4,0,154757378.0
startup,14971330,16.661,4,0,154845354.0
startup,14987999,16.669,4,0,154900614.0
startup,15004662,16.663,4,0,154960118.0
startup,15021327,16.665,4,0,155003758.0
startup,15038000,16.673,4,0,155071246.0
startup,15054666,16.666,4,0,155094962.0
startup,15071411,16.745,4,0,155161946.0
startup,15087995,16.584,4,0,155216938.0
startup,15104659,16.664,4,0,155278882.0
startup,15121408,16.749,4,0,155365580.0
startup,15137996,16.588,4,0,155414062.0
startup,15154666,16.67,4,0,155426202.0
startup,15171330,16.664,4,0,155480026.0
startup,15187987,16.657,4,0,155531674.0
startup,15204654,16.667,4,0,155583394.0
startup,15221329,16.675,4,0,155611750.0
startup,15237986,16.657,4,0,155688280.0
startup,15254658,16.672,4,0,155739290.0
startup,15271318,16.66,4,0,155792976.0
startup,15287989,16.671,4,0,155874966.0
startup,15304650,16.661,4,0,155884090.0
startup,15321322,16.672,4,0,155935350.0
startup,15337978,16.656,4,0,155992532.0
startup,15354656,16.678,2,0,155996486.0
startup,15380170,25.514,3,0,156465372.0
startup,15388398,8.228,4,0,156688370.0
startup,15406965,18.567,4,0,156847246.0
startup,15421317,14.352,4,0,157095270.0
startup,15437983,16.666,4,0,157418930.0
startup,15454653,16.67,4,0,157625174.0
startup,15471315,16.662,4,0,157735464.0
startup,15487975,16.66,4,0,158027546.0
startup,15504646,16.671,4,0,158428366.0
startup,15521311,16.665,4,0,158549408.0
startup,15537979,16.668,4,0,158782780.0
startup,15554644,16.665,4,0,159018450.0
startup,15571322,16.678,4,0,159096946.0
startup,15587987,16.665,4,0,159258362.0
startup,15604645,16.658,4,0,159453066.0
startup,15621321,16.676,4,0,159481306.0
startup,15637988,16.667,4,0,159717670.0
startup,15654644,16.656,4,0,159262290.0
startup,15671331,16.687,4,0,159261978.0
startup,15687980,16.649,4,0,159261978.0
startup,15704646,16.666,4,0,159261978.0
startup,15721311,16.665,4,0,159261978.0
startup,15737975,16.664,4,0,159441482.0
startup,15754636,16.661,4,0,159500558.0
startup,15771297,16.661,4,0,159563062.0
startup,15787964,16.667,4,0,159616458.0
startup,15804632,16.668,4,0,159677106.0
startup,15821308,16.676,4,0,159685786.0
startup,15837968,16.66,4,0,159748518.0
startup,15854630,16.662,4,0,159810084.0
startup,15871304,16.674,4,0,159928750.0
startup,15887971,16.667,4,0,159897254.0
startup,15904629,16.658,4,0,159991560.0
startup,15921301,16.672,4,0,159988266.0
startup,15937971,16.67,4,0,159988262.0
startup,15954692,16.721,4,0,159988266.0
startup,15971305,16.613,4,0,159988266.0
startup,15987971,16.666,4,0,159988266.0
startup,16004631,16.66,4,0,159988262.0
startup,16021295,16.664,4,0,160179690.0
startup,16037965,16.67,4,0,160235654.0
startup,16054645,16.68,4,0,160306658.0
startup,16071297,16.652,4,0,160318842.0
startup,16087955,16.658,4,0,160377466.0
startup,16104621,16.666,4,0,160443140.0
startup,16121284,16.663,4,0,160501796.0
startup,16137956,16.672,4,0,160575590.0
startup,16154623,16.667,4,0,160640570.0
startup,16171297,16.674,4,0,160673598.0
startup,16187961,16.664,4,0,160743122.0
startup,16204624,16.663,4,0,160743122.0
startup,16221293,16.669,4,0,160743122.0
startup,16237998,16.705,4,0,160743122.0
startup,16254623,16.625,4,0,160743122.0
startup,16271292,16.669,4,0,160743122.0
startup,16287953,16.661,4,0,160910146.0
startup,16304616,16.663,4,0,160962626.0
startup,16321286,16.67,4,0,160962622.0
startup,16337953,16.667,4,0,161016730.0
startup,16354610,16.657,4,0,161082526.0
startup,16371272,16.662,4,0,161149958.0
startup,16387958,16.686,4,0,161191594.0
startup,16404612,16.654,4,0,161249902.0
startup,16421276,16.664,4,0,161341948.0
startup,16437935,16.659,4,0,161423882.0
startup,16454609,16.674,4,0,161542642.0
startup,16471287,16.678,4,0,161520854.0
startup,16487932,16.645,4,0,161585210.0
startup,16506929,18.997,4,0,161585210.0
startup,16521278,14.349,4,0,161585210.0
startup,16537944,16.666,4,0,161585210.0
startup,16554607,16.663,4,0,161585210.0
startup,16571269,16.662,4,0,161799502.0
startup,16587941,16.672,4,0,161779130.0
startup,16604610,16.669,4,0,161783130.0
startup,16621270,16.66,4,0,161819098.0
startup,16637940,16.67,4,0,161892402.0
startup,16654598,16.658,4,0,161969894.0
startup,16671258,16.66,4,0,162034410.0
startup,16687930,16.672,4,0,162103582.0
startup,16704594,16.664,4,0,162180022.0
startup,16721257,16.663,4,0,162221734.0
startup,16737923,16.666,4,0,162284650.0
startup,16754586,16.663,4,0,162363154.0
startup,16771269,16.683,4,0,162363154.0
startup,16787927,16.658,4,0,162363154.0
startup,16804590,16.663,4,0,162491294.0
startup,16821252,16.662,4,0,162563714.0
startup,16837919,16.667,4,0,162617558.0
startup,16854587,16.668,4,0,162712896.0
startup,16871252,16.665,4,0,162773314.0
startup,16887941,16.689,4,0,162853838.0
startup,16904584,16.643,4,0,162911206.0
startup,16921251,16.667,4,0,162952794.0
startup,16937921,16.67,4,0,163015078.0
startup,16954584,16.663,4,0,163067358.0
startup,16971249,16.665,4,0,163117070.0
startup,16987926,16.677,4,0,163129250.0
startup,17004587,16.661,4,0,163202046.0
startup,17021249,16.662,4,0,163257130.0
startup,17037919,16.67,4,0,163317154.0
startup,17054686,16.767,4,0,163329338.0
startup,17071259,16.573,4,0,163391654.0
startup,17087914,16.655,4,0,163443218.0
startup,17104584,16.67,4,0,163501116.0
startup,17121244,16.66,4,0,163546006.0
startup,17139314,18.07,4,0,163555982.0
startup,17154579,15.265,4,0,163612230.0
startup,17171242,16.663,4,0,163690758.0
startup,17189192,17.95,4,0,163722190.0
startup,17204571,15.379,4,0,163785470.0
startup,17221244,16.673,4,0,163861326.0
startup,17239063,17.819,4,0,163877058.0
startup,17254573,15.51,4,0,163942488.0
startup,17271241,16.668,4,0,163993562.0
startup,17287914,16.673,4,0,164047478.0
startup,17304566,16.652,4,0,164102094.0
startup,17321235,16.669,4,0,164163726.0
startup,17337901,16.666,2,0,164268642.0
startup,17358477,20.576,5,0,164619348.0
startup,17371230,12.753,5,0,164789624.0
startup,17387897,16.667,5,0,164983752.0
startup,17404570,16.673,5,0,165266124.0
startup,17421230,16.66,5,0,165559636.0
startup,17437892,16.662,5,0,165776702.0
startup,17454556,16.664,5,0,166043612.0
startup,17471224,16.668,5,0,166254512.0
startup,17487894,16.67,5,0,166475620.0
startup,17504557,16.663,5,0,166834856.0
startup,17521221,16.664,5,0,167049356.0
startup,17537892,16.671,5,0,167263040.0
startup,17554560,16.668,5,0,167545080.0
startup,17571220,16.66,5,0,167775888.0
startup,17587886,16.666,5,0,167662010.0
startup,17604553,16.667,5,0,167706652.0
startup,17621226,16.673,5,0,167753494.0
startup,17637891,16.665,5,0,167799336.0
startup,17654555,16.664,5,0,167853868.0
startup,17671229,16.674,5,0,167859808.0
startup,17687891,16.662,5,0,167912624.0
startup,17704552,16.661,5,0,167962448.0
startup,17721215,16.663,5,0,168014352.0
startup,17737887,16.672,5,0,168063812.0
startup,17754550,16.663,5,0,168113984.0
startup,17771215,16.665,5,0,168162016.0
startup,17787880,16.665,5,0,168212580.0
startup,17804547,16.667,5,0,168269600.0
startup,17821216,16.669,5,0,168315800.0
startup,17837886,16.67,5,0,168367920.0
startup,17854542,16.656,5,0,168418792.0
startup,17871214,16.672,5,0,168470844.0
startup,17887885,16.671,5,0,168483024.0
startup,17904543,16.658,5,0,168536856.0
startup,17921212,16.669,5,0,168585496.0
startup,17937877,16.665,5,0,168635648.0
startup,17954551,16.674,5,0,168688040.0
startup,17971204,16.653,5,0,168738276.0
startup,17987874,16.67,5,0,168790148.0
startup,18004539,16.665,5,0,168846692.0
startup,18021204,16.665,5,0,168891972.0
startup,18037870,16.666,5,0,168949048.0
startup,18054536,16.666,5,0,168996448.0
startup,18071207,16.671,5,0,169045804.0
startup,18087879,16.672,5,0,169093568.0
startup,18104535,16.656,5,0,169148664.0
startup,18121202,16.667,5,0,169197802.0
startup,18137865,16.663,5,0,169204672.0
startup,18154535,16.67,5,0,169255420.0
startup,18171238,16.703,5,0,169304328.0
startup,18187872,16.634,5,0,169355264.0
startup,18204531,16.659,5,0,169409724.0
startup,18221196,16.665,5,0,169459752.0
startup,18237868,16.672,5,0,169511756.0
startup,18254533,16.665,5,0,169560052.0
startup,18271196,16.663,5,0,169617558.0
startup,18287866,16.67,5,0,169622684.0
startup,18304527,16.661,5,0,169673280.0
startup,18321202,16.675,5,0,169724024.0
startup,18337862,16.66,5,0,169777260.0
startup,18354530,16.668,5,0,169830416.0
startup,18371192,16.662,5,0,169885916.0
startup,18387856,16.664,5,0,169937652.0
startup,18404531,16.675,5,0,169995128.0
startup,18421190,16.659,5,0,170046394.0
startup,18437854,16.664,5,0,170088336.0
startup,18454521,16.667,5,0,170138268.0
startup,18471190,16.669,5,0,170194224.0
startup,18487853,16.663,3,0,170319892.0
startup,18506523,18.67,4,0,170614126.0
startup,18521180,14.657,4,0,170831894.0
startup,18537851,16.671,4,0,171135258.0
startup,18554517,16.666,4,0,171375630.0
startup,18571179,16.662,4,0,171658874.0
startup,18587848,16.669,4,0,171887362.0
startup,18604516,16.668,4,0,172115122.0
startup,18621184,16.668,4,0,172426770.0
startup,18637856,16.672,4,0,172640250.0
startup,18654519,16.663,4,0,172929238.0
startup,18671187,16.668,4,0,173148218.0
startup,18687847,16.66,4,0,173449766.0
startup,18704632,16.785,4,0,172929074.0
startup,18721211,16.579,4,0,173048714.0
startup,18737857,16.646,4,0,173039290.0
startup,18754512,16.655,4,0,173149190.0
startup,18771180,16.668,4,0,173270356.0
startup,18787843,16.663,4,0,173384308.0
startup,18804508,16.665,4,0,173426986.0
startup,18821181,16.673,4,0,173480054.0
startup,18837840,16.659,4,0,173557934.0
startup,18854507,16.667,4,0,173613716.0
startup,18871178,16.671,4,0,173662698.0
startup,18887850,16.672,4,0,173673138.0
startup,18904503,16.653,4,0,173793470.0
startup,18921174,16.671,4,0,173897046.0
startup,18937837,16.663,4,0,174009354.0
startup,18954501,16.664,4,0,174086042.0
startup,18971171,16.67,4,0,174110830.0
startup,18987835,16.664,4,0,174166694.0
startup,19004538,16.703,4,0,174215194.0
startup,19021168,16.63,4,0,174285314.0
startup,19037835,16.667,4,0,174364342.0
startup,19054511,16.676,4,0,174377354.0
startup,19071165,16.654,4,0,174446910.0
startup,19087830,16.665,4,0,174541642.0
startup,19104520,16.69,4,0,174641801.0
startup,19121165,16.645,4,0,174637458.0
startup,19137828,16.663,4,0,174687854.0
startup,19154497,16.669,4,0,174744428.0
startup,19171159,16.662,4,0,174789974.0
startup,19187824,16.665,4,0,174873586.0
startup,19204491,16.667,4,0,174958914.0
startup,19221166,16.675,4,0,175075802.0
startup,19237832,16.666,4,0,175038930.0
startup,19254488,16.656,4,0,175091514.0
startup,19271153,16.665,4,0,175146564.0
startup,19287824,16.671,4,0,175196778.0
startup,19304483,16.659,4,0,175249830.0
startup,19321151,16.668,4,0,175298194.0
startup,19337820,16.669,4,0,175352162.0
startup,19357021,19.201,4,0,175398582.0
startup,19378947,21.926,4,0,175455474.0
startup,19494130,115.183,4,0,175720922.0
startup,19498280,4.15,4,0,175723616.0
startup,19510671,12.391,4,0,175766694.0
startup,19527920,17.249,4,0,175775602.0
startup,19544463,16.543,4,0,175829246.0
startup,19563370,18.907,4,0,175887442.0
startup,19577898,14.528,4,0,175940718.0
startup,19594434,16.536,4,0,175996402.0
startup,19611185,16.751,4,0,176045282.0
startup,19627946,16.761,4,0,176094810.0
startup,19644361,16.415,4,0,176144314.0
startup,19660678,16.317,4,0,176234622.0
startup,19677757,17.079,4,0,176209554.0
startup,19693928,16.171,4,0,176268410.0
startup,19710314,16.386,4,0,176324778.0
startup,19727008,16.694,4,0,176377430.0
startup,19743646,16.638,4,0,176428842.0
startup,19760319,16.673,4,0,176485712.0
startup,19776982,16.663,3,0,176575574.0
startup,19793653,16.671,4,0,176767442.0
startup,19810321,16.668,4,0,177156338.0
startup,19826979,16.658,4,0,177473574.0
startup,19843647,16.668,4,0,177707814.0
startup,19860312,16.665,4,0,178019434.0
startup,19876981,16.669,4,0,178257530.0
startup,19893651,16.67,4,0,178506050.0
startup,19910308,16.657,4,0,178817182.0
startup,19927012,16.704,4,0,179063926.0
startup,19943643,16.631,4,0,179365166.0
startup,19960326,16.683,4,0,179597978.0
startup,19976969,16.643,4,0,179868362.0
startup,19993643,16.674,4,0,180195850.0
startup,20010298,16.655,4,0,179681098.0
startup,20026973,16.675,4,0,179738870.0
startup,20043642,16.669,4,0,179803610.0
startup,20060313,16.671,4,0,179886830.0
startup,20076974,16.661,3,0,179922058.0
startup,20093634,16.66,4,0,180129082.0
startup,20110299,16.665,4,0,180460282.0
startup,20126979,16.68,4,0,180692730.0
startup,20143630,16.651,4,0,180728958.0
startup,20160302,16.672,1,0,180796562.0
startup,20181375,21.073,2,0,181087354.0
startup,20193638,12.263,5,0,181101338.0
startup,20210294,16.656,5,0,181155938.0
startup,20226965,16.671,5,0,181211642.0
startup,20243623,16.658,5,0,181323876.0
startup,20260298,16.675,5,0,181383442.0
startup,20276956,16.658,5,0,181434442.0
startup,20293624,16.668,5,0,181490186.0
startup,20310288,16.664,5,0,181561198.0
startup,20326963,16.675,5,0,181646594.0
startup,20343619,16.656,5,0,181744600.0
startup,20360289,16.67,5,0,181798422.0
startup,20376956,16.667,5,0,181818134.0
startup,20393626,16.67,5,0,181890058.0
startup,20410289,16.663,5,0,181957806.0
startup,20426961,16.672,5,0,182025802.0
startup,20443621,16.66,4,0,182100534.0
startup,20460290,16.669,4,0,182347390.0
startup,20476952,16.662,4,0,182586358.0
startup,20493625,16.673,4,0,182887498.0
startup,20510281,16.656,2,0,182870150.0
startup,20530630,20.349,5,0,183108362.0
startup,20543611,12.981,5,0,183188782.0
startup,20560285,16.674,5,0,183248766.0
startup,20576940,16.655,4,0,183317938.0
startup,20593608,16.668,4,0,183557626.0
startup,20610277,16.669,4,0,183628538.0
startup,20626948,16.671,4,0,183696954.0
startup,20643871,16.923,4,0,183770808.0
startup,20660278,16.407,2,0,183885350.0
startup,20679763,19.485,3,0,184117512.0
startup,20693616,13.853,4,0,184124800.0
startup,20710278,16.662,4,0,184196288.0
startup,20726950,16.672,4,0,184303784.0
startup,20743604,16.654,4,0,184409210.0
startup,20760273,16.669,4,0,184510488.0
startup,20776937,16.664,4,0,184569747.0
startup,20793620,16.683,4,0,184633196.0
startup,20810268,16.648,4,0,184768324.0
startup,20826939,16.671,4,0,184838768.0
startup,20843606,16.667,4,0,184900828.0
startup,20860271,16.665,4,0,185001116.0
startup,20876934,16.663,4,0,185097172.0
startup,20893610,16.676,4,0,185212716.0
startup,20910264,16.654,4,0,185266840.0
startup,20926938,16.674,4,0,185326692.0
startup,20943593,16.655,4,0,185386192.0
startup,20960300,16.707,3,0,185483848.0
startup,20976946,16.646,3,0,185723552.0
startup,20993601,16.655,4,0,186050202.0
startup,21010267,16.666,4,0,186260056.0
startup,21026938,16.671,1,0,186282420.0
startup,21048980,22.042,2,0,186789994.0
startup,21060263,11.283,5,0,186839134.0
startup,21076944,16.681,5,0,186919498.0
startup,21093598,16.654,5,0,186997602.0
startup,21110257,16.659,4,0,187103846.0
startup,21126923,16.666,4,0,187357780.0
startup,21143601,16.678,4,0,187378486.0
startup,21160267,16.666,4,0,187457738.0
startup,21176916,16.649,2,0,187543198.0
startup,21197560,20.644,5,0,187734382.0
startup,21210266,12.706,5,0,187802974.0
startup,21226925,16.659,5,0,187875466.0
startup,21243591,16.666,5,0,187946952.0
startup,21260369,16.778,4,0,187954686.0
startup,21276915,16.546,4,0,188224222.0
startup,21293587,16.672,4,0,188274992.0
startup,21310255,16.668,4,0,188326016.0
startup,21326920,16.665,4,0,188376854.0
startup,21343683,16.763,4,0,188423306.0
startup,21360254,16.571,4,0,188475728.0
startup,21376923,16.669,4,0,188521294.0
startup,21393586,16.663,4,0,188571250.0
startup,21410256,16.67,4,0,188617602.0
startup,21426922,16.666,4,0,188680942.0
startup,21443581,16.659,4,0,188731718.0
startup,21460250,16.669,4,0,188782454.0
startup,21476914,16.664,4,0,188836628.0
startup,21493573,16.659,4,0,188888246.0
startup,21510245,16.672,4,0,188936714.0
startup,21526913,16.668,4,0,188981390.0
startup,21543574,16.661,4,0,189023854.0
startup,21560241,16.667,4,0,189120230.0
startup,21576910,16.669,4,0,189178814.0
startup,21593584,16.674,4,0,189186382.0
startup,21610243,16.659,4,0,189238534.0
startup,21626972,16.729,4,0,189303502.0
startup,21643571,16.599,4,0,189361838.0
startup,21660249,16.678,4,0,189413642.0
startup,21676907,16.658,4,0,189466778.0
startup,21693567,16.66,4,0,189515762.0
startup,21710228,16.661,4,0,189602378.0
startup,21726907,16.679,4,0,189667278.0
startup,21743571,16.664,4,0,189730264.0
startup,21760240,16.669,4,0,189764174.0
startup,21776909,16.669,4,0,189851726.0
startup,21793570,16.661,4,0,189907110.0
startup,21810238,16.668,4,0,189956046.0
startup,21826899,16.661,4,0,190007098.0
startup,21843562,16.663,4,0,190051934.0
startup,21860223,16.661,4,0,190118340.0
startup,21876896,16.673,4,0,190249708.0
startup,21893568,16.672,4,0,190395702.0
startup,21910224,16.656,4,0,190493086.0
startup,21926905,16.681,4,0,190556210.0
startup,21943557,16.652,4,0,190672534.0
startup,21960225,16.668,4,0,190804190.0
startup,21976891,16.666,4,0,190864532.0
startup,21993671,16.78,4,0,190874302.0
startup,22010225,16.554,4,0,190923774.0
startup,22027031,16.806,4,0,191014406.0
startup,22043559,16.528,4,0,191112398.0
startup,22060227,16.668,4,0,191147834.0
startup,22076893,16.666,4,0,191205510.0
startup,22093563,16.67,4,0,191242784.0
startup,22110215,16.652,4,0,191323918.0
startup,22126893,16.678,4,0,191417414.0
startup,22143549,16.656,4,0,191476678.0
startup,22160230,16.681,4,0,191543362.0
startup,22176913,16.683,4,0,191592722.0
startup,22193554,16.641,4,0,191594982.0
startup,22210220,16.666,4,0,191594982.0
startup,22226891,16.671,4,0,191594982.0
startup,22243550,16.659,4,0,191701174.0
startup,22260222,16.672,4,0,191750370.0
startup,22276880,16.658,4,0,191813950.0
startup,22293549,16.669,4,0,191936500.0
startup,22310218,16.669,4,0,191937262.0
startup,22326882,16.664,4,0,191937262.0
startup,22343549,16.667,4,0,191937262.0
startup,22360213,16.664,4,0,192063082.0
startup,22376898,16.685,4,0,192171226.0
startup,22393549,16.651,4,0,192173486.0
startup,22410225,16.676,4,0,192173486.0
startup,22426877,16.652,4,0,192173486.0
startup,22443547,16.67,4,0,192173482.0
startup,22460231,16.684,4,0,192346850.0
startup,22476875,16.644,4,0,192455270.0
startup,22493562,16.687,4,0,192455270.0
startup,22510208,16.646,4,0,192455270.0
startup,22526876,16.668,4,0,192455270.0
startup,22543536,16.66,4,0,192615292.0
startup,22560203,16.667,4,0,192742942.0
startup,22576873,16.67,4,0,192742938.0
startup,22593542,16.669,4,0,192742942.0
startup,22610203,16.661,4,0,192742942.0
startup,22626877,16.674,4,0,192880038.0
startup,22643537,16.66,4,0,192941858.0
startup,22660208,16.671,4,0,192941862.0
startup,22676867,16.659,4,0,192941862.0
startup,22693537,16.67,4,0,192941858.0
startup,22710199,16.662,4,0,192941862.0
startup,22726890,16.691,4,0,192941862.0
startup,22743535,16.645,4,0,192941862.0
startup,22760197,16.662,4,0,193111586.0
startup,22776862,16.665,4,0,193111586.0
startup,22793537,16.675,4,0,193111586.0
startup,22810194,16.657,4,0,193255866.0
startup,22826888,16.694,4,0,193303254.0
startup,22843529,16.641,4,0,193303254.0
startup,22860196,16.667,4,0,193303254.0
startup,22876856,16.66,4,0,193303250.0
startup,22893527,16.671,4,0,193303254.0
startup,22910192,16.665,4,0,193303254.0
startup,22926858,16.666,4,0,193458970.0
startup,22944049,17.191,4,0,193458970.0
startup,22960200,16.151,4,0,193458970.0
startup,22976850,16.65,4,0,193612094.0
startup,22993521,16.671,4,0,193668728.0
startup,23010188,16.667,4,0,193669678.0
startup,23026858,16.67,4,0,193713542.0
startup,23043519,16.661,4,0,193767702.0
startup,23060190,16.671,4,0,193767702.0
startup,23076859,16.669,4,0,193767702.0
startup,23093520,16.661,4,0,193767702.0
startup,23110187,16.667,4,0,193767702.0
startup,23126854,16.667,4,0,193951226.0
startup,23143517,16.663,4,0,194009982.0
startup,23160183,16.666,4,0,194092428.0
startup,23176847,16.664,4,0,194098410.0
startup,23193515,16.668,4,0,194153446.0
startup,23210181,16.666,4,0,194202578.0
startup,23226878,16.697,4,0,194290134.0
startup,23243515,16.637,4,0,194290134.0
startup,23260183,16.668,4,0,194290134.0
startup,23276842,16.659,4,0,194290134.0
startup,23293512,16.67,4,0,194401126.0
startup,23310178,16.666,4,0,194401130.0
startup,23326835,16.657,4,0,194495442.0
startup,23343505,16.67,4,0,194545578.0
startup,23360180,16.675,4,0,194545582.0
startup,23376838,16.658,4,0,194545582.0
startup,23393509,16.671,4,0,194545582.0
startup,23410170,16.661,4,0,194545582.0
startup,23426834,16.664,4,0,194691442.0
startup,23443504,16.67,4,0,194691438.0
startup,23460170,16.666,4,0,194691442.0
startup,23476836,16.666,4,0,194691442.0
startup,23493505,16.669,4,0,194839326.0
startup,23510160,16.655,2,0,194937406.0
startup,23531737,21.577,5,0,195276446.0
startup,23543488,11.751,5,0,195469162.0
startup,23560176,16.688,5,0,195786090.0
startup,23576821,16.645,5,0,196024914.0
startup,23593555,16.734,5,0,196399666.0
startup,23610160,16.605,5,0,196519754.0
startup,23626829,16.669,5,0,196794598.0
startup,23643488,16.659,5,0,197068214.0
startup,23660154,16.666,5,0,197362264.0
startup,23676816,16.662,5,0,197586210.0
startup,23693494,16.678,5,0,198991450.0
startup,23710151,16.657,5,0,199188310.0
startup,23726821,16.67,5,0,199377864.0
startup,23743488,16.667,5,0,199560542.0
startup,23760158,16.67,5,0,199843466.0
startup,23776819,16.661,5,0,199362882.0
startup,23793492,16.673,5,0,199562684.0
startup,23810152,16.66,5,0,199615774.0
startup,23826823,16.671,5,0,199666398.0
startup,23843484,16.661,5,0,199727406.0
startup,23860186,16.702,5,0,199768798.0
startup,23876813,16.627,5,0,199832654.0
startup,23893485,16.672,5,0,199920900.0
startup,23910142,16.657,5,0,199984670.0
startup,23927201,17.059,5,0,200023766.0
startup,23944110,16.909,5,0,200086634.0
startup,23960741,16.631,5,0,200146150.0
startup,23977760,17.019,5,0,200258634.0
startup,23994113,16.353,5,0,200252202.0
startup,24010523,16.41,5,0,200331840.0
startup,24027093,16.57,5,0,200397458.0
startup,24044157,17.064,5,0,200454894.0
startup,24060441,16.284,5,0,200496778.0
startup,24077349,16.908,5,0,200563852.0
startup,24093752,16.403,5,0,200690674.0
startup,24110814,17.062,5,0,200651490.0
startup,24126906,16.092,5,0,200709884.0
startup,24143469,16.563,5,0,200756638.0
startup,24160144,16.675,5,0,200804398.0
startup,24176801,16.657,5,0,200869126.0
startup,24193481,16.68,5,0,200941384.0
startup,24210144,16.663,5,0,200950850.0
startup,24226805,16.661,5,0,201046526.0
startup,24243469,16.664,5,0,201110708.0
startup,24260136,16.667,5,0,201195374.0
startup,24276808,16.672,5,0,201207554.0
startup,24293487,16.679,5,0,201272618.0
startup,24310140,16.653,5,0,201322446.0
startup,24326806,16.666,5,0,201375318.0
startup,24343463,16.657,5,0,201459898.0
startup,24360127,16.664,5,0,201523864.0
startup,24376793,16.666,5,0,201609158.0
startup,24393493,16.7,5,0,201619590.0
startup,24410134,16.641,5,0,201691718.0
startup,24426800,16.666,5,0,201785138.0
startup,24443457,16.657,5,0,201846590.0
startup,24460168,16.711,5,0,201903778.0
startup,24476792,16.624,5,0,201963942.0
startup,24493462,16.67,5,0,202052610.0
startup,24510130,16.668,5,0,202048166.0
startup,24526877,16.747,5,0,202112650.0
startup,24543454,16.577,5,0,202179142.0
startup,24560123,16.669,5,0,202269306.0
startup,24576797,16.674,5,0,202272434.0
startup,24593467,16.67,5,0,202405922.0
startup,24610117,16.65,5,0,202441474.0
startup,24626789,16.672,5,0,202507802.0
startup,24643448,16.659,5,0,202557590.0
startup,24660156,16.708,5,0,202620026.0
startup,24676957,16.801,5,0,202647318.0
startup,24693457,16.5,5,0,202722870.0
startup,24710113,16.656,5,0,202789986.0
startup,24726787,16.674,5,0,202887222.0
startup,24743445,16.658,5,0,202950830.0
startup,24760882,17.437,5,0,203018778.0
startup,24776781,15.899,5,0,203049806.0
startup,24793449,16.668,4,0,203114366.0
startup,24810114,16.665,4,0,203346706.0
startup,24826782,16.668,4,0,203623550.0
startup,24843441,16.659,4,0,203824434.0
startup,24860109,16.668,4,0,204056374.0
startup,24876784,16.675,4,0,204337546.0
startup,24893447,16.663,4,0,204554630.0
startup,24910102,16.655,4,0,204788370.0
startup,24926771,16.669,4,0,205078634.0
startup,24943434,16.663,4,0,205304306.0
startup,24960115,16.681,4,0,205592314.0
startup,24976768,16.653,4,0,205846234.0
startup,24993440,16.672,4,0,206112258.0
startup,25010108,16.668,4,0,206404174.0
startup,25026782,16.674,4,0,206642998.0
startup,25043433,16.651,4,0,206077418.0
startup,25060110,16.677,4,0,206210502.0
startup,25076764,16.654,4,0,206261042.0
startup,25093436,16.672,4,0,206310662.0
startup,25110097,16.661,4,0,206359274.0
startup,25126767,16.67,4,0,206411862.0
startup,25143462,16.695,4,0,206463676.0
startup,25160100,16.638,4,0,206508450.0
startup,25176758,16.658,4,0,206562822.0
startup,25193430,16.672,4,0,206612926.0
startup,25210103,16.673,4,0,206625106.0
startup,25226783,16.68,4,0,206675086.0
startup,25243438,16.655,4,0,206730998.0
startup,25260257,16.819,4,0,206783430.0
startup,25276757,16.5,4,0,206839318.0
startup,25293431,16.674,4,0,206887394.0
startup,25310093,16.662,4,0,206942776.0
startup,25326765,16.672,4,0,206989106.0
startup,25343432,16.667,4,0,207040242.0
startup,25360100,16.668,4,0,207047922.0
startup,25376760,16.66,4,0,207098214.0
startup,25393428,16.668,4,0,207154282.0
startup,25410097,16.669,4,0,207209770.0
startup,25426765,16.668,4,0,207263954.0
startup,25443470,16.705,4,0,207322382.0
startup,25460087,16.617,4,0,207376338.0
startup,25476758,16.671,4,0,207423250.0
startup,25493448,16.69,4,0,207471310.0
startup,25510098,16.65,4,0,207523670.0
startup,25526761,16.663,4,0,207581870.0
startup,25543412,16.651,4,0,207631522.0
startup,25560088,16.676,4,0,207640978.0
startup,25576758,16.67,4,0,207696326.0
startup,25593429,16.671,4,0,207747978.0
startup,25610095,16.666,4,0,207800162.0
startup,25626756,16.661,4,0,207850466.0
startup,25643410,16.654,4,0,207910606.0
startup,25660078,16.668,4,0,207969034.0
startup,25676764,16.686,4,0,208019230.0
startup,25693415,16.651,4,0,208072418.0
startup,25710073,16.658,4,0,208118978.0
startup,25726755,16.682,4,0,208169902.0
startup,25743407,16.652,4,0,208219290.0
startup,25760078,16.671,4,0,208270038.0
startup,25776754,16.676,4,0,208282218.0
startup,25793422,16.668,4,0,208356178.0
startup,25810114,16.692,4,0,208496754.0
startup,25826740,16.626,4,0,208546170.0
startup,25843403,16.663,4,0,208594150.0
startup,25860075,16.672,4,0,208643754.0
startup,25876729,16.654,4,0,208707398.0
startup,25893401,16.672,4,0,208762354.0
startup,25910071,16.67,4,0,208813306.0
startup,25926781,16.71,4,0,208875026.0
startup,25943398,16.617,4,0,208971290.0
startup,25960108,16.71,2,0,209027906.0
startup,25980366,20.258,3,0,209348776.0
startup,25993451,13.085,4,0,209649652.0
startup,26010060,16.609,4,0,209897652.0
startup,26026732,16.672,4,0,210210244.0
startup,26043393,16.661,4,0,210441408.0
startup,26060197,16.804,4,0,210603064.0
startup,26076734,16.537,4,0,210886656.0
startup,26093398,16.664,4,0,211114522.0
startup,26110058,16.66,4,0,211406632.0
startup,26126756,16.698,4,0,211862376.0
startup,26143394,16.638,4,0,212160432.0
startup,26160079,16.685,4,0,212390744.0
startup,26176737,16.658,4,0,212600960.0
startup,26193392,16.655,4,0,212043940.0
startup,26210055,16.663,4,0,212093620.0
startup,26226726,16.671,4,0,212142220.0
startup,26243384,16.658,4,0,212192744.0
startup,26260053,16.669,4,0,212250056.0
startup,26276716,16.663,4,0,212295952.0
startup,26293386,16.67,4,0,212406060.0
startup,26310126,16.74,4,0,212469896.0
startup,26326725,16.599,4,0,212540900.0
startup,26343387,16.662,4,0,212592900.0
startup,26360091,16.704,4,0,212646524.0
startup,26376710,16.619,4,0,212700196.0
startup,26393452,16.742,4,0,212757542.0
startup,26410045,16.593,4,0,212804356.0
startup,26426717,16.672,4,0,212885368.0
startup,26443378,16.661,4,0,212959036.0
startup,26460050,16.672,4,0,213080412.0
startup,26476707,16.657,4,0,213125312.0
startup,26493380,16.673,4,0,213182060.0
startup,26510046,16.666,4,0,213191516.0
startup,26526733,16.687,4,0,213243908.0
startup,26543377,16.644,4,0,213295316.0
startup,26560051,16.674,4,0,213344256.0
startup,26576703,16.652,4,0,213447464.0
startup,26593376,16.673,4,0,213495624.0
startup,26610038,16.662,4,0,213600360.0
startup,26626708,16.67,4,0,213649292.0
startup,26643373,16.665,4,0,213700748.0
startup,26660041,16.668,4,0,213748128.0
startup,26676734,16.693,4,0,213824352.0
startup,26693413,16.679,4,0,213813260.0
startup,26710034,16.621,4,0,214001380.0
startup,26726714,16.68,4,0,213965692.0
startup,26743377,16.663,4,0,214044280.0
startup,26760038,16.661,4,0,214166860.0
startup,26776695,16.657,4,0,214215744.0
startup,26793538,16.843,4,0,214268664.0
startup,26810029,16.491,4,0,214322706.0
startup,26826697,16.668,4,0,214374092.0
startup,26843359,16.662,4,0,214417160.0
startup,26860041,16.682,4,0,214471484.0
startup,26876702,16.661,4,0,214550588.0
startup,26893381,16.679,4,0,214637212.0
startup,26910030,16.649,4,0,214724724.0
startup,26926697,16.667,4,0,214784030.0
startup,26943355,16.658,4,0,214833876.0
startup,26960024,16.669,4,0,214882196.0
startup,26976686,16.662,4,0,214940930.0
startup,26993363,16.677,4,0,214988832.0
startup,27010017,16.654,4,0,215041052.0
startup,27026725,16.708,4,0,215105512.0
startup,27043351,16.626,4,0,215163252.0
startup,27060025,16.674,4,0,215170812.0
startup,27076695,16.67,4,0,215231192.0
startup,27093351,16.656,4,0,215288872.0
startup,27110015,16.664,4,0,215336792.0
startup,27126696,16.681,4,0,215387988.0
startup,27143358,16.662,4,0,215437840.0
startup,27160024,16.666,3,0,215510404.0
startup,27176686,16.662,3,0,215832656.0
startup,27193355,16.669,4,0,216084408.0
startup,27210011,16.656,4,0,216379204.0
startup,27226689,16.678,4,0,216701608.0
startup,27243344,16.655,1,0,217153312.0
startup,27265060,21.716,5,0,217526350.0
startup,27276675,11.615,6,0,217801622.0
startup,27293344,16.669,6,0,218049494.0
startup,27310014,16.67,5,0,218332974.0
startup,27326679,16.665,5,0,218573318.0
startup,27343368,16.689,5,0,218745214.0
startup,27360020,16.652,5,0,219051374.0
startup,27376677,16.657,5,0,219290438.0
startup,27393350,16.673,5,0,219223750.0
startup,27410004,16.654,5,0,219397122.0
startup,27426678,16.674,5,0,219563546.0
startup,27443338,16.66,5,0,219618398.0
startup,27460000,16.662,5,0,219679374.0
startup,27476661,16.661,5,0,219737878.0
startup,27493339,16.678,5,0,219795698.0
startup,27509997,16.658,5,0,219858780.0
startup,27526672,16.675,5,0,219909838.0
startup,27543332,16.66,5,0,219970826.0
startup,27560000,16.668,5,0,220025158.0
startup,27576665,16.665,5,0,220075286.0
startup,27593340,16.675,4,0,220149946.0
startup,27609996,16.656,4,0,220462274.0
startup,27626684,16.688,4,0,220691210.0
startup,27643339,16.655,4,0,220863110.0
startup,27660011,16.672,3,0,220899934.0
startup,27676660,16.649,3,0,221060018.0
startup,27693334,16.674,4,0,221124480.0
startup,27709989,16.655,4,0,221176482.0
startup,27726686,16.697,4,0,221234190.0
startup,27743323,16.637,4,0,221295938.0
startup,27759997,16.674,4,0,221353218.0
startup,27776660,16.663,4,0,221405034.0
startup,27793329,16.669,4,0,221456042.0
startup,27809989,16.66,4,0,221532554.0
startup,27826656,16.667,4,0,221587206.0
startup,27843321,16.665,4,0,221639098.0
startup,27859997,16.676,4,0,221695614.0
startup,27876653,16.656,4,0,221798882.0
startup,27893321,16.668,4,0,221885694.0
startup,27909990,16.669,4,0,221898566.0
startup,27926663,16.673,4,0,221958246.0
startup,27943320,16.657,3,0,222012606.0
startup,27959995,16.675,4,0,222265658.0
startup,27976663,16.668,4,0,222560270.0
startup,27993326,16.663,4,0,222874930.0
startup,28009979,16.653,1,0,222844342.0
startup,28032826,22.847,5,0,223216266.0
startup,28043313,10.487,6,0,223308850.0
startup,28059992,16.679,6,0,223393158.0
startup,28076656,16.664,6,0,223470822.0
startup,28093324,16.668,5,0,223496326.0
startup,28109980,16.656,5,0,223692490.0
startup,28126676,16.696,5,0,223781582.0
startup,28143308,16.632,5,0,223869622.0
startup,28160039,16.731,5,0,223980218.0
startup,28176646,16.607,4,0,224110134.0
startup,28193354,16.708,4,0,224289914.0
startup,28209973,16.619,4,0,224415754.0
startup,28226653,16.68,4,0,224472218.0
startup,28243303,16.65,3,0,224544878.0
startup,28259975,16.672,4,0,224765082.0
startup,28276636,16.661,4,0,224872014.0
startup,28293312,16.676,4,0,224944250.0
startup,28309969,16.657,4,0,225006246.0
startup,28326645,16.676,4,0,225124322.0
startup,28343300,16.655,4,0,225166046.0
startup,28359979,16.679,4,0,225205994.0
startup,28376629,16.65,4,0,225298806.0
startup,28393302,16.673,4,0,225384930.0
startup,28409961,16.659,4,0,225460486.0
startup,28426637,16.676,4,0,225535306.0
startup,28443295,16.658,4,0,225602498.0
startup,28459979,16.684,4,0,225678578.0
startup,28476631,16.652,4,0,225749610.0
startup,28493302,16.671,4,0,225765870.0
startup,28509967,16.665,4,0,225845654.0
startup,28526633,16.666,4,0,225944554.0
startup,28543291,16.658,4,0,226035666.0
startup,28559995,16.704,3,0,226123250.0
startup,28576629,16.634,3,0,226383758.0
startup,28593348,16.719,4,0,226629138.0
startup,28609960,16.612,4,0,227045018.0
startup,28626629,16.669,1,0,226920730.0
startup,28648868,22.239,2,0,227254688.0
startup,28659967,11.099,5,0,227537232.0
startup,28676621,16.654,5,0,227626420.0
startup,28693302,16.681,5,0,227691244.0
startup,28709952,16.65,4,0,227769380.0
startup,28726658,16.706,4,0,228020100.0
startup,28743284,16.626,4,0,228094960.0
startup,28759952,16.668,4,0,228159512.0
startup,28776616,16.664,2,0,228274748.0
startup,28798462,21.846,5,0,228515478.0
startup,28809964,11.502,5,0,228557224.0
startup,28826716,16.752,5,0,228625660.0
startup,28843291,16.575,5,0,228687460.0
startup,28859960,16.669,5,0,228754204.0
startup,28876622,16.662,5,0,228855328.0
startup,28893292,16.67,5,0,228956646.0
startup,28909951,16.659,5,0,229026956.0
startup,28926616,16.665,5,0,229079460.0
startup,28943278,16.662,5,0,229129196.0
startup,28959954,16.676,5,0,229183624.0
startup,28976608,16.654,5,0,229245490.0
startup,28993286,16.678,5,0,229296651.0
startup,29009949,16.663,5,0,229391976.0
startup,29026613,16.664,5,0,229406388.0
startup,29043272,16.659,5,0,229501112.0
startup,29059950,16.678,4,0,229513064.0
startup,29076613,16.663,4,0,229755624.0
startup,29093278,16.665,4,0,230043480.0
startup,29109948,16.67,4,0,230313996.0
startup,29126621,16.673,4,0,230323972.0
startup,29143267,16.646,2,0,230395628.0
startup,29165601,22.334,5,0,230758266.0
startup,29176600,10.999,5,0,230770906.0
startup,29193270,16.67,5,0,230833990.0
startup,29209956,16.686,4,0,230844954.0
startup,29226609,16.653,4,0,230994870.0
startup,29243269,16.66,4,0,231051306.0
startup,29259938,16.669,4,0,231140706.0
startup,29276606,16.668,4,0,231199202.0
startup,29293270,16.664,4,0,231309754.0
startup,29309934,16.664,4,0,231308436.0
startup,29326690,16.756,4,0,231361690.0
startup,29343275,16.585,4,0,231418744.0
startup,29359938,16.663,4,0,231468022.0
startup,29376602,16.664,4,0,231518786.0
startup,29393276,16.674,4,0,231570774.0
startup,29409940,16.664,4,0,231656302.0
startup,29426602,16.662,4,0,231668482.0
startup,29443274,16.672,4,0,231732370.0
startup,29459931,16.657,4,0,231798308.0
startup,29476654,16.723,4,0,231883244.0
startup,29493266,16.612,4,0,231935386.0
startup,29510013,16.747,4,0,231984358.0
startup,29526591,16.578,4,0,232039186.0
startup,29543265,16.674,4,0,232086848.0
startup,29559931,16.666,4,0,232151738.0
startup,29576596,16.665,4,0,232198226.0
startup,29593259,16.663,4,0,232263166.0
startup,29609915,16.656,4,0,232327654.0
startup,29626593,16.678,4,0,232407798.0
startup,29643257,16.664,4,0,232432430.0
startup,29660010,16.753,4,0,232496454.0
startup,29676595,16.585,4,0,232547686.0
startup,29693262,16.667,4,0,232601126.0
startup,29709911,16.649,4,0,232682474.0
startup,29726584,16.673,4,0,232796550.0
startup,29743269,16.685,4,0,232845311.0
startup,29759917,16.648,4,0,232903588.0
startup,29776583,16.666,4,0,232911298.0
startup,29793253,16.67,4,0,232976766.0
startup,29809918,16.665,4,0,233062510.0
startup,29826579,16.661,4,0,233135894.0
startup,29843240,16.661,4,0,233189062.0
startup,29859923,16.683,4,0,233273448.0
startup,29876581,16.658,4,0,233297122.0
startup,29893254,16.673,4,0,233369738.0
startup,29909911,16.657,4,0,233422770.0
startup,29926578,16.667,4,0,233484322.0
startup,29943240,16.662,4,0,233547714.0
startup,29959912,16.672,4,0,233615958.0
startup,29976573,16.661,4,0,233698618.0
startup,29993263,16.69,4,0,233753924.0
startup,30009901,16.638,4,0,233806722.0
startup,30026581,16.68,4,0,233817194.0
startup,30043237,16.656,4,0,233924254.0
startup,30059920,16.683,4,0,234025970.0
startup,30076567,16.647,4,0,234124938.0
startup,30093243,16.676,4,0,234170290.0
startup,30109904,16.661,4,0,234228354.0
startup,30126569,16.665,4,0,234291718.0
startup,30143232,16.663,4,0,234351334.0
startup,30159903,16.671,4,0,234410038.0
startup,30177127,17.224,4,0,234459916.0
startup,30193834,16.707,4,0,234548114.0
startup,30210578,16.744,4,0,234522190.0
startup,30227156,16.578,4,0,234572618.0
startup,30243834,16.678,4,0,234627158.0
startup,30260578,16.744,4,0,234700586.0
startup,30277410,16.832,4,0,234784250.0
startup,30294021,16.611,4,0,234792318.0
startup,30310538,16.517,4,0,234853534.0
startup,30326913,16.375,4,0,234910166.0
startup,30343235,16.322,4,0,234962222.0
startup,30360021,16.786,4,0,235012914.0
startup,30376556,16.535,4,0,235068590.0
startup,30393233,16.677,4,0,235125254.0
startup,30409883,16.65,4,0,235201276.0
startup,30426554,16.671,4,0,235275166.0
startup,30443217,16.663,4,0,235336338.0
startup,30459896,16.679,2,0,235379486.0
startup,30481979,22.083,3,0,235758034.0
startup,30493241,11.262,4,0,236066802.0
startup,30509882,16.641,4,0,236387058.0
startup,30526556,16.674,4,0,236671756.0
startup,30543220,16.664,3,0,236903418.0
startup,30559891,16.671,4,0,237167486.0
startup,30576556,16.665,4,0,237494922.0
startup,30593217,16.661,4,0,237776686.0
startup,30609873,16.656,1,0,238044998.0
startup,30633677,23.804,5,0,238490138.0
startup,30643214,9.537,6,0,238712510.0
startup,30659884,16.67,6,0,238968034.0
startup,30676544,16.66,6,0,239343646.0
startup,30693223,16.679,5,0,238833170.0
startup,30709872,16.649,5,0,239054230.0
startup,30726553,16.681,5,0,239233882.0
startup,30743212,16.659,5,0,239395518.0
startup,30759886,16.674,5,0,239421370.0
startup,30776546,16.66,5,0,239473226.0
startup,30793258,16.712,5,0,239527386.0
startup,30809875,16.617,5,0,239581582.0
startup,30826545,16.67,5,0,239637474.0
startup,30843201,16.656,5,0,239693094.0
startup,30859959,16.758,5,0,239747678.0
startup,30876531,16.572,5,0,239807932.0
startup,30893198,16.667,5,0,239858794.0
startup,30909865,16.667,5,0,239907882.0
startup,30926564,16.699,5,0,239963330.0
startup,30943197,16.633,5,0,240015626.0
startup,30959867,16.67,4,0,240073346.0
startup,30976529,16.662,4,0,240374914.0
startup,30993232,16.703,4,0,240611106.0
startup,31009859,16.627,4,0,240912326.0
startup,31026544,16.685,4,0,240936846.0
startup,31043192,16.648,3,0,241004278.0
startup,31059893,16.701,4,0,241171898.0
startup,31076531,16.638,4,0,241171898.0
startup,31093208,16.677,4,0,241370550.0
startup,31109870,16.662,4,0,241429818.0
startup,31126534,16.664,4,0,241457686.0
startup,31143187,16.653,4,0,241515802.0
startup,31159870,16.683,4,0,241573066.0
startup,31176537,16.667,4,0,241662934.0
startup,31193196,16.659,4,0,241730754.0
startup,31209857,16.661,4,0,241792218.0
startup,31226525,16.668,4,0,241853138.0
startup,31243185,16.66,4,0,241910014.0
startup,31259862,16.677,4,0,241981334.0
startup,31276522,16.66,4,0,242039082.0
startup,31293192,16.67,4,0,242118662.0
startup,31309851,16.659,4,0,242184206.0
startup,31326542,16.691,4,0,242248586.0
startup,31343178,16.636,4,0,242324490.0
startup,31359876,16.698,4,0,242399366.0
startup,31376533,16.657,4,0,242469926.0
startup,31393194,16.661,4,0,242486354.0
startup,31409855,16.661,3,0,242569138.0
startup,31426518,16.663,4,0,242843674.0
startup,31443174,16.656,4,0,243116890.0
startup,31459852,16.678,4,0,243436354.0
startup,31476506,16.654,4,0,243492898.0
startup,31493183,16.677,1,0,243583862.0
startup,31515291,22.108,2,0,243855204.0
startup,31526515,11.224,5,0,243879046.0
startup,31543167,16.652,5,0,243962124.0
startup,31559846,16.679,5,0,244052208.0
startup,31576507,16.661,5,0,244102176.0
startup,31593176,16.669,5,0,244190712.0
startup,31609844,16.668,5,0,244281792.0
startup,31626516,16.672,5,0,244349520.0
startup,31643170,16.654,5,0,244406264.0
startup,31659842,16.672,5,0,244527216.0
startup,31676501,16.659,5,0,244649284.0
startup,31693184,16.683,5,0,244707912.0
startup,31709832,16.648,5,0,244822420.0
startup,31726510,16.678,5,0,244921512.0
startup,31743171,16.661,5,0,244887716.0
startup,31759848,16.677,5,0,244942628.0
startup,31776493,16.645,4,0,245073860.0
startup,31793178,16.685,4,0,245390452.0
startup,31809825,16.647,4,0,245625516.0
startup,31826501,16.676,4,0,245879468.0
startup,31843159,16.658,2,0,245984932.0
startup,31866241,23.082,5,0,246251522.0
startup,31876493,10.252,5,0,246332812.0
startup,31893169,16.676,5,0,246395242.0
startup,31909824,16.655,5,0,246465894.0
startup,31926500,16.676,4,0,246546250.0
startup,31943161,16.661,4,0,246674426.0
startup,31959824,16.663,4,0,246750793.0
startup,31976487,16.663,4,0,246820722.0
startup,31993164,16.677,4,0,246921492.0
startup,32009823,16.659,4,0,246991450.0
startup,32026501,16.678,4,0,247057162.0
startup,32043160,16.659,4,0,247108538.0
startup,32059828,16.668,4,0,247189010.0
startup,32076484,16.656,4,0,247280890.0
startup,32093157,16.673,4,0,247345998.0
startup,32109816,16.659,4,0,247413550.0
startup,32126504,16.688,4,0,247465674.0
startup,32143148,16.644,4,0,247533410.0
startup,32159958,16.81,4,0,247608450.0
startup,32176479,16.521,4,0,247697990.0
startup,32193156,16.677,4,0,247767970.0
startup,32209814,16.658,4,0,247841274.0
startup,32226487,16.673,4,0,247891138.0
startup,32243141,16.654,2,0,247965734.0
startup,32266247,23.106,5,0,248377290.0
startup,32276474,10.227,5,0,248640218.0
startup,32293172,16.698,5,0,248972370.0
startup,32309814,16.642,5,0,248944302.0
startup,32326494,16.68,4,0,249039106.0
startup,32343140,16.646,4,0,249240154.0
startup,32359813,16.673,4,0,249325390.0
startup,32376491,16.678,4,0,249415830.0
startup,32393145,16.654,2,0,249508628.0
startup,32416235,23.09,3,0,249767074.0
startup,32426476,10.241,4,0,249832958.0
startup,32443134,16.658,4,0,249933830.0
startup,32459816,16.682,4,0,250026934.0
startup,32476469,16.653,3,0,250078554.0
startup,32493144,16.675,4,0,250303382.0
startup,32509798,16.654,4,0,250361094.0
startup,32526472,16.674,4,0,250415078.0
startup,32543132,16.66,4,0,250473526.0
startup,32559802,16.67,4,0,250522334.0
startup,32576464,16.662,4,0,250574354.0
startup,32593133,16.669,4,0,250661942.0
startup,32609803,16.67,4,0,250683618.0
startup,32626479,16.676,4,0,250741470.0
startup,32643144,16.665,4,0,250800446.0
startup,32659801,16.657,4,0,250871278.0
startup,32676460,16.659,4,0,250993634.0
startup,32693134,16.674,4,0,251074758.0
startup,32709793,16.659,4,0,251183342.0
startup,32726469,16.676,4,0,251238130.0
startup,32743130,16.661,4,0,251305882.0
startup,32759804,16.674,1,0,251379466.0
startup,32782951,23.147,2,0,251798378.0
startup,32793135,10.184,5,0,252087170.0
startup,32809787,16.652,5,0,252358846.0
startup,32826458,16.671,5,0,252337674.0
startup,32843123,16.665,4,0,252424330.0
startup,32859953,16.83,4,0,252553202.0
startup,32876464,16.511,4,0,252642698.0
startup,32893137,16.673,4,0,252750154.0
startup,32909781,16.644,2,0,252856026.0
startup,32933648,23.867,5,0,253176096.0
startup,32943117,9.469,5,0,253224512.0
startup,32959796,16.679,5,0,253271124.0
startup,32976457,16.661,5,0,253281812.0
startup,32993147,16.69,5,0,253331904.0
startup,33009786,16.639,5,0,253384364.0
startup,33026458,16.672,5,0,253446224.0
startup,33043111,16.653,5,0,253498948.0
startup,33059792,16.681,5,0,253583288.0
startup,33076457,16.665,5,0,253636564.0
startup,33093127,16.67,5,0,253647000.0
startup,33109787,16.66,5,0,253700936.0
startup,33126445,16.658,5,0,253752020.0
startup,33143109,16.664,5,0,253803016.0
startup,33159790,16.681,5,0,253853028.0
startup,33176441,16.651,5,0,253904352.0
startup,33193120,16.679,5,0,253961688.0
startup,33209783,16.663,5,0,254055712.0
startup,33226449,16.666,5,0,254061652.0
startup,33243116,16.667,5,0,254119092.0
startup,33259778,16.662,5,0,254172368.0
startup,33276446,16.668,5,0,254220836.0
startup,33293280,16.834,5,0,254269072.0
startup,33309935,16.655,5,0,254322008.0
startup,33326440,16.505,5,0,254369532.0
startup,33343110,16.67,5,0,254421516.0
startup,33362819,19.709,5,0,254464124.0
startup,33381978,19.159,5,0,254520632.0
startup,33393346,11.368,5,0,254525852.0
startup,33409825,16.479,5,0,254570384.0
startup,33426453,16.628,5,0,254572644.0
startup,33443114,16.661,5,0,254572644.0
startup,33465950,22.836,5,0,254571952.0
startup,33476443,10.493,5,0,254571952.0
startup,33493113,16.67,5,0,254651816.0
startup,33509775,16.662,5,0,254701808.0
startup,33526445,16.67,5,0,254701804.0
startup,33548031,21.586,5,0,254703168.0
startup,33559776,11.745,5,0,254703168.0
startup,33576755,16.979,5,0,254799812.0
startup,33594118,17.363,5,0,254858660.0
startup,33615761,21.643,5,0,254903180.0
startup,33626436,10.675,5,0,254909208.0
startup,33643972,17.536,5,0,254960198.0
startup,33659780,15.808,5,0,254962132.0
startup,33676464,16.684,5,0,255019888.0
startup,33693865,17.401,5,0,255069968.0
startup,33709778,15.913,5,0,255110860.0
startup,33726438,16.66,5,0,255150144.0
startup,33743749,17.311,5,0,255150148.0
startup,33759755,16.006,5,0,255194772.0
startup,33776427,16.672,5,0,255243476.0
startup,33793591,17.164,5,0,255243476.0
startup,33809757,16.166,5,0,255243476.0
startup,33826428,16.671,5,0,255243476.0
startup,33843468,17.04,5,0,255243472.0
startup,33859757,16.289,5,0,255243476.0
startup,33876442,16.685,5,0,255243476.0
startup,33893324,16.882,5,0,255477566.0
startup,33909755,16.431,5,0,255487856.0
startup,33926419,16.664,5,0,255537376.0
startup,33943193,16.774,5,0,255537376.0
startup,33959754,16.561,5,0,255537376.0
startup,33976417,16.663,5,0,255537376.0
startup,33993088,16.671,5,0,255681052.0
startup,34009746,16.658,5,0,255751674.0
startup,34026417,16.671,5,0,255836832.0
startup,34043076,16.659,5,0,255810216.0
startup,34059742,16.666,5,0,255861204.0
startup,34076406,16.664,5,0,255915956.0
startup,34093077,16.671,5,0,255977040.0
startup,34109740,16.663,5,0,256055636.0
startup,34126407,16.667,5,0,256055636.0
startup,34143396,16.989,5,0,256055636.0
startup,34159738,16.342,5,0,256055636.0
startup,34176405,16.667,5,0,256055636.0
startup,34193072,16.667,5,0,256055636.0
startup,34209733,16.661,5,0,256250036.0
startup,34226406,16.673,5,0,256298380.0
startup,34243064,16.658,5,0,256326788.0
startup,34259727,16.663,5,0,256378928.0
startup,34276400,16.673,5,0,256432444.0
startup,34293058,16.658,5,0,256485880.0
startup,34309723,16.665,5,0,256538188.0
startup,34326392,16.669,5,0,256590192.0
startup,34343068,16.676,5,0,256667068.0
startup,34359741,16.673,5,0,256673232.0
startup,34376399,16.658,5,0,256757732.0
startup,34393101,16.702,5,0,256804552.0
startup,34409737,16.636,5,0,256815912.0
startup,34426410,16.673,5,0,256856524.0
startup,34443097,16.687,5,0,256913984.0
startup,34459741,16.644,5,0,256918476.0
startup,34476399,16.658,5,0,256971452.0
startup,34493060,16.661,5,0,257020428.0
startup,34509731,16.671,5,0,257025500.0
startup,34526403,16.672,5,0,257082440.0
startup,34543091,16.688,5,0,257168696.0
startup,34559729,16.638,5,0,257231476.0
startup,34576396,16.667,5,0,257246472.0
startup,34593062,16.666,5,0,257263756.0
startup,34609715,16.653,5,0,257322856.0
startup,34626391,16.676,5,0,257367372.0
startup,34643048,16.657,5,0,257411744.0
startup,34659722,16.674,5,0,257464132.0
startup,34676394,16.672,5,0,257476212.0
startup,34693055,16.661,5,0,257528328.0
startup,34709738,16.683,5,0,257619298.0
startup,34726379,16.641,5,0,257693748.0
startup,34743052,16.673,5,0,257700520.0
startup,34759741,16.689,4,0,257823572.0
startup,34776390,16.649,4,0,258044744.0
startup,34793051,16.661,4,0,258371340.0
startup,34809710,16.659,4,0,258563796.0
startup,34826375,16.665,4,0,258777364.0
startup,34843038,16.663,4,0,259151756.0
startup,34859717,16.679,4,0,259365412.0
startup,34883045,23.328,5,0,259682762.0
startup,34893059,10.014,5,0,259939084.0
startup,34909714,16.655,5,0,260098300.0
startup,34926376,16.662,4,0,260315040.0
startup,34943046,16.67,4,0,260408104.0
startup,34959707,16.661,4,0,260722016.0
startup,34976383,16.676,4,0,260964876.0
startup,34993040,16.657,2,0,261051672.0
startup,35022565,29.525,3,0,261452564.0
startup,35031217,8.652,4,0,261638024.0
startup,35043042,11.825,4,0,261121396.0
startup,35059711,16.669,4,0,261359620.0
startup,35076373,16.662,3,0,261554280.0
startup,35093037,16.664,4,0,261621896.0
startup,35109693,16.656,4,0,261790896.0
startup,35126374,16.681,4,0,261828968.0
startup,35143027,16.653,4,0,261876088.0
startup,35159696,16.669,4,0,261880168.0
startup,35178376,18.68,4,0,261962036.0
startup,35193036,14.66,4,0,262009608.0
startup,35209702,16.666,4,0,262057104.0
startup,35228246,18.544,4,0,262161164.0
startup,35243078,14.832,4,0,262229352.0
startup,35259722,16.644,4,0,262241532.0
startup,35278110,18.388,4,0,262296216.0
startup,35293033,14.923,4,0,262354272.0
startup,35309693,16.66,4,0,262459424.0
startup,35326359,16.666,4,0,262585384.0
startup,35343022,16.663,4,0,262658314.0
startup,35359693,16.671,4,0,262666596.0
startup,35376355,16.662,4,0,262716540.0
startup,35393021,16.666,4,0,262766524.0
startup,35409692,16.671,4,0,262816132.0
startup,35426356,16.664,4,0,262864480.0
startup,35443016,16.66,4,0,262994616.0
startup,35459681,16.665,4,0,263103740.0
startup,35476347,16.666,4,0,263195084.0
startup,35493015,16.668,4,0,263244744.0
startup,35509685,16.67,4,0,263256920.0
startup,35526364,16.679,4,0,263308180.0
startup,35543021,16.657,4,0,263357892.0
startup,35559686,16.665,4,0,263409284.0
startup,35576344,16.658,4,0,263469176.0
startup,35593009,16.665,4,0,263539676.0
startup,35609678,16.669,4,0,263590272.0
startup,35626341,16.663,4,0,263676596.0
startup,35643008,16.667,4,0,263776640.0
startup,35659676,16.668,4,0,263868084.0
startup,35676350,16.674,4,0,263921260.0
startup,35693016,16.666,4,0,263972488.0
startup,35709674,16.658,4,0,264056120.0
startup,35726344,16.67,4,0,264144556.0
startup,35743011,16.667,4,0,264223484.0
startup,35759673,16.662,4,0,264270456.0
startup,35776342,16.669,4,0,264328804.0
startup,35793010,16.668,4,0,264385392.0
startup,35809797,16.787,4,0,264456504.0
startup,35826341,16.544,4,0,264510183.0
startup,35843004,16.663,4,0,264563720.0
startup,35859663,16.659,4,0,264623432.0
startup,35876332,16.669,4,0,264680800.0
startup,35893008,16.676,4,0,264747532.0
startup,35909669,16.661,4,0,264825916.0
startup,35926336,16.667,4,0,264882024.0
startup,35942999,16.663,4,0,264962384.0
startup,35959666,16.667,4,0,265006892.0
startup,35976338,16.672,4,0,265019072.0
startup,35992996,16.658,4,0,265064708.0
startup,36009659,16.663,4,0,265113540.0
startup,36026326,16.667,4,0,265160300.0
startup,36043000,16.674,4,0,265172480.0
startup,36059665,16.665,4,0,265222712.0
startup,36076335,16.67,4,0,265276956.0
startup,36093431,17.096,4,0,265330088.0
startup,36109654,16.223,4,0,265388790.0
startup,36126328,16.674,4,0,265438988.0
startup,36142990,16.662,4,0,265486652.0
startup,36159664,16.674,4,0,265494368.0
startup,36176327,16.663,4,0,265544832.0
startup,36192994,16.667,4,0,265592880.0
startup,36209662,16.668,4,0,265631724.0
startup,36226327,16.665,4,0,265643904.0
startup,36242996,16.669,4,0,265694748.0
startup,36259647,16.651,4,0,265750764.0
startup,36276319,16.672,4,0,265797960.0
startup,36292982,16.663,4,0,265860280.0
startup,36309656,16.674,4,0,265866512.0
startup,36326321,16.665,4,0,265917224.0
startup,36342987,16.666,4,0,265968328.0
startup,36361720,18.733,4,0,266020144.0
startup,36376310,14.59,1,0,266074388.0
startup,36407460,31.15,5,0,266582854.0
startup,36415413,7.953,6,0,266718454.0
startup,36426319,10.906,6,0,266901254.0
startup,36442983,16.664,6,0,267221742.0
startup,36461458,18.475,5,0,267470510.0
startup,36476309,14.851,5,0,267714332.0
startup,36492972,16.663,5,0,268032300.0
startup,36511331,18.359,5,0,268326310.0
startup,36526311,14.98,5,0,268611050.0
startup,36542984,16.673,5,0,269029318.0
startup,36561201,18.217,5,0,269327790.0
startup,36576306,15.105,5,0,269638974.0
startup,36592978,16.672,5,0,269852078.0
startup,36611059,18.081,5,0,270135454.0
startup,36626304,15.245,5,0,269653034.0
startup,36642993,16.689,5,0,269791206.0
startup,36665086,22.093,5,0,269863254.0
streaming_baseline,36707117,42.031,5,0,269700970.0
streaming_baseline,36714070,6.953,5,0,269711550.0
streaming_baseline,36723781,9.711,5,0,269767746.0
streaming_baseline,36740680,16.899,5,0,269847586.0
streaming_baseline,36757127,16.447,5,0,269913510.0
streaming_baseline,36773786,16.659,5,0,269953298.0
streaming_baseline,36790485,16.699,5,0,270044626.0
streaming_baseline,36807116,16.631,4,0,270129522.0
streaming_baseline,36823784,16.668,4,0,270306252.0
streaming_baseline,36840477,16.693,4,0,270511038.0
streaming_baseline,36857109,16.632,4,0,270812762.0
streaming_baseline,36873776,16.667,4,0,271017106.0
streaming_baseline,36890442,16.666,3,0,271044902.0
streaming_baseline,36907127,16.685,3,0,271294214.0
streaming_baseline,36923798,16.671,3,0,271366690.0
streaming_baseline,36940481,16.683,4,0,271767246.0
streaming_baseline,36957113,16.632,3,0,271871378.0
streaming_baseline,36973770,16.657,3,0,272329238.0
streaming_baseline,36990443,16.673,3,0,272359142.0
streaming_baseline,37007116,16.673,3,0,272409758.0
streaming_baseline,37023768,16.652,3,0,272496540.0
streaming_baseline,37040446,16.678,3,0,272557912.0
streaming_baseline,37057115,16.669,4,0,272736546.0
streaming_baseline,37073785,16.67,4,0,272748722.0
streaming_baseline,37090441,16.656,4,0,272803282.0
streaming_baseline,37107098,16.657,4,0,272861470.0
streaming_baseline,37123790,16.692,4,0,272936442.0
streaming_baseline,37140457,16.667,4,0,272942942.0
streaming_baseline,37157131,16.674,4,0,273001598.0
streaming_baseline,37173772,16.641,4,0,273057878.0
streaming_baseline,37190434,16.662,4,0,273112358.0
streaming_baseline,37207104,16.67,4,0,273215310.0
streaming_baseline,37223759,16.655,4,0,273267010.0
streaming_baseline,37240425,16.666,4,0,273319346.0
streaming_baseline,37257104,16.679,1,0,273379422.0
streaming_baseline,37281131,24.027,2,0,273770002.0
streaming_baseline,37290422,9.291,5,0,274088496.0
streaming_baseline,37307095,16.673,5,0,274303634.0
streaming_baseline,37323760,16.665,5,0,274272166.0
streaming_baseline,37340423,16.663,4,0,274337198.0
streaming_baseline,37357095,16.672,4,0,274572782.0
streaming_baseline,37373764,16.669,4,0,274640606.0
streaming_baseline,37390427,16.663,4,0,274702962.0
streaming_baseline,37407087,16.66,2,0,274798370.0
streaming_baseline,37428831,21.744,3,0,275024310.0
streaming_baseline,37440414,11.583,3,0,275082482.0
streaming_baseline,37457088,16.674,3,0,275150186.0
streaming_baseline,37473758,16.67,2,0,275203058.0
streaming_baseline,37490421,16.663,2,0,275361832.0
streaming_baseline,37507090,16.669,2,0,275371438.0
streaming_baseline,37523751,16.661,4,0,275444958.0
streaming_baseline,37540415,16.664,4,0,275535280.0
streaming_baseline,37557084,16.669,4,0,275625356.0
streaming_baseline,37573753,16.669,4,0,275707658.0
streaming_baseline,37590430,16.677,4,0,275716358.0
streaming_baseline,37607089,16.659,4,0,275716358.0
streaming_baseline,37623750,16.661,4,0,275827490.0
streaming_baseline,37640406,16.656,4,0,275889926.0
streaming_baseline,37657093,16.687,4,0,275964370.0
streaming_baseline,37673749,16.656,4,0,276021614.0
streaming_baseline,37690413,16.664,4,0,276074030.0
streaming_baseline,37707083,16.67,4,0,276127458.0
streaming_baseline,37723754,16.671,4,0,276184334.0
streaming_baseline,37740482,16.728,4,0,276245278.0
streaming_baseline,37757081,16.599,4,0,276311076.0
streaming_baseline,37773740,16.659,4,0,276363210.0
streaming_baseline,37790415,16.675,4,0,276421206.0
streaming_baseline,37807118,16.703,4,0,276530972.0
streaming_baseline,37823764,16.646,4,0,276492430.0
streaming_baseline,37840400,16.636,4,0,276543990.0
streaming_baseline,37857100,16.7,4,0,276599574.0
streaming_baseline,37873738,16.638,4,0,276653998.0
streaming_baseline,37890396,16.658,4,0,276708226.0
streaming_baseline,37907072,16.676,4,0,276768302.0
streaming_baseline,37923737,16.665,4,0,276823650.0
streaming_baseline,37940406,16.669,4,0,276880226.0
streaming_baseline,37957073,16.667,4,0,276935754.0
streaming_baseline,37973733,16.66,4,0,276982210.0
streaming_baseline,37990413,16.68,4,0,277032094.0
streaming_baseline,38007072,16.659,4,0,277044278.0
streaming_baseline,38023728,16.656,4,0,277129126.0
streaming_baseline,38040393,16.665,4,0,277189906.0
streaming_baseline,38057084,16.691,4,0,277288898.0
streaming_baseline,38073741,16.657,4,0,277345010.0
streaming_baseline,38090392,16.651,4,0,277404432.0
streaming_baseline,38107074,16.682,4,0,277413894.0
streaming_baseline,38123728,16.654,4,0,277597766.0
streaming_baseline,38140395,16.667,4,0,277652734.0
streaming_baseline,38157060,16.665,4,0,277748514.0
streaming_baseline,38173732,16.672,4,0,277864114.0
streaming_baseline,38190402,16.67,4,0,277985410.0
streaming_baseline,38207083,16.681,4,0,277942650.0
streaming_baseline,38223726,16.643,4,0,278047612.0
streaming_baseline,38240403,16.677,4,0,278095986.0
streaming_baseline,38257125,16.722,4,0,278104686.0
streaming_baseline,38273728,16.603,4,0,278159814.0
streaming_baseline,38290401,16.673,4,0,278218874.0
streaming_baseline,38307100,16.699,4,0,278320662.0
streaming_baseline,38323738,16.638,4,0,278383636.0
streaming_baseline,38340401,16.663,4,0,278386706.0
streaming_baseline,38357079,16.678,4,0,278444158.0
streaming_baseline,38373734,16.655,4,0,278524354.0
streaming_baseline,38390404,16.67,4,0,278564714.0
streaming_baseline,38407117,16.713,4,0,278644508.0
streaming_baseline,38423734,16.617,4,0,278687686.0
streaming_baseline,38440400,16.666,4,0,278737038.0
streaming_baseline,38457061,16.661,4,0,278792012.0
streaming_baseline,38473718,16.657,4,0,278862718.0
streaming_baseline,38490409,16.691,4,0,278907602.0
streaming_baseline,38507065,16.656,4,0,278960592.0
streaming_baseline,38523729,16.664,4,0,279054734.0
streaming_baseline,38540408,16.679,4,0,279260682.0
streaming_baseline,38557049,16.641,4,0,279203038.0
streaming_baseline,38573711,16.662,4,0,279259318.0
streaming_baseline,38590411,16.7,4,0,279309478.0
streaming_baseline,38607040,16.629,4,0,279359574.0
streaming_baseline,38623713,16.673,4,0,279408610.0
streaming_baseline,38640377,16.664,4,0,279521670.0
streaming_baseline,38657039,16.662,4,0,279570522.0
streaming_baseline,38673699,16.66,4,0,279681330.0
streaming_baseline,38690377,16.678,4,0,279691358.0
streaming_baseline,38707066,16.689,4,0,279780062.0
streaming_baseline,38723706,16.64,4,0,279831214.0
streaming_baseline,38740378,16.672,4,0,279879738.0
streaming_baseline,38757055,16.677,4,0,279884046.0
streaming_baseline,38773733,16.678,4,0,279933662.0
streaming_baseline,38790379,16.646,1,0,279984262.0
streaming_baseline,38814944,24.565,5,0,280362468.0
streaming_baseline,38823707,8.763,6,0,280517468.0
streaming_baseline,38840368,16.661,6,0,280667916.0
streaming_baseline,38857031,16.663,6,0,281053716.0
streaming_baseline,38873706,16.675,6,0,281333780.0
streaming_baseline,38890365,16.659,6,0,281569956.0
streaming_baseline,38907028,16.663,6,0,281856904.0
streaming_baseline,38923708,16.68,5,0,282204732.0
streaming_baseline,38940365,16.657,5,0,282470788.0
streaming_baseline,38957032,16.667,5,0,282767536.0
streaming_baseline,38973691,16.659,5,0,282995804.0
streaming_baseline,38990384,16.693,5,0,283282824.0
streaming_baseline,39007060,16.676,4,0,283485408.0
streaming_baseline,39023689,16.629,4,0,283690600.0
streaming_baseline,39040379,16.69,4,0,283907426.0
streaming_baseline,39057036,16.657,4,0,283460058.0
streaming_baseline,39073706,16.67,4,0,283674308.0
streaming_baseline,39090367,16.661,4,0,283849116.0
streaming_baseline,39107086,16.719,4,0,283928156.0
streaming_baseline,39123702,16.616,4,0,283940336.0
streaming_baseline,39140376,16.674,4,0,283997988.0
streaming_baseline,39157019,16.643,4,0,284106508.0
streaming_baseline,39173713,16.694,4,0,284139804.0
streaming_baseline,39190351,16.638,4,0,284208092.0
streaming_baseline,39207025,16.674,4,0,284269936.0
streaming_baseline,39223692,16.667,4,0,284324860.0
streaming_baseline,39240363,16.671,4,0,284413004.0
streaming_baseline,39257055,16.692,4,0,284424708.0
streaming_baseline,39273728,16.673,4,0,284493056.0
streaming_baseline,39290359,16.631,4,0,284551144.0
streaming_baseline,39307099,16.74,4,0,284612612.0
streaming_baseline,39323691,16.592,4,0,284697976.0
streaming_baseline,39340355,16.664,4,0,284761176.0
streaming_baseline,39357071,16.716,3,0,284775600.0
streaming_baseline,39373671,16.6,3,0,285011040.0
streaming_baseline,39390375,16.704,4,0,285318936.0
streaming_baseline,39407028,16.653,4,0,285552340.0
streaming_baseline,39423673,16.645,4,0,285791552.0
streaming_baseline,39440339,16.666,3,0,285675276.0
streaming_baseline,39457050,16.711,3,0,285971624.0
streaming_baseline,39473668,16.618,3,0,286025860.0
streaming_baseline,39490359,16.691,3,0,286033636.0
streaming_baseline,39507006,16.647,4,0,286115120.0
streaming_baseline,39523665,16.659,1,0,286185220.0
streaming_baseline,39548731,25.066,2,0,286565834.0
streaming_baseline,39556995,8.264,3,0,286536070.0
streaming_baseline,39573665,16.67,3,0,286624738.0
streaming_baseline,39590341,16.676,3,0,286638998.0
streaming_baseline,39607067,16.726,3,0,286717298.0
streaming_baseline,39623663,16.596,4,0,286870420.0
streaming_baseline,39640342,16.679,4,0,286922996.0
streaming_baseline,39657025,16.683,4,0,286978390.0
streaming_baseline,39673664,16.639,4,0,287071230.0
streaming_baseline,39690331,16.667,4,0,287129378.0
streaming_baseline,39707000,16.669,4,0,287184054.0
streaming_baseline,39723674,16.674,4,0,287190286.0
streaming_baseline,39740333,16.659,4,0,287245230.0
streaming_baseline,39756997,16.664,4,0,287332766.0
streaming_baseline,39773666,16.669,4,0,287387810.0
streaming_baseline,39790330,16.664,4,0,287438186.0
streaming_baseline,39807002,16.672,4,0,287493870.0
streaming_baseline,39823713,16.711,4,0,287551882.0
streaming_baseline,39840339,16.626,3,0,287565854.0
streaming_baseline,39857146,16.807,4,0,287791122.0
streaming_baseline,39873828,16.682,4,0,287985982.0
streaming_baseline,39890336,16.508,4,0,288194130.0
streaming_baseline,39907027,16.691,4,0,288264046.0
streaming_baseline,39923668,16.641,4,0,288297766.0
streaming_baseline,39940324,16.656,4,0,288404266.0
streaming_baseline,39959122,18.798,1,0,288412602.0
streaming_baseline,40000465,41.343,5,0,289184206.0
streaming_baseline,40009561,9.096,6,0,289189662.0
streaming_baseline,40016838,7.277,6,0,289262216.0
streaming_baseline,40033482,16.644,6,0,289297486.0
streaming_baseline,40050157,16.675,6,0,289304662.0
streaming_baseline,40066854,16.697,6,0,289390880.0
streaming_baseline,40083486,16.632,6,0,289460226.0
streaming_baseline,40100161,16.675,6,0,289460666.0
streaming_baseline,40116830,16.669,6,0,289589926.0
streaming_baseline,40133606,16.776,6,0,289657326.0
streaming_baseline,40150152,16.546,6,0,289666530.0
streaming_baseline,40166824,16.672,6,0,289721014.0
streaming_baseline,40183503,16.679,6,0,289793034.0
streaming_baseline,40200165,16.662,6,0,289892846.0
streaming_baseline,40216837,16.672,6,0,289930478.0
streaming_baseline,40233508,16.671,6,0,289983358.0
streaming_baseline,40250151,16.643,6,0,290054636.0
streaming_baseline,40266830,16.679,6,0,290123754.0
streaming_baseline,40283499,16.669,6,0,290131888.0
streaming_baseline,40300139,16.64,6,0,290199496.0
streaming_baseline,40316818,16.679,6,0,290284478.0
streaming_baseline,40333521,16.703,6,0,290268990.0
streaming_baseline,40350152,16.631,6,0,290359006.0
streaming_baseline,40366815,16.663,6,0,290387202.0
streaming_baseline,40383466,16.651,6,0,290458358.0
streaming_baseline,40400132,16.666,6,0,290535686.0
streaming_baseline,40416830,16.698,6,0,290602322.0
streaming_baseline,40433468,16.638,5,0,290687202.0
streaming_baseline,40450143,16.675,5,0,290846946.0
streaming_baseline,40466805,16.662,5,0,291042698.0
streaming_baseline,40483480,16.675,5,0,291132694.0
streaming_baseline,40500149,16.669,5,0,291407078.0
streaming_baseline,40516813,16.664,5,0,291499734.0
streaming_baseline,40533489,16.676,5,0,291448098.0
streaming_baseline,40550497,17.008,5,0,291502050.0
streaming_baseline,40566792,16.295,5,0,291558222.0
streaming_baseline,40583469,16.677,5,0,291601142.0
streaming_baseline,40600122,16.653,5,0,291653850.0
streaming_baseline,40616797,16.675,5,0,291703846.0
streaming_baseline,40633481,16.684,5,0,291716026.0
streaming_baseline,40650132,16.651,5,0,291768218.0
streaming_baseline,40666809,16.677,5,0,291830498.0
streaming_baseline,40683495,16.686,5,0,291881878.0
streaming_baseline,40700128,16.633,5,0,291932318.0
streaming_baseline,40716798,16.67,5,0,291985178.0
streaming_baseline,40733463,16.665,5,0,291991002.0
streaming_baseline,40750123,16.66,4,0,292048198.0
streaming_baseline,40766784,16.661,4,0,292285262.0
streaming_baseline,40783471,16.687,4,0,292640642.0
streaming_baseline,40800125,16.654,4,0,292862962.0
streaming_baseline,40816815,16.69,4,0,292767198.0
streaming_baseline,40833463,16.648,3,0,292836122.0
streaming_baseline,40850123,16.66,3,0,293072102.0
streaming_baseline,40866804,16.681,3,0,293137086.0
streaming_baseline,40883448,16.644,3,0,293191918.0
streaming_baseline,40900143,16.695,4,0,293259802.0
streaming_baseline,40916885,16.742,3,0,293275228.0
streaming_baseline,40933476,16.591,3,0,293493390.0
streaming_baseline,40950142,16.666,3,0,293546334.0
streaming_baseline,40966809,16.667,3,0,293596509.0
streaming_baseline,40983464,16.655,3,0,293671550.0
streaming_baseline,41000132,16.668,3,0,293830458.0
streaming_baseline,41016856,16.724,4,0,293789746.0
streaming_baseline,41033474,16.618,4,0,293906038.0
streaming_baseline,41051854,18.38,4,0,294019902.0
streaming_baseline,41066782,14.928,4,0,294140050.0
streaming_baseline,41083444,16.662,4,0,294211710.0
streaming_baseline,41101724,18.28,4,0,294274370.0
streaming_baseline,41116774,15.05,4,0,294367130.0
streaming_baseline,41133446,16.672,4,0,294484140.0
streaming_baseline,41151590,18.144,4,0,294559126.0
streaming_baseline,41166775,15.185,4,0,294587770.0
streaming_baseline,41183443,16.668,4,0,294663126.0
streaming_baseline,41201446,18.003,4,0,294758058.0
streaming_baseline,41216779,15.333,4,0,294834266.0
streaming_baseline,41233458,16.679,4,0,294857154.0
streaming_baseline,41251341,17.883,1,0,294910710.0
streaming_baseline,41281893,30.552,2,0,295259688.0
streaming_baseline,41291675,9.782,3,0,295484128.0
streaming_baseline,41301188,9.513,3,0,295707888.0
streaming_baseline,41316768,15.58,3,0,295787368.0
streaming_baseline,41333447,16.679,3,0,295798032.0
streaming_baseline,41351065,17.618,2,0,295915856.0
streaming_baseline,41366859,15.794,4,0,296207520.0
streaming_baseline,41383453,16.594,4,0,296230804.0
streaming_baseline,41400925,17.472,4,0,296295444.0
streaming_baseline,41416781,15.856,4,0,296354048.0
streaming_baseline,41433423,16.642,1,0,296413154.0
streaming_baseline,41463297,29.874,2,0,296640914.0
streaming_baseline,41470836,7.539,3,0,296767296.0
streaming_baseline,41483438,12.602,4,0,296868246.0
streaming_baseline,41500668,17.23,4,0,296927662.0
streaming_baseline,41516761,16.093,4,0,296985426.0
streaming_baseline,41533442,16.681,4,0,297044632.0
streaming_baseline,41550519,17.077,4,0,297138916.0
streaming_baseline,41566770,16.251,4,0,297194014.0
streaming_baseline,41583421,16.651,4,0,297244662.0
streaming_baseline,41600389,16.968,4,0,297315654.0
streaming_baseline,41616755,16.366,4,0,297344846.0
streaming_baseline,41633419,16.664,4,0,297419008.0
streaming_baseline,41650295,16.876,4,0,297470206.0
streaming_baseline,41666775,16.48,4,0,297521626.0
compact_history_control,41803297,136.522,4,0,297961382.0
compact_history_control,41812832,9.535,4,0,298140802.0
compact_history_control,41820348,7.516,4,0,298419062.0
compact_history_control,41836308,15.96,4,0,298652814.0
compact_history_control,41852946,16.638,4,0,298603562.0
compact_history_control,41869674,16.728,4,0,298658728.0
compact_history_control,41886295,16.621,4,0,298666626.0
compact_history_control,41902965,16.67,4,0,298720686.0
compact_history_control,41919625,16.66,4,0,298779206.0
compact_history_control,41936290,16.665,4,0,298827430.0
compact_history_control,41952972,16.682,4,0,298879506.0
compact_history_control,41969618,16.646,4,0,298935738.0
compact_history_control,41986297,16.679,4,0,298995502.0
compact_history_control,42002964,16.667,4,0,299003090.0
compact_history_control,42019614,16.65,4,0,299064650.0
compact_history_control,42036297,16.683,4,0,299120870.0
compact_history_control,42052953,16.656,0,0,299214702.0
compact_history_control,42083970,31.017,1,0,299617630.0
compact_history_control,42115768,31.798,0,0,300709212.0
compact_history_control,42123668,7.9,0,2,300971020.0
compact_history_control,42136398,12.73,4,2,300769696.0
compact_history_control,42149389,12.991,4,2,300867932.0
compact_history_control,42165663,16.274,3,2,301092207.0
compact_history_control,42182360,16.697,3,2,301209084.0
compact_history_control,42199280,16.92,0,2,301534428.0
compact_history_control,42215678,16.398,4,2,301203064.0
compact_history_control,42232325,16.647,3,2,301411912.0
compact_history_control,42249127,16.802,2,2,301557196.0
compact_history_control,42265667,16.54,2,2,301663408.0
compact_history_control,42282332,16.665,0,2,301826456.0
compact_history_control,42298992,16.66,3,2,301642784.0
compact_history_control,42315929,16.937,3,2,302007334.0
compact_history_control,42332321,16.392,0,2,302198652.0
compact_history_control,42348978,16.657,0,2,302418252.0
compact_history_control,42366228,17.25,3,2,302249664.0
compact_history_control,42382341,16.113,3,2,302619284.0
compact_history_control,42398992,16.651,2,2,302989532.0
compact_history_control,42415663,16.671,0,2,303215872.0
compact_history_control,42432334,16.671,4,2,303267504.0
compact_history_control,42449001,16.667,4,2,303437224.0
compact_history_control,42465658,16.657,3,2,303850352.0
compact_history_control,42482315,16.657,2,2,304078116.0
compact_history_control,42498988,16.673,4,2,304093096.0
compact_history_control,42515653,16.665,1,2,304465064.0
compact_history_control,42532329,16.676,1,2,304760276.0
compact_history_control,42549841,17.512,0,2,304970904.0
compact_history_control,42565663,15.822,4,2,304796112.0
compact_history_control,42582326,16.663,4,2,305113552.0
compact_history_control,42600675,18.349,3,2,305607992.0
compact_history_control,42615650,14.975,3,2,305778200.0
compact_history_control,42632313,16.663,2,2,306135468.0
compact_history_control,42649569,17.256,3,2,306039488.0
compact_history_control,42665650,16.081,3,2,306350292.0
compact_history_control,42682315,16.665,3,2,306631620.0
compact_history_control,42699435,17.12,2,2,306852012.0
compact_history_control,42715643,16.208,4,2,306839836.0
compact_history_control,42732320,16.677,1,2,307500508.0
compact_history_control,42749320,17.0,1,2,307478436.0
compact_history_control,42765651,16.331,1,2,307648460.0
compact_history_control,42782326,16.675,0,2,307812576.0
compact_history_control,42798979,16.653,4,2,307556100.0
compact_history_control,42815651,16.672,6,2,307881340.0
compact_history_control,42832304,16.653,6,2,308051642.0
compact_history_control,42848982,16.678,6,2,308312616.0
compact_history_control,42865645,16.663,6,2,308562378.0
compact_history_control,42883944,18.299,4,2,308840034.0
compact_history_control,42899418,15.474,4,2,309138768.0
compact_history_control,42915636,16.218,4,2,309184096.0
compact_history_control,42932337,16.701,3,2,309413464.0
compact_history_control,42949787,17.45,4,2,309153828.0
compact_history_control,42965655,15.868,5,2,309436308.0
compact_history_control,42982317,16.662,5,2,309685168.0
compact_history_control,42999660,17.343,5,2,309956372.0
compact_history_control,43015642,15.982,3,2,310211076.0
compact_history_control,43032311,16.669,3,2,310361540.0
compact_history_control,43049517,17.206,3,2,310445288.0
compact_history_control,43065641,16.124,0,2,310708008.0
compact_history_control,43082371,16.73,5,2,310377088.0
compact_history_control,43099391,17.02,7,2,310631180.0
compact_history_control,43115636,16.245,7,2,310896226.0
compact_history_control,43132311,16.675,7,2,311062916.0
compact_history_control,43149253,16.942,7,2,311328212.0
compact_history_control,43165638,16.385,5,2,311636372.0
compact_history_control,43182315,16.677,5,2,311743560.0
compact_history_control,43199124,16.809,5,2,311824028.0
compact_history_control,43215623,16.499,4,2,312184970.0
compact_history_control,43232302,16.679,4,2,311792940.0
compact_history_control,43249552,17.25,5,2,311983588.0
compact_history_control,43265618,16.066,5,2,312144392.0
compact_history_control,43282295,16.677,5,2,312197228.0
compact_history_control,43299365,17.07,5,2,312254328.0
compact_history_control,43315623,16.258,5,2,312304060.0
compact_history_control,43332321,16.698,5,2,312356560.0
compact_history_control,43349228,16.907,5,2,312413384.0
compact_history_control,43365621,16.393,5,2,312473180.0
compact_history_control,43382278,16.657,5,2,312566356.0
compact_history_control,43399108,16.83,5,2,312622152.0
compact_history_control,43415620,16.512,5,2,312653512.0
compact_history_control,43432290,16.67,5,2,312702688.0
compact_history_control,43448974,16.684,5,2,312708148.0
compact_history_control,43465618,16.644,5,2,312763436.0
compact_history_control,43482288,16.67,5,2,312873120.0
compact_history_control,43498947,16.659,5,2,312836184.0
compact_history_control,43515616,16.669,5,2,312888116.0
compact_history_control,43532289,16.673,5,2,312952960.0
compact_history_control,43550218,17.929,5,2,312962104.0
compact_history_control,43565612,15.394,5,2,313047108.0
compact_history_control,43582289,16.677,3,2,313134180.0
compact_history_control,43600071,17.782,3,2,313264240.0
compact_history_control,43615606,15.535,3,2,313377808.0
compact_history_control,43632275,16.669,2,2,313584324.0
compact_history_control,43649947,17.672,4,2,313281968.0
compact_history_control,43665609,15.662,5,2,313558752.0
compact_history_control,43682275,16.666,5,2,313734380.0
compact_history_control,43699821,17.546,5,2,313777244.0
compact_history_control,43715605,15.784,5,2,313831112.0
compact_history_control,43732283,16.678,5,2,313838828.0
compact_history_control,43750772,18.489,5,2,313896580.0
compact_history_control,43765611,14.839,5,2,313955196.0
compact_history_control,43782269,16.658,5,2,314007948.0
compact_history_control,43800532,18.263,5,2,314068580.0
compact_history_control,43815598,15.066,5,2,314116700.0
compact_history_control,43832264,16.666,5,2,314179304.0
compact_history_control,43850417,18.153,5,2,314187468.0
compact_history_control,43865598,15.181,5,2,314241060.0
compact_history_control,43882270,16.672,5,2,314297840.0
compact_history_control,43900273,18.003,5,2,314353244.0
compact_history_control,43915605,15.332,5,2,314361148.0
compact_history_control,43932279,16.674,5,2,314417908.0
compact_history_control,43950142,17.863,5,2,314469684.0
compact_history_control,43965600,15.458,1,2,314479876.0
compact_history_control,43982352,16.752,3,2,314764520.0
compact_history_control,43999999,17.647,1,2,314898240.0
compact_history_control,44015593,15.594,5,2,314740224.0
compact_history_control,44032268,16.675,6,2,314925712.0
compact_history_control,44049876,17.608,6,2,315185680.0
compact_history_control,44065599,15.723,6,2,315182320.0
compact_history_control,44082254,16.655,6,2,315231660.0
compact_history_control,44100259,18.005,6,2,315281184.0
compact_history_control,44115595,15.336,6,2,315293364.0
compact_history_control,44132252,16.657,6,2,315354552.0
compact_history_control,44150126,17.874,6,2,315406476.0
compact_history_control,44165604,15.478,6,2,315412660.0
compact_history_control,44182255,16.651,6,2,315467796.0
compact_history_control,44199975,17.72,6,2,315526924.0
compact_history_control,44215581,15.606,6,2,315574616.0
compact_history_control,44232252,16.671,6,2,315668732.0
compact_history_control,44249857,17.605,6,2,315639196.0
compact_history_control,44265664,15.807,6,2,315692132.0
compact_history_control,44282253,16.589,6,2,315744424.0
compact_history_control,44299756,17.503,6,2,315796336.0
compact_history_control,44315594,15.838,6,2,315808516.0
compact_history_control,44332248,16.654,6,2,315858416.0
compact_history_control,44349581,17.333,6,2,315915702.0
compact_history_control,44365584,16.003,3,2,315991216.0
compact_history_control,44382255,16.671,4,2,316123436.0
compact_history_control,44399445,17.19,4,2,316205424.0
compact_history_control,44415582,16.137,3,2,316516088.0
compact_history_control,44432356,16.774,4,2,316106860.0
compact_history_control,44449322,16.966,5,2,316308200.0
compact_history_control,44465574,16.252,5,2,316595920.0
compact_history_control,44482240,16.666,5,2,316742232.0
compact_history_control,44499182,16.942,5,2,316665752.0
compact_history_control,44515573,16.391,5,2,316714920.0
compact_history_control,44533262,17.689,5,2,316770232.0
compact_history_control,44549063,15.801,5,2,316782412.0
compact_history_control,44565575,16.512,5,2,316847244.0
compact_history_control,44582238,16.663,5,2,316901472.0
compact_history_control,44598923,16.685,5,2,316956820.0
compact_history_control,44615573,16.65,5,2,317037176.0
compact_history_control,44632250,16.677,5,2,317223500.0
compact_history_control,44648913,16.663,5,2,317223968.0
compact_history_control,44665579,16.666,5,2,317237980.0
compact_history_control,44682239,16.66,5,2,317299016.0
compact_history_control,44698898,16.659,5,2,317407426.0
compact_history_control,44715567,16.669,5,2,317503344.0
compact_history_control,44732234,16.667,3,2,317556316.0
compact_history_control,44748903,16.669,3,2,318932484.0
compact_history_control,44765556,16.653,3,2,319069556.0
compact_history_control,44782222,16.666,0,2,319219280.0
compact_history_control,44798894,16.672,5,2,318964448.0
compact_history_control,44815615,16.721,7,2,319313512.0
compact_history_control,44832229,16.614,7,2,319415740.0
compact_history_control,44848904,16.675,5,2,319579024.0
compact_history_control,44865560,16.656,5,2,319571248.0
compact_history_control,44882225,16.665,5,2,319691928.0
compact_history_control,44898890,16.665,4,2,320058584.0
compact_history_control,44915555,16.665,4,2,319706120.0
compact_history_control,44932232,16.677,5,2,319737988.0
compact_history_control,44948899,16.667,5,2,319766028.0
compact_history_control,44965572,16.673,5,2,319774728.0
compact_history_control,44982236,16.664,5,2,319825372.0
compact_history_control,44998897,16.661,5,2,319870176.0
compact_history_control,45015581,16.684,5,2,319876152.0
compact_history_control,45032222,16.641,5,2,320026332.0
compact_history_control,45048894,16.672,5,2,320074236.0
compact_history_control,45065553,16.659,5,2,320114452.0
compact_history_control,45082675,17.122,5,2,320125636.0
compact_history_control,45098882,16.207,5,2,320180488.0
compact_history_control,45115549,16.667,5,2,320224444.0
compact_history_control,45132203,16.654,5,2,320270824.0
compact_history_control,45148883,16.68,5,2,320322310.0
compact_history_control,45165548,16.665,5,2,320330596.0
compact_history_control,45182210,16.662,5,2,320380844.0
compact_history_control,45198879,16.669,5,2,320433816.0
compact_history_control,45215539,16.66,5,2,320480216.0
compact_history_control,45232207,16.668,5,2,320528220.0
compact_history_control,45248884,16.677,5,2,320613036.0
compact_history_control,45265545,16.661,5,2,320594330.0
compact_history_control,45282210,16.665,5,2,320638944.0
compact_history_control,45298873,16.663,5,2,320685504.0
compact_history_control,45315535,16.662,5,2,320734308.0
compact_history_control,45332209,16.674,5,2,320784152.0
compact_history_control,45348887,16.678,5,2,320796332.0
compact_history_control,45368020,19.133,5,2,320848036.0
compact_history_control,45382210,14.19,5,2,320897608.0
compact_history_control,45398870,16.66,5,2,320953132.0
compact_history_control,45415530,16.66,5,2,320996644.0
compact_history_control,45432199,16.669,5,2,321046708.0
compact_history_control,45448870,16.671,5,2,321097644.0
compact_history_control,45465549,16.679,5,2,321109620.0
compact_history_control,45482202,16.653,5,2,321158260.0
compact_history_control,45498871,16.669,5,2,321208516.0
compact_history_control,45515535,16.664,5,2,321259056.0
compact_history_control,45532197,16.662,5,2,321311443.0
compact_history_control,45548873,16.676,5,2,321358608.0
compact_history_control,45565526,16.653,5,2,321407124.0
compact_history_control,45582194,16.668,5,2,321458724.0
compact_history_control,45598867,16.673,5,2,321548408.0
compact_history_control,45615543,16.676,5,2,321520596.0
compact_history_control,45632197,16.654,5,2,321573124.0
compact_history_control,45648906,16.709,5,2,321631776.0
compact_history_control,45665528,16.622,5,2,321677100.0
compact_history_control,45682196,16.668,5,2,321732056.0
compact_history_control,45698860,16.664,5,2,321787292.0
compact_history_control,45715522,16.662,5,2,321836360.0
compact_history_control,45732201,16.679,5,2,321844076.0
compact_history_control,45748860,16.659,5,2,321892532.0
compact_history_control,45765521,16.661,5,2,321943900.0
compact_history_control,45782190,16.669,5,2,322001842.0
compact_history_control,45798855,16.665,5,2,322051472.0
compact_history_control,45815519,16.664,5,2,322103764.0
compact_history_control,45832183,16.664,5,2,322160536.0
compact_history_control,45848855,16.672,5,2,322210492.0
compact_history_control,45867553,18.698,5,2,322298916.0
compact_history_control,45882187,14.634,5,2,322358944.0
compact_history_control,45898847,16.66,5,2,322501907.0
compact_history_control,45917554,18.707,5,2,322640316.0
compact_history_control,45932185,14.631,5,2,322726812.0
compact_history_control,45948846,16.661,5,2,322779616.0
compact_history_control,45967575,18.729,5,2,322911532.0
compact_history_control,45982186,14.611,5,2,322999012.0
compact_history_control,45998848,16.662,5,2,323055820.0
compact_history_control,46017573,18.725,5,2,323187704.0
compact_history_control,46032187,14.614,5,2,323274548.0
compact_history_control,46048845,16.658,5,2,323332388.0
compact_history_control,46067569,18.724,5,2,323348048.0
compact_history_control,46082173,14.604,5,2,323364728.0
compact_history_control,46098848,16.675,5,2,323381576.0
compact_history_control,46117543,18.695,5,2,323398976.0
compact_history_control,46132170,14.627,5,2,323413880.0
compact_history_control,46148836,16.666,5,2,323423812.0
compact_history_control,46167544,18.708,5,2,323448424.0
compact_history_control,46182184,14.64,3,2,323453336.0
compact_history_control,46199064,16.88,4,2,323703596.0
compact_history_control,46217566,18.502,4,2,323895232.0
compact_history_control,46232172,14.606,3,2,324106720.0
compact_history_control,46248844,16.672,4,2,323843120.0
compact_history_control,46267539,18.695,5,2,324119544.0
compact_history_control,46282167,14.628,5,2,324432358.0
compact_history_control,46298850,16.683,5,2,324800994.0
compact_history_control,46317710,18.86,5,2,324996492.0
compact_history_control,46332170,14.46,5,2,325218832.0
compact_history_control,46348839,16.669,5,2,325392608.0
compact_history_control,46367525,18.686,5,2,325724392.0
compact_history_control,46382160,14.635,5,2,325928484.0
compact_history_control,46398845,16.685,5,2,326216496.0
compact_history_control,46417470,18.625,5,2,326397680.0
compact_history_control,46432165,14.695,5,2,326631228.0
compact_history_control,46448838,16.673,5,2,326883024.0
compact_history_control,46467486,18.648,5,2,326329208.0
compact_history_control,46482252,14.766,5,2,326399952.0
compact_history_control,46498832,16.58,5,2,326456956.0
compact_history_control,46517381,18.549,5,2,326456960.0
compact_history_control,46532167,14.786,5,2,326456960.0
compact_history_control,46548831,16.664,5,2,326456960.0
compact_history_control,46567319,18.488,5,2,326588768.0
compact_history_control,46582157,14.838,5,2,326690984.0
compact_history_control,46598830,16.673,5,2,326694464.0
compact_history_control,46617231,18.401,5,2,326694464.0
compact_history_control,46632168,14.937,5,2,326694464.0
compact_history_control,46648831,16.663,5,2,326694464.0
compact_history_control,46667191,18.36,5,2,327034826.0
compact_history_control,46682165,14.974,5,2,326901264.0
compact_history_control,46698824,16.659,5,2,326983556.0
compact_history_control,46717131,18.307,5,2,327047136.0
compact_history_control,46732156,15.025,5,2,327047136.0
compact_history_control,46748874,16.718,5,2,327195274.0
compact_history_control,46767049,18.175,5,2,327149800.0
compact_history_control,46782159,15.11,5,2,327149796.0
compact_history_control,46798819,16.66,5,2,327149796.0
compact_history_control,46816993,18.174,5,2,327149800.0
compact_history_control,46832150,15.157,5,2,327149800.0
compact_history_control,46848821,16.671,5,2,327510486.0
compact_history_control,46866903,18.082,5,2,327403372.0
compact_history_control,46882155,15.252,5,2,327503048.0
compact_history_control,46898821,16.666,1,2,327519516.0
compact_history_control,46916826,18.005,3,2,327723858.0
compact_history_control,46932138,15.312,2,2,327796180.0
compact_history_control,46948815,16.677,1,2,328202140.0
compact_history_control,46966778,17.963,5,2,327737960.0
compact_history_control,46982137,15.359,6,2,327983932.0
compact_history_control,46998822,16.685,6,2,328249600.0
compact_history_control,47016687,17.865,6,2,328382096.0
compact_history_control,47032372,15.685,6,2,328345676.0
compact_history_control,47048807,16.435,6,2,328420078.0
compact_history_control,47066670,17.863,6,2,328478268.0
compact_history_control,47082130,15.46,6,2,328526920.0
compact_history_control,47098802,16.672,6,2,328595660.0
compact_history_control,47116663,17.861,6,2,328658244.0
compact_history_control,47132140,15.477,6,2,328681176.0
compact_history_control,47148798,16.658,6,2,328758312.0
compact_history_control,47166683,17.885,6,2,328839174.0
compact_history_control,47182130,15.447,6,2,328935010.0
compact_history_control,47198805,16.675,6,2,328942732.0
compact_history_control,47216720,17.915,6,2,329058928.0
compact_history_control,47232130,15.41,6,2,329110984.0
compact_history_control,47248809,16.679,6,2,329184828.0
compact_history_control,47266683,17.874,6,2,329276860.0
compact_history_control,47282140,15.457,6,2,329284772.0
compact_history_control,47298805,16.665,3,2,329437100.0
compact_history_control,47316712,17.907,5,2,329625572.0
compact_history_control,47332127,15.415,5,2,329740688.0
compact_history_control,47348792,16.665,4,2,329970512.0
compact_history_control,47366725,17.933,4,2,329689228.0
compact_history_control,47382122,15.397,5,2,329898072.0
compact_history_control,47398795,16.673,5,2,330114152.0
compact_history_control,47416734,17.939,5,2,330204628.0
compact_history_control,47432124,15.39,5,2,330302152.0
compact_history_control,47448810,16.686,5,2,330269632.0
compact_history_control,47466772,17.962,5,2,330326856.0
compact_history_control,47482125,15.353,5,2,330389296.0
compact_history_control,47498785,16.66,5,2,330451764.0
compact_history_control,47516734,17.949,5,2,330503212.0
compact_history_control,47532112,15.378,5,2,330558868.0
compact_history_control,47548918,16.806,5,2,330611712.0
compact_history_control,47566783,17.865,5,2,330669444.0
compact_history_control,47582159,15.376,5,2,330681624.0
compact_history_control,47598781,16.622,5,2,330738656.0
compact_history_control,47616744,17.963,5,2,330794064.0
compact_history_control,47632112,15.368,3,2,330850180.0
compact_history_control,47648777,16.665,3,2,331260164.0
compact_history_control,47666719,17.942,1,2,331292852.0
compact_history_control,47682117,15.398,5,2,331458576.0
compact_history_control,47698782,16.665,6,2,331686528.0
compact_history_control,47716744,17.962,6,2,331890392.0
compact_history_control,47732121,15.377,6,2,331874252.0
compact_history_control,47748775,16.654,6,2,331929194.0
compact_history_control,47766741,17.966,6,2,331981040.0
compact_history_control,47782112,15.371,6,2,332033192.0
compact_history_control,47798779,16.667,6,2,332083932.0
compact_history_control,47816741,17.962,6,2,332151624.0
compact_history_control,47832108,15.367,6,2,332320912.0
compact_history_control,47848776,16.668,6,2,332332144.0
compact_history_control,47867341,18.565,6,2,332378836.0
compact_history_control,47882104,14.763,6,2,332428796.0
compact_history_control,47898780,16.676,6,2,332500760.0
compact_history_control,47916739,17.959,6,2,332491084.0
compact_history_control,47932096,15.357,6,2,332546924.0
compact_history_control,47948763,16.667,6,2,332596624.0
compact_history_control,47966759,17.996,6,2,332660948.0
compact_history_control,47982102,15.343,6,2,332773206.0
compact_history_control,47998773,16.671,6,2,332857116.0
compact_history_control,48016828,18.055,6,2,332956072.0
compact_history_control,48032097,15.269,6,2,333003476.0
compact_history_control,48048779,16.682,6,2,333049920.0
compact_history_control,48066858,18.079,6,2,333059364.0
compact_history_control,48082094,15.236,6,2,333116062.0
compact_history_control,48098762,16.668,6,2,333161748.0
compact_history_control,48116819,18.057,6,2,333169652.0
compact_history_control,48132111,15.292,6,2,333227390.0
compact_history_control,48148762,16.651,6,2,333292528.0
compact_history_control,48166789,18.027,6,2,333412384.0
compact_history_control,48182097,15.308,6,2,333402160.0
compact_history_control,48198763,16.666,6,2,333581744.0
compact_history_control,48216841,18.078,6,2,333633672.0
compact_history_control,48232104,15.263,6,2,333642372.0
compact_history_control,48248755,16.651,6,2,333695060.0
compact_history_control,48266807,18.052,6,2,333744744.0
compact_history_control,48282094,15.287,6,2,333797692.0
compact_history_control,48298779,16.685,6,2,333805444.0
compact_history_control,48316811,18.032,6,2,333855184.0
compact_history_control,48332102,15.291,6,2,333860404.0
compact_history_control,48348758,16.656,6,2,333916184.0
compact_history_control,48366794,18.036,6,2,334017692.0
compact_history_control,48382094,15.3,6,2,334105132.0
compact_history_control,48398752,16.658,6,2,334205984.0
compact_history_control,48416840,18.088,6,2,334258384.0
compact_history_control,48432083,15.243,6,2,334305024.0
compact_history_control,48448759,16.676,6,2,334313268.0
compact_history_control,48466799,18.04,6,2,334368040.0
compact_history_control,48482072,15.273,6,2,334423160.0
compact_history_control,48498747,16.675,6,2,334477444.0
compact_history_control,48516832,18.085,6,2,334529424.0
compact_history_control,48532095,15.263,6,2,334589108.0
compact_history_control,48548757,16.662,6,2,334683860.0
compact_history_control,48566831,18.074,6,2,334790856.0
compact_history_control,48582077,15.246,6,2,334838246.0
compact_history_control,48598766,16.689,6,2,334844228.0
compact_history_control,48616817,18.051,6,2,334892068.0
compact_history_control,48632082,15.265,6,2,334937120.0
compact_history_control,48648755,16.673,6,2,334947524.0
compact_history_control,48666841,18.086,6,2,335007016.0
compact_history_control,48682078,15.237,6,2,335054690.0
compact_history_control,48698775,16.697,6,2,335099359.0
compact_history_control,48716846,18.071,6,2,335113428.0
compact_history_control,48732081,15.235,6,2,335179752.0
compact_history_control,48748744,16.663,6,2,335365828.0
compact_history_control,48766879,18.135,6,2,335373556.0
compact_history_control,48782078,15.199,6,2,335424760.0
compact_history_control,48798733,16.655,6,2,335470332.0
compact_history_control,48816856,18.123,6,2,335520648.0
compact_history_control,48832070,15.214,6,2,335572244.0
compact_history_control,48848747,16.677,6,2,335581548.0
compact_history_control,48866866,18.119,6,2,335634772.0
compact_history_control,48882065,15.199,6,2,335682048.0
compact_history_control,48898750,16.685,6,2,335736048.0
compact_history_control,48916897,18.147,6,2,335904184.0
compact_history_control,48932063,15.166,6,2,335926220.0
compact_history_control,48948735,16.672,6,2,335936660.0
compact_history_control,48967165,18.43,6,2,335985752.0
compact_history_control,48982064,14.899,6,2,336031152.0
compact_history_control,48998734,16.67,6,2,336082800.0
compact_history_control,49016926,18.192,6,2,336093244.0
compact_history_control,49032071,15.145,6,2,336142116.0
compact_history_control,49048723,16.652,6,2,336188880.0
compact_history_control,49067071,18.348,6,2,336245304.0
compact_history_control,49082062,14.991,6,2,336251468.0
compact_history_control,49098719,16.657,3,2,336306888.0
compact_history_control,49116927,18.208,4,2,336535760.0
compact_history_control,49132041,15.114,4,2,336653600.0
compact_history_control,49148767,16.726,3,2,336988488.0
compact_history_control,49166978,18.211,4,2,336679816.0
compact_history_control,49182066,15.088,5,2,336909428.0
compact_history_control,49198722,16.656,5,2,337134380.0
compact_history_control,49217004,18.282,5,2,337339840.0
compact_history_control,49232054,15.05,5,2,337620088.0
compact_history_control,49248732,16.678,5,2,337781412.0
compact_history_control,49266962,18.23,5,2,337923484.0
compact_history_control,49282053,15.091,5,2,338194104.0
compact_history_control,49298716,16.663,5,2,338413800.0
compact_history_control,49316982,18.266,5,2,338619792.0
compact_history_control,49332055,15.073,5,2,338989016.0
compact_history_control,49348716,16.661,5,2,339420432.0
compact_history_control,49367120,18.404,5,2,339472220.0
compact_history_control,49382048,14.928,5,2,339777550.0
compact_history_control,49398716,16.668,5,2,339206000.0
compact_history_control,49416981,18.265,5,2,339257346.0
compact_history_control,49432049,15.068,5,2,339296934.0
compact_history_control,49448708,16.659,5,2,339305784.0
compact_history_control,49466992,18.284,5,2,339360208.0
compact_history_control,49482065,15.073,5,2,339401824.0
compact_history_control,49498706,16.641,5,2,339452632.0
compact_history_control,49517055,18.349,5,2,339458864.0
compact_history_control,49532040,14.985,5,2,339517840.0
compact_history_control,49548704,16.664,5,2,339800184.0
compact_history_control,49566969,18.265,5,2,339709320.0
compact_history_control,49582033,15.064,5,2,339761328.0
compact_history_control,49598696,16.663,5,2,339816414.0
compact_history_control,49616990,18.294,5,2,339871286.0
compact_history_control,49632036,15.046,5,2,339912936.0
compact_history_control,49648696,16.66,5,2,339963442.0
compact_history_control,49666665,17.969,5,2,340007760.0
compact_history_control,49682046,15.381,5,2,340023888.0
compact_history_control,49698698,16.652,5,2,340074396.0
compact_history_control,49716986,18.288,5,2,340257404.0
compact_history_control,49732047,15.061,5,2,340266104.0
compact_history_control,49748702,16.655,5,2,340318162.0
compact_history_control,49767004,18.302,5,2,340365132.0
compact_history_control,49782031,15.027,5,2,340416178.0
compact_history_control,49798750,16.719,5,2,340425640.0
compact_history_control,49816998,18.248,5,2,340479088.0
compact_history_control,49832022,15.024,5,2,340533296.0
compact_history_control,49848687,16.665,5,2,340577608.0
compact_history_control,49867057,18.37,5,2,340632532.0
compact_history_control,49882037,14.98,5,2,340713652.0
compact_history_control,49898689,16.652,5,2,340820952.0
compact_history_control,49916997,18.308,5,2,340873708.0
compact_history_control,49932039,15.042,5,2,340876176.0
compact_history_control,49948683,16.644,5,2,340930604.0
compact_history_control,49967017,18.334,5,2,340974530.0
compact_history_control,49982036,15.019,5,2,340980512.0
compact_history_control,49998682,16.646,5,2,341036268.0
compact_history_control,50017065,18.383,5,2,341082700.0
compact_history_control,50032023,14.958,5,2,341085040.0
compact_history_control,50048681,16.658,5,2,341136440.0
compact_history_control,50067026,18.345,5,2,341192484.0
compact_history_control,50082837,15.811,5,2,341274304.0
compact_history_control,50098675,15.838,5,2,341378072.0
compact_history_control,50117118,18.443,5,2,341427456.0
compact_history_control,50132023,14.905,5,2,341472876.0
compact_history_control,50148690,16.667,5,2,341479836.0
compact_history_control,50167018,18.328,5,2,341526940.0
compact_history_control,50182037,15.019,5,2,341536776.0
compact_history_control,50198683,16.646,5,2,341590328.0
compact_history_control,50217085,18.402,5,2,341643680.0
compact_history_control,50232023,14.938,5,2,341685992.0
compact_history_control,50248677,16.654,5,2,341732788.0
compact_history_control,50267027,18.35,5,2,341742704.0
compact_history_control,50282005,14.978,5,2,341908532.0
compact_history_control,50298672,16.667,5,2,341958890.0
compact_history_control,50316988,18.316,5,2,341968352.0
compact_history_control,50332013,15.025,5,2,342022040.0
compact_history_control,50348691,16.678,5,2,342073246.0
compact_history_control,50367002,18.311,5,2,342121193.0
compact_history_control,50382003,15.001,5,2,342167092.0
compact_history_control,50398679,16.676,5,2,342179272.0
compact_history_control,50417041,18.362,5,2,342230752.0
compact_history_control,50432012,14.971,5,2,342281204.0
compact_history_control,50448682,16.67,5,2,342363980.0
compact_history_control,50467358,18.676,5,2,342454012.0
compact_history_control,50482013,14.655,5,2,342497536.0
compact_history_control,50498673,16.66,5,2,342501204.0
compact_history_control,50517010,18.337,5,2,342550976.0
compact_history_control,50532000,14.99,5,2,342606564.0
compact_history_control,50548663,16.663,5,2,342658860.0
compact_history_control,50567014,18.351,5,2,342711684.0
compact_history_control,50581991,14.977,5,2,342758604.0
compact_history_control,50598658,16.667,5,2,342805372.0
compact_history_control,50616998,18.34,3,2,342817948.0
compact_history_control,50632572,15.574,3,2,342998280.0
compact_history_control,50648657,16.085,3,2,343312868.0
compact_history_control,50666987,18.33,0,2,343545260.0
compact_history_control,50682011,15.024,5,2,343146068.0
expanding_excavation,50762787,80.776,7,2,343450924.0
expanding_excavation,50771864,9.077,7,2,343620492.0
expanding_excavation,50782327,10.463,7,2,343850628.0
expanding_excavation,50797016,14.689,7,2,344054620.0
expanding_excavation,50812701,15.685,7,2,344216628.0
expanding_excavation,50829360,16.659,7,2,344451296.0
expanding_excavation,50847020,17.66,7,2,344641622.0
expanding_excavation,50862715,15.695,7,2,344820900.0
expanding_excavation,50879355,16.64,7,2,344968336.0
expanding_excavation,50897030,17.675,7,2,345248428.0
expanding_excavation,50912762,15.732,7,2,345406540.0
expanding_excavation,50929348,16.586,7,2,345653532.0
expanding_excavation,50947040,17.692,7,2,345841516.0
expanding_excavation,50962976,15.936,7,2,345412432.0
expanding_excavation,50979350,16.374,7,2,345424612.0
expanding_excavation,50997156,17.806,7,2,345475548.0
expanding_excavation,51012799,15.643,7,2,345524012.0
expanding_excavation,51029336,16.537,7,2,345569792.0
expanding_excavation,51047005,17.669,7,2,345621668.0
expanding_excavation,51062680,15.675,7,2,345633780.0
expanding_excavation,51079360,16.68,7,2,345680912.0
expanding_excavation,51097038,17.678,7,2,345730752.0
expanding_excavation,51112684,15.646,7,2,345736252.0
expanding_excavation,51129329,16.645,7,2,345781624.0
expanding_excavation,51147023,17.694,7,2,345835864.0
expanding_excavation,51162680,15.657,7,2,345836876.0
expanding_excavation,51179354,16.674,7,2,345887340.0
expanding_excavation,51197112,17.758,7,2,345942562.0
expanding_excavation,51212667,15.555,7,2,345987676.0
expanding_excavation,51229916,17.249,7,2,346030716.0
expanding_excavation,51247053,17.137,7,2,346041156.0
expanding_excavation,51262664,15.611,7,2,346094495.0
expanding_excavation,51279340,16.676,7,2,346145370.0
expanding_excavation,51297030,17.69,7,2,346188924.0
expanding_excavation,51312670,15.64,7,2,346195088.0
expanding_excavation,51329322,16.652,7,2,346245836.0
expanding_excavation,51347072,17.75,7,2,346294924.0
expanding_excavation,51362674,15.602,7,2,346342840.0
expanding_excavation,51379327,16.653,7,2,346384472.0
expanding_excavation,51397123,17.796,7,2,346396652.0
expanding_excavation,51412678,15.555,7,2,346454264.0
expanding_excavation,51429341,16.663,7,2,346500600.0
expanding_excavation,51447044,17.703,7,2,346547664.0
expanding_excavation,51462664,15.62,7,2,346556360.0
expanding_excavation,51479321,16.657,7,2,346605812.0
expanding_excavation,51497036,17.715,7,2,346653252.0
expanding_excavation,51512747,15.711,7,2,346697744.0
expanding_excavation,51529331,16.584,7,2,346706444.0
expanding_excavation,51547018,17.687,7,2,346758824.0
expanding_excavation,51562664,15.646,7,2,346803646.0
expanding_excavation,51579322,16.658,7,2,346812048.0
expanding_excavation,51597059,17.737,7,2,346921014.0
expanding_excavation,51612663,15.604,7,2,346922948.0
expanding_excavation,51629318,16.655,7,2,346978416.0
expanding_excavation,51647061,17.743,7,2,347021988.0
expanding_excavation,51662657,15.596,7,2,347104191.0
expanding_excavation,51679329,16.672,7,2,347074496.0
expanding_excavation,51697043,17.714,7,2,347125948.0
expanding_excavation,51712657,15.614,7,2,347132700.0
expanding_excavation,51729318,16.661,7,2,347182364.0
expanding_excavation,51747052,17.734,7,2,347235524.0
expanding_excavation,51762651,15.599,7,2,347283454.0
expanding_excavation,51779515,16.864,7,2,347387100.0
expanding_excavation,51797050,17.535,7,2,347433096.0
expanding_excavation,51812648,15.598,7,2,347549728.0
expanding_excavation,51829311,16.663,7,2,347638948.0
expanding_excavation,51847221,17.91,7,2,347683516.0
expanding_excavation,51862644,15.423,7,2,347812556.0
expanding_excavation,51879335,16.691,7,2,347900036.0
expanding_excavation,51897043,17.708,7,2,347958088.0
expanding_excavation,51912641,15.598,7,2,348101016.0
expanding_excavation,51929321,16.68,7,2,348182544.0
expanding_excavation,51947046,17.725,7,2,348238384.0
expanding_excavation,51962652,15.606,7,2,348377012.0
expanding_excavation,51979308,16.656,7,2,348391564.0
expanding_excavation,51997405,18.097,7,2,348405704.0
expanding_excavation,52012643,15.238,7,2,348422864.0
expanding_excavation,52029307,16.664,7,2,348439231.0
expanding_excavation,52047050,17.743,7,2,348456632.0
expanding_excavation,52062640,15.59,7,2,348478236.0
expanding_excavation,52079314,16.674,7,2,348487432.0
expanding_excavation,52097047,17.733,5,2,348503700.0
expanding_excavation,52112638,15.591,5,2,348722028.0
expanding_excavation,52142454,29.816,4,2,349001286.0
expanding_excavation,52151077,8.623,4,10,349201072.0
expanding_excavation,52167023,15.946,4,10,348888688.0
expanding_excavation,52179292,12.269,5,10,349106588.0
expanding_excavation,52197062,17.77,5,10,349327136.0
expanding_excavation,52212697,15.635,5,10,349571672.0
expanding_excavation,52229318,16.621,5,10,349762080.0
expanding_excavation,52247238,17.92,5,10,350029492.0
expanding_excavation,52262639,15.401,5,10,350287940.0
expanding_excavation,52279303,16.664,5,10,350517950.0
expanding_excavation,52297056,17.753,5,10,350771576.0
expanding_excavation,52312633,15.577,5,10,350997862.0
expanding_excavation,52329304,16.671,5,10,351112868.0
expanding_excavation,52347346,18.042,5,10,351383850.0
expanding_excavation,52362623,15.277,5,10,351567068.0
expanding_excavation,52379290,16.667,5,10,351796901.0
expanding_excavation,52397181,17.891,5,10,351272064.0
expanding_excavation,52412627,15.446,5,10,351253716.0
expanding_excavation,52429299,16.672,5,10,351306240.0
expanding_excavation,52447058,17.759,5,10,351360480.0
expanding_excavation,52462632,15.574,5,10,351455928.0
expanding_excavation,52479304,16.672,5,10,351488484.0
expanding_excavation,52497074,17.77,5,10,351558200.0
expanding_excavation,52512620,15.546,5,10,351612328.0
expanding_excavation,52529274,16.654,5,10,351656564.0
expanding_excavation,52547074,17.8,5,10,351707752.0
expanding_excavation,52562624,15.55,5,10,351715080.0
expanding_excavation,52579281,16.657,5,10,351767772.0
expanding_excavation,52597049,17.768,5,10,351817872.0
expanding_excavation,52612630,15.581,5,10,351867996.0
expanding_excavation,52629290,16.66,5,10,351919364.0
expanding_excavation,52647058,17.768,5,10,351932796.0
expanding_excavation,52662604,15.546,5,10,351989590.0
expanding_excavation,52679276,16.672,5,10,352041648.0
expanding_excavation,52697215,17.939,5,10,352085264.0
expanding_excavation,52712629,15.414,5,10,352096484.0
expanding_excavation,52729277,16.648,5,10,352147148.0
expanding_excavation,52747095,17.818,5,10,352195552.0
expanding_excavation,52762600,15.505,5,10,352241244.0
expanding_excavation,52779275,16.675,5,10,352289512.0
expanding_excavation,52797083,17.808,5,10,352301692.0
expanding_excavation,52812601,15.518,5,10,352351448.0
expanding_excavation,52829273,16.672,5,10,352399956.0
expanding_excavation,52847045,17.772,5,10,352456172.0
expanding_excavation,52862610,15.565,5,10,352460524.0
expanding_excavation,52879271,16.661,5,10,352514148.0
expanding_excavation,52897343,18.072,5,10,352562216.0
expanding_excavation,52912598,15.255,5,10,352603868.0
expanding_excavation,52929262,16.664,5,10,352650988.0
expanding_excavation,52947059,17.797,5,10,352661180.0
expanding_excavation,52962594,15.535,5,10,352715734.0
expanding_excavation,52979273,16.679,5,10,352757336.0
expanding_excavation,52997167,17.894,5,10,352807104.0
expanding_excavation,53012612,15.445,5,10,352815804.0
expanding_excavation,53029261,16.649,5,10,352873290.0
expanding_excavation,53047048,17.787,5,10,352915996.0
expanding_excavation,53062589,15.541,5,10,352960184.0
expanding_excavation,53079257,16.668,5,10,352974044.0
expanding_excavation,53097029,17.772,5,10,353027418.0
expanding_excavation,53112585,15.556,5,10,353067548.0
expanding_excavation,53129268,16.683,5,10,353074508.0
expanding_excavation,53147040,17.772,5,10,353125204.0
expanding_excavation,53162583,15.543,5,10,353173212.0
expanding_excavation,53179269,16.686,5,10,353214984.0
expanding_excavation,53197039,17.77,5,10,353263636.0
expanding_excavation,53212604,15.565,5,10,353275820.0
expanding_excavation,53229250,16.646,5,10,353326710.0
expanding_excavation,53247105,17.855,5,10,353371180.0
expanding_excavation,53262581,15.476,5,10,353418156.0
expanding_excavation,53279253,16.672,5,10,353464928.0
expanding_excavation,53297053,17.8,5,10,353477100.0
expanding_excavation,53312577,15.524,5,10,353533760.0
expanding_excavation,53329248,16.671,5,10,353579974.0
expanding_excavation,53347050,17.802,5,10,353623752.0
expanding_excavation,53362578,15.528,5,10,353677596.0
expanding_excavation,53379243,16.665,5,10,353724706.0
expanding_excavation,53397081,17.838,5,10,353771868.0
expanding_excavation,53412578,15.497,5,10,353783780.0
expanding_excavation,53429246,16.668,5,10,353838508.0
expanding_excavation,53447106,17.86,5,10,353886484.0
expanding_excavation,53462574,15.468,5,10,353930044.0
expanding_excavation,53479240,16.666,5,10,353980238.0
expanding_excavation,53497009,17.769,5,10,354030990.0
expanding_excavation,53512575,15.566,3,10,354080380.0
expanding_excavation,53529250,16.675,3,10,354304556.0
expanding_excavation,53547067,17.817,3,10,354417248.0
expanding_excavation,53562579,15.512,2,10,354668248.0
expanding_excavation,53579239,16.66,4,10,354353720.0
expanding_excavation,53597002,17.763,5,10,354591758.0
expanding_excavation,53612578,15.576,5,10,354833072.0
expanding_excavation,53629241,16.663,5,10,355096592.0
expanding_excavation,53646982,17.741,5,10,355317220.0
expanding_excavation,53662568,15.586,5,10,355610028.0
expanding_excavation,53679238,16.67,5,10,355803704.0
expanding_excavation,53697000,17.762,5,10,356032964.0
expanding_excavation,53712570,15.57,5,10,356253064.0
expanding_excavation,53729969,17.399,5,10,356458998.0
expanding_excavation,53746979,17.01,5,10,356758110.0
expanding_excavation,53762573,15.594,5,10,356920240.0
expanding_excavation,53779225,16.652,5,10,357147112.0
expanding_excavation,53797196,17.971,5,10,357445840.0
expanding_excavation,53812561,15.365,5,10,356914396.0
expanding_excavation,53829230,16.669,5,10,356962180.0
expanding_excavation,53847063,17.833,5,10,357070798.0
expanding_excavation,53862557,15.494,5,10,357035076.0
expanding_excavation,53879224,16.667,5,10,357098740.0
expanding_excavation,53896971,17.747,5,10,357161778.0
expanding_excavation,53912571,15.6,5,10,357203644.0
expanding_excavation,53929222,16.651,5,10,357256040.0
expanding_excavation,53946956,17.734,5,10,357315752.0
expanding_excavation,53962550,15.594,5,10,357377446.0
expanding_excavation,53979223,16.673,5,10,357470836.0
expanding_excavation,53997149,17.926,5,10,357529048.0
expanding_excavation,54012554,15.405,5,10,357575614.0
expanding_excavation,54029217,16.663,5,10,357657034.0
expanding_excavation,54046946,17.729,5,10,357732762.0
expanding_excavation,54062553,15.607,5,10,357789624.0
expanding_excavation,54079215,16.662,5,10,357844736.0
expanding_excavation,54096920,17.705,5,10,357921452.0
expanding_excavation,54112547,15.627,5,10,357979960.0
expanding_excavation,54129213,16.666,5,10,357987512.0
expanding_excavation,54146949,17.736,5,10,358048488.0
expanding_excavation,54162549,15.6,5,10,358100084.0
expanding_excavation,54179224,16.675,5,10,358112272.0
expanding_excavation,54196928,17.704,5,10,358174768.0
expanding_excavation,54212539,15.611,5,10,358228488.0
expanding_excavation,54229214,16.675,5,10,358280312.0
expanding_excavation,54246901,17.687,5,10,358402154.0
expanding_excavation,54262548,15.647,5,10,358360608.0
expanding_excavation,54279337,16.789,5,10,358414236.0
expanding_excavation,54296919,17.582,5,10,358463964.0
expanding_excavation,54312547,15.628,5,10,358523490.0
expanding_excavation,54329219,16.672,5,10,358531200.0
expanding_excavation,54346913,17.694,5,10,358591772.0
expanding_excavation,54362539,15.626,5,10,358646076.0
expanding_excavation,54379212,16.673,5,10,358699008.0
expanding_excavation,54396942,17.73,5,10,358707980.0
expanding_excavation,54412544,15.602,5,10,358765698.0
expanding_excavation,54429220,16.676,5,10,358810828.0
expanding_excavation,54446891,17.671,5,10,358827280.0
expanding_excavation,54462537,15.646,5,10,358870516.0
expanding_excavation,54479212,16.675,5,10,358879216.0
expanding_excavation,54496892,17.68,5,10,358943886.0
expanding_excavation,54512539,15.647,5,10,359024488.0
expanding_excavation,54529202,16.663,5,10,359064844.0
expanding_excavation,54546913,17.711,5,10,359122008.0
expanding_excavation,54562872,15.959,5,10,359207844.0
expanding_excavation,54579193,16.321,5,10,359289574.0
expanding_excavation,54596975,17.782,5,10,359344808.0
expanding_excavation,54612540,15.565,5,10,359351576.0
expanding_excavation,54629381,16.841,5,10,359412660.0
expanding_excavation,54646868,17.487,5,10,359466540.0
expanding_excavation,54662530,15.662,5,10,359558444.0
expanding_excavation,54679193,16.663,5,10,359591428.0
expanding_excavation,54696879,17.686,5,10,359656114.0
expanding_excavation,54712531,15.652,5,10,359707150.0
expanding_excavation,54729206,16.675,5,10,359753336.0
expanding_excavation,54746924,17.718,5,10,359849860.0
expanding_excavation,54762536,15.612,5,10,359854472.0
expanding_excavation,54779189,16.653,5,10,359983036.0
expanding_excavation,54796883,17.694,5,10,360043190.0
expanding_excavation,54812523,15.64,5,10,360123762.0
expanding_excavation,54829379,16.856,5,10,360137596.0
expanding_excavation,54846936,17.557,5,10,360202644.0
expanding_excavation,54862522,15.586,5,10,360250360.0
expanding_excavation,54879185,16.663,5,10,360306812.0
expanding_excavation,54896876,17.691,5,10,360352248.0
expanding_excavation,54912529,15.653,5,10,360366468.0
expanding_excavation,54929179,16.65,5,10,360437226.0
expanding_excavation,54946869,17.69,5,10,360559668.0
expanding_excavation,54962512,15.643,5,10,360623732.0
expanding_excavation,54979185,16.673,1,10,360830063.0
expanding_excavation,54996978,17.793,2,10,361004028.0
expanding_excavation,55012516,15.538,1,10,361254528.0
expanding_excavation,55029195,16.679,0,10,361410740.0
expanding_excavation,55046901,17.706,4,10,361538436.0
expanding_excavation,55062516,15.615,4,10,361407644.0
expanding_excavation,55079177,16.661,4,10,361849212.0
expanding_excavation,55096887,17.71,4,10,361818400.0
expanding_excavation,55112522,15.635,3,10,362268368.0
expanding_excavation,55129175,16.653,3,10,361881032.0
expanding_excavation,55146921,17.746,4,10,362210188.0
expanding_excavation,55162507,15.586,0,10,362567232.0
expanding_excavation,55179183,16.676,0,10,362759604.0
expanding_excavation,55196916,17.733,0,10,362927422.0
expanding_excavation,55212524,15.608,0,10,363173568.0
expanding_excavation,55229180,16.656,4,10,362775212.0
expanding_excavation,55246932,17.752,4,10,363167752.0
expanding_excavation,55262505,15.573,4,10,363509600.0
expanding_excavation,55279176,16.671,4,10,363437916.0
expanding_excavation,55296895,17.719,3,10,364227588.0
expanding_excavation,55312506,15.611,3,10,363619518.0
expanding_excavation,55329179,16.673,4,10,363753924.0
expanding_excavation,55346897,17.718,4,10,363916956.0
expanding_excavation,55362517,15.62,4,10,364120292.0
expanding_excavation,55379196,16.679,4,10,364307960.0
expanding_excavation,55396933,17.737,4,10,364463244.0
expanding_excavation,55412512,15.579,4,10,364738368.0
expanding_excavation,55429174,16.662,4,10,365009768.0
expanding_excavation,55446901,17.727,4,10,365056910.0
expanding_excavation,55462493,15.592,4,10,365446698.0
expanding_excavation,55479166,16.673,4,10,365711844.0
expanding_excavation,55496918,17.752,4,10,365993400.0
expanding_excavation,55512508,15.59,4,10,366162256.0
expanding_excavation,55529180,16.672,4,10,366386388.0
expanding_excavation,55546921,17.741,4,10,366555336.0
expanding_excavation,55562510,15.589,4,10,366732472.0
expanding_excavation,55579172,16.662,4,10,366892784.0
expanding_excavation,55596956,17.784,4,10,367074876.0
expanding_excavation,55612493,15.537,4,10,367554132.0
expanding_excavation,55629156,16.663,4,10,367921776.0
expanding_excavation,55645850,16.694,4,10,368186852.0
expanding_excavation,55663883,18.033,4,10,368262828.0
expanding_excavation,55679160,15.277,4,10,368275008.0
expanding_excavation,55696944,17.784,4,10,368338184.0
expanding_excavation,55712499,15.555,4,10,368338184.0
expanding_excavation,55729163,16.664,4,10,368338184.0
expanding_excavation,55746979,17.816,4,10,368338184.0
expanding_excavation,55762502,15.523,4,10,368338184.0
expanding_excavation,55779160,16.658,4,10,368338184.0
expanding_excavation,55795833,16.673,4,10,368338184.0
expanding_excavation,55812476,16.643,4,10,368527868.0
expanding_excavation,55829147,16.671,4,10,368590610.0
expanding_excavation,55846928,17.781,4,10,368611552.0
expanding_excavation,55862475,15.547,4,10,368673920.0
expanding_excavation,55879141,16.666,4,10,368733904.0
expanding_excavation,55896141,17.0,4,10,368800204.0
expanding_excavation,55912491,16.35,4,10,368805428.0
expanding_excavation,55929153,16.662,4,10,368805432.0
expanding_excavation,55946904,17.751,4,10,368805432.0
expanding_excavation,55962490,15.586,4,10,368805432.0
expanding_excavation,55979149,16.659,4,10,368805432.0
expanding_excavation,55996963,17.814,4,10,368809224.0
expanding_excavation,56012491,15.528,4,10,368809224.0
expanding_excavation,56029139,16.648,4,10,369024508.0
expanding_excavation,56046971,17.832,4,10,369033208.0
expanding_excavation,56062597,15.626,4,10,369033208.0
expanding_excavation,56079138,16.541,4,10,369087632.0
expanding_excavation,56096993,17.855,4,10,369154988.0
expanding_excavation,56112469,15.476,4,10,369227892.0
expanding_excavation,56129146,16.677,4,10,369270056.0
expanding_excavation,56146955,17.809,0,10,369668100.0
expanding_excavation,56162480,15.525,0,10,369687020.0
expanding_excavation,56179124,16.644,0,10,369845140.0
expanding_excavation,56196984,17.86,0,10,370096648.0
expanding_excavation,56212572,15.588,4,10,369737666.0
expanding_excavation,56229143,16.571,6,10,369869276.0
expanding_excavation,56246997,17.854,6,10,370064820.0
expanding_excavation,56262491,15.494,6,10,370379660.0
expanding_excavation,56279133,16.642,6,10,370512428.0
expanding_excavation,56297047,17.914,6,10,370716652.0
expanding_excavation,56312473,15.426,6,10,370734120.0
expanding_excavation,56329143,16.67,6,10,370796580.0
expanding_excavation,56346971,17.828,6,10,370892900.0
expanding_excavation,56362463,15.492,6,10,370959290.0
expanding_excavation,56379123,16.66,6,10,371013698.0
expanding_excavation,56395899,16.776,6,10,371065062.0
expanding_excavation,56412465,16.566,6,10,371074512.0
expanding_excavation,56429130,16.665,6,10,371176852.0
expanding_excavation,56446785,17.655,6,10,371240812.0
expanding_excavation,56462457,15.672,6,10,371293432.0
expanding_excavation,56479121,16.664,6,10,371369584.0
expanding_excavation,56496831,17.71,6,10,371419288.0
expanding_excavation,56512451,15.62,6,10,371506824.0
expanding_excavation,56529112,16.661,6,10,371555952.0
expanding_excavation,56546982,17.87,4,10,371674480.0
expanding_excavation,56562446,15.464,4,10,371904884.0
expanding_excavation,56579110,16.664,4,10,371889244.0
expanding_excavation,56595814,16.704,3,10,372190760.0
expanding_excavation,56612453,16.639,4,10,371868052.0
expanding_excavation,56629125,16.672,5,10,372056800.0
expanding_excavation,56645780,16.655,5,10,372279646.0
expanding_excavation,56662445,16.665,5,10,372261392.0
expanding_excavation,56679111,16.666,5,10,372310492.0
expanding_excavation,56695776,16.665,5,10,372364116.0
expanding_excavation,56712444,16.668,5,10,372416602.0
expanding_excavation,56729121,16.677,5,10,372424312.0
expanding_excavation,56745792,16.671,5,10,372480152.0
expanding_excavation,56762450,16.658,5,10,372530376.0
expanding_excavation,56779109,16.659,5,10,372580034.0
expanding_excavation,56795785,16.676,5,10,372626426.0
expanding_excavation,56812450,16.665,5,10,372632584.0
expanding_excavation,56829121,16.671,5,10,372683528.0
expanding_excavation,56845783,16.662,5,10,372738106.0
expanding_excavation,56862437,16.654,5,10,372786232.0
expanding_excavation,56879100,16.663,5,10,372833620.0
expanding_excavation,56895776,16.676,5,10,372882316.0
expanding_excavation,56912442,16.666,5,10,372936770.0
expanding_excavation,56929100,16.658,5,10,372982974.0
expanding_excavation,56945776,16.676,5,10,372994104.0
expanding_excavation,56962433,16.657,5,10,373044240.0
expanding_excavation,56979093,16.66,5,10,373092772.0
expanding_excavation,56995763,16.67,5,10,373141384.0
expanding_excavation,57012428,16.665,5,10,373193172.0
expanding_excavation,57029097,16.669,5,10,373246020.0
expanding_excavation,57045843,16.746,5,10,373291576.0
expanding_excavation,57062423,16.58,5,10,373341952.0
expanding_excavation,57079114,16.691,5,10,373347768.0
expanding_excavation,57095770,16.656,5,10,373395098.0
expanding_excavation,57112449,16.679,5,10,373438816.0
expanding_excavation,57129149,16.7,5,10,373449248.0
expanding_excavation,57145763,16.614,5,10,373496232.0
expanding_excavation,57162425,16.662,5,10,373543944.0
expanding_excavation,57179105,16.68,5,10,373588088.0
expanding_excavation,57195768,16.663,5,10,373600272.0
expanding_excavation,57212421,16.653,5,10,373654606.0
expanding_excavation,57229142,16.721,5,10,373698226.0
expanding_excavation,57245758,16.616,5,10,373750680.0
expanding_excavation,57262440,16.682,5,10,373754752.0
expanding_excavation,57279124,16.684,5,10,373807192.0
expanding_excavation,57295759,16.635,5,10,373862336.0
expanding_excavation,57312417,16.658,5,10,373913964.0
expanding_excavation,57329089,16.672,5,10,373957792.0
expanding_excavation,57345765,16.676,5,10,373968232.0
expanding_excavation,57362425,16.66,5,10,374017244.0
expanding_excavation,57379090,16.665,5,10,374064036.0
expanding_excavation,57395912,16.822,5,10,374113584.0
expanding_excavation,57412417,16.505,5,10,374163588.0
expanding_excavation,57429109,16.692,5,10,374175768.0
expanding_excavation,57445762,16.653,5,10,374227392.0
expanding_excavation,57462412,16.65,5,10,374282378.0
expanding_excavation,57479086,16.674,5,10,374332006.0
expanding_excavation,57495759,16.673,5,10,374341456.0
expanding_excavation,57512416,16.657,5,10,374393660.0
expanding_excavation,57529091,16.675,5,10,374442450.0
expanding_excavation,57545758,16.667,5,10,374486590.0
expanding_excavation,57562418,16.66,5,10,374494484.0
expanding_excavation,57579095,16.677,5,10,374542292.0
expanding_excavation,57595790,16.695,5,10,374679982.0
expanding_excavation,57612412,16.622,5,10,374801580.0
expanding_excavation,57629091,16.679,5,10,374811500.0
expanding_excavation,57645740,16.649,5,10,374945410.0
expanding_excavation,57662413,16.673,5,10,375083908.0
expanding_excavation,57679119,16.706,5,10,375174868.0
expanding_excavation,57695742,16.623,5,10,375247216.0
expanding_excavation,57712403,16.661,5,10,375415494.0
expanding_excavation,57729073,16.67,5,10,375501132.0
expanding_excavation,57745733,16.66,5,10,375583464.0
expanding_excavation,57762401,16.668,5,10,375745936.0
expanding_excavation,57779081,16.68,5,10,375759334.0
expanding_excavation,57795732,16.651,5,10,375774998.0
expanding_excavation,57812395,16.663,5,10,375789148.0
expanding_excavation,57829070,16.675,5,10,375812756.0
expanding_excavation,57845721,16.651,5,10,375830156.0
expanding_excavation,57862402,16.681,5,10,375851000.0
expanding_excavation,57879060,16.658,3,10,375867230.0
expanding_excavation,57895738,16.678,4,10,376168964.0
expanding_excavation,57912388,16.65,4,10,376296552.0
expanding_excavation,57929068,16.68,1,10,376557404.0
expanding_excavation,57945723,16.655,5,10,376261292.0
expanding_excavation,57962390,16.667,7,10,376573260.0
expanding_excavation,57979062,16.672,7,10,376872890.0
expanding_excavation,57995723,16.661,7,10,377052020.0
expanding_excavation,58012391,16.668,7,10,377268768.0
expanding_excavation,58029060,16.669,7,10,377640162.0
expanding_excavation,58045729,16.669,7,10,377829820.0
expanding_excavation,58062388,16.659,7,10,378137146.0
expanding_excavation,58079067,16.679,7,10,378351588.0
expanding_excavation,58095739,16.672,7,10,378514308.0
expanding_excavation,58112399,16.66,7,10,378721480.0
expanding_excavation,58129063,16.664,7,10,378869000.0
expanding_excavation,58145725,16.662,7,10,379195832.0
expanding_excavation,58162397,16.672,7,10,378632460.0
expanding_excavation,58179066,16.669,7,10,378636028.0
expanding_excavation,58195731,16.665,7,10,378636028.0
expanding_excavation,58212403,16.672,7,10,378636028.0
expanding_excavation,58229055,16.652,7,10,378636028.0
expanding_excavation,58245715,16.66,7,10,378796084.0
expanding_excavation,58262376,16.661,7,10,378921520.0
expanding_excavation,58279055,16.679,7,10,378923780.0
expanding_excavation,58295736,16.681,7,10,378923780.0
expanding_excavation,58312394,16.658,7,10,378923780.0
expanding_excavation,58329043,16.649,7,10,379053560.0
expanding_excavation,58345720,16.677,7,10,379126540.0
expanding_excavation,58362385,16.665,7,10,379126540.0
expanding_excavation,58379062,16.677,7,10,379126540.0
expanding_excavation,58395719,16.657,7,10,379126540.0
expanding_excavation,58412380,16.661,7,10,379126540.0
expanding_excavation,58429134,16.754,7,10,379126540.0
expanding_excavation,58445715,16.581,7,10,379126540.0
expanding_excavation,58462388,16.673,7,10,379126540.0
expanding_excavation,58479052,16.664,7,10,379296264.0
expanding_excavation,58495713,16.661,7,10,379296264.0
expanding_excavation,58512380,16.667,7,10,379296264.0
expanding_excavation,58529046,16.666,7,10,379296264.0
expanding_excavation,58545707,16.661,7,10,379488496.0
expanding_excavation,58562375,16.668,7,10,379492012.0
expanding_excavation,58579054,16.679,7,10,379492012.0
expanding_excavation,58595709,16.655,7,10,379492012.0
expanding_excavation,58612374,16.665,7,10,379492012.0
expanding_excavation,58629042,16.668,7,10,379497700.0
expanding_excavation,58645704,16.662,7,10,379497700.0
expanding_excavation,58662373,16.669,7,10,379653416.0
expanding_excavation,58679036,16.663,7,10,379653416.0
expanding_excavation,58695705,16.669,7,10,379653416.0
expanding_excavation,58712381,16.676,7,10,379802252.0
expanding_excavation,58729040,16.659,7,10,379810952.0
expanding_excavation,58745719,16.679,7,10,379870388.0
expanding_excavation,58762365,16.646,7,10,379922238.0
expanding_excavation,58779036,16.671,7,10,380010836.0
expanding_excavation,58795704,16.668,7,10,380010836.0
expanding_excavation,58812373,16.669,7,10,380010836.0
expanding_excavation,58830321,17.948,7,10,380010836.0
expanding_excavation,58845691,15.37,7,10,380121828.0
expanding_excavation,58862366,16.675,7,10,380121832.0
expanding_excavation,58880188,17.822,7,10,380121832.0
expanding_excavation,58895697,15.509,7,10,380315732.0
expanding_excavation,58912363,16.666,7,10,380270284.0
expanding_excavation,58930055,17.692,7,10,380270284.0
expanding_excavation,58945698,15.643,7,10,380270284.0
expanding_excavation,58962359,16.661,7,10,380270284.0
expanding_excavation,58979926,17.567,7,10,380270284.0
expanding_excavation,58995877,15.951,7,10,380270284.0
expanding_excavation,59012356,16.479,7,10,380416144.0
expanding_excavation,59029787,17.431,7,10,380416144.0
expanding_excavation,59045696,15.909,7,10,380416144.0
expanding_excavation,59062367,16.671,7,10,380416144.0
expanding_excavation,59079639,17.272,7,10,380566746.0
expanding_excavation,59095693,16.054,5,10,380614108.0
expanding_excavation,59112343,16.65,5,10,380768520.0
expanding_excavation,59129508,17.165,5,10,380958880.0
expanding_excavation,59145701,16.193,4,10,381145516.0
expanding_excavation,59162366,16.665,4,10,381325988.0
expanding_excavation,59179411,17.045,4,10,380833720.0
expanding_excavation,59195675,16.264,5,10,381048584.0
expanding_excavation,59212349,16.674,5,10,381170898.0
expanding_excavation,59229260,16.911,5,10,381418172.0
expanding_excavation,59245676,16.416,5,10,381688012.0
expanding_excavation,59262360,16.684,5,10,381752408.0
expanding_excavation,59279125,16.765,5,10,381644112.0
expanding_excavation,59295670,16.545,5,10,381697922.0
expanding_excavation,59312358,16.688,5,10,381754652.0
expanding_excavation,59329003,16.645,5,10,381802440.0
expanding_excavation,59345673,16.67,5,10,381850676.0
expanding_excavation,59362335,16.662,5,10,381896300.0
expanding_excavation,59379013,16.678,5,10,381970092.0
expanding_excavation,59395681,16.668,5,10,381958144.0
expanding_excavation,59412335,16.654,5,10,382009112.0
expanding_excavation,59429019,16.684,5,10,382058476.0
expanding_excavation,59445668,16.649,5,10,382105868.0
expanding_excavation,59462329,16.661,5,10,382157896.0
expanding_excavation,59479014,16.685,5,10,382209240.0
expanding_excavation,59495662,16.648,5,10,382257516.0
expanding_excavation,59512342,16.68,5,10,382269692.0
expanding_excavation,59529012,16.67,5,10,382318924.0
expanding_excavation,59545694,16.682,5,10,382374740.0
expanding_excavation,59562329,16.635,5,10,382421142.0
expanding_excavation,59578996,16.667,5,10,382472860.0
expanding_excavation,59595662,16.666,5,10,382514720.0
expanding_excavation,59612323,16.661,5,10,382573214.0
expanding_excavation,59628985,16.662,5,10,382616788.0
expanding_excavation,59645669,16.684,5,10,382631488.0
expanding_excavation,59662333,16.664,5,10,382682904.0
expanding_excavation,59678995,16.662,5,10,382732368.0
expanding_excavation,59695667,16.672,5,10,382783384.0
expanding_excavation,59712318,16.651,5,10,382832960.0
expanding_excavation,59728985,16.667,5,10,382881492.0
expanding_excavation,59745653,16.668,5,10,382931656.0
expanding_excavation,59762316,16.663,5,10,383032484.0
expanding_excavation,59778984,16.668,5,10,383087460.0
expanding_excavation,59795661,16.677,5,10,383099640.0
expanding_excavation,59812334,16.673,5,10,383154848.0
expanding_excavation,59828987,16.653,5,10,383207216.0
expanding_excavation,59845648,16.661,5,10,383261870.0
expanding_excavation,59862309,16.661,5,10,383315132.0
expanding_excavation,59878977,16.668,5,10,383361788.0
expanding_excavation,59895647,16.67,5,10,383414224.0
expanding_excavation,59912314,16.667,5,10,383481960.0
expanding_excavation,59928978,16.664,5,10,383547958.0
expanding_excavation,59947682,18.704,5,10,383623740.0
expanding_excavation,59962307,14.625,5,10,383675266.0
expanding_excavation,59978976,16.669,5,10,383750786.0
expanding_excavation,59997558,18.582,5,10,383826610.0
expanding_excavation,60012321,14.763,5,10,383834432.0
expanding_excavation,60028976,16.655,5,10,383897832.0
expanding_excavation,60045653,16.677,5,10,383954592.0
expanding_excavation,60062308,16.655,5,10,384009168.0
expanding_excavation,60078977,16.669,5,10,384069400.0
expanding_excavation,60095663,16.686,5,10,384081580.0
expanding_excavation,60112310,16.647,5,10,384144878.0
expanding_excavation,60128983,16.673,5,10,384147556.0
expanding_excavation,60145641,16.658,5,10,384217404.0
expanding_excavation,60162308,16.667,5,10,384279598.0
expanding_excavation,60178991,16.683,5,10,384285756.0
expanding_excavation,60195644,16.653,5,10,384347092.0
expanding_excavation,60212315,16.671,5,10,384354984.0
expanding_excavation,60228983,16.668,5,10,384425318.0
expanding_excavation,60247645,18.662,5,10,384507076.0
expanding_excavation,60262309,14.664,5,10,384517516.0
expanding_excavation,60278962,16.653,5,10,384598660.0
expanding_excavation,60297555,18.593,5,10,384688286.0
expanding_excavation,60312305,14.75,5,10,384723008.0
expanding_excavation,60329130,16.825,5,10,384775656.0
expanding_excavation,60347425,18.295,5,10,384863908.0
expanding_excavation,60362317,14.892,5,10,384878356.0
expanding_excavation,60379195,16.878,5,10,384944974.0
expanding_excavation,60397339,18.144,5,10,385002736.0
expanding_excavation,60412312,14.973,5,10,385003740.0
expanding_excavation,60428978,16.666,5,10,385065772.0
expanding_excavation,60447293,18.315,5,10,385122760.0
expanding_excavation,60462292,14.999,5,10,385179880.0
expanding_excavation,60478955,16.663,3,10,385232796.0
expanding_excavation,60497309,18.354,3,10,385450136.0
expanding_excavation,60512289,14.98,3,10,385460212.0
expanding_excavation,60528972,16.683,2,10,385892284.0
expanding_excavation,60547308,18.336,4,10,385432272.0
expanding_excavation,60562308,15.0,5,10,385723992.0
expanding_excavation,60578978,16.67,5,10,385944988.0
expanding_excavation,60597293,18.315,5,10,386190476.0
expanding_excavation,60612303,15.01,5,10,386394924.0
expanding_excavation,60628972,16.669,5,10,386579760.0
expanding_excavation,60647328,18.356,5,10,386874108.0
expanding_excavation,60662310,14.982,5,10,387056964.0
expanding_excavation,60678970,16.66,5,10,387276148.0
expanding_excavation,60697288,18.318,5,10,387551436.0
expanding_excavation,60712296,15.008,5,10,387784316.0
expanding_excavation,60728968,16.672,5,10,388195808.0
expanding_excavation,60747281,18.313,5,10,388475156.0
expanding_excavation,60762296,15.015,5,10,388070036.0
expanding_excavation,60778958,16.662,5,10,388359220.0
expanding_excavation,60795733,16.775,5,10,388417844.0
expanding_excavation,60812277,16.544,5,10,388474400.0
expanding_excavation,60829130,16.853,5,10,388531412.0
expanding_excavation,60847134,18.004,5,10,388584392.0
expanding_excavation,60862274,15.14,1,10,388636956.0
expanding_excavation,60878953,16.679,3,10,388880460.0
expanding_excavation,60897153,18.2,2,10,388999628.0
expanding_excavation,60912272,15.119,1,10,389308672.0
expanding_excavation,60929033,16.761,5,10,388947184.0
expanding_excavation,60945600,16.567,6,10,389181344.0
expanding_excavation,60962279,16.679,6,10,389385168.0
expanding_excavation,60978940,16.661,6,10,389337524.0
expanding_excavation,60995618,16.678,6,10,389386984.0
expanding_excavation,61012275,16.657,6,10,389401500.0
expanding_excavation,61028944,16.669,6,10,389455324.0
expanding_excavation,61047385,18.441,6,10,389511604.0
expanding_excavation,61062274,14.889,6,10,389566404.0
expanding_excavation,61078945,16.671,6,10,389623168.0
expanding_excavation,61097256,18.311,6,10,389677756.0
expanding_excavation,61112291,15.035,6,10,389685100.0
expanding_excavation,61128936,16.645,6,10,389738892.0
expanding_excavation,61147226,18.29,6,10,389794692.0
expanding_excavation,61162271,15.045,6,10,389805178.0
expanding_excavation,61178934,16.663,6,10,389853920.0
expanding_excavation,61197215,18.281,6,10,389909096.0
expanding_excavation,61212284,15.069,6,10,389921276.0
expanding_excavation,61228930,16.646,6,10,389976864.0
expanding_excavation,61247201,18.271,3,10,390028974.0
expanding_excavation,61262402,15.201,4,10,390287072.0
expanding_excavation,61278921,16.519,4,10,390353712.0
expanding_excavation,61297221,18.3,3,10,390666036.0
expanding_excavation,61312275,15.054,4,10,390287352.0
expanding_excavation,61329158,16.883,5,10,390466872.0
expanding_excavation,61347223,18.065,5,10,390759292.0
expanding_excavation,61362266,15.043,5,10,390659364.0
expanding_excavation,61378933,16.667,5,10,390671760.0
expanding_excavation,61397250,18.317,5,10,390726712.0
expanding_excavation,61412259,15.009,5,10,390775104.0
expanding_excavation,61428922,16.663,5,10,390822284.0
expanding_excavation,61447192,18.27,5,10,390834460.0
expanding_excavation,61462258,15.066,5,10,390885544.0
expanding_excavation,61478931,16.673,5,10,390930400.0
expanding_excavation,61497211,18.28,5,10,390983928.0
expanding_excavation,61512259,15.048,5,10,390992632.0
expanding_excavation,61528929,16.67,5,10,391046476.0
expanding_excavation,61547236,18.307,5,10,391103860.0
expanding_excavation,61562260,15.024,5,10,391147452.0
expanding_excavation,61578965,16.705,5,10,391154744.0
expanding_excavation,61597148,18.183,5,10,391209312.0
expanding_excavation,61612255,15.107,5,10,391266656.0
expanding_excavation,61628912,16.657,5,10,391318534.0
expanding_excavation,61647094,18.182,5,10,391370822.0
expanding_excavation,61662248,15.154,5,10,391410428.0
expanding_excavation,61678922,16.674,5,10,391422608.0
expanding_excavation,61697087,18.165,5,10,391476680.0
expanding_excavation,61712254,15.167,5,10,391535700.0
expanding_excavation,61728908,16.654,5,10,391582620.0
expanding_excavation,61747055,18.147,5,10,391645064.0
expanding_excavation,61762248,15.193,5,10,391692892.0
expanding_excavation,61778908,16.66,5,10,391747888.0
expanding_excavation,61797080,18.172,5,10,391798432.0
expanding_excavation,61812239,15.159,5,10,391811018.0
expanding_excavation,61828913,16.674,5,10,391850624.0
expanding_excavation,61847107,18.194,5,10,391901364.0
expanding_excavation,61862230,15.123,5,10,391958184.0
expanding_excavation,61878927,16.697,5,10,391999504.0
expanding_excavation,61897100,18.173,5,10,392083472.0
expanding_excavation,61912230,15.13,5,10,392221424.0
expanding_excavation,61928920,16.69,5,10,392244380.0
expanding_excavation,61946999,18.079,5,10,392328240.0
expanding_excavation,61962231,15.232,5,10,392377568.0
expanding_excavation,61978900,16.669,5,10,392426664.0
expanding_excavation,61997017,18.117,5,10,392484028.0
expanding_excavation,62012244,15.227,5,10,392489488.0
expanding_excavation,62028925,16.681,5,10,392568640.0
expanding_excavation,62047001,18.076,5,10,392647572.0
expanding_excavation,62062226,15.225,5,10,392725856.0
expanding_excavation,62078894,16.668,5,10,392847232.0
expanding_excavation,62096995,18.101,5,10,392972604.0
expanding_excavation,62112230,15.235,5,10,393054704.0
expanding_excavation,62128898,16.668,5,10,393115568.0
expanding_excavation,62147006,18.108,5,10,393232240.0
expanding_excavation,62162227,15.221,5,10,393273300.0
expanding_excavation,62179998,17.771,5,10,393395156.0
expanding_excavation,62195562,15.564,5,10,393482144.0
expanding_excavation,62212230,16.668,5,10,393648072.0
expanding_excavation,62228901,16.671,5,10,393614132.0
expanding_excavation,62246172,17.271,5,10,393669892.0
expanding_excavation,62262218,16.046,5,10,393721824.0
expanding_excavation,62278886,16.668,5,10,393808820.0
expanding_excavation,62296979,18.093,5,10,393907248.0
expanding_excavation,62312234,15.255,5,10,394007560.0
expanding_excavation,62328897,16.663,5,10,394060628.0
expanding_excavation,62346993,18.096,5,10,394215632.0
expanding_excavation,62362226,15.233,5,10,394374480.0
expanding_excavation,62378890,16.664,5,10,394493896.0
expanding_excavation,62396981,18.091,5,10,394506500.0
expanding_excavation,62412214,15.233,5,10,394659132.0
expanding_excavation,62428886,16.672,5,10,394821602.0
expanding_excavation,62446947,18.061,5,10,394963800.0
expanding_excavation,62462220,15.273,5,10,395211504.0
expanding_excavation,62478888,16.668,5,10,395105392.0
expanding_excavation,62496932,18.044,5,10,395122792.0
expanding_excavation,62512209,15.277,5,10,395144400.0
expanding_excavation,62528880,16.671,5,10,395159800.0
expanding_excavation,62546923,18.043,5,10,395177200.0
expanding_excavation,62562213,15.29,5,10,395195060.0
expanding_excavation,62578889,16.676,5,10,395218928.0
expanding_excavation,62597022,18.133,3,10,395231360.0
expanding_excavation,62612213,15.191,3,10,395476080.0
expanding_excavation,62628873,16.66,3,10,395592004.0
expanding_excavation,62646982,18.109,0,10,395915852.0
expanding_excavation,62662210,15.228,5,10,395561864.0
expanding_excavation,62678894,16.684,7,10,395814256.0
expanding_excavation,62696975,18.081,7,10,396064904.0
expanding_excavation,62712201,15.226,7,10,396325440.0
expanding_excavation,62728876,16.675,7,10,396738908.0
expanding_excavation,62746975,18.099,7,10,396979144.0
expanding_excavation,62762211,15.236,7,10,397335904.0
expanding_excavation,62778895,16.684,7,10,397455368.0
expanding_excavation,62796990,18.095,7,10,397706912.0
expanding_excavation,62812220,15.23,7,10,397967828.0
expanding_excavation,62828874,16.654,7,10,398131836.0
expanding_excavation,62847001,18.127,7,10,398334344.0
expanding_excavation,62862222,15.221,7,10,398623892.0
expanding_excavation,62878884,16.662,7,10,398159892.0
expanding_excavation,62896989,18.105,7,10,398242472.0
expanding_excavation,62912223,15.234,7,10,398291768.0
expanding_excavation,62928874,16.651,7,10,398298728.0
expanding_excavation,62946982,18.108,7,10,398363424.0
expanding_excavation,62962215,15.233,7,10,398459390.0
expanding_excavation,62978877,16.662,7,10,398462788.0
expanding_excavation,62996979,18.102,5,10,398542766.0
expanding_excavation,63012198,15.219,5,10,398778212.0
expanding_excavation,63028867,16.669,5,10,398831136.0
expanding_excavation,63046976,18.109,4,10,399156036.0
expanding_excavation,63062196,15.22,4,10,398786620.0
expanding_excavation,63078870,16.674,5,10,399025712.0
expanding_excavation,63097171,18.301,5,10,399256632.0
expanding_excavation,63112209,15.038,5,10,399201656.0
expanding_excavation,63128876,16.667,5,10,399290774.0
expanding_excavation,63146966,18.09,5,10,399307552.0
expanding_excavation,63162185,15.219,5,10,399367016.0
expanding_excavation,63178865,16.68,5,10,399379192.0
expanding_excavation,63196972,18.107,5,10,399445500.0
expanding_excavation,63212183,15.211,5,10,399503456.0
expanding_excavation,63228850,16.667,5,10,399572998.0
expanding_excavation,63246942,18.092,5,10,399631780.0
expanding_excavation,63262176,15.234,5,10,399644580.0
expanding_excavation,63278857,16.681,5,10,399721326.0
expanding_excavation,63296944,18.087,5,10,399736396.0
expanding_excavation,63312193,15.249,5,10,399808316.0
expanding_excavation,63328858,16.665,5,10,399866760.0
expanding_excavation,63346960,18.102,5,10,399875460.0
expanding_excavation,63362177,15.217,5,10,399938496.0
expanding_excavation,63378851,16.674,5,10,400000804.0
expanding_excavation,63396923,18.072,5,10,400032484.0
expanding_excavation,63412594,15.671,5,10,400109116.0
expanding_excavation,63428855,16.261,5,10,400143414.0
expanding_excavation,63446968,18.113,5,10,400198296.0
expanding_excavation,63462180,15.212,5,10,400206996.0
expanding_excavation,63478843,16.663,5,10,400285592.0
expanding_excavation,63496941,18.098,5,10,400348534.0
expanding_excavation,63512184,15.243,5,10,400355140.0
expanding_excavation,63528851,16.667,5,10,400424160.0
expanding_excavation,63546955,18.104,5,10,400545388.0
expanding_excavation,63562174,15.219,5,10,400523364.0
expanding_excavation,63578844,16.67,5,10,400610484.0
expanding_excavation,63596946,18.102,5,10,400677240.0
expanding_excavation,63612186,15.24,5,10,400679996.0
expanding_excavation,63628837,16.651,5,10,400740664.0
expanding_excavation,63646976,18.139,5,10,400795960.0
expanding_excavation,63662172,15.196,5,10,400845360.0
expanding_excavation,63678851,16.679,5,10,400854060.0
expanding_excavation,63697162,18.311,5,10,400932454.0
expanding_excavation,63712177,15.015,5,10,400972104.0
expanding_excavation,63728831,16.654,5,10,401037456.0
expanding_excavation,63746953,18.122,5,10,401097692.0
expanding_excavation,63762175,15.222,5,10,401156816.0
expanding_excavation,63778844,16.669,5,10,401165176.0
expanding_excavation,63796957,18.113,5,10,401227160.0
expanding_excavation,63812167,15.21,5,10,401286406.0
expanding_excavation,63828839,16.672,5,10,401336828.0
expanding_excavation,63846951,18.112,5,10,401387884.0
expanding_excavation,63862158,15.207,5,10,401421376.0
expanding_excavation,63878840,16.682,5,10,401485196.0
expanding_excavation,63896954,18.114,5,10,401544540.0
expanding_excavation,63912177,15.223,5,10,401553240.0
expanding_excavation,63928835,16.658,5,10,401614406.0
expanding_excavation,63946963,18.128,5,10,401661896.0
expanding_excavation,63962164,15.201,5,10,401672336.0
expanding_excavation,63978933,16.769,5,10,401753202.0
expanding_excavation,63996947,18.014,5,10,401847855.0
expanding_excavation,64012158,15.211,5,10,401899380.0
expanding_excavation,64028837,16.679,5,10,401961688.0
expanding_excavation,64047084,18.247,5,10,402048644.0
expanding_excavation,64062146,15.062,5,10,402106308.0
expanding_excavation,64078817,16.671,5,10,402165140.0
expanding_excavation,64097466,18.649,5,10,402177320.0
expanding_excavation,64112149,14.683,5,10,402247848.0
expanding_excavation,64128827,16.678,5,10,402325888.0
expanding_excavation,64147332,18.505,5,10,402422988.0
expanding_excavation,64162150,14.818,5,10,402430404.0
expanding_excavation,64178811,16.661,5,10,402486820.0
expanding_excavation,64197217,18.406,5,10,402538840.0
expanding_excavation,64212149,14.932,5,10,402586148.0
expanding_excavation,64228813,16.664,5,10,402645684.0
expanding_excavation,64247111,18.298,5,10,402657864.0
expanding_excavation,64262142,15.031,5,10,402746926.0
expanding_excavation,64278808,16.666,5,10,402840928.0
expanding_excavation,64297026,18.218,5,10,402925640.0
expanding_excavation,64312151,15.125,5,10,402935092.0
expanding_excavation,64328808,16.657,5,10,402991196.0
expanding_excavation,64347007,18.199,5,10,403039928.0
expanding_excavation,64362143,15.136,5,10,403088632.0
expanding_excavation,64378815,16.672,5,10,403096500.0
expanding_excavation,64397095,18.28,5,10,403144732.0
expanding_excavation,64412135,15.04,5,10,403234292.0
expanding_excavation,64428815,16.68,5,10,403309612.0
expanding_excavation,64447102,18.287,5,10,403307892.0
expanding_excavation,64462133,15.031,5,10,403364992.0
expanding_excavation,64478798,16.665,5,10,403412372.0
expanding_excavation,64497476,18.678,5,10,403465658.0
expanding_excavation,64512136,14.66,5,10,403470792.0
expanding_excavation,64529021,16.885,5,10,403516864.0
expanding_excavation,64547412,18.391,5,10,403563860.0
expanding_excavation,64562166,14.754,5,10,403574300.0
expanding_excavation,64578822,16.656,3,10,403623656.0
expanding_excavation,64597213,18.391,3,10,403923560.0
expanding_excavation,64612137,14.924,3,10,403964100.0
expanding_excavation,64628805,16.668,2,10,404299288.0
expanding_excavation,64647493,18.688,4,10,403922874.0
expanding_excavation,64662304,14.811,5,10,404124112.0
expanding_excavation,64679023,16.719,5,10,404314952.0
expanding_excavation,64697466,18.443,5,10,404588592.0
expanding_excavation,64712124,14.658,5,10,404801312.0
expanding_excavation,64728797,16.673,5,10,404943480.0
expanding_excavation,64747328,18.531,5,10,405213568.0
expanding_excavation,64762134,14.806,5,10,405483620.0
expanding_excavation,64778795,16.661,5,10,405610695.0
expanding_excavation,64797204,18.409,5,10,405890080.0
expanding_excavation,64812170,14.966,5,10,406100856.0
expanding_excavation,64828869,16.699,5,10,406273056.0
expanding_excavation,64847154,18.285,5,10,406567400.0
expanding_excavation,64862131,14.977,5,10,406777732.0
expanding_excavation,64878787,16.656,5,10,406404038.0
expanding_excavation,64897175,18.388,5,10,406410208.0
expanding_excavation,64912123,14.948,5,10,406465560.0
expanding_excavation,64928779,16.656,5,10,406512960.0
expanding_excavation,64947145,18.366,5,10,406588712.0
expanding_excavation,64962115,14.97,5,10,406630700.0
expanding_excavation,64978779,16.664,5,10,406689852.0
expanding_excavation,64997461,18.682,5,10,406794820.0
expanding_excavation,65012130,14.669,5,10,406839211.0
expanding_excavation,65028790,16.66,5,10,406849580.0
expanding_excavation,65047457,18.667,5,10,406904256.0
expanding_excavation,65062111,14.654,5,10,406955136.0
expanding_excavation,65079214,17.103,5,10,406965576.0
expanding_excavation,65097601,18.387,5,10,407023024.0
expanding_excavation,65112109,14.508,5,10,407071540.0
expanding_excavation,65128776,16.667,5,10,407129504.0
expanding_excavation,65147229,18.453,5,10,407178940.0
expanding_excavation,65162141,14.912,5,10,407186040.0
expanding_excavation,65178772,16.631,5,10,407246894.0
expanding_excavation,65197210,18.438,5,10,407299644.0
expanding_excavation,65212112,14.902,5,10,407413126.0
expanding_excavation,65228791,16.679,5,10,407370380.0
expanding_excavation,65247357,18.566,5,10,407460724.0
expanding_excavation,65262112,14.755,5,10,407522040.0
expanding_excavation,65278772,16.66,5,10,407592124.0
expanding_excavation,65297237,18.465,5,10,407661562.0
expanding_excavation,65312121,14.884,5,10,407707456.0
expanding_excavation,65328782,16.661,5,10,407714328.0
expanding_excavation,65347241,18.459,5,10,407768512.0
expanding_excavation,65362199,14.958,5,10,407821812.0
expanding_excavation,65378760,16.561,5,10,407885468.0
expanding_excavation,65397273,18.513,5,10,407983658.0
expanding_excavation,65412127,14.854,5,10,407991380.0
expanding_excavation,65428765,16.638,5,10,408045116.0
expanding_excavation,65447225,18.46,5,10,408113120.0
expanding_excavation,65462108,14.883,5,10,408145136.0
expanding_excavation,65478762,16.654,5,10,408200708.0
expanding_excavation,65497272,18.51,5,10,408252840.0
expanding_excavation,65512111,14.839,5,10,408262808.0
expanding_excavation,65528763,16.652,5,10,408319706.0
expanding_excavation,65547243,18.48,5,10,408397100.0
expanding_excavation,65562099,14.856,5,10,408498250.0
expanding_excavation,65578752,16.653,5,10,408505464.0
expanding_excavation,65597239,18.487,5,10,408568912.0
expanding_excavation,65612116,14.877,5,10,408662586.0
expanding_excavation,65628768,16.652,5,10,408629452.0
expanding_excavation,65647254,18.486,5,10,408686940.0
expanding_excavation,65662114,14.86,5,10,408804000.0
expanding_excavation,65678749,16.635,5,10,408778256.0
expanding_excavation,65697272,18.523,5,10,408840416.0
expanding_excavation,65712117,14.845,5,10,408928348.0
expanding_excavation,65728759,16.642,5,10,408920158.0
expanding_excavation,65747229,18.47,5,10,408997572.0
expanding_excavation,65762102,14.873,5,10,409125418.0
expanding_excavation,65778755,16.653,5,10,409077540.0
expanding_excavation,65797195,18.44,5,10,409138580.0
expanding_excavation,65812096,14.901,5,10,409188004.0
expanding_excavation,65828759,16.663,5,10,409194964.0
expanding_excavation,65847273,18.514,5,10,409257012.0
expanding_excavation,65862078,14.805,5,10,409339796.0
expanding_excavation,65878764,16.686,5,10,409348496.0
expanding_excavation,65897321,18.557,5,10,409420660.0
expanding_excavation,65912381,15.06,5,10,409505880.0
expanding_excavation,65928762,16.381,5,10,409508644.0
expanding_excavation,65947200,18.438,5,10,409580836.0
expanding_excavation,65962080,14.88,5,10,409648156.0
expanding_excavation,65978739,16.659,5,10,409741808.0
expanding_excavation,65997199,18.46,5,10,409793048.0
expanding_excavation,66012076,14.877,5,10,409853568.0
expanding_excavation,66028738,16.662,5,10,409900708.0
expanding_excavation,66047257,18.519,5,10,409960580.0
expanding_excavation,66062121,14.864,5,10,410019436.0
expanding_excavation,66078747,16.626,5,10,410058356.0
expanding_excavation,66097237,18.49,5,10,410125680.0
expanding_excavation,66112074,14.837,1,10,410187934.0
expanding_excavation,66128734,16.66,3,10,410415732.0
expanding_excavation,66147200,18.466,2,10,410532196.0
expanding_excavation,66162083,14.883,1,10,410812760.0
expanding_excavation,66178735,16.652,5,10,410451180.0
expanding_excavation,66197255,18.52,6,10,410706172.0
expanding_excavation,66212089,14.834,6,10,411062044.0
expanding_excavation,66228746,16.657,6,10,411206264.0
expanding_excavation,66247203,18.457,6,10,411527520.0
expanding_excavation,66262072,14.869,6,10,411839310.0
expanding_excavation,66278743,16.671,6,10,412050652.0
expanding_excavation,66297180,18.437,6,10,412276556.0
expanding_excavation,66312081,14.901,6,10,412522128.0
expanding_excavation,66328728,16.647,6,10,412752356.0
expanding_excavation,66347190,18.462,6,10,413042290.0
expanding_excavation,66362085,14.895,6,10,413267644.0
expanding_excavation,66378811,16.726,6,10,413468452.0
expanding_excavation,66397178,18.367,6,10,413713924.0
expanding_excavation,66412062,14.884,6,10,413245372.0
expanding_excavation,66428737,16.675,6,10,413306868.0
expanding_excavation,66447155,18.418,6,10,413358176.0
expanding_excavation,66462085,14.93,6,10,413472404.0
expanding_excavation,66478732,16.647,6,10,413429772.0
expanding_excavation,66497151,18.419,3,10,413523492.0
expanding_excavation,66512207,15.056,4,10,413812604.0
expanding_excavation,66528723,16.516,4,10,413868576.0
expanding_excavation,66547131,18.408,3,10,414241932.0
expanding_excavation,66562057,14.926,4,10,413832374.0
expanding_excavation,66578726,16.669,5,10,414053116.0
expanding_excavation,66597125,18.399,5,10,414356600.0
expanding_excavation,66612050,14.925,5,10,414316016.0
expanding_excavation,66628717,16.667,5,10,414368060.0
expanding_excavation,66647115,18.398,5,10,414423236.0
expanding_excavation,66662066,14.951,5,10,414435416.0
expanding_excavation,66678722,16.656,5,10,414486264.0
expanding_excavation,66697103,18.381,5,10,414537876.0
expanding_excavation,66712050,14.947,5,10,414596040.0
expanding_excavation,66728709,16.659,5,10,414648972.0
expanding_excavation,66747173,18.464,5,10,414705938.0
expanding_excavation,66762056,14.883,5,10,414711352.0
expanding_excavation,66778709,16.653,5,10,414769800.0
expanding_excavation,66797112,18.403,5,10,414824872.0
expanding_excavation,66812059,14.947,5,10,414874304.0
expanding_excavation,66828704,16.645,5,10,414928156.0
expanding_excavation,66847066,18.362,5,10,414986136.0
expanding_excavation,66862048,14.982,3,10,415033972.0
expanding_excavation,66878706,16.658,3,10,415394388.0
expanding_excavation,66897051,18.345,3,10,415420900.0
expanding_excavation,66912165,15.114,0,10,415755644.0
expanding_excavation,66928717,16.552,5,10,415319296.0
expanding_excavation,66947048,18.331,7,10,415635416.0
expanding_excavation,66962045,14.997,7,10,415886252.0
expanding_excavation,66978698,16.653,7,10,415829720.0
expanding_excavation,66997254,18.556,7,10,415898208.0
expanding_excavation,67012040,14.786,7,10,416013480.0
expanding_excavation,67028733,16.693,7,10,415966596.0
expanding_excavation,67047056,18.323,7,10,416216144.0
expanding_excavation,67062028,14.972,7,10,416278280.0
expanding_excavation,67078697,16.669,7,10,416346372.0
expanding_excavation,67097052,18.355,7,10,416414064.0
expanding_excavation,67112031,14.979,7,10,416422672.0
expanding_excavation,67128687,16.656,7,10,416522370.0
expanding_excavation,67147036,18.349,7,10,416578116.0
expanding_excavation,67162029,14.993,7,10,416636988.0
expanding_excavation,67178691,16.662,7,10,416654486.0
expanding_excavation,67197007,18.316,7,10,416746816.0
expanding_excavation,67212034,15.027,7,10,416749596.0
expanding_excavation,67228689,16.655,7,10,416807312.0
expanding_excavation,67247055,18.366,5,10,416862040.0
expanding_excavation,67262026,14.971,5,10,417174482.0
expanding_excavation,67278697,16.671,5,10,417205984.0
expanding_excavation,67297350,18.653,4,10,417543528.0
expanding_excavation,67312022,14.672,4,10,417162438.0
expanding_excavation,67328833,16.811,5,10,417359512.0
expanding_excavation,67347030,18.197,5,10,417541736.0
expanding_excavation,67362022,14.992,5,10,417645970.0
expanding_excavation,67378684,16.662,5,10,417700176.0
expanding_excavation,67397025,18.341,5,10,417764996.0
expanding_excavation,67412019,14.994,5,10,417808500.0
expanding_excavation,67428685,16.666,5,10,417867712.0
expanding_excavation,67447056,18.371,5,10,417924716.0
expanding_excavation,67462049,14.993,5,10,417931676.0
expanding_excavation,67478731,16.682,5,10,417992016.0
expanding_excavation,67497015,18.284,5,10,418051788.0
expanding_excavation,67512034,15.019,5,10,418098532.0
expanding_excavation,67528694,16.66,5,10,418148956.0
expanding_excavation,67546988,18.294,5,10,418211084.0
expanding_excavation,67562011,15.023,5,10,418269144.0
expanding_excavation,67578710,16.699,5,10,418332528.0
expanding_excavation,67597023,18.313,5,10,418339672.0
expanding_excavation,67612019,14.996,5,10,418425870.0
expanding_excavation,67628797,16.778,5,10,418430100.0
expanding_excavation,67647020,18.223,5,10,418491564.0
expanding_excavation,67662007,14.987,3,10,418550048.0
expanding_excavation,67678697,16.69,3,10,418793832.0
expanding_excavation,67697225,18.528,3,10,418853008.0
expanding_excavation,67712031,14.806,2,10,419191572.0
expanding_excavation,67728682,16.651,4,10,418795232.0
expanding_excavation,67747031,18.349,5,10,419008164.0
expanding_excavation,67762018,14.987,5,10,419326428.0
expanding_excavation,67778747,16.729,5,10,419238860.0
expanding_excavation,67797051,18.304,5,10,419329764.0
expanding_excavation,67812027,14.976,5,10,419386056.0
expanding_excavation,67828667,16.64,5,10,419447064.0
expanding_excavation,67847299,18.632,5,10,419514696.0
expanding_excavation,67862005,14.706,5,10,419569740.0
expanding_excavation,67878666,16.661,5,10,419625344.0
expanding_excavation,67897015,18.349,5,10,419674420.0
expanding_excavation,67911994,14.979,5,10,419686600.0
expanding_excavation,67928663,16.669,5,10,419746136.0
expanding_excavation,67947018,18.355,5,10,419806120.0
expanding_excavation,67961989,14.971,5,10,419852132.0
expanding_excavation,67978659,16.67,5,10,419903624.0
expanding_excavation,67997013,18.354,5,10,419963340.0
expanding_excavation,68012263,15.25,5,10,419967016.0
expanding_excavation,68028661,16.398,5,10,420023528.0
expanding_excavation,68047050,18.389,1,10,420114964.0
expanding_excavation,68062001,14.951,3,10,420337024.0
expanding_excavation,68078658,16.657,2,10,420314496.0
expanding_excavation,68097001,18.343,1,10,420667090.0
expanding_excavation,68111994,14.993,5,10,420351340.0
expanding_excavation,68128874,16.88,6,10,420561860.0
expanding_excavation,68147039,18.165,6,10,420776316.0
expanding_excavation,68161999,14.96,6,10,420737000.0
expanding_excavation,68178647,16.648,6,10,420831380.0
expanding_excavation,68197005,18.358,6,10,420897556.0
expanding_excavation,68212009,15.004,6,10,420902820.0
expanding_excavation,68228797,16.788,6,10,421072876.0
expanding_excavation,68247040,18.243,6,10,421132752.0
expanding_excavation,68261991,14.951,6,10,421141452.0
expanding_excavation,68278637,16.646,6,10,421219388.0
expanding_excavation,68297266,18.629,6,10,421275820.0
expanding_excavation,68312009,14.743,6,10,421309116.0
expanding_excavation,68328646,16.637,6,10,421376148.0
expanding_excavation,68347012,18.366,6,10,421440372.0
expanding_excavation,68362058,15.046,6,10,421519596.0
expanding_excavation,68378654,16.596,6,10,421542828.0
expanding_excavation,68397033,18.379,6,10,421610872.0
expanding_excavation,68412018,14.985,6,10,421704688.0
expanding_excavation,68428658,16.64,6,10,421785392.0
expanding_excavation,68447195,18.537,6,10,421841612.0
expanding_excavation,68462017,14.822,6,10,421885796.0
expanding_excavation,68478644,16.627,6,10,421944880.0
expanding_excavation,68497065,18.421,6,10,421996644.0
expanding_excavation,68511992,14.927,6,10,422061400.0
expanding_excavation,68528633,16.641,6,10,422130766.0
expanding_excavation,68547070,18.437,6,10,422214144.0
expanding_excavation,68561985,14.915,6,10,422218344.0
expanding_excavation,68578655,16.67,6,10,422304548.0
expanding_excavation,68597023,18.368,6,10,422371212.0
expanding_excavation,68611977,14.954,6,10,422424792.0
expanding_excavation,68628645,16.668,6,10,422430768.0
expanding_excavation,68647092,18.447,6,10,422494668.0
expanding_excavation,68661965,14.873,6,10,422554532.0
expanding_excavation,68678645,16.68,6,10,422601104.0
expanding_excavation,68697140,18.495,6,10,422670904.0
expanding_excavation,68711962,14.822,6,10,422741136.0
expanding_excavation,68728650,16.688,6,10,422811596.0
expanding_excavation,68747315,18.665,6,10,422897888.0
expanding_excavation,68761970,14.655,6,10,422908328.0
expanding_excavation,68778659,16.689,6,10,422970120.0
expanding_excavation,68797299,18.64,6,10,423021548.0
expanding_excavation,68811959,14.66,6,10,423076992.0
expanding_excavation,68828643,16.684,6,10,423081076.0
expanding_excavation,68847168,18.525,6,10,423147336.0
expanding_excavation,68861960,14.792,6,10,423241456.0
expanding_excavation,68878620,16.66,6,10,423325912.0
expanding_excavation,68897098,18.478,6,10,423460800.0
expanding_excavation,68911982,14.884,6,10,423409816.0
expanding_excavation,68928620,16.638,6,10,423489176.0
expanding_excavation,68947085,18.465,6,10,423541380.0
expanding_excavation,68961973,14.888,6,10,423553560.0
expanding_excavation,68978618,16.645,6,10,423612564.0
expanding_excavation,68997084,18.466,6,10,423664632.0
expanding_excavation,69011972,14.888,6,10,423671244.0
expanding_excavation,69028637,16.665,6,10,423739144.0
expanding_excavation,69047103,18.466,6,10,423826992.0
expanding_excavation,69061999,14.896,6,10,423909624.0
expanding_excavation,69078633,16.634,6,10,423915788.0
expanding_excavation,69097097,18.464,6,10,423984120.0
expanding_excavation,69111952,14.855,6,10,424069932.0
expanding_excavation,69128616,16.664,6,10,424133188.0
expanding_excavation,69147096,18.48,6,10,424136020.0
expanding_excavation,69161973,14.877,6,10,424193796.0
expanding_excavation,69178625,16.652,6,10,424234032.0
expanding_excavation,69197088,18.463,6,10,424276940.0
expanding_excavation,69211964,14.876,6,10,424333676.0
expanding_excavation,69228628,16.664,6,10,424454694.0
expanding_excavation,69247109,18.481,6,10,424408412.0
expanding_excavation,69262112,15.003,6,10,424491578.0
expanding_excavation,69278617,16.505,6,10,424499964.0
expanding_excavation,69297093,18.476,6,10,424565352.0
expanding_excavation,69311962,14.869,6,10,424647420.0
expanding_excavation,69328603,16.641,6,10,424704596.0
expanding_excavation,69347073,18.47,6,10,424755278.0
expanding_excavation,69361955,14.882,6,10,424765408.0
expanding_excavation,69378612,16.657,6,10,424815128.0
expanding_excavation,69397054,18.442,6,10,424910140.0
expanding_excavation,69411951,14.897,6,10,424919920.0
expanding_excavation,69428599,16.648,6,10,424990264.0
expanding_excavation,69447051,18.452,6,10,425078384.0
expanding_excavation,69461957,14.906,6,10,425090484.0
expanding_excavation,69478632,16.675,6,10,425156896.0
expanding_excavation,69497166,18.534,6,10,425246268.0
expanding_excavation,69512119,14.953,6,10,425250504.0
expanding_excavation,69528617,16.498,6,10,425301000.0
expanding_excavation,69547129,18.512,6,10,425350924.0
expanding_excavation,69561949,14.82,6,10,425359620.0
expanding_excavation,69578599,16.65,3,10,425410584.0
expanding_excavation,69597081,18.482,4,10,425734876.0
expanding_excavation,69611936,14.855,4,10,425711480.0
expanding_excavation,69628609,16.673,4,10,425941360.0
expanding_excavation,69647069,18.46,3,10,426385092.0
expanding_excavation,69661949,14.88,4,10,425818112.0
expanding_excavation,69678606,16.657,5,10,426030748.0
expanding_excavation,69697059,18.453,5,10,426226752.0
expanding_excavation,69711931,14.872,5,10,426508824.0
expanding_excavation,69728600,16.669,5,10,426675640.0
expanding_excavation,69747082,18.482,5,10,426894372.0
expanding_excavation,69761924,14.842,5,10,427152128.0
expanding_excavation,69778588,16.664,5,10,427363544.0
expanding_excavation,69797102,18.514,5,10,427648116.0
expanding_excavation,69811954,14.852,5,10,427882524.0
expanding_excavation,69828597,16.643,5,10,428142622.0
expanding_excavation,69847061,18.464,5,10,428402668.0
expanding_excavation,69861927,14.866,5,10,428610224.0
expanding_excavation,69878597,16.67,5,10,428819324.0
expanding_excavation,69897043,18.446,5,10,428536020.0
expanding_excavation,69911932,14.889,5,10,428499744.0
expanding_excavation,69928594,16.662,5,10,428550076.0
expanding_excavation,69947105,18.511,5,10,428621488.0
expanding_excavation,69961922,14.817,5,10,428702332.0
expanding_excavation,69978592,16.67,5,10,428756264.0
expanding_excavation,69997045,18.453,5,10,428915424.0
expanding_excavation,70011933,14.888,5,10,428922760.0
expanding_excavation,70028583,16.65,5,10,428974652.0
expanding_excavation,70047087,18.504,5,10,429021240.0
expanding_excavation,70062012,14.925,5,10,429066316.0
expanding_excavation,70078578,16.566,5,10,429119152.0
expanding_excavation,70097043,18.465,5,10,429128608.0
expanding_excavation,70111920,14.877,5,10,429179762.0
expanding_excavation,70128595,16.675,5,10,429181696.0
expanding_excavation,70147038,18.443,5,10,429267040.0
expanding_excavation,70161908,14.87,5,10,429382884.0
expanding_excavation,70178581,16.673,5,10,429470368.0
expanding_excavation,70197051,18.47,5,10,429553520.0
expanding_excavation,70211912,14.861,5,10,429598196.0
expanding_excavation,70228566,16.654,5,10,429649392.0
expanding_excavation,70247051,18.485,5,10,429699644.0
expanding_excavation,70261921,14.87,5,10,429711820.0
expanding_excavation,70278585,16.664,5,10,429772580.0
expanding_excavation,70297004,18.419,5,10,429821444.0
expanding_excavation,70311938,14.934,5,10,429875496.0
expanding_excavation,70328603,16.665,5,10,429939964.0
expanding_excavation,70347074,18.471,5,10,430001740.0
expanding_excavation,70361928,14.854,5,10,430162384.0
expanding_excavation,70378581,16.653,5,10,430247700.0
expanding_excavation,70397091,18.51,5,10,430220276.0
expanding_excavation,70411934,14.843,5,10,430271682.0
expanding_excavation,70428558,16.624,5,10,430317240.0
expanding_excavation,70447043,18.485,5,10,430368396.0
expanding_excavation,70461919,14.876,5,10,430417056.0
expanding_excavation,70478580,16.661,5,10,430428504.0
expanding_excavation,70497023,18.443,5,10,430481064.0
expanding_excavation,70511933,14.91,5,10,430562440.0
expanding_excavation,70528558,16.625,5,10,430728644.0
expanding_excavation,70547061,18.503,5,10,430780292.0
expanding_excavation,70561902,14.841,5,10,430792472.0
expanding_excavation,70578576,16.674,5,10,430846704.0
expanding_excavation,70597002,18.426,5,10,430900508.0
expanding_excavation,70611912,14.91,5,10,430951016.0
expanding_excavation,70628563,16.651,5,10,430995232.0
expanding_excavation,70647024,18.461,5,10,431048804.0
expanding_excavation,70661917,14.893,5,10,431057504.0
expanding_excavation,70678565,16.648,5,10,431276252.0
expanding_excavation,70697008,18.443,5,10,431300740.0
expanding_excavation,70711920,14.912,5,10,431349386.0
expanding_excavation,70728560,16.64,5,10,431355364.0
expanding_excavation,70747056,18.496,5,10,431409368.0
expanding_excavation,70761879,14.823,5,10,431460460.0
expanding_excavation,70778552,16.673,5,10,431510184.0
expanding_excavation,70797056,18.504,5,10,431564784.0
expanding_excavation,70811911,14.855,5,10,431610768.0
expanding_excavation,70828576,16.665,5,10,431618672.0
expanding_excavation,70847027,18.451,5,10,431834940.0
expanding_excavation,70861907,14.88,5,10,431890082.0
expanding_excavation,70878550,16.643,5,10,431895232.0
expanding_excavation,70897231,18.681,5,10,431952496.0
expanding_excavation,70911890,14.659,5,10,432005356.0
expanding_excavation,70928570,16.68,5,10,432063114.0
expanding_excavation,70947074,18.504,5,10,432117512.0
expanding_excavation,70961868,14.794,5,10,432157692.0
expanding_excavation,70978572,16.704,5,10,432251780.0
expanding_excavation,70997007,18.435,5,10,432221440.0
expanding_excavation,71011900,14.893,3,10,432284436.0
expanding_excavation,71028543,16.643,3,10,432547130.0
expanding_excavation,71047047,18.504,3,10,432567956.0
expanding_excavation,71061877,14.83,0,10,432915940.0
expanding_excavation,71078537,16.66,5,10,432554640.0
travel_new_regions,71174168,95.631,7,10,432995560.0
travel_new_regions,71183178,9.01,7,10,433082672.0
travel_new_regions,71191829,8.651,7,10,433265988.0
travel_new_regions,71207403,15.574,7,10,433471404.0
travel_new_regions,71224071,16.668,7,10,433649436.0
travel_new_regions,71240981,16.91,7,10,433744020.0
travel_new_regions,71257399,16.418,7,10,434016182.0
travel_new_regions,71274064,16.665,7,10,434217792.0
travel_new_regions,71290732,16.668,7,10,434255364.0
travel_new_regions,71307400,16.668,7,10,434532728.0
travel_new_regions,71324072,16.672,7,10,434794968.0
travel_new_regions,71340727,16.655,7,10,434911332.0
travel_new_regions,71357414,16.687,7,10,435121852.0
travel_new_regions,71374070,16.656,7,10,435336736.0
travel_new_regions,71390724,16.654,5,10,435475698.0
travel_new_regions,71407393,16.669,5,10,435730476.0
travel_new_regions,71438393,31.0,4,10,435881244.0
travel_new_regions,71471152,32.759,4,14,435810316.0
travel_new_regions,71484096,12.944,4,14,435429864.0
travel_new_regions,71492048,7.952,5,14,435527208.0
travel_new_regions,71504403,12.355,5,14,435688380.0
travel_new_regions,71522035,17.632,5,14,435836808.0
travel_new_regions,71537716,15.681,5,14,435385672.0
travel_new_regions,71554493,16.777,5,14,435623756.0
travel_new_regions,71571154,16.661,5,14,435672848.0
travel_new_regions,71587816,16.662,5,14,435993304.0
travel_new_regions,71604482,16.666,5,14,437353052.0
travel_new_regions,71621164,16.682,5,14,437413324.0
travel_new_regions,71637825,16.661,5,14,437334428.0
travel_new_regions,71654482,16.657,5,14,437426448.0
travel_new_regions,71671149,16.667,5,14,437507024.0
travel_new_regions,71687817,16.668,5,14,437552920.0
travel_new_regions,71704479,16.662,5,14,437566300.0
travel_new_regions,71721147,16.668,5,14,437651212.0
travel_new_regions,71737811,16.664,5,14,437730608.0
travel_new_regions,71754477,16.666,5,14,437790016.0
travel_new_regions,71771150,16.673,5,14,437802196.0
travel_new_regions,71787812,16.662,5,14,437861364.0
travel_new_regions,71807041,19.229,5,14,437919920.0
travel_new_regions,71821037,13.996,5,14,437976654.0
travel_new_regions,71837821,16.784,5,14,437985000.0
travel_new_regions,71854476,16.655,5,14,438046384.0
travel_new_regions,71871138,16.662,5,14,438105860.0
travel_new_regions,71887807,16.669,5,14,438165988.0
travel_new_regions,71904476,16.669,5,14,438244356.0
travel_new_regions,71921141,16.665,5,14,438299196.0
travel_new_regions,71937803,16.662,5,14,438345924.0
travel_new_regions,71954469,16.666,5,14,438423364.0
travel_new_regions,71971139,16.67,5,14,438478328.0
travel_new_regions,71987805,16.666,5,14,438539348.0
travel_new_regions,72004475,16.67,5,14,438557740.0
travel_new_regions,72021135,16.66,5,14,438629332.0
travel_new_regions,72037804,16.669,5,14,438687250.0
travel_new_regions,72054470,16.666,5,14,438738644.0
travel_new_regions,72071146,16.676,5,14,438743400.0
travel_new_regions,72088006,16.86,5,14,438808220.0
travel_new_regions,72104465,16.459,5,14,438869880.0
travel_new_regions,72121131,16.666,5,14,438938888.0
travel_new_regions,72137799,16.668,5,14,438949328.0
travel_new_regions,72154465,16.666,5,14,439038524.0
travel_new_regions,72171130,16.665,5,14,439114288.0
travel_new_regions,72187807,16.677,5,14,439134668.0
travel_new_regions,72204466,16.659,5,14,439197328.0
travel_new_regions,72221127,16.661,5,14,439287632.0
travel_new_regions,72237792,16.665,5,14,439385676.0
travel_new_regions,72254462,16.67,5,14,439435024.0
travel_new_regions,72271136,16.674,5,14,439447208.0
travel_new_regions,72287792,16.656,5,14,439506108.0
travel_new_regions,72304456,16.664,5,14,439568328.0
travel_new_regions,72321123,16.667,5,14,439619084.0
travel_new_regions,72337799,16.676,5,14,439624068.0
travel_new_regions,72354649,16.85,5,14,439676200.0
travel_new_regions,72371123,16.474,5,14,439729320.0
travel_new_regions,72387788,16.665,5,14,439782440.0
travel_new_regions,72404452,16.664,5,14,439854548.0
travel_new_regions,72421119,16.667,5,14,439920612.0
travel_new_regions,72437791,16.672,5,14,439951072.0
travel_new_regions,72454452,16.661,5,14,440015352.0
travel_new_regions,72471135,16.683,5,14,440062624.0
travel_new_regions,72487787,16.652,5,14,440071324.0
travel_new_regions,72504454,16.667,5,14,440122744.0
travel_new_regions,72521135,16.681,5,14,440178024.0
travel_new_regions,72537796,16.661,5,14,440183844.0
travel_new_regions,72554456,16.66,5,14,440235832.0
travel_new_regions,72571119,16.663,5,14,440292044.0
travel_new_regions,72587781,16.662,5,14,440339312.0
travel_new_regions,72604444,16.663,5,14,440428716.0
travel_new_regions,72621119,16.675,5,14,440545620.0
travel_new_regions,72637794,16.675,5,14,440505840.0
travel_new_regions,72654445,16.651,5,14,440565912.0
travel_new_regions,72671108,16.663,5,14,440622220.0
travel_new_regions,72687780,16.672,5,14,440672196.0
travel_new_regions,72704454,16.674,5,14,440680100.0
travel_new_regions,72721111,16.657,5,14,440740004.0
travel_new_regions,72737776,16.665,5,14,440791432.0
travel_new_regions,72754438,16.662,5,14,440843296.0
travel_new_regions,72771106,16.668,5,14,440898772.0
travel_new_regions,72787777,16.671,5,14,440945372.0
travel_new_regions,72804441,16.664,5,14,441006688.0
travel_new_regions,72821104,16.663,3,14,441077044.0
travel_new_regions,72837772,16.668,3,14,441366896.0
travel_new_regions,72854433,16.661,3,14,441497612.0
travel_new_regions,72871104,16.671,2,14,441620548.0
travel_new_regions,72887774,16.67,4,14,441462444.0
travel_new_regions,72904435,16.661,5,14,441704758.0
travel_new_regions,72921141,16.706,5,14,441780772.0
travel_new_regions,72937770,16.629,5,14,442005832.0
travel_new_regions,72954434,16.664,5,14,442299570.0
travel_new_regions,72971103,16.669,5,14,442463584.0
travel_new_regions,72987771,16.668,5,14,442644408.0
travel_new_regions,73004429,16.658,5,14,442873868.0
travel_new_regions,73021098,16.669,5,14,443021860.0
travel_new_regions,73037765,16.667,5,14,443264302.0
travel_new_regions,73054441,16.676,5,14,443692340.0
travel_new_regions,73071094,16.653,5,14,443785278.0
travel_new_regions,73087762,16.668,5,14,444067466.0
travel_new_regions,73104425,16.663,5,14,444279176.0
travel_new_regions,73121111,16.686,5,14,444313816.0
travel_new_regions,73137760,16.649,5,14,444594032.0
travel_new_regions,73154424,16.664,5,14,444820748.0
travel_new_regions,73171093,16.669,5,14,444904960.0
travel_new_regions,73187783,16.69,5,14,445125476.0
travel_new_regions,73204423,16.64,1,14,444695296.0
travel_new_regions,73221090,16.667,2,14,444739756.0
travel_new_regions,73237753,16.663,1,14,444938870.0
travel_new_regions,73254436,16.683,0,16,445151714.0
travel_new_regions,73271103,16.667,0,16,445246534.0
travel_new_regions,73287750,16.647,4,16,444877172.0
travel_new_regions,73304415,16.665,3,16,445120590.0
travel_new_regions,73321089,16.674,2,16,445267930.0
travel_new_regions,73337756,16.667,2,16,445362974.0
travel_new_regions,73354417,16.661,2,16,445830954.0
travel_new_regions,73371123,16.706,2,16,446199066.0
travel_new_regions,73387764,16.641,0,16,446076530.0
travel_new_regions,73404429,16.665,4,16,445684970.0
travel_new_regions,73421081,16.652,3,16,445774938.0
travel_new_regions,73437750,16.669,2,16,446114898.0
travel_new_regions,73454426,16.676,2,16,446094686.0
travel_new_regions,73471115,16.689,2,18,446456018.0
travel_new_regions,73487750,16.635,2,18,446881678.0
travel_new_regions,73504409,16.659,2,18,447318440.0
travel_new_regions,73521085,16.676,0,18,447328878.0
travel_new_regions,73537779,16.694,0,18,447443094.0
travel_new_regions,73554408,16.629,4,18,446205990.0
travel_new_regions,73571072,16.664,3,18,446297946.0
travel_new_regions,73587810,16.738,2,18,446417534.0
travel_new_regions,73604545,16.735,2,18,446521434.0
travel_new_regions,73621080,16.535,2,18,446879094.0
travel_new_regions,73637737,16.657,2,18,447341442.0
travel_new_regions,73654403,16.666,2,18,447603430.0
travel_new_regions,73671077,16.674,0,18,447719386.0
travel_new_regions,73687736,16.659,4,18,446787870.0
travel_new_regions,73704404,16.668,3,18,446944662.0
travel_new_regions,73721073,16.669,2,18,447081906.0
travel_new_regions,73737750,16.677,2,18,447404932.0
travel_new_regions,73754396,16.646,2,20,447675968.0
travel_new_regions,73771067,16.671,2,20,447955914.0
travel_new_regions,73787736,16.669,2,20,448222684.0
travel_new_regions,73804407,16.671,0,20,448545884.0
travel_new_regions,73821076,16.669,0,20,448552072.0
travel_new_regions,73837729,16.653,4,20,447261088.0
travel_new_regions,73854401,16.672,3,20,447434744.0
travel_new_regions,73871066,16.665,2,20,447575798.0
travel_new_regions,73887732,16.666,2,20,447741424.0
travel_new_regions,73904402,16.67,2,20,448100516.0
travel_new_regions,73921108,16.706,2,20,448442572.0
travel_new_regions,73937738,16.63,2,20,448601028.0
travel_new_regions,73954407,16.669,2,20,449001832.0
travel_new_regions,73971056,16.649,2,20,449229516.0
travel_new_regions,73987737,16.681,0,20,449245756.0
travel_new_regions,74004408,16.671,4,20,448018730.0
travel_new_regions,74021068,16.66,3,20,448182220.0
travel_new_regions,74037731,16.663,2,20,448431172.0
travel_new_regions,74054476,16.745,2,20,448467910.0
travel_new_regions,74078704,24.228,2,22,448156826.0
travel_new_regions,74087730,9.026,2,22,448433390.0
travel_new_regions,74104381,16.651,2,22,448911042.0
travel_new_regions,74121055,16.674,2,22,449443430.0
travel_new_regions,74137717,16.662,2,22,449371410.0
travel_new_regions,74154398,16.681,0,22,449405662.0
travel_new_regions,74171248,16.85,0,22,449503842.0
travel_new_regions,74187724,16.476,4,22,448109570.0
travel_new_regions,74204381,16.657,3,22,448107698.0
travel_new_regions,74221047,16.666,2,22,448240262.0
travel_new_regions,74237717,16.67,2,22,448417342.0
travel_new_regions,74254387,16.67,2,22,448777122.0
travel_new_regions,74271046,16.659,2,22,449129438.0
travel_new_regions,74287714,16.668,2,22,449334470.0
travel_new_regions,74304438,16.724,0,22,449644130.0
travel_new_regions,74321053,16.615,0,22,449647850.0
travel_new_regions,74337716,16.663,4,22,449094674.0
travel_new_regions,74354378,16.662,3,22,448935806.0
travel_new_regions,74371046,16.668,2,22,449084082.0
travel_new_regions,74387717,16.671,2,22,449243662.0
travel_new_regions,74404374,16.657,2,24,449665638.0
travel_new_regions,74421084,16.71,2,24,450164526.0
travel_new_regions,74437704,16.62,2,24,450251310.0
travel_new_regions,74454386,16.682,0,24,450482806.0
travel_new_regions,74471051,16.665,0,24,450507670.0
travel_new_regions,74487704,16.653,4,24,449172794.0
travel_new_regions,74504373,16.669,3,24,449467434.0
travel_new_regions,74521036,16.663,2,24,449599270.0
travel_new_regions,74537710,16.674,2,24,449619018.0
travel_new_regions,74554376,16.666,2,24,450024642.0
travel_new_regions,74571040,16.664,2,24,450415706.0
travel_new_regions,74587699,16.659,2,24,450629270.0
travel_new_regions,74604382,16.683,0,24,450630990.0
travel_new_regions,74621043,16.661,0,24,450738310.0
travel_new_regions,74637701,16.658,4,24,449878238.0
travel_new_regions,74654372,16.671,3,24,450181530.0
travel_new_regions,74671030,16.658,2,24,450264146.0
travel_new_regions,74687696,16.666,2,24,450486054.0
travel_new_regions,74704366,16.67,2,26,450851078.0
travel_new_regions,74721027,16.661,2,26,451204390.0
travel_new_regions,74737706,16.679,0,26,451433254.0
travel_new_regions,74754371,16.665,0,26,451659830.0
travel_new_regions,74771044,16.673,0,26,451669082.0
travel_new_regions,74787697,16.653,4,26,450895378.0
travel_new_regions,74804358,16.661,4,26,450736124.0
travel_new_regions,74821025,16.667,2,26,450811742.0
travel_new_regions,74837690,16.665,2,26,451050146.0
travel_new_regions,74854785,17.095,2,26,451628326.0
travel_new_regions,74871022,16.237,2,26,451894206.0
travel_new_regions,74887688,16.666,2,26,452006582.0
travel_new_regions,74904366,16.678,2,26,452225730.0
travel_new_regions,74921060,16.694,2,26,452468090.0
travel_new_regions,74937694,16.634,0,26,452481130.0
travel_new_regions,74954376,16.682,4,26,451327682.0
travel_new_regions,74971029,16.653,4,26,451498030.0
travel_new_regions,74987699,16.67,3,26,451745078.0
travel_new_regions,75004364,16.665,3,26,451981142.0
travel_new_regions,75021022,16.658,3,28,452066846.0
travel_new_regions,75037701,16.679,3,28,452403334.0
travel_new_regions,75054348,16.647,3,28,452897882.0
travel_new_regions,75071018,16.67,3,28,452984986.0
travel_new_regions,75087684,16.666,3,28,453138606.0
travel_new_regions,75104345,16.661,2,28,453462198.0
travel_new_regions,75121023,16.678,0,28,453534530.0
travel_new_regions,75137715,16.692,4,28,451953338.0
travel_new_regions,75154348,16.633,6,28,452291910.0
travel_new_regions,75171020,16.672,3,28,452508814.0
travel_new_regions,75187678,16.658,2,28,452866058.0
travel_new_regions,75204361,16.683,2,28,452833398.0
travel_new_regions,75221008,16.647,2,28,453236786.0
travel_new_regions,75237670,16.662,2,28,453405410.0
travel_new_regions,75254334,16.664,2,28,453672830.0
travel_new_regions,75271004,16.67,2,28,453772446.0
travel_new_regions,75287683,16.679,0,28,453881322.0
travel_new_regions,75304453,16.77,4,28,453623634.0
travel_new_regions,75321005,16.552,4,28,453625074.0
travel_new_regions,75337679,16.674,3,28,453445630.0
travel_new_regions,75354350,16.671,3,28,453407542.0
travel_new_regions,75381347,26.997,3,30,453264306.0
travel_new_regions,75387801,6.454,3,30,453351321.0
travel_new_regions,75404781,16.98,3,30,453485298.0
travel_new_regions,75421002,16.221,0,30,453777702.0
travel_new_regions,75437676,16.674,4,30,453027082.0
travel_new_regions,75454329,16.653,4,30,453547806.0
travel_new_regions,75470999,16.67,3,30,453745922.0
travel_new_regions,75487662,16.663,3,30,453762266.0
travel_new_regions,75504326,16.664,3,30,453840290.0
travel_new_regions,75521003,16.677,3,30,453945374.0
travel_new_regions,75537654,16.651,3,30,454068818.0
travel_new_regions,75554321,16.667,3,30,454204202.0
travel_new_regions,75571014,16.693,3,30,454358442.0
travel_new_regions,75587669,16.655,2,30,454669622.0
travel_new_regions,75604326,16.657,1,30,454232338.0
travel_new_regions,75620998,16.672,3,30,454479782.0
travel_new_regions,75637664,16.666,2,30,454479482.0
travel_new_regions,75654351,16.687,0,30,454594774.0
travel_new_regions,75670994,16.643,0,30,454753802.0
travel_new_regions,75688001,17.007,0,32,454850018.0
travel_new_regions,75704317,16.316,0,32,454965722.0
travel_new_regions,75720982,16.665,0,32,455093374.0
travel_new_regions,75737651,16.669,0,32,455216246.0
travel_new_regions,75754321,16.67,0,32,455407978.0
travel_new_regions,75770995,16.674,0,32,455606010.0
travel_new_regions,75787663,16.668,0,32,455763530.0
travel_new_regions,75804335,16.672,4,32,454716746.0
travel_new_regions,75820988,16.653,4,32,455092978.0
travel_new_regions,75837664,16.676,3,32,455103426.0
travel_new_regions,75854313,16.649,3,32,455265734.0
travel_new_regions,75870978,16.665,3,32,455369042.0
travel_new_regions,75887647,16.669,3,32,455477474.0
travel_new_regions,75904310,16.663,3,32,455615278.0
travel_new_regions,75920973,16.663,3,32,455722608.0
travel_new_regions,75937642,16.669,3,32,456010330.0
travel_new_regions,75954431,16.789,2,32,456293006.0
travel_new_regions,75970998,16.567,0,32,456306386.0
travel_new_regions,75987658,16.66,4,32,455527410.0
travel_new_regions,76004321,16.663,4,32,455471470.0
travel_new_regions,76020980,16.659,4,32,455736772.0
travel_new_regions,76037646,16.666,4,32,455747870.0
travel_new_regions,76054312,16.666,4,34,455786910.0
travel_new_regions,76070975,16.663,4,34,455898858.0
travel_new_regions,76087640,16.665,4,34,456012318.0
travel_new_regions,76104346,16.706,4,34,456170450.0
travel_new_regions,76120973,16.627,4,34,456352654.0
travel_new_regions,76137648,16.675,4,34,456550154.0
travel_new_regions,76154315,16.667,3,34,456890114.0
travel_new_regions,76170980,16.665,2,34,457077800.0
travel_new_regions,76187646,16.666,3,34,456044786.0
travel_new_regions,76204303,16.657,3,34,456170386.0
travel_new_regions,76220972,16.669,3,34,456350452.0
travel_new_regions,76237654,16.682,3,34,456597150.0
travel_new_regions,76254309,16.655,3,34,456401906.0
travel_new_regions,76270972,16.663,3,34,456737033.0
travel_new_regions,76287627,16.655,3,34,456746822.0
travel_new_regions,76304290,16.663,3,34,456816162.0
travel_new_regions,76320966,16.676,3,34,457049572.0
travel_new_regions,76337631,16.665,3,34,457283996.0
travel_new_regions,76354307,16.676,3,34,457441438.0
travel_new_regions,76370973,16.666,2,34,457576954.0
travel_new_regions,76387634,16.661,0,34,457797266.0
travel_new_regions,76404306,16.672,4,34,456715846.0
travel_new_regions,76420977,16.671,6,34,456980518.0
travel_new_regions,76437631,16.654,3,34,456912666.0
travel_new_regions,76454300,16.669,3,34,457464362.0
travel_new_regions,76470986,16.686,3,34,457248222.0
travel_new_regions,76487641,16.655,3,36,457422038.0
travel_new_regions,76504303,16.662,3,36,457555866.0
travel_new_regions,76521104,16.801,3,36,457654766.0
travel_new_regions,76537623,16.519,3,36,457821762.0
travel_new_regions,76554284,16.661,3,36,457942658.0
travel_new_regions,76570947,16.663,3,36,458131020.0
travel_new_regions,76587659,16.712,3,36,458400938.0
travel_new_regions,76604286,16.627,3,36,458777638.0
travel_new_regions,76620954,16.668,2,36,458961582.0
travel_new_regions,76637634,16.68,3,36,457548614.0
travel_new_regions,76654284,16.65,3,36,457390150.0
travel_new_regions,76670958,16.674,3,36,457578286.0
travel_new_regions,76687614,16.656,3,36,457570846.0
travel_new_regions,76704282,16.668,3,36,457709806.0
travel_new_regions,76720947,16.665,3,36,457821754.0
travel_new_regions,76737606,16.659,3,36,457929502.0
travel_new_regions,76754282,16.676,3,36,458129934.0
travel_new_regions,76770957,16.675,3,36,458235482.0
travel_new_regions,76787712,16.755,3,36,458578176.0
travel_new_regions,76804278,16.566,3,36,458637318.0
travel_new_regions,76820944,16.666,2,36,458821226.0
travel_new_regions,76837623,16.679,2,36,459234174.0
travel_new_regions,76854287,16.664,1,36,458121422.0
travel_new_regions,76870942,16.655,1,36,458168242.0
travel_new_regions,76887625,16.683,0,36,458515890.0
travel_new_regions,76904283,16.658,0,36,458613274.0
travel_new_regions,76920933,16.65,0,38,457875436.0
travel_new_regions,76937607,16.674,0,38,457960192.0
travel_new_regions,76954276,16.669,0,38,458227516.0
travel_new_regions,76970935,16.659,0,38,458388450.0
travel_new_regions,76987596,16.661,0,38,458505716.0
travel_new_regions,77004280,16.684,0,38,458701056.0
travel_new_regions,77020947,16.667,0,38,458833336.0
travel_new_regions,77037682,16.735,4,38,457877680.0
travel_new_regions,77054268,16.586,4,38,457938536.0
travel_new_regions,77071019,16.751,4,38,458203156.0
travel_new_regions,77087591,16.572,3,38,458118360.0
travel_new_regions,77104266,16.675,3,38,458226900.0
travel_new_regions,77120924,16.658,3,38,458372722.0
travel_new_regions,77137601,16.677,3,38,458478912.0
travel_new_regions,77154275,16.674,3,38,458588424.0
travel_new_regions,77170932,16.657,3,38,458695700.0
travel_new_regions,77187595,16.663,3,38,458834476.0
travel_new_regions,77204258,16.663,3,38,459158724.0
travel_new_regions,77220926,16.668,2,38,459330884.0
travel_new_regions,77237604,16.678,0,38,459558884.0
travel_new_regions,77254277,16.673,4,38,458405980.0
travel_new_regions,77270926,16.649,4,38,458450008.0
travel_new_regions,77287606,16.68,3,38,458818692.0
travel_new_regions,77304256,16.65,3,38,458988784.0
travel_new_regions,77320926,16.67,3,40,459099072.0
travel_new_regions,77337593,16.667,3,40,459209108.0
travel_new_regions,77356990,19.397,3,40,459356972.0
travel_new_regions,77370941,13.951,3,40,459413652.0
travel_new_regions,77387600,16.659,3,40,459682056.0
travel_new_regions,77404252,16.652,3,40,459844932.0
travel_new_regions,77420931,16.679,3,40,459957902.0
travel_new_regions,77437583,16.652,2,40,460204324.0
travel_new_regions,77454253,16.67,2,40,460563424.0
travel_new_regions,77470938,16.685,0,40,460672892.0
travel_new_regions,77487599,16.661,4,40,459722848.0
travel_new_regions,77504253,16.654,4,40,459092512.0
travel_new_regions,77520930,16.677,4,40,459452712.0
travel_new_regions,77537588,16.658,3,40,459268304.0
travel_new_regions,77554245,16.657,3,41,459518930.0
travel_new_regions,77570911,16.666,3,41,459630952.0
travel_new_regions,77587573,16.662,3,41,459717188.0
travel_new_regions,77604288,16.715,3,41,459908260.0
travel_new_regions,77620938,16.65,3,41,460036300.0
travel_new_regions,77637591,16.653,3,41,460344320.0
travel_new_regions,77654238,16.647,3,41,460508918.0
travel_new_regions,77670910,16.672,3,41,460614722.0
travel_new_regions,77687606,16.696,0,41,460809660.0
travel_new_regions,77704249,16.643,4,41,459827404.0
travel_new_regions,77720911,16.662,4,41,460122316.0
travel_new_regions,77737580,16.669,4,41,460271916.0
travel_new_regions,77754248,16.668,2,41,460079544.0
travel_new_regions,77770918,16.67,2,46,460228300.0
travel_new_regions,77787581,16.663,2,46,460364468.0
travel_new_regions,77804244,16.663,2,46,460479872.0
travel_new_regions,77820915,16.671,2,46,460664720.0
travel_new_regions,77837567,16.652,2,46,460890144.0
travel_new_regions,77854237,16.67,2,46,461195738.0
travel_new_regions,77870922,16.685,0,46,461219276.0
travel_new_regions,77887581,16.659,0,46,461478108.0
travel_new_regions,77904263,16.682,4,46,460185888.0
travel_new_regions,77920909,16.646,4,46,460151428.0
travel_new_regions,77937569,16.66,4,46,460727516.0
travel_new_regions,77954231,16.662,3,46,460633242.0
travel_new_regions,77970910,16.679,3,46,460638668.0
travel_new_regions,77987563,16.653,3,46,460844604.0
travel_new_regions,78004229,16.666,3,46,460953580.0
travel_new_regions,78020900,16.671,3,46,461073508.0
travel_new_regions,78037555,16.655,3,46,461191000.0
travel_new_regions,78054227,16.672,3,46,461367034.0
travel_new_regions,78070895,16.668,3,46,461554030.0
travel_new_regions,78087554,16.659,2,46,461959912.0
travel_new_regions,78104242,16.688,3,46,460981276.0
travel_new_regions,78120891,16.649,3,46,460604970.0
travel_new_regions,78137566,16.675,4,46,461162316.0
travel_new_regions,78154248,16.682,4,46,460946036.0
travel_new_regions,78170937,16.689,4,50,461094924.0
travel_new_regions,78187560,16.623,4,50,461234928.0
travel_new_regions,78204230,16.67,4,50,461325584.0
travel_new_regions,78220903,16.673,4,50,461441040.0
travel_new_regions,78237559,16.656,4,50,461555236.0
travel_new_regions,78254212,16.653,4,50,461720668.0
travel_new_regions,78270887,16.675,4,50,461906908.0
travel_new_regions,78287549,16.662,4,50,462213330.0
travel_new_regions,78304215,16.666,3,50,462491370.0
travel_new_regions,78320906,16.691,2,50,463047680.0
travel_new_regions,78337550,16.644,1,50,461542504.0
travel_new_regions,78354221,16.671,3,50,461794130.0
travel_new_regions,78370900,16.679,2,50,461817028.0
travel_new_regions,78387560,16.66,0,50,462372612.0
travel_new_regions,78404218,16.658,0,50,462421072.0
travel_new_regions,78420888,16.67,0,50,462290512.0
travel_new_regions,78437554,16.666,0,50,462428880.0
travel_new_regions,78454269,16.715,0,50,462519540.0
travel_new_regions,78470888,16.619,0,50,462634992.0
travel_new_regions,78487553,16.665,0,50,462753364.0
travel_new_regions,78504210,16.657,0,50,462914254.0
travel_new_regions,78520867,16.657,0,50,463023676.0
travel_new_regions,78537544,16.677,0,50,463171904.0
travel_new_regions,78554223,16.679,0,50,463475216.0
travel_new_regions,78570892,16.669,0,50,463484812.0
travel_new_regions,78587557,16.665,0,50,463721284.0
travel_new_regions,78604220,16.663,4,50,462695616.0
travel_new_regions,78620901,16.681,4,50,462915104.0
travel_new_regions,78637557,16.656,4,50,463127754.0
travel_new_regions,78654205,16.648,3,50,463165112.0
travel_new_regions,78672707,18.502,3,52,462560388.0
travel_new_regions,78687543,14.836,3,52,462558908.0
travel_new_regions,78704212,16.669,3,52,462677704.0
travel_new_regions,78720871,16.659,3,52,462874056.0
travel_new_regions,78737744,16.873,3,52,463102912.0
travel_new_regions,78754199,16.455,3,52,463393908.0
travel_new_regions,78770870,16.671,2,52,463492536.0
travel_new_regions,78787549,16.679,0,52,463733360.0
travel_new_regions,78804245,16.696,4,52,463281768.0
travel_new_regions,78820869,16.624,4,52,462476884.0
travel_new_regions,78837535,16.666,4,52,463049656.0
travel_new_regions,78854196,16.661,3,52,462959642.0
travel_new_regions,78870927,16.731,3,52,463085752.0
travel_new_regions,78887522,16.595,3,52,463192234.0
travel_new_regions,78904190,16.668,3,52,463314480.0
travel_new_regions,78920868,16.678,3,52,463429096.0
travel_new_regions,78937522,16.654,3,52,463577816.0
travel_new_regions,78954189,16.667,3,52,463753340.0
travel_new_regions,78970860,16.671,3,52,463945614.0
travel_new_regions,78987526,16.666,2,52,464329068.0
travel_new_regions,79006939,19.413,3,52,463817912.0
travel_new_regions,79020859,13.92,3,52,462914448.0
travel_new_regions,79037519,16.66,4,52,463447986.0
travel_new_regions,79054183,16.664,4,52,463385824.0
travel_new_regions,79070851,16.668,4,54,463518858.0
travel_new_regions,79087528,16.677,4,54,463635968.0
travel_new_regions,79104233,16.705,4,54,463752928.0
travel_new_regions,79120851,16.618,4,54,463901900.0
travel_new_regions,79137515,16.664,4,54,464041928.0
travel_new_regions,79154176,16.661,4,54,464200848.0
travel_new_regions,79170851,16.675,4,54,464399878.0
travel_new_regions,79187515,16.664,3,54,464693418.0
travel_new_regions,79204187,16.672,2,54,464909676.0
travel_new_regions,79220919,16.732,1,54,463805988.0
travel_new_regions,79237520,16.601,3,54,464096772.0
travel_new_regions,79254197,16.677,2,54,464280536.0
travel_new_regions,79270860,16.663,2,54,464649660.0
travel_new_regions,79287525,16.665,2,54,464586042.0
travel_new_regions,79304201,16.676,2,54,464592952.0
travel_new_regions,79320850,16.649,2,54,464878312.0
travel_new_regions,79337515,16.665,2,54,464951804.0
travel_new_regions,79354177,16.662,2,54,465078056.0
travel_new_regions,79370847,16.67,2,54,465178084.0
travel_new_regions,79387522,16.675,2,54,465333804.0
travel_new_regions,79404181,16.659,2,54,465529848.0
travel_new_regions,79420840,16.659,2,54,465723948.0
travel_new_regions,79437524,16.684,0,54,465946584.0
travel_new_regions,79454182,16.658,4,54,464896568.0
travel_new_regions,79470846,16.664,4,54,465275464.0
travel_new_regions,79487510,16.664,4,54,465479848.0
travel_new_regions,79504165,16.655,3,54,465390652.0
travel_new_regions,79520847,16.682,3,56,465522164.0
travel_new_regions,79537511,16.664,3,56,465673048.0
travel_new_regions,79554161,16.65,3,56,465857784.0
travel_new_regions,79570874,16.713,3,56,466058680.0
travel_new_regions,79587500,16.626,3,56,466323916.0
travel_new_regions,79604164,16.664,2,56,466562738.0
travel_new_regions,79620848,16.684,0,56,466580944.0
travel_new_regions,79637507,16.659,4,56,465500136.0
travel_new_regions,79654166,16.659,4,56,465423584.0
travel_new_regions,79670837,16.671,4,56,465761580.0
travel_new_regions,79687490,16.653,3,56,465617256.0
travel_new_regions,79704159,16.669,3,56,465752592.0
travel_new_regions,79720827,16.668,3,56,465904428.0
travel_new_regions,79737491,16.664,3,56,466092980.0
travel_new_regions,79754155,16.664,3,56,466227040.0
travel_new_regions,79770837,16.682,3,56,466452272.0
travel_new_regions,79787504,16.667,3,56,466721586.0
travel_new_regions,79804160,16.656,2,56,467053450.0
travel_new_regions,79820840,16.68,0,56,467081676.0
travel_new_regions,79837960,17.12,4,56,465986172.0
travel_new_regions,79854156,16.196,4,56,465869710.0
travel_new_regions,79870827,16.671,4,56,466133890.0
travel_new_regions,79887486,16.659,4,56,466038500.0
travel_new_regions,79904164,16.678,4,62,466127636.0
travel_new_regions,79920831,16.667,4,62,466420544.0
travel_new_regions,79937500,16.669,4,62,466332564.0
travel_new_regions,79954149,16.649,4,62,466527228.0
travel_new_regions,79970824,16.675,4,62,466687488.0
travel_new_regions,79987493,16.669,4,62,466992296.0
travel_new_regions,80004157,16.664,4,62,467201128.0
travel_new_regions,80020820,16.663,3,62,467398228.0
travel_new_regions,80037485,16.665,2,62,467651612.0
travel_new_regions,80054160,16.675,4,62,466599344.0
travel_new_regions,80070827,16.667,1,62,466586632.0
travel_new_regions,80087485,16.658,1,62,467027344.0
travel_new_regions,80104142,16.657,1,62,466942664.0
travel_new_regions,80120837,16.695,1,62,467143940.0
travel_new_regions,80137481,16.644,1,62,467206744.0
travel_new_regions,80154135,16.654,1,62,467354602.0
travel_new_regions,80170856,16.721,1,62,467483452.0
travel_new_regions,80187486,16.63,1,62,467712576.0
travel_new_regions,80204155,16.669,1,62,467958424.0
travel_new_regions,80220806,16.651,1,62,468105044.0
travel_new_regions,80237469,16.663,1,62,468206476.0
travel_new_regions,80254160,16.691,0,62,468332088.0
travel_new_regions,80270833,16.673,0,62,468452628.0
travel_new_regions,80287476,16.643,4,62,467328040.0
travel_new_regions,80304154,16.678,4,62,467657824.0
travel_new_regions,80320804,16.65,4,62,468028452.0
travel_new_regions,80337469,16.665,3,62,467862164.0
travel_new_regions,80354153,16.684,3,66,466899944.0
travel_new_regions,80370799,16.646,3,66,467085008.0
travel_new_regions,80387938,17.139,3,66,467385202.0
travel_new_regions,80404132,16.194,3,66,467625836.0
travel_new_regions,80420796,16.664,3,66,467684840.0
travel_new_regions,80437463,16.667,2,66,467897442.0
travel_new_regions,80454145,16.682,0,66,468134064.0
travel_new_regions,80470811,16.666,0,66,468203356.0
travel_new_regions,80487469,16.658,4,66,467212604.0
travel_new_regions,80504141,16.672,4,66,467518740.0
travel_new_regions,80520806,16.665,4,66,467503804.0
travel_new_regions,80537468,16.662,3,66,467405960.0
travel_new_regions,80554134,16.666,3,66,467497044.0
travel_new_regions,80570792,16.658,3,66,467727206.0
travel_new_regions,80587468,16.676,3,66,467823564.0
travel_new_regions,80604120,16.652,3,66,468001976.0
travel_new_regions,80620791,16.671,3,66,468109372.0
travel_new_regions,80637458,16.667,3,66,468402860.0
travel_new_regions,80654158,16.7,2,66,468620444.0
travel_new_regions,80670931,16.773,2,66,468983058.0
travel_new_regions,80687451,16.52,3,66,468018180.0
travel_new_regions,80704125,16.674,5,66,468462982.0
travel_new_regions,80720787,16.662,4,66,468846112.0
travel_new_regions,80737459,16.672,3,66,469114630.0
travel_new_regions,80754117,16.658,3,66,468984418.0
travel_new_regions,80770785,16.668,3,68,469079312.0
travel_new_regions,80787456,16.671,3,68,469203592.0
travel_new_regions,80804110,16.654,3,68,469377644.0
travel_new_regions,80820778,16.668,3,68,469697704.0
travel_new_regions,80837456,16.678,3,68,469827792.0
travel_new_regions,80854115,16.659,3,68,469940868.0
travel_new_regions,80870779,16.664,3,68,470208110.0
travel_new_regions,80887455,16.676,2,68,470362712.0
travel_new_regions,80904119,16.664,1,68,469522538.0
travel_new_regions,80920777,16.658,3,68,469594000.0
travel_new_regions,80937473,16.696,0,68,469938144.0
travel_new_regions,80954159,16.686,0,68,469861000.0
travel_new_regions,80970788,16.629,0,68,470087940.0
travel_new_regions,80987439,16.651,0,68,470123404.0
travel_new_regions,81004107,16.668,0,68,470250480.0
travel_new_regions,81020777,16.67,0,68,470342596.0
travel_new_regions,81037434,16.657,0,68,470471076.0
travel_new_regions,81054116,16.682,0,68,470674944.0
travel_new_regions,81070777,16.661,0,68,470945648.0
travel_new_regions,81087437,16.66,0,68,471095620.0
travel_new_regions,81104108,16.671,0,68,471278666.0
travel_new_regions,81120789,16.681,0,68,471408736.0
travel_new_regions,81137804,17.015,4,68,470383664.0
travel_new_regions,81154107,16.303,6,68,470840064.0
travel_new_regions,81170777,16.67,4,68,471115512.0
travel_new_regions,81187443,16.666,3,68,471178148.0
travel_new_regions,81204109,16.666,3,68,470947160.0
travel_new_regions,81220783,16.674,3,70,471327530.0
travel_new_regions,81237443,16.66,3,70,471333686.0
travel_new_regions,81254091,16.648,3,70,471472770.0
travel_new_regions,81270759,16.668,3,70,471581032.0
travel_new_regions,81287430,16.671,3,70,471875154.0
travel_new_regions,81304096,16.666,2,70,472098052.0
travel_new_regions,81320773,16.677,0,70,472367636.0
travel_new_regions,81339382,18.609,4,70,471206036.0
travel_new_regions,81354097,14.715,4,70,471184920.0
travel_new_regions,81370761,16.664,4,70,471580772.0
travel_new_regions,81387437,16.676,3,70,471526472.0
travel_new_regions,81404096,16.659,3,70,471663536.0
travel_new_regions,81420752,16.656,3,70,471724624.0
travel_new_regions,81437423,16.671,3,70,471852156.0
travel_new_regions,81454092,16.669,3,70,471987312.0
travel_new_regions,81470750,16.658,3,70,472152131.0
travel_new_regions,81487422,16.672,3,70,472393152.0
travel_new_regions,81504502,17.08,3,70,472743446.0
travel_new_regions,81520762,16.26,0,70,472828132.0
travel_new_regions,81537439,16.677,0,70,473010756.0
travel_new_regions,81554098,16.659,4,70,471859528.0
travel_new_regions,81570751,16.653,4,70,471684616.0
travel_new_regions,81587420,16.669,4,70,472222168.0
travel_new_regions,81604108,16.688,4,70,472198964.0
travel_new_regions,81620759,16.651,4,73,472155912.0
travel_new_regions,81637420,16.661,4,73,472471244.0
travel_new_regions,81654087,16.667,4,73,472383632.0
travel_new_regions,81670789,16.702,4,73,472702576.0
travel_new_regions,81687411,16.622,4,73,472746108.0
travel_new_regions,81704078,16.667,4,73,472852988.0
travel_new_regions,81720743,16.665,4,73,473138892.0
travel_new_regions,81737419,16.676,4,73,473383910.0
travel_new_regions,81754074,16.655,2,73,473540328.0
travel_new_regions,81771046,16.972,2,73,473898700.0
travel_new_regions,81787412,16.366,3,73,472621936.0
travel_new_regions,81804074,16.662,3,73,472964860.0
travel_new_regions,81820747,16.673,4,73,473233204.0
travel_new_regions,81837412,16.665,4,73,473231444.0
travel_new_regions,81854071,16.659,4,74,473449300.0
travel_new_regions,81870739,16.668,4,74,473553482.0
travel_new_regions,81887405,16.666,4,74,473678282.0
travel_new_regions,81904085,16.68,4,74,473812912.0
travel_new_regions,81920733,16.648,4,74,473942372.0
travel_new_regions,81937412,16.679,4,74,474110220.0
travel_new_regions,81954073,16.661,4,74,474405402.0
travel_new_regions,81970735,16.662,4,74,474632170.0
travel_new_regions,81987404,16.669,3,74,474981752.0
travel_new_regions,82004070,16.666,1,74,473910520.0
travel_new_regions,82020728,16.658,1,74,474052504.0
travel_new_regions,82037403,16.675,2,74,474549636.0
travel_new_regions,82054122,16.719,2,74,474413058.0
travel_new_regions,82070735,16.613,2,78,474026512.0
travel_new_regions,82087397,16.662,2,78,474290510.0
travel_new_regions,82104061,16.664,2,78,474269572.0
travel_new_regions,82120741,16.68,2,78,474381210.0
travel_new_regions,82137401,16.66,2,78,474624964.0
travel_new_regions,82154058,16.657,2,78,474957066.0
travel_new_regions,82170742,16.684,0,78,475108924.0
travel_new_regions,82187403,16.661,0,78,475258756.0
travel_new_regions,82204073,16.67,4,78,473845096.0
travel_new_regions,82220734,16.661,3,78,473571954.0
travel_new_regions,82237395,16.661,3,78,474126218.0
travel_new_regions,82254057,16.662,3,78,474043048.0
travel_new_regions,82270723,16.666,3,78,474199232.0
travel_new_regions,82287389,16.666,3,78,474287928.0
travel_new_regions,82304054,16.665,3,78,474429630.0
travel_new_regions,82320720,16.666,3,78,474565576.0
travel_new_regions,82339035,18.315,3,78,474703414.0
travel_new_regions,82354050,15.015,3,78,474913310.0
travel_new_regions,82370717,16.667,3,78,475110562.0
travel_new_regions,82387383,16.666,2,78,475349088.0
travel_new_regions,82404055,16.672,1,78,475693444.0
travel_new_regions,82420715,16.66,2,78,474721292.0
travel_new_regions,82437390,16.675,4,78,475151812.0
travel_new_regions,82454063,16.673,2,78,475434532.0
travel_new_regions,82470716,16.653,1,78,475838360.0
travel_new_regions,82487381,16.665,1,78,475742732.0
travel_new_regions,82504045,16.664,1,80,475889044.0
travel_new_regions,82520719,16.674,1,80,475988916.0
travel_new_regions,82537382,16.663,1,80,476124724.0
travel_new_regions,82554047,16.665,1,80,476437508.0
travel_new_regions,82570704,16.657,1,80,476442526.0
travel_new_regions,82587383,16.679,1,80,476762876.0
travel_new_regions,82604133,16.75,1,80,477094346.0
travel_new_regions,82620721,16.588,0,80,477123684.0
travel_new_regions,82637387,16.666,0,80,477391980.0
travel_new_regions,82654052,16.665,4,80,476092124.0
travel_new_regions,82670711,16.659,3,80,476151004.0
travel_new_regions,82687386,16.675,2,80,476138612.0
travel_new_regions,82704036,16.65,2,80,476305192.0
travel_new_regions,82720701,16.665,2,80,476459172.0
travel_new_regions,82737372,16.671,2,80,476559044.0
travel_new_regions,82754038,16.666,2,80,476694852.0
travel_new_regions,82770701,16.663,2,80,477009554.0
travel_new_regions,82787363,16.662,2,80,477016552.0
travel_new_regions,82804037,16.674,2,80,477331380.0
travel_new_regions,82820694,16.657,1,80,477454422.0
travel_new_regions,82837363,16.669,1,80,477849156.0
travel_new_regions,82854057,16.694,0,80,478020120.0
travel_new_regions,82870706,16.649,0,80,477895552.0
travel_new_regions,82887571,16.865,4,80,476665100.0
travel_new_regions,82904036,16.465,3,80,476610856.0
travel_new_regions,82920699,16.663,3,80,477060776.0
travel_new_regions,82937356,16.657,2,80,476966760.0
travel_new_regions,82954029,16.673,2,83,477114282.0
travel_new_regions,82970690,16.661,2,83,477261926.0
travel_new_regions,82987357,16.667,2,83,477441980.0
travel_new_regions,83004023,16.666,2,83,477605610.0
travel_new_regions,83020690,16.667,2,83,477819028.0
travel_new_regions,83037361,16.671,1,83,478145056.0
travel_new_regions,83054051,16.69,0,83,478328196.0
travel_new_regions,83070701,16.65,0,83,478418996.0
travel_new_regions,83087367,16.666,4,83,477312700.0
travel_new_regions,83104026,16.659,3,83,477010160.0
travel_new_regions,83120690,16.664,3,83,477430276.0
travel_new_regions,83137351,16.661,2,83,477306310.0
travel_new_regions,83154035,16.684,2,84,477356480.0
travel_new_regions,83171010,16.975,2,84,477628672.0
travel_new_regions,83187356,16.346,2,84,477722712.0
travel_new_regions,83204017,16.661,2,84,477893954.0
travel_new_regions,83220683,16.666,2,84,478153930.0
travel_new_regions,83237354,16.671,2,84,478385352.0
travel_new_regions,83254017,16.663,1,84,478729747.0
travel_new_regions,83270701,16.684,0,84,478834812.0
travel_new_regions,83289829,19.128,4,84,477861812.0
travel_new_regions,83304018,14.189,5,84,478090668.0
travel_new_regions,83320694,16.676,3,84,478230520.0
travel_new_regions,83337358,16.664,2,84,478613076.0
travel_new_regions,83354015,16.657,2,84,478530538.0
travel_new_regions,83370688,16.673,2,88,478588420.0
travel_new_regions,83387353,16.665,2,88,478805308.0
travel_new_regions,83404014,16.661,2,88,478959564.0
travel_new_regions,83420679,16.665,2,88,479076260.0
travel_new_regions,83438026,17.347,2,88,479391326.0
travel_new_regions,83454021,15.995,2,88,479605154.0
travel_new_regions,83470675,16.654,2,88,479804724.0
travel_new_regions,83487353,16.678,1,88,480010264.0
travel_new_regions,83504850,17.497,2,88,479454804.0
travel_new_regions,83520679,15.829,2,88,478791954.0
travel_new_regions,83537352,16.673,2,88,479233650.0
travel_new_regions,83554019,16.667,2,88,479135936.0
travel_new_regions,83570686,16.667,2,88,479340656.0
travel_new_regions,83587343,16.657,2,88,479408412.0
travel_new_regions,83604004,16.661,2,88,479565472.0
travel_new_regions,83620666,16.662,2,88,479677504.0
travel_new_regions,83637348,16.682,2,88,479913384.0
travel_new_regions,83654015,16.667,2,88,480298950.0
travel_new_regions,83670666,16.651,2,88,480288268.0
travel_new_regions,83687341,16.675,1,88,480504016.0
travel_new_regions,83707895,20.554,3,88,479831656.0
travel_new_regions,83721013,13.118,5,88,479776287.0
travel_new_regions,83737346,16.333,3,88,479786896.0
travel_new_regions,83754016,16.67,2,88,480319676.0
travel_new_regions,83770671,16.655,2,88,480097844.0
travel_new_regions,83787338,16.667,2,90,479166344.0
travel_new_regions,83804001,16.663,2,90,479355892.0
travel_new_regions,83820663,16.662,2,90,479524432.0
travel_new_regions,83837334,16.671,2,90,479766926.0
travel_new_regions,83854002,16.668,2,90,479868788.0
travel_new_regions,83870660,16.658,2,90,480140700.0
travel_new_regions,83887338,16.678,0,90,480347032.0
travel_new_regions,83909133,21.795,3,90,479611048.0
travel_new_regions,83920664,11.531,4,90,478915100.0
travel_new_regions,83937336,16.672,2,90,478981848.0
travel_new_regions,83953998,16.662,1,90,479489848.0
travel_new_regions,83970663,16.665,1,90,479547268.0
travel_new_regions,83988029,17.366,1,90,479676172.0
travel_new_regions,84004007,15.978,1,90,479803652.0
travel_new_regions,84020653,16.646,1,90,480020576.0
travel_new_regions,84037320,16.667,1,90,480130340.0
travel_new_regions,84053984,16.664,1,90,480236752.0
travel_new_regions,84070657,16.673,1,90,480363068.0
travel_new_regions,84087312,16.655,1,90,480633372.0
travel_new_regions,84103989,16.677,0,90,480940308.0
travel_new_regions,84120661,16.672,0,90,480995076.0
travel_new_regions,84139239,18.578,3,90,480079056.0
travel_new_regions,84153993,14.754,4,90,479924856.0
travel_new_regions,84170665,16.672,2,90,480074588.0
travel_new_regions,84187329,16.664,1,90,480582230.0
travel_new_regions,84203989,16.66,1,90,480441404.0
travel_new_regions,84220644,16.655,1,92,480533484.0
travel_new_regions,84237314,16.67,1,92,480644940.0
travel_new_regions,84253973,16.659,1,92,480795504.0
travel_new_regions,84270979,17.006,1,92,481055804.0
travel_new_regions,84287317,16.338,1,92,481251496.0
travel_new_regions,84303976,16.659,1,92,481312884.0
travel_new_regions,84320640,16.664,1,92,481571930.0
travel_new_regions,84337317,16.677,0,92,482102984.0
travel_new_regions,84353989,16.672,0,92,482089500.0
travel_new_regions,84372932,18.943,3,92,481143782.0
travel_new_regions,84387311,14.379,4,92,481163376.0
travel_new_regions,84403982,16.671,1,92,481314014.0
travel_new_regions,84420642,16.66,1,92,481682358.0
travel_new_regions,84437305,16.663,1,92,481597438.0
travel_new_regions,84453979,16.674,1,92,481681332.0
travel_new_regions,84470640,16.661,1,92,481794040.0
travel_new_regions,84487301,16.661,1,92,481940384.0
travel_new_regions,84503975,16.674,1,92,482168240.0
travel_new_regions,84520628,16.653,1,92,482326352.0
travel_new_regions,84537301,16.673,1,92,482590200.0
travel_new_regions,84553980,16.679,1,92,482758212.0
travel_new_regions,84570633,16.653,0,92,483051620.0
travel_new_regions,84590965,20.332,3,92,482120954.0
travel_new_regions,84603979,13.014,4,92,482026096.0
travel_new_regions,84620632,16.653,2,92,482219802.0
travel_new_regions,84637307,16.675,1,92,482534180.0
travel_new_regions,84653965,16.658,1,92,482472812.0
travel_new_regions,84670627,16.662,1,94,482596588.0
travel_new_regions,84687296,16.669,1,94,482706288.0
travel_new_regions,84703965,16.669,1,94,482867328.0
travel_new_regions,84720642,16.677,1,94,482976656.0
travel_new_regions,84737298,16.656,1,94,483190872.0
travel_new_regions,84753960,16.662,0,94,483561988.0
travel_new_regions,84770638,16.678,0,94,483592968.0
travel_new_regions,84789250,18.612,3,94,482727880.0
travel_new_regions,84803965,14.715,2,94,482348476.0
travel_new_regions,84820938,16.973,2,94,482747592.0
travel_new_regions,84837285,16.347,1,94,482648064.0
travel_new_regions,84853954,16.669,1,94,482775548.0
travel_new_regions,84870623,16.669,1,94,482814772.0
travel_new_regions,84887281,16.658,1,94,483031000.0
travel_new_regions,84903947,16.666,1,94,483077916.0
travel_new_regions,84920613,16.666,1,94,483246754.0
travel_new_regions,84937282,16.669,1,94,483478122.0
travel_new_regions,84953962,16.68,0,94,483841724.0
travel_new_regions,84970630,16.668,0,94,483958380.0
travel_new_regions,84987920,17.29,3,94,482936524.0
travel_new_regions,85003958,16.038,2,94,482768112.0
travel_new_regions,85020615,16.657,2,94,483149856.0
travel_new_regions,85037296,16.681,2,94,483078672.0
travel_new_regions,85053942,16.646,2,96,483191040.0
travel_new_regions,85070605,16.663,2,96,483268792.0
travel_new_regions,85087275,16.67,2,96,483382008.0
travel_new_regions,85103956,16.681,2,96,483555680.0
travel_new_regions,85120604,16.648,2,96,483636524.0
travel_new_regions,85137278,16.674,2,96,483916728.0
travel_new_regions,85153935,16.657,1,96,484149840.0
travel_new_regions,85170611,16.676,0,96,484325592.0
travel_new_regions,85189354,18.743,3,96,483623520.0
travel_new_regions,85203945,14.591,4,96,483734748.0
travel_new_regions,85220621,16.676,2,96,483842916.0
travel_new_regions,85237281,16.66,1,96,484233844.0
travel_new_regions,85253939,16.658,1,96,484153178.0
travel_new_regions,85270605,16.666,1,96,484276870.0
travel_new_regions,85287268,16.663,1,96,484350468.0
travel_new_regions,85303942,16.674,1,96,484463688.0
travel_new_regions,85320596,16.654,1,96,484644794.0
travel_new_regions,85337292,16.696,1,96,484956056.0
travel_new_regions,85353933,16.641,1,96,485041464.0
travel_new_regions,85370602,16.669,0,96,485285784.0
travel_new_regions,85387959,17.357,0,96,485535544.0
travel_new_regions,85403923,15.964,3,96,484449952.0
return_history_control,85432653,28.73,3,96,484859092.0
return_history_control,85440121,7.468,3,96,485024196.0
return_history_control,85453947,13.826,1,96,485211012.0
return_history_control,85470600,16.653,0,96,485694390.0
return_history_control,85487267,16.667,0,96,485819412.0
return_history_control,85503943,16.676,0,96,485967844.0
return_history_control,85534349,30.406,3,96,485885164.0
return_history_control,85540987,6.638,5,96,486029808.0
return_history_control,85553931,12.944,5,96,486468324.0
return_history_control,85570597,16.666,3,96,486814022.0
return_history_control,85587278,16.681,2,96,487067684.0
return_history_control,85603929,16.651,2,96,487239744.0
return_history_control,85620600,16.671,0,96,487404500.0
return_history_control,85637272,16.672,4,96,487085972.0
return_history_control,85653992,16.72,6,96,486872404.0
return_history_control,85670592,16.6,6,96,487130922.0
return_history_control,85687283,16.691,6,96,487096896.0
return_history_control,85703934,16.651,6,96,487317828.0
return_history_control,85720587,16.653,4,96,486857344.0
return_history_control,85737258,16.671,4,96,487051256.0
return_history_control,85753916,16.658,4,96,487159308.0
return_history_control,85770581,16.665,3,96,487420560.0
return_history_control,85787263,16.682,4,96,487157410.0
return_history_control,85803920,16.657,5,96,486826444.0
return_history_control,85820588,16.668,5,96,486880496.0
return_history_control,85837278,16.69,5,96,486961592.0
return_history_control,85853924,16.646,5,96,486986996.0
return_history_control,85870584,16.66,5,96,487070256.0
return_history_control,85887250,16.666,5,96,487191900.0
return_history_control,85903926,16.676,5,96,487252196.0
return_history_control,85920579,16.653,5,96,487364720.0
return_history_control,85937906,17.327,5,96,487454736.0
return_history_control,85953924,16.018,5,96,487469792.0
return_history_control,85970580,16.656,5,96,487558824.0
return_history_control,85987246,16.666,5,96,487619112.0
return_history_control,86003910,16.664,5,96,487677792.0
return_history_control,86020576,16.666,5,96,487745652.0
return_history_control,86037242,16.666,5,96,487809428.0
return_history_control,86053904,16.662,5,96,487868156.0
return_history_control,86070582,16.678,3,96,487949832.0
return_history_control,86087242,16.66,3,96,488222604.0
return_history_control,86103901,16.659,3,96,488201180.0
return_history_control,86120567,16.666,0,96,488419128.0
return_history_control,86137277,16.71,5,96,488104996.0
return_history_control,86153915,16.638,7,96,488389464.0
return_history_control,86170569,16.654,7,96,488496184.0
return_history_control,86187234,16.665,7,96,488714312.0
return_history_control,86203914,16.68,7,96,488673088.0
return_history_control,86220568,16.654,7,96,488721580.0
return_history_control,86237257,16.689,7,96,488772664.0
return_history_control,86253902,16.645,7,96,488832544.0
return_history_control,86270568,16.666,7,96,488886212.0
return_history_control,86287233,16.665,7,96,488943750.0
return_history_control,86303903,16.67,7,96,488990956.0
return_history_control,86320565,16.662,7,96,489048300.0
return_history_control,86337230,16.665,7,96,489108184.0
return_history_control,86353901,16.671,7,96,489164722.0
return_history_control,86370564,16.663,7,96,489216676.0
return_history_control,86387278,16.714,7,96,489228856.0
return_history_control,86403901,16.623,5,96,489450446.0
return_history_control,86420565,16.664,5,96,489528614.0
return_history_control,86437224,16.659,5,96,489506464.0
return_history_control,86453896,16.672,4,96,489823586.0
return_history_control,86470559,16.663,4,96,489458232.0
return_history_control,86487257,16.698,5,96,489736172.0
return_history_control,86503909,16.652,5,96,490458864.0
return_history_control,86520568,16.659,5,96,490516584.0
return_history_control,86537230,16.662,5,96,490638328.0
return_history_control,86553888,16.658,5,96,490698088.0
return_history_control,86570554,16.666,5,96,490758080.0
return_history_control,86587219,16.665,5,96,490813728.0
return_history_control,86603903,16.684,5,96,490877072.0
return_history_control,86620547,16.644,5,96,490927496.0
return_history_control,86637213,16.666,5,96,490987300.0
return_history_control,86653885,16.672,5,96,491043912.0
return_history_control,86670550,16.665,5,96,491095708.0
return_history_control,86687222,16.672,5,96,491152392.0
return_history_control,86703889,16.667,5,96,491206076.0
return_history_control,86720562,16.673,5,96,491213792.0
return_history_control,86737220,16.658,3,96,491273584.0
return_history_control,86753904,16.684,3,96,491461036.0
return_history_control,86770954,17.05,3,96,491631580.0
return_history_control,86787245,16.291,2,96,491945928.0
return_history_control,86803889,16.644,4,96,491541696.0
return_history_control,86820546,16.657,5,96,491637244.0
return_history_control,86837218,16.672,5,96,491920644.0
return_history_control,86853885,16.667,5,96,491958436.0
return_history_control,86870553,16.668,5,96,491958436.0
return_history_control,86887210,16.657,5,96,492022022.0
return_history_control,86903873,16.663,5,96,492075640.0
return_history_control,86920555,16.682,5,96,492170248.0
return_history_control,86937217,16.662,5,96,492170248.0
return_history_control,86953890,16.673,5,96,492170248.0
return_history_control,86970541,16.651,5,96,492264212.0
return_history_control,86987207,16.666,5,96,492328012.0
return_history_control,87003883,16.676,5,96,492367364.0
return_history_control,87020540,16.657,5,96,492431272.0
return_history_control,87037934,17.394,5,96,492490832.0
return_history_control,87053874,15.94,5,96,492587200.0
return_history_control,87070537,16.663,5,96,492643252.0
return_history_control,87087199,16.662,5,96,492698364.0
return_history_control,87103872,16.673,5,96,492748560.0
return_history_control,87120542,16.67,5,96,492756644.0
return_history_control,87137208,16.666,5,96,492756648.0
return_history_control,87153877,16.669,5,96,492756648.0
return_history_control,87170542,16.665,5,96,492756648.0
return_history_control,87187218,16.676,5,96,492894572.0
return_history_control,87203876,16.658,5,96,492931756.0
return_history_control,87220533,16.657,5,96,492977400.0
return_history_control,87237204,16.671,5,96,492977400.0
return_history_control,87253873,16.669,5,96,492977400.0
return_history_control,87270535,16.662,5,96,492977400.0
return_history_control,87287206,16.671,5,96,492977400.0
return_history_control,87303869,16.663,5,96,492977400.0
return_history_control,87320549,16.68,5,96,492977396.0
return_history_control,87337200,16.651,5,96,492977400.0
return_history_control,87353873,16.673,5,96,493177876.0
return_history_control,87370532,16.659,5,96,493177876.0
return_history_control,87387189,16.657,5,96,493323228.0
return_history_control,87403862,16.673,5,96,493333960.0
return_history_control,87420519,16.657,5,96,493422720.0
return_history_control,87437183,16.664,5,96,493479068.0
return_history_control,87453854,16.671,5,96,493546980.0
return_history_control,87470520,16.666,5,96,493609708.0
return_history_control,87487185,16.665,5,96,493663756.0
return_history_control,87503852,16.667,5,96,493724692.0
return_history_control,87520523,16.671,5,96,493772120.0
return_history_control,87537184,16.661,5,96,493806076.0
return_history_control,87553899,16.715,5,96,493852912.0
return_history_control,87570525,16.626,5,96,493852912.0
return_history_control,87587192,16.667,5,96,493852912.0
return_history_control,87603866,16.674,5,96,493852912.0
return_history_control,87620523,16.657,5,96,493852912.0
return_history_control,87637192,16.669,5,96,493852912.0
return_history_control,87653861,16.669,5,96,493852912.0
return_history_control,87670521,16.66,5,96,493852908.0
return_history_control,87687186,16.665,5,96,493852912.0
return_history_control,87703856,16.67,5,96,494112936.0
return_history_control,87720510,16.654,5,96,494160872.0
return_history_control,87737180,16.67,5,96,494212764.0
return_history_control,87753857,16.677,5,96,494253388.0
return_history_control,87770538,16.681,5,96,494314808.0
return_history_control,87787177,16.639,5,96,494375224.0
return_history_control,87803852,16.675,5,96,494435252.0
return_history_control,87820504,16.652,5,96,494491988.0
return_history_control,87837176,16.672,5,96,494591424.0
return_history_control,87853842,16.666,5,96,494607132.0
return_history_control,87870507,16.665,5,96,494682288.0
return_history_control,87887169,16.662,5,96,494737344.0
return_history_control,87903850,16.681,5,96,494737344.0
return_history_control,87920509,16.659,5,96,494737344.0
return_history_control,87937174,16.665,5,96,494737344.0
return_history_control,87953845,16.671,5,96,494737344.0
return_history_control,87970505,16.66,5,96,494910456.0
return_history_control,87987173,16.668,5,96,494968624.0
return_history_control,88003851,16.678,5,96,494968624.0
return_history_control,88020498,16.647,5,96,495030096.0
return_history_control,88037161,16.663,5,96,495113632.0
return_history_control,88053840,16.679,5,96,495174960.0
return_history_control,88070492,16.652,5,96,495233540.0
return_history_control,88087194,16.702,5,96,495242240.0
return_history_control,88103830,16.636,5,96,495313610.0
return_history_control,88120492,16.662,5,96,495376212.0
return_history_control,88137224,16.732,5,96,495382312.0
return_history_control,88153890,16.666,5,96,495438516.0
return_history_control,88170501,16.611,5,96,495457824.0
return_history_control,88187167,16.666,5,96,495527768.0
return_history_control,88203835,16.668,5,96,495527768.0
return_history_control,88220502,16.667,5,96,495527768.0
return_history_control,88237172,16.67,5,96,495604316.0
return_history_control,88253828,16.656,5,96,495661864.0
return_history_control,88270496,16.668,5,96,495661864.0
return_history_control,88287229,16.733,5,96,495661864.0
return_history_control,88303835,16.606,5,96,495661864.0
return_history_control,88320486,16.651,5,96,495794416.0
return_history_control,88337180,16.694,5,96,495844816.0
return_history_control,88353817,16.637,5,96,495903960.0
return_history_control,88370489,16.672,5,96,496031474.0
return_history_control,88387165,16.676,5,96,495997620.0
return_history_control,88403814,16.649,5,96,496087416.0
return_history_control,88420964,17.15,5,96,496172888.0
return_history_control,88437165,16.201,5,96,496186880.0
return_history_control,88453822,16.657,5,96,496255370.0
return_history_control,88470485,16.663,5,96,496310952.0
return_history_control,88487161,16.676,5,96,496320872.0
return_history_control,88503831,16.67,5,96,496378812.0
return_history_control,88520487,16.656,5,96,496378816.0
return_history_control,88537152,16.665,5,96,496378816.0
return_history_control,88553823,16.671,5,96,496378816.0
return_history_control,88570483,16.66,5,96,496378812.0
return_history_control,88587159,16.676,5,96,496378816.0
return_history_control,88603819,16.66,5,96,496560356.0
return_history_control,88620471,16.652,5,96,496624158.0
return_history_control,88637136,16.665,5,96,496686638.0
return_history_control,88653805,16.669,5,96,496744008.0
return_history_control,88670469,16.664,5,96,496811106.0
return_history_control,88687146,16.677,5,96,496817276.0
return_history_control,88703825,16.679,5,96,496886484.0
return_history_control,88720466,16.641,5,96,496962132.0
return_history_control,88737132,16.666,5,96,497048164.0
return_history_control,88753804,16.672,5,96,497106520.0
return_history_control,88770472,16.668,5,96,497144928.0
return_history_control,88787161,16.689,5,96,497144928.0
return_history_control,88803814,16.653,5,96,497144928.0
return_history_control,88820480,16.666,5,96,497144928.0
return_history_control,88837155,16.675,5,96,497144928.0
return_history_control,88853803,16.648,5,96,497334080.0
return_history_control,88870468,16.665,5,96,497373652.0
return_history_control,88887133,16.665,5,96,497464640.0
return_history_control,88903795,16.662,5,96,497556398.0
return_history_control,88920459,16.664,5,96,497644422.0
return_history_control,88937329,16.87,5,96,497668520.0
return_history_control,88953796,16.467,5,96,497731936.0
return_history_control,88970462,16.666,5,96,497798690.0
return_history_control,88987210,16.748,5,96,497806412.0
return_history_control,89003792,16.582,5,96,497866636.0
return_history_control,89020465,16.673,5,96,497925420.0
return_history_control,89037141,16.676,5,96,497927680.0
return_history_control,89053803,16.662,5,96,497927680.0
return_history_control,89070464,16.661,5,96,497927680.0
return_history_control,89087131,16.667,5,96,497927680.0
return_history_control,89103786,16.655,5,96,498124774.0
return_history_control,89120453,16.667,5,96,498133548.0
return_history_control,89137120,16.667,5,96,498195078.0
return_history_control,89153797,16.677,1,96,498279160.0
return_history_control,89170452,16.655,3,96,498463608.0
return_history_control,89187111,16.659,2,96,498436864.0
return_history_control,89203795,16.684,1,96,498688008.0
return_history_control,89220456,16.661,5,96,498272892.0
return_history_control,89237115,16.659,6,96,498486416.0
return_history_control,89256962,19.847,6,96,499646064.0
return_history_control,89270456,13.494,6,96,501278192.0
return_history_control,89287125,16.669,6,96,501488936.0
return_history_control,89303788,16.663,6,96,501727476.0
return_history_control,89320453,16.665,6,96,501763440.0
return_history_control,89337123,16.67,6,96,501909388.0
return_history_control,89353788,16.665,6,96,502067928.0
return_history_control,89370455,16.667,6,96,502103360.0
return_history_control,89387131,16.676,6,96,502566084.0
return_history_control,89403782,16.651,6,96,502740892.0
return_history_control,89420449,16.667,6,96,502855940.0
return_history_control,89437119,16.67,6,96,503096132.0
return_history_control,89453786,16.667,6,96,503245548.0
return_history_control,89470451,16.665,6,96,503305732.0
return_history_control,89487123,16.672,6,96,503454096.0
return_history_control,89503776,16.653,6,96,503839644.0
return_history_control,89520448,16.672,6,96,503928508.0
return_history_control,89537148,16.7,6,96,503488096.0
return_history_control,89553769,16.621,6,96,503538008.0
return_history_control,89570446,16.677,6,96,499996980.0
return_history_control,89587114,16.668,6,96,497570324.0
return_history_control,89603781,16.667,6,96,495595096.0
return_history_control,89620447,16.666,6,96,494406676.0
return_history_control,89637140,16.693,6,96,492145912.0
return_history_control,89653789,16.649,6,96,491492156.0
return_history_control,89670432,16.643,6,96,490368124.0
return_history_control,89687100,16.668,6,96,488614752.0
return_history_control,89703768,16.668,6,96,487810208.0
return_history_control,89720430,16.662,6,96,487864512.0
return_history_control,89737105,16.675,6,96,487873732.0
return_history_control,89753782,16.677,6,96,487934028.0
return_history_control,89770428,16.646,6,96,487993834.0
return_history_control,89787098,16.67,6,96,488040624.0
return_history_control,89803968,16.87,6,96,488055684.0
return_history_control,89820427,16.459,6,96,488106332.0
return_history_control,89837097,16.67,6,96,488157616.0
return_history_control,89853768,16.671,6,96,488168060.0
return_history_control,89870435,16.667,6,96,488220084.0
return_history_control,89887094,16.659,6,96,488242700.0
return_history_control,89903757,16.663,6,96,488301756.0
return_history_control,89920419,16.662,6,96,488357764.0
return_history_control,89937135,16.716,6,96,488404168.0
return_history_control,89953762,16.627,6,96,488419076.0
return_history_control,89970423,16.661,6,96,488462032.0
return_history_control,89987115,16.692,3,96,488545476.0
return_history_control,90003796,16.681,4,96,488796776.0
return_history_control,90020425,16.629,4,96,488775792.0
return_history_control,90037112,16.687,3,96,489154458.0
return_history_control,90053779,16.667,4,96,488743776.0
return_history_control,90070432,16.653,5,96,488850632.0
return_history_control,90087109,16.677,5,96,489110828.0
return_history_control,90103853,16.744,5,96,489361052.0
return_history_control,90120422,16.569,5,96,489506108.0
return_history_control,90137101,16.679,5,96,489382512.0
return_history_control,90153772,16.671,5,96,489457568.0
return_history_control,90170429,16.657,5,96,488420740.0
return_history_control,90187096,16.667,5,96,487714612.0
return_history_control,90203748,16.652,5,96,487123588.0
return_history_control,90220429,16.681,5,96,486402328.0
return_history_control,90237079,16.65,5,96,485922672.0
return_history_control,90253737,16.658,5,96,485449084.0
return_history_control,90270411,16.674,5,96,485550052.0
return_history_control,90287084,16.673,5,96,485514496.0
return_history_control,90303734,16.65,5,96,485599724.0
return_history_control,90320404,16.67,5,96,485678916.0
return_history_control,90337074,16.67,5,96,485788868.0
return_history_control,90353744,16.67,5,96,485847292.0
return_history_control,90370423,16.679,3,96,485906420.0
return_history_control,90387086,16.663,3,96,486075036.0
return_history_control,90403734,16.648,3,96,486185116.0
return_history_control,90420419,16.685,0,96,486431192.0
return_history_control,90437078,16.659,5,96,486219628.0
return_history_control,90453736,16.658,7,96,486429488.0
return_history_control,90470402,16.666,7,96,486534360.0
return_history_control,90487070,16.668,7,96,486746880.0
return_history_control,90503748,16.678,7,96,486697364.0
return_history_control,90520404,16.656,7,96,486704932.0
return_history_control,90537073,16.669,7,96,486762620.0
return_history_control,90553736,16.663,7,96,485892582.0
return_history_control,90570393,16.657,7,96,484875672.0
return_history_control,90587080,16.687,7,96,484358980.0
return_history_control,90603740,16.66,7,96,483437792.0
return_history_control,90620394,16.654,7,96,483195472.0
return_history_control,90637078,16.684,7,96,483241060.0
return_history_control,90653725,16.647,7,96,483296568.0
return_history_control,90670391,16.666,7,96,483355782.0
return_history_control,90687048,16.657,7,96,483406650.0
return_history_control,90703721,16.673,7,96,483454066.0
return_history_control,90720395,16.674,7,96,483461788.0
return_history_control,90737073,16.678,7,96,483510400.0
return_history_control,90753722,16.649,7,96,483694708.0
return_history_control,90770384,16.662,7,96,483741392.0
return_history_control,90787061,16.677,7,96,483794824.0
return_history_control,90803736,16.675,7,96,483882500.0
return_history_control,90820436,16.7,7,96,483855260.0
return_history_control,90837057,16.621,7,96,483908652.0
return_history_control,90853716,16.659,7,96,483958148.0
return_history_control,90870379,16.663,7,96,484004624.0
return_history_control,90887049,16.67,7,96,484053328.0
return_history_control,90903736,16.687,7,96,484137332.0
return_history_control,90920509,16.773,7,96,484246860.0
return_history_control,90937050,16.541,7,96,484294884.0
return_history_control,90953711,16.661,7,96,484354840.0
return_history_control,90970376,16.665,7,96,484399844.0
return_history_control,90987051,16.675,7,96,484455636.0
return_history_control,91003707,16.656,7,96,484497320.0
return_history_control,91020374,16.667,7,96,484547954.0
return_history_control,91037056,16.682,7,96,484555676.0
return_history_control,91053717,16.661,7,96,484604920.0
return_history_control,91070377,16.66,7,96,484789812.0
return_history_control,91087039,16.662,7,96,484836396.0
return_history_control,91103714,16.675,7,96,484888948.0
return_history_control,91120373,16.659,7,96,484896524.0
return_history_control,91137070,16.697,7,96,484946648.0
return_history_control,91153702,16.632,7,96,485002672.0
return_history_control,91170394,16.692,7,96,485046706.0
return_history_control,91187082,16.688,7,96,485098126.0
return_history_control,91203773,16.691,7,96,485170416.0
return_history_control,91220395,16.622,7,96,485157312.0
return_history_control,91237063,16.668,7,96,485346268.0
return_history_control,91253699,16.636,7,96,485395912.0
return_history_control,91270374,16.675,7,96,485441572.0
return_history_control,91287063,16.689,7,96,485494856.0
return_history_control,91303719,16.656,7,96,485504324.0
return_history_control,91320363,16.644,7,96,485557680.0
return_history_control,91337062,16.699,7,96,485612692.0
return_history_control,91353692,16.63,7,96,485660736.0
return_history_control,91370357,16.665,7,96,485714390.0
return_history_control,91387043,16.686,7,96,485797412.0
return_history_control,91403698,16.655,7,96,485905700.0
return_history_control,91420358,16.66,7,96,485957064.0
return_history_control,91437038,16.68,7,96,486007108.0
return_history_control,91453701,16.663,7,96,486060092.0
return_history_control,91470374,16.673,7,96,486115564.0
return_history_control,91487045,16.671,7,96,486160622.0
return_history_control,91503688,16.643,7,96,486207728.0
return_history_control,91520360,16.672,7,96,486256800.0
return_history_control,91537085,16.725,7,96,486355424.0
return_history_control,91553692,16.607,7,96,486449560.0
return_history_control,91570357,16.665,7,96,486498708.0
return_history_control,91587053,16.696,7,96,486548604.0
return_history_control,91603692,16.639,7,96,486636560.0
return_history_control,91620359,16.667,7,96,486613740.0
return_history_control,91637122,16.763,7,96,486662204.0
return_history_control,91653687,16.565,7,96,486711280.0
return_history_control,91670355,16.668,7,96,486763912.0
return_history_control,91687050,16.695,7,96,486768412.0
return_history_control,91703686,16.636,5,96,486824004.0
return_history_control,91720348,16.662,5,96,486932720.0
return_history_control,91737048,16.7,5,96,487048340.0
return_history_control,91753787,16.739,4,96,487328984.0
return_history_control,91770352,16.565,4,96,486988912.0
return_history_control,91787080,16.728,5,96,487254108.0
return_history_control,91803698,16.618,5,96,487439100.0
return_history_control,91820349,16.651,5,96,487585838.0
return_history_control,91837150,16.801,5,96,487812100.0
return_history_control,91853682,16.532,5,96,488068136.0
return_history_control,91870349,16.667,5,96,488179032.0
return_history_control,91887053,16.704,5,96,488398232.0
return_history_control,91903675,16.622,5,96,488615442.0
return_history_control,91920341,16.666,5,96,488760188.0
return_history_control,91937103,16.762,5,96,488978840.0
return_history_control,91953681,16.578,5,96,489202206.0
return_history_control,91970338,16.657,5,96,489323364.0
return_history_control,91987046,16.708,5,96,489609420.0
return_history_control,92003671,16.625,5,96,489833440.0
return_history_control,92021202,17.531,5,96,489902248.0
return_history_control,92037079,15.877,5,96,489580412.0
return_history_control,92053670,16.591,5,96,489661880.0
return_history_control,92070335,16.665,5,96,489727568.0
return_history_control,92087159,16.824,5,96,489807592.0
return_history_control,92103677,16.518,3,96,489793084.0
return_history_control,92120327,16.65,4,96,487078942.0
return_history_control,92137137,16.81,4,96,485739920.0
return_history_control,92153665,16.528,3,96,485195474.0
return_history_control,92170360,16.695,4,96,484524296.0
return_history_control,92187070,16.71,5,96,483875108.0
return_history_control,92203664,16.594,5,96,483131808.0
return_history_control,92220341,16.677,5,96,482803152.0
return_history_control,92237091,16.75,5,96,481828860.0
return_history_control,92253670,16.579,5,96,480851776.0
return_history_control,92270331,16.661,5,96,479968920.0
return_history_control,92287042,16.711,5,96,478195416.0
return_history_control,92303678,16.636,5,96,477302532.0
return_history_control,92320330,16.652,5,96,476291392.0
return_history_control,92337081,16.751,5,96,476214556.0
return_history_control,92353653,16.572,5,96,476291052.0
return_history_control,92370321,16.668,5,96,476384980.0
return_history_control,92387061,16.74,5,96,476459160.0
return_history_control,92403663,16.602,5,96,476472472.0
return_history_control,92420327,16.664,5,96,476568168.0
return_history_control,92437041,16.714,5,96,476655392.0
return_history_control,92453651,16.61,5,96,476725740.0
return_history_control,92470341,16.69,5,96,476760940.0
return_history_control,92487063,16.722,1,96,476830680.0
return_history_control,92503664,16.601,3,96,477058616.0
return_history_control,92520319,16.655,2,96,477168576.0
return_history_control,92537032,16.713,1,96,477434128.0
return_history_control,92553653,16.621,5,96,477137108.0
return_history_control,92570325,16.672,6,96,477257348.0
return_history_control,92587060,16.735,6,96,477474594.0
return_history_control,92603646,16.586,6,96,477676568.0
return_history_control,92620322,16.676,6,96,477600460.0
return_history_control,92637059,16.737,6,96,477667260.0
return_history_control,92653647,16.588,6,96,477722196.0
return_history_control,92670312,16.665,6,96,476919470.0
return_history_control,92687018,16.706,6,96,476000340.0
return_history_control,92703652,16.634,6,96,475051758.0
return_history_control,92720314,16.662,6,96,474301748.0
return_history_control,92737016,16.702,6,96,474313040.0
return_history_control,92753648,16.632,6,96,474370072.0
return_history_control,92770312,16.664,6,96,474426356.0
return_history_control,92787026,16.714,6,96,474524404.0
return_history_control,92803640,16.614,6,96,474589968.0
return_history_control,92820304,16.664,6,96,474654022.0
return_history_control,92837067,16.763,6,96,474765378.0
return_history_control,92853730,16.663,3,96,474817404.0
return_history_control,92870305,16.575,4,96,474942668.0
return_history_control,92886992,16.687,4,96,474996044.0
return_history_control,92903665,16.673,3,96,475307828.0
return_history_control,92920320,16.655,4,96,474960020.0
return_history_control,92936998,16.678,5,96,475166780.0
return_history_control,92953636,16.638,5,96,475420844.0
return_history_control,92970299,16.663,5,96,475542184.0
return_history_control,92987015,16.716,5,96,475547840.0
return_history_control,93003632,16.617,5,96,475605512.0
return_history_control,93020298,16.666,5,96,475710848.0
return_history_control,93037054,16.756,5,96,474996100.0
return_history_control,93053645,16.591,5,96,473674572.0
return_history_control,93070305,16.66,5,96,472619348.0
return_history_control,93087007,16.702,5,96,472657364.0
return_history_control,93103624,16.617,5,96,472711568.0
return_history_control,93120292,16.668,5,96,472764148.0
return_history_control,93137055,16.763,5,96,472825798.0
return_history_control,93153630,16.575,5,96,472922510.0
return_history_control,93170300,16.67,5,96,472889880.0
return_history_control,93187018,16.718,5,96,472947156.0
return_history_control,93203626,16.608,3,96,473002684.0
return_history_control,93220292,16.666,3,96,473132340.0
return_history_control,93237017,16.725,3,96,473247520.0
return_history_control,93253624,16.607,0,96,473561680.0
return_history_control,93270288,16.664,5,96,473210636.0
return_history_control,93287006,16.718,7,96,473439516.0
return_history_control,93303626,16.62,7,96,473703148.0
return_history_control,93320287,16.661,7,96,473753260.0
return_history_control,93336994,16.707,7,96,473737788.0
return_history_control,93353617,16.623,7,96,473794260.0
return_history_control,93370280,16.663,7,96,473853944.0
return_history_control,93386996,16.716,7,96,473319528.0
return_history_control,93403616,16.62,7,96,472218048.0
return_history_control,93420999,17.383,7,96,471529144.0
return_history_control,93437030,16.031,7,96,471581548.0
return_history_control,93453616,16.586,7,96,471632132.0
return_history_control,93470282,16.666,7,96,471686788.0
return_history_control,93487037,16.755,7,96,471740688.0
return_history_control,93503608,16.571,7,96,471799256.0
return_history_control,93520278,16.67,7,96,471847268.0
return_history_control,93537003,16.725,5,96,471905024.0
return_history_control,93553608,16.605,5,96,472154396.0
return_history_control,93570269,16.661,5,96,472212712.0
return_history_control,93587037,16.768,4,96,472550400.0
return_history_control,93603608,16.571,4,96,472206892.0
return_history_control,93620283,16.675,5,96,472300136.0
return_history_control,93637019,16.736,5,96,472538840.0
return_history_control,93653606,16.587,5,96,472579792.0
return_history_control,93670266,16.66,5,96,472636580.0
return_history_control,93687015,16.749,5,96,472725208.0
return_history_control,93703599,16.584,5,96,472792220.0
return_history_control,93720275,16.676,5,96,472389906.0
return_history_control,93736993,16.718,5,96,471325100.0
return_history_control,93753599,16.606,5,96,470967580.0
return_history_control,93770275,16.676,5,96,471007124.0
return_history_control,93787036,16.761,5,96,471076980.0
return_history_control,93803596,16.56,5,96,471168752.0
return_history_control,93820266,16.67,5,96,471226174.0
return_history_control,93837000,16.734,5,96,471304172.0
return_history_control,93853596,16.596,5,96,471376172.0
return_history_control,93870275,16.679,5,96,471439864.0
return_history_control,93886987,16.712,3,96,471486652.0
return_history_control,93903594,16.607,3,96,471723978.0
return_history_control,93920267,16.673,3,96,471825840.0
return_history_control,93937009,16.742,2,96,472166620.0
return_history_control,93953589,16.58,4,96,471980288.0
return_history_control,93971962,18.373,5,96,472106922.0
return_history_control,93986974,15.012,5,96,472318008.0
return_history_control,94003590,16.616,5,96,472539652.0
return_history_control,94020254,16.664,5,96,472453116.0
return_history_control,94037009,16.755,5,96,472510342.0
return_history_control,94053593,16.584,5,96,472562252.0
return_history_control,94070253,16.66,5,96,471814960.0
return_history_control,94087014,16.761,5,96,470874784.0
return_history_control,94103591,16.577,5,96,469993808.0
return_history_control,94120253,16.662,5,96,469325980.0
return_history_control,94137039,16.786,5,96,469337488.0
return_history_control,94153588,16.549,5,96,469393960.0
return_history_control,94170255,16.667,5,96,469449156.0
return_history_control,94187018,16.763,5,96,469499800.0
return_history_control,94203580,16.562,5,96,469551996.0
return_history_control,94220249,16.669,5,96,469609180.0
return_history_control,94237334,17.085,5,96,469659350.0
return_history_control,94253588,16.254,5,96,469743544.0
return_history_control,94270249,16.661,5,96,469871584.0
return_history_control,94287012,16.763,5,96,469925488.0
return_history_control,94303581,16.569,5,96,469972868.0
return_history_control,94320242,16.661,5,96,470027988.0
return_history_control,94337019,16.777,5,96,470115836.0
return_history_control,94353585,16.566,5,96,470086704.0
return_history_control,94370243,16.658,5,96,470139944.0
return_history_control,94387028,16.785,5,96,470191944.0
return_history_control,94403577,16.549,5,96,470239220.0
return_history_control,94420243,16.666,5,96,470434568.0
return_history_control,94437035,16.792,5,96,470489040.0
return_history_control,94453577,16.542,5,96,470496248.0
return_history_control,94470244,16.667,5,96,470548944.0
return_history_control,94487084,16.84,5,96,470600180.0
return_history_control,94503568,16.484,5,96,470655122.0
return_history_control,94520255,16.687,5,96,470704372.0
return_history_control,94537072,16.817,5,96,470751524.0
return_history_control,94553565,16.493,5,96,470801836.0
return_history_control,94570243,16.678,5,96,470886592.0
return_history_control,94587025,16.782,5,96,471097160.0
return_history_control,94603567,16.542,5,96,471177564.0
return_history_control,94620232,16.665,5,96,471225936.0
return_history_control,94637025,16.793,5,96,471276924.0
return_history_control,94653572,16.547,5,96,471289104.0
return_history_control,94670234,16.662,5,96,471339472.0
return_history_control,94687040,16.806,5,96,471393840.0
return_history_control,94703563,16.523,5,96,471444412.0
return_history_control,94720227,16.664,5,96,471499843.0
return_history_control,94737012,16.785,5,96,471669820.0
return_history_control,94753564,16.552,5,96,471723112.0
return_history_control,94770227,16.663,5,96,471813828.0
return_history_control,94787016,16.789,5,96,471865368.0
return_history_control,94803589,16.573,5,96,471914764.0
return_history_control,94820222,16.633,5,96,471962336.0
return_history_control,94837001,16.779,5,96,472013756.0
return_history_control,94853556,16.555,5,96,472067176.0
return_history_control,94870223,16.667,5,96,472162288.0
return_history_control,94886996,16.773,5,96,472130820.0
return_history_control,94903550,16.554,5,96,472429116.0
return_history_control,94920222,16.672,5,96,472518336.0
return_history_control,94937024,16.802,5,96,472637452.0
return_history_control,94953556,16.532,5,96,472810614.0
return_history_control,94970215,16.659,5,96,472963424.0
return_history_control,94987016,16.801,5,96,473054384.0
return_history_control,95003553,16.537,5,96,473136852.0
return_history_control,95020217,16.664,5,96,473301548.0
return_history_control,95036997,16.78,5,96,473464888.0
return_history_control,95053551,16.554,5,96,473550824.0
return_history_control,95070443,16.892,5,96,473626060.0
return_history_control,95087008,16.565,5,96,473639212.0
return_history_control,95103543,16.535,5,96,473658940.0
return_history_control,95120210,16.667,5,96,473687388.0
return_history_control,95137010,16.8,5,96,473697092.0
return_history_control,95153543,16.533,5,96,473714500.0
return_history_control,95170212,16.669,5,96,473731900.0
return_history_control,95186981,16.769,1,96,473792696.0
return_history_control,95203542,16.561,3,96,473998884.0
return_history_control,95220202,16.66,2,96,474051812.0
return_history_control,95236970,16.768,1,96,474315940.0
return_history_control,95253541,16.571,5,96,473975852.0
return_history_control,95270205,16.664,6,96,474105612.0
return_history_control,95286972,16.767,6,96,474330016.0
return_history_control,95303535,16.563,6,96,474554146.0
return_history_control,95320203,16.668,6,96,474677884.0
return_history_control,95336970,16.767,6,96,474978322.0
return_history_control,95353545,16.575,6,96,475191348.0
return_history_control,95370201,16.656,6,96,475322024.0
return_history_control,95386942,16.741,6,96,475605380.0
return_history_control,95403532,16.59,6,96,475845956.0
return_history_control,95420198,16.666,6,96,475973102.0
return_history_control,95436939,16.741,6,96,476249636.0
return_history_control,95453528,16.589,6,96,476448248.0
return_history_control,95470199,16.671,6,96,476565860.0
return_history_control,95486933,16.734,6,96,476756000.0
return_history_control,95503536,16.603,6,96,477003768.0
return_history_control,95520192,16.656,3,96,477171556.0
return_history_control,95536918,16.726,4,96,476653700.0
return_history_control,95553519,16.601,4,96,476714332.0
return_history_control,95570190,16.671,3,96,476933852.0
return_history_control,95586905,16.715,4,96,475047764.0
return_history_control,95603535,16.63,5,96,474069560.0
return_history_control,95620196,16.661,5,96,473660936.0
return_history_control,95637180,16.984,5,96,472568808.0
return_history_control,95653524,16.344,5,96,472003620.0
return_history_control,95670191,16.667,5,96,470725944.0
return_history_control,95686881,16.69,5,96,470802468.0
return_history_control,95703519,16.638,5,96,470921704.0
return_history_control,95720193,16.674,5,96,470947632.0
return_history_control,95736883,16.69,5,96,471006396.0
return_history_control,95753521,16.638,5,96,471068060.0
return_history_control,95770179,16.658,5,96,471163944.0
return_history_control,95786851,16.672,5,96,471243456.0
return_history_control,95803514,16.663,5,96,471294104.0
return_history_control,95820186,16.672,5,96,471389460.0
return_history_control,95836857,16.671,5,96,471458216.0
return_history_control,95853525,16.668,5,96,471481676.0
return_history_control,95870188,16.663,3,96,471551136.0
return_history_control,95887100,16.912,3,96,471790124.0
return_history_control,95903846,16.746,3,96,471906040.0
return_history_control,95920177,16.331,0,96,472117112.0
return_history_control,95937001,16.824,5,96,471851728.0
return_history_control,95953514,16.513,7,96,472080336.0
return_history_control,95970182,16.668,7,96,472233862.0
return_history_control,95987176,16.994,7,96,472249520.0
return_history_control,96003509,16.333,7,96,472310936.0
return_history_control,96020179,16.67,7,96,472417552.0
return_history_control,96037022,16.843,7,96,472548796.0
return_history_control,96053508,16.486,7,96,472619376.0
return_history_control,96070173,16.665,7,96,472752068.0
return_history_control,96086967,16.794,7,96,472804540.0
return_history_control,96103510,16.543,7,96,472878948.0
return_history_control,96120172,16.662,7,96,472971108.0
return_history_control,96136966,16.794,7,96,473023212.0
return_history_control,96153501,16.535,7,96,473097784.0
return_history_control,96170168,16.667,7,96,473147648.0
return_history_control,96186860,16.692,7,96,473240728.0
return_history_control,96203501,16.641,7,96,473275388.0
return_history_control,96220175,16.674,5,96,473350608.0
return_history_control,96236992,16.817,5,96,473564708.0
return_history_control,96253495,16.503,5,96,473678132.0
return_history_control,96270175,16.68,4,96,473968220.0
return_history_control,96286968,16.793,4,96,473589280.0
return_history_control,96303505,16.537,5,96,473862048.0
return_history_control,96320166,16.661,5,96,473985492.0
return_history_control,96336848,16.682,5,96,474210948.0
return_history_control,96353493,16.645,5,96,474164364.0
return_history_control,96370161,16.668,5,96,474224532.0
return_history_control,96386855,16.694,5,96,474280636.0
return_history_control,96403492,16.637,5,96,474333352.0
return_history_control,96420154,16.662,5,96,474392252.0
return_history_control,96436887,16.733,5,96,474449884.0
return_history_control,96453491,16.604,5,96,474507500.0
return_history_control,96470150,16.659,5,96,474563516.0
return_history_control,96486820,16.67,5,96,474621968.0
return_history_control,96503494,16.674,5,96,474619504.0
return_history_control,96520163,16.669,5,96,474619504.0
return_history_control,96536819,16.656,5,96,474693804.0
return_history_control,96553484,16.665,5,96,474758546.0
return_history_control,96570168,16.684,5,96,474753520.0
return_history_control,96586824,16.656,5,96,474753520.0
return_history_control,96603501,16.677,5,96,474753520.0
return_history_control,96620147,16.646,5,96,474861496.0
return_history_control,96636813,16.666,5,96,474921762.0
return_history_control,96653479,16.666,3,96,474978868.0
return_history_control,96670143,16.664,3,96,475292752.0
return_history_control,96686804,16.661,3,96,475375028.0
return_history_control,96703473,16.669,2,96,475698554.0
return_history_control,96720145,16.672,4,96,475366308.0
return_history_control,96736835,16.69,5,96,475616280.0
return_history_control,96753478,16.643,5,96,475831504.0
return_history_control,96770152,16.674,5,96,475817636.0
return_history_control,96786837,16.685,5,96,475919800.0
return_history_control,96803482,16.645,5,96,476023680.0
return_history_control,96820142,16.66,5,96,476084824.0
return_history_control,96836810,16.668,5,96,476154612.0
return_history_control,96853481,16.671,5,96,476216048.0
return_history_control,96870143,16.662,5,96,476282114.0
return_history_control,96886809,16.666,5,96,476320536.0
return_history_control,96903470,16.661,5,96,476394344.0
return_history_control,96920156,16.686,5,96,476466248.0
return_history_control,96936805,16.649,5,96,476519258.0
return_history_control,96953472,16.667,5,96,476598140.0
return_history_control,96970140,16.668,5,96,476684730.0
return_history_control,96986829,16.689,5,96,476777930.0
return_history_control,97003469,16.64,1,96,476827668.0
return_history_control,97020254,16.785,3,96,477001700.0
return_history_control,97036798,16.544,2,96,477114772.0
return_history_control,97053477,16.679,1,96,477452776.0
return_history_control,97070130,16.653,5,96,477176160.0
return_history_control,97086803,16.673,6,96,477406704.0
return_history_control,97103464,16.661,6,96,477702352.0
return_history_control,97120129,16.665,6,96,477695156.0
return_history_control,97136794,16.665,6,96,477796860.0
return_history_control,97153461,16.667,6,96,477900110.0
return_history_control,97170124,16.663,6,96,477982536.0
return_history_control,97186788,16.664,6,96,478035272.0
return_history_control,97203459,16.671,6,96,478098352.0
return_history_control,97220122,16.663,6,96,478151092.0
return_history_control,97236793,16.671,6,96,478214632.0
return_history_control,97253462,16.669,6,96,478281476.0
return_history_control,97270118,16.656,6,96,478292060.0
return_history_control,97286786,16.668,6,96,478352844.0
return_history_control,97303450,16.664,6,96,478411996.0
return_history_control,97320114,16.664,6,96,478470716.0
return_history_control,97336783,16.669,3,96,478529548.0
return_history_control,97353449,16.666,4,96,478757144.0
return_history_control,97370117,16.668,4,96,478862624.0
return_history_control,97386793,16.676,3,96,479283924.0
return_history_control,97403452,16.659,4,96,478879212.0
return_history_control,97420118,16.666,5,96,479169060.0
return_history_control,97436780,16.662,5,96,479422864.0
return_history_control,97453448,16.668,5,96,479400144.0
return_history_control,97470109,16.661,5,96,479464942.0
return_history_control,97486786,16.677,5,96,479495628.0
return_history_control,97503446,16.66,5,96,479562376.0
return_history_control,97520106,16.66,5,96,479676696.0
return_history_control,97536774,16.668,5,96,479750356.0
return_history_control,97553441,16.667,5,96,479933224.0
return_history_control,97570109,16.668,5,96,479991700.0
return_history_control,97586773,16.664,5,96,480001168.0
return_history_control,97603449,16.676,5,96,480087712.0
return_history_control,97620108,16.659,5,96,480151228.0
return_history_control,97636781,16.673,5,96,480219350.0
return_history_control,97653458,16.677,5,96,480260536.0
return_history_control,97670113,16.655,5,96,480320972.0
return_history_control,97686800,16.687,5,96,480369520.0
return_history_control,97703449,16.649,5,96,480436832.0
return_history_control,97720130,16.681,5,96,480516536.0
return_history_control,97736778,16.648,5,96,480641450.0
return_history_control,97753447,16.669,5,96,480728096.0
return_history_control,97770111,16.664,5,96,480890628.0
return_history_control,97786812,16.701,5,96,480829976.0
return_history_control,97805016,18.204,5,96,480926972.0
return_history_control,97820106,15.09,5,96,480993752.0
return_history_control,97836791,16.685,5,96,480997964.0
return_history_control,97855868,19.077,5,96,481100144.0
return_history_control,97870094,14.226,5,96,481164980.0
return_history_control,97886770,16.676,5,96,481228986.0
return_history_control,97903442,16.672,5,96,481310456.0
return_history_control,97920100,16.658,5,96,481447184.0
return_history_control,97936800,16.7,5,96,481585168.0
return_history_control,97953429,16.629,5,96,481691372.0
return_history_control,97970098,16.669,5,96,481792696.0
return_history_control,97986758,16.66,5,96,481804872.0
return_history_control,98003426,16.668,5,96,481863732.0
return_history_control,98020090,16.664,5,96,481925892.0
return_history_control,98036762,16.672,5,96,482018784.0
return_history_control,98053420,16.658,5,96,482074716.0
return_history_control,98070099,16.679,5,96,482160456.0
return_history_control,98086762,16.663,5,96,482274776.0
return_history_control,98103425,16.663,5,96,482375562.0
return_history_control,98120089,16.664,5,96,482435712.0
return_history_control,98136756,16.667,5,96,482482280.0
return_history_control,98153418,16.662,5,96,482532806.0
return_history_control,98170085,16.667,5,96,482591542.0
return_history_control,98186751,16.666,5,96,482601004.0
return_history_control,98203423,16.672,5,96,482671228.0
return_history_control,98220080,16.657,5,96,482763364.0
return_history_control,98236748,16.668,5,96,482948280.0
return_history_control,98253415,16.667,5,96,483017356.0
return_history_control,98270081,16.666,5,96,483053236.0
return_history_control,98286747,16.666,5,96,483123540.0
return_history_control,98303414,16.667,5,96,483172476.0
return_history_control,98320086,16.672,5,96,483222188.0
return_history_control,98336745,16.659,5,96,483282918.0
return_history_control,98353411,16.666,5,96,483350372.0
return_history_control,98370077,16.666,5,96,483418996.0
return_history_control,98386743,16.666,5,96,483502072.0
return_history_control,98403408,16.665,5,96,483612616.0
return_history_control,98420078,16.67,5,96,483689808.0
return_history_control,98436755,16.677,5,96,483774380.0
return_history_control,98453408,16.653,5,96,483837344.0
return_history_control,98470072,16.664,5,96,483893968.0
return_history_control,98486748,16.676,5,96,483966639.0
return_history_control,98503415,16.667,5,96,484083444.0
return_history_control,98520070,16.655,5,96,484079524.0
return_history_control,98536738,16.668,5,96,484144068.0
return_history_control,98553416,16.678,5,96,484338884.0
return_history_control,98570067,16.651,5,96,484384812.0
return_history_control,98586736,16.669,5,96,484454820.0
return_history_control,98603400,16.664,5,96,484552900.0
return_history_control,98620065,16.665,5,96,484603328.0
return_history_control,98636733,16.668,5,96,484695560.0
return_history_control,98653402,16.669,5,96,484776350.0
return_history_control,98670067,16.665,5,96,484828797.0
return_history_control,98686731,16.664,5,96,484894134.0
return_history_control,98703399,16.668,3,96,484902280.0
return_history_control,98720070,16.671,3,96,485204260.0
return_history_control,98736725,16.655,3,96,485309144.0
return_history_control,98753395,16.67,0,96,485620188.0
return_history_control,98770062,16.667,5,96,485282150.0
recovery,98795796,25.734,6,96,485489872.0
recovery,98803391,7.595,6,96,485650056.0
recovery,98820057,16.666,6,96,485951692.0
recovery,98836722,16.665,6,96,486225400.0
recovery,98853393,16.671,6,96,486459884.0
recovery,98870055,16.662,6,96,486755192.0
recovery,98886723,16.668,6,96,486919356.0
recovery,98903388,16.665,6,96,487229100.0
recovery,98920054,16.666,6,96,487428676.0
recovery,98936728,16.674,6,96,487635180.0
recovery,98953411,16.683,6,96,487923180.0
recovery,98970053,16.642,6,96,488126480.0
recovery,98986715,16.662,6,96,488354928.0
recovery,99003382,16.667,6,96,487873136.0
recovery,99020047,16.665,6,96,487996084.0
recovery,99036712,16.665,6,96,488080652.0
recovery,99053380,16.668,6,96,488125384.0
recovery,99070049,16.669,6,96,488175096.0
recovery,99086720,16.671,6,96,488225552.0
recovery,99103379,16.659,6,96,488274788.0
recovery,99120051,16.672,6,96,488326446.0
recovery,99136723,16.672,6,96,488371584.0
recovery,99153393,16.67,6,96,488376932.0
recovery,99170052,16.659,6,96,488430128.0
recovery,99186719,16.667,6,96,488536932.0
recovery,99203393,16.674,6,96,488614324.0
recovery,99220046,16.653,6,96,488676472.0
recovery,99236708,16.662,6,96,488724968.0
recovery,99253377,16.669,6,96,488777972.0
recovery,99270040,16.663,6,96,488825132.0
recovery,99286710,16.67,6,96,488875648.0
recovery,99303387,16.677,6,96,488882648.0
recovery,99320044,16.657,6,96,488934640.0
recovery,99336704,16.66,6,96,488993198.0
recovery,99353368,16.664,6,96,489080608.0
recovery,99370043,16.675,6,96,489187292.0
recovery,99386704,16.661,6,96,489232302.0
recovery,99403375,16.671,6,96,489241752.0
recovery,99420037,16.662,6,96,489290816.0
recovery,99436698,16.661,6,96,489340564.0
recovery,99453368,16.67,6,96,489397742.0
recovery,99470032,16.664,6,96,489442160.0
recovery,99486700,16.668,6,96,489490948.0
recovery,99503369,16.669,6,96,489555342.0
recovery,99520039,16.67,6,96,489574644.0
recovery,99536698,16.659,6,96,489650608.0
recovery,99553361,16.663,6,96,489699912.0
recovery,99570027,16.666,6,96,489749352.0
recovery,99586691,16.664,6,96,489805464.0
recovery,99603363,16.672,6,96,489854916.0
recovery,99620025,16.662,6,96,489897696.0
recovery,99636716,16.691,6,96,489953238.0
recovery,99653362,16.646,6,96,489998052.0
recovery,99670033,16.671,6,96,490010232.0
recovery,99686689,16.656,6,96,490063868.0
recovery,99703354,16.665,6,96,490219016.0
recovery,99720024,16.67,6,96,490377368.0
recovery,99736685,16.661,6,96,490466592.0
recovery,99753355,16.67,6,96,490722322.0
recovery,99770012,16.657,6,96,490734334.0
recovery,99786688,16.676,6,96,490912076.0
recovery,99803350,16.662,6,96,490995832.0
recovery,99820021,16.671,6,96,491087036.0
recovery,99836683,16.662,6,96,491256656.0
recovery,99853349,16.666,6,96,491437188.0
recovery,99870015,16.666,6,96,491453834.0
recovery,99886681,16.666,6,96,491468172.0
recovery,99903349,16.668,6,96,491491780.0
recovery,99920024,16.675,6,96,491513650.0
recovery,99936677,16.653,6,96,491528320.0
recovery,99953343,16.666,6,96,491548048.0
recovery,99970027,16.684,5,96,491563340.0
recovery,99986700,16.673,5,96,491869504.0
recovery,100003339,16.639,5,96,492308480.0
recovery,100020010,16.671,5,96,492618850.0
recovery,100036679,16.669,5,96,492800568.0
recovery,100053346,16.667,5,96,493019852.0
recovery,100070006,16.66,5,96,493332016.0
recovery,100086675,16.669,5,96,493588104.0
recovery,100103350,16.675,5,96,493885712.0
recovery,100120019,16.669,5,96,494069328.0
recovery,100136672,16.653,5,96,494273872.0
recovery,100153336,16.664,5,96,494652156.0
recovery,100170006,16.67,5,96,494985356.0
recovery,100186680,16.674,5,96,495160164.0
recovery,100203353,16.673,5,96,494810166.0
recovery,100220005,16.652,5,96,494869692.0
recovery,100236678,16.673,5,96,494878380.0
recovery,100253338,16.66,5,96,494939392.0
recovery,100270000,16.662,5,96,494996696.0
recovery,100286668,16.668,5,96,495068696.0
recovery,100303331,16.663,5,96,495125828.0
recovery,100320006,16.675,5,96,495223000.0
recovery,100336662,16.656,5,96,495293412.0
recovery,100353330,16.668,5,96,495343180.0
recovery,100369996,16.666,5,96,495416632.0
recovery,100386661,16.665,5,96,495515652.0
recovery,100403333,16.672,5,96,495526092.0
recovery,100420001,16.668,5,96,495590140.0
recovery,100436669,16.668,5,96,495654474.0
recovery,100453327,16.658,5,96,495712252.0
recovery,100469990,16.663,5,96,495767856.0
recovery,100486665,16.675,5,96,495862112.0
recovery,100503331,16.666,5,96,495921460.0
recovery,100519998,16.667,5,96,495982488.0
recovery,100536657,16.659,5,96,496100484.0
recovery,100553326,16.669,5,96,496229448.0
recovery,100569990,16.664,5,96,496286468.0
recovery,100586658,16.668,5,96,496298012.0
recovery,100603329,16.671,5,96,496358500.0
recovery,100619990,16.661,5,96,496419334.0
recovery,100636650,16.66,5,96,496469648.0
recovery,100653319,16.669,5,96,496515328.0
recovery,100669986,16.667,5,96,496579820.0
recovery,100686647,16.661,5,96,496711820.0
recovery,100703312,16.665,5,96,496798132.0
recovery,100719982,16.67,5,96,496862856.0
recovery,100736644,16.662,5,96,496934748.0
recovery,100753310,16.666,5,96,496995452.0
recovery,100769977,16.667,5,96,497051280.0
recovery,100786646,16.669,5,96,497107486.0
recovery,100803321,16.675,5,96,497157524.0
recovery,100819975,16.654,5,96,497283932.0
recovery,100836645,16.67,5,96,497347728.0
recovery,100853307,16.662,5,96,497362536.0
recovery,100869974,16.667,5,96,497417016.0
recovery,100886637,16.663,5,96,497510414.0
recovery,100903306,16.669,5,96,497596998.0
recovery,100919976,16.67,5,96,497660980.0
recovery,100936638,16.662,5,96,497666804.0
recovery,100953307,16.669,5,96,497727780.0
recovery,100969969,16.662,5,96,497786312.0
recovery,100986663,16.694,5,96,497887868.0
recovery,101003306,16.643,5,96,497944824.0
recovery,101023316,20.01,5,96,498001360.0
recovery,101036634,13.318,5,96,498065674.0
recovery,101053316,16.682,5,96,498069064.0
recovery,101069979,16.663,5,96,498141848.0
recovery,101086649,16.67,5,96,498234136.0
recovery,101103307,16.658,5,96,498334076.0
recovery,101119964,16.657,5,96,498325312.0
recovery,101136653,16.689,5,96,498330532.0
recovery,101153307,16.654,5,96,498397520.0
recovery,101170781,17.474,5,96,498486364.0
recovery,101186645,15.864,5,96,498545776.0
recovery,101203321,16.676,5,96,498563856.0
recovery,101219974,16.653,5,96,498631504.0
recovery,101236652,16.678,5,96,498673440.0
recovery,101253301,16.649,5,96,498727332.0
recovery,101269988,16.687,5,96,498764936.0
recovery,101286632,16.644,5,96,498807984.0
recovery,101303309,16.677,5,96,498841520.0
recovery,101319969,16.66,5,96,498905936.0
recovery,101336632,16.663,5,96,498989520.0
recovery,101353306,16.674,4,96,498997516.0
recovery,101369958,16.652,4,96,499161740.0
recovery,101386648,16.69,4,96,499424352.0
recovery,101403302,16.654,4,96,499665108.0
recovery,101419962,16.66,4,96,499838802.0
recovery,101436684,16.722,4,96,500046264.0
recovery,101453660,16.976,4,96,500295316.0
recovery,101469959,16.299,4,96,500398200.0
recovery,101486709,16.75,4,96,500587308.0
recovery,101503288,16.579,4,96,500853120.0
recovery,101519963,16.675,4,96,501047310.0
recovery,101536756,16.793,4,96,501261352.0
recovery,101553300,16.544,4,96,501440314.0
recovery,101599796,46.496,4,96,501577268.0
recovery,101758037,158.241,4,96,502307784.0
recovery,101767581,9.544,4,96,502457704.0
recovery,101774323,6.742,4,96,502607668.0
recovery,101790998,16.675,4,96,502687448.0
recovery,101807555,16.557,4,96,503007312.0
recovery,101824343,16.788,4,96,502552512.0
recovery,101841003,16.66,4,96,502611606.0
recovery,101857656,16.653,4,96,502658112.0
recovery,101874351,16.695,4,96,502752018.0
recovery,101891008,16.657,4,96,502724244.0
recovery,101907729,16.721,4,96,502775220.0
recovery,101924215,16.486,4,96,502823704.0
recovery,101941001,16.786,4,96,502880552.0
recovery,101957663,16.662,4,96,502934794.0
recovery,101974326,16.663,4,96,503036236.0
recovery,101990917,16.591,4,96,503094458.0
recovery,102007554,16.637,4,96,503099864.0
recovery,102024221,16.667,4,96,503157248.0
recovery,102040884,16.663,4,96,503217080.0
recovery,102057536,16.652,4,96,503270254.0
recovery,102074322,16.786,4,96,503318590.0
recovery,102090981,16.659,4,96,503360448.0
recovery,102107531,16.55,4,96,503411744.0
recovery,102124200,16.669,4,96,503504638.0
recovery,102140863,16.663,4,96,503554896.0
recovery,102157537,16.674,4,96,503562448.0
recovery,102174230,16.693,4,96,503626860.0
recovery,102190866,16.636,4,96,503683262.0
recovery,102207531,16.665,4,96,503726608.0
recovery,102224306,16.775,4,96,503776644.0
recovery,102240867,16.561,4,96,503823680.0
recovery,102257531,16.664,4,96,503875636.0
recovery,102274325,16.794,4,96,503938356.0
recovery,102290990,16.665,4,96,503984520.0
recovery,102307536,16.546,4,96,504038232.0
recovery,102324202,16.666,4,96,504096776.0
recovery,102340966,16.764,4,96,504153144.0
recovery,102357522,16.556,4,96,504201628.0
recovery,102374187,16.665,4,96,504250456.0
recovery,102390857,16.67,4,96,504298824.0
recovery,102407520,16.663,4,96,504325140.0
recovery,102424183,16.663,4,96,504390664.0
recovery,102440853,16.67,4,96,504463572.0
recovery,102457515,16.662,4,96,504516448.0
recovery,102474180,16.665,4,96,504572124.0
recovery,102490846,16.666,4,96,504628568.0
recovery,102507509,16.663,4,96,504678184.0
recovery,102524181,16.672,4,96,504731292.0
recovery,102540845,16.664,4,96,504784720.0
recovery,102557533,16.688,4,96,504803012.0
recovery,102574178,16.645,4,96,504863816.0
recovery,102590944,16.766,4,96,504954120.0
recovery,102607511,16.567,4,96,505016084.0
recovery,102624172,16.661,4,96,505069826.0
recovery,102640842,16.67,4,96,505122316.0
recovery,102657510,16.668,3,96,505172896.0
recovery,102674176,16.666,3,96,505381760.0
recovery,102690844,16.668,4,96,505745868.0
recovery,102707614,16.77,4,96,505965554.0
recovery,102724174,16.56,4,96,506168278.0
recovery,102740834,16.66,4,96,506409096.0
recovery,102757504,16.67,4,96,506623860.0
recovery,102774277,16.773,4,96,506892640.0
recovery,102790834,16.557,4,96,507098528.0
recovery,102807499,16.665,4,96,507343080.0
recovery,102824164,16.665,4,96,507717476.0
recovery,102840836,16.672,4,96,507940748.0
recovery,102857498,16.662,4,96,508141382.0
recovery,102874174,16.676,4,96,508437156.0
recovery,102890837,16.663,4,96,507979556.0
recovery,102907495,16.658,4,96,507991736.0
recovery,102924165,16.67,4,96,508045204.0
recovery,102940827,16.662,4,96,508094096.0
recovery,102957490,16.663,4,96,508156356.0
recovery,102974158,16.668,4,96,508217410.0
recovery,102990836,16.678,4,96,508273804.0
recovery,103007494,16.658,4,96,508331040.0
recovery,103024164,16.67,4,96,508380768.0
recovery,103040839,16.675,4,96,508472418.0
recovery,103057512,16.673,4,96,508443136.0
recovery,103074160,16.648,4,96,508492984.0
recovery,103090823,16.663,4,96,508541864.0
recovery,103107498,16.675,4,96,508643818.0
recovery,103124278,16.78,4,96,508716800.0
recovery,103140834,16.556,4,96,508725504.0
recovery,103157499,16.665,4,96,508789544.0
recovery,103174146,16.647,4,96,508847520.0
recovery,103190838,16.692,4,96,508901580.0
recovery,103207481,16.643,4,96,508952184.0
recovery,103224161,16.68,4,96,509004674.0
recovery,103240808,16.647,4,96,509053642.0
recovery,103257484,16.676,4,96,509109628.0
recovery,103274154,16.67,4,96,509120440.0
recovery,103290822,16.668,4,96,509209556.0
recovery,103307476,16.654,4,96,509273328.0
recovery,103324145,16.669,4,96,509362296.0
recovery,103340819,16.674,4,96,509455642.0
recovery,103357473,16.654,4,96,509507004.0
recovery,103374145,16.672,4,96,509559424.0
recovery,103390815,16.67,4,96,509609504.0
recovery,103407479,16.664,4,96,509627220.0
recovery,103424142,16.663,4,96,509683164.0
recovery,103440802,16.66,4,96,509747308.0
recovery,103457471,16.669,4,96,509795844.0
recovery,103474140,16.669,4,96,509853512.0
recovery,103490806,16.666,4,96,509918296.0
recovery,103507481,16.675,4,96,510020056.0
recovery,103524249,16.768,4,96,510076964.0
recovery,103540803,16.554,4,96,510089976.0
recovery,103557482,16.679,4,96,510147524.0
recovery,103574131,16.649,4,96,510199548.0
recovery,103590904,16.773,4,96,510256158.0
recovery,103607463,16.559,4,96,510307476.0
recovery,103624143,16.68,4,96,510369820.0
recovery,103640797,16.654,4,96,510419040.0
recovery,103657588,16.791,4,96,510484958.0
recovery,103674129,16.541,4,96,510529596.0
recovery,103690799,16.67,4,96,510658816.0
recovery,103707457,16.658,4,96,510700580.0
recovery,103724128,16.671,4,96,510751314.0
recovery,103740798,16.67,4,96,510819660.0
recovery,103757606,16.808,4,96,510881696.0
recovery,103774124,16.518,4,96,510942562.0
recovery,103790791,16.667,4,96,510950460.0
recovery,103807574,16.783,4,96,511007652.0
recovery,103824148,16.574,4,96,511061492.0
recovery,103840938,16.79,4,96,511128288.0
recovery,103857456,16.518,3,96,511198874.0
recovery,103874125,16.669,3,96,511468504.0
recovery,103890792,16.667,3,96,511703592.0
recovery,103907454,16.662,3,96,511968016.0
recovery,103924118,16.664,3,96,512227100.0
recovery,103940794,16.676,3,96,512447824.0
recovery,103957560,16.766,3,96,512741980.0
recovery,103974118,16.558,4,96,512951156.0
recovery,103990993,16.875,4,96,513167700.0
recovery,104007444,16.451,4,96,513469264.0
recovery,104024220,16.776,4,96,513679444.0
recovery,104040777,16.557,4,96,513891892.0
recovery,104057452,16.675,4,96,514185252.0
recovery,104074250,16.798,4,96,514367412.0
recovery,104090893,16.643,4,96,514588584.0
recovery,104107457,16.564,4,96,514029620.0
recovery,104124419,16.962,4,96,514087472.0
recovery,104140776,16.357,4,96,514145912.0
recovery,104157445,16.669,2,96,514230440.0
recovery,104174115,16.67,3,96,514783982.0
recovery,104190881,16.766,4,96,514987386.0
recovery,104207470,16.589,4,96,515273390.0
recovery,104224124,16.654,4,96,515200546.0
recovery,104240886,16.762,4,96,515281594.0
recovery,104257552,16.666,4,96,515344150.0
recovery,104274112,16.56,4,96,515416066.0
recovery,104291030,16.918,4,96,515469054.0
recovery,104307438,16.408,4,96,515523118.0
recovery,104324107,16.669,4,96,515580076.0
recovery,104340768,16.661,4,96,515626934.0
recovery,104357437,16.669,4,96,515639114.0
recovery,104374104,16.667,4,96,515690298.0
recovery,104390876,16.772,4,96,515745434.0
recovery,104407438,16.562,4,96,515800926.0
recovery,104424177,16.739,4,96,515892562.0
recovery,104440765,16.588,4,96,515954378.0
recovery,104457539,16.774,4,96,515996574.0
recovery,104474212,16.673,4,96,516048402.0
recovery,104490770,16.558,4,96,516099294.0
recovery,104507445,16.675,4,96,516113154.0
recovery,104524093,16.648,4,96,516169410.0
recovery,104540767,16.674,4,96,516230366.0
recovery,104557424,16.657,4,96,516331130.0
recovery,104574090,16.666,4,96,516400358.0
recovery,104590751,16.661,4,96,516450698.0
recovery,104607426,16.675,4,96,516521654.0
recovery,104624087,16.661,4,96,516529618.0
recovery,104640756,16.669,4,96,516582226.0
recovery,104657437,16.681,4,96,516645448.0
recovery,104674089,16.652,4,96,516698510.0
recovery,104690758,16.669,4,96,516785858.0
recovery,104707413,16.655,4,96,516846010.0
recovery,104724085,16.672,4,96,516910976.0
recovery,104740906,16.821,4,96,516919294.0
recovery,104757433,16.527,4,96,517072630.0
recovery,104774087,16.654,4,96,517083690.0
recovery,104790741,16.654,4,96,517140040.0
recovery,104807426,16.685,4,96,517195530.0
recovery,104824086,16.66,4,96,517294008.0
recovery,104840748,16.662,4,96,517361254.0
recovery,104857528,16.78,4,96,517376282.0
recovery,104874076,16.548,4,96,517444230.0
recovery,104890748,16.672,4,96,517507444.0
recovery,104907408,16.66,4,96,517602850.0
recovery,104924074,16.666,4,96,517668022.0
recovery,104940882,16.808,4,96,517687922.0
recovery,104957409,16.527,4,96,517753742.0
recovery,104974187,16.778,4,96,517856398.0
recovery,104990738,16.551,4,96,517917046.0
recovery,105007404,16.666,4,96,517978302.0
recovery,105024076,16.672,4,96,518044662.0
recovery,105040846,16.77,4,96,518106210.0
recovery,105057404,16.558,4,96,518154866.0
recovery,105074074,16.67,4,96,518220174.0
recovery,105090856,16.782,4,96,518281504.0
recovery,105107515,16.659,4,96,518349822.0
recovery,105124074,16.559,4,96,518408280.0
recovery,105140764,16.69,4,96,518414434.0
recovery,105157402,16.638,4,96,518474182.0
recovery,105174062,16.66,4,96,518540602.0
recovery,105190733,16.671,4,96,518630154.0
recovery,105207395,16.662,4,96,518679810.0
recovery,105224087,16.692,4,96,518737250.0
recovery,105240862,16.775,4,96,518785702.0
recovery,105257513,16.651,4,96,518791926.0
recovery,105274061,16.548,4,96,518852502.0
recovery,105290724,16.663,4,96,518909518.0
recovery,105307386,16.662,4,96,518967742.0
recovery,105324074,16.688,4,96,519050216.0
recovery,105340735,16.661,4,96,519126094.0
recovery,105357393,16.658,4,96,519180386.0
recovery,105374083,16.69,4,96,519231402.0
recovery,105390728,16.645,4,96,519243586.0
recovery,105407383,16.655,3,96,519303194.0
recovery,105424054,16.671,3,96,519534266.0
recovery,105440723,16.669,3,96,519806144.0
recovery,105457380,16.657,3,96,520032344.0
recovery,105474060,16.68,3,96,520335662.0
recovery,105490725,16.665,4,96,520528274.0
recovery,105507503,16.778,4,96,520769886.0
recovery,105524051,16.548,4,96,520960518.0
recovery,105540823,16.772,4,96,521275840.0
recovery,105557380,16.557,4,96,521482818.0
recovery,105574050,16.67,4,96,521691178.0
recovery,105590715,16.665,4,96,521971078.0
recovery,105607399,16.684,4,96,522153962.0
recovery,105624041,16.642,4,96,522438766.0
recovery,105640709,16.668,4,96,522636626.0
recovery,105657486,16.777,4,96,522174790.0
recovery,105674045,16.559,4,96,522244974.0
recovery,105690721,16.676,4,96,522325158.0
recovery,105707485,16.764,4,96,522390830.0
recovery,105724041,16.556,4,96,522402322.0
recovery,105740711,16.67,4,96,522454542.0
recovery,105757383,16.672,4,96,522506210.0
recovery,105774055,16.672,4,96,522560434.0
recovery,105790707,16.652,4,96,522616130.0
recovery,105807378,16.671,4,96,522699672.0
recovery,105824041,16.663,4,96,522771600.0
recovery,105840707,16.666,4,96,522828162.0
recovery,105857474,16.767,4,96,522893508.0
recovery,105874032,16.558,4,96,522935794.0
recovery,105890710,16.678,4,96,522985590.0
recovery,105907475,16.765,4,96,523036382.0
recovery,105924036,16.561,4,96,523090950.0
recovery,105940711,16.675,4,96,523143914.0
recovery,105957483,16.772,4,96,523207866.0
recovery,105974030,16.547,4,96,523284228.0
recovery,105990812,16.782,4,96,523291950.0
recovery,106007379,16.567,4,96,523365798.0
recovery,106024030,16.651,4,96,523431614.0
recovery,106040693,16.663,4,96,523536590.0
recovery,106057365,16.672,4,96,523592074.0
recovery,106074029,16.664,4,96,523649474.0
recovery,106090701,16.672,4,96,523695318.0
recovery,106107369,16.668,4,96,523708498.0
recovery,106124042,16.673,4,96,523768118.0
recovery,106140695,16.653,4,96,523847914.0
recovery,106157366,16.671,4,96,523905236.0
recovery,106174165,16.799,4,96,523963262.0
recovery,106190704,16.539,4,96,524053330.0
recovery,106207364,16.66,4,96,524060974.0
recovery,106224036,16.672,4,96,524114250.0
recovery,106240724,16.688,4,96,524166322.0
recovery,106257366,16.642,4,96,524219818.0
recovery,106274025,16.659,4,96,524276154.0
recovery,106290692,16.667,4,96,524370920.0
recovery,106307469,16.777,4,96,524422498.0
recovery,106324023,16.554,4,96,524501390.0
recovery,106340808,16.785,4,96,524509370.0
recovery,106357353,16.545,4,96,524558234.0
recovery,106374017,16.664,4,96,524609770.0
recovery,106390686,16.669,4,96,524667820.0
recovery,106407482,16.796,4,96,524717658.0
recovery,106424123,16.641,4,96,524779250.0
recovery,106440684,16.561,4,96,524859394.0
recovery,106457348,16.664,4,96,524916512.0
recovery,106474016,16.668,4,96,524927214.0
recovery,106490786,16.77,4,96,524992550.0
recovery,106507349,16.563,4,96,525040890.0
recovery,106524133,16.784,4,96,525097886.0
recovery,106540678,16.545,4,96,525147850.0
recovery,106557342,16.664,4,96,525207534.0
recovery,106574007,16.665,4,96,525276298.0
recovery,106590674,16.667,4,96,525359934.0
recovery,106607341,16.667,4,96,525411210.0
recovery,106624005,16.664,4,96,525423390.0
recovery,106640673,16.668,0,96,525496006.0
recovery,106657453,16.78,5,96,526058548.0
recovery,106674017,16.564,6,96,526280966.0
recovery,106690674,16.657,6,96,526501012.0
recovery,106707337,16.663,6,96,526786420.0
recovery,106724001,16.664,6,96,526989254.0
recovery,106740668,16.667,6,96,527198168.0
recovery,106757346,16.678,6,96,527464148.0
recovery,106774159,16.813,6,96,527690964.0
recovery,106790667,16.508,6,96,527882598.0
recovery,106807335,16.668,6,96,528128480.0
recovery,106824001,16.666,6,96,528341924.0
recovery,106840662,16.661,6,96,528697320.0
recovery,106857328,16.666,6,96,528927800.0
recovery,106874004,16.676,6,96,528504788.0
recovery,106890761,16.757,6,96,528541234.0
recovery,106907332,16.571,6,96,528605964.0
recovery,106923995,16.663,6,96,528651692.0
recovery,106940768,16.773,6,96,528698352.0
recovery,106957327,16.559,6,96,528747836.0
recovery,106973996,16.669,6,96,528761696.0
recovery,106990663,16.667,6,96,528815536.0
recovery,107007325,16.662,6,96,528867472.0
recovery,107023985,16.66,6,96,528927736.0
recovery,107040653,16.668,6,96,528970700.0
recovery,107057327,16.674,6,96,529024430.0
recovery,107073994,16.667,6,96,529087074.0
recovery,107090656,16.662,6,96,529164200.0
recovery,107107479,16.823,6,96,529209668.0
recovery,107124006,16.527,6,96,529221848.0
recovery,107140657,16.651,6,96,529280788.0
recovery,107157432,16.775,6,96,529330610.0
recovery,107173991,16.559,6,96,529395834.0
recovery,107190663,16.672,6,96,529444664.0
recovery,107207316,16.653,6,96,529492420.0
recovery,107223979,16.663,6,96,529547654.0
recovery,107240678,16.699,6,96,529613168.0
recovery,107257334,16.656,6,96,529647072.0
recovery,107273980,16.646,6,96,529697776.0
recovery,107290639,16.659,6,96,529750368.0
recovery,107307408,16.769,6,96,529804988.0
recovery,107323979,16.571,6,96,529916382.0
recovery,107340644,16.665,6,96,530011372.0
recovery,107357322,16.678,6,96,530070636.0
recovery,107373974,16.652,6,96,530108136.0
recovery,107390768,16.794,6,96,530199632.0
recovery,107407316,16.548,6,96,530277284.0
recovery,107423982,16.666,6,96,530323988.0
recovery,107440649,16.667,6,96,530387912.0
recovery,107457318,16.669,6,96,530481672.0
recovery,107474075,16.757,6,96,530494404.0
recovery,107490738,16.663,6,96,530556268.0
recovery,107507302,16.564,6,96,530615956.0
recovery,107523969,16.667,6,96,530673316.0
recovery,107540642,16.673,6,96,530734592.0
recovery,107557298,16.656,6,96,530830620.0
recovery,107573969,16.671,6,96,530895652.0
recovery,107590630,16.661,6,96,530959020.0
recovery,107607296,16.666,6,96,531024320.0
recovery,107623970,16.674,6,96,531087144.0
recovery,107640631,16.661,6,96,531147072.0
recovery,107657298,16.667,6,96,531211314.0
recovery,107673970,16.672,6,96,531219036.0
recovery,107690637,16.667,6,96,531301252.0
recovery,107707294,16.657,6,96,531392310.0
recovery,107723966,16.672,6,96,531446442.0
recovery,107740626,16.66,6,96,531511934.0
recovery,107757293,16.667,6,96,531573280.0
recovery,107773961,16.668,6,96,531591148.0
recovery,107790625,16.664,6,96,531676844.0
recovery,107807316,16.691,6,96,531763116.0
recovery,107823959,16.643,6,96,531853080.0
recovery,107840624,16.665,6,96,531868720.0
recovery,107857294,16.67,6,96,531939652.0
recovery,107873953,16.659,5,96,532003380.0
recovery,107890622,16.669,5,96,532329958.0
recovery,107907286,16.664,5,96,532561052.0
recovery,107923961,16.675,5,96,532865760.0
recovery,107940622,16.661,5,96,533011760.0
recovery,107957284,16.662,5,96,533227520.0
recovery,107973960,16.676,5,96,533510348.0
recovery,107990618,16.658,5,96,533763288.0
recovery,108007284,16.666,5,96,534009500.0
recovery,108023954,16.67,5,96,534253808.0
recovery,108040632,16.678,5,96,534600096.0
recovery,108057694,17.062,5,96,534797780.0
recovery,108073953,16.259,5,96,535100484.0
recovery,108090622,16.669,5,96,535341520.0
recovery,108107288,16.666,5,96,536654072.0
recovery,108123957,16.669,5,96,536214012.0
recovery,108140627,16.67,5,96,536301380.0
recovery,108157443,16.816,5,96,536357816.0
recovery,108173952,16.509,5,96,536410616.0
recovery,108190610,16.658,5,96,536422796.0
recovery,108207279,16.669,5,96,536474004.0
recovery,108223943,16.664,5,96,536531796.0
recovery,108240607,16.664,5,96,536588860.0
recovery,108257276,16.669,5,96,536644844.0
recovery,108273959,16.683,5,96,536699640.0
recovery,108290606,16.647,5,96,536748880.0
recovery,108307270,16.664,5,96,536806960.0
recovery,108323942,16.672,5,96,536855436.0
recovery,108340602,16.66,5,96,536907092.0
recovery,108357399,16.797,5,96,536919276.0
recovery,108373932,16.533,5,96,536974940.0
recovery,108390602,16.67,5,96,537025152.0
recovery,108407265,16.663,5,96,537077516.0
recovery,108424083,16.818,5,96,537133806.0
recovery,108440606,16.523,5,96,537183172.0
recovery,108457264,16.658,5,96,537232392.0
recovery,108473932,16.668,5,96,537283636.0
recovery,108490596,16.664,5,96,537337056.0
recovery,108507260,16.664,5,96,537396630.0
recovery,108523928,16.668,5,96,537445948.0
recovery,108540596,16.668,5,96,537453100.0
recovery,108557276,16.68,5,96,537504336.0
recovery,108573925,16.649,5,96,537555748.0
recovery,108590589,16.664,5,96,537606724.0
recovery,108607259,16.67,5,96,537659592.0
recovery,108623920,16.661,5,96,537716492.0
recovery,108640592,16.672,5,96,537773008.0
recovery,108657253,16.661,5,96,537823852.0
recovery,108673924,16.671,5,96,537877264.0
recovery,108690587,16.663,5,96,537918536.0
recovery,108707257,16.67,5,96,537970700.0
recovery,108724080,16.823,5,96,538018516.0
recovery,108740587,16.507,5,96,538070688.0
recovery,108757256,16.669,5,96,538082868.0
recovery,108773918,16.662,5,96,538140476.0
recovery,108790587,16.669,5,96,538195436.0
