phase,time_us,frame_ms,queued,sdf_pages,engine_static_bytes
startup,4757780,216.094,0,0,65974936.0
startup,4760100,2.32,0,0,65972912.0
startup,4773789,13.689,0,0,65976758.0
startup,4790452,16.663,0,0,65975440.0
startup,4807120,16.668,0,0,65970932.0
startup,4823789,16.669,0,0,65976086.0
startup,4840457,16.668,0,0,65920702.0
startup,4857146,16.689,0,0,65946826.0
startup,4873787,16.641,0,0,65946922.0
startup,4890450,16.663,0,0,65949248.0
startup,4907129,16.679,0,0,65951536.0
startup,4923782,16.653,0,0,65946920.0
startup,4940451,16.669,0,0,65949382.0
startup,4957118,16.667,0,0,65949536.0
startup,4973783,16.665,0,0,65917092.0
startup,4990447,16.664,0,0,65972370.0
startup,5007114,16.667,0,0,66127046.0
startup,5023781,16.667,0,0,66128070.0
startup,5040444,16.663,0,0,66127094.0
startup,5057108,16.664,0,0,66124910.0
startup,5073784,16.676,0,0,66124910.0
startup,5090446,16.662,0,0,66127382.0
startup,5107109,16.663,0,0,66122292.0
startup,5123781,16.672,0,0,66126848.0
startup,5140498,16.717,0,0,66128574.0
startup,5157109,16.611,0,0,66123832.0
startup,5173778,16.669,0,0,66128092.0
startup,5190441,16.663,0,0,66124896.0
startup,5207103,16.662,0,0,66124176.0
startup,5223769,16.666,0,0,66127996.0
startup,5242409,18.64,0,0,66125640.0
startup,5257104,14.695,0,0,66115776.0
startup,5273768,16.664,0,0,66115772.0
startup,5292270,18.502,0,0,66118498.0
startup,5307097,14.827,0,0,66117272.0
startup,5323765,16.668,0,0,66117324.0
startup,5342137,18.372,0,0,66118498.0
startup,5357103,14.966,0,0,66117264.0
startup,5373764,16.661,0,0,66120628.0
startup,5392010,18.246,0,0,66118498.0
startup,5407132,15.122,0,0,66118498.0
startup,5423762,16.63,0,0,66115184.0
startup,5441879,18.117,0,0,66116774.0
startup,5457096,15.217,0,0,66119184.0
startup,5473771,16.675,0,0,66116774.0
startup,5491747,17.976,0,0,66060220.0
startup,5516212,24.465,4,0,66136906.0
startup,5523711,7.499,5,0,66135572.0
startup,5541618,17.907,5,0,66329992.0
startup,5557100,15.482,5,0,66340916.0
startup,5573755,16.655,4,0,66390362.0
startup,5591575,17.82,4,0,66707600.0
startup,5607109,15.534,3,0,66765096.0
startup,5623765,16.656,3,0,67072548.0
startup,5641589,17.824,4,0,67069088.0
startup,5657165,15.576,3,0,67128770.0
startup,5673766,16.601,4,0,67297236.0
startup,5691605,17.839,1,0,67502988.0
startup,5707090,15.485,5,0,69153520.0
startup,5723750,16.66,6,0,69128042.0
startup,5741664,17.914,6,0,69134606.0
startup,5757086,15.422,5,0,69183736.0
startup,5773761,16.675,5,0,69496408.0
startup,5791685,17.924,4,0,69556948.0
startup,5807093,15.408,4,0,69866196.0
startup,5823757,16.664,4,0,69871536.0
startup,5841692,17.935,3,0,69923424.0
startup,5857087,15.395,3,0,70229082.0
startup,5873757,16.67,3,0,70286258.0
startup,5892159,18.402,3,0,70445188.0
startup,5907086,14.927,4,0,70450820.0
startup,5923763,16.677,1,0,70509568.0
startup,5942026,18.263,5,0,70943962.0
startup,5957076,15.05,5,0,71004580.0
startup,5973749,16.673,5,0,71120980.0
startup,5991892,18.143,4,0,71118034.0
startup,6007075,15.183,4,0,71290170.0
startup,6023740,16.665,4,0,71297098.0
startup,6041890,18.15,4,0,71347442.0
startup,6057072,15.182,4,0,71468038.0
startup,6073737,16.665,3,0,71524622.0
startup,6091913,18.176,3,0,71643826.0
startup,6107070,15.157,1,0,71696338.0
startup,6123737,16.667,2,0,72060696.0
startup,6141948,18.211,4,0,72066998.0
startup,6157074,15.126,4,0,72240408.0
startup,6173735,16.661,4,0,72242570.0
startup,6191950,18.215,2,0,72299454.0
startup,6207274,15.324,5,0,72529870.0
startup,6223730,16.456,4,0,72576382.0
startup,6241978,18.248,4,0,72702396.0
startup,6257068,15.09,2,0,72702168.0
startup,6273733,16.665,5,0,72984310.0
startup,6291995,18.262,4,0,72981658.0
startup,6307067,15.072,4,0,73169048.0
startup,6323724,16.657,4,0,73175356.0
startup,6342054,18.33,2,0,73171798.0
startup,6357082,15.028,3,0,73467406.0
startup,6373732,16.65,4,0,73612294.0
startup,6392077,18.345,4,0,73625516.0
startup,6407063,14.986,4,0,73620178.0
startup,6423733,16.67,4,0,73615006.0
startup,6442132,18.399,4,0,73766054.0
startup,6457151,15.019,4,0,73773730.0
startup,6473747,16.596,4,0,73777502.0
startup,6492149,18.402,4,0,73772646.0
startup,6507067,14.918,4,0,73775194.0
startup,6523718,16.651,4,0,73931030.0
startup,6542150,18.432,4,0,73943128.0
startup,6557059,14.909,4,0,73942322.0
startup,6573720,16.661,4,0,73942222.0
startup,6592165,18.445,4,0,73939186.0
startup,6607054,14.889,4,0,74112686.0
startup,6623718,16.664,4,0,74116502.0
startup,6642161,18.443,4,0,74107754.0
startup,6657051,14.89,4,0,74111230.0
startup,6673720,16.669,4,0,74111234.0
startup,6692203,18.483,4,0,74273522.0
startup,6707047,14.844,4,0,74277002.0
startup,6723707,16.66,4,0,74274678.0
startup,6742296,18.589,4,0,74272442.0
startup,6757044,14.748,4,0,74424094.0
startup,6773712,16.668,4,0,74431850.0
startup,6792242,18.53,4,0,74439866.0
startup,6807040,14.798,4,0,74442194.0
startup,6823715,16.675,4,0,74436274.0
startup,6842246,18.531,4,0,74592778.0
startup,6857041,14.795,4,0,74596038.0
startup,6873708,16.667,4,0,74599738.0
startup,6892264,18.556,4,0,74603218.0
startup,6907044,14.78,4,0,74603214.0
startup,6923697,16.653,4,0,74751898.0
startup,6942254,18.557,4,0,74766898.0
startup,6957036,14.782,4,0,74769168.0
startup,6973710,16.674,4,0,74763082.0
startup,6992317,18.607,4,0,74918646.0
startup,7007058,14.741,4,0,74922126.0
startup,7023708,16.65,4,0,74925602.0
startup,7042320,18.612,4,0,74933222.0
startup,7057039,14.719,4,0,74930826.0
startup,7073692,16.653,4,0,75075826.0
startup,7092339,18.647,4,0,75089292.0
startup,7107037,14.698,4,0,75084466.0
startup,7123701,16.664,4,0,75087946.0
startup,7142323,18.622,4,0,75227238.0
startup,7157026,14.703,4,0,75230718.0
startup,7173695,16.669,4,0,75242720.0
startup,7192332,18.637,4,0,75244444.0
startup,7207029,14.697,4,0,75239418.0
startup,7223691,16.662,4,0,75383106.0
startup,7242317,18.626,4,0,75395330.0
startup,7257024,14.707,4,0,75399360.0
startup,7273800,16.776,4,0,75394674.0
startup,7292329,18.529,4,0,75643902.0
startup,7307021,14.692,4,0,75663202.0
startup,7323686,16.665,4,0,75656902.0
startup,7342290,18.604,4,0,75667900.0
startup,7357026,14.736,4,0,75662122.0
startup,7373679,16.653,4,0,75813384.0
startup,7392273,18.594,4,0,75812526.0
startup,7407020,14.747,4,0,75814926.0
startup,7423690,16.67,4,0,75818834.0
startup,7442259,18.569,4,0,75815802.0
startup,7457018,14.759,4,0,75957714.0
startup,7473683,16.665,4,0,75969360.0
startup,7492215,18.532,4,0,75966194.0
startup,7507016,14.801,4,0,75968154.0
startup,7523686,16.67,4,0,76102506.0
startup,7542191,18.505,4,0,76114806.0
startup,7557016,14.825,4,0,76109470.0
startup,7573679,16.663,3,0,76120596.0
startup,7592125,18.446,3,0,76234214.0
startup,7607020,14.895,4,0,76370626.0
startup,7623687,16.667,4,0,76507130.0
startup,7642088,18.401,4,0,76694930.0
startup,7657019,14.931,4,0,76570218.0
startup,7673682,16.663,4,0,76588354.0
startup,7692132,18.45,4,0,76588318.0
startup,7707014,14.882,4,0,77105078.0
startup,7723677,16.663,4,0,76858222.0
startup,7742165,18.488,4,0,76858230.0
startup,7757010,14.845,4,0,77050394.0
startup,7773673,16.663,4,0,77053306.0
startup,7792261,18.588,4,0,77052098.0
startup,7807010,14.749,4,0,77081296.0
startup,7823665,16.655,4,0,77085698.0
startup,7842188,18.523,4,0,77079750.0
startup,7857001,14.813,4,0,77251906.0
startup,7873667,16.666,4,0,77251226.0
startup,7892196,18.529,4,0,77251022.0
startup,7906996,14.8,4,0,77259330.0
startup,7923668,16.672,4,0,77254718.0
startup,7942199,18.531,4,0,77451138.0
startup,7957002,14.803,4,0,77445038.0
startup,7973670,16.668,4,0,77447298.0
startup,7992216,18.546,4,0,77447298.0
startup,8007006,14.79,4,0,77447294.0
startup,8023663,16.657,4,0,77510006.0
startup,8042219,18.556,4,0,77510006.0
startup,8057007,14.788,4,0,77510006.0
startup,8073666,16.659,4,0,77611806.0
startup,8092216,18.55,4,0,77761326.0
startup,8106995,14.779,4,0,77846252.0
startup,8123655,16.66,4,0,77849262.0
startup,8142216,18.561,4,0,77854206.0
startup,8157003,14.787,4,0,77848258.0
startup,8173664,16.661,4,0,78025662.0
startup,8192210,18.546,4,0,78116278.0
startup,8206985,14.775,4,0,78116880.0
startup,8223653,16.668,4,0,78116534.0
startup,8242194,18.541,4,0,78227718.0
startup,8256991,14.797,4,0,78230238.0
startup,8273646,16.655,4,0,78345902.0
startup,8292173,18.527,4,0,78342730.0
startup,8306985,14.812,4,0,78346210.0
startup,8323708,16.723,4,0,78449774.0
startup,8342170,18.462,4,0,78582926.0
startup,8356980,14.81,4,0,78582126.0
startup,8373645,16.665,4,0,78589966.0
startup,8392158,18.513,4,0,78598870.0
startup,8406983,14.825,4,0,78668030.0
startup,8423649,16.666,4,0,78668030.0
startup,8442239,18.59,4,0,78822120.0
startup,8456977,14.738,4,0,78824300.0
startup,8473654,16.677,4,0,78820262.0
startup,8492123,18.469,4,0,78820262.0
startup,8506976,14.853,4,0,79181062.0
startup,8523642,16.666,4,0,79082014.0
startup,8542109,18.467,4,0,79084966.0
startup,8556980,14.871,4,0,79088966.0
startup,8573637,16.657,4,0,79211946.0
startup,8592105,18.468,4,0,79335486.0
startup,8606979,14.874,4,0,79338966.0
startup,8623638,16.659,4,0,79341926.0
startup,8642073,18.435,4,0,79345926.0
startup,8656975,14.902,4,0,79449026.0
startup,8673635,16.66,4,0,79601828.0
startup,8692058,18.423,4,0,79600378.0
startup,8706977,14.919,4,0,79609328.0
startup,8723636,16.659,4,0,79603966.0
startup,8742038,18.402,4,0,79687818.0
startup,8756967,14.929,4,0,79851990.0
startup,8773628,16.661,4,0,79846818.0
startup,8792005,18.377,4,0,79850298.0
startup,8806975,14.97,4,0,79850294.0
startup,8823630,16.655,4,0,80075722.0
startup,8841978,18.348,4,0,80082582.0
startup,8857043,15.065,4,0,80094202.0
startup,8873633,16.59,4,0,80086158.0
startup,8891979,18.346,4,0,80209702.0
startup,8906966,14.987,4,0,80325558.0
startup,8923620,16.654,4,0,80322246.0
startup,8941940,18.32,4,0,80325202.0
startup,8956965,15.025,4,0,80327466.0
startup,8973629,16.664,4,0,80434214.0
startup,8991904,18.275,4,0,80560216.0
startup,9006953,15.049,4,0,80557034.0
startup,9023629,16.676,4,0,80560514.0
startup,9041898,18.269,4,0,80663438.0
startup,9056957,15.059,4,0,80812846.0
startup,9073622,16.665,1,0,80824702.0
startup,9091865,18.243,2,0,81266578.0
startup,9106952,15.087,5,0,81551222.0
startup,9123629,16.677,5,0,81719214.0
startup,9141841,18.212,5,0,81850170.0
startup,9156957,15.116,5,0,81964642.0
startup,9173620,16.663,5,0,82246797.0
startup,9191836,18.216,5,0,82251705.0
startup,9206949,15.113,5,0,82429781.0
startup,9223611,16.662,5,0,82485049.0
startup,9241821,18.21,5,0,82492005.0
startup,9256955,15.134,5,0,82492009.0
startup,9273611,16.656,5,0,82640549.0
startup,9291811,18.2,5,0,82646981.0
startup,9306949,15.138,5,0,82649249.0
startup,9323617,16.668,5,0,82825549.0
startup,9341752,18.135,5,0,82877613.0
startup,9356950,15.198,5,0,82875145.0
startup,9373606,16.656,5,0,83093813.0
startup,9391767,18.161,5,0,83234365.0
startup,9406943,15.176,5,0,83245831.0
startup,9423616,16.673,5,0,83286357.0
startup,9441781,18.165,5,0,83461433.0
startup,9456941,15.16,5,0,83466649.0
startup,9473618,16.677,5,0,83471873.0
startup,9491671,18.053,5,0,83624309.0
startup,9506939,15.268,5,0,83703685.0
startup,9523607,16.668,5,0,83710869.0
startup,9541652,18.045,5,0,83713129.0
startup,9556930,15.278,5,0,83867915.0
startup,9573600,16.67,5,0,83869041.0
startup,9590272,16.672,5,0,83871769.0
startup,9606931,16.659,5,0,84057369.0
startup,9623598,16.667,5,0,84062909.0
startup,9640268,16.67,5,0,84061445.0
startup,9656937,16.669,5,0,84448577.0
startup,9673590,16.653,5,0,84342909.0
startup,9690265,16.675,5,0,84341889.0
startup,9706931,16.666,5,0,84545589.0
startup,9723597,16.666,5,0,84620581.0
startup,9740259,16.662,5,0,84624393.0
startup,9756930,16.671,5,0,84624393.0
startup,9773599,16.669,5,0,84847401.0
startup,9791189,17.59,5,0,84854357.0
startup,9806932,15.743,5,0,84854361.0
startup,9823591,16.659,5,0,84999465.0
startup,9841360,17.769,5,0,85006425.0
startup,9856930,15.57,5,0,85006421.0
startup,9873589,16.659,5,0,85148193.0
startup,9891250,17.661,5,0,85155153.0
startup,9907021,15.771,5,0,85155153.0
startup,9923583,16.562,5,0,85300865.0
startup,9941204,17.621,4,0,85307997.0
startup,9956927,15.723,4,0,85417257.0
startup,9973721,16.794,4,0,85740481.0
startup,9991152,17.431,4,0,85848653.0
startup,10006926,15.774,4,0,85963885.0
startup,10023585,16.659,4,0,86190965.0
startup,10041114,17.529,4,0,86338477.0
startup,10056924,15.81,4,0,86344677.0
startup,10073651,16.727,4,0,86346421.0
startup,10090893,17.242,4,0,86517697.0
startup,10106923,16.03,4,0,86615169.0
startup,10123576,16.653,4,0,86622133.0
startup,10140977,17.401,4,0,86625457.0
startup,10156926,15.949,4,0,86818917.0
startup,10173584,16.658,4,0,86888929.0
startup,10190949,17.365,4,0,86892409.0
startup,10206912,15.963,4,0,87031033.0
startup,10223575,16.663,4,0,87037993.0
startup,10240839,17.264,4,0,87041473.0
startup,10256913,16.074,4,0,87207213.0
startup,10273570,16.657,4,0,87239665.0
startup,10290799,17.229,4,0,87240385.0
startup,10306911,16.112,4,0,87269405.0
startup,10323579,16.668,4,0,87523185.0
startup,10340795,17.216,4,0,87476141.0
startup,10356931,16.136,4,0,87476741.0
startup,10373577,16.646,4,0,87593265.0
startup,10390237,16.66,4,0,87593261.0
startup,10406932,16.695,4,0,87761273.0
startup,10423592,16.66,4,0,87764749.0
startup,10440234,16.642,4,0,87899977.0
startup,10457008,16.774,4,0,87911213.0
startup,10473571,16.563,4,0,87910417.0
startup,10490225,16.654,4,0,88103925.0
startup,10506895,16.67,4,0,88108157.0
startup,10523565,16.67,4,0,88111637.0
startup,10540232,16.667,4,0,88222221.0
startup,10556892,16.66,4,0,88466197.0
startup,10573562,16.67,4,0,88473157.0
startup,10590235,16.673,4,0,88474901.0
startup,10606917,16.682,4,0,88665281.0
startup,10623558,16.641,4,0,88678121.0
startup,10640227,16.669,4,0,88681601.0
startup,10656900,16.673,4,0,88860013.0
startup,10673554,16.654,4,0,88928765.0
startup,10690225,16.671,4,0,88933985.0
startup,10706895,16.67,4,0,89095593.0
startup,10723575,16.68,4,0,89235961.0
startup,10740222,16.647,4,0,89242405.0
startup,10756895,16.673,4,0,89244665.0
startup,10773556,16.661,4,0,89781789.0
startup,10790217,16.661,4,0,89620201.0
startup,10806891,16.674,4,0,89621145.0
startup,10823548,16.657,4,0,89950941.0
startup,10840216,16.668,4,0,89859805.0
startup,10856887,16.671,2,0,89865405.0
startup,10873585,16.698,5,0,90287383.0
startup,10890214,16.629,2,0,90474139.0
startup,10906874,16.66,5,0,90950053.0
startup,10923550,16.676,2,0,91176693.0
startup,10940216,16.666,5,0,91538885.0
startup,10956884,16.668,4,0,91633349.0
startup,10973551,16.667,4,0,91859401.0
startup,10990530,16.979,4,0,92305163.0
startup,11006881,16.351,2,0,92755909.0
startup,11023558,16.677,2,0,92841693.0
startup,11040211,16.653,1,0,93186489.0
startup,11057195,16.984,2,0,93796511.0
startup,11073549,16.354,3,0,94030931.0
startup,11090205,16.656,3,0,94428719.0
startup,11106884,16.679,3,0,94926123.0
startup,11123555,16.671,0,0,94971267.0
startup,11140220,16.665,4,0,95471549.0
startup,11156876,16.656,4,0,95675009.0
startup,11173540,16.664,3,0,96067717.0
startup,11190202,16.662,2,0,96335141.0
startup,11206876,16.674,2,0,96535249.0
startup,11226252,19.376,2,0,97119480.0
startup,11242196,15.944,4,0,97289773.0
startup,11256920,14.724,2,0,97530617.0
startup,11274463,17.543,5,0,97975093.0
startup,11292051,17.588,2,0,98259809.0
startup,11306859,14.808,5,0,98719455.0
startup,11323535,16.676,4,0,99172267.0
startup,11341927,18.392,2,0,99378771.0
startup,11356868,14.941,0,0,99745145.0
startup,11374564,17.696,4,0,100169671.0
startup,11391797,17.233,4,0,100462119.0
startup,11406873,15.076,4,0,101198515.0
startup,11423525,16.652,3,0,101147619.0
startup,11441662,18.137,1,0,101537835.0
startup,11459190,17.528,0,0,101985301.0
startup,11477522,18.332,4,0,102314837.0
startup,11491529,14.007,3,0,102531297.0
startup,11506863,15.334,3,0,102816173.0
startup,11523522,16.659,0,0,103159449.0
startup,11542928,19.406,3,0,103531831.0
startup,11556883,13.955,3,0,103819479.0
startup,11573515,16.632,3,0,104073219.0
startup,11590216,16.701,0,0,104272187.0
startup,11608262,18.046,3,0,104600095.0
startup,11623519,15.257,3,0,104748027.0
startup,11640477,16.958,0,0,105036309.0
startup,11661625,21.148,0,0,105579739.0
startup,11678732,17.107,3,0,105950513.0
startup,11690999,12.267,3,0,106044155.0
startup,11706956,15.957,3,0,106368029.0
startup,11723514,16.558,0,0,106554505.0
startup,11744364,20.85,4,0,107145027.0
startup,11756860,12.496,4,0,107372433.0
startup,11773516,16.656,4,0,107834933.0
startup,11790975,17.459,3,0,108270329.0
startup,11806898,15.923,3,0,108976413.0
startup,11823515,16.617,0,0,108847389.0
startup,11844218,20.703,4,0,109422711.0
startup,11856845,12.627,5,0,109816455.0
startup,11873511,16.666,4,0,110284931.0
startup,11890776,17.265,3,0,110837167.0
startup,11906864,16.088,3,0,111016979.0
startup,11923503,16.639,0,0,111270987.0
startup,11945072,21.569,3,0,111710511.0
startup,11956841,11.769,3,0,111930839.0
startup,11973511,16.67,3,0,112405099.0
startup,11990171,16.66,3,0,112870619.0
startup,12006836,16.665,4,0,113386327.0
startup,12027203,20.367,4,0,113934723.0
startup,12041188,13.985,4,0,114166323.0
startup,12056839,15.651,4,0,114575367.0
startup,12073499,16.66,3,0,114976683.0
startup,12090183,16.684,2,0,115221259.0
startup,12106834,16.651,1,0,115586279.0
startup,12125859,19.025,1,0,116110861.0
startup,12140163,14.304,5,0,116607073.0
startup,12156838,16.675,3,0,116783133.0
startup,12176739,19.901,4,0,117188505.0
startup,12190986,14.247,3,0,117672041.0
startup,12206832,15.846,4,0,118206705.0
startup,12223498,16.666,2,0,118410885.0
startup,12244682,21.184,3,0,118889293.0
startup,12266865,22.183,3,0,119501797.0
startup,12274572,7.707,4,0,119873349.0
startup,12290988,16.416,3,0,120464637.0
startup,12306823,15.835,1,0,120649437.0
startup,12328056,21.233,2,0,121084875.0
startup,12340973,12.917,5,0,121442987.0
startup,12356825,15.852,3,0,121684283.0
startup,12381625,24.8,4,0,122129619.0
startup,12390970,9.345,4,0,122549945.0
startup,12406826,15.856,3,0,122856867.0
startup,12423504,16.678,3,0,123256735.0
startup,12440758,17.254,4,0,123813143.0
startup,12462278,21.52,3,0,124526441.0
startup,12484805,22.527,4,0,125071969.0
startup,12492235,7.43,4,0,125329537.0
startup,12506830,14.595,3,0,125724633.0
startup,12523487,16.657,1,0,126022535.0
startup,12547244,23.757,5,0,126666125.0
startup,12556814,9.57,3,0,127180645.0
startup,12581162,24.348,4,0,127655373.0
startup,12590150,8.988,4,0,127885737.0
startup,12606814,16.664,4,0,128311513.0
startup,12623485,16.671,2,0,128965897.0
startup,12646433,22.948,3,0,128979057.0
startup,12667783,21.35,3,0,129486545.0
startup,12675343,7.56,4,0,129872677.0
startup,12690244,14.901,3,0,130123233.0
startup,12706812,16.568,1,0,130551327.0
startup,12733123,26.311,1,0,131054105.0
startup,12740280,7.157,5,0,131953417.0
startup,12756815,16.535,3,0,131776657.0
startup,12778494,21.679,4,0,132319273.0
startup,12790847,12.353,4,0,132328509.0
startup,12806807,15.96,4,0,132799073.0
startup,12823473,16.666,4,0,132949453.0
startup,12840846,17.373,4,0,133251981.0
startup,12856808,15.962,4,0,133618911.0
startup,12873467,16.659,4,0,133918741.0
startup,12890146,16.679,4,0,134183345.0
startup,12906798,16.652,4,0,134635149.0
startup,12923879,17.081,4,0,134933869.0
startup,12940781,16.902,4,0,135133917.0
startup,12956798,16.017,4,0,135505953.0
startup,12973472,16.674,3,0,135663241.0
startup,12990214,16.742,3,0,135959385.0
startup,13006800,16.586,4,0,136404909.0
startup,13023463,16.663,2,0,136603349.0
startup,13046108,22.645,5,0,136851035.0
startup,13056794,10.686,5,0,137257403.0
startup,13073469,16.675,5,0,137435507.0
startup,13090299,16.83,5,0,137669827.0
startup,13106853,16.554,5,0,137994451.0
startup,13123458,16.605,5,0,138234491.0
startup,13140281,16.823,5,0,138483735.0
startup,13156797,16.516,5,0,138766143.0
startup,13173468,16.671,5,0,138920531.0
startup,13190125,16.657,5,0,139393043.0
startup,13206922,16.797,5,0,139541167.0
startup,13223452,16.53,5,0,139954683.0
startup,13240520,17.068,5,0,140213487.0
startup,13256833,16.313,5,0,140472879.0
startup,13273470,16.637,5,0,140569315.0
startup,13290580,17.11,5,0,141153675.0
startup,13306797,16.217,5,0,141252383.0
startup,13323457,16.66,5,0,141413879.0
startup,13340532,17.075,5,0,141790539.0
startup,13356791,16.259,5,0,141920519.0
startup,13373457,16.666,5,0,142108259.0
startup,13390112,16.655,5,0,142114007.0
startup,13406787,16.675,5,0,142115747.0
startup,13423451,16.664,5,0,142298639.0
startup,13440111,16.66,5,0,142343255.0
startup,13456783,16.672,5,0,142343491.0
startup,13473479,16.696,5,0,142379559.0
startup,13490396,16.917,5,0,142541919.0
startup,13506772,16.376,5,0,142549623.0
startup,13523452,16.68,5,0,142549619.0
startup,13540491,17.039,5,0,142701865.0
startup,13556772,16.281,5,0,142707989.0
startup,13573451,16.679,5,0,142773707.0
startup,13590207,16.756,5,0,142941863.0
startup,13606769,16.562,5,0,142948823.0
startup,13623445,16.676,5,0,142954043.0
startup,13640233,16.788,5,0,143108055.0
startup,13656772,16.539,5,0,143194735.0
startup,13673435,16.663,5,0,143201695.0
startup,13690108,16.673,5,0,143205175.0
startup,13706769,16.661,5,0,143362795.0
startup,13723443,16.674,5,0,143370363.0
startup,13740103,16.66,5,0,143372619.0
startup,13756780,16.677,5,0,143541951.0
startup,13773433,16.653,5,0,143548911.0
startup,13790104,16.671,5,0,143585827.0
startup,13806768,16.664,5,0,143585827.0
startup,13823425,16.657,5,0,143773179.0
startup,13840093,16.668,5,0,143780139.0
startup,13856767,16.674,5,0,143780139.0
startup,13873433,16.666,5,0,144009731.0
startup,13890095,16.662,5,0,144016171.0
startup,13906766,16.671,5,0,144021911.0
startup,13923428,16.662,5,0,144021911.0
startup,13940095,16.667,5,0,144191871.0
startup,13956763,16.668,3,0,144194559.0
startup,13975960,19.197,5,0,144337937.0
startup,13990097,14.137,5,0,144517969.0
startup,14006769,16.672,5,0,144711221.0
startup,14023441,16.672,5,0,144831321.0
startup,14040098,16.657,5,0,144789817.0
startup,14056758,16.66,5,0,144789501.0
startup,14073428,16.67,5,0,144789501.0
startup,14090093,16.665,5,0,144789505.0
startup,14106759,16.666,5,0,144789505.0
startup,14123422,16.663,5,0,145039805.0
startup,14140090,16.668,5,0,145041593.0
startup,14156759,16.669,5,0,145184181.0
startup,14173410,16.651,5,0,145296325.0
startup,14190087,16.677,5,0,145301545.0
startup,14206753,16.666,5,0,145436629.0
startup,14223414,16.661,5,0,145549509.0
startup,14240075,16.661,5,0,145561477.0
startup,14256747,16.672,5,0,145556849.0
startup,14273418,16.671,5,0,145745477.0
startup,14290078,16.66,5,0,145811575.0
startup,14306759,16.681,5,0,145809741.0
startup,14323418,16.659,5,0,145910761.0
startup,14340084,16.666,5,0,146082469.0
startup,14356741,16.657,5,0,146089429.0
startup,14373411,16.67,5,0,146091165.0
startup,14390077,16.666,5,0,146091169.0
startup,14406743,16.666,5,0,146091169.0
startup,14423412,16.669,5,0,146091169.0
startup,14440086,16.674,5,0,146091169.0
startup,14456741,16.655,5,0,146091169.0
startup,14473409,16.668,5,0,146091169.0
startup,14490074,16.665,5,0,146091169.0
startup,14506748,16.674,5,0,146091169.0
startup,14523410,16.662,5,0,146091169.0
startup,14540077,16.667,5,0,146091169.0
startup,14556740,16.663,5,0,146091169.0
startup,14573401,16.661,5,0,146091169.0
startup,14590075,16.674,5,0,146091169.0
startup,14606732,16.657,5,0,146495129.0
startup,14623404,16.672,5,0,146495129.0
startup,14640061,16.657,5,0,146675349.0
startup,14656727,16.666,5,0,146682813.0
startup,14673405,16.678,5,0,146727649.0
startup,14690063,16.658,5,0,146906125.0
startup,14706786,16.723,5,0,146913085.0
startup,14723401,16.615,5,0,146916565.0
startup,14740065,16.664,5,0,147031913.0
startup,14756723,16.658,5,0,147183569.0
startup,14773395,16.672,5,0,147182833.0
startup,14790066,16.671,5,0,147208213.0
startup,14806724,16.658,5,0,147418265.0
startup,14823388,16.664,5,0,147446297.0
startup,14840060,16.672,5,0,147450297.0
startup,14856890,16.83,5,0,147450293.0
startup,14873395,16.505,5,0,147450297.0
startup,14890057,16.662,5,0,147450297.0
startup,14906730,16.673,5,0,147450297.0
startup,14923395,16.665,5,0,147450297.0
startup,14940059,16.664,5,0,147450297.0
startup,14956724,16.665,5,0,147450297.0
startup,14973386,16.662,5,0,147450297.0
startup,14990051,16.665,5,0,147450297.0
startup,15006717,16.666,5,0,147775949.0
startup,15023385,16.668,5,0,147775949.0
startup,15040046,16.661,5,0,147996085.0
startup,15056716,16.67,5,0,147999749.0
startup,15073391,16.675,5,0,148058381.0
startup,15090040,16.649,5,0,148253969.0
startup,15106711,16.671,5,0,148265825.0
startup,15123379,16.668,5,0,148269825.0
startup,15140046,16.667,5,0,148367229.0
startup,15156710,16.664,5,0,148514703.0
startup,15173381,16.671,5,0,148519369.0
startup,15190047,16.666,5,0,148519121.0
startup,15206708,16.661,5,0,148737857.0
startup,15223373,16.665,5,0,148745425.0
startup,15240042,16.669,5,0,148808369.0
startup,15256716,16.674,5,0,148808369.0
startup,15273371,16.655,5,0,149005021.0
startup,15290036,16.665,5,0,149005369.0
startup,15306708,16.672,5,0,149021753.0
startup,15323381,16.673,5,0,149021753.0
startup,15340032,16.651,5,0,149222643.0
startup,15356700,16.668,5,0,149226873.0
startup,15373371,16.671,5,0,149226873.0
startup,15390030,16.659,5,0,149394943.0
startup,15406722,16.692,5,0,149404207.0
startup,15423371,16.649,5,0,149400913.0
startup,15440033,16.662,5,0,149566261.0
startup,15456695,16.662,5,0,149600943.0
startup,15473367,16.672,4,0,149600661.0
startup,15490033,16.666,4,0,149935105.0
startup,15506698,16.665,4,0,150045413.0
startup,15523364,16.666,4,0,150170377.0
startup,15540022,16.658,4,0,150391353.0
startup,15556690,16.668,4,0,150522261.0
startup,15573362,16.672,4,0,150763225.0
startup,15590026,16.664,4,0,150871207.0
startup,15606689,16.663,4,0,150927661.0
startup,15623364,16.675,4,0,150930829.0
startup,15640019,16.655,4,0,151071733.0
startup,15656687,16.668,4,0,151079029.0
startup,15673359,16.672,4,0,151082509.0
startup,15690018,16.659,4,0,151225735.0
startup,15706687,16.669,4,0,151227669.0
startup,15723359,16.672,4,0,151231149.0
startup,15740021,16.662,4,0,151378705.0
startup,15756680,16.659,4,0,151381045.0
startup,15773356,16.676,4,0,151384525.0
startup,15790023,16.667,4,0,151529641.0
startup,15806680,16.657,4,0,151541065.0
startup,15823359,16.679,4,0,151541821.0
startup,15840011,16.652,4,0,151687953.0
startup,15856677,16.666,4,0,151694913.0
startup,15873352,16.675,4,0,151700877.0
startup,15890013,16.661,4,0,151841893.0
startup,15906675,16.662,4,0,151846129.0
startup,15923349,16.674,4,0,151851349.0
startup,15940008,16.659,4,0,151996605.0
startup,15956672,16.664,4,0,152000841.0
startup,15973345,16.673,4,0,152006061.0
startup,15990012,16.667,4,0,152148553.0
startup,16006672,16.66,4,0,152155509.0
startup,16023342,16.67,4,0,152160729.0
startup,16040007,16.665,4,0,152302217.0
startup,16056671,16.664,4,0,152310305.0
startup,16073345,16.674,4,0,152315525.0
startup,16090004,16.659,4,0,152470637.0
startup,16106672,16.668,4,0,152474873.0
startup,16123339,16.667,4,0,152480093.0
startup,16140004,16.665,4,0,152627553.0
startup,16156666,16.662,4,0,152634545.0
startup,16173338,16.672,4,0,152639765.0
startup,16189998,16.66,4,0,152780149.0
startup,16206661,16.663,4,0,152787113.0
startup,16223340,16.679,4,0,152792333.0
startup,16240012,16.672,4,0,152935905.0
startup,16256665,16.653,4,0,152942865.0
startup,16273337,16.672,3,0,152948565.0
startup,16290006,16.669,3,0,153214157.0
startup,16306659,16.653,4,0,153486753.0
startup,16323330,16.671,4,0,153696145.0
startup,16340051,16.721,4,0,153832957.0
startup,16356660,16.609,4,0,153845489.0
startup,16373326,16.666,4,0,153851253.0
startup,16389998,16.672,4,0,153856161.0
startup,16406655,16.657,4,0,154030753.0
startup,16423328,16.673,4,0,154111317.0
startup,16439996,16.668,4,0,154117757.0
startup,16456666,16.67,4,0,154120013.0
startup,16473332,16.666,4,0,154421241.0
startup,16489993,16.661,4,0,154428537.0
startup,16506658,16.665,4,0,154432017.0
startup,16523326,16.668,4,0,154581437.0
startup,16539986,16.66,4,0,154660181.0
startup,16556661,16.675,4,0,154659457.0
startup,16573416,16.755,4,0,154667977.0
startup,16589985,16.569,4,0,154876713.0
startup,16606650,16.665,4,0,154883673.0
startup,16623324,16.674,4,0,154883673.0
startup,16639986,16.662,4,0,155213561.0
startup,16656656,16.67,4,0,155220517.0
startup,16673322,16.666,4,0,155224001.0
startup,16689988,16.666,4,0,155411149.0
startup,16706659,16.671,4,0,155521613.0
startup,16723322,16.663,4,0,155527577.0
startup,16739986,16.664,4,0,155821717.0
startup,16756645,16.659,4,0,155685833.0
startup,16773322,16.677,4,0,155688329.0
startup,16789985,16.663,4,0,155688329.0
startup,16806655,16.67,4,0,155909013.0
startup,16823315,16.66,4,0,155915973.0
startup,16839979,16.664,4,0,155915977.0
startup,16856657,16.678,4,0,156084813.0
startup,16873311,16.654,4,0,156091253.0
startup,16889980,16.669,4,0,156093513.0
startup,16906641,16.661,4,0,156242001.0
startup,16923313,16.672,4,0,156249381.0
startup,16939988,16.675,4,0,156247553.0
startup,16956637,16.649,4,0,156397477.0
startup,16973313,16.676,4,0,156402541.0
startup,16989975,16.662,4,0,156399817.0
startup,17006638,16.663,4,0,156551989.0
startup,17023306,16.668,4,0,156562577.0
startup,17039973,16.667,4,0,156560689.0
startup,17056633,16.66,4,0,156726341.0
startup,17073309,16.676,4,0,156730061.0
startup,17089977,16.668,4,0,156732321.0
startup,17106631,16.654,4,0,156889657.0
startup,17123296,16.665,2,0,156899285.0
startup,17143569,20.273,5,0,157036481.0
startup,17156637,13.068,5,0,157336853.0
startup,17173299,16.662,5,0,157630453.0
startup,17189965,16.666,5,0,157775393.0
startup,17206630,16.665,5,0,158002469.0
startup,17223294,16.664,5,0,158128149.0
startup,17239967,16.673,5,0,158009689.0
startup,17256636,16.669,5,0,158013169.0
startup,17273298,16.662,5,0,158168101.0
startup,17289959,16.661,5,0,158263149.0
startup,17306623,16.664,5,0,158268369.0
startup,17323295,16.672,5,0,158402949.0
startup,17339974,16.679,5,0,158522349.0
startup,17356692,16.718,5,0,158527569.0
startup,17373294,16.602,4,0,158531693.0
startup,17392292,18.998,5,0,159019453.0
startup,17406619,14.327,5,0,159038501.0
startup,17423291,16.672,4,0,159038937.0
startup,17439954,16.663,4,0,159265001.0
startup,17456613,16.659,4,0,159322417.0
startup,17473289,16.676,4,0,159327733.0
startup,17489957,16.668,4,0,159488297.0
startup,17506616,16.659,4,0,159495401.0
startup,17523287,16.671,4,0,159500621.0
startup,17539952,16.665,4,0,159544393.0
startup,17556611,16.659,4,0,159737945.0
startup,17573290,16.679,4,0,159743165.0
startup,17589955,16.665,4,0,159908001.0
startup,17606609,16.654,4,0,159993613.0
startup,17623287,16.678,3,0,160001053.0
startup,17639954,16.667,4,0,160320129.0
startup,17656611,16.657,4,0,160339337.0
startup,17673278,16.667,2,0,160341573.0
startup,17691507,18.229,3,0,160652885.0
startup,17706611,15.104,4,0,160666501.0
startup,17723281,16.67,2,0,160665913.0
startup,17742340,19.059,5,0,160973867.0
startup,17756602,14.262,5,0,160980971.0
startup,17773278,16.676,3,0,160986995.0
startup,17792849,19.571,4,0,161252287.0
startup,17806605,13.756,4,0,161501303.0
startup,17823271,16.666,4,0,161512435.0
startup,17839945,16.674,4,0,161511911.0
startup,17856612,16.667,4,0,161513135.0
startup,17873270,16.658,4,0,161735471.0
startup,17889939,16.669,4,0,161740691.0
startup,17906760,16.821,4,0,161942239.0
startup,17923269,16.509,4,0,162115247.0
startup,17939931,16.662,4,0,162126799.0
startup,17956604,16.673,4,0,162123947.0
startup,17973275,16.671,4,0,162311527.0
startup,17989944,16.669,4,0,162378351.0
startup,18006607,16.663,3,0,162383731.0
startup,18023260,16.653,3,0,162772611.0
startup,18039927,16.667,4,0,162870871.0
startup,18056604,16.677,3,0,162873251.0
startup,18073274,16.67,4,0,162909931.0
startup,18089922,16.648,4,0,163224411.0
startup,18106596,16.674,4,0,163229187.0
startup,18123266,16.67,1,0,163229607.0
startup,18143539,20.273,5,0,163537369.0
startup,18156597,13.058,6,0,163636501.0
startup,18173265,16.668,5,0,163644041.0
startup,18189964,16.699,5,0,164139129.0
startup,18206587,16.623,5,0,163908827.0
startup,18223252,16.665,4,0,163917181.0
startup,18239926,16.674,4,0,163946733.0
startup,18256589,16.663,4,0,164023481.0
startup,18273253,16.664,4,0,164181661.0
startup,18289916,16.663,4,0,164189237.0
startup,18306596,16.68,4,0,164191117.0
startup,18323246,16.65,4,0,164333069.0
startup,18339913,16.667,4,0,164340249.0
startup,18356620,16.707,4,0,164343729.0
startup,18373247,16.627,4,0,164487929.0
startup,18389919,16.672,4,0,164494889.0
startup,18406584,16.665,4,0,164498705.0
startup,18423245,16.661,4,0,164635849.0
startup,18439911,16.666,4,0,164642809.0
startup,18456624,16.713,4,0,164750737.0
startup,18473238,16.614,4,0,164902611.0
startup,18489908,16.67,4,0,164910071.0
startup,18506572,16.664,4,0,164935993.0
startup,18523245,16.673,4,0,164935993.0
startup,18539903,16.658,4,0,165127513.0
startup,18556569,16.666,4,0,165135353.0
startup,18573243,16.674,4,0,165135353.0
startup,18589902,16.659,4,0,165294473.0
startup,18606567,16.665,4,0,165306045.0
startup,18623241,16.674,4,0,165301433.0
startup,18639902,16.661,4,0,165441813.0
startup,18656574,16.672,4,0,165449293.0
startup,18673232,16.658,4,0,165621105.0
startup,18689895,16.663,4,0,165780833.0
startup,18706573,16.678,4,0,165784313.0
startup,18723235,16.662,4,0,165831281.0
startup,18739928,16.693,4,0,165830149.0
startup,18756570,16.642,4,0,166015977.0
startup,18773230,16.66,4,0,166235373.0
startup,18789893,16.663,4,0,166242337.0
startup,18806567,16.674,4,0,166244077.0
startup,18823234,16.667,4,0,166473857.0
startup,18839897,16.663,4,0,166657753.0
startup,18856566,16.669,4,0,166656321.0
startup,18873231,16.665,4,0,166656321.0
startup,18889899,16.668,4,0,166656321.0
startup,18906555,16.656,4,0,166745469.0
startup,18923222,16.667,4,0,166760773.0
startup,18939902,16.68,4,0,166762949.0
startup,18956551,16.649,4,0,166921021.0
startup,18973229,16.678,4,0,166922889.0
startup,18989889,16.66,4,0,167004259.0
startup,19006563,16.674,4,0,166966757.0
startup,19023227,16.664,4,0,167165569.0
startup,19039883,16.656,4,0,167221653.0
startup,19056566,16.683,4,0,167223913.0
startup,19073220,16.654,4,0,167223913.0
startup,19089891,16.671,4,0,167223913.0
startup,19106557,16.666,4,0,167223913.0
startup,19123218,16.661,4,0,167223913.0
startup,19139885,16.667,4,0,167223913.0
startup,19156552,16.667,4,0,167223913.0
startup,19173219,16.667,4,0,167223913.0
startup,19189886,16.667,4,0,167223913.0
startup,19206551,16.665,4,0,167223913.0
startup,19223216,16.665,4,0,167223913.0
startup,19239887,16.671,4,0,167223913.0
startup,19256551,16.664,4,0,167223913.0
startup,19273208,16.657,4,0,167688917.0
startup,19289899,16.691,4,0,167688917.0
startup,19306546,16.647,4,0,167992933.0
startup,19323213,16.667,4,0,167998153.0
startup,19339879,16.666,4,0,167998153.0
startup,19356548,16.669,4,0,167998153.0
startup,19373232,16.684,4,0,167998153.0
startup,19389877,16.645,4,0,167998153.0
startup,19406546,16.669,4,0,167998153.0
startup,19423210,16.664,4,0,167998153.0
startup,19439883,16.673,4,0,167998153.0
startup,19456531,16.648,4,0,168282701.0
startup,19473211,16.68,4,0,168312437.0
startup,19489878,16.667,4,0,168314181.0
startup,19506536,16.658,4,0,168677649.0
startup,19523205,16.669,4,0,168617017.0
startup,19539874,16.669,4,0,168617017.0
startup,19556543,16.669,4,0,168617017.0
startup,19573210,16.667,4,0,168617017.0
startup,19589877,16.667,4,0,168617017.0
startup,19606538,16.661,4,0,168617017.0
startup,19623198,16.66,4,0,168617013.0
startup,19639878,16.68,4,0,168617013.0
startup,19656531,16.653,4,0,168617017.0
startup,19673199,16.668,4,0,168617017.0
startup,19689869,16.67,4,0,168617013.0
startup,19707384,17.515,4,0,168617017.0
startup,19723198,15.814,4,0,168617017.0
startup,19739864,16.666,4,0,168617017.0
startup,19757247,17.383,4,0,168617017.0
startup,19773200,15.953,4,0,168617017.0
startup,19789863,16.663,4,0,168617017.0
startup,19807118,17.255,4,0,168617017.0
startup,19823194,16.076,4,0,168617017.0
startup,19840009,16.815,4,0,168617017.0
startup,19856984,16.975,4,0,168617017.0
startup,19873189,16.205,4,0,169179965.0
startup,19889890,16.701,4,0,169179965.0
startup,19906852,16.962,4,0,169179965.0
startup,19923189,16.337,4,0,169179965.0
startup,19939855,16.666,4,0,169179965.0
startup,19956717,16.862,4,0,169179965.0
startup,19973192,16.475,4,0,169179965.0
startup,19989856,16.664,4,0,169179965.0
startup,20006585,16.729,4,0,169179965.0
startup,20023187,16.602,4,0,169179965.0
startup,20039854,16.667,4,0,169179965.0
startup,20056520,16.666,4,0,169179965.0
startup,20073178,16.658,4,0,169645917.0
startup,20089852,16.674,4,0,169644785.0
startup,20106507,16.655,4,0,169799569.0
startup,20123254,16.747,3,0,169799329.0
startup,20139846,16.592,4,0,169838109.0
startup,20156512,16.666,4,0,170203585.0
startup,20173179,16.667,4,0,170406345.0
startup,20189850,16.671,4,0,170445361.0
startup,20206514,16.664,4,0,170532321.0
startup,20223177,16.663,4,0,170887605.0
startup,20239839,16.662,4,0,170927409.0
startup,20256510,16.671,4,0,171010629.0
startup,20273171,16.661,4,0,171332565.0
startup,20289833,16.662,4,0,171184317.0
startup,20306503,16.67,4,0,171191273.0
startup,20323175,16.672,4,0,171199237.0
startup,20339851,16.676,4,0,171199237.0
startup,20356508,16.657,4,0,171390793.0
startup,20373176,16.668,4,0,171394273.0
startup,20389839,16.663,4,0,171568473.0
startup,20406510,16.671,4,0,171606265.0
startup,20423168,16.658,4,0,171613225.0
startup,20439834,16.666,4,0,171618093.0
startup,20456501,16.667,4,0,171808025.0
startup,20473204,16.703,4,0,171872149.0
startup,20489842,16.638,4,0,171876233.0
startup,20506502,16.66,4,0,171876229.0
startup,20523646,17.144,4,0,172024501.0
startup,20539826,16.18,4,0,172128137.0
startup,20556497,16.671,4,0,172135621.0
startup,20575084,18.587,4,0,172135621.0
startup,20589826,14.742,4,0,172304257.0
startup,20606497,16.671,4,0,172307737.0
startup,20624934,18.437,4,0,172496313.0
startup,20639834,14.9,4,0,172501525.0
startup,20656497,16.663,4,0,172512813.0
startup,20675087,18.59,4,0,172512809.0
startup,20689821,14.734,4,0,172766597.0
startup,20706485,16.664,4,0,172773037.0
startup,20724659,18.174,4,0,172778777.0
startup,20739818,15.159,4,0,173137413.0
startup,20756486,16.668,4,0,173049769.0
startup,20774531,18.045,4,0,173051757.0
startup,20789823,15.292,4,0,173055237.0
startup,20806488,16.665,4,0,173508505.0
startup,20824388,17.9,4,0,173241641.0
startup,20839821,15.433,4,0,173241649.0
startup,20856483,16.662,4,0,173440007.0
startup,20874260,17.777,4,0,173443917.0
startup,20889820,15.56,4,0,173470817.0
startup,20906485,16.665,4,0,173470821.0
startup,20924129,17.644,4,0,173684797.0
startup,20939812,15.683,4,0,173691757.0
startup,20956656,16.844,4,0,173752249.0
startup,20974027,17.371,4,0,174199725.0
startup,20989809,15.782,4,0,173957529.0
startup,21006513,16.704,4,0,173964489.0
startup,21023865,17.352,4,0,174055269.0
startup,21039806,15.941,4,0,174221649.0
startup,21056471,16.665,3,0,174229089.0
startup,21073734,17.263,4,0,174421917.0
startup,21089810,16.076,4,0,174681333.0
startup,21106475,16.665,4,0,174774157.0
startup,21123594,17.119,4,0,174900757.0
startup,21139803,16.209,4,0,175219781.0
startup,21156475,16.672,4,0,175314853.0
startup,21173466,16.991,4,0,175212659.0
startup,21189802,16.336,4,0,175365411.0
startup,21206467,16.665,4,0,175372371.0
startup,21223329,16.862,4,0,175372371.0
startup,21239821,16.492,4,0,175526211.0
startup,21256462,16.641,4,0,175533171.0
startup,21273233,16.771,4,0,175533171.0
startup,21289794,16.561,4,0,175690249.0
startup,21306465,16.671,4,0,175691899.0
startup,21323135,16.67,4,0,175691895.0
startup,21339856,16.721,4,0,175843203.0
startup,21356461,16.605,4,0,175847839.0
startup,21373128,16.667,4,0,175850099.0
startup,21389800,16.672,4,0,176001391.0
startup,21406472,16.672,4,0,176007831.0
startup,21423129,16.657,4,0,176010091.0
startup,21439788,16.659,4,0,176151479.0
startup,21456457,16.669,4,0,176158663.0
startup,21473130,16.673,4,0,176160923.0
startup,21489786,16.656,4,0,176320895.0
startup,21506541,16.755,4,0,176327335.0
startup,21523131,16.59,4,0,176329591.0
startup,21539785,16.654,4,0,176488135.0
startup,21556450,16.665,4,0,176494575.0
startup,21573124,16.674,4,0,176496835.0
startup,21589783,16.659,4,0,176649771.0
startup,21606446,16.663,4,0,176650263.0
startup,21623124,16.678,4,0,176652523.0
startup,21639780,16.656,4,0,176811423.0
startup,21656448,16.668,4,0,176818991.0
startup,21673123,16.675,4,0,176821251.0
startup,21689781,16.658,4,0,176971127.0
startup,21706445,16.664,4,0,176977567.0
startup,21723117,16.672,4,0,176979827.0
startup,21739779,16.662,4,0,177131039.0
startup,21756445,16.666,4,0,177137479.0
startup,21773116,16.671,4,0,177139739.0
startup,21791770,18.654,4,0,177299035.0
startup,21806451,14.681,4,0,177301199.0
startup,21823116,16.665,4,0,177303459.0
startup,21841671,18.555,4,0,177661883.0
startup,21856438,14.767,4,0,177668843.0
startup,21873111,16.673,1,0,177670631.0
startup,21898092,24.981,2,0,178161817.0
startup,21906440,8.348,5,0,178253617.0
startup,21923115,16.675,5,0,178459461.0
startup,21941636,18.521,5,0,178941325.0
startup,21956440,14.804,5,0,178972433.0
startup,21973105,16.665,5,0,178825053.0
startup,21991524,18.419,5,0,179107161.0
startup,22006446,14.922,5,0,178971085.0
startup,22023103,16.657,5,0,178978045.0
startup,22041652,18.549,5,0,178978045.0
startup,22056439,14.787,5,0,179135237.0
startup,22073108,16.669,5,0,179139937.0
startup,22091594,18.486,5,0,179377061.0
startup,22106430,14.836,5,0,179396109.0
startup,22123106,16.676,5,0,179400809.0
startup,22141595,18.489,5,0,179520621.0
startup,22156426,14.831,5,0,179695649.0
startup,22173093,16.667,5,0,179702089.0
startup,22191626,18.533,5,0,179704349.0
startup,22206425,14.799,5,0,179860881.0
startup,22223092,16.667,5,0,179870095.0
startup,22241621,18.529,5,0,179867045.0
startup,22256423,14.802,5,0,180016173.0
startup,22273088,16.665,5,0,180023913.0
startup,22291619,18.531,5,0,180025097.0
startup,22306425,14.806,5,0,180293065.0
startup,22323087,16.662,5,0,180300025.0
startup,22341657,18.57,5,0,180403521.0
startup,22356428,14.771,5,0,180403525.0
startup,22373094,16.666,5,0,180575765.0
startup,22391624,18.53,5,0,180582721.0
startup,22406423,14.799,5,0,180582725.0
startup,22423090,16.667,5,0,180734573.0
startup,22441665,18.575,5,0,180743205.0
startup,22456425,14.76,5,0,180743201.0
startup,22473086,16.661,5,0,180893609.0
startup,22491635,18.549,5,0,180913969.0
startup,22506422,14.787,5,0,180967533.0
startup,22523089,16.667,5,0,181172813.0
startup,22541645,18.556,5,0,181180993.0
startup,22556418,14.773,5,0,181192213.0
startup,22573078,16.66,5,0,181384545.0
startup,22591653,18.575,5,0,181393085.0
startup,22606419,14.766,5,0,181394989.0
startup,22624368,17.949,5,0,181548005.0
startup,22641682,17.314,5,0,181554965.0
startup,22656420,14.738,5,0,181558445.0
startup,22673081,16.661,5,0,181708961.0
startup,22691700,18.619,5,0,181717661.0
startup,22706415,14.715,4,0,181723401.0
startup,22723079,16.664,4,0,181820693.0
startup,22741839,18.76,4,0,182285773.0
startup,22756401,14.562,2,0,182478193.0
startup,22783340,26.939,5,0,182828617.0
startup,22791973,8.633,5,0,182988733.0
startup,22806405,14.432,5,0,182931889.0
startup,22823075,16.67,4,0,182935573.0
startup,22839753,16.678,4,0,183211493.0
startup,22856407,16.654,4,0,183218573.0
startup,22873082,16.675,4,0,183222149.0
startup,22889769,16.687,4,0,183402449.0
startup,22906398,16.629,4,0,183415913.0
startup,22923074,16.676,4,0,183414773.0
startup,22939739,16.665,4,0,183587937.0
startup,22956397,16.658,4,0,183601473.0
startup,22973070,16.673,4,0,183600333.0
startup,22989729,16.659,4,0,183771073.0
startup,23006393,16.664,4,0,183773749.0
startup,23023068,16.675,2,0,183779229.0
startup,23048260,25.192,5,0,184202111.0
startup,23056390,8.13,5,0,184185475.0
startup,23073062,16.672,4,0,184189159.0
startup,23089726,16.664,4,0,184392923.0
startup,23106390,16.664,4,0,184400003.0
startup,23123063,16.673,4,0,184403579.0
startup,23139725,16.662,4,0,184568323.0
startup,23156391,16.666,4,0,184572183.0
startup,23173188,16.797,4,0,184574443.0
startup,23189732,16.544,4,0,184841107.0
startup,23206389,16.657,4,0,184849679.0
startup,23223058,16.669,4,0,184851547.0
startup,23239723,16.665,4,0,185013263.0
startup,23256384,16.661,2,0,185019915.0
startup,23284141,27.757,5,0,185427239.0
startup,23293427,9.286,5,0,185410191.0
startup,23306388,12.961,5,0,185415487.0
startup,23323059,16.671,4,0,185420927.0
startup,23339718,16.659,4,0,185448163.0
startup,23356382,16.664,4,0,185738565.0
startup,23373050,16.668,2,0,185746513.0
startup,23397012,23.962,3,0,186065667.0
startup,23406384,9.372,4,0,186232463.0
startup,23423056,16.672,4,0,186239671.0
startup,23439730,16.674,3,0,186243359.0
startup,23456383,16.653,3,0,186481867.0
startup,23473045,16.662,4,0,186676879.0
startup,23489710,16.665,1,0,186680283.0
startup,23517715,28.005,5,0,186903249.0
startup,23525210,7.495,6,0,187064173.0
startup,23539710,14.5,6,0,187070681.0
startup,23556380,16.67,6,0,187074781.0
startup,23573053,16.673,6,0,187164557.0
startup,23589705,16.652,6,0,187341029.0
startup,23606377,16.672,6,0,187341973.0
startup,23623047,16.67,6,0,187458717.0
startup,23639711,16.664,6,0,187591321.0
startup,23656374,16.663,6,0,187596437.0
startup,23673047,16.673,6,0,187707761.0
startup,23689703,16.656,6,0,187873347.0
startup,23706365,16.662,5,0,187877669.0
startup,23723048,16.683,5,0,187987977.0
startup,23739707,16.659,5,0,188143105.0
startup,23756376,16.669,5,0,188309449.0
startup,23773035,16.659,4,0,188405537.0
startup,23789706,16.671,4,0,188393149.0
startup,23806362,16.656,4,0,188625189.0
startup,23823035,16.673,3,0,188630889.0
startup,23839705,16.67,4,0,188888377.0
startup,23856361,16.656,4,0,188895485.0
startup,23873035,16.674,3,0,188901185.0
startup,23889699,16.664,3,0,189087569.0
startup,23906362,16.663,4,0,189215513.0
startup,23923039,16.677,4,0,189220285.0
startup,23941774,18.735,4,0,189222641.0
startup,23956356,14.582,4,0,189508221.0
startup,23973028,16.672,4,0,189512601.0
startup,23991736,18.708,4,0,189516081.0
startup,24006726,14.99,4,0,189672893.0
startup,24023025,16.299,4,0,189679037.0
startup,24041743,18.718,4,0,189682073.0
startup,24056354,14.611,4,0,189844461.0
startup,24073023,16.669,1,0,189853353.0
startup,24101774,28.751,2,0,190411167.0
startup,24109351,7.577,5,0,190488075.0
startup,24123016,13.665,5,0,190493371.0
startup,24139691,16.675,4,0,190497035.0
startup,24156354,16.663,4,0,190737407.0
startup,24173017,16.663,2,0,190745615.0
startup,24197646,24.629,3,0,190845019.0
startup,24206352,8.706,4,0,190986043.0
startup,24223021,16.669,4,0,190993127.0
startup,24239679,16.658,4,0,191088019.0
startup,24256452,16.773,4,0,191088019.0
startup,24273108,16.656,4,0,191256071.0
startup,24289677,16.569,4,0,191265235.0
startup,24306348,16.671,4,0,191264771.0
startup,24323015,16.667,4,0,191411111.0
startup,24339687,16.672,4,0,191509387.0
startup,24356348,16.661,4,0,191514607.0
startup,24373013,16.665,4,0,191518087.0
startup,24389674,16.661,4,0,191674411.0
startup,24406340,16.666,4,0,191688145.0
startup,24423009,16.669,4,0,191683111.0
startup,24439673,16.664,4,0,191854587.0
startup,24456377,16.704,4,0,191861027.0
startup,24473016,16.639,4,0,191954187.0
startup,24489676,16.66,4,0,191954183.0
startup,24506340,16.664,4,0,192139827.0
startup,24523000,16.66,4,0,192146783.0
startup,24539671,16.671,4,0,192146787.0
startup,24556360,16.689,4,0,192340527.0
startup,24573011,16.651,4,0,192370511.0
startup,24589673,16.662,4,0,192375731.0
startup,24606336,16.663,4,0,192459479.0
startup,24623006,16.67,4,0,192610491.0
startup,24639668,16.662,4,0,192618199.0
startup,24656335,16.667,4,0,192618199.0
startup,24672997,16.662,4,0,192809419.0
startup,24689665,16.668,4,0,192816215.0
startup,24706333,16.668,4,0,192818119.0
startup,24723001,16.668,4,0,192940323.0
startup,24741714,18.713,4,0,193112091.0
startup,24756335,14.621,4,0,193117311.0
startup,24772996,16.661,4,0,193218099.0
startup,24791710,18.714,4,0,193383907.0
startup,24806324,14.614,4,0,193386715.0
startup,24822994,16.67,4,0,193390711.0
startup,24840621,17.627,4,0,193390715.0
startup,24856322,15.701,4,0,193617355.0
startup,24872993,16.671,4,0,193622575.0
startup,24891588,18.595,4,0,193916419.0
startup,24906321,14.733,4,0,193782191.0
startup,24922987,16.666,4,0,193789151.0
startup,24940215,17.228,4,0,193789151.0
startup,24956323,16.108,4,0,193936899.0
startup,24972992,16.669,4,0,193943339.0
startup,24989658,16.666,4,0,193945599.0
startup,25006317,16.659,4,0,194144703.0
startup,25022986,16.669,4,0,194152211.0
startup,25039653,16.667,4,0,194155143.0
startup,25056324,16.671,4,0,194274915.0
startup,25072979,16.655,4,0,194425155.0
startup,25089661,16.682,3,0,194425407.0
startup,25106744,17.083,4,0,194646999.0
startup,25122984,16.24,4,0,195046327.0
startup,25139642,16.658,1,0,195245719.0
startup,25162683,23.041,2,0,195573699.0
startup,25172985,10.302,5,0,195693279.0
startup,25189640,16.655,5,0,195795927.0
startup,25206317,16.677,4,0,195801887.0
startup,25222983,16.666,4,0,196011671.0
startup,25239648,16.665,4,0,196155491.0
startup,25256309,16.661,2,0,196160891.0
startup,25277387,21.078,5,0,196410823.0
startup,25289639,12.252,5,0,196414019.0
startup,25306305,16.666,5,0,196421147.0
startup,25322977,16.672,5,0,196421147.0
startup,25339644,16.667,5,0,196586139.0
startup,25356307,16.663,5,0,196594987.0
startup,25372980,16.673,5,0,196593099.0
startup,25389636,16.656,5,0,196755507.0
startup,25406368,16.732,5,0,196762467.0
startup,25422971,16.603,5,0,197060227.0
startup,25439631,16.66,5,0,196924741.0
startup,25456304,16.673,4,0,196925171.0
startup,25472970,16.666,4,0,197312699.0
startup,25489627,16.657,4,0,197305571.0
startup,25506314,16.687,2,0,197344671.0
startup,25525948,19.634,3,0,197385917.0
startup,25539633,13.685,4,0,197386897.0
startup,25556298,16.665,4,0,197644973.0
startup,25572969,16.671,4,0,197656797.0
startup,25589622,16.653,4,0,197864737.0
startup,25606294,16.672,4,0,197871969.0
startup,25622957,16.663,4,0,197896141.0
startup,25639661,16.704,4,0,197899621.0
startup,25656295,16.634,4,0,198087803.0
startup,25672960,16.665,4,0,198089453.0
startup,25689633,16.673,4,0,198091409.0
startup,25706292,16.659,4,0,198285773.0
startup,25722951,16.659,4,0,198372477.0
startup,25739628,16.677,4,0,198378217.0
startup,25756290,16.662,4,0,198500341.0
startup,25772952,16.662,3,0,198620437.0
startup,25789625,16.673,3,0,198952029.0
startup,25806287,16.662,4,0,199212153.0
startup,25822951,16.664,4,0,199318939.0
startup,25839624,16.673,1,0,199319669.0
startup,25861023,21.399,2,0,199781807.0
startup,25872965,11.942,5,0,199786231.0
startup,25889618,16.653,5,0,199793359.0
startup,25906288,16.67,5,0,199810175.0
startup,25922952,16.664,5,0,200033919.0
startup,25939650,16.698,5,0,200040879.0
startup,25956284,16.634,5,0,200040879.0
startup,25972946,16.662,5,0,200274751.0
startup,25989615,16.669,5,0,200286691.0
startup,26006284,16.669,5,0,200281711.0
startup,26023018,16.734,5,0,200648799.0
startup,26039618,16.6,5,0,200656087.0
startup,26056280,16.662,4,0,200676639.0
startup,26072944,16.664,4,0,201092159.0
startup,26089607,16.663,4,0,201124683.0
startup,26106279,16.672,2,0,201128903.0
startup,26128472,22.193,3,0,201467309.0
startup,26139606,11.134,4,0,201466115.0
startup,26156270,16.664,3,0,201473295.0
startup,26172946,16.676,4,0,201501511.0
startup,26189604,16.658,4,0,201789279.0
startup,26206273,16.669,4,0,201795791.0
startup,26222962,16.689,4,0,201803211.0
startup,26239598,16.636,4,0,202015375.0
startup,26256262,16.664,4,0,202087951.0
startup,26272938,16.676,4,0,202123071.0
startup,26289605,16.667,4,0,202123071.0
startup,26306268,16.663,4,0,202344447.0
startup,26322936,16.668,4,0,202347663.0
startup,26339603,16.667,4,0,202351663.0
startup,26356267,16.664,4,0,202477067.0
startup,26372931,16.664,4,0,202657247.0
startup,26389594,16.663,1,0,202665219.0
startup,26414025,24.431,5,0,203003307.0
startup,26422923,8.898,6,0,203021615.0
startup,26439598,16.675,6,0,203246043.0
startup,26456259,16.661,5,0,203253199.0
startup,26472937,16.678,5,0,203434543.0
startup,26489631,16.694,5,0,203579807.0
startup,26506261,16.63,4,0,203585503.0
startup,26522934,16.673,4,0,203900083.0
startup,26539588,16.654,4,0,203918537.0
startup,26556260,16.672,3,0,203918927.0
startup,26572922,16.662,4,0,204096227.0
startup,26589591,16.669,4,0,204103331.0
startup,26606258,16.667,4,0,204108647.0
startup,26622924,16.666,4,0,204299771.0
startup,26639587,16.663,4,0,204320475.0
startup,26656253,16.666,4,0,204325695.0
startup,26672922,16.669,4,0,204517867.0
startup,26689581,16.659,4,0,204587635.0
startup,26706254,16.673,4,0,204592855.0
startup,26722929,16.675,4,0,204760627.0
startup,26739575,16.646,4,0,204907311.0
startup,26756248,16.673,3,0,204916431.0
startup,26772933,16.685,4,0,205285247.0
startup,26789583,16.65,4,0,205430591.0
startup,26806239,16.656,3,0,205437807.0
startup,26822917,16.678,1,0,205475655.0
startup,26844913,21.996,5,0,205942473.0
startup,26856241,11.328,6,0,205948861.0
startup,26872911,16.67,5,0,205956073.0
startup,26889576,16.665,5,0,206065517.0
startup,26906243,16.667,5,0,206065517.0
startup,26922902,16.659,5,0,206230089.0
startup,26939571,16.669,5,0,206234469.0
startup,26956244,16.673,5,0,206234469.0
startup,26972904,16.66,5,0,206386461.0
startup,26989571,16.667,5,0,206390417.0
startup,27006243,16.672,5,0,206387693.0
startup,27022906,16.663,5,0,206540361.0
startup,27039571,16.665,5,0,206548177.0
startup,27056244,16.673,5,0,206616741.0
startup,27072903,16.659,5,0,206791221.0
startup,27089573,16.67,5,0,206794697.0
startup,27106238,16.665,5,0,206794701.0
startup,27122903,16.665,5,0,206794701.0
startup,27139560,16.657,5,0,206875513.0
startup,27156243,16.683,5,0,206877253.0
startup,27172891,16.648,5,0,207035193.0
startup,27189564,16.673,5,0,207037061.0
startup,27206234,16.67,5,0,207037057.0
startup,27222904,16.67,5,0,207037057.0
startup,27239566,16.662,5,0,207134209.0
startup,27256234,16.668,5,0,207145541.0
startup,27272889,16.655,5,0,207282529.0
startup,27289556,16.667,5,0,207289489.0
startup,27306229,16.673,5,0,207294709.0
startup,27322913,16.684,5,0,207582553.0
startup,27339565,16.652,5,0,207445289.0
startup,27356221,16.656,5,0,207581117.0
startup,27372901,16.68,5,0,207516441.0
startup,27389548,16.647,5,0,207678529.0
startup,27406220,16.672,5,0,207680789.0
startup,27422891,16.671,5,0,207680789.0
startup,27439557,16.666,5,0,207680789.0
startup,27456221,16.664,5,0,207680789.0
startup,27472890,16.669,5,0,207680789.0
startup,27489557,16.667,5,0,207680789.0
startup,27506237,16.68,5,0,207680785.0
startup,27522886,16.649,5,0,207680789.0
startup,27539550,16.664,5,0,207680789.0
startup,27556224,16.674,5,0,207680789.0
startup,27572884,16.66,5,0,207680785.0
startup,27589548,16.664,5,0,207680789.0
startup,27606221,16.673,5,0,207680789.0
startup,27622882,16.661,5,0,207680789.0
startup,27639538,16.656,5,0,208143905.0
startup,27656208,16.67,5,0,208158653.0
startup,27672896,16.688,5,0,208160397.0
startup,27689541,16.645,5,0,208325217.0
startup,27706210,16.669,5,0,208323189.0
startup,27722917,16.707,5,0,208323189.0
startup,27739543,16.626,5,0,208323189.0
startup,27756211,16.668,5,0,208323189.0
startup,27772874,16.663,5,0,208466865.0
startup,27789540,16.666,5,0,208494263.0
startup,27806212,16.672,5,0,208489237.0
startup,27822866,16.654,5,0,208646225.0
startup,27839538,16.672,5,0,208653705.0
startup,27856208,16.67,5,0,208655441.0
startup,27872911,16.703,5,0,208808565.0
startup,27889533,16.622,5,0,208817281.0
startup,27906198,16.665,5,0,208922645.0
startup,27922870,16.672,5,0,209050697.0
startup,27939537,16.667,5,0,209058909.0
startup,27956200,16.663,5,0,209067721.0
startup,27972862,16.662,5,0,209083265.0
startup,27989535,16.673,5,0,209085005.0
startup,28006190,16.655,5,0,209238257.0
startup,28022863,16.673,5,0,209243997.0
startup,28039536,16.673,5,0,209247477.0
startup,28056190,16.654,5,0,209393861.0
startup,28072855,16.665,5,0,209400821.0
startup,28089528,16.673,5,0,209430029.0
startup,28106193,16.665,5,0,209595769.0
startup,28122863,16.67,5,0,209607001.0
startup,28139523,16.66,5,0,209606477.0
startup,28156201,16.678,5,0,209797845.0
startup,28172859,16.658,4,0,209855369.0
startup,28189529,16.67,4,0,209997197.0
startup,28206183,16.654,4,0,210571897.0
startup,28222861,16.678,4,0,210663881.0
startup,28239525,16.664,4,0,210795549.0
startup,28256179,16.654,4,0,211164029.0
startup,28272889,16.71,4,0,211090389.0
startup,28289524,16.635,3,0,211089061.0
startup,28306187,16.663,4,0,211323849.0
startup,28322848,16.661,4,0,211330953.0
startup,28339532,16.684,1,0,211337329.0
startup,28362084,22.552,2,0,211757547.0
startup,28372852,10.768,5,0,211765959.0
startup,28389538,16.686,4,0,211773187.0
startup,28406188,16.65,4,0,211801587.0
startup,28422843,16.655,4,0,212019343.0
startup,28439542,16.699,4,0,212026471.0
startup,28456180,16.638,4,0,212186955.0
startup,28472845,16.665,4,0,212304091.0
startup,28489513,16.668,4,0,212310675.0
startup,28506188,16.675,4,0,212403131.0
startup,28522848,16.66,4,0,212547427.0
startup,28539507,16.659,4,0,212554391.0
startup,28556180,16.673,4,0,212571387.0
startup,28572843,16.663,4,0,212728775.0
startup,28589509,16.666,4,0,212736071.0
startup,28606179,16.67,4,0,212739547.0
startup,28622846,16.667,4,0,212859963.0
startup,28639500,16.654,4,0,213042075.0
startup,28656172,16.672,4,0,213047295.0
startup,28672838,16.666,4,0,213093403.0
startup,28689502,16.664,4,0,213333127.0
startup,28706162,16.66,4,0,213340083.0
startup,28722876,16.714,4,0,213426035.0
startup,28739499,16.623,4,0,213573891.0
startup,28756160,16.661,4,0,213578131.0
startup,28772865,16.705,4,0,213671515.0
startup,28789489,16.624,4,0,213801055.0
startup,28806162,16.673,4,0,213808759.0
startup,28822868,16.706,4,0,213812239.0
startup,28839507,16.639,4,0,213926147.0
startup,28856167,16.66,4,0,214085243.0
startup,28872833,16.666,4,0,214092207.0
startup,28889498,16.665,4,0,214092207.0
startup,28906162,16.664,4,0,214344987.0
startup,28922825,16.663,4,0,214349283.0
startup,28939499,16.674,4,0,214351151.0
startup,28956155,16.656,4,0,214502743.0
startup,28972821,16.666,4,0,214509703.0
startup,28989506,16.685,4,0,214513183.0
startup,29006151,16.645,4,0,214670251.0
startup,29022815,16.664,4,0,214673719.0
startup,29039509,16.694,4,0,214677199.0
startup,29056154,16.645,4,0,214831739.0
startup,29072819,16.665,4,0,214838699.0
startup,29089490,16.671,4,0,214843919.0
startup,29106150,16.66,4,0,214998023.0
startup,29122820,16.67,4,0,215004983.0
startup,29139484,16.664,4,0,215010207.0
startup,29156147,16.663,4,0,215152435.0
startup,29172814,16.667,4,0,215159395.0
startup,29189488,16.674,4,0,215164615.0
startup,29206141,16.653,4,0,215309119.0
startup,29222809,16.668,4,0,215310131.0
startup,29239486,16.677,2,0,215316199.0
startup,29261949,22.463,3,0,215602523.0
startup,29272869,10.92,4,0,215993939.0
startup,29289481,16.612,4,0,216117927.0
startup,29306143,16.662,4,0,216321615.0
startup,29322812,16.669,4,0,216441415.0
startup,29339482,16.67,4,0,216536179.0
startup,29356140,16.658,4,0,216541187.0
startup,29373060,16.92,4,0,216562211.0
streaming_baseline,29393473,20.413,4,0,216345511.0
streaming_baseline,29406264,12.791,4,0,216449615.0
streaming_baseline,29422931,16.667,4,0,216615391.0
streaming_baseline,29439596,16.665,4,0,216697723.0
streaming_baseline,29456288,16.692,4,0,216704899.0
streaming_baseline,29472984,16.696,4,0,216815495.0
streaming_baseline,29489618,16.634,4,0,216957471.0
streaming_baseline,29506274,16.656,4,0,216967155.0
streaming_baseline,29522995,16.721,4,0,217135707.0
streaming_baseline,29539721,16.726,4,0,217051143.0
streaming_baseline,29556257,16.536,1,0,217213391.0
streaming_baseline,29580606,24.349,2,0,217730059.0
streaming_baseline,29589580,8.974,3,0,217767487.0
streaming_baseline,29606256,16.676,2,0,217773803.0
streaming_baseline,29622941,16.685,2,0,217871623.0
streaming_baseline,29639608,16.667,4,0,218195662.0
streaming_baseline,29656260,16.652,4,0,218414730.0
streaming_baseline,29672937,16.677,1,0,218418778.0
streaming_baseline,29694782,21.845,2,0,218724820.0
streaming_baseline,29706246,11.464,3,0,218732900.0
streaming_baseline,29722932,16.686,3,0,218736476.0
streaming_baseline,29739619,16.687,3,0,218930908.0
streaming_baseline,29756253,16.634,4,0,218960560.0
streaming_baseline,29772943,16.69,4,0,218962460.0
streaming_baseline,29789615,16.672,4,0,219195088.0
streaming_baseline,29806268,16.653,4,0,219209216.0
streaming_baseline,29822949,16.681,4,0,219205528.0
streaming_baseline,29839600,16.651,4,0,219365964.0
streaming_baseline,29856256,16.656,3,0,219376532.0
streaming_baseline,29872931,16.675,4,0,219471116.0
streaming_baseline,29889583,16.652,4,0,219693760.0
streaming_baseline,29906247,16.664,1,0,219702368.0
streaming_baseline,29927185,20.938,2,0,220027122.0
streaming_baseline,29939588,12.403,3,0,220034938.0
streaming_baseline,29956252,16.664,2,0,220042154.0
streaming_baseline,29972952,16.7,2,0,220271626.0
streaming_baseline,29989581,16.629,4,0,220305838.0
streaming_baseline,30006253,16.672,1,0,220312226.0
streaming_baseline,30029405,23.152,2,0,220609728.0
streaming_baseline,30039592,10.187,3,0,220612958.0
streaming_baseline,30056268,16.676,3,0,220620086.0
streaming_baseline,30072920,16.652,3,0,220620590.0
streaming_baseline,30089588,16.668,3,0,220837210.0
streaming_baseline,30106244,16.656,4,0,220844774.0
streaming_baseline,30122911,16.667,4,0,220847034.0
streaming_baseline,30139586,16.675,4,0,220993350.0
streaming_baseline,30156279,16.693,4,0,221091282.0
streaming_baseline,30172919,16.64,4,0,221095918.0
streaming_baseline,30189590,16.671,4,0,221095922.0
streaming_baseline,30206246,16.656,4,0,221095922.0
streaming_baseline,30222936,16.69,4,0,221095918.0
streaming_baseline,30239605,16.669,4,0,221361622.0
streaming_baseline,30256239,16.634,4,0,221459714.0
streaming_baseline,30272926,16.687,4,0,221466674.0
streaming_baseline,30289579,16.653,4,0,221466674.0
streaming_baseline,30306248,16.669,4,0,221618074.0
streaming_baseline,30322906,16.658,4,0,221622774.0
streaming_baseline,30339581,16.675,4,0,221654578.0
streaming_baseline,30356223,16.642,4,0,221821142.0
streaming_baseline,30372928,16.705,4,0,221827582.0
streaming_baseline,30389593,16.665,4,0,221867818.0
streaming_baseline,30406232,16.639,4,0,222049632.0
streaming_baseline,30422889,16.657,4,0,222054618.0
streaming_baseline,30439574,16.685,4,0,222058098.0
streaming_baseline,30456234,16.66,4,0,222218642.0
streaming_baseline,30472952,16.718,4,0,222228342.0
streaming_baseline,30489583,16.631,4,0,222229310.0
streaming_baseline,30506238,16.655,4,0,222348490.0
streaming_baseline,30522904,16.666,4,0,222502258.0
streaming_baseline,30539582,16.678,4,0,222506958.0
streaming_baseline,30556260,16.678,4,0,222698642.0
streaming_baseline,30572894,16.634,4,0,222776014.0
streaming_baseline,30589574,16.68,4,0,222780930.0
streaming_baseline,30606236,16.662,4,0,222869522.0
streaming_baseline,30622890,16.654,4,0,223048872.0
streaming_baseline,30639558,16.668,4,0,223052782.0
streaming_baseline,30656276,16.718,4,0,223055042.0
streaming_baseline,30672891,16.615,4,0,223208554.0
streaming_baseline,30689555,16.664,4,0,223218218.0
streaming_baseline,30706239,16.684,4,0,223217862.0
streaming_baseline,30722881,16.642,4,0,223491526.0
streaming_baseline,30739557,16.676,4,0,223493514.0
streaming_baseline,30756232,16.675,4,0,223494734.0
streaming_baseline,30772899,16.667,4,0,223698610.0
streaming_baseline,30789570,16.671,4,0,223876674.0
streaming_baseline,30806221,16.651,4,0,223883634.0
streaming_baseline,30822886,16.665,4,0,223883634.0
streaming_baseline,30839552,16.666,4,0,224036482.0
streaming_baseline,30856221,16.669,4,0,224043442.0
streaming_baseline,30872901,16.68,4,0,224043438.0
streaming_baseline,30889544,16.643,4,0,224190330.0
streaming_baseline,30906211,16.667,3,0,224197522.0
streaming_baseline,30922966,16.755,4,0,224306486.0
streaming_baseline,30939583,16.617,4,0,224484190.0
streaming_baseline,30956211,16.628,4,0,224864654.0
streaming_baseline,30972884,16.673,4,0,224977874.0
streaming_baseline,30989539,16.655,4,0,225344094.0
streaming_baseline,31006208,16.669,1,0,225327806.0
streaming_baseline,31029072,22.864,2,0,225649040.0
streaming_baseline,31039538,10.466,5,0,225844536.0
streaming_baseline,31057561,18.023,4,0,225858516.0
streaming_baseline,31072882,15.321,4,0,225886588.0
streaming_baseline,31089538,16.656,4,0,226095380.0
streaming_baseline,31107489,17.951,4,0,226096856.0
streaming_baseline,31122870,15.381,4,0,226099212.0
streaming_baseline,31139536,16.666,4,0,226377956.0
streaming_baseline,31156703,17.167,4,0,226381340.0
streaming_baseline,31172873,16.17,4,0,226384816.0
streaming_baseline,31189532,16.659,4,0,226559096.0
streaming_baseline,31206222,16.69,4,0,226566016.0
streaming_baseline,31222876,16.654,4,0,226569500.0
streaming_baseline,31239543,16.667,4,0,226674368.0
streaming_baseline,31256216,16.673,4,0,226837782.0
streaming_baseline,31272907,16.691,2,0,226846238.0
streaming_baseline,31295759,22.852,3,0,226981908.0
streaming_baseline,31306195,10.436,3,0,227355676.0
streaming_baseline,31322861,16.666,3,0,227442160.0
streaming_baseline,31339542,16.681,2,0,227446148.0
streaming_baseline,31356189,16.647,2,0,227512852.0
streaming_baseline,31372867,16.678,2,0,227512852.0
streaming_baseline,31389535,16.668,4,0,227755424.0
streaming_baseline,31406205,16.67,1,0,227793516.0
streaming_baseline,31426718,20.513,2,0,228034082.0
streaming_baseline,31439530,12.812,3,0,228044010.0
streaming_baseline,31456197,16.667,3,0,228045070.0
streaming_baseline,31472878,16.681,3,0,228180002.0
streaming_baseline,31489555,16.677,3,0,228323754.0
streaming_baseline,31506197,16.642,4,0,228360050.0
streaming_baseline,31522849,16.652,4,0,228514570.0
streaming_baseline,31539513,16.664,4,0,228521530.0
streaming_baseline,31556203,16.69,4,0,228525006.0
streaming_baseline,31572853,16.65,4,0,228730094.0
streaming_baseline,31589515,16.662,4,0,228737394.0
streaming_baseline,31606197,16.682,3,0,228741070.0
streaming_baseline,31622850,16.653,4,0,229219550.0
streaming_baseline,31639514,16.664,4,0,229220658.0
streaming_baseline,31656188,16.674,1,0,229227070.0
streaming_baseline,31678532,22.344,2,0,229360318.0
streaming_baseline,31689517,10.985,3,0,229361858.0
streaming_baseline,31706189,16.672,3,0,229692502.0
streaming_baseline,31722867,16.678,3,0,229690974.0
streaming_baseline,31739518,16.651,4,0,230122170.0
streaming_baseline,31756232,16.714,4,0,230129298.0
streaming_baseline,31772857,16.625,4,0,230193186.0
streaming_baseline,31789529,16.672,4,0,230193186.0
streaming_baseline,31806169,16.64,4,0,230419070.0
streaming_baseline,31822833,16.664,4,0,230486278.0
streaming_baseline,31839532,16.699,4,0,230486278.0
streaming_baseline,31856181,16.649,4,0,230696634.0
streaming_baseline,31872840,16.659,4,0,230703594.0
streaming_baseline,31889515,16.675,4,0,230717718.0
streaming_baseline,31906173,16.658,4,0,230932814.0
streaming_baseline,31922846,16.673,3,0,230939102.0
streaming_baseline,31939513,16.667,3,0,231027294.0
streaming_baseline,31956176,16.663,3,0,231403902.0
streaming_baseline,31972831,16.655,4,0,231411394.0
streaming_baseline,31989522,16.691,4,0,231413750.0
streaming_baseline,32006160,16.638,4,0,231572166.0
streaming_baseline,32022834,16.674,4,0,231579126.0
streaming_baseline,32039555,16.721,4,0,231926314.0
streaming_baseline,32056161,16.606,4,0,231745112.0
streaming_baseline,32072846,16.685,4,0,231745022.0
streaming_baseline,32089499,16.653,4,0,231902194.0
streaming_baseline,32106166,16.667,4,0,231909490.0
streaming_baseline,32122846,16.68,1,0,231914554.0
streaming_baseline,32145614,22.768,2,0,232368802.0
streaming_baseline,32156160,10.546,3,0,232356940.0
streaming_baseline,32172831,16.671,2,0,232360310.0
streaming_baseline,32189507,16.676,2,0,232590418.0
streaming_baseline,32206163,16.656,4,0,232606106.0
streaming_baseline,32222885,16.722,1,0,232612326.0
streaming_baseline,32245209,22.324,2,0,233102056.0
streaming_baseline,32256149,10.94,2,0,233106960.0
streaming_baseline,32272860,16.711,2,0,233110540.0
streaming_baseline,32289503,16.643,2,0,233348280.0
streaming_baseline,32306715,17.212,2,0,233425288.0
streaming_baseline,32322835,16.12,4,0,233432536.0
streaming_baseline,32339516,16.681,4,0,233629200.0
streaming_baseline,32356163,16.647,4,0,233772544.0
streaming_baseline,32372832,16.669,4,0,233778984.0
streaming_baseline,32389506,16.674,4,0,233781244.0
streaming_baseline,32406147,16.641,4,0,234086520.0
streaming_baseline,32422818,16.671,4,0,234091092.0
streaming_baseline,32439469,16.651,3,0,234096484.0
streaming_baseline,32456147,16.678,3,0,234423340.0
streaming_baseline,32472815,16.668,3,0,234570968.0
streaming_baseline,32489475,16.66,1,0,234578628.0
streaming_baseline,32510569,21.094,1,0,235093984.0
streaming_baseline,32522816,12.247,1,0,235098860.0
streaming_baseline,32539475,16.659,0,0,235105924.0
streaming_baseline,32556149,16.674,4,0,235590704.0
streaming_baseline,32572804,16.655,4,0,235350602.0
streaming_baseline,32589560,16.756,4,0,235353188.0
streaming_baseline,32606156,16.596,4,0,235422160.0
streaming_baseline,32622820,16.664,4,0,235607176.0
streaming_baseline,32639493,16.673,4,0,235613760.0
streaming_baseline,32656147,16.654,4,0,235616020.0
streaming_baseline,32672825,16.678,4,0,235803304.0
streaming_baseline,32689481,16.656,4,0,235809744.0
streaming_baseline,32706143,16.662,4,0,235845440.0
streaming_baseline,32722804,16.661,4,0,236042692.0
streaming_baseline,32739463,16.659,3,0,236050832.0
streaming_baseline,32756159,16.696,3,0,236179248.0
streaming_baseline,32772802,16.643,3,0,236326456.0
streaming_baseline,32789498,16.696,4,0,236333948.0
streaming_baseline,32806156,16.658,4,0,236336312.0
streaming_baseline,32822834,16.678,4,0,236495676.0
streaming_baseline,32839486,16.652,4,0,236502260.0
streaming_baseline,32856245,16.759,4,0,236504520.0
streaming_baseline,32872815,16.57,4,0,236677374.0
streaming_baseline,32889460,16.645,4,0,236681832.0
streaming_baseline,32906149,16.689,4,0,236681832.0
streaming_baseline,32922803,16.654,4,0,236850960.0
streaming_baseline,32939476,16.673,3,0,236858400.0
streaming_baseline,32956178,16.702,3,0,237044076.0
streaming_baseline,32972817,16.639,3,0,237096420.0
streaming_baseline,32989469,16.652,3,0,237096420.0
streaming_baseline,33006145,16.676,3,0,237096420.0
streaming_baseline,33022862,16.717,4,0,237349488.0
streaming_baseline,33039468,16.606,4,0,237503356.0
streaming_baseline,33056149,16.681,4,0,237618736.0
streaming_baseline,33072811,16.662,4,0,237630956.0
streaming_baseline,33089582,16.771,4,0,237770604.0
streaming_baseline,33106139,16.557,4,0,237887108.0
streaming_baseline,33122822,16.683,4,0,237892328.0
streaming_baseline,33139859,17.037,4,0,237892328.0
streaming_baseline,33156128,16.269,4,0,237892328.0
streaming_baseline,33172788,16.66,4,0,237892324.0
streaming_baseline,33189453,16.665,4,0,238248572.0
streaming_baseline,33206121,16.668,4,0,238298664.0
streaming_baseline,33222791,16.67,4,0,238496910.0
streaming_baseline,33239449,16.658,4,0,238502140.0
streaming_baseline,33256123,16.674,4,0,238549816.0
streaming_baseline,33272783,16.66,4,0,238549812.0
streaming_baseline,33289449,16.666,3,0,238753056.0
streaming_baseline,33306126,16.677,3,0,238857536.0
streaming_baseline,33322795,16.669,3,0,239007708.0
streaming_baseline,33339451,16.656,3,0,239195892.0
streaming_baseline,33356123,16.672,3,0,239196932.0
streaming_baseline,33372782,16.659,4,0,239362316.0
streaming_baseline,33389449,16.667,4,0,239370308.0
streaming_baseline,33406131,16.682,4,0,239375528.0
streaming_baseline,33423045,16.914,4,0,239538228.0
streaming_baseline,33439437,16.392,4,0,239620490.0
streaming_baseline,33456129,16.692,4,0,239618944.0
streaming_baseline,33472797,16.668,4,0,239842924.0
streaming_baseline,33489455,16.658,4,0,239844272.0
streaming_baseline,33506101,16.646,3,0,239851736.0
streaming_baseline,33522790,16.689,3,0,239869296.0
streaming_baseline,33539450,16.66,3,0,240142612.0
streaming_baseline,33556112,16.662,3,0,240130882.0
streaming_baseline,33572787,16.675,3,0,240128152.0
streaming_baseline,33589454,16.667,3,0,240273692.0
streaming_baseline,33606120,16.666,4,0,240281632.0
streaming_baseline,33622783,16.663,4,0,240300036.0
streaming_baseline,33639438,16.655,4,0,240475716.0
streaming_baseline,33656102,16.664,4,0,240482676.0
streaming_baseline,33672783,16.681,4,0,240759260.0
streaming_baseline,33689442,16.659,4,0,240749488.0
streaming_baseline,33706098,16.656,4,0,240755928.0
streaming_baseline,33722789,16.691,4,0,240761668.0
streaming_baseline,33739431,16.642,4,0,240914780.0
streaming_baseline,33756095,16.664,4,0,240915264.0
streaming_baseline,33772772,16.677,4,0,240921508.0
streaming_baseline,33789449,16.677,4,0,241066378.0
streaming_baseline,33806087,16.638,4,0,241070088.0
streaming_baseline,33822775,16.688,4,0,241075828.0
streaming_baseline,33839434,16.659,4,0,241075828.0
streaming_baseline,33856098,16.664,4,0,241234054.0
streaming_baseline,33872762,16.664,4,0,241236732.0
streaming_baseline,33889458,16.696,4,0,241236732.0
streaming_baseline,33906090,16.632,4,0,241393748.0
streaming_baseline,33922765,16.675,4,0,241400708.0
streaming_baseline,33939442,16.677,4,0,241400708.0
streaming_baseline,33956093,16.651,4,0,241563342.0
streaming_baseline,33972960,16.867,4,0,241571224.0
streaming_baseline,33989431,16.471,4,0,241565268.0
streaming_baseline,34006083,16.652,4,0,241707302.0
streaming_baseline,34022760,16.677,4,0,241715804.0
streaming_baseline,34039438,16.678,4,0,241711532.0
streaming_baseline,34056083,16.645,4,0,241855912.0
streaming_baseline,34072756,16.673,4,0,241862872.0
streaming_baseline,34089437,16.681,4,0,241864612.0
streaming_baseline,34106088,16.651,4,0,242004612.0
streaming_baseline,34122767,16.679,4,0,242011536.0
streaming_baseline,34139438,16.671,4,0,242013276.0
streaming_baseline,34156079,16.641,4,0,242155032.0
streaming_baseline,34172757,16.678,4,0,242161992.0
streaming_baseline,34189425,16.668,4,0,242163732.0
streaming_baseline,34206075,16.65,4,0,242304820.0
streaming_baseline,34222741,16.666,4,0,242311784.0
streaming_baseline,34239427,16.686,4,0,242313524.0
streaming_baseline,34256089,16.662,4,0,242457668.0
streaming_baseline,34272731,16.642,4,0,242464628.0
streaming_baseline,34289412,16.681,4,0,242468108.0
streaming_baseline,34306075,16.663,4,0,242607976.0
streaming_baseline,34322758,16.683,3,0,242614560.0
streaming_baseline,34339431,16.673,3,0,242813900.0
streaming_baseline,34356098,16.667,3,0,243037512.0
streaming_baseline,34372731,16.633,3,0,243246232.0
compact_history_control,34410962,38.231,4,0,243456440.0
compact_history_control,34420192,9.23,4,0,243999220.0
compact_history_control,34428938,8.746,4,0,243699940.0
compact_history_control,34444194,15.256,4,0,243706252.0
compact_history_control,34460893,16.699,4,0,243706952.0
compact_history_control,34478685,17.792,4,0,243881414.0
compact_history_control,34494196,15.511,4,0,243883904.0
compact_history_control,34510859,16.663,4,0,243887384.0
compact_history_control,34529077,18.218,4,0,244061756.0
compact_history_control,34544209,15.132,4,0,244076598.0
compact_history_control,34560871,16.662,4,0,244083512.0
compact_history_control,34578901,18.03,4,0,244078520.0
compact_history_control,34594177,15.276,4,0,244312432.0
compact_history_control,34610879,16.702,4,0,244314244.0
compact_history_control,34628574,17.695,4,0,244370564.0
compact_history_control,34644187,15.613,4,0,244370564.0
compact_history_control,34660873,16.686,4,0,244542964.0
compact_history_control,34678973,18.1,4,0,244548176.0
compact_history_control,34694217,15.244,4,0,244614668.0
compact_history_control,34710871,16.654,4,0,244794928.0
compact_history_control,34728991,18.12,4,0,244795408.0
compact_history_control,34744181,15.19,4,0,244859784.0
compact_history_control,34760862,16.681,4,0,244859788.0
compact_history_control,34778865,18.003,4,0,245046236.0
compact_history_control,34794194,15.329,4,0,245053720.0
compact_history_control,34810966,16.772,4,0,245053940.0
compact_history_control,34828723,17.757,4,0,245215304.0
compact_history_control,34844201,15.478,4,0,245225330.0
compact_history_control,34860846,16.645,4,0,245224340.0
compact_history_control,34877514,16.668,4,0,245405312.0
compact_history_control,34894177,16.663,4,0,245469956.0
compact_history_control,34910848,16.671,4,0,245476916.0
compact_history_control,34928995,18.147,4,0,245476916.0
compact_history_control,34944177,15.182,4,0,245702100.0
compact_history_control,34960862,16.685,4,0,245708540.0
compact_history_control,34979296,18.434,4,0,245712540.0
compact_history_control,34994161,14.865,4,0,245878690.0
compact_history_control,35010859,16.698,4,0,245884048.0
compact_history_control,35028980,18.121,4,0,245889268.0
compact_history_control,35044176,15.196,4,0,246021080.0
compact_history_control,35060873,16.697,4,0,246140508.0
compact_history_control,35077504,16.631,4,0,246147452.0
compact_history_control,35094589,17.085,4,0,246178504.0
compact_history_control,35110835,16.246,4,0,246178504.0
compact_history_control,35127957,17.122,4,0,246341040.0
compact_history_control,35144160,16.203,4,0,246374856.0
compact_history_control,35160863,16.703,4,0,246374856.0
compact_history_control,35179616,18.753,4,0,246561696.0
compact_history_control,35194170,14.554,4,0,246566916.0
compact_history_control,35210947,16.777,4,0,246566916.0
compact_history_control,35229258,18.311,4,0,246887152.0
compact_history_control,35244158,14.9,2,0,246895246.0
compact_history_control,35260851,16.693,2,0,246991196.0
compact_history_control,35293785,32.934,1,0,247874186.0
compact_history_control,35302173,8.388,1,2,248124158.0
compact_history_control,35310775,8.602,1,2,248449926.0
compact_history_control,35327440,16.665,1,2,248564886.0
compact_history_control,35344114,16.674,1,2,248642626.0
compact_history_control,35360797,16.683,1,2,248844602.0
compact_history_control,35378879,18.082,5,2,248485030.0
compact_history_control,35394115,15.236,7,2,248492290.0
compact_history_control,35410785,16.67,7,2,248493214.0
compact_history_control,35428151,17.366,7,2,248643362.0
compact_history_control,35444110,15.959,7,2,248650322.0
compact_history_control,35460783,16.673,7,2,248650322.0
compact_history_control,35479075,18.292,7,2,248794690.0
compact_history_control,35494115,15.04,7,2,248801005.0
compact_history_control,35510783,16.668,7,2,248801650.0
compact_history_control,35527432,16.649,7,2,248948790.0
compact_history_control,35544112,16.68,7,2,248955226.0
compact_history_control,35560783,16.671,7,2,248927130.0
compact_history_control,35577576,16.793,7,2,249068942.0
compact_history_control,35594102,16.526,7,2,249075382.0
compact_history_control,35610774,16.672,7,2,249077642.0
compact_history_control,35629066,18.292,7,2,249220798.0
compact_history_control,35644120,15.054,7,2,249227630.0
compact_history_control,35660782,16.662,7,2,249229498.0
compact_history_control,35677432,16.65,7,2,249372598.0
compact_history_control,35694101,16.669,7,2,249381918.0
compact_history_control,35710770,16.669,7,2,249422706.0
compact_history_control,35727431,16.661,7,2,249587766.0
compact_history_control,35744088,16.657,7,2,249596466.0
compact_history_control,35760776,16.688,7,2,249599946.0
compact_history_control,35777424,16.648,7,2,249744662.0
compact_history_control,35794090,16.666,7,2,249757726.0
compact_history_control,35810772,16.682,7,2,249755258.0
compact_history_control,35827423,16.651,7,2,249895790.0
compact_history_control,35844092,16.669,7,2,249902750.0
compact_history_control,35860771,16.679,7,2,249907970.0
compact_history_control,35877426,16.655,7,2,250050974.0
compact_history_control,35894095,16.669,7,2,250059062.0
compact_history_control,35910758,16.663,7,2,250351554.0
compact_history_control,35927433,16.675,7,2,250310066.0
compact_history_control,35944085,16.652,7,2,250318174.0
compact_history_control,35960769,16.684,7,2,250479546.0
compact_history_control,35977423,16.654,7,2,250557010.0
compact_history_control,35994098,16.675,7,2,250561710.0
compact_history_control,36010748,16.65,7,2,250822638.0
compact_history_control,36027416,16.668,7,2,250823654.0
compact_history_control,36044101,16.685,7,2,251191434.0
compact_history_control,36060750,16.649,7,2,251085250.0
compact_history_control,36077418,16.668,7,2,251092210.0
compact_history_control,36094089,16.671,5,2,251099594.0
compact_history_control,36110757,16.668,5,2,251230098.0
compact_history_control,36127411,16.654,5,2,251730722.0
compact_history_control,36144069,16.658,3,2,252013648.0
compact_history_control,36160732,16.663,0,2,252183758.0
compact_history_control,36177413,16.681,0,2,252121038.0
compact_history_control,36194230,16.817,4,2,252044042.0
compact_history_control,36210751,16.521,3,2,252373734.0
compact_history_control,36227413,16.662,0,2,252676862.0
compact_history_control,36244077,16.664,0,2,253114074.0
compact_history_control,36260790,16.713,0,2,253237814.0
compact_history_control,36277409,16.619,3,2,252973962.0
compact_history_control,36294071,16.662,3,2,253328490.0
compact_history_control,36310746,16.675,0,2,253546734.0
compact_history_control,36327407,16.661,0,2,253990886.0
compact_history_control,36344087,16.68,0,2,254188698.0
compact_history_control,36360748,16.661,4,2,253954798.0
compact_history_control,36377411,16.663,4,2,254030270.0
compact_history_control,36394073,16.662,3,2,254331010.0
compact_history_control,36410736,16.663,2,2,254841258.0
compact_history_control,36427409,16.673,2,2,255248258.0
compact_history_control,36444077,16.668,3,2,255145156.0
compact_history_control,36460743,16.666,3,2,255449838.0
compact_history_control,36477400,16.657,3,2,255879898.0
compact_history_control,36494083,16.683,3,2,256390310.0
compact_history_control,36510731,16.648,2,2,256615302.0
compact_history_control,36527421,16.69,1,2,256376382.0
compact_history_control,36544076,16.655,1,2,256821386.0
compact_history_control,36560731,16.655,2,2,257312218.0
compact_history_control,36577399,16.668,2,2,257515798.0
compact_history_control,36594079,16.68,0,2,257797886.0
compact_history_control,36610745,16.666,0,2,257973510.0
compact_history_control,36627410,16.665,4,2,257784870.0
compact_history_control,36644089,16.679,4,2,257876710.0
compact_history_control,36660730,16.641,3,2,258258674.0
compact_history_control,36677387,16.657,2,2,258675672.0
compact_history_control,36694063,16.676,2,2,258995066.0
compact_history_control,36710744,16.681,1,2,259271822.0
compact_history_control,36727402,16.658,1,2,259146598.0
compact_history_control,36744071,16.669,0,2,259620694.0
compact_history_control,36760727,16.656,0,2,260030858.0
compact_history_control,36777387,16.66,4,2,260018378.0
compact_history_control,36794054,16.667,4,2,260239410.0
compact_history_control,36810742,16.688,4,2,260415610.0
compact_history_control,36827386,16.644,3,2,260916178.0
compact_history_control,36844057,16.671,3,2,261156186.0
compact_history_control,36860726,16.669,4,2,261110990.0
compact_history_control,36877389,16.663,3,2,261415674.0
compact_history_control,36894069,16.68,3,2,261504794.0
compact_history_control,36910738,16.669,1,2,261725838.0
compact_history_control,36927395,16.657,5,2,261526158.0
compact_history_control,36944057,16.662,7,2,261759966.0
compact_history_control,36960709,16.652,5,2,261773482.0
compact_history_control,36977400,16.691,5,2,261798034.0
compact_history_control,36994040,16.64,4,2,262017734.0
compact_history_control,37010731,16.691,4,2,261810594.0
compact_history_control,37027508,16.777,5,2,262079586.0
compact_history_control,37044059,16.551,3,2,262089886.0
compact_history_control,37060725,16.666,3,2,262120430.0
compact_history_control,37077373,16.648,2,2,262340058.0
compact_history_control,37096057,18.684,4,2,262127058.0
compact_history_control,37110866,14.809,5,2,262297826.0
compact_history_control,37127380,16.514,5,2,262305834.0
compact_history_control,37145840,18.46,5,2,262305130.0
compact_history_control,37160723,14.883,5,2,262470918.0
compact_history_control,37177385,16.662,5,2,262482298.0
compact_history_control,37195799,18.414,5,2,262481502.0
compact_history_control,37210725,14.926,5,2,262652414.0
compact_history_control,37227378,16.653,5,2,262659374.0
compact_history_control,37245652,18.274,5,2,262662854.0
compact_history_control,37260699,15.047,5,2,262833190.0
compact_history_control,37277371,16.672,5,2,262840486.0
compact_history_control,37295513,18.142,1,2,262847006.0
compact_history_control,37310748,15.235,3,2,263166214.0
compact_history_control,37327373,16.625,2,2,263111794.0
compact_history_control,37345398,18.025,1,2,263372882.0
compact_history_control,37360731,15.333,5,2,263129754.0
compact_history_control,37377373,16.642,6,2,263135734.0
compact_history_control,37394808,17.435,6,2,263140238.0
compact_history_control,37410702,15.894,6,2,263307462.0
compact_history_control,37427370,16.668,6,2,263314566.0
compact_history_control,37445132,17.762,6,2,263318046.0
compact_history_control,37460694,15.562,6,2,263489930.0
compact_history_control,37477362,16.668,6,2,263494226.0
compact_history_control,37494997,17.635,6,2,263496094.0
compact_history_control,37510697,15.7,6,2,263660718.0
compact_history_control,37527357,16.66,4,2,263661822.0
compact_history_control,37544473,17.116,4,2,263850650.0
compact_history_control,37560691,16.218,4,2,263997602.0
compact_history_control,37577381,16.69,3,2,264160650.0
compact_history_control,37594784,17.403,4,2,263996930.0
compact_history_control,37610693,15.909,5,2,264002838.0
compact_history_control,37627369,16.676,5,2,264007342.0
compact_history_control,37644580,17.211,5,2,264180822.0
compact_history_control,37660719,16.139,5,2,264187926.0
compact_history_control,37677360,16.641,5,2,264191406.0
compact_history_control,37694436,17.076,5,2,264364962.0
compact_history_control,37710688,16.252,5,2,264371402.0
compact_history_control,37727362,16.674,5,2,264373662.0
compact_history_control,37744313,16.951,5,2,264886518.0
compact_history_control,37760714,16.401,5,2,264749758.0
compact_history_control,37777358,16.644,3,2,264751102.0
compact_history_control,37794130,16.772,3,2,265009050.0
compact_history_control,37810671,16.541,0,2,265079518.0
compact_history_control,37827357,16.686,0,2,265181290.0
compact_history_control,37844116,16.759,5,2,265087018.0
compact_history_control,37860756,16.64,5,2,265101266.0
compact_history_control,37877354,16.598,5,2,265125422.0
compact_history_control,37894013,16.659,4,2,265345530.0
compact_history_control,37910716,16.703,4,2,265212134.0
compact_history_control,37927359,16.643,5,2,265210962.0
compact_history_control,37944770,17.411,5,2,265500510.0
compact_history_control,37960689,15.919,5,2,265507566.0
compact_history_control,37977355,16.666,5,2,265511046.0
compact_history_control,37994630,17.275,5,2,265710394.0
compact_history_control,38010690,16.06,5,2,265717350.0
compact_history_control,38027361,16.671,5,2,265782522.0
compact_history_control,38044502,17.141,5,2,266000374.0
compact_history_control,38060688,16.186,5,2,266008222.0
compact_history_control,38077348,16.66,5,2,266013958.0
compact_history_control,38094389,17.041,5,2,266111398.0
compact_history_control,38110677,16.288,5,2,266303030.0
compact_history_control,38127357,16.68,3,2,266307144.0
compact_history_control,38144248,16.891,4,2,266411278.0
compact_history_control,38160673,16.425,4,2,266696270.0
compact_history_control,38177339,16.666,3,2,266754650.0
compact_history_control,38194111,16.772,4,2,266600258.0
compact_history_control,38210698,16.587,5,2,266605598.0
compact_history_control,38227340,16.642,5,2,266608882.0
compact_history_control,38243996,16.656,5,2,266789742.0
compact_history_control,38260662,16.666,5,2,266796702.0
compact_history_control,38277335,16.673,5,2,266791722.0
compact_history_control,38293994,16.659,5,2,266970014.0
compact_history_control,38310675,16.681,5,2,266973286.0
compact_history_control,38327341,16.666,5,2,266972474.0
compact_history_control,38343998,16.657,5,2,267141118.0
compact_history_control,38360673,16.675,1,2,267150262.0
compact_history_control,38377336,16.663,3,2,267174558.0
compact_history_control,38393991,16.655,1,2,267532670.0
compact_history_control,38410758,16.767,1,2,267654118.0
compact_history_control,38427507,16.749,5,2,267329166.0
compact_history_control,38443984,16.477,6,2,267666258.0
compact_history_control,38460662,16.678,6,2,267672502.0
compact_history_control,38477337,16.675,6,2,267672502.0
compact_history_control,38493993,16.656,6,2,267716598.0
compact_history_control,38510665,16.672,6,2,267904310.0
compact_history_control,38527331,16.666,6,2,267904310.0
compact_history_control,38543992,16.661,6,2,268132710.0
compact_history_control,38560667,16.675,6,2,268132710.0
compact_history_control,38577330,16.663,6,2,268132710.0
compact_history_control,38593998,16.668,6,2,268176794.0
compact_history_control,38610681,16.683,6,2,268723838.0
compact_history_control,38627321,16.64,6,2,268446226.0
compact_history_control,38643997,16.676,6,2,268449710.0
compact_history_control,38662677,18.68,6,2,268449706.0
compact_history_control,38677354,14.677,6,2,268449710.0
compact_history_control,38693997,16.643,6,2,268449710.0
compact_history_control,38710657,16.66,6,2,268449706.0
compact_history_control,38727330,16.673,6,2,268449710.0
compact_history_control,38743986,16.656,6,2,268449710.0
compact_history_control,38760647,16.661,6,2,268449710.0
compact_history_control,38777319,16.672,6,2,268449710.0
compact_history_control,38793983,16.664,6,2,268449710.0
compact_history_control,38810651,16.668,6,2,268449710.0
compact_history_control,38827315,16.664,6,2,268449710.0
compact_history_control,38843976,16.661,6,2,268449710.0
compact_history_control,38862651,18.675,6,2,268449710.0
compact_history_control,38877325,14.674,6,2,268449710.0
compact_history_control,38893971,16.646,6,2,268915050.0
compact_history_control,38910645,16.674,6,2,269100350.0
compact_history_control,38927302,16.657,6,2,269230326.0
compact_history_control,38943975,16.673,3,2,269235974.0
compact_history_control,38960859,16.884,4,2,269464538.0
compact_history_control,38977292,16.433,3,2,269623538.0
compact_history_control,38993983,16.691,3,2,269879782.0
compact_history_control,39010903,16.92,4,2,269548130.0
compact_history_control,39027300,16.397,5,2,269815854.0
compact_history_control,39043969,16.669,5,2,269823294.0
compact_history_control,39060988,17.019,5,2,269825650.0
compact_history_control,39077296,16.308,5,2,269972318.0
compact_history_control,39093980,16.684,5,2,269974258.0
compact_history_control,39111916,17.936,5,2,269974258.0
compact_history_control,39127298,15.382,5,2,270119074.0
compact_history_control,39143956,16.658,5,2,270126034.0
compact_history_control,39160637,16.681,5,2,270126034.0
compact_history_control,39177297,16.66,5,2,270283530.0
compact_history_control,39193974,16.677,5,2,270285510.0
compact_history_control,39210826,16.852,5,2,270446882.0
compact_history_control,39227298,16.472,5,2,270446882.0
compact_history_control,39243973,16.675,5,2,270714626.0
compact_history_control,39261967,17.994,5,2,270721586.0
compact_history_control,39277296,15.329,5,2,270721586.0
compact_history_control,39293962,16.666,5,2,270873030.0
compact_history_control,39311804,17.842,5,2,270879954.0
compact_history_control,39327306,15.502,5,2,270879954.0
compact_history_control,39343963,16.657,5,2,271025294.0
compact_history_control,39362273,18.31,5,2,271033990.0
compact_history_control,39377302,15.029,5,2,271033994.0
compact_history_control,39393950,16.648,5,2,271181934.0
compact_history_control,39412147,18.197,5,2,271189118.0
compact_history_control,39427360,15.213,5,2,271350490.0
compact_history_control,39443961,16.601,5,2,271350490.0
compact_history_control,39462005,18.044,5,2,271610938.0
compact_history_control,39477290,15.285,5,2,271615638.0
compact_history_control,39493955,16.665,5,2,271617898.0
compact_history_control,39511517,17.562,5,2,271768862.0
compact_history_control,39527526,16.009,5,2,271778502.0
compact_history_control,39543953,16.427,5,2,271777562.0
compact_history_control,39560610,16.657,5,2,271925994.0
compact_history_control,39577283,16.673,5,2,271932954.0
compact_history_control,39593959,16.676,5,2,271936434.0
compact_history_control,39612059,18.1,5,2,272082866.0
compact_history_control,39627280,15.221,5,2,272093498.0
compact_history_control,39643945,16.665,5,2,272418142.0
compact_history_control,39661937,17.992,5,2,272257346.0
compact_history_control,39677277,15.34,5,2,272475470.0
compact_history_control,39693976,16.699,5,2,272482434.0
compact_history_control,39711806,17.83,5,2,272485910.0
compact_history_control,39727272,15.466,5,2,272630010.0
compact_history_control,39743949,16.677,5,2,272636970.0
compact_history_control,39761491,17.542,5,2,272640450.0
compact_history_control,39777279,15.788,5,2,272795610.0
compact_history_control,39794090,16.811,5,2,272802234.0
compact_history_control,39811159,17.069,5,2,272803514.0
compact_history_control,39827280,16.121,5,2,272947182.0
compact_history_control,39843938,16.658,5,2,272958418.0
compact_history_control,39860605,16.667,3,2,273275906.0
compact_history_control,39877290,16.685,3,2,273227238.0
compact_history_control,39893998,16.708,3,2,273447766.0
compact_history_control,39910610,16.612,0,2,273560750.0
compact_history_control,39927264,16.654,0,2,273817206.0
compact_history_control,39943931,16.667,0,2,273939606.0
compact_history_control,39960612,16.681,0,2,273912390.0
compact_history_control,39977274,16.662,5,2,273879482.0
compact_history_control,39993919,16.645,7,2,273753734.0
compact_history_control,40010601,16.682,7,2,273755382.0
compact_history_control,40027273,16.672,7,2,273949634.0
compact_history_control,40043924,16.651,7,2,273906836.0
compact_history_control,40060611,16.687,7,2,273907030.0
compact_history_control,40077276,16.665,7,2,273907030.0
compact_history_control,40093924,16.648,7,2,274052598.0
compact_history_control,40110592,16.668,7,2,274059558.0
compact_history_control,40127268,16.676,7,2,274059558.0
compact_history_control,40143918,16.65,7,2,274205234.0
compact_history_control,40160587,16.669,7,2,274212198.0
compact_history_control,40177274,16.687,7,2,274212198.0
compact_history_control,40193919,16.645,7,2,274354758.0
compact_history_control,40210596,16.677,7,2,274361718.0
compact_history_control,40227256,16.66,7,2,274361714.0
compact_history_control,40243911,16.655,7,2,274512922.0
compact_history_control,40260593,16.682,7,2,274516290.0
compact_history_control,40277258,16.665,7,2,274517158.0
compact_history_control,40293915,16.657,7,2,274667806.0
compact_history_control,40310589,16.674,7,2,274675510.0
compact_history_control,40327268,16.679,7,2,274678990.0
compact_history_control,40343998,16.73,7,2,274817614.0
compact_history_control,40360628,16.63,7,2,274827110.0
compact_history_control,40377260,16.632,7,2,274830146.0
compact_history_control,40393925,16.665,7,2,274829798.0
compact_history_control,40410599,16.674,7,2,274980722.0
compact_history_control,40427248,16.649,7,2,274987162.0
compact_history_control,40443923,16.675,7,2,274989422.0
compact_history_control,40460577,16.654,7,2,275146566.0
compact_history_control,40477241,16.664,7,2,275156246.0
compact_history_control,40493916,16.675,7,2,275157006.0
compact_history_control,40510574,16.658,7,2,275462114.0
compact_history_control,40527245,16.671,7,2,275320070.0
compact_history_control,40543920,16.675,7,2,275320306.0
compact_history_control,40560579,16.659,7,2,275681826.0
compact_history_control,40577242,16.663,7,2,275588410.0
compact_history_control,40593910,16.668,7,2,275591370.0
compact_history_control,40610574,16.664,7,2,275838650.0
compact_history_control,40627253,16.679,7,2,275845610.0
compact_history_control,40643907,16.654,7,2,276153406.0
compact_history_control,40660571,16.664,7,2,276096374.0
compact_history_control,40677242,16.671,7,2,276103334.0
compact_history_control,40693910,16.668,7,2,276265926.0
compact_history_control,40710586,16.676,7,2,276357482.0
compact_history_control,40727232,16.646,5,2,276363674.0
compact_history_control,40743904,16.672,5,2,276724334.0
compact_history_control,40760556,16.652,4,2,276908954.0
compact_history_control,40777237,16.681,4,2,277050850.0
compact_history_control,40793889,16.652,4,2,277433082.0
compact_history_control,40810567,16.678,4,2,277361862.0
compact_history_control,40827240,16.673,4,2,277149750.0
compact_history_control,40843904,16.664,5,2,277148578.0
compact_history_control,40860572,16.668,5,2,277426534.0
compact_history_control,40877231,16.659,5,2,277433494.0
compact_history_control,40893899,16.668,5,2,277433494.0
compact_history_control,40910598,16.699,5,2,277648418.0
compact_history_control,40927238,16.64,5,2,277654854.0
compact_history_control,40943900,16.662,5,2,277682322.0
compact_history_control,40960561,16.661,5,2,277913594.0
compact_history_control,40977229,16.668,5,2,277922532.0
compact_history_control,40993882,16.653,3,2,277925434.0
compact_history_control,41010573,16.691,3,2,278041142.0
compact_history_control,41027220,16.647,3,2,279520402.0
compact_history_control,41043888,16.668,2,2,279768586.0
compact_history_control,41060559,16.671,4,2,279507902.0
compact_history_control,41077214,16.655,5,2,279511086.0
compact_history_control,41093887,16.673,5,2,279529106.0
compact_history_control,41110562,16.675,5,2,279701934.0
compact_history_control,41127222,16.66,5,2,279709034.0
compact_history_control,41143887,16.665,5,2,279802066.0
compact_history_control,41160552,16.665,5,2,279957318.0
compact_history_control,41177266,16.714,5,2,279964278.0
compact_history_control,41193880,16.614,5,2,280067474.0
compact_history_control,41210556,16.676,5,2,280204022.0
compact_history_control,41227216,16.66,5,2,280211314.0
compact_history_control,41243877,16.661,1,2,280376950.0
compact_history_control,41260559,16.682,3,2,280490970.0
compact_history_control,41277215,16.656,2,2,280606414.0
compact_history_control,41293887,16.672,1,2,280767474.0
compact_history_control,41310566,16.679,5,2,280360826.0
expanding_excavation,41362079,51.513,6,2,280771586.0
expanding_excavation,41370261,8.182,6,2,280772510.0
expanding_excavation,41378684,8.423,6,2,280772534.0
expanding_excavation,41395379,16.695,6,2,280772586.0
expanding_excavation,41412022,16.643,6,2,280772586.0
expanding_excavation,41428696,16.674,6,2,280883166.0
expanding_excavation,41445356,16.66,6,2,280882070.0
expanding_excavation,41462016,16.66,6,2,281053178.0
expanding_excavation,41478684,16.668,6,2,281058498.0
expanding_excavation,41495356,16.672,6,2,281058498.0
expanding_excavation,41512019,16.663,6,2,281058498.0
expanding_excavation,41528691,16.672,6,2,281058498.0
expanding_excavation,41545356,16.665,6,2,281058642.0
expanding_excavation,41562028,16.672,6,2,281058642.0
expanding_excavation,41578690,16.662,6,2,281058642.0
expanding_excavation,41595362,16.672,6,2,281058642.0
expanding_excavation,41612024,16.662,6,2,281058642.0
expanding_excavation,41628686,16.662,6,2,281343190.0
expanding_excavation,41645349,16.663,6,2,281375102.0
expanding_excavation,41662020,16.671,6,2,281543442.0
expanding_excavation,41678669,16.649,6,2,281692478.0
expanding_excavation,41695344,16.675,6,2,281690018.0
expanding_excavation,41712027,16.683,6,2,281690018.0
expanding_excavation,41728695,16.668,6,2,281690018.0
expanding_excavation,41745348,16.653,6,2,281690018.0
expanding_excavation,41762018,16.67,6,2,281690014.0
expanding_excavation,41778683,16.665,6,2,281690018.0
expanding_excavation,41795342,16.659,6,2,281690354.0
expanding_excavation,41812009,16.667,6,2,281690354.0
expanding_excavation,41828681,16.672,6,2,281690354.0
expanding_excavation,41845360,16.679,6,2,281690354.0
expanding_excavation,41862016,16.656,6,2,281690354.0
expanding_excavation,41878669,16.653,6,2,281690354.0
expanding_excavation,41895341,16.672,6,2,281690354.0
expanding_excavation,41912007,16.666,6,2,281690354.0
expanding_excavation,41928676,16.669,6,2,281690354.0
expanding_excavation,41945335,16.659,6,2,281690354.0
expanding_excavation,41962007,16.672,6,2,281690354.0
expanding_excavation,41978664,16.657,6,2,281690354.0
expanding_excavation,41995335,16.671,6,2,281690354.0
expanding_excavation,42012000,16.665,6,2,281690354.0
expanding_excavation,42028826,16.826,6,2,281690858.0
expanding_excavation,42045330,16.504,6,2,281690858.0
expanding_excavation,42061997,16.667,6,2,281690858.0
expanding_excavation,42078664,16.667,6,2,281690858.0
expanding_excavation,42095329,16.665,6,2,282253806.0
expanding_excavation,42111997,16.668,6,2,282253806.0
expanding_excavation,42128660,16.663,6,2,282253806.0
expanding_excavation,42145334,16.674,6,2,282253806.0
expanding_excavation,42162003,16.669,6,2,282253806.0
expanding_excavation,42178667,16.664,6,2,282253806.0
expanding_excavation,42195329,16.662,6,2,282253806.0
expanding_excavation,42211992,16.663,6,2,282253806.0
expanding_excavation,42228661,16.669,6,2,282253806.0
expanding_excavation,42245331,16.67,6,2,282253802.0
expanding_excavation,42261994,16.663,6,2,282253806.0
expanding_excavation,42278659,16.665,6,2,282253806.0
expanding_excavation,42295323,16.664,6,2,282253806.0
expanding_excavation,42311990,16.667,6,2,282253806.0
expanding_excavation,42328649,16.659,6,2,282717222.0
expanding_excavation,42345338,16.689,6,2,282718962.0
expanding_excavation,42361988,16.65,6,2,282885622.0
expanding_excavation,42378646,16.658,3,2,283051130.0
expanding_excavation,42395323,16.677,4,2,283221234.0
expanding_excavation,42421093,25.77,3,2,283355914.0
expanding_excavation,42428652,7.559,3,10,283455746.0
expanding_excavation,42445716,17.064,3,10,283992842.0
expanding_excavation,42461993,16.277,4,10,283335938.0
expanding_excavation,42478659,16.666,5,10,283341894.0
expanding_excavation,42495314,16.655,5,10,283342822.0
expanding_excavation,42511970,16.656,5,10,283498502.0
expanding_excavation,42528643,16.673,5,10,283508186.0
expanding_excavation,42545315,16.672,5,10,283505462.0
expanding_excavation,42561973,16.658,5,10,283662970.0
expanding_excavation,42578638,16.665,5,10,283669410.0
expanding_excavation,42595315,16.677,5,10,283671670.0
expanding_excavation,42611972,16.657,5,10,283823586.0
expanding_excavation,42628643,16.671,5,10,283834578.0
expanding_excavation,42645315,16.672,5,10,283832286.0
expanding_excavation,42662027,16.712,5,10,283976522.0
expanding_excavation,42678629,16.602,5,10,283988806.0
expanding_excavation,42695310,16.681,5,10,283992014.0
expanding_excavation,42711960,16.65,5,10,284181978.0
expanding_excavation,42728634,16.674,5,10,284188942.0
expanding_excavation,42745337,16.703,5,10,284295574.0
expanding_excavation,42761974,16.637,5,10,284295574.0
expanding_excavation,42778636,16.662,5,10,284490414.0
expanding_excavation,42795297,16.661,5,10,284497374.0
expanding_excavation,42811972,16.675,5,10,284497374.0
expanding_excavation,42828659,16.687,5,10,284656798.0
expanding_excavation,42845300,16.641,5,10,284662242.0
expanding_excavation,42862010,16.71,5,10,284753794.0
expanding_excavation,42878635,16.625,5,10,284918222.0
expanding_excavation,42895305,16.67,5,10,284926306.0
expanding_excavation,42911968,16.663,5,10,284927530.0
expanding_excavation,42928624,16.656,5,10,285272430.0
expanding_excavation,42945303,16.679,5,10,285274410.0
expanding_excavation,42961967,16.664,5,10,285277370.0
expanding_excavation,42978638,16.671,5,10,285502678.0
expanding_excavation,42995302,16.664,5,10,285579470.0
expanding_excavation,43011961,16.659,5,10,285581634.0
expanding_excavation,43028624,16.663,5,10,285820814.0
expanding_excavation,43045289,16.665,5,10,285921182.0
expanding_excavation,43061956,16.667,5,10,285929270.0
expanding_excavation,43078633,16.677,5,10,286358926.0
expanding_excavation,43095311,16.678,5,10,286207900.0
expanding_excavation,43111950,16.639,5,10,286214026.0
expanding_excavation,43128617,16.667,5,10,286453458.0
expanding_excavation,43145318,16.701,5,10,286484214.0
expanding_excavation,43161963,16.645,5,10,286486378.0
expanding_excavation,43178624,16.661,5,10,286724686.0
expanding_excavation,43195279,16.655,5,10,286776822.0
expanding_excavation,43211975,16.696,5,10,286781522.0
expanding_excavation,43228628,16.653,5,10,287038634.0
expanding_excavation,43245282,16.654,5,10,287050058.0
expanding_excavation,43261964,16.682,3,10,287051214.0
expanding_excavation,43278620,16.656,4,10,287170962.0
expanding_excavation,43295269,16.649,4,10,287399738.0
expanding_excavation,43311951,16.682,1,10,287618494.0
expanding_excavation,43328600,16.649,0,10,287970802.0
expanding_excavation,43345270,16.67,0,10,288279322.0
expanding_excavation,43361948,16.678,0,10,288239206.0
expanding_excavation,43378626,16.678,0,10,288434626.0
expanding_excavation,43395435,16.809,4,10,288230998.0
expanding_excavation,43411962,16.527,4,10,288545022.0
expanding_excavation,43428604,16.642,3,10,288988594.0
expanding_excavation,43445258,16.654,3,10,289374834.0
expanding_excavation,43461942,16.684,2,10,289830782.0
expanding_excavation,43478612,16.67,1,10,289447078.0
expanding_excavation,43495276,16.664,3,10,289929786.0
expanding_excavation,43511935,16.659,2,10,290313118.0
expanding_excavation,43528612,16.677,0,10,290520702.0
expanding_excavation,43545262,16.65,0,10,290844426.0
expanding_excavation,43561937,16.675,0,10,291112806.0
expanding_excavation,43578611,16.674,0,10,291320318.0
expanding_excavation,43595271,16.66,4,10,291448226.0
expanding_excavation,43611933,16.662,4,10,291500882.0
expanding_excavation,43628611,16.678,4,10,291700558.0
expanding_excavation,43645255,16.644,4,10,292055110.0
expanding_excavation,43661933,16.678,3,10,292384126.0
expanding_excavation,43678601,16.668,3,10,292563206.0
expanding_excavation,43695269,16.668,3,10,292895094.0
expanding_excavation,43711924,16.655,4,10,292419654.0
expanding_excavation,43728613,16.689,5,10,292413854.0
expanding_excavation,43745264,16.651,5,10,292557138.0
expanding_excavation,43761940,16.676,5,10,292563722.0
expanding_excavation,43778596,16.656,5,10,292565982.0
expanding_excavation,43795261,16.665,5,10,292715560.0
expanding_excavation,43811920,16.659,5,10,292724776.0
expanding_excavation,43828596,16.676,5,10,292721718.0
expanding_excavation,43845270,16.674,5,10,292873674.0
expanding_excavation,43861931,16.661,5,10,292880970.0
expanding_excavation,43878594,16.663,5,10,292886190.0
expanding_excavation,43895255,16.661,5,10,293023474.0
expanding_excavation,43911913,16.658,5,10,293029626.0
expanding_excavation,43928591,16.678,5,10,293034846.0
expanding_excavation,43945260,16.669,5,10,293034846.0
expanding_excavation,43962111,16.851,5,10,293178118.0
expanding_excavation,43978585,16.474,5,10,293185078.0
expanding_excavation,43995259,16.674,5,10,293185078.0
expanding_excavation,44011923,16.664,5,10,293332580.0
expanding_excavation,44028583,16.66,5,10,293334734.0
expanding_excavation,44045253,16.67,5,10,293336994.0
expanding_excavation,44061916,16.663,5,10,293480042.0
expanding_excavation,44078576,16.66,5,10,293487222.0
expanding_excavation,44095257,16.681,5,10,293489486.0
expanding_excavation,44111901,16.644,5,10,293645790.0
expanding_excavation,44128576,16.675,5,10,293658706.0
expanding_excavation,44145254,16.678,5,10,293656230.0
expanding_excavation,44161914,16.66,5,10,293966488.0
expanding_excavation,44178574,16.66,5,10,293823814.0
expanding_excavation,44195246,16.672,5,10,293825590.0
expanding_excavation,44211915,16.669,5,10,293825590.0
expanding_excavation,44228578,16.663,5,10,293972406.0
expanding_excavation,44245400,16.822,5,10,293979366.0
expanding_excavation,44261913,16.513,5,10,293979366.0
expanding_excavation,44278573,16.66,5,10,294122894.0
expanding_excavation,44295241,16.668,5,10,294126538.0
expanding_excavation,44311907,16.666,5,10,294287910.0
expanding_excavation,44328567,16.66,5,10,294378174.0
expanding_excavation,44345240,16.673,5,10,294378250.0
expanding_excavation,44361918,16.678,5,10,294539622.0
expanding_excavation,44378567,16.649,5,10,294630162.0
expanding_excavation,44395231,16.664,5,10,294636602.0
expanding_excavation,44411910,16.679,5,10,294797974.0
expanding_excavation,44428565,16.655,5,10,294942666.0
expanding_excavation,44445231,16.666,5,10,294949106.0
expanding_excavation,44461918,16.687,5,10,295110478.0
expanding_excavation,44478568,16.65,5,10,295254114.0
expanding_excavation,44495237,16.669,5,10,295258786.0
expanding_excavation,44511900,16.663,3,10,295266134.0
expanding_excavation,44528703,16.803,4,10,295385882.0
expanding_excavation,44545226,16.523,4,10,295595426.0
expanding_excavation,44561891,16.665,1,10,295896578.0
expanding_excavation,44578549,16.658,1,10,296172118.0
expanding_excavation,44595235,16.686,1,10,296268290.0
expanding_excavation,44611900,16.665,1,10,296229938.0
expanding_excavation,44628568,16.668,1,10,296522590.0
expanding_excavation,44645287,16.719,5,10,296201902.0
expanding_excavation,44661893,16.606,7,10,296211046.0
expanding_excavation,44678669,16.776,7,10,296215454.0
expanding_excavation,44695223,16.554,7,10,296404616.0
expanding_excavation,44711881,16.658,7,10,296414802.0
expanding_excavation,44728559,16.678,7,10,296412326.0
expanding_excavation,44745231,16.672,7,10,296504962.0
expanding_excavation,44761891,16.66,7,10,296700634.0
expanding_excavation,44778573,16.682,5,10,296707686.0
expanding_excavation,44795874,17.301,5,10,296816086.0
expanding_excavation,44811885,16.011,5,10,296927962.0
expanding_excavation,44828549,16.664,4,10,297237098.0
expanding_excavation,44845228,16.679,4,10,296832306.0
expanding_excavation,44861877,16.649,5,10,296980742.0
expanding_excavation,44878544,16.667,5,10,296988798.0
expanding_excavation,44895220,16.676,5,10,296992278.0
expanding_excavation,44911888,16.668,5,10,297129218.0
expanding_excavation,44928550,16.662,5,10,297135802.0
expanding_excavation,44945215,16.665,5,10,297141758.0
expanding_excavation,44961875,16.66,5,10,297283396.0
expanding_excavation,44978557,16.682,5,10,297287252.0
expanding_excavation,44995221,16.664,5,10,297290262.0
expanding_excavation,45011880,16.659,5,10,297290262.0
expanding_excavation,45028541,16.661,5,10,297436190.0
expanding_excavation,45045216,16.675,5,10,297443150.0
expanding_excavation,45061884,16.668,5,10,297443150.0
expanding_excavation,45078562,16.678,5,10,297596834.0
expanding_excavation,45095211,16.649,5,10,297604298.0
expanding_excavation,45111879,16.668,5,10,297606038.0
expanding_excavation,45128544,16.665,5,10,297747178.0
expanding_excavation,45145207,16.663,5,10,297754138.0
expanding_excavation,45161891,16.684,5,10,297755878.0
expanding_excavation,45178538,16.647,5,10,297898706.0
expanding_excavation,45195209,16.671,5,10,297905666.0
expanding_excavation,45211881,16.672,5,10,297907406.0
expanding_excavation,45228541,16.66,5,10,298051670.0
expanding_excavation,45245200,16.659,5,10,298059378.0
expanding_excavation,45261880,16.68,5,10,298059374.0
expanding_excavation,45278544,16.664,5,10,298198518.0
expanding_excavation,45295206,16.662,5,10,298323610.0
expanding_excavation,45311867,16.661,5,10,298330570.0
expanding_excavation,45328537,16.67,5,10,298381170.0
expanding_excavation,45345255,16.718,5,10,298544314.0
expanding_excavation,45361877,16.622,5,10,298549534.0
expanding_excavation,45378541,16.664,5,10,298572574.0
expanding_excavation,45395202,16.661,5,10,298572574.0
expanding_excavation,45411854,16.652,5,10,298747810.0
expanding_excavation,45428530,16.676,5,10,298754770.0
expanding_excavation,45445208,16.678,5,10,298757774.0
expanding_excavation,45461861,16.653,5,10,298918550.0
expanding_excavation,45478523,16.662,5,10,298926638.0
expanding_excavation,45495202,16.679,5,10,299002778.0
expanding_excavation,45511869,16.667,5,10,299002778.0
expanding_excavation,45528524,16.655,5,10,299175258.0
expanding_excavation,45545186,16.662,5,10,299212756.0
expanding_excavation,45561863,16.677,5,10,299210026.0
expanding_excavation,45578522,16.659,5,10,299410318.0
expanding_excavation,45595184,16.662,5,10,299421030.0
expanding_excavation,45611866,16.682,5,10,299424674.0
expanding_excavation,45628592,16.726,5,10,299424674.0
expanding_excavation,45645180,16.588,5,10,299635966.0
expanding_excavation,45661862,16.682,5,10,299639512.0
expanding_excavation,45678526,16.664,5,10,299636970.0
expanding_excavation,45695190,16.664,5,10,299906528.0
expanding_excavation,45711844,16.654,3,10,299879062.0
expanding_excavation,45728519,16.675,3,10,300043954.0
expanding_excavation,45745176,16.657,3,10,300316802.0
expanding_excavation,45761848,16.672,2,10,300499122.0
expanding_excavation,45778535,16.687,2,10,300749334.0
expanding_excavation,45795174,16.639,2,10,301162806.0
expanding_excavation,45811828,16.654,2,10,301177050.0
expanding_excavation,45828528,16.7,2,10,301381234.0
expanding_excavation,45845189,16.661,4,10,301017978.0
expanding_excavation,45861847,16.658,5,10,301023910.0
expanding_excavation,45878512,16.665,5,10,301030058.0
expanding_excavation,45895177,16.665,5,10,301030058.0
expanding_excavation,45911841,16.664,5,10,301187946.0
expanding_excavation,45928510,16.669,5,10,301192646.0
expanding_excavation,45945178,16.668,5,10,301256010.0
expanding_excavation,45961829,16.651,5,10,301432558.0
expanding_excavation,45978497,16.668,5,10,301438998.0
expanding_excavation,45995171,16.674,5,10,301600370.0
expanding_excavation,46011839,16.668,5,10,301600370.0
expanding_excavation,46028502,16.663,5,10,301847686.0
expanding_excavation,46045155,16.653,5,10,301860642.0
expanding_excavation,46061842,16.687,5,10,301856386.0
expanding_excavation,46078490,16.648,5,10,302014090.0
expanding_excavation,46095154,16.664,5,10,302019278.0
expanding_excavation,46111848,16.694,5,10,302016850.0
expanding_excavation,46128481,16.633,5,10,302176818.0
expanding_excavation,46145155,16.674,5,10,302183778.0
expanding_excavation,46161822,16.667,5,10,302292498.0
expanding_excavation,46178489,16.667,5,10,302635218.0
expanding_excavation,46195156,16.667,5,10,302475970.0
expanding_excavation,46211829,16.673,5,10,302475454.0
expanding_excavation,46228502,16.673,5,10,302636826.0
expanding_excavation,46245165,16.663,5,10,303146210.0
expanding_excavation,46261825,16.66,5,10,302897686.0
expanding_excavation,46278485,16.66,5,10,302904646.0
expanding_excavation,46295169,16.684,5,10,302904650.0
expanding_excavation,46311818,16.649,5,10,303053014.0
expanding_excavation,46328482,16.664,5,10,303059454.0
expanding_excavation,46345163,16.681,5,10,303061714.0
expanding_excavation,46361812,16.649,5,10,303218786.0
expanding_excavation,46378478,16.666,5,10,303225746.0
expanding_excavation,46395154,16.676,5,10,303236954.0
expanding_excavation,46411812,16.658,5,10,303416626.0
expanding_excavation,46428476,16.664,5,10,303422066.0
expanding_excavation,46445139,16.663,5,10,303584658.0
expanding_excavation,46461838,16.699,5,10,303584658.0
expanding_excavation,46478485,16.647,5,10,303845418.0
expanding_excavation,46495141,16.656,5,10,303852378.0
expanding_excavation,46511818,16.677,5,10,303855858.0
expanding_excavation,46528476,16.658,5,10,304000986.0
expanding_excavation,46545139,16.663,5,10,304007946.0
expanding_excavation,46561819,16.68,5,10,304011422.0
expanding_excavation,46578472,16.653,5,10,304168128.0
expanding_excavation,46595139,16.667,5,10,304173570.0
expanding_excavation,46611815,16.676,5,10,304177050.0
expanding_excavation,46628467,16.652,5,10,304329550.0
expanding_excavation,46645132,16.665,5,10,304340786.0
expanding_excavation,46661808,16.676,1,10,304344602.0
expanding_excavation,46678462,16.654,3,10,304606390.0
expanding_excavation,46695154,16.692,2,10,304751246.0
expanding_excavation,46711807,16.653,1,10,304874554.0
expanding_excavation,46728469,16.662,1,10,305230570.0
expanding_excavation,46745128,16.659,1,10,305337242.0
expanding_excavation,46761805,16.677,1,10,305360866.0
expanding_excavation,46778468,16.663,1,10,305717286.0
expanding_excavation,46795180,16.712,5,10,305208670.0
expanding_excavation,46811808,16.628,6,10,305212790.0
expanding_excavation,46828456,16.648,6,10,305392050.0
expanding_excavation,46845125,16.669,6,10,305399226.0
expanding_excavation,46861806,16.681,6,10,305404446.0
expanding_excavation,46878465,16.659,6,10,305574058.0
expanding_excavation,46895125,16.66,6,10,305581350.0
expanding_excavation,46911798,16.673,3,10,305588922.0
expanding_excavation,46928462,16.664,4,10,305867098.0
expanding_excavation,46945129,16.667,4,10,305907090.0
expanding_excavation,46961793,16.664,3,10,306115342.0
expanding_excavation,46978633,16.84,4,10,305707138.0
expanding_excavation,46995137,16.504,5,10,305904854.0
expanding_excavation,47011788,16.651,5,10,305912910.0
expanding_excavation,47028465,16.677,5,10,305914650.0
expanding_excavation,47045136,16.671,5,10,306183164.0
expanding_excavation,47061784,16.648,5,10,306191646.0
expanding_excavation,47078464,16.68,5,10,306191014.0
expanding_excavation,47095129,16.665,5,10,306392686.0
expanding_excavation,47111790,16.661,5,10,306435198.0
expanding_excavation,47128454,16.664,5,10,306438418.0
expanding_excavation,47145137,16.683,5,10,306475606.0
expanding_excavation,47161801,16.664,5,10,306660996.0
expanding_excavation,47178449,16.648,3,10,306666040.0
expanding_excavation,47195126,16.677,3,10,306833474.0
expanding_excavation,47211772,16.646,3,10,307021454.0
expanding_excavation,47228465,16.693,0,10,307280662.0
expanding_excavation,47245124,16.659,5,10,307090274.0
expanding_excavation,47261783,16.659,7,10,307099418.0
expanding_excavation,47278453,16.67,7,10,307105658.0
expanding_excavation,47295182,16.729,7,10,307469602.0
expanding_excavation,47311776,16.594,7,10,307272566.0
expanding_excavation,47328450,16.674,7,10,307279526.0
expanding_excavation,47345118,16.668,7,10,307279526.0
expanding_excavation,47361780,16.662,7,10,307456550.0
expanding_excavation,47378439,16.659,7,10,307463510.0
expanding_excavation,47395120,16.681,7,10,307463510.0
expanding_excavation,47411773,16.653,7,10,307635358.0
expanding_excavation,47428438,16.665,5,10,307646828.0
expanding_excavation,47445136,16.698,5,10,307762878.0
expanding_excavation,47461765,16.629,5,10,307914606.0
expanding_excavation,47478434,16.669,4,10,308181538.0
expanding_excavation,47495120,16.686,4,10,307865466.0
expanding_excavation,47511772,16.652,5,10,308024722.0
expanding_excavation,47528434,16.662,5,10,308032658.0
expanding_excavation,47545111,16.677,5,10,308029890.0
expanding_excavation,47561780,16.669,5,10,308205022.0
expanding_excavation,47578457,16.677,5,10,308273430.0
expanding_excavation,47595110,16.653,5,10,308278650.0
expanding_excavation,47611764,16.654,5,10,308466362.0
expanding_excavation,47628427,16.663,5,10,308467366.0
expanding_excavation,47645099,16.672,5,10,308472586.0
expanding_excavation,47661779,16.68,5,10,308840208.0
expanding_excavation,47678428,16.649,5,10,308685730.0
expanding_excavation,47695092,16.664,3,10,308699466.0
expanding_excavation,47711777,16.685,3,10,308812582.0
expanding_excavation,47728419,16.642,3,10,308978890.0
expanding_excavation,47745105,16.686,2,10,309284662.0
expanding_excavation,47761762,16.657,4,10,309016938.0
expanding_excavation,47778422,16.66,5,10,309022842.0
expanding_excavation,47795108,16.686,5,10,309027350.0
expanding_excavation,47811785,16.677,5,10,309186974.0
expanding_excavation,47828428,16.643,5,10,309194078.0
expanding_excavation,47845124,16.696,5,10,309197558.0
expanding_excavation,47861759,16.635,5,10,309359186.0
expanding_excavation,47878422,16.663,5,10,309368166.0
expanding_excavation,47895096,16.674,5,10,309367702.0
expanding_excavation,47911752,16.656,5,10,309530930.0
expanding_excavation,47928410,16.658,1,10,309539906.0
expanding_excavation,47945097,16.687,3,10,309726518.0
expanding_excavation,47961753,16.656,2,10,309817766.0
expanding_excavation,47978413,16.66,1,10,310141242.0
expanding_excavation,47995093,16.68,5,10,309753646.0
expanding_excavation,48011745,16.652,6,10,309905726.0
expanding_excavation,48028421,16.676,6,10,309913782.0
expanding_excavation,48045089,16.668,6,10,309917262.0
expanding_excavation,48061747,16.658,6,10,310082858.0
expanding_excavation,48078422,16.675,6,10,310089442.0
expanding_excavation,48095080,16.658,6,10,310241954.0
expanding_excavation,48111750,16.67,6,10,310168890.0
expanding_excavation,48128419,16.669,6,10,310322942.0
expanding_excavation,48145074,16.655,6,10,310328162.0
expanding_excavation,48161743,16.669,6,10,310492894.0
expanding_excavation,48178423,16.68,6,10,310582986.0
expanding_excavation,48195082,16.659,6,10,310589950.0
expanding_excavation,48211753,16.671,6,10,310595790.0
expanding_excavation,48228405,16.652,6,10,310769802.0
expanding_excavation,48245073,16.668,6,10,310776242.0
expanding_excavation,48261748,16.675,6,10,311005054.0
expanding_excavation,48278423,16.675,6,10,310869910.0
expanding_excavation,48295067,16.644,6,10,311054870.0
expanding_excavation,48311745,16.678,6,10,311059430.0
expanding_excavation,48328412,16.667,6,10,311063214.0
expanding_excavation,48345103,16.691,6,10,311231122.0
expanding_excavation,48361752,16.649,6,10,311239878.0
expanding_excavation,48378408,16.656,6,10,311245626.0
expanding_excavation,48395089,16.681,6,10,311243302.0
expanding_excavation,48411734,16.645,6,10,311406814.0
expanding_excavation,48428409,16.675,6,10,311414518.0
expanding_excavation,48445078,16.669,6,10,311416258.0
expanding_excavation,48461748,16.67,6,10,311557170.0
expanding_excavation,48478407,16.659,6,10,311686354.0
expanding_excavation,48495070,16.663,6,10,311693314.0
expanding_excavation,48511749,16.679,6,10,311693314.0
expanding_excavation,48528401,16.652,6,10,311882806.0
expanding_excavation,48545070,16.669,6,10,311890100.0
expanding_excavation,48561729,16.659,6,10,311942012.0
expanding_excavation,48578412,16.683,6,10,311939294.0
expanding_excavation,48595057,16.645,6,10,312119416.0
expanding_excavation,48611720,16.663,6,10,312129598.0
expanding_excavation,48628402,16.682,6,10,312125398.0
expanding_excavation,48645059,16.657,6,10,312293010.0
expanding_excavation,48661726,16.667,6,10,312368630.0
expanding_excavation,48678389,16.663,6,10,312406386.0
expanding_excavation,48695068,16.679,6,10,312406386.0
expanding_excavation,48711722,16.654,6,10,312620642.0
expanding_excavation,48728398,16.676,6,10,312624158.0
expanding_excavation,48745066,16.668,6,10,312625898.0
expanding_excavation,48761717,16.651,6,10,312799810.0
expanding_excavation,48778380,16.663,6,10,312806250.0
expanding_excavation,48795066,16.686,6,10,312868990.0
expanding_excavation,48811736,16.67,6,10,312868986.0
expanding_excavation,48828385,16.649,6,10,313066162.0
expanding_excavation,48845048,16.663,6,10,313073122.0
expanding_excavation,48861715,16.667,6,10,313144706.0
expanding_excavation,48878388,16.673,6,10,313144706.0
expanding_excavation,48895044,16.656,3,10,313332418.0
expanding_excavation,48911727,16.683,4,10,313465358.0
expanding_excavation,48928368,16.641,4,10,313750182.0
expanding_excavation,48945039,16.671,3,10,313914786.0
expanding_excavation,48961741,16.702,3,10,314259382.0
expanding_excavation,48978372,16.631,3,10,314440268.0
expanding_excavation,48995037,16.665,3,10,314390592.0
expanding_excavation,49011715,16.678,3,10,314590234.0
expanding_excavation,49028396,16.681,4,10,314326068.0
expanding_excavation,49045037,16.641,5,10,314329126.0
expanding_excavation,49061722,16.685,5,10,314331794.0
expanding_excavation,49078370,16.648,5,10,314584678.0
expanding_excavation,49095035,16.665,5,10,314586802.0
expanding_excavation,49111709,16.674,5,10,314590902.0
expanding_excavation,49128377,16.668,5,10,314590902.0
expanding_excavation,49145042,16.665,5,10,314780398.0
expanding_excavation,49161702,16.66,3,10,314787778.0
expanding_excavation,49178380,16.678,3,10,314940242.0
expanding_excavation,49195040,16.66,3,10,315010538.0
expanding_excavation,49211705,16.665,0,10,315340110.0
expanding_excavation,49228397,16.692,5,10,314929426.0
expanding_excavation,49245052,16.655,7,10,315072822.0
expanding_excavation,49261702,16.65,7,10,315186138.0
expanding_excavation,49278368,16.666,7,10,315191458.0
expanding_excavation,49295044,16.676,7,10,315242886.0
expanding_excavation,49311700,16.656,7,10,315439416.0
expanding_excavation,49328361,16.661,7,10,315442726.0
expanding_excavation,49345043,16.682,7,10,315449902.0
expanding_excavation,49361710,16.667,7,10,315449930.0
expanding_excavation,49378372,16.662,7,10,315628046.0
expanding_excavation,49395028,16.656,7,10,315693478.0
expanding_excavation,49411708,16.68,7,10,315699214.0
expanding_excavation,49428363,16.655,7,10,315829342.0
expanding_excavation,49445022,16.659,7,10,315940150.0
expanding_excavation,49461693,16.671,7,10,315947110.0
expanding_excavation,49478373,16.68,7,10,315948846.0
expanding_excavation,49495025,16.652,7,10,316139558.0
expanding_excavation,49511687,16.662,7,10,316201650.0
expanding_excavation,49528351,16.664,7,10,316209114.0
expanding_excavation,49545028,16.677,7,10,316286262.0
expanding_excavation,49561684,16.656,7,10,316458882.0
expanding_excavation,49578350,16.666,7,10,316465842.0
expanding_excavation,49595027,16.677,7,10,316471390.0
expanding_excavation,49611703,16.676,7,10,316471390.0
expanding_excavation,49628360,16.657,7,10,316654922.0
expanding_excavation,49645014,16.654,7,10,316662046.0
expanding_excavation,49661694,16.68,7,10,316662042.0
expanding_excavation,49678346,16.652,7,10,316835442.0
expanding_excavation,49695035,16.689,7,10,316836438.0
expanding_excavation,49711691,16.656,7,10,316861230.0
expanding_excavation,49728356,16.665,7,10,316861230.0
expanding_excavation,49745022,16.666,7,10,317058958.0
expanding_excavation,49761679,16.657,7,10,317066438.0
expanding_excavation,49778358,16.679,7,10,317066438.0
expanding_excavation,49795011,16.653,7,10,317278658.0
expanding_excavation,49811678,16.667,7,10,317285582.0
expanding_excavation,49828360,16.682,7,10,317289062.0
expanding_excavation,49845065,16.705,7,10,317428826.0
expanding_excavation,49861678,16.613,7,10,317569274.0
expanding_excavation,49878350,16.672,7,10,317574494.0
expanding_excavation,49895016,16.666,7,10,317654250.0
expanding_excavation,49911676,16.66,7,10,317817540.0
expanding_excavation,49928337,16.661,7,10,317820234.0
expanding_excavation,49945018,16.681,7,10,317821974.0
expanding_excavation,49961677,16.659,7,10,318165710.0
expanding_excavation,49978330,16.653,7,10,318080030.0
expanding_excavation,49995007,16.677,7,10,318125898.0
expanding_excavation,50011686,16.679,7,10,318125898.0
expanding_excavation,50028337,16.651,7,10,318313406.0
expanding_excavation,50045005,16.668,7,10,318327928.0
expanding_excavation,50061680,16.675,7,10,318322626.0
expanding_excavation,50078331,16.651,7,10,318476046.0
expanding_excavation,50094999,16.668,7,10,318485266.0
expanding_excavation,50111677,16.678,7,10,318485266.0
expanding_excavation,50128331,16.654,5,10,318632418.0
expanding_excavation,50145018,16.687,5,10,318817962.0
expanding_excavation,50161651,16.633,5,10,319116274.0
expanding_excavation,50178323,16.672,4,10,319279790.0
expanding_excavation,50194984,16.661,4,10,319548710.0
expanding_excavation,50211667,16.683,4,10,319656554.0
expanding_excavation,50228332,16.665,4,10,319660722.0
expanding_excavation,50245002,16.67,4,10,320092782.0
expanding_excavation,50261678,16.676,4,10,319647414.0
expanding_excavation,50278348,16.67,5,10,319651458.0
expanding_excavation,50294988,16.64,5,10,319809590.0
expanding_excavation,50311662,16.674,5,10,319816770.0
expanding_excavation,50328341,16.679,5,10,319821990.0
expanding_excavation,50344989,16.648,5,10,319993148.0
expanding_excavation,50361659,16.67,5,10,319995414.0
expanding_excavation,50378337,16.678,3,10,319998442.0
expanding_excavation,50395002,16.665,3,10,320255766.0
expanding_excavation,50411667,16.665,3,10,320276226.0
expanding_excavation,50428327,16.66,2,10,320559822.0
expanding_excavation,50445005,16.678,4,10,320157942.0
expanding_excavation,50461665,16.66,5,10,320362274.0
expanding_excavation,50478324,16.659,5,10,320425998.0
expanding_excavation,50495040,16.716,5,10,320429478.0
expanding_excavation,50511671,16.631,5,10,320537602.0
expanding_excavation,50528323,16.652,5,10,320727070.0
expanding_excavation,50544990,16.667,5,10,320740578.0
expanding_excavation,50561659,16.669,5,10,320860258.0
expanding_excavation,50578322,16.663,5,10,321166546.0
expanding_excavation,50595019,16.697,5,10,321021442.0
expanding_excavation,50611726,16.707,5,10,321049678.0
expanding_excavation,50628329,16.603,5,10,321049678.0
expanding_excavation,50644989,16.66,5,10,321306710.0
expanding_excavation,50661647,16.658,1,10,321316546.0
expanding_excavation,50678334,16.687,5,10,321488438.0
expanding_excavation,50695041,16.707,5,10,321557358.0
expanding_excavation,50711660,16.619,4,10,321883926.0
expanding_excavation,50728324,16.664,5,10,321636402.0
expanding_excavation,50744989,16.665,6,10,321839522.0
expanding_excavation,50761642,16.653,6,10,321847582.0
expanding_excavation,50778320,16.678,6,10,321851158.0
expanding_excavation,50794978,16.658,6,10,321994846.0
expanding_excavation,50811641,16.663,6,10,322003654.0
expanding_excavation,50828318,16.677,6,10,322007134.0
expanding_excavation,50844980,16.662,6,10,322157098.0
expanding_excavation,50861644,16.664,6,10,322164274.0
expanding_excavation,50878325,16.681,6,10,322169494.0
expanding_excavation,50894985,16.66,6,10,322566414.0
expanding_excavation,50911629,16.644,6,10,322421158.0
expanding_excavation,50928326,16.697,6,10,322425858.0
expanding_excavation,50944981,16.655,6,10,322587230.0
expanding_excavation,50961633,16.652,6,10,322794490.0
expanding_excavation,50978297,16.664,6,10,322801450.0
expanding_excavation,50994983,16.686,6,10,322806670.0
expanding_excavation,51011632,16.649,6,10,322947138.0
expanding_excavation,51028303,16.671,6,10,322954098.0
expanding_excavation,51044992,16.689,6,10,322959318.0
expanding_excavation,51061641,16.649,6,10,322959318.0
expanding_excavation,51078302,16.661,6,10,323119566.0
expanding_excavation,51094972,16.67,6,10,323126522.0
expanding_excavation,51111639,16.667,6,10,323582578.0
expanding_excavation,51128302,16.663,6,10,323450710.0
expanding_excavation,51144966,16.664,6,10,323459990.0
expanding_excavation,51161632,16.666,6,10,323621006.0
expanding_excavation,51178309,16.677,6,10,323621006.0
expanding_excavation,51194962,16.653,6,10,323843514.0
expanding_excavation,51211628,16.666,6,10,323849954.0
expanding_excavation,51228311,16.683,6,10,323852214.0
expanding_excavation,51245009,16.698,6,10,324001396.0
expanding_excavation,51261636,16.627,6,10,324004086.0
expanding_excavation,51278299,16.663,6,10,324007566.0
expanding_excavation,51294948,16.649,6,10,324156562.0
expanding_excavation,51311620,16.672,6,10,324163522.0
expanding_excavation,51328297,16.677,6,10,324168742.0
expanding_excavation,51344963,16.666,6,10,324168742.0
expanding_excavation,51361620,16.657,6,10,324355742.0
expanding_excavation,51378296,16.676,6,10,324361570.0
expanding_excavation,51394969,16.673,6,10,324522942.0
expanding_excavation,51411628,16.659,6,10,324522942.0
expanding_excavation,51428303,16.675,6,10,324818034.0
expanding_excavation,51444973,16.67,6,10,324828362.0
expanding_excavation,51461630,16.657,6,10,324826734.0
expanding_excavation,51478305,16.675,6,10,324980234.0
expanding_excavation,51494943,16.638,6,10,324986674.0
expanding_excavation,51511625,16.682,6,10,324988934.0
expanding_excavation,51528274,16.649,6,10,325140352.0
expanding_excavation,51544946,16.672,6,10,325141482.0
expanding_excavation,51562129,17.183,6,10,325143742.0
expanding_excavation,51578382,16.253,6,10,325303894.0
expanding_excavation,51594956,16.574,6,10,325310854.0
expanding_excavation,51611622,16.666,4,10,325318238.0
expanding_excavation,51628290,16.668,4,10,325492850.0
expanding_excavation,51644936,16.646,4,10,325712082.0
expanding_excavation,51661599,16.663,3,10,325931778.0
expanding_excavation,51678271,16.672,3,10,326039866.0
expanding_excavation,51694944,16.673,3,10,326413990.0
expanding_excavation,51711608,16.664,3,10,326419382.0
expanding_excavation,51728276,16.668,3,10,326783272.0
expanding_excavation,51744954,16.678,4,10,326479318.0
expanding_excavation,51761612,16.658,5,10,326485374.0
expanding_excavation,51778277,16.665,5,10,326491522.0
expanding_excavation,51794945,16.668,5,10,326664158.0
expanding_excavation,51811604,16.659,5,10,326671334.0
expanding_excavation,51828285,16.681,5,10,326676554.0
expanding_excavation,51844932,16.647,5,10,326842812.0
expanding_excavation,51861596,16.664,5,10,326852412.0
expanding_excavation,51878289,16.693,3,10,326852998.0
expanding_excavation,51894937,16.648,3,10,327114810.0
expanding_excavation,51911599,16.662,3,10,327083330.0
expanding_excavation,51928262,16.663,0,10,327431484.0
expanding_excavation,51944982,16.72,5,10,327062342.0
expanding_excavation,51961615,16.633,7,10,327036586.0
expanding_excavation,51978264,16.649,7,10,327231714.0
expanding_excavation,51994985,16.721,7,10,327238770.0
expanding_excavation,52011601,16.616,7,10,327346726.0
expanding_excavation,52028277,16.676,7,10,327346726.0
expanding_excavation,52044928,16.651,7,10,327504590.0
expanding_excavation,52061595,16.667,7,10,327571138.0
expanding_excavation,52078272,16.677,7,10,327571138.0
expanding_excavation,52094922,16.65,7,10,327756970.0
expanding_excavation,52111598,16.676,7,10,327763934.0
expanding_excavation,52128256,16.658,7,10,327861250.0
expanding_excavation,52144939,16.683,7,10,327861250.0
expanding_excavation,52161583,16.644,7,10,328027282.0
expanding_excavation,52178273,16.69,7,10,328034238.0
expanding_excavation,52194927,16.654,7,10,328100578.0
expanding_excavation,52211595,16.668,7,10,328100578.0
expanding_excavation,52228260,16.665,7,10,328286974.0
expanding_excavation,52244928,16.668,7,10,328292698.0
expanding_excavation,52261589,16.661,7,10,328427230.0
expanding_excavation,52278261,16.672,7,10,328554466.0
expanding_excavation,52294910,16.649,7,10,328560906.0
expanding_excavation,52311599,16.689,7,10,328563166.0
expanding_excavation,52328264,16.665,7,10,328732682.0
expanding_excavation,52344930,16.666,7,10,328805042.0
expanding_excavation,52361611,16.681,7,10,328810834.0
expanding_excavation,52378254,16.643,7,10,328813742.0
expanding_excavation,52394909,16.655,7,10,328983268.0
expanding_excavation,52411585,16.676,7,10,328986749.0
expanding_excavation,52428259,16.674,7,10,328991166.0
expanding_excavation,52444923,16.664,7,10,328994646.0
expanding_excavation,52461583,16.66,7,10,329106766.0
expanding_excavation,52478248,16.665,7,10,329251506.0
expanding_excavation,52494981,16.733,7,10,329258466.0
expanding_excavation,52511584,16.603,7,10,329258466.0
expanding_excavation,52528249,16.665,7,10,329418246.0
expanding_excavation,52544924,16.675,7,10,329524210.0
expanding_excavation,52561595,16.671,7,10,329529430.0
expanding_excavation,52578245,16.65,7,10,329529426.0
expanding_excavation,52594908,16.663,7,10,329763814.0
expanding_excavation,52611579,16.671,7,10,329770774.0
expanding_excavation,52628247,16.668,7,10,329774254.0
expanding_excavation,52644953,16.706,7,10,329923066.0
expanding_excavation,52661578,16.625,7,10,329931154.0
expanding_excavation,52678237,16.659,7,10,329938114.0
expanding_excavation,52694918,16.681,7,10,329941918.0
expanding_excavation,52711562,16.644,7,10,330135570.0
expanding_excavation,52728231,16.669,7,10,330215790.0
expanding_excavation,52744908,16.677,7,10,330221010.0
expanding_excavation,52761578,16.67,7,10,330221006.0
expanding_excavation,52778248,16.67,7,10,330411378.0
expanding_excavation,52794918,16.67,7,10,330483058.0
expanding_excavation,52811567,16.649,7,10,330486542.0
expanding_excavation,52828251,16.684,7,10,330663802.0
expanding_excavation,52844938,16.687,7,10,330722446.0
expanding_excavation,52861558,16.62,7,10,330729402.0
expanding_excavation,52878240,16.682,7,10,330729406.0
expanding_excavation,52894926,16.686,7,10,330879414.0
expanding_excavation,52911561,16.635,5,10,330885166.0
expanding_excavation,52928245,16.684,5,10,330984062.0
expanding_excavation,52944894,16.649,5,10,331203500.0
expanding_excavation,52961555,16.661,4,10,331507508.0
expanding_excavation,52978221,16.666,4,10,331602034.0
expanding_excavation,52994902,16.681,4,10,331871582.0
expanding_excavation,53011547,16.645,4,10,332099070.0
expanding_excavation,53028222,16.675,4,10,332089774.0
expanding_excavation,53044896,16.674,4,10,332293262.0
expanding_excavation,53061559,16.663,4,10,331888614.0
expanding_excavation,53078233,16.674,5,10,331892662.0
expanding_excavation,53094898,16.665,5,10,331893590.0
expanding_excavation,53111566,16.668,5,10,332137550.0
expanding_excavation,53128214,16.648,5,10,332144510.0
expanding_excavation,53144897,16.683,5,10,332233138.0
expanding_excavation,53161549,16.652,5,10,332397370.0
expanding_excavation,53178218,16.669,3,10,332413250.0
expanding_excavation,53194893,16.675,3,10,332597226.0
expanding_excavation,53211540,16.647,3,10,332726048.0
expanding_excavation,53228229,16.689,2,10,333062078.0
expanding_excavation,53244884,16.655,4,10,332834058.0
expanding_excavation,53261549,16.665,5,10,332889026.0
expanding_excavation,53278221,16.672,5,10,332896466.0
expanding_excavation,53294907,16.686,5,10,332998542.0
expanding_excavation,53311556,16.649,5,10,333177702.0
expanding_excavation,53328219,16.663,5,10,333184806.0
expanding_excavation,53344945,16.726,5,10,333239670.0
expanding_excavation,53361556,16.611,5,10,333239670.0
expanding_excavation,53378216,16.66,5,10,333459222.0
expanding_excavation,53394867,16.651,5,10,333465666.0
expanding_excavation,53411551,16.684,5,10,333476886.0
expanding_excavation,53428198,16.647,5,10,333686418.0
expanding_excavation,53444870,16.672,1,10,333695394.0
expanding_excavation,53461544,16.674,3,10,333801322.0
expanding_excavation,53478193,16.649,2,10,333943738.0
expanding_excavation,53494893,16.7,1,10,334288914.0
expanding_excavation,53511547,16.654,5,10,333839790.0
travel_new_regions,53534899,23.352,6,10,333988314.0
travel_new_regions,53544879,9.98,6,10,333990274.0
travel_new_regions,53561545,16.666,6,10,333990306.0
travel_new_regions,53578212,16.667,6,10,334156678.0
travel_new_regions,53594913,16.701,6,10,334160562.0
travel_new_regions,53611533,16.62,6,10,334487770.0
travel_new_regions,53628193,16.66,6,10,334338740.0
travel_new_regions,53644868,16.675,6,10,334338938.0
travel_new_regions,53661544,16.676,6,10,334501190.0
travel_new_regions,53678200,16.656,6,10,334508486.0
travel_new_regions,53694864,16.664,3,10,334517794.0
travel_new_regions,53711538,16.674,4,10,334639714.0
travel_new_regions,53736309,24.771,3,10,334826282.0
travel_new_regions,53762344,26.035,3,14,334715010.0
travel_new_regions,53772600,10.256,4,14,334572702.0
travel_new_regions,53781482,8.882,5,14,334570482.0
travel_new_regions,53795679,14.197,5,14,334576706.0
travel_new_regions,53812339,16.66,5,14,334580278.0
travel_new_regions,53828995,16.656,5,14,334727066.0
travel_new_regions,53845660,16.665,5,14,334734170.0
travel_new_regions,53862345,16.685,5,14,334737650.0
travel_new_regions,53879000,16.655,5,14,334894718.0
travel_new_regions,53895672,16.672,5,14,334901894.0
travel_new_regions,53912366,16.694,5,14,334907114.0
travel_new_regions,53929003,16.637,5,14,335053782.0
travel_new_regions,53945683,16.68,5,14,335061074.0
travel_new_regions,53962344,16.661,5,14,335271962.0
travel_new_regions,53979007,16.663,5,14,335225746.0
travel_new_regions,53995655,16.648,5,14,335482614.0
travel_new_regions,54012332,16.677,5,14,335457010.0
travel_new_regions,54029006,16.674,5,14,335460490.0
travel_new_regions,54045659,16.653,5,14,335609922.0
travel_new_regions,54062326,16.667,5,14,335614170.0
travel_new_regions,54079003,16.677,5,14,335617650.0
travel_new_regions,54095674,16.671,5,14,335768618.0
travel_new_regions,54112325,16.651,5,14,335770474.0
travel_new_regions,54129001,16.676,5,14,335773954.0
travel_new_regions,54145657,16.656,5,14,335913106.0
travel_new_regions,54162319,16.662,5,14,335920810.0
travel_new_regions,54178990,16.671,5,14,336083402.0
travel_new_regions,54195663,16.673,5,14,336083402.0
travel_new_regions,54212322,16.659,5,14,336342834.0
travel_new_regions,54228989,16.667,5,14,336349794.0
travel_new_regions,54245658,16.669,5,14,336353274.0
travel_new_regions,54262328,16.67,5,14,336495518.0
travel_new_regions,54278983,16.655,5,14,336502482.0
travel_new_regions,54295662,16.679,5,14,336505962.0
travel_new_regions,54312322,16.66,5,14,336651978.0
travel_new_regions,54328994,16.672,5,14,336658942.0
travel_new_regions,54345653,16.659,5,14,336664162.0
travel_new_regions,54362323,16.67,5,14,336664158.0
travel_new_regions,54378988,16.665,5,14,336817818.0
travel_new_regions,54395650,16.662,5,14,336823646.0
travel_new_regions,54412324,16.674,5,14,336985018.0
travel_new_regions,54428990,16.666,5,14,337237237.0
travel_new_regions,54445645,16.655,5,14,337243990.0
travel_new_regions,54462315,16.67,5,14,337249206.0
travel_new_regions,54478976,16.661,5,14,337538114.0
travel_new_regions,54495757,16.781,5,14,337405620.0
travel_new_regions,54512320,16.563,5,14,337405546.0
travel_new_regions,54528985,16.665,5,14,337405546.0
travel_new_regions,54545648,16.663,5,14,337556894.0
travel_new_regions,54562309,16.661,5,14,337561218.0
travel_new_regions,54578982,16.673,5,14,337561218.0
travel_new_regions,54595634,16.652,5,14,337713578.0
travel_new_regions,54612302,16.668,3,14,337720938.0
travel_new_regions,54628978,16.676,3,14,337929386.0
travel_new_regions,54645637,16.659,3,14,338162014.0
travel_new_regions,54662304,16.667,0,14,338376002.0
travel_new_regions,54678972,16.668,0,14,338448458.0
travel_new_regions,54695651,16.679,0,14,338555798.0
travel_new_regions,54712306,16.655,0,14,338551626.0
travel_new_regions,54728978,16.672,0,14,338650178.0
travel_new_regions,54745641,16.663,3,14,338428074.0
travel_new_regions,54762296,16.655,3,14,338771086.0
travel_new_regions,54779201,16.905,0,14,338965098.0
travel_new_regions,54795635,16.434,0,14,339601776.0
travel_new_regions,54812311,16.676,0,16,339767068.0
travel_new_regions,54828976,16.665,0,16,339978480.0
travel_new_regions,54845628,16.652,3,16,339539216.0
travel_new_regions,54862295,16.667,3,16,339777168.0
travel_new_regions,54879086,16.791,0,16,339961372.0
travel_new_regions,54895627,16.541,0,16,340227220.0
travel_new_regions,54912293,16.666,0,16,340688096.0
travel_new_regions,54928976,16.683,0,16,341059326.0
travel_new_regions,54945625,16.649,0,16,340987388.0
travel_new_regions,54962293,16.668,3,16,340455804.0
travel_new_regions,54978959,16.666,3,16,340705068.0
travel_new_regions,54995627,16.668,0,16,340892488.0
travel_new_regions,55012287,16.66,0,16,341290520.0
travel_new_regions,55028957,16.67,0,18,341779320.0
travel_new_regions,55045631,16.674,0,18,341906688.0
travel_new_regions,55062287,16.656,3,18,341248338.0
travel_new_regions,55078956,16.669,3,18,341487868.0
travel_new_regions,55095627,16.671,0,18,341681820.0
travel_new_regions,55112414,16.787,0,18,342074772.0
travel_new_regions,55128972,16.558,0,18,342187892.0
travel_new_regions,55145618,16.646,3,18,341970566.0
travel_new_regions,55162283,16.665,3,18,342203544.0
travel_new_regions,55178948,16.665,0,18,342399264.0
travel_new_regions,55195618,16.67,0,18,342907250.0
travel_new_regions,55212285,16.667,0,20,343103706.0
travel_new_regions,55228954,16.669,0,20,343288086.0
travel_new_regions,55245608,16.654,3,20,342857866.0
travel_new_regions,55262285,16.677,3,20,343109902.0
travel_new_regions,55278951,16.666,0,20,343313526.0
travel_new_regions,55295614,16.663,0,20,343730346.0
travel_new_regions,55312277,16.663,0,20,344126346.0
travel_new_regions,55328993,16.716,0,20,344151758.0
travel_new_regions,55345606,16.613,3,20,343759884.0
travel_new_regions,55362269,16.663,3,20,344005938.0
travel_new_regions,55378941,16.672,2,20,344370782.0
travel_new_regions,55395597,16.656,2,20,344385340.0
travel_new_regions,55413210,17.613,0,22,343907162.0
travel_new_regions,55428935,15.725,4,22,343550370.0
travel_new_regions,55445601,16.666,3,22,343623594.0
travel_new_regions,55462289,16.688,2,22,343816114.0
travel_new_regions,55478941,16.652,2,22,344228754.0
travel_new_regions,55495610,16.669,0,22,344407618.0
travel_new_regions,55512258,16.648,3,22,344235114.0
travel_new_regions,55528930,16.672,3,22,344478204.0
travel_new_regions,55545604,16.674,2,22,344847772.0
travel_new_regions,55562264,16.66,2,22,344925674.0
travel_new_regions,55578942,16.678,0,24,345199418.0
travel_new_regions,55595609,16.667,4,24,344854566.0
travel_new_regions,55612282,16.673,3,24,344982210.0
travel_new_regions,55628946,16.664,2,24,345535414.0
travel_new_regions,55645594,16.648,2,24,345549674.0
travel_new_regions,55662263,16.669,2,24,346046078.0
travel_new_regions,55678929,16.666,0,24,345966414.0
travel_new_regions,55695599,16.67,4,24,345606862.0
travel_new_regions,55712254,16.655,4,24,345670082.0
travel_new_regions,55728931,16.677,2,24,345902226.0
travel_new_regions,55745587,16.656,2,24,346275610.0
travel_new_regions,55762273,16.686,0,26,346550046.0
travel_new_regions,55778934,16.661,4,26,346396554.0
travel_new_regions,55795595,16.661,4,26,346541066.0
travel_new_regions,55812263,16.668,3,26,347383006.0
travel_new_regions,55828924,16.661,3,26,347236642.0
travel_new_regions,55845598,16.674,3,26,347434642.0
travel_new_regions,55862264,16.666,3,26,347892918.0
travel_new_regions,55878921,16.657,0,26,348012550.0
travel_new_regions,55895584,16.663,4,26,347557838.0
travel_new_regions,55912248,16.664,4,26,347763090.0
travel_new_regions,55928907,16.659,2,26,347994552.0
travel_new_regions,55945592,16.685,2,26,348375794.0
travel_new_regions,55962260,16.668,2,28,348670074.0
travel_new_regions,55978921,16.661,2,28,349177758.0
travel_new_regions,55995586,16.665,0,28,349301770.0
travel_new_regions,56012247,16.661,3,28,348473850.0
travel_new_regions,56028910,16.663,3,28,348806214.0
travel_new_regions,56045574,16.664,0,28,349013862.0
travel_new_regions,56062245,16.671,0,28,349262818.0
travel_new_regions,56078924,16.679,0,28,349503038.0
travel_new_regions,56095571,16.647,0,28,349930390.0
travel_new_regions,56112237,16.666,0,28,350023790.0
travel_new_regions,56128924,16.687,0,28,350036874.0
travel_new_regions,56145573,16.649,3,28,349364472.0
travel_new_regions,56162260,16.687,3,28,349557366.0
travel_new_regions,56178908,16.648,2,28,349884274.0
travel_new_regions,56195570,16.662,2,28,350189134.0
travel_new_regions,56215722,20.152,2,30,349844030.0
travel_new_regions,56228883,13.161,2,30,350171414.0
travel_new_regions,56245558,16.675,2,30,350523458.0
travel_new_regions,56262233,16.675,0,30,350677354.0
travel_new_regions,56278890,16.657,3,30,349881990.0
travel_new_regions,56295561,16.671,3,30,350062186.0
travel_new_regions,56312222,16.661,3,30,350427110.0
travel_new_regions,56328889,16.667,3,30,350203434.0
travel_new_regions,56345560,16.671,3,30,350200006.0
travel_new_regions,56362285,16.725,3,30,350542902.0
travel_new_regions,56378874,16.589,3,30,350689504.0
travel_new_regions,56395536,16.662,3,30,350861582.0
travel_new_regions,56412204,16.668,2,30,351064654.0
travel_new_regions,56428909,16.705,1,30,350292978.0
travel_new_regions,56445547,16.638,1,30,350655554.0
travel_new_regions,56462211,16.664,2,30,351162986.0
travel_new_regions,56478891,16.68,2,30,351098586.0
travel_new_regions,56495554,16.663,2,32,351099010.0
travel_new_regions,56512199,16.645,2,32,351497110.0
travel_new_regions,56528868,16.669,2,32,351624622.0
travel_new_regions,56545541,16.673,2,32,351813202.0
travel_new_regions,56562206,16.665,0,32,351990626.0
travel_new_regions,56578885,16.679,0,32,352248658.0
travel_new_regions,56595563,16.678,4,32,351400482.0
travel_new_regions,56612220,16.657,4,32,351466506.0
travel_new_regions,56628888,16.668,2,32,351850210.0
travel_new_regions,56645555,16.667,2,32,352149626.0
travel_new_regions,56662228,16.673,2,32,352632690.0
travel_new_regions,56678883,16.655,2,32,352959874.0
travel_new_regions,56695564,16.681,0,32,352953422.0
travel_new_regions,56712879,17.315,3,32,352280956.0
travel_new_regions,56728884,16.005,3,32,352521398.0
travel_new_regions,56745548,16.664,2,32,352719780.0
travel_new_regions,56762227,16.679,2,32,352844598.0
travel_new_regions,56778990,16.763,2,34,353204858.0
travel_new_regions,56795565,16.575,2,34,353469838.0
travel_new_regions,56812211,16.646,2,34,354055334.0
travel_new_regions,56828927,16.716,0,34,354187718.0
travel_new_regions,56845549,16.622,4,34,352971830.0
travel_new_regions,56862215,16.666,3,34,353050492.0
travel_new_regions,56878878,16.663,3,34,353383566.0
travel_new_regions,56895557,16.679,3,34,353992154.0
travel_new_regions,56912215,16.658,3,34,353825060.0
travel_new_regions,56928875,16.66,3,34,353985890.0
travel_new_regions,56945546,16.671,3,34,354045958.0
travel_new_regions,56962236,16.69,2,34,354374874.0
travel_new_regions,56978891,16.655,1,34,353373506.0
travel_new_regions,56995551,16.66,1,34,353704918.0
travel_new_regions,57012221,16.67,0,34,354072714.0
travel_new_regions,57028870,16.649,0,34,354457808.0
travel_new_regions,57045570,16.7,0,36,354789974.0
travel_new_regions,57062202,16.632,0,36,355007602.0
travel_new_regions,57078880,16.678,0,36,355274578.0
travel_new_regions,57095542,16.662,4,36,354904292.0
travel_new_regions,57112197,16.655,4,36,354737322.0
travel_new_regions,57128880,16.683,3,36,355547842.0
travel_new_regions,57145532,16.652,3,36,354560354.0
travel_new_regions,57162211,16.679,3,36,354793798.0
travel_new_regions,57178849,16.638,3,36,355056606.0
travel_new_regions,57195539,16.69,3,36,355205954.0
travel_new_regions,57212187,16.648,0,36,355290398.0
travel_new_regions,57228876,16.689,4,36,354730122.0
travel_new_regions,57245534,16.658,4,36,355112730.0
travel_new_regions,57262227,16.693,4,36,355488326.0
travel_new_regions,57278856,16.629,4,36,354853766.0
travel_new_regions,57295517,16.661,4,38,354097904.0
travel_new_regions,57312170,16.653,4,38,354429648.0
travel_new_regions,57328835,16.665,4,38,354590560.0
travel_new_regions,57345514,16.679,3,38,354900756.0
travel_new_regions,57362176,16.662,2,38,355110584.0
travel_new_regions,57378852,16.676,1,38,354157940.0
travel_new_regions,57395508,16.656,1,38,354547668.0
travel_new_regions,57412183,16.675,0,38,354899160.0
travel_new_regions,57428842,16.659,0,38,354404832.0
travel_new_regions,57445519,16.677,0,38,354407532.0
travel_new_regions,57462163,16.644,0,38,354819348.0
travel_new_regions,57478824,16.661,0,38,354924654.0
travel_new_regions,57495509,16.685,0,38,355320384.0
travel_new_regions,57512184,16.675,0,38,355344224.0
travel_new_regions,57528838,16.654,0,38,355478528.0
travel_new_regions,57545499,16.661,4,38,354970942.0
travel_new_regions,57562172,16.673,4,38,354972748.0
travel_new_regions,57578836,16.664,3,38,355491476.0
travel_new_regions,57595506,16.67,3,38,355242280.0
travel_new_regions,57612175,16.669,3,40,355328876.0
travel_new_regions,57628825,16.65,3,40,355805112.0
travel_new_regions,57645486,16.661,3,40,355892088.0
travel_new_regions,57662159,16.673,3,40,356109274.0
travel_new_regions,57678836,16.677,2,40,356447756.0
travel_new_regions,57695490,16.654,1,40,355649104.0
travel_new_regions,57712158,16.668,3,40,356198792.0
travel_new_regions,57728825,16.667,2,40,356373704.0
travel_new_regions,57745504,16.679,0,40,356673128.0
travel_new_regions,57762163,16.659,0,40,356053300.0
travel_new_regions,57778831,16.668,0,41,356057152.0
travel_new_regions,57795497,16.666,0,41,356479374.0
travel_new_regions,57812149,16.652,0,41,356640236.0
travel_new_regions,57829616,17.467,0,41,356834674.0
travel_new_regions,57845493,15.877,0,41,357063688.0
travel_new_regions,57862162,16.669,0,41,357314724.0
travel_new_regions,57878828,16.666,4,41,356821388.0
travel_new_regions,57895494,16.666,4,41,356908892.0
travel_new_regions,57912171,16.677,3,41,356984420.0
travel_new_regions,57928824,16.653,3,41,356684328.0
travel_new_regions,57945490,16.666,3,46,356686644.0
travel_new_regions,57962195,16.705,3,46,357785792.0
travel_new_regions,57978823,16.628,3,46,357236940.0
travel_new_regions,57995488,16.665,3,46,357333012.0
travel_new_regions,58012154,16.666,3,46,357698404.0
travel_new_regions,58028812,16.658,2,46,357950242.0
travel_new_regions,58045492,16.68,3,46,356838424.0
travel_new_regions,58062145,16.653,3,46,357233998.0
travel_new_regions,58078818,16.673,4,46,357647524.0
travel_new_regions,58095484,16.666,4,46,357692784.0
travel_new_regions,58112161,16.677,4,46,357748464.0
travel_new_regions,58128814,16.653,4,46,358233358.0
travel_new_regions,58145486,16.672,4,46,358236356.0
travel_new_regions,58162140,16.654,4,46,358407488.0
travel_new_regions,58178802,16.662,4,46,358576376.0
travel_new_regions,58195471,16.669,4,46,358699340.0
travel_new_regions,58212134,16.663,4,46,358894832.0
travel_new_regions,58228809,16.675,3,46,359292686.0
travel_new_regions,58245467,16.658,1,46,359503008.0
travel_new_regions,58262146,16.679,4,46,358945640.0
travel_new_regions,58278808,16.662,4,46,358617680.0
travel_new_regions,58295466,16.658,4,46,359132448.0
travel_new_regions,58312146,16.68,4,46,358373248.0
travel_new_regions,58328810,16.664,4,50,358376120.0
travel_new_regions,58345468,16.658,4,50,359078772.0
travel_new_regions,58362133,16.665,4,50,358866620.0
travel_new_regions,58378823,16.69,4,50,358862664.0
travel_new_regions,58395473,16.65,4,50,359240944.0
travel_new_regions,58412131,16.658,4,50,359273286.0
travel_new_regions,58428809,16.678,4,50,359483516.0
travel_new_regions,58445459,16.65,4,50,359665044.0
travel_new_regions,58462132,16.673,3,50,359884752.0
travel_new_regions,58478819,16.687,0,50,360199268.0
travel_new_regions,58495481,16.662,4,50,358903532.0
travel_new_regions,58512133,16.652,4,50,359048620.0
travel_new_regions,58528790,16.657,4,50,359555268.0
travel_new_regions,58545465,16.675,4,50,358917108.0
travel_new_regions,58562136,16.671,4,50,358922408.0
travel_new_regions,58578794,16.658,4,50,359945220.0
travel_new_regions,58595463,16.669,4,50,359411268.0
travel_new_regions,58612132,16.669,4,50,359411268.0
travel_new_regions,58628782,16.65,4,50,359749576.0
travel_new_regions,58645470,16.688,4,50,359853912.0
travel_new_regions,58662116,16.646,4,50,360116248.0
travel_new_regions,58678794,16.678,4,50,360337950.0
travel_new_regions,58695460,16.666,3,50,360530812.0
travel_new_regions,58712118,16.658,1,50,359391250.0
travel_new_regions,58728787,16.669,3,50,359739654.0
travel_new_regions,58745453,16.666,2,50,360248120.0
travel_new_regions,58762132,16.679,0,50,360172748.0
travel_new_regions,58778789,16.657,0,50,359463116.0
travel_new_regions,58795455,16.666,0,52,358912148.0
travel_new_regions,58812118,16.663,0,52,359931720.0
travel_new_regions,58828783,16.665,0,52,359395280.0
travel_new_regions,58845457,16.674,0,52,359395280.0
travel_new_regions,58862109,16.652,0,52,359797424.0
travel_new_regions,58878790,16.681,0,52,359901952.0
travel_new_regions,58895440,16.65,0,52,360170240.0
travel_new_regions,58912106,16.666,0,52,360368360.0
travel_new_regions,58928801,16.695,0,52,360515044.0
travel_new_regions,58945456,16.655,0,52,360649572.0
travel_new_regions,58962118,16.662,4,52,359417828.0
travel_new_regions,58978781,16.663,4,52,359220252.0
travel_new_regions,58995458,16.677,4,52,359784152.0
travel_new_regions,59012113,16.655,3,52,359004256.0
travel_new_regions,59028778,16.665,3,52,359012884.0
travel_new_regions,59045438,16.66,3,52,359500348.0
travel_new_regions,59062115,16.677,3,52,359504544.0
travel_new_regions,59078777,16.662,3,52,359504544.0
travel_new_regions,59095427,16.65,3,52,359901020.0
travel_new_regions,59112103,16.676,3,52,360076608.0
travel_new_regions,59128767,16.664,3,52,360277986.0
travel_new_regions,59145430,16.663,2,52,360484756.0
travel_new_regions,59162110,16.68,0,52,360776164.0
travel_new_regions,59178769,16.659,4,52,359629114.0
travel_new_regions,59195434,16.665,4,52,359639688.0
travel_new_regions,59212150,16.716,4,52,360172438.0
travel_new_regions,59228784,16.634,4,52,359417316.0
travel_new_regions,59245440,16.656,4,54,359420440.0
travel_new_regions,59262096,16.656,4,54,359914568.0
travel_new_regions,59278767,16.671,4,54,359912160.0
travel_new_regions,59295423,16.656,4,54,360234708.0
travel_new_regions,59312084,16.661,4,54,360353608.0
travel_new_regions,59328759,16.675,4,54,360569252.0
travel_new_regions,59345428,16.669,4,54,360719244.0
travel_new_regions,59362090,16.662,4,54,360917414.0
travel_new_regions,59378757,16.667,3,54,361130228.0
travel_new_regions,59395434,16.677,4,54,359819596.0
travel_new_regions,59412102,16.668,1,54,359956008.0
travel_new_regions,59428758,16.656,2,54,360481000.0
travel_new_regions,59445440,16.682,1,54,360441576.0
travel_new_regions,59462095,16.655,1,54,360447820.0
travel_new_regions,59478757,16.662,1,54,360936144.0
travel_new_regions,59495428,16.671,1,54,360939540.0
travel_new_regions,59512080,16.652,1,54,361269780.0
travel_new_regions,59528743,16.663,1,54,361388680.0
travel_new_regions,59545419,16.676,1,54,361547554.0
travel_new_regions,59562085,16.666,1,54,361762998.0
travel_new_regions,59578749,16.664,0,54,361957976.0
travel_new_regions,59595428,16.679,0,54,362102420.0
travel_new_regions,59612097,16.669,4,54,361182360.0
travel_new_regions,59628752,16.655,4,54,361129600.0
travel_new_regions,59645420,16.668,4,54,361679748.0
travel_new_regions,59662091,16.671,3,54,360909820.0
travel_new_regions,59678749,16.658,3,56,361245468.0
travel_new_regions,59695408,16.659,3,56,361409232.0
travel_new_regions,59712078,16.67,3,56,361577994.0
travel_new_regions,59728754,16.676,3,56,361780618.0
travel_new_regions,59745411,16.657,2,56,361951036.0
travel_new_regions,59762083,16.672,0,56,362173132.0
travel_new_regions,59778756,16.673,4,56,361129996.0
travel_new_regions,59795416,16.66,4,56,361505808.0
travel_new_regions,59812072,16.656,4,56,361917442.0
travel_new_regions,59828748,16.676,3,56,361855212.0
travel_new_regions,59845405,16.657,3,56,362205172.0
travel_new_regions,59862064,16.659,3,56,362374744.0
travel_new_regions,59878733,16.669,3,56,362539180.0
travel_new_regions,59895401,16.668,3,56,362717864.0
travel_new_regions,59912073,16.672,3,56,362930072.0
travel_new_regions,59928745,16.672,3,56,363214764.0
travel_new_regions,59945408,16.663,2,56,363403224.0
travel_new_regions,59962070,16.662,4,56,362568236.0
travel_new_regions,59978732,16.662,1,56,362818936.0
travel_new_regions,59995411,16.679,1,56,363486176.0
travel_new_regions,60012089,16.678,1,56,362996776.0
travel_new_regions,60028737,16.648,1,62,363485432.0
travel_new_regions,60045397,16.66,1,62,363336836.0
travel_new_regions,60062049,16.652,1,62,363585272.0
travel_new_regions,60078734,16.685,1,62,363823964.0
travel_new_regions,60095391,16.657,1,62,364071824.0
travel_new_regions,60112069,16.678,1,62,364286960.0
travel_new_regions,60128737,16.668,1,62,364453416.0
travel_new_regions,60145394,16.657,0,62,364700456.0
travel_new_regions,60162054,16.66,4,62,363184748.0
travel_new_regions,60178724,16.67,4,62,363392546.0
travel_new_regions,60195404,16.68,3,62,363711072.0
travel_new_regions,60212062,16.658,3,62,363355612.0
travel_new_regions,60228723,16.661,3,62,364033652.0
travel_new_regions,60245385,16.662,3,62,364025656.0
travel_new_regions,60262049,16.664,3,62,363945568.0
travel_new_regions,60278720,16.671,3,62,364189584.0
travel_new_regions,60295396,16.676,3,62,364353388.0
travel_new_regions,60312108,16.712,3,62,364617148.0
travel_new_regions,60328715,16.607,3,62,364701822.0
travel_new_regions,60345400,16.685,2,62,364905968.0
travel_new_regions,60362069,16.669,4,62,363795688.0
travel_new_regions,60378720,16.651,1,62,364036564.0
travel_new_regions,60395379,16.659,2,62,364041742.0
travel_new_regions,60412055,16.676,1,62,363737060.0
travel_new_regions,60428724,16.669,1,66,362690620.0
travel_new_regions,60445385,16.661,1,66,363019072.0
travel_new_regions,60462039,16.654,1,66,363261364.0
travel_new_regions,60478715,16.676,1,66,363284748.0
travel_new_regions,60495391,16.676,1,66,363442224.0
travel_new_regions,60512045,16.654,1,66,363761712.0
travel_new_regions,60528700,16.655,1,66,363876060.0
travel_new_regions,60545379,16.679,1,66,364135272.0
travel_new_regions,60562046,16.667,0,66,364242840.0
travel_new_regions,60578708,16.662,4,66,362978612.0
travel_new_regions,60595385,16.677,4,66,363037104.0
travel_new_regions,60612035,16.65,4,66,363512968.0
travel_new_regions,60628713,16.678,4,66,363492804.0
travel_new_regions,60645378,16.665,4,66,364168364.0
travel_new_regions,60662045,16.667,4,66,363835652.0
travel_new_regions,60678707,16.662,4,66,364002320.0
travel_new_regions,60695384,16.677,4,66,364025648.0
travel_new_regions,60712028,16.644,4,66,364425014.0
travel_new_regions,60728695,16.667,4,66,364518992.0
travel_new_regions,60745368,16.673,4,66,364730330.0
travel_new_regions,60762047,16.679,3,66,365062224.0
travel_new_regions,60778726,16.679,3,66,363989968.0
travel_new_regions,60795365,16.639,4,66,364372330.0
travel_new_regions,60812040,16.675,0,66,364820172.0
travel_new_regions,60828701,16.661,0,66,364884832.0
travel_new_regions,60845378,16.677,0,66,364833368.0
travel_new_regions,60862038,16.66,0,68,364840464.0
travel_new_regions,60878690,16.652,0,68,365248924.0
travel_new_regions,60895361,16.671,0,68,365335688.0
travel_new_regions,60912039,16.678,0,68,365481228.0
travel_new_regions,60928687,16.648,0,68,365815648.0
travel_new_regions,60945360,16.673,0,68,365978752.0
travel_new_regions,60962026,16.666,0,68,366195182.0
travel_new_regions,60978684,16.658,0,68,366343554.0
travel_new_regions,60995365,16.681,0,68,366483052.0
travel_new_regions,61012039,16.674,4,68,365005340.0
travel_new_regions,61028699,16.66,4,68,365246164.0
travel_new_regions,61045359,16.66,3,68,365621472.0
travel_new_regions,61062029,16.67,3,68,365224352.0
travel_new_regions,61078693,16.664,3,68,365231640.0
travel_new_regions,61095346,16.653,3,68,365639972.0
travel_new_regions,61112011,16.665,3,68,365801454.0
travel_new_regions,61128693,16.682,3,68,365937572.0
travel_new_regions,61145358,16.665,3,68,366086836.0
travel_new_regions,61162024,16.666,3,68,366421256.0
travel_new_regions,61178678,16.654,3,68,366579816.0
travel_new_regions,61195340,16.662,3,68,366741347.0
travel_new_regions,61212023,16.683,2,68,367365442.0
travel_new_regions,61228675,16.652,1,68,365923300.0
travel_new_regions,61245363,16.688,1,68,365901124.0
travel_new_regions,61262013,16.65,2,68,366457932.0
travel_new_regions,61278685,16.672,2,68,365680100.0
travel_new_regions,61295353,16.668,2,70,365687640.0
travel_new_regions,61312005,16.652,2,70,366168964.0
travel_new_regions,61328673,16.668,2,70,366243660.0
travel_new_regions,61345340,16.667,2,70,366342052.0
travel_new_regions,61362011,16.671,2,70,366566906.0
travel_new_regions,61378684,16.673,0,70,366792424.0
travel_new_regions,61395348,16.664,0,70,367022836.0
travel_new_regions,61412025,16.677,4,70,365788732.0
travel_new_regions,61428669,16.644,4,70,366030268.0
travel_new_regions,61445336,16.667,4,70,366589080.0
travel_new_regions,61462023,16.687,4,70,366470928.0
travel_new_regions,61478677,16.654,4,70,366482484.0
travel_new_regions,61495335,16.658,4,70,366969690.0
travel_new_regions,61512004,16.669,4,70,366968960.0
travel_new_regions,61528677,16.673,4,70,367109516.0
travel_new_regions,61545324,16.647,4,70,367317844.0
travel_new_regions,61561997,16.673,4,70,367622584.0
travel_new_regions,61578651,16.654,3,70,367859696.0
travel_new_regions,61595326,16.675,2,70,368079724.0
travel_new_regions,61611995,16.669,4,70,367486221.0
travel_new_regions,61628665,16.67,1,70,368112572.0
travel_new_regions,61645335,16.67,1,70,368185356.0
travel_new_regions,61662007,16.672,1,70,368064372.0
travel_new_regions,61678677,16.67,1,73,368077460.0
travel_new_regions,61695323,16.646,1,73,368562892.0
travel_new_regions,61712002,16.679,1,73,368566444.0
travel_new_regions,61728657,16.655,1,73,368780120.0
travel_new_regions,61745319,16.662,1,73,368978672.0
travel_new_regions,61761985,16.666,1,73,369105720.0
travel_new_regions,61778658,16.673,1,73,369455276.0
travel_new_regions,61795349,16.691,0,73,369670472.0
travel_new_regions,61812003,16.654,4,73,368175396.0
travel_new_regions,61828651,16.648,4,73,368438710.0
travel_new_regions,61845343,16.692,3,73,368817548.0
travel_new_regions,61861995,16.652,3,73,368404464.0
travel_new_regions,61878661,16.666,3,74,368490140.0
travel_new_regions,61895315,16.654,3,74,368982956.0
travel_new_regions,61911993,16.678,3,74,368981520.0
travel_new_regions,61928646,16.653,3,74,369195196.0
travel_new_regions,61945312,16.666,3,74,369325436.0
travel_new_regions,61961984,16.672,3,74,369515100.0
travel_new_regions,61978647,16.663,3,74,369746478.0
travel_new_regions,61995326,16.679,2,74,369987268.0
travel_new_regions,62011976,16.65,2,74,370491512.0
travel_new_regions,62028658,16.682,3,74,369204796.0
travel_new_regions,62045325,16.667,3,74,369208334.0
travel_new_regions,62061975,16.65,4,74,369622676.0
travel_new_regions,62078656,16.681,3,74,368894812.0
travel_new_regions,62095319,16.663,3,78,368374224.0
travel_new_regions,62111972,16.653,3,78,368856892.0
travel_new_regions,62128645,16.673,3,78,368860444.0
travel_new_regions,62145304,16.659,3,78,369125568.0
travel_new_regions,62161969,16.665,3,78,369258074.0
travel_new_regions,62178635,16.666,3,78,369375116.0
travel_new_regions,62195306,16.671,3,78,369673430.0
travel_new_regions,62211979,16.673,3,78,369897636.0
travel_new_regions,62228651,16.672,0,78,370185940.0
travel_new_regions,62245311,16.66,4,78,368584480.0
travel_new_regions,62261979,16.668,4,78,368974952.0
travel_new_regions,62278644,16.665,4,78,369534440.0
travel_new_regions,62295316,16.672,3,78,369457004.0
travel_new_regions,62311982,16.666,3,78,369475344.0
travel_new_regions,62328651,16.669,3,78,369475344.0
travel_new_regions,62345318,16.667,3,78,369967500.0
travel_new_regions,62361981,16.663,3,78,369967500.0
travel_new_regions,62378639,16.658,3,78,370234544.0
travel_new_regions,62395288,16.649,3,78,370447484.0
travel_new_regions,62411965,16.677,3,78,370695210.0
travel_new_regions,62428639,16.674,3,78,370995624.0
travel_new_regions,62445308,16.669,2,78,371135700.0
travel_new_regions,62461975,16.667,0,78,371540728.0
travel_new_regions,62478642,16.667,4,78,370190200.0
travel_new_regions,62495299,16.657,4,78,370755060.0
travel_new_regions,62511981,16.682,4,78,371176874.0
travel_new_regions,62528655,16.674,4,78,370648824.0
travel_new_regions,62545308,16.653,4,80,370661932.0
travel_new_regions,62561958,16.65,4,80,371161188.0
travel_new_regions,62578637,16.679,4,80,371152612.0
travel_new_regions,62595307,16.67,4,80,371426916.0
travel_new_regions,62611961,16.654,4,80,371734106.0
travel_new_regions,62628622,16.661,4,80,371778936.0
travel_new_regions,62645286,16.664,4,80,372025512.0
travel_new_regions,62661961,16.675,3,80,372238744.0
travel_new_regions,62678629,16.668,2,80,372459168.0
travel_new_regions,62695293,16.664,4,80,371049024.0
travel_new_regions,62711969,16.676,1,80,371404872.0
travel_new_regions,62728620,16.651,1,80,371639648.0
travel_new_regions,62745300,16.68,1,80,371633152.0
travel_new_regions,62761964,16.664,1,80,371654212.0
travel_new_regions,62778619,16.655,1,80,372150848.0
travel_new_regions,62795297,16.678,1,80,372143644.0
travel_new_regions,62811968,16.671,1,80,372420192.0
travel_new_regions,62828624,16.656,1,80,372658452.0
travel_new_regions,62845279,16.655,1,80,372784422.0
travel_new_regions,62861949,16.67,1,80,373002316.0
travel_new_regions,62878627,16.678,0,80,373356996.0
travel_new_regions,62895309,16.682,4,80,372114188.0
travel_new_regions,62911957,16.648,4,80,372378166.0
travel_new_regions,62928619,16.662,4,80,372915750.0
travel_new_regions,62945293,16.674,3,80,372131168.0
travel_new_regions,62961955,16.662,3,83,372424368.0
travel_new_regions,62978607,16.652,3,83,372663988.0
travel_new_regions,62995273,16.666,3,83,372768898.0
travel_new_regions,63011953,16.68,3,83,373056086.0
travel_new_regions,63028608,16.655,3,83,373282024.0
travel_new_regions,63045285,16.677,0,83,373505908.0
travel_new_regions,63061961,16.676,4,83,372318300.0
travel_new_regions,63078629,16.668,4,83,372712122.0
travel_new_regions,63095274,16.645,4,83,373246610.0
travel_new_regions,63111952,16.678,3,83,373145872.0
travel_new_regions,63128605,16.653,3,84,373440552.0
travel_new_regions,63145271,16.666,3,84,373911844.0
travel_new_regions,63161933,16.662,3,84,373757516.0
travel_new_regions,63178601,16.668,3,84,373995352.0
travel_new_regions,63195263,16.662,3,84,374299696.0
travel_new_regions,63211949,16.686,3,84,374428036.0
travel_new_regions,63228594,16.645,2,84,374776016.0
travel_new_regions,63245264,16.67,4,84,373917924.0
travel_new_regions,63261943,16.679,1,84,373935360.0
travel_new_regions,63278600,16.657,1,84,374466644.0
travel_new_regions,63295278,16.678,1,84,374418576.0
travel_new_regions,63311933,16.655,1,88,374720552.0
travel_new_regions,63328605,16.672,1,88,374720552.0
travel_new_regions,63345259,16.654,1,88,375035684.0
travel_new_regions,63362922,17.663,1,88,375128024.0
travel_new_regions,63378604,15.682,1,88,375352924.0
travel_new_regions,63395270,16.666,1,88,375565928.0
travel_new_regions,63411936,16.666,1,88,375675456.0
travel_new_regions,63428604,16.668,1,88,376275900.0
travel_new_regions,63445278,16.674,0,88,376030448.0
travel_new_regions,63461939,16.661,4,88,374553140.0
travel_new_regions,63478591,16.652,4,88,374784178.0
travel_new_regions,63495261,16.67,3,88,375040688.0
travel_new_regions,63511933,16.672,3,88,374748676.0
travel_new_regions,63528601,16.668,3,88,375043668.0
travel_new_regions,63545263,16.662,3,88,375043668.0
travel_new_regions,63561924,16.661,3,88,375369388.0
travel_new_regions,63578591,16.667,3,88,375597248.0
travel_new_regions,63595263,16.672,3,88,375743228.0
travel_new_regions,63611938,16.675,3,88,376051076.0
travel_new_regions,63628585,16.647,3,88,376118370.0
travel_new_regions,63645270,16.685,2,88,376719120.0
travel_new_regions,63661930,16.66,1,88,375387944.0
travel_new_regions,63678584,16.654,3,88,375414547.0
travel_new_regions,63695268,16.684,2,88,375425152.0
travel_new_regions,63711933,16.665,0,88,375814148.0
travel_new_regions,63728592,16.659,0,88,375113272.0
travel_new_regions,63745262,16.67,0,90,374349844.0
travel_new_regions,63761925,16.663,0,90,374343912.0
travel_new_regions,63778576,16.651,0,90,374659764.0
travel_new_regions,63795254,16.678,0,90,374690052.0
travel_new_regions,63811934,16.68,0,90,374835352.0
travel_new_regions,63828583,16.649,0,90,375229456.0
travel_new_regions,63845236,16.653,0,90,375275172.0
travel_new_regions,63861910,16.674,0,90,375475052.0
travel_new_regions,63878598,16.688,0,90,375618956.0
travel_new_regions,63895252,16.654,4,90,374162580.0
travel_new_regions,63911917,16.665,4,90,374401784.0
travel_new_regions,63928578,16.661,4,90,374789108.0
travel_new_regions,63945251,16.673,4,90,374849324.0
travel_new_regions,63961915,16.664,4,90,375148768.0
travel_new_regions,63978584,16.669,4,90,375148768.0
travel_new_regions,63995241,16.657,4,90,375396616.0
travel_new_regions,64011909,16.668,4,90,375423428.0
travel_new_regions,64028562,16.653,4,90,375714328.0
travel_new_regions,64045229,16.667,4,90,375873088.0
travel_new_regions,64061897,16.668,4,90,376070596.0
travel_new_regions,64078579,16.682,3,90,376281362.0
travel_new_regions,64095235,16.656,2,90,376573360.0
travel_new_regions,64111903,16.668,4,90,375723500.0
travel_new_regions,64128581,16.678,1,90,375840208.0
travel_new_regions,64145237,16.656,1,90,376192912.0
travel_new_regions,64161908,16.671,1,90,376268612.0
travel_new_regions,64178584,16.676,1,92,376319644.0
travel_new_regions,64195225,16.641,1,92,376680844.0
travel_new_regions,64211900,16.675,1,92,376763180.0
travel_new_regions,64228587,16.687,1,92,376900828.0
travel_new_regions,64245236,16.649,1,92,377181264.0
travel_new_regions,64261886,16.65,1,92,377421000.0
travel_new_regions,64278554,16.668,1,92,377577268.0
travel_new_regions,64295230,16.676,1,92,377772530.0
travel_new_regions,64311906,16.676,0,92,377909844.0
travel_new_regions,64328573,16.667,4,92,376408464.0
travel_new_regions,64345264,16.691,4,92,376624836.0
travel_new_regions,64361898,16.634,4,92,376850030.0
travel_new_regions,64378570,16.672,3,92,376424188.0
travel_new_regions,64395232,16.662,3,92,376429424.0
travel_new_regions,64411882,16.65,3,92,376787400.0
travel_new_regions,64428548,16.666,3,92,376882758.0
travel_new_regions,64445221,16.673,3,92,377066012.0
travel_new_regions,64461896,16.675,3,92,377207884.0
travel_new_regions,64478556,16.66,3,92,377488316.0
travel_new_regions,64495220,16.664,3,92,377729628.0
travel_new_regions,64511879,16.659,3,92,377811908.0
travel_new_regions,64528545,16.666,2,92,377992452.0
travel_new_regions,64545236,16.691,1,92,377011492.0
travel_new_regions,64561881,16.645,3,92,377017600.0
travel_new_regions,64578544,16.663,0,92,377086216.0
travel_new_regions,64595227,16.683,0,92,377383260.0
travel_new_regions,64611887,16.66,0,92,376980836.0
travel_new_regions,64628549,16.662,0,94,376985844.0
travel_new_regions,64645204,16.655,0,94,377413850.0
travel_new_regions,64661875,16.671,0,94,377618624.0
travel_new_regions,64678533,16.658,0,94,377753482.0
travel_new_regions,64695206,16.673,0,94,378003096.0
travel_new_regions,64711884,16.678,0,94,378256088.0
travel_new_regions,64728555,16.671,3,94,377138844.0
travel_new_regions,64745203,16.648,2,94,377350960.0
travel_new_regions,64761875,16.672,1,94,377847024.0
travel_new_regions,64778556,16.681,1,94,377735276.0
travel_new_regions,64795211,16.655,1,94,377740816.0
travel_new_regions,64811869,16.658,1,94,378166484.0
travel_new_regions,64828543,16.674,1,94,378165180.0
travel_new_regions,64845196,16.653,1,94,378373794.0
travel_new_regions,64861862,16.666,1,94,378478328.0
travel_new_regions,64878535,16.673,1,94,378689812.0
travel_new_regions,64895211,16.676,0,94,378968392.0
travel_new_regions,64911865,16.654,3,94,378357980.0
travel_new_regions,64928528,16.663,4,94,378854240.0
travel_new_regions,64945207,16.679,2,94,379027788.0
travel_new_regions,64961872,16.665,1,94,379932084.0
travel_new_regions,64978542,16.67,1,94,378956144.0
travel_new_regions,64995206,16.664,1,96,378956328.0
travel_new_regions,65011864,16.658,1,96,379380624.0
travel_new_regions,65028535,16.671,1,96,379382932.0
travel_new_regions,65045187,16.652,1,96,379594270.0
travel_new_regions,65061852,16.665,1,96,379691056.0
travel_new_regions,65078519,16.667,1,96,379940854.0
travel_new_regions,65095201,16.682,0,96,380127476.0
travel_new_regions,65111864,16.663,0,96,380430212.0
travel_new_regions,65128529,16.665,3,96,379101660.0
travel_new_regions,65145189,16.66,2,96,379403316.0
travel_new_regions,65161858,16.669,1,96,379920804.0
travel_new_regions,65178531,16.673,1,96,379211108.0
travel_new_regions,65195199,16.668,1,96,379215984.0
travel_new_regions,65211859,16.66,1,96,379642516.0
travel_new_regions,65228523,16.664,1,96,379644828.0
travel_new_regions,65245178,16.655,1,96,379853436.0
travel_new_regions,65261850,16.672,1,96,379952520.0
travel_new_regions,65278516,16.666,1,96,380197208.0
travel_new_regions,65295186,16.67,0,96,380399272.0
travel_new_regions,65311860,16.674,0,96,380695268.0
travel_new_regions,65328530,16.67,3,96,379611164.0
return_history_control,65374118,45.588,2,96,380310280.0
return_history_control,65379406,5.288,2,96,380519964.0
return_history_control,65390745,11.339,2,96,380935510.0
return_history_control,65407423,16.678,0,96,380981912.0
return_history_control,65424087,16.664,0,96,381290064.0
return_history_control,65440761,16.674,0,96,381700764.0
return_history_control,65457439,16.678,0,96,381850676.0
return_history_control,65474137,16.698,4,96,381747540.0
return_history_control,65490765,16.628,4,96,381766012.0
return_history_control,65507420,16.655,4,96,382293132.0
return_history_control,65524087,16.667,4,96,381749800.0
return_history_control,65540757,16.67,3,96,382212138.0
return_history_control,65557427,16.67,3,96,381804460.0
return_history_control,65574084,16.657,2,96,382336048.0
return_history_control,65590757,16.673,0,96,382257564.0
return_history_control,65607422,16.665,0,96,381882300.0
return_history_control,65624098,16.676,0,96,382137688.0
return_history_control,65640778,16.68,4,96,381728260.0
return_history_control,65657419,16.641,4,96,381957104.0
return_history_control,65674105,16.686,4,96,381773364.0
return_history_control,65690748,16.643,4,96,381943672.0
return_history_control,65707425,16.677,3,96,382203656.0
return_history_control,65724113,16.688,4,96,381789584.0
return_history_control,65740762,16.649,5,96,382247804.0
return_history_control,65757423,16.661,5,96,382256188.0
return_history_control,65774091,16.668,3,96,382258508.0
return_history_control,65790749,16.658,3,96,382032084.0
return_history_control,65807411,16.662,3,96,382024456.0
return_history_control,65824091,16.68,0,96,382283488.0
return_history_control,65840764,16.673,5,96,381862736.0
return_history_control,65857421,16.657,7,96,382314872.0
return_history_control,65874081,16.66,7,96,382322876.0
return_history_control,65890764,16.683,5,96,382326340.0
return_history_control,65907426,16.662,5,96,382260476.0
return_history_control,65924066,16.64,5,96,382252776.0
return_history_control,65940751,16.685,4,96,382512764.0
return_history_control,65957428,16.677,4,96,382096680.0
return_history_control,65974081,16.653,5,96,382095508.0
return_history_control,65990752,16.671,5,96,382096436.0
return_history_control,66007412,16.66,5,96,382096432.0
return_history_control,66024081,16.669,5,96,382096436.0
return_history_control,66040756,16.675,5,96,382096940.0
return_history_control,66057413,16.657,5,96,382096940.0
return_history_control,66074078,16.665,5,96,382096940.0
return_history_control,66090749,16.671,5,96,382096940.0
return_history_control,66107429,16.68,5,96,382096936.0
return_history_control,66124086,16.657,5,96,382096940.0
return_history_control,66140741,16.655,5,96,382096940.0
return_history_control,66157411,16.67,5,96,382096936.0
return_history_control,66174074,16.663,5,96,382096940.0
return_history_control,66190738,16.664,5,96,382096940.0
return_history_control,66207406,16.668,5,96,382096940.0
return_history_control,66224067,16.661,5,96,382560056.0
return_history_control,66240750,16.683,5,96,382576620.0
return_history_control,66257412,16.662,5,96,382576620.0
return_history_control,66274062,16.65,5,96,382757576.0
return_history_control,66290740,16.678,5,96,382757580.0
return_history_control,66307403,16.663,5,96,382757580.0
return_history_control,66324075,16.672,5,96,382757580.0
return_history_control,66340764,16.689,5,96,382757580.0
return_history_control,66357410,16.646,5,96,382757580.0
return_history_control,66374052,16.642,5,96,382921888.0
return_history_control,66390742,16.69,5,96,382924512.0
return_history_control,66407386,16.644,5,96,383100296.0
return_history_control,66424068,16.682,5,96,383102164.0
return_history_control,66440731,16.663,5,96,383110976.0
return_history_control,66457379,16.648,5,96,383126736.0
return_history_control,66474065,16.686,5,96,383128476.0
return_history_control,66490732,16.667,5,96,383299168.0
return_history_control,66507378,16.646,5,96,383311604.0
return_history_control,66524060,16.682,5,96,383308724.0
return_history_control,66540728,16.668,3,96,383473192.0
return_history_control,66557401,16.673,3,96,383608972.0
return_history_control,66574039,16.638,3,96,383784496.0
return_history_control,66590729,16.69,2,96,384039216.0
return_history_control,66607395,16.666,4,96,383916576.0
return_history_control,66624053,16.658,5,96,383922508.0
return_history_control,66640738,16.685,5,96,384191468.0
return_history_control,66657381,16.643,5,96,384378168.0
return_history_control,66674044,16.663,5,96,384227020.0
return_history_control,66690719,16.675,5,96,384229980.0
return_history_control,66707377,16.658,5,96,384491796.0
return_history_control,66724040,16.663,5,96,384497788.0
return_history_control,66740728,16.688,5,96,384703424.0
return_history_control,66757383,16.655,5,96,384620960.0
return_history_control,66774043,16.66,5,96,384807796.0
return_history_control,66790711,16.668,1,96,384817560.0
return_history_control,66807380,16.669,3,96,384907908.0
return_history_control,66824030,16.65,2,96,385105924.0
return_history_control,66840726,16.696,1,96,385369416.0
return_history_control,66857385,16.659,5,96,385017912.0
return_history_control,66874039,16.654,6,96,385188252.0
return_history_control,66890704,16.665,6,96,385196236.0
return_history_control,66907379,16.675,6,96,385200844.0
return_history_control,66924037,16.658,6,96,385351468.0
return_history_control,66940716,16.679,6,96,385356688.0
return_history_control,66957380,16.664,6,96,385356688.0
return_history_control,66974046,16.666,6,96,385356688.0
return_history_control,66990715,16.669,6,96,385356688.0
return_history_control,67007374,16.659,6,96,385356688.0
return_history_control,67024038,16.664,6,96,385356688.0
return_history_control,67040706,16.668,6,96,385356688.0
return_history_control,67057373,16.667,6,96,385356688.0
return_history_control,67074041,16.668,6,96,385356688.0
return_history_control,67090714,16.673,6,96,385356688.0
return_history_control,67107379,16.665,6,96,385356688.0
return_history_control,67124041,16.662,6,96,385356688.0
return_history_control,67140705,16.664,6,96,385356688.0
return_history_control,67157371,16.666,6,96,385356688.0
return_history_control,67174033,16.662,6,96,385356688.0
return_history_control,67190702,16.669,6,96,385356688.0
return_history_control,67207365,16.663,6,96,385356688.0
return_history_control,67224036,16.671,6,96,385827140.0
return_history_control,67240699,16.663,6,96,385827140.0
return_history_control,67257536,16.837,6,96,385827140.0
return_history_control,67274043,16.507,6,96,385827140.0
return_history_control,67290687,16.644,6,96,385979914.0
return_history_control,67307362,16.675,6,96,385977196.0
return_history_control,67324025,16.663,6,96,386131684.0
return_history_control,67340688,16.663,6,96,386142214.0
return_history_control,67357361,16.673,6,96,386138936.0
return_history_control,67374040,16.679,6,96,386276108.0
return_history_control,67390709,16.669,6,96,386384380.0
return_history_control,67407356,16.647,6,96,386390120.0
return_history_control,67424030,16.674,6,96,386390120.0
return_history_control,67440672,16.642,6,96,386623848.0
return_history_control,67457342,16.67,6,96,386631308.0
return_history_control,67474031,16.689,6,96,386681860.0
return_history_control,67490698,16.667,6,96,386858408.0
return_history_control,67507349,16.651,6,96,386861344.0
return_history_control,67524023,16.674,6,96,386861344.0
return_history_control,67540695,16.672,6,96,386861344.0
return_history_control,67557353,16.658,6,96,386861344.0
return_history_control,67574016,16.663,6,96,386861344.0
return_history_control,67590685,16.669,6,96,386861344.0
return_history_control,67607364,16.679,6,96,386861344.0
return_history_control,67624015,16.651,6,96,386861344.0
return_history_control,67640683,16.668,6,96,386861344.0
return_history_control,67657363,16.68,6,96,386861340.0
return_history_control,67674013,16.65,6,96,386861340.0
return_history_control,67690682,16.669,6,96,386863024.0
return_history_control,67707349,16.667,6,96,386863024.0
return_history_control,67724019,16.67,6,96,386863020.0
return_history_control,67740685,16.666,6,96,387283916.0
return_history_control,67757345,16.66,6,96,387283912.0
return_history_control,67774005,16.66,6,96,387365696.0
return_history_control,67790676,16.671,6,96,387365700.0
return_history_control,67807329,16.653,6,96,387542180.0
return_history_control,67824012,16.683,6,96,387544440.0
return_history_control,67840675,16.663,6,96,387544440.0
return_history_control,67857344,16.669,6,96,387609720.0
return_history_control,67874010,16.666,6,96,387609720.0
return_history_control,67890663,16.653,6,96,387841216.0
return_history_control,67907328,16.665,6,96,387854808.0
return_history_control,67923993,16.665,6,96,387951112.0
return_history_control,67940668,16.675,6,96,387951112.0
return_history_control,67957326,16.658,6,96,388109464.0
return_history_control,67974001,16.675,6,96,388140492.0
return_history_control,67990669,16.668,6,96,388138704.0
return_history_control,68007321,16.652,6,96,388362378.0
return_history_control,68023999,16.678,6,96,388367038.0
return_history_control,68040666,16.667,6,96,388364320.0
return_history_control,68057336,16.67,6,96,388364316.0
return_history_control,68073985,16.649,6,96,388441116.0
return_history_control,68090690,16.705,6,96,388442856.0
return_history_control,68107334,16.644,6,96,388630788.0
return_history_control,68123987,16.653,6,96,388642412.0
return_history_control,68140714,16.727,6,96,388644672.0
return_history_control,68157330,16.616,6,96,388644672.0
return_history_control,68173997,16.667,6,96,388644672.0
return_history_control,68190670,16.673,6,96,388644672.0
return_history_control,68207337,16.667,6,96,388644672.0
return_history_control,68223992,16.655,6,96,388644672.0
return_history_control,68240656,16.664,6,96,388644672.0
return_history_control,68257337,16.681,6,96,388644672.0
return_history_control,68273994,16.657,6,96,388644672.0
return_history_control,68290673,16.679,6,96,388953028.0
return_history_control,68307327,16.654,6,96,388948416.0
return_history_control,68323992,16.665,6,96,389128352.0
return_history_control,68340677,16.685,6,96,389139158.0
return_history_control,68357446,16.769,6,96,389222372.0
return_history_control,68373999,16.553,6,96,389222372.0
return_history_control,68390653,16.654,6,96,389392600.0
return_history_control,68407316,16.663,6,96,389399560.0
return_history_control,68423985,16.669,6,96,389417492.0
return_history_control,68440641,16.656,6,96,389621112.0
return_history_control,68457316,16.675,6,96,389638400.0
return_history_control,68473986,16.67,6,96,389643616.0
return_history_control,68490659,16.673,6,96,389643620.0
return_history_control,68507301,16.642,6,96,389884400.0
return_history_control,68523966,16.665,6,96,389891360.0
return_history_control,68540653,16.687,6,96,389891360.0
return_history_control,68557318,16.665,6,96,389891360.0
return_history_control,68573977,16.659,6,96,389891360.0
return_history_control,68590648,16.671,6,96,389891360.0
return_history_control,68607313,16.665,6,96,389891360.0
return_history_control,68623983,16.67,6,96,389891356.0
return_history_control,68640703,16.72,6,96,389891356.0
return_history_control,68657312,16.609,6,96,389891360.0
return_history_control,68673981,16.669,6,96,390166796.0
return_history_control,68690648,16.667,6,96,390358528.0
return_history_control,68707307,16.659,6,96,390414300.0
return_history_control,68723980,16.673,3,96,390421688.0
return_history_control,68740635,16.655,4,96,390687280.0
return_history_control,68757294,16.659,4,96,390788116.0
return_history_control,68773968,16.674,3,96,391009948.0
return_history_control,68790643,16.675,3,96,391272192.0
return_history_control,68807297,16.654,3,96,391463132.0
return_history_control,68823959,16.662,3,96,391594780.0
return_history_control,68840640,16.681,3,96,391509652.0
return_history_control,68857309,16.669,4,96,390254588.0
return_history_control,68873978,16.669,5,96,387897000.0
return_history_control,68890629,16.651,5,96,385932920.0
return_history_control,68907373,16.744,5,96,385931600.0
return_history_control,68923960,16.587,5,96,386175784.0
return_history_control,68940623,16.663,5,96,386184692.0
return_history_control,68957313,16.69,5,96,386212436.0
return_history_control,68973968,16.655,5,96,386212440.0
return_history_control,68990626,16.658,5,96,386412272.0
return_history_control,69007294,16.668,5,96,386419232.0
return_history_control,69023967,16.673,5,96,386420972.0
return_history_control,69040655,16.688,5,96,386608532.0
return_history_control,69057289,16.634,5,96,386612372.0
return_history_control,69073965,16.676,5,96,386615748.0
return_history_control,69090635,16.67,5,96,386615744.0
return_history_control,69107288,16.653,5,96,386805964.0
return_history_control,69123948,16.66,5,96,386823648.0
return_history_control,69140632,16.684,5,96,386823652.0
return_history_control,69157300,16.668,5,96,387017076.0
return_history_control,69173947,16.647,5,96,387024036.0
return_history_control,69190624,16.677,5,96,387130916.0
return_history_control,69207290,16.666,5,96,387130916.0
return_history_control,69223949,16.659,5,96,387283412.0
return_history_control,69240615,16.666,5,96,387290892.0
return_history_control,69257290,16.675,5,96,387341744.0
return_history_control,69273949,16.659,5,96,387502692.0
return_history_control,69290608,16.659,5,96,387511940.0
return_history_control,69307272,16.664,5,96,387562536.0
return_history_control,69323963,16.691,5,96,387562536.0
return_history_control,69340659,16.696,5,96,387735672.0
return_history_control,69357277,16.618,5,96,387740892.0
return_history_control,69373955,16.678,5,96,387744372.0
return_history_control,69390620,16.665,5,96,387907688.0
return_history_control,69407276,16.656,5,96,388012700.0
return_history_control,69423950,16.674,5,96,388012372.0
return_history_control,69440619,16.669,5,96,388012372.0
return_history_control,69457275,16.656,5,96,388192424.0
return_history_control,69474169,16.894,5,96,388199384.0
return_history_control,69490619,16.45,5,96,388202860.0
return_history_control,69507286,16.667,5,96,388357228.0
return_history_control,69523943,16.657,5,96,388364188.0
return_history_control,69540619,16.676,5,96,388369408.0
return_history_control,69557269,16.65,5,96,388518352.0
return_history_control,69573933,16.664,5,96,388525316.0
return_history_control,69590615,16.682,5,96,388554960.0
return_history_control,69607276,16.661,5,96,388554960.0
return_history_control,69623932,16.656,5,96,388731632.0
return_history_control,69640606,16.674,5,96,388736852.0
return_history_control,69657282,16.676,5,96,388736852.0
return_history_control,69673935,16.653,5,96,388985872.0
return_history_control,69690611,16.676,3,96,388989752.0
return_history_control,69707266,16.655,3,96,389271960.0
return_history_control,69723927,16.661,3,96,389387492.0
return_history_control,69740653,16.726,0,96,389645468.0
return_history_control,69757256,16.603,0,96,389992944.0
return_history_control,69773939,16.683,0,96,390125804.0
return_history_control,69790607,16.668,0,96,390103824.0
return_history_control,69807256,16.649,5,96,387636826.0
return_history_control,69823933,16.677,7,96,385926620.0
return_history_control,69840600,16.667,7,96,384046608.0
return_history_control,69857265,16.665,7,96,383458012.0
return_history_control,69873925,16.66,7,96,381947638.0
return_history_control,69890606,16.681,7,96,379814740.0
return_history_control,69907263,16.657,7,96,379969596.0
return_history_control,69923916,16.653,5,96,379979068.0
return_history_control,69940599,16.683,5,96,380097808.0
return_history_control,69957249,16.65,5,96,380245112.0
return_history_control,69973917,16.668,4,96,380521564.0
return_history_control,69990599,16.682,4,96,379556872.0
return_history_control,70007247,16.648,5,96,378953844.0
return_history_control,70023939,16.692,5,96,378248252.0
return_history_control,70040589,16.65,5,96,378249208.0
return_history_control,70057271,16.682,5,96,378249212.0
return_history_control,70073915,16.644,5,96,378463972.0
return_history_control,70090590,16.675,5,96,378469928.0
return_history_control,70107258,16.668,5,96,378632516.0
return_history_control,70123927,16.669,5,96,378745414.0
return_history_control,70140688,16.761,5,96,378749656.0
return_history_control,70157251,16.563,5,96,378751732.0
return_history_control,70173932,16.681,5,96,378937884.0
return_history_control,70190581,16.649,3,96,378945244.0
return_history_control,70207259,16.678,3,96,379137440.0
return_history_control,70223903,16.644,3,96,379242168.0
return_history_control,70240586,16.683,2,96,379401656.0
return_history_control,70257245,16.659,4,96,378469896.0
return_history_control,70273906,16.661,5,96,377660192.0
return_history_control,70290750,16.844,5,96,376938452.0
return_history_control,70307254,16.504,5,96,376184000.0
return_history_control,70323913,16.659,5,96,376306612.0
return_history_control,70340581,16.668,5,96,376313572.0
return_history_control,70357249,16.668,5,96,376434864.0
return_history_control,70373911,16.662,5,96,376621792.0
return_history_control,70390571,16.66,5,96,376635798.0
return_history_control,70407256,16.685,5,96,376676096.0
return_history_control,70423906,16.65,5,96,376923532.0
return_history_control,70440569,16.663,1,96,376932440.0
return_history_control,70457247,16.678,3,96,377032888.0
return_history_control,70473889,16.642,2,96,377215808.0
return_history_control,70490567,16.678,1,96,377476128.0
return_history_control,70507241,16.674,5,96,376220836.0
return_history_control,70523893,16.652,6,96,375576072.0
return_history_control,70540579,16.686,6,96,374637516.0
return_history_control,70557244,16.665,6,96,373911492.0
return_history_control,70574141,16.897,6,96,373770264.0
return_history_control,70590558,16.417,6,96,373776984.0
return_history_control,70607239,16.681,6,96,373891824.0
return_history_control,70623890,16.651,6,96,374048476.0
return_history_control,70640572,16.682,6,96,374055436.0
return_history_control,70657241,16.669,6,96,374086992.0
return_history_control,70673898,16.657,6,96,374288796.0
return_history_control,70690569,16.671,3,96,374295000.0
return_history_control,70707224,16.655,4,96,374583992.0
return_history_control,70723883,16.659,4,96,374580076.0
return_history_control,70740709,16.826,3,96,374840060.0
return_history_control,70757242,16.533,4,96,373896712.0
return_history_control,70773881,16.639,5,96,372534444.0
return_history_control,70790562,16.681,5,96,371756922.0
return_history_control,70807237,16.675,5,96,371730084.0
return_history_control,70823882,16.645,5,96,371994404.0
return_history_control,70840560,16.678,5,96,372000988.0
return_history_control,70857255,16.695,5,96,372003248.0
return_history_control,70873889,16.634,5,96,372229336.0
return_history_control,70890551,16.662,5,96,372236296.0
return_history_control,70907226,16.675,5,96,372244140.0
return_history_control,70923882,16.656,5,96,372457692.0
return_history_control,70940556,16.674,5,96,372513696.0
return_history_control,70957223,16.667,3,96,372521056.0
return_history_control,70973887,16.664,3,96,372640316.0
return_history_control,70990686,16.799,3,96,372823856.0
return_history_control,71007226,16.54,0,96,373084016.0
return_history_control,71023889,16.663,5,96,372039908.0
return_history_control,71040558,16.669,7,96,371191780.0
return_history_control,71057220,16.662,7,96,370307704.0
return_history_control,71073872,16.652,7,96,369731756.0
return_history_control,71090554,16.682,7,96,369738188.0
return_history_control,71107220,16.666,7,96,369743408.0
return_history_control,71123887,16.667,7,96,369902836.0
return_history_control,71140546,16.659,7,96,369914476.0
return_history_control,71157213,16.667,7,96,369915232.0
return_history_control,71173869,16.656,7,96,370071208.0
return_history_control,71190564,16.695,7,96,370082780.0
return_history_control,71207202,16.638,5,96,370087364.0
return_history_control,71223878,16.676,5,96,370211432.0
return_history_control,71240534,16.656,5,96,370349908.0
return_history_control,71257197,16.663,4,96,370769004.0
return_history_control,71273882,16.685,4,96,369869116.0
return_history_control,71290540,16.658,5,96,368809920.0
return_history_control,71307202,16.662,5,96,368719300.0
return_history_control,71323866,16.664,5,96,368726188.0
return_history_control,71340549,16.683,5,96,368726188.0
return_history_control,71357200,16.651,5,96,368885384.0
return_history_control,71373866,16.666,5,96,368891968.0
return_history_control,71390541,16.675,5,96,368894228.0
return_history_control,71407215,16.674,5,96,369042840.0
return_history_control,71423861,16.646,5,96,369049280.0
return_history_control,71440538,16.677,5,96,369051540.0
return_history_control,71457193,16.655,5,96,369205096.0
return_history_control,71473867,16.674,5,96,369211536.0
return_history_control,71490577,16.71,5,96,369372904.0
return_history_control,71507200,16.623,5,96,369372908.0
return_history_control,71523863,16.663,5,96,369665380.0
return_history_control,71540557,16.694,5,96,369672340.0
return_history_control,71557200,16.643,5,96,369675820.0
return_history_control,71573864,16.664,5,96,369823176.0
return_history_control,71590539,16.675,5,96,369830136.0
return_history_control,71607198,16.659,5,96,369841304.0
return_history_control,71623869,16.671,5,96,369835356.0
return_history_control,71642598,18.729,5,96,369985364.0
return_history_control,71657204,14.606,5,96,369988844.0
return_history_control,71673864,16.66,5,96,369998160.0
return_history_control,71692563,18.699,5,96,369995804.0
return_history_control,71707188,14.625,5,96,370135816.0
return_history_control,71723862,16.674,5,96,370141036.0
return_history_control,71742397,18.535,5,96,370146480.0
return_history_control,71757193,14.796,5,96,370307852.0
return_history_control,71773858,16.665,5,96,370307852.0
return_history_control,71790524,16.666,5,96,370629248.0
return_history_control,71807180,16.656,5,96,370778360.0
return_history_control,71823843,16.663,5,96,370787518.0
return_history_control,71841096,17.253,5,96,370787060.0
return_history_control,71857190,16.094,5,96,370932732.0
return_history_control,71873854,16.664,5,96,370939692.0
return_history_control,71890525,16.671,5,96,370943172.0
return_history_control,71907179,16.654,5,96,371087856.0
return_history_control,71923860,16.681,5,96,371094816.0
return_history_control,71942338,18.478,5,96,371100036.0
return_history_control,71957257,14.919,5,96,371254700.0
return_history_control,71973835,16.578,5,96,371266012.0
return_history_control,71992197,18.362,5,96,371263024.0
return_history_control,72007182,14.985,5,96,371461236.0
return_history_control,72023848,16.666,5,96,371741940.0
return_history_control,72042063,18.215,5,96,371750120.0
return_history_control,72057184,15.121,5,96,371911492.0
return_history_control,72073854,16.67,5,96,372057808.0
return_history_control,72091918,18.064,5,96,372065992.0
return_history_control,72107173,15.255,5,96,372227364.0
return_history_control,72123830,16.657,5,96,372374232.0
return_history_control,72141793,17.963,5,96,372380672.0
return_history_control,72157171,15.378,5,96,372542044.0
return_history_control,72173864,16.693,5,96,372669312.0
return_history_control,72191655,17.791,3,96,372680092.0
return_history_control,72207168,15.513,4,96,372781348.0
return_history_control,72223816,16.648,4,96,373026060.0
return_history_control,72241533,17.717,3,96,373208616.0
return_history_control,72257171,15.638,3,96,373596224.0
return_history_control,72273829,16.658,3,96,373536376.0
return_history_control,72291570,17.741,3,96,373642064.0
return_history_control,72307185,15.615,3,96,373613296.0
return_history_control,72323815,16.63,4,96,370322072.0
return_history_control,72341609,17.794,5,96,368897836.0
return_history_control,72357178,15.569,5,96,367516344.0
return_history_control,72373885,16.707,5,96,366434632.0
return_history_control,72391546,17.661,5,96,365063560.0
return_history_control,72407162,15.616,5,96,364461616.0
return_history_control,72423817,16.655,5,96,363240550.0
return_history_control,72441579,17.762,5,96,361755644.0
return_history_control,72457174,15.595,5,96,360864492.0
return_history_control,72473818,16.644,5,96,360007100.0
return_history_control,72491601,17.783,5,96,360017574.0
return_history_control,72507257,15.656,5,96,360016772.0
return_history_control,72523810,16.553,5,96,360150832.0
return_history_control,72541642,17.832,5,96,360157792.0
return_history_control,72557157,15.515,5,96,360163012.0
return_history_control,72573824,16.667,5,96,360163012.0
return_history_control,72591603,17.779,5,96,360319942.0
return_history_control,72607152,15.549,5,96,360319844.0
return_history_control,72623819,16.667,5,96,360319844.0
return_history_control,72641603,17.784,5,96,360481464.0
return_history_control,72657144,15.541,5,96,360477256.0
return_history_control,72673818,16.674,5,96,360479516.0
return_history_control,72691628,17.81,5,96,360684188.0
return_history_control,72707148,15.52,5,96,360872960.0
return_history_control,72723821,16.673,5,96,360875852.0
return_history_control,72741706,17.885,5,96,361016068.0
return_history_control,72757140,15.434,5,96,361015332.0
return_history_control,72773813,16.673,5,96,361022292.0
return_history_control,72791702,17.889,5,96,361022292.0
return_history_control,72807147,15.445,5,96,361172200.0
return_history_control,72823801,16.654,5,96,361178640.0
return_history_control,72841685,17.884,5,96,361180900.0
return_history_control,72857133,15.448,5,96,361326044.0
return_history_control,72873795,16.662,5,96,361333004.0
return_history_control,72891699,17.904,5,96,361336484.0
return_history_control,72907134,15.435,5,96,361511968.0
return_history_control,72923822,16.688,5,96,361534476.0
return_history_control,72941706,17.884,5,96,361540304.0
return_history_control,72957146,15.44,5,96,361701672.0
return_history_control,72973826,16.68,5,96,361837600.0
return_history_control,72991777,17.951,5,96,361842304.0
return_history_control,73007154,15.377,5,96,362003676.0
return_history_control,73023799,16.645,5,96,362165264.0
return_history_control,73041720,17.921,5,96,362171704.0
return_history_control,73057133,15.413,5,96,362333076.0
return_history_control,73074438,17.305,5,96,362501392.0
return_history_control,73091729,17.291,5,96,362507832.0
return_history_control,73107146,15.417,5,96,362669204.0
return_history_control,73123788,16.642,5,96,362836408.0
return_history_control,73141724,17.936,1,96,362845312.0
return_history_control,73157141,15.417,3,96,362981144.0
return_history_control,73173789,16.648,2,96,363232916.0
return_history_control,73191766,17.977,1,96,363397596.0
return_history_control,73207131,15.365,1,96,363530436.0
return_history_control,73223878,16.747,1,96,363793772.0
return_history_control,73241765,17.887,1,96,363806492.0
return_history_control,73257123,15.358,5,96,360888696.0
return_history_control,73273796,16.673,6,96,359370072.0
return_history_control,73291771,17.975,6,96,358680048.0
return_history_control,73307127,15.356,6,96,357081812.0
return_history_control,73323817,16.69,6,96,355948096.0
return_history_control,73341857,18.04,6,96,354645988.0
return_history_control,73357119,15.262,6,96,353520844.0
return_history_control,73373792,16.673,6,96,352938992.0
return_history_control,73391782,17.99,6,96,353149520.0
return_history_control,73407120,15.338,3,96,353211936.0
return_history_control,73423906,16.786,4,96,353330712.0
return_history_control,73441797,17.891,4,96,353578004.0
return_history_control,73457126,15.329,3,96,353758304.0
return_history_control,73473799,16.673,4,96,352614892.0
return_history_control,73491782,17.983,5,96,352080864.0
return_history_control,73507106,15.324,5,96,350851728.0
return_history_control,73523799,16.693,5,96,350585336.0
return_history_control,73541784,17.985,5,96,350743388.0
return_history_control,73557118,15.334,5,96,350747088.0
return_history_control,73573785,16.667,5,96,350747088.0
return_history_control,73591817,18.032,5,96,350747088.0
return_history_control,73607110,15.293,5,96,350826376.0
return_history_control,73623792,16.682,5,96,350829856.0
return_history_control,73641834,18.042,5,96,351004504.0
return_history_control,73657137,15.303,5,96,351007984.0
return_history_control,73673775,16.638,5,96,351007984.0
return_history_control,73691804,18.029,5,96,351007984.0
return_history_control,73707119,15.315,5,96,351007984.0
return_history_control,73723783,16.664,5,96,351114556.0
return_history_control,73741781,17.998,5,96,351116296.0
return_history_control,73757101,15.32,3,96,351274144.0
return_history_control,73773789,16.688,3,96,351504192.0
return_history_control,73790431,16.642,3,96,351569496.0
return_history_control,73807103,16.672,0,96,351835204.0
return_history_control,73823773,16.67,5,96,350799540.0
return_history_control,73841707,17.934,7,96,349988836.0
return_history_control,73857104,15.397,7,96,348959400.0
return_history_control,73873772,16.668,7,96,348962352.0
return_history_control,73891579,17.807,7,96,349124178.0
return_history_control,73907112,15.533,7,96,349132512.0
return_history_control,73923799,16.687,7,96,349129192.0
return_history_control,73941642,17.843,7,96,349300772.0
return_history_control,73957105,15.463,7,96,349306512.0
return_history_control,73973771,16.666,7,96,349310328.0
return_history_control,73991602,17.831,5,96,349467796.0
return_history_control,74007095,15.493,5,96,349725596.0
return_history_control,74023750,16.655,5,96,349742404.0
return_history_control,74041564,17.814,4,96,350109764.0
return_history_control,74057101,15.537,4,96,349704928.0
return_history_control,74073747,16.646,5,96,349881236.0
return_history_control,74091510,17.763,5,96,349889220.0
return_history_control,74107090,15.58,5,96,349889216.0
return_history_control,74123753,16.663,5,96,350134692.0
return_history_control,74141565,17.812,5,96,350141616.0
return_history_control,74157106,15.541,5,96,350141616.0
return_history_control,74174283,17.177,5,96,350361786.0
return_history_control,74191449,17.166,5,96,350366016.0
return_history_control,74207100,15.651,5,96,350491788.0
return_history_control,74223742,16.642,5,96,350648104.0
return_history_control,74241431,17.689,3,96,350650100.0
return_history_control,74257084,15.653,3,96,350918200.0
return_history_control,74273762,16.678,3,96,350945872.0
return_history_control,74291424,17.662,2,96,351208936.0
return_history_control,74307093,15.669,4,96,350794552.0
return_history_control,74323745,16.652,5,96,350970916.0
return_history_control,74341419,17.674,5,96,350979544.0
return_history_control,74357085,15.666,5,96,350982452.0
return_history_control,74373753,16.668,5,96,351084344.0
return_history_control,74391418,17.665,5,96,351233740.0
return_history_control,74407082,15.664,5,96,351244660.0
return_history_control,74423751,16.669,5,96,351238712.0
return_history_control,74441378,17.627,5,96,351442848.0
return_history_control,74457182,15.804,5,96,351449808.0
return_history_control,74473748,16.566,5,96,351557840.0
return_history_control,74491356,17.608,5,96,351555116.0
return_history_control,74507103,15.747,5,96,351748028.0
return_history_control,74523746,16.643,5,96,351749620.0
return_history_control,74541359,17.613,5,96,351908824.0
return_history_control,74557078,15.719,5,96,352016964.0
return_history_control,74573735,16.657,5,96,352024428.0
return_history_control,74591336,17.601,5,96,352261416.0
return_history_control,74607064,15.728,5,96,352393308.0
return_history_control,74623726,16.662,5,96,352400268.0
return_history_control,74641337,17.611,5,96,352405488.0
return_history_control,74657080,15.743,5,96,352405488.0
return_history_control,74673728,16.648,5,96,352588980.0
return_history_control,74691319,17.591,5,96,352595940.0
return_history_control,74707071,15.752,5,96,352597680.0
return_history_control,74724295,17.224,5,96,352766640.0
return_history_control,74741288,16.993,5,96,352774344.0
return_history_control,74757097,15.809,5,96,352834744.0
return_history_control,74773730,16.633,5,96,353014900.0
return_history_control,74791289,17.559,5,96,353021860.0
return_history_control,74807081,15.792,5,96,353025340.0
return_history_control,74823732,16.651,5,96,353255256.0
return_history_control,74841250,17.518,5,96,353352800.0
return_history_control,74857064,15.814,5,96,353358572.0
return_history_control,74873737,16.673,5,96,353462976.0
return_history_control,74891223,17.486,5,96,353628268.0
return_history_control,74907056,15.833,5,96,353635228.0
return_history_control,74923732,16.676,5,96,353641544.0
return_history_control,74941220,17.488,5,96,353641544.0
return_history_control,74957056,15.836,5,96,353819536.0
return_history_control,74973739,16.683,5,96,353825276.0
return_history_control,74991166,17.427,5,96,353916088.0
return_history_control,75007084,15.918,5,96,354077592.0
return_history_control,75023712,16.628,5,96,354084552.0
return_history_control,75041149,17.437,5,96,354094260.0
return_history_control,75057058,15.909,5,96,354284292.0
return_history_control,75073717,16.659,5,96,354288008.0
return_history_control,75090414,16.697,5,96,354292008.0
return_history_control,75107084,16.67,5,96,354372120.0
return_history_control,75123710,16.626,5,96,354550488.0
return_history_control,75140460,16.75,5,96,354552416.0
return_history_control,75157122,16.662,5,96,354605188.0
return_history_control,75173722,16.6,5,96,354605180.0
return_history_control,75191279,17.557,5,96,354861764.0
return_history_control,75207070,15.791,1,96,354871524.0
return_history_control,75223721,16.651,3,96,355070116.0
return_history_control,75241144,17.423,2,96,355223564.0
return_history_control,75257137,15.993,1,96,355548912.0
return_history_control,75273714,16.577,1,96,355621372.0
return_history_control,75291010,17.296,1,96,355992824.0
return_history_control,75307053,16.043,1,96,356124072.0
return_history_control,75323712,16.659,1,96,356090240.0
return_history_control,75341006,17.294,5,96,356346652.0
return_history_control,75357033,16.027,6,96,356481218.0
return_history_control,75373698,16.665,6,96,356483720.0
return_history_control,75390952,17.254,6,96,356487720.0
return_history_control,75407058,16.106,6,96,356641532.0
return_history_control,75423692,16.634,6,96,356737896.0
return_history_control,75440901,17.209,6,96,356744856.0
return_history_control,75457041,16.14,6,96,356746592.0
return_history_control,75473701,16.66,6,96,356940076.0
return_history_control,75490901,17.2,6,96,356960688.0
return_history_control,75507040,16.139,6,96,357122068.0
return_history_control,75523716,16.676,6,96,357122068.0
return_history_control,75540909,17.193,6,96,357477112.0
return_history_control,75557090,16.181,6,96,357556324.0
return_history_control,75573709,16.619,6,96,357554244.0
return_history_control,75590936,17.227,6,96,357725464.0
return_history_control,75607040,16.104,6,96,357913368.0
return_history_control,75623708,16.668,6,96,357917198.0
return_history_control,75640809,17.101,6,96,357917056.0
return_history_control,75657051,16.242,6,96,358108388.0
return_history_control,75673706,16.655,6,96,358130984.0
return_history_control,75690778,17.072,6,96,358137944.0
return_history_control,75707045,16.267,6,96,358197252.0
return_history_control,75723699,16.654,6,96,358550248.0
return_history_control,75740738,17.039,6,96,358382808.0
return_history_control,75757031,16.293,6,96,358543788.0
return_history_control,75773713,16.682,6,96,358543788.0
return_history_control,75790711,16.998,6,96,358877836.0
return_history_control,75807035,16.324,6,96,358884796.0
return_history_control,75823695,16.66,6,96,358910780.0
return_history_control,75840757,17.062,6,96,359076540.0
return_history_control,75857028,16.271,6,96,359083500.0
return_history_control,75873695,16.667,6,96,359088720.0
return_history_control,75890708,17.013,6,96,359088720.0
return_history_control,75907017,16.309,6,96,359255904.0
return_history_control,75923689,16.672,6,96,359262864.0
return_history_control,75940664,16.975,6,96,359262864.0
return_history_control,75957015,16.351,6,96,359501448.0
return_history_control,75973687,16.672,6,96,359509016.0
return_history_control,75990656,16.969,6,96,359670388.0
return_history_control,76007015,16.359,6,96,359670388.0
return_history_control,76023670,16.655,6,96,359956200.0
return_history_control,76040660,16.99,6,96,359962636.0
return_history_control,76057005,16.345,6,96,360098000.0
return_history_control,76073674,16.669,6,96,360262908.0
return_history_control,76090595,16.921,6,96,360269868.0
return_history_control,76107023,16.428,6,96,360273348.0
return_history_control,76123704,16.681,6,96,360400504.0
return_history_control,76140598,16.894,6,96,360520624.0
return_history_control,76157021,16.423,6,96,360525844.0
return_history_control,76173679,16.658,6,96,360648080.0
return_history_control,76190343,16.664,6,96,360759624.0
return_history_control,76207008,16.665,3,96,360767896.0
return_history_control,76223681,16.673,4,96,360987512.0
return_history_control,76240332,16.651,4,96,361121128.0
return_history_control,76257018,16.686,3,96,361294496.0
return_history_control,76273670,16.652,3,96,361486648.0
return_history_control,76290332,16.662,3,96,361748252.0
return_history_control,76306999,16.667,3,96,361873652.0
return_history_control,76323684,16.685,3,96,361845540.0
return_history_control,76340346,16.662,4,96,361691324.0
recovery,76379004,38.658,4,96,361815048.0
recovery,76385598,6.594,4,96,361815044.0
recovery,76395695,10.097,4,96,361815072.0
recovery,76412332,16.637,4,96,361973492.0
recovery,76428999,16.667,4,96,361980452.0
recovery,76445685,16.686,4,96,361982264.0
recovery,76462342,16.657,4,96,362141740.0
recovery,76479102,16.76,4,96,362151556.0
recovery,76495697,16.595,4,96,362149180.0
recovery,76512342,16.645,4,96,362297256.0
recovery,76529002,16.66,4,96,362303692.0
recovery,76545665,16.663,4,96,362357092.0
recovery,76562358,16.693,4,96,362357236.0
recovery,76578994,16.636,4,96,362535004.0
recovery,76595673,16.679,4,96,362540224.0
recovery,76612338,16.665,4,96,362540224.0
recovery,76628996,16.658,4,96,362758300.0
recovery,76645665,16.669,4,96,362765260.0
recovery,76662343,16.678,4,96,362767216.0
recovery,76679036,16.693,4,96,362926416.0
recovery,76695663,16.627,4,96,362933600.0
recovery,76712335,16.672,4,96,362939340.0
recovery,76729020,16.685,4,96,363180208.0
recovery,76745664,16.644,4,96,363086204.0
recovery,76762325,16.661,4,96,363093436.0
recovery,76779002,16.677,4,96,363093436.0
recovery,76795656,16.654,4,96,363237092.0
recovery,76812336,16.68,4,96,363242644.0
recovery,76828996,16.66,4,96,363403536.0
recovery,76845659,16.663,4,96,363484412.0
recovery,76862313,16.654,4,96,363491372.0
recovery,76879004,16.691,4,96,363493112.0
recovery,76895655,16.651,4,96,363659768.0
recovery,76912323,16.668,4,96,363667336.0
recovery,76928997,16.674,4,96,363673076.0
recovery,76945943,16.946,4,96,363951840.0
recovery,76962324,16.381,4,96,363825920.0
recovery,76978995,16.671,4,96,363851516.0
recovery,76995663,16.668,4,96,363851516.0
recovery,77012332,16.669,4,96,364022968.0
recovery,77029049,16.717,4,96,364028188.0
recovery,77045662,16.613,4,96,364030432.0
recovery,77062304,16.642,4,96,364239016.0
recovery,77078993,16.689,4,96,364247334.0
recovery,77095653,16.66,4,96,364248988.0
recovery,77112324,16.671,4,96,364248992.0
recovery,77128982,16.658,4,96,364427556.0
recovery,77145656,16.674,3,96,364428656.0
recovery,77162327,16.671,4,96,364532216.0
recovery,77178976,16.649,4,96,364775304.0
recovery,77195636,16.66,4,96,364805152.0
recovery,77212315,16.679,4,96,364923620.0
recovery,77228970,16.655,4,96,365175856.0
recovery,77245630,16.66,4,96,365302652.0
recovery,77262318,16.688,4,96,365191876.0
recovery,77278985,16.667,4,96,365494902.0
recovery,77295630,16.645,4,96,365348564.0
recovery,77312299,16.669,4,96,365361480.0
recovery,77328990,16.691,4,96,365355524.0
recovery,77345923,16.933,4,96,365500388.0
recovery,77362302,16.379,4,96,365512312.0
recovery,77379032,16.73,4,96,365511160.0
recovery,77395650,16.618,4,96,365511908.0
recovery,77412299,16.649,4,96,365755560.0
recovery,77428963,16.664,4,96,365767956.0
recovery,77445642,16.679,4,96,365764260.0
recovery,77462302,16.66,4,96,365936284.0
recovery,77478971,16.669,4,96,365943856.0
recovery,77495642,16.671,4,96,365949076.0
recovery,77513502,17.86,4,96,366336772.0
recovery,77528980,15.478,4,96,366106988.0
recovery,77545640,16.66,4,96,366113944.0
recovery,77563312,17.672,4,96,366113948.0
recovery,77578974,15.662,4,96,366253252.0
recovery,77595625,16.651,4,96,366260956.0
recovery,77612304,16.679,4,96,366263912.0
recovery,77628972,16.668,4,96,366440740.0
recovery,77645626,16.654,4,96,366454238.0
recovery,77662389,16.763,4,96,366511040.0
recovery,77678967,16.578,4,96,366511040.0
recovery,77695623,16.656,4,96,366693500.0
recovery,77712938,17.315,4,96,366692764.0
recovery,77728970,16.032,4,96,366834160.0
recovery,77745622,16.652,4,96,366959768.0
recovery,77762794,17.172,4,96,366966208.0
recovery,77779022,16.228,4,96,366968468.0
recovery,77795617,16.595,4,96,367134540.0
recovery,77812277,16.66,4,96,367143432.0
recovery,77828984,16.707,4,96,367141480.0
recovery,77845608,16.624,4,96,367301292.0
recovery,77862275,16.667,4,96,367314124.0
recovery,77878941,16.666,4,96,367319344.0
recovery,77895617,16.676,4,96,367319344.0
recovery,77912282,16.665,4,96,367499124.0
recovery,77928933,16.651,4,96,367506084.0
recovery,77945612,16.679,4,96,367509888.0
recovery,77962266,16.654,4,96,367675840.0
recovery,77978939,16.673,4,96,367682280.0
recovery,77995603,16.664,4,96,367792840.0
recovery,78012284,16.681,4,96,367792840.0
recovery,78028958,16.674,4,96,367972104.0
recovery,78045605,16.647,1,96,367980028.0
recovery,78062279,16.674,3,96,368213568.0
recovery,78078928,16.649,4,96,368497504.0
recovery,78095601,16.673,4,96,368620116.0
recovery,78112270,16.669,4,96,368932544.0
recovery,78128959,16.689,4,96,369105628.0
recovery,78145595,16.636,4,96,368971696.0
recovery,78162295,16.7,4,96,368971688.0
recovery,78178938,16.643,4,96,369150632.0
recovery,78195601,16.663,4,96,369157592.0
recovery,78212269,16.668,4,96,369157680.0
recovery,78228925,16.656,4,96,369335744.0
recovery,78245587,16.662,3,96,369342900.0
recovery,78262266,16.679,3,96,369451136.0
recovery,78278938,16.672,3,96,369461076.0
recovery,78295590,16.652,3,96,369633772.0
recovery,78312279,16.689,3,96,369638992.0
recovery,78328937,16.658,4,96,369727112.0
recovery,78345586,16.649,4,96,369916632.0
recovery,78362254,16.668,4,96,369923808.0
recovery,78378944,16.69,4,96,369927284.0
recovery,78395589,16.645,4,96,370090488.0
recovery,78412267,16.678,4,96,370097448.0
recovery,78428936,16.669,4,96,370171040.0
recovery,78445587,16.651,4,96,370344140.0
recovery,78462258,16.671,0,96,370370352.0
recovery,78478935,16.677,1,96,370741602.0
recovery,78495594,16.659,2,96,370870338.0
recovery,78512261,16.667,2,96,370878986.0
recovery,78528935,16.674,2,96,370880946.0
recovery,78545584,16.649,2,96,371031562.0
recovery,78562250,16.666,4,96,371043914.0
recovery,78578928,16.678,4,96,371045654.0
recovery,78595604,16.676,4,96,371176930.0
recovery,78612272,16.668,4,96,371293938.0
recovery,78628917,16.645,4,96,371299158.0
recovery,78645583,16.666,4,96,371299158.0
recovery,78662248,16.665,4,96,371475146.0
recovery,78678920,16.672,4,96,371482106.0
recovery,78695589,16.669,4,96,371487266.0
recovery,78712244,16.655,4,96,371638450.0
recovery,78728915,16.671,4,96,371649924.0
recovery,78745571,16.656,4,96,371690150.0
recovery,78762256,16.685,4,96,371680694.0
recovery,78778981,16.725,4,96,371854698.0
recovery,78795588,16.607,4,96,371858578.0
recovery,78812253,16.665,4,96,371858578.0
recovery,78828919,16.666,4,96,372090938.0
recovery,78845583,16.664,4,96,372097378.0
recovery,78862253,16.67,4,96,372151182.0
recovery,78878964,16.711,4,96,372151186.0
recovery,78896027,17.063,4,96,372335274.0
recovery,78912243,16.216,4,96,372342978.0
recovery,78928917,16.674,4,96,372412590.0
recovery,78945590,16.673,4,96,372579154.0
recovery,78962244,16.654,4,96,372585594.0
recovery,78978966,16.722,4,96,372589574.0
recovery,78995564,16.598,4,96,372774170.0
recovery,79012231,16.667,4,96,372837386.0
recovery,79028909,16.678,4,96,372836650.0
recovery,79045581,16.672,4,96,372892454.0
recovery,79062235,16.654,4,96,373074802.0
recovery,79078906,16.671,4,96,373081762.0
recovery,79095571,16.665,4,96,373085242.0
recovery,79112236,16.665,4,96,373254270.0
recovery,79128907,16.671,4,96,373308418.0
recovery,79145576,16.669,4,96,373319810.0
recovery,79162241,16.665,4,96,373318246.0
recovery,79178896,16.655,4,96,373512042.0
recovery,79195576,16.68,4,96,373514038.0
recovery,79212238,16.662,4,96,373538318.0
recovery,79228905,16.667,4,96,373538318.0
recovery,79245550,16.645,4,96,373718630.0
recovery,79262235,16.685,4,96,373723850.0
recovery,79278900,16.665,4,96,373723850.0
recovery,79295559,16.659,4,96,373952762.0
recovery,79312223,16.664,4,96,373959722.0
recovery,79328947,16.724,4,96,373963202.0
recovery,79345556,16.609,4,96,374249682.0
recovery,79362230,16.674,4,96,374112738.0
recovery,79378884,16.654,1,96,374121062.0
recovery,79395578,16.694,3,96,374518864.0
recovery,79412216,16.638,4,96,374798228.0
recovery,79428882,16.666,4,96,374917468.0
recovery,79446156,17.274,4,96,375073412.0
recovery,79462235,16.079,4,96,375196192.0
recovery,79478888,16.653,4,96,375228520.0
recovery,79495557,16.669,4,96,375235532.0
recovery,79512229,16.672,4,96,375235532.0
recovery,79528895,16.666,4,96,375461396.0
recovery,79545543,16.648,4,96,375474516.0
recovery,79562220,16.677,4,96,375468576.0
recovery,79578879,16.659,4,96,375714094.0
recovery,79595556,16.677,4,96,375718672.0
recovery,79612223,16.667,4,96,375725632.0
recovery,79628892,16.669,4,96,375725632.0
recovery,79645543,16.651,4,96,375874232.0
recovery,79662209,16.666,4,96,375881696.0
recovery,79678887,16.678,4,96,375871832.0
recovery,79695534,16.647,4,96,376033596.0
recovery,79712203,16.669,4,96,376040556.0
recovery,79729005,16.802,4,96,376166520.0
recovery,79745532,16.527,4,96,376275060.0
recovery,79762206,16.674,4,96,376281500.0
recovery,79778883,16.677,4,96,376348900.0
recovery,79795543,16.66,4,96,376348896.0
recovery,79812216,16.673,4,96,376523364.0
recovery,79828918,16.702,4,96,376531068.0
recovery,79845551,16.633,4,96,376532808.0
recovery,79862216,16.665,4,96,376732148.0
recovery,79878895,16.679,4,96,376787036.0
recovery,79895543,16.648,4,96,376792776.0
recovery,79912207,16.664,4,96,376945994.0
recovery,79928899,16.692,4,96,376952434.0
recovery,79945536,16.637,4,96,376953716.0
recovery,79962207,16.671,4,96,377059032.0
recovery,79978861,16.654,4,96,377187056.0
recovery,79995790,16.929,4,96,377194016.0
recovery,80012213,16.423,4,96,377204236.0
recovery,80028855,16.642,4,96,377390126.0
recovery,80045520,16.665,4,96,377392676.0
recovery,80062202,16.682,4,96,377398416.0
recovery,80078858,16.656,4,96,377541468.0
recovery,80095528,16.67,4,96,377543580.0
recovery,80112197,16.669,4,96,377548968.0
recovery,80128867,16.67,4,96,377548964.0
recovery,80145525,16.658,4,96,377716056.0
recovery,80162197,16.672,4,96,377721276.0
recovery,80178865,16.668,4,96,377817000.0
recovery,80195515,16.65,4,96,377951972.0
recovery,80212194,16.679,4,96,377958936.0
recovery,80228864,16.67,4,96,377963464.0
recovery,80245510,16.646,4,96,378145160.0
recovery,80262184,16.674,4,96,378152120.0
recovery,80278974,16.79,3,96,378155756.0
recovery,80295521,16.547,3,96,378412956.0
recovery,80312197,16.676,4,96,378522660.0
recovery,80328854,16.657,4,96,378640624.0
recovery,80345572,16.718,4,96,378761200.0
recovery,80362197,16.625,4,96,379013300.0
recovery,80378862,16.665,4,96,378913736.0
recovery,80395522,16.66,4,96,378917212.0
recovery,80412179,16.657,4,96,379060572.0
recovery,80428834,16.655,4,96,379067836.0
recovery,80445524,16.69,4,96,379073052.0
recovery,80462177,16.653,4,96,379384786.0
recovery,80478848,16.671,4,96,379236479.0
recovery,80495520,16.672,4,96,379241632.0
recovery,80512180,16.66,4,96,379241628.0
recovery,80528841,16.661,4,96,379425364.0
recovery,80545507,16.666,4,96,379431804.0
recovery,80562191,16.684,4,96,379434064.0
recovery,80578842,16.651,4,96,379582536.0
recovery,80595521,16.679,4,96,379589496.0
recovery,80612181,16.66,4,96,379592972.0
recovery,80628873,16.692,4,96,379758660.0
recovery,80645501,16.628,4,96,379766676.0
recovery,80662173,16.672,4,96,379771896.0
recovery,80678846,16.673,4,96,379771896.0
recovery,80695508,16.662,4,96,379934534.0
recovery,80712191,16.683,4,96,379937260.0
recovery,80728876,16.685,4,96,379939520.0
recovery,80745500,16.624,4,96,380145768.0
recovery,80762157,16.657,4,96,380152728.0
recovery,80778840,16.683,4,96,380156208.0
recovery,80795498,16.658,4,96,380319268.0
recovery,80812159,16.661,4,96,380372376.0
recovery,80829062,16.903,4,96,380381218.0
recovery,80845505,16.443,4,96,380474700.0
recovery,80862169,16.664,4,96,380474700.0
recovery,80878826,16.657,4,96,380655604.0
recovery,80895510,16.684,4,96,380660824.0
recovery,80912163,16.653,4,96,380757852.0
recovery,80928822,16.659,4,96,380899860.0
recovery,80945486,16.664,4,96,380907428.0
recovery,80962163,16.677,4,96,381104492.0
recovery,80978832,16.669,4,96,381008004.0
recovery,80995497,16.665,4,96,381167548.0
recovery,81012162,16.665,4,96,381173800.0
recovery,81028829,16.667,4,96,381202364.0
recovery,81045503,16.674,4,96,381616964.0
recovery,81062160,16.657,4,96,381429292.0
recovery,81078826,16.666,4,96,381436252.0
recovery,81095496,16.67,4,96,381436248.0
recovery,81112163,16.667,4,96,381685682.0
recovery,81128853,16.69,4,96,381692118.0
recovery,81145494,16.641,4,96,381693404.0
recovery,81162158,16.664,4,96,381802920.0
recovery,81178813,16.655,4,96,381939524.0
recovery,81195475,16.662,0,96,381960172.0
recovery,81212152,16.677,1,96,382377756.0
recovery,81228826,16.674,2,96,382489004.0
recovery,81245485,16.659,4,96,382778056.0
recovery,81262139,16.654,4,96,382893452.0
recovery,81278808,16.669,4,96,383076080.0
recovery,81295488,16.68,4,96,382957572.0
recovery,81312146,16.658,4,96,383120154.0
recovery,81328822,16.676,4,96,383120348.0
recovery,81345485,16.663,4,96,383120348.0
recovery,81362153,16.668,4,96,383236608.0
recovery,81378820,16.667,4,96,383368060.0
recovery,81395469,16.649,4,96,383375020.0
recovery,81412150,16.681,4,96,383375020.0
recovery,81428808,16.658,4,96,383605284.0
recovery,81445481,16.673,4,96,383612580.0
recovery,81462151,16.67,4,96,383616056.0
recovery,81478812,16.661,4,96,383929168.0
recovery,81495487,16.675,4,96,383773464.0
recovery,81512142,16.655,4,96,383776148.0
recovery,81528906,16.764,4,96,383776148.0
recovery,81545468,16.562,4,96,383930380.0
recovery,81562134,16.666,4,96,383937340.0
recovery,81578847,16.713,4,96,383937340.0
recovery,81595464,16.617,4,96,384092896.0
recovery,81612137,16.673,4,96,384103128.0
recovery,81628808,16.671,4,96,384105388.0
recovery,81645473,16.665,4,96,384265788.0
recovery,81662122,16.649,4,96,384273492.0
recovery,81678798,16.676,4,96,384276972.0
recovery,81695456,16.658,4,96,384421672.0
recovery,81712133,16.677,4,96,384428632.0
recovery,81728805,16.672,4,96,384433852.0
recovery,81745456,16.651,4,96,384711888.0
recovery,81762146,16.69,4,96,384579304.0
recovery,81778800,16.654,4,96,384584748.0
recovery,81795463,16.663,4,96,384584748.0
recovery,81812121,16.658,4,96,384736900.0
recovery,81828793,16.672,4,96,384743860.0
recovery,81845463,16.67,4,96,384743856.0
recovery,81862120,16.657,4,96,384910320.0
recovery,81878795,16.675,4,96,384917888.0
recovery,81895470,16.675,4,96,384920148.0
recovery,81912116,16.646,4,96,385066996.0
recovery,81928780,16.664,4,96,385071488.0
recovery,81945770,16.99,4,96,385072968.0
recovery,81962119,16.349,4,96,385213956.0
recovery,81978786,16.667,4,96,385220916.0
recovery,81995463,16.677,4,96,385224396.0
recovery,82012115,16.652,4,96,385384816.0
recovery,82028782,16.667,4,96,385385828.0
recovery,82045459,16.677,4,96,385389308.0
recovery,82062109,16.65,4,96,385538804.0
recovery,82078772,16.663,4,96,385545768.0
recovery,82095443,16.671,1,96,385553684.0
recovery,82112126,16.683,2,96,386030056.0
recovery,82128785,16.659,3,96,386306340.0
recovery,82145449,16.664,3,96,386449612.0
recovery,82162125,16.676,3,96,386573780.0
recovery,82178797,16.672,4,96,386487220.0
recovery,82195443,16.646,4,96,386654092.0
recovery,82212325,16.882,4,96,386661268.0
recovery,82228784,16.459,4,96,386661268.0
recovery,82245443,16.659,4,96,386816728.0
recovery,82262116,16.673,4,96,386821912.0
recovery,82278784,16.668,4,96,386823652.0
recovery,82295440,16.656,4,96,386975404.0
recovery,82312109,16.669,4,96,386982364.0
recovery,82328778,16.669,4,96,386985844.0
recovery,82345444,16.666,4,96,386985844.0
recovery,82362099,16.655,4,96,387167408.0
recovery,82378779,16.68,4,96,387174868.0
recovery,82395464,16.685,4,96,387167884.0
recovery,82412109,16.645,4,96,387321620.0
recovery,82428766,16.657,4,96,387328580.0
recovery,82445443,16.677,4,96,387332060.0
recovery,82462092,16.649,4,96,387476636.0
recovery,82478763,16.671,4,96,387488664.0
recovery,82495450,16.687,4,96,387487076.0
recovery,82512112,16.662,4,96,387627559.0
recovery,82528767,16.655,4,96,387632816.0
recovery,82545440,16.673,4,96,387638556.0
recovery,82562096,16.656,4,96,387839000.0
recovery,82578759,16.663,4,96,387918980.0
recovery,82595419,16.66,4,96,387925936.0
recovery,82612084,16.665,4,96,388073432.0
recovery,82628765,16.681,4,96,388182588.0
recovery,82645431,16.666,4,96,388195488.0
recovery,82662224,16.793,4,96,388193028.0
recovery,82678767,16.543,4,96,388367888.0
recovery,82695419,16.652,4,96,388475260.0
recovery,82712089,16.67,4,96,388482216.0
recovery,82728760,16.671,4,96,388482220.0
recovery,82745426,16.666,4,96,388779052.0
recovery,82762103,16.677,4,96,388787140.0
recovery,82778760,16.657,4,96,388817584.0
recovery,82795432,16.672,4,96,388817584.0
recovery,82812079,16.647,4,96,388988568.0
recovery,82828746,16.667,4,96,388996048.0
recovery,82845429,16.683,4,96,388996048.0
recovery,82862080,16.651,4,96,389156810.0
recovery,82878755,16.675,4,96,389159312.0
recovery,82895415,16.66,4,96,389162788.0
recovery,82912087,16.672,4,96,389321820.0
recovery,82928749,16.662,4,96,389328780.0
recovery,82945423,16.674,4,96,389332260.0
recovery,82962088,16.665,4,96,389491296.0
recovery,82978739,16.651,3,96,389578572.0
recovery,82995420,16.681,4,96,389698180.0
recovery,83012080,16.66,4,96,389956436.0
recovery,83028745,16.665,4,96,390138848.0
recovery,83045426,16.681,4,96,390230604.0
recovery,83062080,16.654,4,96,390485612.0
recovery,83078742,16.662,4,96,390398436.0
recovery,83095418,16.676,4,96,390403656.0
recovery,83112092,16.674,4,96,390476156.0
recovery,83128743,16.651,4,96,390660820.0
recovery,83145412,16.669,4,96,390667704.0
recovery,83162077,16.665,4,96,390669520.0
recovery,83178742,16.665,4,96,390888892.0
recovery,83195402,16.66,4,96,391029792.0
recovery,83212114,16.712,4,96,391035016.0
recovery,83228733,16.619,4,96,391184176.0
recovery,83245394,16.661,4,96,391185188.0
recovery,83262077,16.683,4,96,391190408.0
recovery,83278748,16.671,4,96,391190408.0
recovery,83295391,16.643,4,96,391347196.0
recovery,83312073,16.682,4,96,391347276.0
recovery,83328729,16.656,4,96,391485342.0
recovery,83345409,16.68,4,96,391480312.0
recovery,83362072,16.663,4,96,391686392.0
recovery,83378793,16.721,4,96,391693352.0
recovery,83395406,16.613,4,96,391721884.0
recovery,83412086,16.68,4,96,391937276.0
recovery,83428721,16.635,4,96,391944984.0
recovery,83445404,16.683,4,96,391948464.0
recovery,83462068,16.664,4,96,392045092.0
recovery,83478721,16.653,4,96,392191336.0
recovery,83495389,16.668,4,96,392198296.0
recovery,83512069,16.68,4,96,392308536.0
recovery,83528729,16.66,4,96,392441996.0
recovery,83545392,16.663,4,96,392448960.0
recovery,83562048,16.656,4,96,392519692.0
recovery,83578731,16.683,4,96,392519692.0
recovery,83595407,16.676,4,96,392703264.0
recovery,83612148,16.741,4,96,392710224.0
recovery,83628726,16.578,4,96,392711964.0
recovery,83645388,16.662,4,96,392902208.0
recovery,83662051,16.663,4,96,392914928.0
recovery,83678737,16.686,4,96,392920148.0
recovery,83695390,16.653,4,96,393043504.0
recovery,83712052,16.662,4,96,393159572.0
recovery,83728719,16.667,4,96,393166012.0
recovery,83745389,16.67,4,96,393170008.0
recovery,83762061,16.672,4,96,393319192.0
recovery,83778713,16.652,4,96,393412336.0
recovery,83795380,16.667,4,96,393419296.0
recovery,83812055,16.675,4,96,393421036.0
recovery,83828765,16.71,4,96,393610844.0
recovery,83845384,16.619,4,96,393665376.0
recovery,83862049,16.665,4,96,393671860.0
recovery,83878732,16.683,4,96,393671860.0
recovery,83895373,16.641,4,96,393860764.0
recovery,83912046,16.673,1,96,393868360.0
recovery,83928716,16.67,5,96,394179556.0
recovery,83945551,16.835,6,96,394467452.0
recovery,83962034,16.483,6,96,394681304.0
recovery,83978711,16.677,6,96,394781860.0
recovery,83995369,16.658,6,96,395008676.0
recovery,84012043,16.674,6,96,395194264.0
recovery,84028712,16.669,6,96,395105252.0
recovery,84045391,16.679,6,96,395107600.0
recovery,84062031,16.64,6,96,395254824.0
recovery,84079182,17.151,6,96,395261268.0
recovery,84095378,16.196,6,96,395263528.0
recovery,84112034,16.656,6,96,395405924.0
recovery,84129048,17.014,6,96,395412364.0
recovery,84145369,16.321,6,96,395414624.0
recovery,84162100,16.731,6,96,395569816.0
recovery,84178902,16.802,6,96,395578388.0
recovery,84195366,16.464,6,96,395580256.0
recovery,84212043,16.677,6,96,395716724.0
recovery,84228730,16.687,6,96,395724192.0
recovery,84245365,16.635,6,96,395732248.0
recovery,84262025,16.66,6,96,395874484.0
recovery,84278692,16.667,6,96,395885730.0
recovery,84295365,16.673,6,96,395884928.0
recovery,84312028,16.663,6,96,396026984.0
recovery,84328984,16.956,6,96,396036486.0
recovery,84345368,16.384,6,96,396038168.0
recovery,84362033,16.665,6,96,396038168.0
recovery,84378792,16.759,6,96,396265664.0
recovery,84395352,16.56,6,96,396277128.0
recovery,84412040,16.688,6,96,396276104.0
recovery,84429034,16.994,6,96,396443484.0
recovery,84445345,16.311,6,96,396507480.0
recovery,84462018,16.673,6,96,396518964.0
recovery,84478691,16.673,6,96,396514440.0
recovery,84495349,16.658,6,96,396662436.0
recovery,84512006,16.657,6,96,396668876.0
recovery,84528725,16.719,6,96,396671136.0
recovery,84545356,16.631,6,96,396814584.0
recovery,84562019,16.663,6,96,396822672.0
recovery,84578679,16.66,6,96,396985260.0
recovery,84595344,16.665,6,96,397188476.0
recovery,84612003,16.659,6,96,397237668.0
recovery,84630889,18.886,6,96,397560700.0
recovery,84645342,14.453,6,96,397728084.0
recovery,84662002,16.66,6,96,397639520.0
recovery,84678674,16.672,6,96,397639596.0
recovery,84695358,16.684,6,96,397800968.0
recovery,84712016,16.658,6,96,397947896.0
recovery,84728681,16.665,6,96,397949276.0
recovery,84745347,16.666,6,96,398110648.0
recovery,84762012,16.665,6,96,398257822.0
recovery,84778667,16.655,5,96,398267032.0
recovery,84795361,16.694,5,96,398442196.0
recovery,84812015,16.654,5,96,398632052.0
recovery,84828674,16.659,5,96,398914520.0
recovery,84845346,16.672,5,96,399035872.0
recovery,84862019,16.673,5,96,399275012.0
recovery,84878681,16.662,5,96,399177004.0
recovery,84895325,16.644,5,96,399341168.0
recovery,84912006,16.681,5,96,399341984.0
recovery,84928659,16.653,5,96,399651348.0
recovery,84945339,16.68,5,96,399591068.0
recovery,84962002,16.663,5,96,399598032.0
recovery,84979013,17.011,5,96,399631880.0
recovery,84995336,16.323,5,96,399631880.0
recovery,85011990,16.654,5,96,399830176.0
recovery,85028731,16.741,5,96,399837656.0
recovery,85045337,16.606,5,96,399837656.0
recovery,85061997,16.66,5,96,399989792.0
recovery,85078653,16.656,5,96,399997260.0
recovery,85095338,16.685,5,96,399999000.0
recovery,85111990,16.652,5,96,400160052.0
recovery,85128656,16.666,5,96,400163788.0
recovery,85145335,16.679,5,96,400164544.0
recovery,85162004,16.669,5,96,400164544.0
recovery,85178662,16.658,5,96,400338704.0
recovery,85195340,16.678,5,96,400344444.0
recovery,85211999,16.659,5,96,400479432.0
recovery,85228651,16.652,5,96,400604768.0
recovery,85245315,16.664,5,96,400612472.0
recovery,85262126,16.811,5,96,400617120.0
recovery,85278661,16.535,5,96,400617120.0
recovery,85295316,16.655,5,96,400790984.0
recovery,85311989,16.673,5,96,400796724.0
recovery,85328655,16.666,5,96,400841440.0
recovery,85345637,16.982,5,96,401028248.0
recovery,85361986,16.349,5,96,401027000.0
recovery,85378661,16.675,5,96,401032740.0
recovery,85395312,16.651,5,96,401163176.0
recovery,85411966,16.654,5,96,401293476.0
recovery,85428645,16.679,5,96,401299468.0
recovery,85445313,16.668,5,96,401328348.0
recovery,85461983,16.67,5,96,401328344.0
recovery,85478634,16.651,5,96,401557924.0
recovery,85495322,16.688,5,96,401563144.0
recovery,85511984,16.662,5,96,401609948.0
recovery,85528630,16.646,5,96,401817096.0
recovery,85545309,16.679,5,96,401857684.0
recovery,85561984,16.675,5,96,401862904.0
recovery,85578644,16.66,5,96,401921560.0
recovery,85595293,16.649,5,96,402110480.0
recovery,85611963,16.67,5,96,402118196.0
recovery,85628642,16.679,5,96,402122200.0
recovery,85645310,16.668,5,96,402228516.0
recovery,85661963,16.653,5,96,402382212.0
recovery,85678627,16.664,5,96,402389172.0
recovery,85695306,16.679,5,96,402390912.0
recovery,85712008,16.702,5,96,402590212.0
recovery,85728625,16.617,5,96,402649016.0
recovery,85745304,16.679,4,96,402648832.0
recovery,85761971,16.667,4,96,402927972.0
recovery,85778619,16.648,4,96,403204896.0
recovery,85795287,16.668,4,96,403393708.0
recovery,85811969,16.682,4,96,403494796.0
recovery,85828622,16.653,4,96,403771444.0
recovery,85845285,16.663,4,96,403682952.0
recovery,85861965,16.68,4,96,403688168.0
recovery,85878626,16.661,4,96,403995488.0
recovery,85895285,16.659,4,96,403949188.0
recovery,85911949,16.664,4,96,403956236.0
recovery,85928621,16.672,4,96,403961456.0
recovery,85945306,16.685,4,96,403961456.0
recovery,85961955,16.649,4,96,404162284.0
recovery,85978623,16.668,4,96,404166984.0
recovery,85995292,16.669,4,96,404328356.0
recovery,86011944,16.652,4,96,404490144.0
recovery,86028611,16.667,4,96,404501362.0
recovery,86045288,16.677,4,96,404502324.0
recovery,86061966,16.678,4,96,404502324.0
recovery,86078607,16.641,4,96,404698532.0
recovery,86095274,16.667,4,96,404705492.0
recovery,86111955,16.681,4,96,404764360.0
recovery,86128611,16.656,4,96,405081460.0
recovery,86145277,16.666,4,96,404968140.0
recovery,86161945,16.668,4,96,404973360.0
recovery,86178624,16.679,4,96,405083164.0
recovery,86195276,16.652,4,96,405233792.0
recovery,86211942,16.666,4,96,405240976.0
recovery,86228610,16.668,4,96,405402348.0
recovery,86245281,16.671,4,96,405402348.0
recovery,86261949,16.668,4,96,405602096.0
recovery,86278607,16.658,4,96,405608536.0
recovery,86295282,16.675,4,96,405610796.0
recovery,86311947,16.665,4,96,405767472.0
recovery,86328598,16.651,4,96,405858548.0
recovery,86345269,16.671,4,96,405863248.0
