phase,time_us,frame_ms,queued,sdf_pages,engine_static_bytes,process_ms,physics_ms,vegetation_us,process_span_ms,draw_span_ms,render_cpu_ms,render_gpu_ms,ecosystem_us,terrain_staging_ms,observer_ms
startup,3864619,216.701,0,0,67605664.0,215.867,1123.678,28,1.599,214.238,0.0,0.0,2,0.007,0.001
startup,3871726,7.107,0,0,67626286.0,7.014,0.052,9,0.784,6.217,0.0,0.0,2,0.007,0.05
startup,3880616,8.89,0,0,67631556.0,7.014,0.052,9,0.774,0.863,0.41499999165535,2.13599991798401,2,0.007,0.055
startup,3897291,16.675,0,0,67631088.0,7.014,0.052,9,0.809,10.542,0.35100001096725,2.08299994468689,3,0.007,0.053
startup,3913951,16.66,0,0,67634476.0,7.014,0.052,12,0.878,5.629,0.34999999403954,2.32299995422363,3,0.007,0.065
startup,3930611,16.66,0,0,67638126.0,7.014,0.052,9,0.788,0.887,0.70700001716614,2.27099990844727,3,0.007,0.06
startup,3947938,17.327,0,0,67635410.0,7.014,0.052,8,0.744,0.842,0.36899998784065,2.22000002861023,3,0.007,0.052
startup,3964191,16.253,0,0,67637700.0,7.014,0.052,9,0.76,0.921,0.33599999547005,1.89300000667572,2,0.008,0.053
startup,3980842,16.651,0,0,67619878.0,7.014,0.052,8,1.077,0.809,0.37000000476837,2.59400010108948,2,0.015,0.133
startup,3997465,16.623,0,0,67665738.0,7.014,0.052,9,1.283,1.04,0.33199998736382,0.99500000476837,2,0.017,0.154
startup,4013944,16.479,0,0,67664964.0,7.014,0.052,8,1.052,0.747,0.55800002813339,1.00100004673004,2,0.015,0.124
startup,4030602,16.658,0,0,67666054.0,15.651,0.246,8,0.791,14.844,0.34099999070168,0.99400001764297,2,0.007,0.055
startup,4047275,16.673,0,0,67669704.0,15.651,0.246,8,0.727,14.971,0.31999999284744,0.99699997901917,2,0.007,0.052
startup,4063959,16.684,0,0,67668702.0,15.651,0.246,7,0.763,14.876,0.32600000500679,1.00300002098084,2,0.008,0.054
startup,4080603,16.644,0,0,67669814.0,15.651,0.246,8,0.759,14.815,0.31999999284744,0.99699997901917,2,0.006,0.05
startup,4097267,16.664,0,0,67672906.0,15.651,0.246,8,0.761,14.764,0.31999999284744,0.99299997091293,2,0.007,0.052
startup,4113945,16.678,0,0,67828590.0,15.651,0.246,9,2.075,13.546,0.31900000572205,0.99500000476837,2,0.007,0.051
startup,4130597,16.652,0,0,67829614.0,15.651,0.246,8,0.764,15.13,0.34999999403954,1.23000001907349,2,0.007,0.054
startup,4147280,16.683,0,0,67831130.0,15.651,0.246,8,0.766,14.835,0.33300000429153,1.0,2,0.007,0.05
startup,4163929,16.649,0,0,67830622.0,15.651,0.246,9,0.791,14.782,0.33199998736382,1.0,2,0.007,0.055
startup,4180603,16.674,0,0,67833670.0,15.651,0.246,8,0.753,14.927,0.358000010252,0.99299997091293,3,0.007,0.054
startup,4197258,16.655,0,0,67792230.0,15.651,0.246,8,0.75,14.771,0.32699999213219,1.0,2,0.007,0.056
startup,4213933,16.675,0,0,67846990.0,15.651,0.246,8,0.738,14.911,0.32100000977516,0.99800002574921,2,0.007,0.049
startup,4230591,16.658,0,0,67849710.0,15.651,0.246,9,0.794,14.89,0.3289999961853,1.34700000286102,2,0.008,0.053
startup,4247267,16.676,0,0,67849070.0,15.651,0.246,9,0.742,14.949,0.32199999690056,1.35199999809265,2,0.008,0.052
startup,4263923,16.656,0,0,67851250.0,15.651,0.246,8,0.97,14.698,0.32499998807907,1.35500001907349,3,0.007,0.055
startup,4280598,16.675,0,0,67852994.0,15.651,0.246,8,0.718,14.966,0.31900000572205,1.35000002384186,2,0.007,0.05
startup,4297266,16.668,0,0,67852830.0,15.651,0.246,8,0.732,14.903,0.32300001382828,1.35000002384186,2,0.007,0.062
startup,4313932,16.666,0,0,67852696.0,15.651,0.246,8,0.771,14.878,0.32499998807907,1.35099995136261,2,0.008,0.054
startup,4330587,16.655,0,0,67857404.0,15.651,0.246,9,0.796,14.871,0.33100000023842,1.35099995136261,3,0.007,0.051
startup,4347284,16.697,0,0,67858488.0,15.651,0.246,8,0.746,14.972,0.32199999690056,1.35500001907349,2,0.007,0.052
startup,4363929,16.645,0,0,67858374.0,15.651,0.246,8,0.774,14.929,0.33000001311302,1.38399994373322,2,0.008,0.056
startup,4380595,16.666,0,0,67859482.0,15.651,0.246,8,0.858,14.854,0.33799999952316,1.37999999523163,2,0.008,0.058
startup,4397341,16.746,0,0,67860110.0,15.651,0.246,8,0.836,14.882,0.40900000929832,1.38399994373322,2,0.008,0.062
startup,4413929,16.588,0,0,67860398.0,15.651,0.246,8,0.87,14.709,0.34900000691414,1.35699999332428,2,0.008,0.054
startup,4430591,16.662,0,0,67859510.0,15.651,0.246,8,0.766,14.873,0.32800000905991,1.35300004482269,2,0.007,0.06
startup,4447262,16.671,0,0,67865214.0,15.651,0.246,8,0.759,14.886,0.33000001311302,1.35399997234344,3,0.008,0.053
startup,4463929,16.667,0,0,67862734.0,15.651,0.246,8,0.765,14.904,0.3289999961853,1.35500001907349,2,0.007,0.053
startup,4480587,16.658,0,0,67865558.0,15.651,0.246,8,0.735,14.876,0.32499998807907,1.35099995136261,3,0.007,0.055
startup,4497258,16.671,0,0,67840216.0,15.651,0.246,9,0.8,14.877,0.34499999880791,1.35300004482269,2,0.007,0.057
startup,4513924,16.666,0,0,67841030.0,15.651,0.246,8,0.774,14.909,0.32800000905991,1.39400005340576,3,0.009,0.055
startup,4530581,16.657,0,0,67842374.0,15.651,0.246,8,1.036,14.52,0.31700000166893,1.35300004482269,2,0.007,0.051
startup,4547253,16.672,0,0,67844740.0,15.651,0.246,8,0.751,14.836,0.33799999952316,1.35699999332428,2,0.006,0.06
startup,4563928,16.675,0,0,67844454.0,15.651,0.246,9,0.73,14.849,0.33300000429153,1.35699999332428,2,0.007,0.051
startup,4580589,16.661,0,0,67847236.0,15.651,0.246,8,0.777,14.818,0.32400000095367,1.35099995136261,2,0.007,0.057
startup,4597248,16.659,0,0,67846152.0,15.651,0.246,8,0.753,14.777,0.32100000977516,1.34700000286102,3,0.007,0.058
startup,4613911,16.663,0,0,67814850.0,15.651,0.246,8,0.723,14.846,0.33799999952316,1.34800004959106,3,0.008,0.05
startup,4630597,16.686,0,0,67867950.0,15.651,0.246,8,0.811,14.791,0.31900000572205,1.35500001907349,2,0.007,0.05
startup,4647258,16.661,0,0,67869050.0,15.651,0.246,8,0.964,14.613,0.31999999284744,1.35399997234344,2,0.008,0.053
startup,4663960,16.702,0,0,67872852.0,15.651,0.246,9,0.817,14.792,0.33500000834465,1.38199996948242,3,0.008,0.062
startup,4680582,16.622,0,0,67873954.0,15.651,0.246,8,0.78,14.748,0.358000010252,1.35500001907349,4,0.008,0.056
startup,4697244,16.662,0,0,67878634.0,15.651,0.246,7,0.754,14.814,0.32400000095367,1.35500001907349,3,0.007,0.053
startup,4713920,16.676,0,0,67878038.0,15.651,0.246,8,0.77,14.797,0.32100000977516,1.35399997234344,2,0.007,0.054
startup,4730580,16.66,0,0,67876762.0,15.651,0.246,8,0.814,14.724,0.34099999070168,1.35199999809265,3,0.008,0.055
startup,4747248,16.668,0,0,67878846.0,15.651,0.246,8,0.743,14.809,0.32100000977516,1.35399997234344,3,0.008,0.052
startup,4763905,16.657,0,0,67882402.0,15.651,0.246,8,0.805,14.707,0.34299999475479,1.35300004482269,3,0.007,0.052
startup,4780577,16.672,0,0,67882854.0,15.651,0.246,9,0.796,14.716,0.33399999141693,1.35300004482269,2,0.008,0.055
startup,4797250,16.673,0,0,67885284.0,15.651,0.246,8,0.968,14.541,0.31900000572205,1.35599994659424,2,0.007,0.056
startup,4813913,16.663,0,0,67880110.0,15.651,0.246,11,0.922,14.594,0.3289999961853,1.35300004482269,2,0.007,0.127
startup,4830578,16.665,0,0,67887490.0,15.651,0.246,8,0.774,14.735,0.34000000357628,1.35399997234344,2,0.007,0.052
startup,4847245,16.667,0,0,67887362.0,15.651,0.246,8,0.812,14.666,0.34900000691414,1.35199999809265,2,0.008,0.054
startup,4863910,16.665,0,0,67886118.0,15.651,0.246,8,0.807,14.694,0.32699999213219,1.35500001907349,3,0.007,0.063
startup,4880570,16.66,0,0,67836798.0,15.651,0.246,8,0.742,14.758,0.36300000548363,1.35399997234344,2,0.007,0.055
startup,4897234,16.664,0,0,67880688.0,15.651,0.246,8,0.742,14.749,0.33500000834465,1.35699999332428,3,0.007,0.053
startup,4913912,16.678,0,0,67881792.0,15.651,0.246,7,0.74,14.74,0.32600000500679,1.35199999809265,3,0.007,0.053
startup,4930565,16.653,0,0,67884750.0,15.651,0.246,9,0.76,14.75,0.31900000572205,1.35099995136261,3,0.007,0.052
startup,4947233,16.668,0,0,67881874.0,15.651,0.246,8,0.751,14.804,0.31700000166893,1.35699999332428,3,0.007,0.058
startup,4963897,16.664,0,0,67885538.0,15.651,0.246,12,0.748,14.745,0.33000001311302,1.35699999332428,3,0.008,0.051
startup,4980570,16.673,0,0,67888116.0,15.651,0.246,8,0.718,14.783,0.33000001311302,1.37899994850159,2,0.007,0.051
startup,4997231,16.661,0,0,67890052.0,15.651,0.246,10,0.76,14.668,0.33000001311302,1.35300004482269,2,0.008,0.053
startup,5013910,16.679,0,0,67888428.0,15.651,0.246,8,0.729,14.732,0.32499998807907,1.34700000286102,4,0.007,0.054
startup,5030561,16.651,0,0,67891038.0,15.912,0.102,9,0.742,14.679,0.31900000572205,1.35300004482269,3,0.008,0.052
startup,5047228,16.667,0,0,67892142.0,15.912,0.102,8,0.725,14.742,0.32699999213219,1.34599995613098,2,0.008,0.052
startup,5063892,16.664,0,0,67893250.0,15.912,0.102,8,0.952,14.482,0.32100000977516,1.35599994659424,2,0.007,0.054
startup,5080603,16.711,0,0,67895290.0,15.912,0.102,8,0.719,14.774,0.33000001311302,1.34599995613098,3,0.006,0.05
startup,5097227,16.624,0,0,67835586.0,15.912,0.102,8,0.741,14.655,0.33199998736382,1.34599995613098,2,0.007,0.053
startup,5113915,16.688,3,0,68031410.0,15.912,0.102,24,7.536,7.878,0.33300000429153,1.35599994659424,887,0.007,0.052
startup,5130572,16.657,5,0,68859746.0,15.912,0.102,23,3.478,11.93,0.35100001096725,1.35500001907349,93,1.694,0.056
startup,5147229,16.657,5,0,68988498.0,15.912,0.102,9,1.009,15.193,4.23199987411499,2.16000008583069,5,0.007,0.053
startup,5163887,16.658,5,0,69101842.0,15.912,0.102,7,1.432,14.459,0.37799999117851,1.87100005149841,7,0.006,0.052
startup,5180576,16.689,5,0,69212682.0,15.912,0.102,8,0.734,15.17,0.34799998998642,1.87100005149841,6,0.007,0.049
startup,5197231,16.655,5,0,69285250.0,15.912,0.102,8,1.433,14.499,0.34900000691414,1.86500000953674,6,0.007,0.052
startup,5213892,16.661,5,0,69404038.0,15.912,0.102,8,0.761,15.143,0.358000010252,1.88100004196167,6,0.009,0.054
startup,5230551,16.659,5,0,69514902.0,15.912,0.102,7,1.426,14.457,0.37099999189377,1.87100005149841,6,0.007,0.049
startup,5247226,16.675,5,0,69624454.0,15.912,0.102,8,0.726,15.153,0.37299999594688,1.87100005149841,6,0.007,0.048
startup,5263890,16.664,4,0,69692190.0,15.912,0.102,8,1.396,14.488,0.34700000286102,1.87399995326996,6,0.007,0.054
startup,5280550,16.66,4,0,69966470.0,15.912,0.102,8,3.956,11.932,0.3459999859333,1.86800003051758,7,2.506,0.051
startup,5297215,16.665,4,0,70222974.0,15.912,0.102,8,3.294,12.575,0.40000000596046,1.86600005626678,6,2.579,0.05
startup,5313888,16.673,4,0,70490958.0,15.912,0.102,7,4.131,11.751,0.40999999642372,1.86800003051758,6,2.594,0.046
startup,5330563,16.675,4,0,70518482.0,15.912,0.102,8,3.219,12.657,0.39399999380112,1.87100005149841,5,1.296,0.055
startup,5347216,16.653,4,0,70582666.0,15.912,0.102,12,0.895,14.918,0.43399998545647,1.86600005626678,6,0.007,0.168
startup,5363879,16.663,4,0,70692674.0,15.912,0.102,7,1.371,15.003,0.37000000476837,1.92200005054474,6,0.007,0.05
startup,5380550,16.671,4,0,70842950.0,15.912,0.102,8,0.734,15.113,0.36100000143051,1.86600005626678,6,0.007,0.054
startup,5397212,16.662,4,0,70988170.0,15.912,0.102,8,1.391,14.533,0.358000010252,1.90699994564056,6,0.007,0.049
startup,5413884,16.672,3,0,71098738.0,15.912,0.102,7,0.701,15.141,0.34000000357628,1.87000000476837,6,0.007,0.05
startup,5430544,16.66,4,0,71322086.0,15.912,0.102,8,4.031,11.787,0.358000010252,1.86899995803833,6,2.512,0.049
startup,5447213,16.669,4,0,71587418.0,15.912,0.102,8,3.235,12.592,0.40099999308586,1.86899995803833,6,2.512,0.049
startup,5463875,16.662,4,0,71841686.0,15.912,0.102,8,4.084,11.724,0.41200000047684,1.87100005149841,6,2.637,0.046
startup,5480543,16.668,4,0,71847866.0,15.912,0.102,7,2.895,12.93,0.40000000596046,1.87000000476837,6,1.249,0.05
startup,5497206,16.663,4,0,71953962.0,15.912,0.102,8,0.739,15.08,0.42599999904633,1.86500000953674,7,0.006,0.047
startup,5513879,16.673,4,0,72021806.0,15.912,0.102,6,1.382,14.463,0.36000001430511,1.87399995326996,6,0.007,0.049
startup,5530545,16.666,4,0,72130042.0,15.912,0.102,8,0.723,15.081,0.35299998521805,1.87100005149841,5,0.007,0.051
startup,5547204,16.659,4,0,72236354.0,15.912,0.102,8,1.387,14.445,0.35299998521805,1.86500000953674,6,0.007,0.046
startup,5563875,16.671,2,0,72358638.0,15.912,0.102,8,0.739,15.06,0.34400001168251,1.87199997901917,6,0.007,0.048
startup,5580553,16.678,5,0,73173370.0,15.912,0.102,1393,6.158,9.651,0.36100000143051,1.8860000371933,93,2.509,0.049
startup,5601447,20.894,2,0,73531470.0,15.912,0.102,58,3.561,17.194,7.12900018692017,6.85699987411499,6,2.514,0.058
startup,5619134,17.687,5,0,73949730.0,15.912,0.102,1488,6.83,10.711,0.44800001382828,7.61600017547607,828,2.504,0.05
startup,5634980,15.846,5,0,74052226.0,15.912,0.102,97,4.274,11.422,0.51399999856949,7.05100011825562,6,2.503,0.048
startup,5652632,17.652,4,0,74317742.0,15.912,0.102,100,4.438,13.061,0.5,7.77500009536743,6,2.519,0.052
startup,5669643,17.011,4,0,74537810.0,15.912,0.102,101,4.262,12.625,0.47200000286102,8.41100025177002,7,2.492,0.05
startup,5687737,18.094,2,0,74674718.0,15.912,0.102,99,0.811,17.151,0.4839999973774,9.57199954986572,7,0.007,0.047
startup,5704591,16.854,5,0,75092018.0,15.912,0.102,1734,6.218,10.506,0.41600000858307,10.0559997558594,91,2.184,0.047
startup,5721856,17.265,4,0,75123306.0,15.912,0.102,169,0.879,16.228,1.18599998950958,10.3999996185303,6,0.007,0.05
startup,5738813,16.957,4,0,75346190.0,15.912,0.102,141,3.829,12.986,0.42699998617172,10.8850002288818,7,2.149,0.05
startup,5755619,16.806,1,0,75666398.0,15.912,0.102,143,0.84,15.844,0.48199999332428,11.0270004272461,6,0.007,0.047
startup,5772731,17.112,3,0,76619212.0,15.912,0.102,3155,7.955,8.988,0.4379999935627,10.8319997787476,111,2.503,0.044
startup,5788930,16.199,1,0,76924724.0,15.912,0.102,3763,9.893,6.169,0.57700002193451,11.0920000076294,103,3.587,0.051
startup,5805253,16.323,1,0,77653212.0,15.912,0.102,3454,8.579,7.586,0.51700001955032,10.6499996185303,99,2.861,0.045
startup,5822150,16.897,0,0,78215452.0,15.912,0.102,3905,8.814,7.935,0.53799998760223,10.8819999694824,108,2.526,0.047
startup,5838312,16.162,1,0,78961140.0,15.912,0.102,6217,13.031,3.013,0.56300002336502,10.4069995880127,107,3.631,0.046
startup,5855083,16.771,4,0,79214132.0,15.912,0.102,406,5.0,11.613,0.56199997663498,10.0989999771118,95,2.524,0.047
startup,5870930,15.847,5,0,79671276.0,15.912,0.102,5924,12.316,3.367,0.46700000762939,9.66800022125244,98,3.849,0.055
startup,5887551,16.621,5,0,79905928.0,15.912,0.102,369,4.428,12.051,0.53299999237061,9.40100002288818,6,2.505,0.049
startup,5903144,15.593,5,0,80278692.0,15.912,0.102,1324,6.383,9.052,0.46000000834465,8.52000045776367,6,3.455,0.052
startup,5919800,16.656,5,0,80487338.0,15.912,0.102,328,5.119,11.398,0.76599997282028,8.44499969482422,6,3.226,0.047
startup,5936279,16.479,5,0,80811082.0,15.912,0.102,335,4.345,12.0,0.53799998760223,8.4680004119873,7,3.284,0.049
startup,5953176,16.897,5,0,81089562.0,15.912,0.102,339,5.257,11.504,0.49200001358986,8.48700046539307,6,3.399,0.046
startup,5969491,16.315,5,0,81427322.0,15.912,0.102,341,5.171,11.018,0.49799999594688,8.4350004196167,6,3.267,0.047
startup,5986448,16.957,5,0,81751322.0,15.912,0.102,1274,5.133,11.667,0.54299998283386,8.46500015258789,6,3.142,0.048
startup,6002788,16.34,5,0,81817678.0,15.912,0.102,292,2.539,13.647,0.51899999380112,8.39599990844727,7,0.416,0.049
startup,6019773,16.985,5,0,81925326.0,20.772,0.076,313,1.082,15.74,0.47900000214577,8.45100021362305,6,0.007,0.048
startup,6036181,16.408,5,0,82023206.0,20.772,0.076,290,1.74,14.545,0.48800000548363,8.45800018310547,6,0.006,0.048
startup,6053101,16.92,5,0,82085078.0,20.772,0.076,1402,2.171,14.566,0.47400000691414,8.43000030517578,7,0.007,0.05
startup,6069463,16.362,5,0,82187094.0,20.772,0.076,1142,2.606,13.615,0.49300000071526,8.40200042724609,7,0.007,0.048
startup,6086463,17.0,5,0,82284786.0,20.772,0.076,1085,1.8,15.05,0.483000010252,8.4980001449585,6,0.007,0.048
startup,6102716,16.253,5,0,82345690.0,20.772,0.076,1138,2.634,13.498,0.49599999189377,8.34799957275391,6,0.006,0.058
startup,6119620,16.904,5,0,82439146.0,20.772,0.076,1732,3.467,13.293,0.49200001358986,8.33100032806396,735,0.007,0.047
startup,6135998,16.378,5,0,82499242.0,20.772,0.076,38,1.558,14.683,0.50800001621246,8.33600044250488,6,0.007,0.049
startup,6152889,16.891,5,0,82603802.0,20.772,0.076,507,1.623,15.135,0.49700000882149,8.35000038146973,6,0.006,0.049
startup,6169374,16.485,5,0,82698850.0,20.772,0.076,7,1.478,14.876,0.49000000953674,8.34700012207031,7,0.007,0.046
startup,6186223,16.849,5,0,82767638.0,20.772,0.076,7,0.745,15.948,0.46999999880791,8.3149995803833,8,0.007,0.048
startup,6202627,16.404,5,0,82872310.0,20.772,0.076,8,1.476,14.789,0.48899999260902,8.31099987030029,6,0.007,0.049
startup,6219516,16.889,5,0,82968622.0,20.772,0.076,8,0.729,16.039,0.46399998664856,8.32100009918213,6,0.007,0.048
startup,6235996,16.48,5,0,83033938.0,20.772,0.076,7,1.496,14.851,0.47499999403954,8.34099960327148,6,0.007,0.047
startup,6252862,16.866,5,0,83136002.0,20.772,0.076,8,0.733,16.004,0.47699999809265,8.32400035858154,6,0.007,0.045
startup,6269320,16.458,5,0,83197946.0,20.772,0.076,8,1.536,14.779,0.47400000691414,8.33100032806396,7,0.007,0.047
startup,6286210,16.89,5,0,83303170.0,20.772,0.076,7,0.736,16.024,0.46000000834465,8.32199954986572,6,0.007,0.046
startup,6302561,16.351,5,0,83394214.0,20.772,0.076,7,1.547,14.667,0.47400000691414,8.30000019073486,6,0.007,0.046
startup,6319503,16.942,5,0,83527434.0,20.772,0.076,8,0.733,16.086,0.47900000214577,8.31099987030029,7,0.007,0.047
startup,6335943,16.44,5,0,83555202.0,20.772,0.076,8,1.507,14.785,0.50700002908707,8.33199977874756,6,0.007,0.049
startup,6352834,16.891,5,0,83679562.0,20.772,0.076,8,0.746,16.019,0.46999999880791,8.34000015258789,6,0.006,0.046
startup,6369220,16.386,5,0,83770978.0,20.772,0.076,8,1.794,14.439,0.47200000286102,8.30500030517578,6,0.007,0.047
startup,6386209,16.989,5,0,83833622.0,20.772,0.076,8,0.735,16.105,0.46299999952316,8.36400032043457,5,0.007,0.046
startup,6402531,16.322,5,0,83933314.0,20.772,0.076,8,1.441,14.753,0.46500000357628,8.29399967193604,6,0.006,0.044
startup,6419460,16.929,5,0,84077838.0,20.772,0.076,8,0.743,16.057,0.47900000214577,8.33199977874756,6,0.007,0.048
startup,6435922,16.462,5,0,84172258.0,20.772,0.076,7,1.533,14.789,0.45600000023842,8.33100032806396,6,0.008,0.047
startup,6452798,16.876,5,0,84283222.0,20.772,0.076,8,0.703,16.044,0.48699998855591,8.30500030517578,6,0.006,0.045
startup,6469357,16.559,5,0,84377986.0,20.772,0.076,7,1.47,14.948,0.47600001096725,8.4689998626709,6,0.006,0.045
startup,6486243,16.886,5,0,84506005.0,20.772,0.076,8,0.717,16.042,0.48500001430511,8.44499969482422,5,0.006,0.045
startup,6502732,16.489,4,0,84543562.0,20.772,0.076,8,1.523,14.784,0.47400000691414,8.47200012207031,6,0.006,0.057
startup,6519511,16.779,4,0,84706814.0,20.772,0.076,9,3.265,13.37,0.51300001144409,8.39599990844727,6,2.514,0.048
startup,6535916,16.405,4,0,84856478.0,20.772,0.076,8,3.948,12.304,0.51499998569489,8.36299991607666,5,2.511,0.054
startup,6552918,17.002,4,0,85015606.0,20.772,0.076,8,3.229,13.628,0.51099997758865,8.47700023651123,7,2.509,0.052
startup,6569494,16.576,4,0,85157962.0,20.772,0.076,8,4.027,12.409,0.50900000333786,8.46000003814697,6,2.512,0.053
startup,6586140,16.646,4,0,85292042.0,20.772,0.076,8,3.284,13.229,0.52399998903275,8.39799976348877,6,2.568,0.059
startup,6602542,16.402,4,0,85696938.0,20.772,0.076,8,4.082,12.199,0.52200001478195,8.36699962615967,6,2.629,0.051
startup,6619473,16.931,4,0,85871366.0,20.772,0.076,8,3.25,13.557,0.52200001478195,8.35999965667725,6,2.521,0.046
startup,6635903,16.43,4,0,86102150.0,20.772,0.076,8,5.128,11.164,0.50800001621246,8.38399982452393,724,2.696,0.048
startup,6652780,16.877,4,0,86363686.0,20.772,0.076,8,3.205,13.554,0.50999999046326,8.38099956512451,7,2.5,0.047
startup,6669271,16.491,4,0,86600590.0,20.772,0.076,8,4.144,12.212,0.50800001621246,8.41199970245361,6,2.556,0.047
startup,6686137,16.866,4,0,86831818.0,20.772,0.076,13,3.253,13.46,0.52200001478195,8.34500026702881,7,2.503,0.047
startup,6702562,16.425,4,0,86967970.0,20.772,0.076,8,4.047,12.236,0.53799998760223,8.40100002288818,7,2.517,0.057
startup,6719508,16.946,4,0,87186710.0,20.772,0.076,10,3.264,13.504,0.53299999237061,8.40100002288818,6,2.515,0.055
startup,6736154,16.646,4,0,86628426.0,20.772,0.076,7,3.537,12.967,0.50800001621246,8.41300010681152,6,2.047,0.06
startup,6752792,16.638,4,0,86716270.0,20.772,0.076,8,0.736,15.754,0.7509999871254,8.40999984741211,6,0.007,0.062
startup,6769198,16.406,4,0,86821906.0,20.772,0.076,7,1.468,14.802,0.47999998927116,8.39599990844727,6,0.007,0.055
startup,6786131,16.933,4,0,86884178.0,20.772,0.076,10,0.761,16.034,0.47799998521805,8.40499973297119,6,0.006,0.046
startup,6802501,16.37,4,0,86949698.0,20.772,0.076,8,1.503,14.718,0.4839999973774,8.38099956512451,6,0.008,0.064
startup,6819460,16.959,4,0,87057526.0,20.772,0.076,8,0.698,16.109,0.47400000691414,8.40799999237061,8,0.007,0.048
startup,6835829,16.369,4,0,87124498.0,20.772,0.076,7,1.476,14.756,0.46700000762939,8.41300010681152,6,0.007,0.06
startup,6852789,16.96,4,0,87228794.0,20.772,0.076,9,0.753,16.078,0.48800000548363,8.38399982452393,6,0.007,0.049
startup,6869183,16.394,4,0,87296806.0,20.772,0.076,8,1.505,14.767,0.46399998664856,8.42000007629395,6,0.006,0.054
startup,6886055,16.872,4,0,87371486.0,20.772,0.076,8,0.708,16.035,0.46399998664856,8.39500045776367,6,0.007,0.047
startup,6902460,16.405,4,0,87479414.0,20.772,0.076,7,1.765,14.497,0.46999999880791,8.35599994659424,6,0.007,0.046
startup,6919440,16.98,4,0,87606534.0,20.772,0.076,8,0.736,16.119,0.47799998521805,8.4680004119873,9,0.007,0.048
startup,6935795,16.355,4,0,87674398.0,20.772,0.076,8,1.506,14.716,0.47299998998642,8.39999961853027,7,0.007,0.051
startup,6952714,16.919,4,0,87790986.0,20.772,0.076,8,0.777,16.01,0.51099997758865,8.4379997253418,6,0.007,0.047
startup,6969151,16.437,4,0,87854150.0,20.772,0.076,8,1.464,14.852,0.50199997425079,8.44600009918213,6,0.006,0.049
startup,6986028,16.877,4,0,87973382.0,20.772,0.076,8,0.728,16.013,0.45899999141693,8.42000007629395,6,0.007,0.049
startup,7002451,16.423,4,0,88053538.0,20.772,0.076,7,1.481,14.819,0.46000000834465,8.44099998474121,6,0.006,0.048
startup,7019434,16.983,4,0,88187766.0,16.876,0.074,11,0.727,16.097,0.48100000619888,8.42000007629395,6,0.007,0.048
startup,7035853,16.419,4,0,88274238.0,16.876,0.074,7,1.463,14.826,0.46700000762939,8.44099998474121,6,0.007,0.047
startup,7052804,16.951,4,0,88503546.0,16.876,0.074,8,0.709,16.058,0.47799998521805,8.48099994659424,6,0.007,0.048
startup,7069125,16.321,4,0,88521250.0,16.876,0.074,7,1.492,14.711,0.49000000953674,8.4379997253418,6,0.007,0.048
startup,7086010,16.885,4,0,88691954.0,16.876,0.074,8,0.71,16.045,0.4839999973774,8.41100025177002,6,0.007,0.047
startup,7102575,16.565,4,0,88786582.0,16.876,0.074,8,1.54,14.833,0.46700000762939,8.44699954986572,6,0.006,0.053
startup,7119281,16.706,4,0,88856034.0,16.876,0.074,7,0.72,15.849,0.48500001430511,8.34899997711182,6,0.006,0.048
startup,7135740,16.459,4,0,88978710.0,16.876,0.074,8,1.572,14.716,0.49500000476837,8.36400032043457,7,0.007,0.05
startup,7152720,16.98,4,0,89051238.0,16.876,0.074,11,1.508,15.324,0.4990000128746,8.4689998626709,782,0.007,0.048
startup,7169125,16.405,4,0,89175198.0,16.876,0.074,8,1.789,14.486,0.4839999973774,8.4709997177124,7,0.008,0.048
startup,7185990,16.865,4,0,89252806.0,16.876,0.074,8,0.931,15.813,0.4539999961853,8.44900035858154,6,0.007,0.045
startup,7202341,16.351,4,0,89378746.0,16.876,0.074,8,1.55,14.672,0.52999997138977,8.38199996948242,6,0.007,0.052
startup,7219269,16.928,4,0,89490358.0,16.876,0.074,8,0.74,16.059,0.47299998998642,8.4060001373291,6,0.007,0.048
startup,7235704,16.435,4,0,89626278.0,16.876,0.074,9,1.536,14.715,0.49099999666214,8.36400032043457,7,0.008,0.049
startup,7252638,16.934,4,0,89738374.0,16.876,0.074,9,0.731,16.061,0.48800000548363,8.43200016021729,6,0.007,0.047
startup,7269039,16.401,4,0,89854298.0,16.876,0.074,8,1.479,14.775,0.46900001168251,8.43099975585938,6,0.007,0.055
startup,7285907,16.868,4,0,89991466.0,16.876,0.074,10,0.705,16.043,0.46799999475479,8.36499977111816,6,0.007,0.047
startup,7302415,16.508,4,0,90079390.0,16.876,0.074,8,1.488,14.898,0.47900000214577,8.47799968719482,7,0.006,0.052
startup,7319294,16.879,4,0,90208394.0,16.876,0.074,8,0.733,16.007,0.46700000762939,8.42700004577637,5,0.007,0.046
startup,7335648,16.354,4,0,90279014.0,16.876,0.074,7,1.464,14.766,0.49000000953674,8.38500022888184,6,0.007,0.055
startup,7352495,16.847,4,0,90399234.0,16.876,0.074,7,0.704,16.015,0.46900001168251,8.34700012207031,10,0.007,0.046
startup,7369038,16.543,4,0,90464470.0,16.876,0.074,8,1.481,14.942,0.52499997615814,8.41499996185303,5,0.007,0.05
startup,7385870,16.832,4,0,90589054.0,16.876,0.074,8,0.743,15.953,0.46599999070168,8.3730001449585,6,0.007,0.048
startup,7402406,16.536,4,0,90714642.0,16.876,0.074,8,1.438,14.962,0.46900001168251,8.44799995422363,6,0.007,0.045
startup,7419336,16.93,4,0,90815318.0,16.876,0.074,8,0.703,16.065,0.47600001096725,8.46300029754639,5,0.007,0.046
startup,7435686,16.35,3,0,90979438.0,16.876,0.074,8,1.7,14.505,0.47400000691414,8.39700031280518,6,0.006,0.045
startup,7452720,17.034,3,0,91184310.0,16.876,0.074,9,3.23,13.654,0.45300000905991,8.48600006103516,7,2.508,0.048
startup,7469106,16.386,4,0,91465906.0,16.876,0.074,7,4.107,12.132,0.51700001955032,8.46399974822998,6,2.538,0.048
startup,7485993,16.887,4,0,91813242.0,16.876,0.074,8,3.24,13.498,0.52600002288818,8.44699954986572,7,2.518,0.048
startup,7502376,16.383,4,0,92066238.0,16.876,0.074,8,4.025,12.215,0.52700001001358,8.43099975585938,6,2.5,0.048
startup,7519135,16.759,4,0,92395878.0,16.876,0.074,8,3.434,13.187,0.5450000166893,8.33800029754639,6,2.621,0.052
startup,7535684,16.549,4,0,92641854.0,16.876,0.074,8,4.089,12.341,0.5799999833107,8.49600028991699,6,2.531,0.049
startup,7552422,16.738,4,0,92960270.0,16.876,0.074,8,3.201,13.409,0.52200001478195,8.35900020599365,6,2.504,0.046
startup,7568974,16.552,4,0,93167666.0,16.876,0.074,7,4.071,12.327,0.5120000243187,8.38799953460693,6,2.508,0.048
startup,7585833,16.859,4,0,93436026.0,16.876,0.074,8,3.225,13.487,0.52600002288818,8.42099952697754,6,2.516,0.047
startup,7602249,16.416,4,0,93742910.0,16.876,0.074,7,4.03,12.268,0.50800001621246,8.4350004196167,6,2.599,0.05
startup,7619221,16.972,4,0,94069374.0,16.876,0.074,9,3.244,13.573,0.53299999237061,8.40299987792969,11,2.507,0.045
startup,7635606,16.385,4,0,94334458.0,16.876,0.074,7,4.074,12.181,0.51999998092651,8.42399978637695,6,2.598,0.046
startup,7652426,16.82,4,0,94640814.0,16.876,0.074,12,3.207,13.484,0.53700000047684,8.36499977111816,6,2.505,0.047
startup,7668996,16.57,4,0,94849294.0,16.876,0.074,8,4.743,11.685,0.53799998760223,8.46000003814697,728,2.592,0.047
startup,7685819,16.823,4,0,94438650.0,16.876,0.074,9,3.919,12.772,0.51999998092651,8.35799980163574,6,3.187,0.047
startup,7702296,16.477,4,0,94938305.0,16.876,0.074,8,3.201,13.13,0.8740000128746,8.47299957275391,6,0.007,0.055
startup,7719422,17.126,4,0,95056649.0,16.876,0.074,8,0.702,16.276,2.03399991989136,8.67300033569336,6,0.007,0.047
startup,7736154,16.732,4,0,95139177.0,16.876,0.074,8,1.451,15.126,0.71499997377396,8.73999977111816,6,0.007,0.046
startup,7752796,16.642,4,0,95255127.0,16.876,0.074,8,0.728,15.773,0.7059999704361,8.74400043487549,6,0.007,0.048
startup,7769258,16.462,4,0,95349113.0,16.876,0.074,8,1.522,14.786,0.75599998235703,8.74300003051758,7,0.007,0.049
startup,7786152,16.894,4,0,95446617.0,16.876,0.074,8,0.747,15.988,0.72699999809265,8.76500034332275,6,0.007,0.046
startup,7802580,16.428,4,0,95608881.0,16.876,0.074,7,1.458,14.821,0.7049999833107,8.74600028991699,6,0.007,0.046
startup,7819441,16.861,4,0,95744009.0,16.876,0.074,8,0.706,16.035,0.7049999833107,8.77299976348877,6,0.007,0.048
startup,7835955,16.514,4,0,95816053.0,16.876,0.074,8,1.452,14.94,0.73699998855591,8.80500030517578,13,0.007,0.047
startup,7852753,16.798,4,0,95915105.0,16.876,0.074,8,0.706,15.951,0.72000002861023,8.72900009155273,6,0.007,0.047
startup,7869223,16.47,4,0,96017549.0,16.876,0.074,8,1.456,14.859,0.70300000905991,8.7810001373291,6,0.007,0.048
startup,7886113,16.89,4,0,96118645.0,16.876,0.074,8,0.701,16.05,0.72500002384186,8.74400043487549,6,0.007,0.045
startup,7902590,16.477,4,0,96276689.0,16.876,0.074,8,1.465,14.888,0.71200001239777,8.75,6,0.006,0.047
startup,7919438,16.848,4,0,96402801.0,16.876,0.074,7,0.725,15.985,0.72500002384186,8.77600002288818,6,0.007,0.047
startup,7935836,16.398,4,0,96463957.0,16.876,0.074,8,1.479,14.787,0.83499997854233,8.7480001449585,6,0.007,0.048
startup,7952774,16.938,4,0,96563381.0,16.876,0.074,8,1.04,15.758,0.72600001096725,8.67800045013428,6,0.007,0.045
startup,7969210,16.436,4,0,96658701.0,16.876,0.074,7,1.518,14.768,0.71700000762939,8.72900009155273,6,0.007,0.047
startup,7986021,16.811,4,0,96789261.0,16.876,0.074,7,0.743,15.939,0.72500002384186,8.74100017547607,7,0.008,0.049
startup,8002499,16.478,4,0,96854629.0,16.876,0.074,8,1.489,14.828,0.72600001096725,8.77400016784668,6,0.007,0.052
startup,8019395,16.896,4,0,96959517.0,16.993,0.07,8,0.718,16.026,0.70899999141693,8.78600025177002,6,0.006,0.047
startup,8035825,16.43,4,0,97053273.0,16.993,0.07,8,1.476,14.808,0.69700002670288,8.78600025177002,6,0.007,0.048
startup,8052836,17.011,4,0,97111957.0,16.993,0.07,9,0.719,16.13,0.73900002241135,8.78899955749512,6,0.007,0.046
startup,8069109,16.273,3,0,97217913.0,16.993,0.07,7,1.477,14.658,0.72000002861023,8.73900032043457,6,0.007,0.06
startup,8086018,16.909,3,0,97500961.0,16.993,0.07,9,3.253,13.519,0.73100000619888,8.77099990844727,6,2.537,0.048
startup,8102405,16.387,4,0,97757689.0,16.993,0.07,7,4.119,12.129,0.76399999856949,8.70699977874756,6,2.632,0.047
startup,8119340,16.935,4,0,98054405.0,16.993,0.07,8,3.245,13.555,0.76599997282028,8.72599983215332,6,2.504,0.06
startup,8135776,16.436,4,0,98326093.0,16.993,0.07,7,4.086,12.219,0.81099998950958,8.76000022888184,6,2.503,0.053
startup,8152632,16.856,4,0,98585645.0,16.993,0.07,7,3.292,13.44,0.81499999761581,8.73099994659424,6,2.552,0.049
startup,8169067,16.435,4,0,98890745.0,16.993,0.07,8,4.807,11.49,0.81900000572205,8.73200035095215,712,2.513,0.05
startup,8186000,16.933,4,0,99225665.0,16.993,0.07,9,3.345,13.461,0.783999979496,8.75699996948242,6,2.574,0.056
startup,8202403,16.403,4,0,99475645.0,16.993,0.07,8,4.038,12.224,0.77100002765656,8.74600028991699,6,2.509,0.06
startup,8219257,16.854,4,0,99750953.0,16.993,0.07,8,3.486,13.233,0.76599997282028,8.73600006103516,6,2.516,0.051
startup,8235726,16.469,4,0,100041405.0,16.993,0.07,8,3.968,12.351,0.77300000190735,8.75899982452393,6,2.501,0.05
startup,8252551,16.825,4,0,100260089.0,16.993,0.07,10,3.375,13.326,0.77399998903275,8.72700023651123,6,2.655,0.047
startup,8269017,16.466,4,0,100510161.0,16.993,0.07,8,4.025,12.295,0.79100000858307,8.71300029754639,6,2.516,0.054
startup,8285918,16.901,4,0,100829213.0,16.993,0.07,8,3.265,13.501,0.75400000810623,8.72399997711182,6,2.553,0.048
startup,8302409,16.491,4,0,101002157.0,16.993,0.07,7,3.965,12.372,0.76800000667572,8.78600025177002,6,2.5,0.051
startup,8319227,16.818,4,0,100595501.0,16.993,0.07,9,3.185,13.511,0.74699997901917,8.73299980163574,6,2.424,0.048
startup,8335774,16.547,4,0,100722585.0,16.993,0.07,8,2.858,13.536,1.11899995803833,8.79399967193604,6,0.007,0.048
startup,8353107,17.333,4,0,100817289.0,16.993,0.07,8,0.761,16.397,0.783999979496,8.87600040435791,7,0.008,0.049
startup,8369303,16.196,4,0,100888501.0,16.993,0.07,9,1.632,14.426,0.7950000166893,8.79100036621094,8,0.007,0.07
startup,8385996,16.693,4,0,100981589.0,16.993,0.07,8,0.745,15.827,0.79100000858307,8.76299953460693,6,0.006,0.048
startup,8402669,16.673,4,0,101123013.0,16.993,0.07,7,1.45,15.063,0.74000000953674,8.74499988555908,6,0.007,0.047
startup,8419323,16.654,4,0,101213789.0,16.993,0.07,8,0.765,15.75,0.75499999523163,8.76900005340576,6,0.007,0.053
startup,8435686,16.363,4,0,101308497.0,16.993,0.07,7,1.479,14.755,0.7960000038147,8.80700016021729,6,0.007,0.052
startup,8452639,16.953,4,0,101365893.0,16.993,0.07,8,0.703,16.112,0.74800002574921,8.75500011444092,6,0.006,0.045
startup,8469288,16.649,4,0,101519809.0,16.993,0.07,7,1.51,14.99,0.72100001573563,8.75399971008301,6,0.007,0.048
startup,8485959,16.671,4,0,101588897.0,16.993,0.07,8,0.965,15.569,0.75199997425079,8.74400043487549,5,0.007,0.049
startup,8502386,16.427,4,0,101725505.0,16.993,0.07,7,1.505,14.789,0.72600001096725,8.82400035858154,6,0.007,0.046
startup,8519278,16.892,4,0,101817785.0,16.993,0.07,8,0.718,16.046,0.74599999189377,8.77000045776367,6,0.007,0.048
startup,8536008,16.73,4,0,101878341.0,16.993,0.07,8,1.49,15.084,0.72799998521805,8.80700016021729,6,0.006,0.048
startup,8552680,16.672,4,0,102069169.0,16.993,0.07,8,0.772,15.74,0.74599999189377,8.79599952697754,6,0.008,0.049
startup,8569310,16.63,4,0,102254065.0,16.993,0.07,8,1.527,14.955,0.74000000953674,8.79100036621094,7,0.007,0.047
startup,8585802,16.492,4,0,102283805.0,16.993,0.07,7,0.721,15.651,0.7490000128746,8.71100044250488,5,0.007,0.051
startup,8602619,16.817,4,0,102385013.0,16.993,0.07,7,1.463,15.217,0.73900002241135,8.79599952697754,6,0.007,0.047
startup,8619246,16.627,4,0,102528325.0,16.993,0.07,8,0.751,15.733,0.73900002241135,8.74499988555908,6,0.007,0.048
startup,8635890,16.644,4,0,102664925.0,16.993,0.07,9,1.576,14.932,0.74400001764297,8.77000045776367,6,0.007,0.05
startup,8652619,16.729,4,0,102855297.0,16.993,0.07,8,0.687,15.922,0.73600000143051,8.80599975585938,6,0.007,0.046
startup,8668949,16.33,4,0,102945861.0,16.993,0.07,8,1.477,14.693,0.73600000143051,8.75100040435791,6,0.007,0.051
startup,8685841,16.892,4,0,103120629.0,16.993,0.07,8,1.418,15.341,0.73299998044968,8.70400047302246,726,0.006,0.046
startup,8702572,16.731,4,0,103287321.0,16.993,0.07,8,1.473,15.122,0.77300000190735,8.77700042724609,6,0.007,0.047
startup,8719188,16.616,4,0,103398593.0,16.993,0.07,8,0.774,15.718,0.73600000143051,8.75399971008301,6,0.007,0.046
startup,8735878,16.69,4,0,103504309.0,16.993,0.07,8,1.475,15.087,0.73900002241135,8.77400016784668,6,0.007,0.048
startup,8752620,16.742,1,0,103769825.0,16.993,0.07,9,1.02,15.578,0.73100000619888,8.79500007629395,6,0.006,0.049
startup,8768893,16.273,4,0,104422783.0,16.993,0.07,6267,11.335,4.796,0.73699998855591,8.73200035095215,113,2.512,0.05
startup,8785909,17.016,0,0,104904195.0,16.993,0.07,74,3.453,13.41,0.99000000953674,8.76000022888184,97,2.526,0.048
startup,8802282,16.373,3,0,105549025.0,16.993,0.07,3436,9.015,7.199,0.783999979496,8.73900032043457,240,2.51,0.051
startup,8819253,16.971,0,0,106022781.0,16.993,0.07,139,3.644,13.195,0.92199999094009,8.7790002822876,207,2.529,0.047
startup,8835725,16.472,3,0,106613337.0,16.993,0.07,5434,10.684,5.64,0.80699998140335,8.76900005340576,120,2.512,0.048
startup,8852665,16.94,0,0,106871705.0,16.993,0.07,191,3.636,13.172,0.88400000333786,8.88799953460693,102,2.632,0.051
startup,8869106,16.441,3,0,107466847.0,16.993,0.07,5253,10.385,5.905,0.77799999713898,8.875,111,2.514,0.073
startup,8885975,16.869,0,0,107857631.0,16.993,0.07,238,3.596,13.117,0.89399999380112,8.87100028991699,99,2.541,0.048
startup,8902360,16.385,1,0,108410117.0,16.993,0.07,4816,10.058,6.189,0.81300002336502,8.84899997711182,115,2.549,0.047
startup,8919294,16.934,0,0,108536733.0,16.993,0.07,287,3.632,13.182,0.90299999713898,8.91800022125244,102,2.513,0.046
startup,8935714,16.42,2,0,109194629.0,16.993,0.07,6195,11.417,4.882,0.78200000524521,8.9040002822876,106,2.528,0.051
startup,8952608,16.894,0,0,109372293.0,16.993,0.07,310,3.66,13.099,0.85900002717972,8.89099979400635,100,2.525,0.049
startup,8969122,16.514,3,0,109903737.0,16.993,0.07,5066,10.038,6.351,0.78899997472763,8.92399978637695,109,2.516,0.051
startup,8986047,16.925,0,0,110152405.0,16.993,0.07,329,3.645,13.13,0.8629999756813,8.94699954986572,101,2.506,0.047
startup,9002393,16.346,3,0,110682596.0,16.993,0.07,4501,9.655,6.562,0.78200000524521,8.91499996185303,110,2.546,0.052
startup,9019174,16.781,0,0,111046525.0,17.174,0.07,328,4.026,12.628,0.85500001907349,8.84799957275391,96,2.568,0.049
startup,9035640,16.466,1,0,111482771.0,17.174,0.07,4932,9.834,6.502,0.81800001859665,8.85200023651123,110,2.525,0.048
startup,9052551,16.911,0,0,111577247.0,17.174,0.07,1458,4.856,11.907,0.83600002527237,8.87800025939941,108,2.534,0.049
startup,9068970,16.419,1,0,111674904.0,17.174,0.07,5139,12.868,3.433,0.80099999904633,8.9060001373291,108,3.638,0.053
startup,9086054,17.084,0,0,112041136.0,17.174,0.07,1355,6.307,10.632,2.41499996185303,9.04100036621094,110,4.105,0.046
startup,9102421,16.367,1,0,112611194.0,17.174,0.07,4274,10.254,5.968,1.08800005912781,8.97900009155273,102,3.175,0.052
startup,9119371,16.95,0,0,112785030.0,17.174,0.07,954,4.842,11.942,1.02300000190735,9.02999973297119,112,3.004,0.048
startup,9135888,16.517,1,0,113398934.0,17.174,0.07,4730,10.174,6.174,1.01499998569489,9.02299976348877,106,2.872,0.056
startup,9152736,16.848,0,0,113527430.0,17.174,0.07,1056,4.506,12.203,1.06500005722046,9.02799987792969,120,2.539,0.05
startup,9169089,16.353,1,0,114032750.0,17.174,0.07,4262,9.566,6.665,1.06900000572205,9.01799964904785,174,2.788,0.055
startup,9186073,16.984,0,0,114216290.0,17.174,0.07,1327,4.708,12.139,1.06400001049042,9.00100040435791,115,2.512,0.046
startup,9202479,16.406,2,0,114732438.0,17.174,0.07,4217,10.375,5.888,1.02400004863739,9.0319995880127,850,2.519,0.053
startup,9219387,16.908,0,0,115282698.0,17.174,0.07,519,3.925,12.791,1.05900001525879,9.04100036621094,108,2.56,0.046
startup,9235772,16.385,3,0,115802980.0,17.174,0.07,1614,7.133,9.112,1.02999997138977,9.01200008392334,96,2.51,0.048
startup,9252610,16.838,3,0,116336356.0,17.174,0.07,189,3.525,13.165,1.70099997520447,8.99199962615967,112,2.516,0.047
startup,9269051,16.441,1,0,116911784.0,17.174,0.07,14,4.294,12.011,1.02799999713898,9.04399967193604,5,2.659,0.048
startup,9286049,16.998,0,0,117399706.0,17.174,0.07,1500,5.84,11.015,1.01900005340576,9.00300025939941,95,2.518,0.048
startup,9302298,16.249,0,0,117812462.0,17.174,0.07,474,5.089,11.021,1.06200003623962,9.0,108,2.541,0.048
startup,9319235,16.937,0,0,118046018.0,17.174,0.07,1406,5.356,11.455,1.03699994087219,9.01799964904785,115,2.594,0.044
startup,9335819,16.584,3,0,118530622.0,17.174,0.07,826,5.531,10.8,1.04499995708466,9.02400016784668,102,2.502,0.054
startup,9353024,17.205,3,0,119107558.0,17.174,0.07,10,3.481,13.58,1.39900004863739,9.08899974822998,124,2.546,0.052
startup,9369055,16.031,0,0,119551518.0,17.174,0.07,8,4.241,11.631,1.11000001430511,9.0290002822876,7,2.51,0.051
startup,9385972,16.917,0,0,120049698.0,17.174,0.07,1842,5.953,10.819,1.01300001144409,9.02600002288818,75,2.541,0.048
startup,9402303,16.331,3,0,120418918.0,17.174,0.07,7,4.302,11.869,1.057000041008,9.00500011444092,108,2.501,0.052
startup,9419158,16.855,2,0,121077614.0,17.174,0.07,8,3.63,13.089,1.00300002098084,9.03499984741211,107,2.748,0.087
startup,9435533,16.375,1,0,121886634.0,17.174,0.07,8,4.233,11.997,0.99099999666214,8.98400020599365,6,2.554,0.048
startup,9452498,16.965,0,0,122160264.0,17.174,0.07,1351,5.826,11.013,1.04499995708466,9.04199981689453,106,2.84,0.049
startup,9468967,16.469,3,0,122597420.0,17.174,0.07,946,5.572,10.763,1.05799996852875,9.02200031280518,111,2.509,0.048
startup,9485828,16.861,2,0,123255320.0,17.174,0.07,8,3.397,13.322,1.19400000572205,9.03299999237061,77,2.547,0.048
startup,9502263,16.435,3,0,123785492.0,17.174,0.07,8,4.411,11.883,1.01800000667572,9.04500007629395,114,2.594,0.048
startup,9519128,16.865,1,0,124205872.0,17.174,0.07,1096,4.96,11.755,1.00999999046326,9.00500011444092,77,2.552,0.049
startup,9535530,16.402,3,0,124755312.0,17.174,0.07,8,4.361,11.918,1.02600002288818,9.01299953460693,120,2.57,0.048
startup,9552486,16.956,2,0,125475136.0,17.174,0.07,1418,6.392,10.401,1.01999998092651,9.02299976348877,119,3.286,0.048
startup,9568936,16.45,1,0,125870516.0,17.174,0.07,8,4.327,11.96,1.29799997806549,9.01299953460693,7,2.529,0.066
startup,9585924,16.988,1,0,126719534.0,17.174,0.07,1503,6.392,10.456,1.04999995231628,9.05599975585938,122,2.959,0.049
startup,9602355,16.431,3,0,127248190.0,17.174,0.07,8,4.46,11.834,2.03200006484985,9.03699970245361,101,2.567,0.049
startup,9619270,16.915,3,0,128144172.0,17.174,0.07,770,4.806,11.94,1.02400004863739,9.0319995880127,126,2.512,0.056
startup,9635844,16.574,1,0,128548936.0,17.174,0.07,8,4.976,11.4,1.12000000476837,9.0629997253418,6,3.232,0.05
startup,9652521,16.677,1,0,129318524.0,17.174,0.07,1279,6.11,10.429,1.08500003814697,9.06599998474121,112,3.224,0.053
startup,9669192,16.671,3,0,129745692.0,17.174,0.07,8,4.501,12.013,1.38499999046326,9.0319995880127,116,2.611,0.05
startup,9685993,16.801,3,0,130384852.0,17.174,0.07,685,4.229,12.42,1.00600004196167,9.0310001373291,108,2.514,0.05
startup,9702535,16.542,1,0,130730392.0,17.174,0.07,8,4.282,12.131,1.07500004768372,9.01299953460693,6,2.565,0.064
startup,9719273,16.738,1,0,131490380.0,17.174,0.07,1400,6.521,10.064,1.01600003242493,9.05000019073486,845,2.964,0.049
startup,9735843,16.57,3,0,131777952.0,17.174,0.07,8,4.685,11.733,1.83500003814697,9.04699993133545,81,2.71,0.05
startup,9752623,16.78,4,0,132078892.0,17.174,0.07,1356,5.589,11.063,1.00999999046326,9.02299976348877,117,2.551,0.053
startup,9768949,16.326,4,0,132353936.0,17.174,0.07,8,4.848,11.344,1.22899997234344,9.01000022888184,81,3.219,0.056
startup,9785724,16.775,5,0,132652600.0,17.174,0.07,8,3.334,13.31,1.10199999809265,9.00899982452393,127,2.525,0.047
startup,9802175,16.451,5,0,132828712.0,17.174,0.07,8,4.083,12.232,0.99099999666214,9.02799987792969,7,2.504,0.048
startup,9819074,16.899,5,0,133045356.0,17.174,0.07,8,3.543,13.219,1.04200005531311,9.04500007629395,6,2.549,0.047
startup,9835551,16.477,5,0,133264980.0,17.174,0.07,8,4.07,12.263,1.05599999427795,9.02200031280518,6,2.52,0.049
startup,9852345,16.794,5,0,133489472.0,17.174,0.07,8,3.305,13.356,1.03199994564056,9.01000022888184,6,2.544,0.049
startup,9868820,16.475,5,0,133668756.0,17.174,0.07,8,4.076,12.245,1.00899994373322,9.05099964141846,6,2.546,0.048
startup,9885665,16.845,4,0,133901736.0,17.174,0.07,9,3.342,13.37,1.01900005340576,9.04399967193604,6,2.6,0.049
startup,9902080,16.415,4,0,134172828.0,17.174,0.07,8,4.209,12.07,1.01300001144409,9.00899982452393,7,2.616,0.048
startup,9918983,16.903,3,0,134396388.0,17.174,0.07,8,3.24,13.535,1.01699995994568,9.0319995880127,6,2.533,0.049
startup,9935454,16.471,4,0,134591180.0,17.174,0.07,7,4.248,12.066,1.11800003051758,9.05399990081787,6,2.505,0.048
startup,9952319,16.865,4,0,134868652.0,17.174,0.07,9,3.41,13.328,1.01199996471405,9.04500007629395,7,2.641,0.049
startup,9968775,16.456,4,0,135120276.0,17.174,0.07,10,4.9,11.402,1.02499997615814,9.02799987792969,6,3.207,0.057
startup,9985719,16.944,4,0,135349160.0,17.174,0.07,8,3.246,13.55,1.02199995517731,9.04300022125244,6,2.54,0.047
startup,10002069,16.35,4,0,135561244.0,17.174,0.07,8,4.135,12.089,1.02300000190735,9.02299976348877,7,2.541,0.051
startup,10018954,16.885,4,0,135783556.0,17.077,0.072,10,3.296,13.446,1.04700005054474,9.0,7,2.539,0.047
startup,10035461,16.507,4,0,135967576.0,17.077,0.072,8,4.107,12.258,1.02100002765656,9.06400012969971,7,2.516,0.047
startup,10052251,16.79,4,0,136226824.0,17.077,0.072,8,3.266,13.389,1.02799999713898,9.00100040435791,6,2.52,0.05
startup,10068698,16.447,4,0,136512296.0,17.077,0.072,8,4.182,12.138,1.01199996471405,9.02499961853027,6,2.558,0.049
startup,10085623,16.925,4,0,136673132.0,17.077,0.072,8,3.488,13.311,1.00699996948242,9.06400012969971,6,2.513,0.047
startup,10102059,16.436,4,0,136904464.0,17.077,0.072,8,4.18,12.11,1.00100004673004,9.05500030517578,6,2.572,0.049
startup,10118957,16.898,4,0,137195572.0,17.077,0.072,8,4.111,12.625,1.03400003910065,9.04699993133545,6,3.396,0.048
startup,10135324,16.367,4,0,137423916.0,17.077,0.072,7,4.251,11.992,1.01699995994568,9.01900005340576,7,2.518,0.051
startup,10152312,16.988,4,0,137659672.0,17.077,0.072,11,3.48,13.373,1.04999995231628,9.08699989318848,7,2.769,0.047
startup,10168700,16.388,4,0,137989636.0,17.077,0.072,7,4.186,12.06,1.0110000371933,9.04199981689453,6,2.603,0.048
startup,10185604,16.904,4,0,138295784.0,17.077,0.072,9,4.477,12.297,1.057000041008,9.04199981689453,6,3.736,0.049
startup,10202081,16.477,4,0,138730488.0,17.077,0.072,8,5.552,10.79,1.09200000762939,9.06599998474121,7,3.945,0.048
startup,10218937,16.856,4,0,138960172.0,17.077,0.072,9,3.559,13.169,1.01699995994568,9.07499980926514,6,2.836,0.047
startup,10235361,16.424,4,0,139286580.0,17.077,0.072,8,4.906,11.382,1.02999997138977,9.07100009918213,752,2.546,0.049
startup,10252244,16.883,4,0,139503648.0,17.077,0.072,8,3.581,13.162,0.98699998855591,9.06999969482422,6,2.846,0.048
startup,10268717,16.473,4,0,139811232.0,17.077,0.072,8,4.313,12.005,1.03900003433228,9.06400012969971,6,2.544,0.05
startup,10285564,16.847,4,0,140104344.0,17.077,0.072,8,3.67,13.041,0.99000000953674,9.05099964141846,6,2.968,0.051
startup,10301991,16.427,4,0,140364636.0,17.077,0.072,8,4.142,12.151,1.00699996948242,9.07299995422363,7,2.539,0.047
startup,10318867,16.876,4,0,140792244.0,17.077,0.072,8,3.577,13.178,0.98900002241135,9.05799961090088,7,2.853,0.046
startup,10335277,16.41,4,0,141045948.0,17.077,0.072,7,4.145,12.131,1.0110000371933,9.02700042724609,6,2.516,0.047
startup,10352200,16.923,4,0,141314712.0,17.077,0.072,8,3.957,12.824,0.99299997091293,9.05200004577637,5,2.976,0.048
startup,10368619,16.419,4,0,141678236.0,17.077,0.072,8,4.92,11.347,1.00600004196167,9.03999996185303,6,2.874,0.05
startup,10385588,16.969,4,0,141914660.0,17.077,0.072,8,3.645,13.178,1.03900003433228,9.06599998474121,6,2.935,0.048
startup,10401971,16.383,4,0,142245304.0,17.077,0.072,8,4.202,12.057,1.05099999904633,9.05200004577637,6,2.505,0.048
startup,10418937,16.966,4,0,142628992.0,17.077,0.072,8,3.252,13.559,1.04499995708466,9.11200046539307,6,2.504,0.047
startup,10435282,16.345,4,0,142851728.0,17.077,0.072,8,4.607,11.611,1.02999997138977,9.04500007629395,7,2.501,0.047
startup,10452235,16.953,4,0,143117900.0,17.077,0.072,8,3.255,13.545,1.01199996471405,9.07600021362305,6,2.538,0.046
startup,10468683,16.448,4,0,143439616.0,17.077,0.072,8,5.762,10.543,1.04900002479553,9.07800006866455,6,3.957,0.051
startup,10485490,16.807,4,0,143823560.0,17.077,0.072,9,4.008,12.676,1.05299997329712,9.08399963378906,6,3.274,0.049
startup,10502006,16.516,4,0,144142476.0,17.077,0.072,11,5.761,10.591,1.01999998092651,9.08699989318848,6,3.993,0.047
startup,10518824,16.818,4,0,144478500.0,17.077,0.072,9,3.673,13.021,1.06400001049042,9.08899974822998,7,2.927,0.052
startup,10535240,16.416,4,0,144722860.0,17.077,0.072,8,4.632,11.661,1.02100002765656,9.07299995422363,6,2.893,0.061
startup,10552103,16.863,4,0,145045128.0,17.077,0.072,9,3.242,13.472,1.06200003623962,9.02600002288818,6,2.515,0.048
startup,10568590,16.487,4,0,145307896.0,17.077,0.072,8,4.71,11.638,0.97899997234344,9.07299995422363,6,2.897,0.048
startup,10585404,16.814,4,0,145666644.0,17.077,0.072,8,3.92,12.771,1.06700003147125,9.04199981689453,6,3.209,0.047
startup,10601933,16.529,3,0,145886012.0,17.077,0.072,8,4.627,11.736,0.98699998855591,9.06400012969971,7,2.876,0.047
startup,10618812,16.879,3,0,146130728.0,17.077,0.072,8,4.079,12.672,1.07000005245209,9.06799983978271,6,3.081,0.047
startup,10635257,16.445,4,0,146338736.0,17.077,0.072,7,4.755,11.529,1.02499997615814,9.06900024414063,6,2.861,0.053
startup,10652082,16.825,4,0,146542224.0,17.077,0.072,8,3.288,13.402,1.01600003242493,9.04199981689453,6,2.525,0.052
startup,10668525,16.443,4,0,146872400.0,17.077,0.072,7,4.683,11.63,0.99000000953674,9.05599975585938,6,2.977,0.054
startup,10685444,16.919,4,0,147261042.0,17.077,0.072,8,3.776,13.005,1.01600003242493,9.07199954986572,6,3.051,0.049
startup,10701919,16.475,4,0,147557832.0,17.077,0.072,8,4.763,11.566,1.01800000667572,9.11100006103516,6,3.023,0.048
startup,10718735,16.816,4,0,147884772.0,17.077,0.072,8,3.261,13.415,1.01499998569489,9.05900001525879,6,2.525,0.047
startup,10735436,16.701,4,0,148149436.0,17.077,0.072,8,4.503,12.041,0.99500000476837,9.05200004577637,11,2.787,0.047
startup,10752077,16.641,4,0,148415384.0,17.077,0.072,8,4.301,12.2,1.02400004863739,9.06400012969971,764,2.843,0.05
startup,10768562,16.485,4,0,148676260.0,17.077,0.072,8,5.328,11.007,1.01800000667572,9.07199954986572,6,3.594,0.052
startup,10785454,16.892,4,0,148923836.0,17.077,0.072,8,3.851,12.915,1.03199994564056,9.09099960327148,6,3.064,0.051
startup,10801869,16.415,4,0,149133288.0,17.077,0.072,8,5.052,11.23,0.98699998855591,9.08399963378906,6,3.323,0.053
startup,10818806,16.937,4,0,149331352.0,17.077,0.072,9,3.246,13.549,1.0460000038147,9.0959997177124,6,2.52,0.051
startup,10835181,16.375,4,0,149844228.0,17.077,0.072,7,4.424,11.818,0.99199998378754,9.08699989318848,6,2.675,0.054
startup,10852099,16.918,4,0,149918492.0,17.077,0.072,9,3.26,13.526,1.05299997329712,9.07800006866455,5,2.54,0.05
startup,10868581,16.482,4,0,150194316.0,17.077,0.072,8,4.972,11.307,0.9879999756813,9.0959997177124,7,2.914,0.048
startup,10885365,16.784,4,0,150544772.0,17.077,0.072,8,4.585,12.056,1.04100000858307,9.04899978637695,6,3.536,0.049
startup,10901841,16.476,4,0,150850588.0,17.077,0.072,8,4.928,11.409,0.99599999189377,9.09700012207031,6,3.136,0.053
startup,10918659,16.818,4,0,151218376.0,17.077,0.072,8,4.268,12.411,1.02499997615814,9.05099964141846,6,3.564,0.05
startup,10935162,16.503,4,0,151526820.0,17.077,0.072,8,5.107,11.242,0.99400001764297,9.07900047302246,6,3.33,0.048
startup,10952022,16.86,4,0,151726008.0,17.077,0.072,9,3.341,13.392,1.04999995231628,9.08500003814697,6,2.577,0.051
startup,10968579,16.557,4,0,151888236.0,17.077,0.072,7,4.547,11.772,1.01999998092651,9.09899997711182,6,2.762,0.051
startup,10985377,16.798,4,0,152104660.0,17.077,0.072,8,3.292,13.351,1.01600003242493,9.08600044250488,6,2.585,0.051
startup,11001793,16.416,4,0,152269076.0,17.077,0.072,8,4.566,11.715,0.98199999332428,9.09899997711182,6,2.787,0.051
startup,11018683,16.89,4,0,152484440.0,16.869,0.078,9,3.435,13.325,1.01499998569489,9.07299995422363,6,2.679,0.053
startup,11035078,16.395,4,0,152896008.0,16.869,0.078,8,4.564,11.699,0.99099999666214,9.05799961090088,6,2.767,0.052
startup,11052011,16.933,4,0,153175520.0,16.869,0.078,8,3.226,13.569,1.05799996852875,9.08600044250488,6,2.527,0.047
startup,11068417,16.406,4,0,153395432.0,16.869,0.078,7,4.315,11.957,1.02900004386902,9.08100032806396,6,2.521,0.048
startup,11085342,16.925,4,0,153725532.0,16.869,0.078,9,3.42,13.339,1.03799998760223,9.06999969482422,6,2.704,0.049
startup,11101804,16.462,4,0,153977568.0,16.869,0.078,8,4.769,11.529,0.99800002574921,9.09799957275391,7,2.821,0.051
startup,11118647,16.843,4,0,154325780.0,16.869,0.078,8,3.293,13.388,1.01999998092651,9.0649995803833,6,2.548,0.052
startup,11135089,16.442,4,0,154505168.0,16.869,0.078,8,4.841,11.473,1.0,9.0939998626709,8,3.006,0.047
startup,11151948,16.859,4,0,154773280.0,16.869,0.078,9,4.349,12.375,1.05400002002716,9.07100009918213,6,3.362,0.051
startup,11168388,16.44,4,0,154950016.0,16.869,0.078,16,4.647,11.631,0.99400001764297,9.04100036621094,6,2.869,0.054
startup,11185261,16.873,4,0,155229544.0,16.869,0.078,9,4.309,12.428,1.05799996852875,9.03699970245361,6,3.56,0.053
startup,11201740,16.479,4,0,155432932.0,16.869,0.078,7,4.954,11.38,0.99299997091293,9.08300018310547,6,3.166,0.055
startup,11218612,16.872,4,0,155836048.0,16.869,0.078,9,3.684,13.051,1.00800001621246,9.10200023651123,6,2.951,0.054
startup,11235077,16.465,4,0,156049904.0,16.869,0.078,8,4.478,11.86,0.98900002241135,9.14000034332275,6,2.719,0.048
startup,11251949,16.872,4,0,156358776.0,16.869,0.078,8,4.088,12.642,1.03100001811981,9.07800006866455,6,3.368,0.051
startup,11268462,16.513,4,0,156680680.0,16.869,0.078,7,6.054,10.296,1.01400005817413,9.09200000762939,799,3.46,0.048
startup,11285360,16.898,4,0,157024984.0,16.869,0.078,8,3.312,13.431,1.95500004291534,9.08500003814697,7,2.563,0.049
startup,11301777,16.417,4,0,157371040.0,16.869,0.078,8,4.435,11.827,1.02499997615814,9.05799961090088,6,2.526,0.049
startup,11318701,16.924,4,0,157608464.0,16.869,0.078,9,3.281,13.489,1.00699996948242,9.10599994659424,6,2.517,0.048
startup,11335099,16.398,4,0,157986884.0,16.869,0.078,7,5.696,10.58,1.03600001335144,9.13300037384033,7,3.877,0.057
startup,11351914,16.815,4,0,158216484.0,16.869,0.078,8,4.021,12.636,1.0460000038147,9.0629997253418,6,3.273,0.049
startup,11368387,16.473,4,0,158431176.0,16.869,0.078,8,4.438,11.892,1.01199996471405,9.08600044250488,6,2.614,0.052
startup,11385278,16.891,4,0,158659760.0,16.869,0.078,9,3.36,13.383,1.01699995994568,9.08800029754639,6,2.629,0.053
startup,11401642,16.364,4,0,158890172.0,16.869,0.078,8,4.653,11.578,1.01699995994568,9.08899974822998,6,2.826,0.054
startup,11418526,16.884,4,0,159250640.0,16.869,0.078,9,3.771,12.973,0.98500001430511,9.06400012969971,6,2.735,0.052
startup,11434961,16.435,4,0,159482504.0,16.869,0.078,8,4.636,11.643,1.02100002765656,9.0629997253418,6,2.853,0.049
startup,11451917,16.956,4,0,159746720.0,16.869,0.078,8,3.373,13.438,1.00699996948242,9.12600040435791,5,2.642,0.052
startup,11468295,16.378,4,0,160031744.0,16.869,0.078,8,4.388,11.854,1.02799999713898,9.07699966430664,7,2.52,0.054
startup,11485247,16.952,4,0,160335396.0,16.869,0.078,8,3.769,13.03,1.00300002098084,9.10299968719482,6,3.029,0.051
startup,11501679,16.432,4,0,160725052.0,16.869,0.078,9,5.368,10.925,1.01600003242493,9.08800029754639,7,3.527,0.049
startup,11518543,16.864,4,0,161157144.0,16.869,0.078,9,4.819,11.9,1.04100000858307,9.10599994659424,6,4.052,0.054
startup,11534988,16.445,4,0,161435540.0,16.869,0.078,8,5.127,11.163,1.06900000572205,9.07299995422363,7,3.328,0.048
startup,11551877,16.889,4,0,161594772.0,16.869,0.078,12,3.336,13.376,1.03100001811981,9.07699966430664,6,2.615,0.053
startup,11568247,16.37,4,0,161940944.0,16.869,0.078,10,4.575,11.654,1.02400004863739,9.08100032806396,6,2.701,0.054
startup,11585165,16.918,4,0,162311352.0,16.869,0.078,9,4.821,11.954,0.99599999189377,9.09099960327148,6,4.104,0.049
startup,11601589,16.424,4,0,162650184.0,16.869,0.078,8,5.334,10.958,1.01400005817413,9.08899974822998,6,3.541,0.051
startup,11618483,16.894,4,0,163056132.0,16.869,0.078,8,4.181,12.566,1.02799999713898,9.0930004119873,6,3.46,0.047
startup,11634877,16.394,4,0,163372220.0,16.869,0.078,8,4.663,11.58,0.98500001430511,9.05599975585938,6,2.857,0.051
startup,11651842,16.965,4,0,163718308.0,16.869,0.078,9,4.079,12.758,1.03999996185303,9.0959997177124,6,3.383,0.046
startup,11668257,16.415,4,0,163978900.0,16.869,0.078,8,4.45,11.837,0.98500001430511,9.08899974822998,6,2.612,0.049
startup,11685149,16.892,4,0,164197452.0,16.869,0.078,8,3.512,13.241,1.03999996185303,9.08199977874756,7,2.536,0.047
startup,11701573,16.424,4,0,164452556.0,16.869,0.078,8,4.35,11.942,1.02999997138977,9.08199977874756,7,2.508,0.049
startup,11718472,16.899,4,0,164493948.0,16.869,0.078,9,3.349,13.423,1.05499994754791,9.09200000762939,8,2.603,0.05
startup,11735129,16.657,4,0,164707856.0,16.869,0.078,9,4.503,12.006,1.11600005626678,9.07400035858154,6,2.526,0.047
startup,11751770,16.641,4,0,164938784.0,16.869,0.078,8,3.251,13.254,1.02999997138977,9.05599975585938,7,2.503,0.058
startup,11768198,16.428,4,0,165206748.0,16.869,0.078,7,4.37,11.875,1.08899998664856,9.03499984741211,6,2.508,0.049
startup,11785093,16.895,4,0,165447952.0,16.869,0.078,8,3.986,12.764,1.04299998283386,9.05000019073486,754,2.509,0.049
startup,11801521,16.428,4,0,165734808.0,16.869,0.078,7,4.398,11.886,1.03400003910065,9.09200000762939,6,2.515,0.048
startup,11818420,16.899,4,0,165945332.0,16.869,0.078,9,3.301,13.465,1.057000041008,9.08199977874756,6,2.536,0.047
startup,11834835,16.415,4,0,166197664.0,16.869,0.078,7,4.363,11.933,1.05400002002716,9.10999965667725,7,2.502,0.049
startup,11851693,16.858,1,0,166446728.0,16.869,0.078,8,3.239,13.499,1.04100000858307,9.05300045013428,6,2.518,0.054
startup,11868136,16.443,5,0,166933072.0,16.869,0.078,1950,7.789,8.519,1.05900001525879,9.06799983978271,133,2.535,0.047
startup,11885070,16.934,6,0,167167252.0,16.869,0.078,8,3.337,13.454,1.37999999523163,9.08399963378906,104,2.505,0.048
startup,11901545,16.475,6,0,167388320.0,16.869,0.078,8,4.439,11.896,1.01400005817413,9.09799957275391,6,2.526,0.048
startup,11918427,16.882,6,0,167643232.0,16.869,0.078,8,3.34,13.419,1.03900003433228,9.0600004196167,6,2.583,0.048
startup,11934805,16.378,6,0,167987316.0,16.869,0.078,8,4.442,11.792,1.02900004386902,9.0649995803833,6,2.555,0.047
startup,11951702,16.897,6,0,168158144.0,16.869,0.078,8,3.482,13.263,1.10599994659424,9.05799961090088,6,2.517,0.049
startup,11968131,16.429,6,0,168410752.0,16.869,0.078,8,4.452,11.842,1.11800003051758,9.07900047302246,6,2.525,0.048
startup,11985007,16.876,6,0,168047548.0,16.869,0.078,8,3.288,13.443,1.04499995708466,9.07499980926514,6,2.553,0.05
startup,12001518,16.511,6,0,168350096.0,16.869,0.078,7,5.701,10.668,1.34399998188019,9.0939998626709,7,2.503,0.048
startup,12018325,16.807,6,0,168570472.0,16.852,0.073,8,3.238,13.441,1.11699998378754,9.07100009918213,6,2.517,0.049
startup,12034806,16.481,6,0,168802936.0,16.852,0.073,8,4.298,12.05,1.04999995231628,9.05599975585938,6,2.513,0.05
startup,12051651,16.845,6,0,168997164.0,16.852,0.073,9,3.369,13.346,1.07400000095367,9.03400039672852,6,2.638,0.048
startup,12068098,16.447,6,0,169243812.0,16.852,0.073,8,4.348,11.968,1.03799998760223,9.10200023651123,6,2.52,0.048
startup,12084942,16.844,6,0,169521180.0,16.852,0.073,8,3.285,13.421,1.20500004291534,9.05099964141846,7,2.545,0.048
startup,12101391,16.449,6,0,169705124.0,16.852,0.073,8,4.357,11.972,1.04100000858307,9.09200000762939,6,2.538,0.049
startup,12118327,16.936,6,0,169946084.0,16.852,0.073,13,3.234,13.575,1.07799994945526,9.02999973297119,6,2.507,0.048
startup,12134753,16.426,6,0,170163540.0,16.852,0.073,8,4.343,11.947,1.03999996185303,9.08600044250488,5,2.507,0.054
startup,12151631,16.878,6,0,170421156.0,16.852,0.073,8,3.223,13.529,1.17599999904633,9.08899974822998,6,2.517,0.049
startup,12168066,16.435,6,0,170641340.0,16.852,0.073,8,4.32,11.977,1.06400001049042,9.08100032806396,6,2.503,0.049
startup,12185012,16.946,6,0,170917744.0,16.852,0.073,8,3.275,13.502,1.06299996376038,9.11900043487549,7,2.517,0.048
startup,12201373,16.361,6,0,171166464.0,16.852,0.073,8,4.331,11.893,1.04499995708466,9.10400009155273,7,2.517,0.048
startup,12218269,16.896,6,0,171427464.0,16.852,0.073,7,3.489,13.271,1.03199994564056,9.10400009155273,6,2.533,0.047
startup,12234681,16.412,6,0,171645048.0,16.852,0.073,8,4.327,11.956,1.07500004768372,9.0620002746582,7,2.512,0.048
startup,12251603,16.922,6,0,171159600.0,16.852,0.073,8,2.897,13.868,1.06400001049042,9.06799983978271,6,2.158,0.05
startup,12268013,16.41,6,0,171458784.0,16.852,0.073,9,3.265,13.009,1.47899997234344,9.07400035858154,6,0.007,0.048
startup,12285014,17.001,6,0,171519308.0,16.852,0.073,8,0.695,16.157,1.61500000953674,9.15499973297119,6,0.007,0.048
startup,12301425,16.411,6,0,171618324.0,16.852,0.073,7,2.584,13.69,1.0809999704361,9.18099975585938,752,0.007,0.049
startup,12318317,16.892,6,0,171714228.0,16.852,0.073,8,0.732,16.012,1.13100004196167,9.10999965667725,5,0.007,0.047
startup,12334820,16.503,6,0,171773384.0,16.852,0.073,8,2.181,14.19,1.0809999704361,9.21599960327148,6,0.006,0.049
startup,12352223,17.403,6,0,171874996.0,16.852,0.073,8,0.789,16.45,1.11800003051758,9.26599979400635,7,0.007,0.054
startup,12368411,16.188,6,0,171934220.0,16.852,0.073,8,1.927,14.11,1.24000000953674,9.23200035095215,7,0.007,0.053
startup,12385087,16.676,6,0,171749220.0,16.852,0.073,8,0.829,15.658,1.1599999666214,9.1569995880127,6,0.007,0.07
startup,12401764,16.677,6,0,171844332.0,16.852,0.073,7,1.897,14.64,1.12100005149841,9.23299980163574,7,0.007,0.063
startup,12418268,16.504,6,0,171909012.0,16.852,0.073,8,0.754,15.591,1.13100004196167,9.09000015258789,6,0.008,0.053
startup,12434934,16.666,6,0,172010304.0,16.852,0.073,8,1.815,14.691,1.09599995613098,9.08399963378906,6,0.007,0.048
startup,12451657,16.723,6,0,172072172.0,16.852,0.073,8,0.732,15.831,1.0900000333786,9.09500026702881,7,0.007,0.048
startup,12468321,16.664,6,0,172176800.0,16.852,0.073,7,1.825,14.721,1.10599994659424,9.16199970245361,6,0.007,0.048
startup,12485003,16.682,6,0,172273392.0,16.852,0.073,8,1.011,15.517,1.09399998188019,9.11999988555908,6,0.007,0.048
startup,12501294,16.291,5,0,172369620.0,16.852,0.073,7,1.837,14.306,1.08700001239777,9.10700035095215,6,0.006,0.049
startup,12518362,17.068,5,0,172782516.0,16.852,0.073,8,3.276,13.66,1.10099995136261,9.1899995803833,6,2.52,0.049
startup,12535003,16.641,5,0,173023580.0,16.852,0.073,7,4.365,12.142,1.13800001144409,9.16300010681152,7,2.505,0.057
startup,12551734,16.731,5,0,173294172.0,16.852,0.073,8,3.244,13.298,1.32599997520447,9.08199977874756,7,2.52,0.056
startup,12568253,16.519,5,0,173483296.0,16.852,0.073,7,4.472,11.909,1.15199995040894,9.0939998626709,7,2.508,0.05
startup,12584870,16.617,5,0,173756468.0,16.852,0.073,9,3.401,13.079,1.16100001335144,9.10799980163574,7,2.646,0.051
startup,12601756,16.886,5,0,174043220.0,16.852,0.073,8,4.405,12.238,1.14199995994568,9.20800018310547,6,2.511,0.052
startup,12618211,16.455,5,0,174247920.0,16.852,0.073,8,3.209,13.108,1.14300000667572,9.08899974822998,7,2.504,0.05
startup,12634898,16.687,5,0,174592336.0,16.852,0.073,8,4.334,12.201,1.14900004863739,9.11699962615967,6,2.504,0.051
startup,12651598,16.7,5,0,174936160.0,16.852,0.073,8,3.32,13.234,1.13900005817413,9.14299964904785,6,2.57,0.049
startup,12667932,16.334,5,0,175189176.0,16.852,0.073,8,4.43,11.754,1.15699994564056,9.125,6,2.507,0.049
startup,12684960,17.028,5,0,175473948.0,16.852,0.073,8,3.228,13.65,1.13900005817413,9.16800022125244,7,2.51,0.05
startup,12701579,16.619,5,0,175770492.0,16.852,0.073,8,4.412,12.068,1.13100004196167,9.18200016021729,7,2.501,0.054
startup,12718381,16.802,5,0,176067752.0,16.852,0.073,8,3.258,13.376,1.13800001144409,9.24300003051758,6,2.525,0.048
startup,12734882,16.501,5,0,175644628.0,16.852,0.073,8,5.29,11.09,1.14600002765656,9.10000038146973,6,2.128,0.05
startup,12751511,16.629,5,0,175744164.0,16.852,0.073,7,1.018,15.477,1.43400001525879,9.08399963378906,6,0.018,0.047
startup,12767975,16.464,5,0,175825676.0,16.852,0.073,7,1.872,14.457,1.09200000762939,9.11900043487549,6,0.007,0.052
startup,12784937,16.962,5,0,175982728.0,16.852,0.073,8,0.714,16.12,1.11300003528595,9.12100028991699,6,0.007,0.047
startup,12801209,16.272,5,0,176137780.0,16.852,0.073,8,1.83,14.303,1.12199997901917,9.10599994659424,6,0.006,0.052
startup,12818160,16.951,5,0,176199968.0,16.852,0.073,8,1.471,15.359,1.13199996948242,9.11100006103516,762,0.007,0.046
startup,12834514,16.354,5,0,176305724.0,16.852,0.073,7,1.974,14.256,1.08700001239777,9.12399959564209,6,0.007,0.05
startup,12851444,16.93,5,0,176476232.0,16.852,0.073,8,0.797,15.992,1.08700001239777,9.11400032043457,5,0.007,0.049
startup,12867836,16.392,5,0,176609792.0,16.852,0.073,8,1.871,14.398,1.0900000333786,9.11100006103516,7,0.007,0.047
startup,12884711,16.875,5,0,176649932.0,16.852,0.073,8,0.707,16.048,1.09599995613098,9.10200023651123,6,0.007,0.048
startup,12901100,16.389,5,0,176750744.0,16.852,0.073,7,1.839,14.422,1.10199999809265,9.09899997711182,6,0.007,0.045
startup,12918134,17.034,5,0,176890344.0,16.852,0.073,8,0.751,16.132,1.09800004959106,9.0930004119873,7,0.007,0.049
startup,12934476,16.342,5,0,176915844.0,16.852,0.073,8,1.902,14.302,1.08800005912781,9.10799980163574,6,0.007,0.048
startup,12951386,16.91,5,0,177017512.0,16.852,0.073,8,0.738,16.032,1.08899998664856,9.12600040435791,6,0.007,0.048
startup,12967867,16.481,5,0,177075024.0,16.852,0.073,8,1.947,14.412,1.09800004959106,9.17300033569336,5,0.006,0.052
startup,12984725,16.858,5,0,177178572.0,16.852,0.073,8,0.748,15.986,1.10300004482269,9.12100028991699,6,0.007,0.047
startup,13001259,16.534,5,0,177278884.0,16.852,0.073,8,1.957,14.436,1.09300005435944,9.11699962615967,6,0.007,0.046
startup,13018114,16.855,5,0,177383040.0,17.254,0.073,7,0.995,15.734,1.08399999141693,9.19200038909912,6,0.007,0.056
startup,13034478,16.364,5,0,177450456.0,17.254,0.073,8,2.024,14.184,1.09599995613098,9.09700012207031,6,0.009,0.047
startup,13051347,16.869,5,0,177554132.0,17.254,0.073,8,0.724,15.993,1.10099995136261,9.09500026702881,6,0.007,0.049
startup,13067757,16.41,5,0,177612636.0,17.254,0.073,8,1.877,14.412,1.09800004959106,9.12399959564209,6,0.007,0.048
startup,13084664,16.907,5,0,177716720.0,17.254,0.073,7,0.73,16.031,1.0900000333786,9.10900020599365,6,0.007,0.05
startup,13101051,16.387,5,0,177823396.0,17.254,0.073,8,1.817,14.425,1.10099995136261,9.09000015258789,6,0.006,0.046
startup,13117974,16.923,5,0,177887676.0,17.254,0.073,8,0.697,16.094,1.09800004959106,9.09200000762939,7,0.007,0.047
startup,13134512,16.538,5,0,177989056.0,17.254,0.073,8,1.892,14.527,1.08700001239777,9.19499969482422,6,0.007,0.052
startup,13151426,16.914,4,0,178124432.0,17.254,0.073,8,0.735,16.028,1.12199997901917,9.13899993896484,8,0.006,0.053
startup,13167850,16.424,4,0,178428212.0,17.254,0.073,7,4.645,11.653,1.10000002384186,9.18299961090088,6,2.622,0.048
startup,13184654,16.804,4,0,178807920.0,17.254,0.073,8,3.234,13.443,1.15799999237061,9.10599994659424,9,2.516,0.048
startup,13201083,16.429,4,0,179011404.0,17.254,0.073,18,4.561,11.731,1.14900004863739,9.10000038146973,6,2.621,0.049
startup,13217985,16.902,4,0,179331440.0,17.254,0.073,9,3.344,13.428,1.14600002765656,9.11400032043457,7,2.564,0.049
startup,13234403,16.418,4,0,179556848.0,17.254,0.073,7,4.337,11.96,1.16499996185303,9.14299964904785,5,2.505,0.054
startup,13251384,16.981,4,0,179871972.0,17.254,0.073,8,3.26,13.559,1.15299999713898,9.18400001525879,7,2.506,0.048
startup,13267681,16.297,4,0,180184316.0,17.254,0.073,7,4.464,11.703,1.13399994373322,9.08300018310547,7,2.629,0.048
startup,13284675,16.994,4,0,180381356.0,17.254,0.073,8,3.536,13.322,1.13699996471405,9.10700035095215,6,2.515,0.051
startup,13301098,16.423,4,0,180653136.0,17.254,0.073,8,4.362,11.922,1.2389999628067,9.19200038909912,6,2.57,0.048
startup,13318023,16.925,3,0,180994604.0,17.254,0.073,8,3.25,13.537,1.13699996471405,9.1870002746582,6,2.507,0.048
startup,13334456,16.433,4,0,181222768.0,17.254,0.073,7,5.103,11.188,1.1599999666214,9.1879997253418,746,2.514,0.05
startup,13351047,16.591,3,0,181521496.0,17.254,0.073,7,3.238,13.194,1.15900003910065,9.1269998550415,6,2.503,0.048
startup,13368381,17.334,4,0,181761256.0,17.254,0.073,8,4.675,12.497,1.15199995040894,9.15499973297119,6,2.523,0.05
startup,13384966,16.585,4,0,182024964.0,17.254,0.073,7,3.241,13.211,1.18599998950958,9.1569995880127,6,2.51,0.049
startup,13401207,16.241,4,0,181563680.0,17.254,0.073,9,6.1,9.957,1.15199995040894,9.23200035095215,6,2.637,0.048
startup,13418019,16.812,4,0,181817356.0,17.254,0.073,8,3.218,13.472,2.14400005340576,9.23600006103516,6,2.508,0.047
startup,13434537,16.518,4,0,182156516.0,17.254,0.073,9,4.471,11.894,1.23199999332428,9.21700000762939,6,2.505,0.051
startup,13451458,16.921,4,0,182344204.0,17.254,0.073,8,3.343,13.425,1.16600000858307,9.23200035095215,6,2.611,0.051
startup,13467779,16.321,4,0,182455816.0,17.254,0.073,7,4.372,11.793,1.18499994277954,9.21500015258789,6,2.519,0.049
startup,13484654,16.875,4,0,182724192.0,17.254,0.073,8,2.979,13.765,1.22399997711182,9.23499965667725,7,2.263,0.047
startup,13501040,16.386,1,0,182856956.0,17.254,0.073,8,1.97,14.281,1.13800001144409,9.16600036621094,6,0.007,0.05
startup,13518069,17.029,2,0,183285828.0,17.254,0.073,656,4.523,12.346,1.09300005435944,9.26500034332275,118,2.507,0.049
startup,13534493,16.424,4,0,183521068.0,17.254,0.073,7,4.56,11.683,1.21000003814697,9.21599960327148,107,2.518,0.05
startup,13551228,16.735,4,0,183837060.0,17.254,0.073,9,3.708,12.885,1.17700004577637,9.13599967956543,6,2.508,0.059
startup,13567803,16.575,4,0,183863184.0,17.254,0.073,8,4.389,12.046,1.19099998474121,9.26799964904785,6,2.519,0.049
startup,13584618,16.815,4,0,184132332.0,17.254,0.073,8,3.03,13.664,1.31500005722046,9.21700000762939,6,2.302,0.049
startup,13601004,16.386,4,0,184284608.0,17.254,0.073,8,1.832,14.412,1.17900002002716,9.1569995880127,7,0.008,0.049
startup,13617917,16.913,4,0,184511304.0,17.254,0.073,7,0.716,16.04,1.13300001621246,9.14799976348877,6,0.007,0.047
startup,13634389,16.472,4,0,184576428.0,17.254,0.073,8,1.92,14.427,1.12999999523163,9.23799991607666,7,0.008,0.05
startup,13651235,16.846,4,0,184755420.0,17.254,0.073,9,0.92,15.78,1.10599994659424,9.17399978637695,6,0.007,0.049
startup,13667708,16.473,4,0,184914080.0,17.254,0.073,8,1.831,14.498,1.15499997138977,9.24499988555908,6,0.007,0.066
startup,13684579,16.871,4,0,185027068.0,17.254,0.073,11,0.753,15.978,1.13399994373322,9.1870002746582,6,0.006,0.048
startup,13700959,16.38,2,0,185192324.0,17.254,0.073,8,1.83,14.401,1.10199999809265,9.16899967193604,6,0.007,0.048
startup,13717906,16.947,3,0,185500196.0,17.254,0.073,666,4.394,12.41,1.09500002861023,9.22700023651123,121,2.592,0.047
startup,13734513,16.607,3,0,185819140.0,17.254,0.073,7,4.458,12.029,1.17499995231628,9.14099979400635,6,2.504,0.054
startup,13751179,16.666,3,0,186145184.0,17.254,0.073,8,3.42,13.112,1.14300000667572,9.17099952697754,6,2.661,0.048
startup,13767711,16.532,1,0,186214496.0,17.254,0.073,8,4.505,11.873,1.16199994087219,9.21199989318848,5,2.612,0.048
startup,13784582,16.871,1,0,186556328.0,17.254,0.073,1333,5.358,11.376,1.26900005340576,9.22500038146973,85,2.546,0.066
startup,13800960,16.378,5,0,186800228.0,17.254,0.073,7,4.419,11.821,1.42299997806549,9.17800045013428,121,2.148,0.054
startup,13817896,16.936,4,0,186901720.0,17.254,0.073,8,1.091,15.671,1.14499998092651,9.15900039672852,87,0.006,0.047
startup,13834360,16.464,5,0,187184612.0,17.254,0.073,8,4.595,11.712,1.12699997425079,9.22399997711182,123,2.543,0.053
startup,13851229,16.869,5,0,187237836.0,17.254,0.073,8,1.466,15.279,1.2150000333786,9.20699977874756,754,0.006,0.048
startup,13867618,16.389,5,0,187342528.0,17.254,0.073,7,1.866,14.394,1.10300004482269,9.22399997711182,6,0.006,0.058
startup,13884422,16.804,5,0,187436080.0,17.254,0.073,9,1.013,15.668,1.22200000286102,9.13899993896484,6,0.007,0.045
startup,13900947,16.525,5,0,187536452.0,17.254,0.073,8,1.835,14.546,1.10800004005432,9.20199966430664,7,0.008,0.047
startup,13917854,16.907,5,0,187634704.0,17.254,0.073,7,0.729,16.018,1.10300004482269,9.21500015258789,6,0.006,0.048
startup,13934276,16.422,5,0,187730308.0,17.254,0.073,8,1.858,14.422,1.10099995136261,9.23400020599365,6,0.007,0.056
startup,13951245,16.969,5,0,187792112.0,17.254,0.073,9,0.729,16.05,1.09500002861023,9.2519998550415,6,0.007,0.05
startup,13967581,16.336,5,0,187886240.0,17.254,0.073,7,1.852,14.345,1.09899997711182,9.22299957275391,6,0.006,0.049
startup,13984521,16.94,5,0,188025712.0,17.254,0.073,7,0.737,16.066,1.09700000286102,9.24699974060059,5,0.006,0.047
startup,14000880,16.359,5,0,188089140.0,17.254,0.073,8,1.831,14.405,1.10599994659424,9.20899963378906,6,0.007,0.053
startup,14017851,16.971,5,0,188194988.0,17.187,0.071,8,0.696,16.134,1.09700000286102,9.24400043487549,6,0.007,0.046
startup,14034197,16.346,5,0,188328972.0,17.187,0.071,8,1.877,14.33,1.10699999332428,9.1899995803833,6,0.007,0.052
startup,14051094,16.897,5,0,188353732.0,17.187,0.071,8,0.742,16.011,1.10500001907349,9.16800022125244,6,0.007,0.049
startup,14067546,16.452,5,0,188498692.0,17.187,0.071,8,1.916,14.392,1.17599999904633,9.21100044250488,7,0.015,0.049
startup,14084379,16.833,5,0,188651700.0,17.187,0.071,8,0.958,15.751,1.13499999046326,9.14099979400635,6,0.007,0.046
startup,14100776,16.397,5,0,188720644.0,17.187,0.071,7,1.842,14.419,1.11800003051758,9.14400005340576,6,0.007,0.055
startup,14117704,16.928,5,0,188813680.0,17.187,0.071,7,0.711,16.091,1.13499999046326,9.16899967193604,7,0.007,0.046
startup,14134180,16.476,5,0,188869216.0,17.187,0.071,9,1.949,14.405,1.09500002861023,9.22399997711182,7,0.007,0.047
startup,14151110,16.93,5,0,189044172.0,17.187,0.071,8,0.732,16.046,1.1139999628067,9.23999977111816,7,0.007,0.05
startup,14167535,16.425,5,0,189257468.0,17.187,0.071,8,1.882,14.408,1.12399995326996,9.25899982452393,6,0.014,0.05
startup,14184455,16.92,5,0,189474000.0,17.187,0.071,11,0.735,16.044,1.10399997234344,9.17599964141846,6,0.007,0.049
startup,14200891,16.436,5,0,189538748.0,17.187,0.071,8,1.831,14.465,1.09399998188019,9.24100017547607,6,0.007,0.052
startup,14217712,16.821,5,0,189599972.0,17.187,0.071,8,0.708,15.958,1.09899997711182,9.17500019073486,6,0.006,0.047
startup,14234123,16.411,5,0,189765412.0,17.187,0.071,7,1.851,14.433,1.09899997711182,9.16399955749512,6,0.011,0.047
startup,14251125,17.002,5,0,189852116.0,17.187,0.071,7,0.74,16.109,1.09500002861023,9.25300025939941,6,0.006,0.048
startup,14267517,16.392,5,0,189909140.0,17.187,0.071,8,1.925,14.327,1.10899996757507,9.24100017547607,7,0.008,0.058
startup,14284398,16.881,5,0,190120140.0,17.187,0.071,8,0.762,15.973,1.09899997711182,9.21500015258789,6,0.008,0.054
startup,14300748,16.35,5,0,190158324.0,17.187,0.071,7,1.872,14.344,1.1139999628067,9.16800022125244,6,0.007,0.051
startup,14317696,16.948,5,0,190212460.0,17.187,0.071,8,0.737,16.08,1.09700000286102,9.20499992370605,6,0.006,0.046
startup,14334108,16.412,5,0,190213572.0,17.187,0.071,8,1.909,14.378,1.09300005435944,9.22799968719482,6,0.007,0.048
startup,14350972,16.864,5,0,190214688.0,17.187,0.071,9,1.02,15.711,1.09599995613098,9.14599990844727,5,0.008,0.053
startup,14367374,16.402,5,0,190304892.0,17.187,0.071,8,2.698,13.566,1.10800004005432,9.14900016784668,814,0.007,0.054
startup,14384350,16.976,5,0,190367160.0,17.187,0.071,8,0.737,16.091,1.12300002574921,9.21100044250488,6,0.007,0.054
startup,14400792,16.442,5,0,190434060.0,17.187,0.071,7,1.891,14.422,1.11000001430511,9.2480001449585,6,0.007,0.047
startup,14417640,16.848,5,0,190534224.0,17.187,0.071,13,0.739,15.983,1.09800004959106,9.18099975585938,6,0.007,0.048
startup,14434150,16.51,5,0,190535340.0,17.187,0.071,8,1.899,14.444,1.12100005149841,9.21700000762939,7,0.01,0.052
startup,14451038,16.888,5,0,190536452.0,17.187,0.071,8,0.732,15.997,1.10000002384186,9.22200012207031,6,0.007,0.053
startup,14467527,16.489,5,0,190666868.0,17.187,0.071,9,1.895,14.419,1.12300002574921,9.25599956512451,6,0.007,0.061
startup,14484388,16.861,5,0,190757324.0,17.187,0.071,8,0.746,15.967,1.09300005435944,9.27499961853027,6,0.007,0.051
startup,14500784,16.396,5,0,190758440.0,17.187,0.071,8,1.843,14.396,1.11699998378754,9.23299980163574,6,0.007,0.06
startup,14517603,16.819,5,0,190759552.0,17.187,0.071,8,0.732,15.96,1.09099996089935,9.18900012969971,6,0.007,0.051
startup,14534073,16.47,5,0,190760660.0,17.187,0.071,8,1.862,14.482,1.10699999332428,9.25,7,0.01,0.053
startup,14550943,16.87,5,0,190964264.0,17.187,0.071,11,0.714,16.027,1.10500001907349,9.22599983215332,6,0.007,0.052
startup,14567428,16.485,5,0,191022616.0,17.187,0.071,7,1.932,14.396,1.09800004959106,9.2519998550415,7,0.008,0.048
startup,14584174,16.746,5,0,191023728.0,17.187,0.071,8,0.739,15.881,1.13900005817413,9.15200042724609,6,0.007,0.052
startup,14600605,16.431,5,0,191024844.0,17.187,0.071,8,1.842,14.463,1.09899997711182,9.1540002822876,6,0.006,0.052
startup,14617681,17.076,5,0,191329940.0,17.187,0.071,8,0.975,15.966,1.09599995613098,9.24600028991699,6,0.007,0.051
startup,14634077,16.396,5,0,191289160.0,17.187,0.071,7,1.835,14.435,1.10099995136261,9.22299957275391,6,0.006,0.055
startup,14651040,16.963,5,0,191290276.0,17.187,0.071,8,0.727,16.072,1.10199999809265,9.23999977111816,6,0.007,0.047
startup,14667397,16.357,5,0,191291392.0,17.187,0.071,8,1.84,14.379,1.11699998378754,9.20800018310547,6,0.007,0.051
startup,14684300,16.903,5,0,191414216.0,17.187,0.071,8,0.764,15.995,1.09700000286102,9.23099994659424,6,0.007,0.052
startup,14700664,16.364,5,0,191482796.0,17.187,0.071,7,1.895,14.344,1.16799998283386,9.21300029754639,6,0.007,0.059
startup,14717587,16.923,5,0,191483912.0,17.187,0.071,8,0.766,16.005,1.09200000762939,9.21599960327148,6,0.007,0.049
startup,14734224,16.637,5,0,191486708.0,17.187,0.071,8,1.896,14.605,1.10500001907349,9.21700000762939,6,0.01,0.062
startup,14750878,16.654,5,0,191487820.0,17.187,0.071,8,0.742,15.783,1.09200000762939,9.22900009155273,6,0.007,0.055
startup,14767329,16.451,5,0,191488936.0,17.187,0.071,7,1.873,14.451,1.13999998569489,9.25399971008301,6,0.007,0.051
startup,14784232,16.903,5,0,191490052.0,17.187,0.071,9,0.725,16.055,1.09599995613098,9.23900032043457,6,0.008,0.051
startup,14800657,16.425,5,0,191761244.0,17.187,0.071,8,1.854,14.45,1.11899995803833,9.25699996948242,6,0.006,0.056
startup,14817535,16.878,5,0,191661724.0,17.187,0.071,12,0.709,16.027,1.10699999332428,9.20899963378906,6,0.007,0.05
startup,14833982,16.447,5,0,191662840.0,17.187,0.071,8,1.863,14.457,1.10500001907349,9.22900009155273,6,0.007,0.053
startup,14850964,16.982,5,0,191663956.0,17.187,0.071,10,0.725,16.092,1.08299994468689,9.26700019836426,6,0.007,0.052
startup,14867284,16.32,5,0,191852644.0,17.187,0.071,9,1.838,14.359,1.08399999141693,9.23600006103516,6,0.007,0.052
startup,14884183,16.899,5,0,191857240.0,17.187,0.071,8,1.741,15.018,1.12899994850159,9.2180004119873,772,0.006,0.057
startup,14900627,16.444,5,0,191858360.0,17.187,0.071,8,1.915,14.389,1.10599994659424,9.2180004119873,7,0.007,0.055
startup,14917533,16.906,5,0,191859472.0,17.187,0.071,8,0.842,15.917,1.12000000476837,9.24699974060059,6,0.006,0.054
startup,14933897,16.364,5,0,191860588.0,17.187,0.071,8,1.873,14.348,1.13699996471405,9.19999980926514,6,0.008,0.059
startup,14950836,16.939,5,0,191861704.0,17.187,0.071,9,0.725,16.069,1.0900000333786,9.23799991607666,8,0.007,0.054
startup,14967249,16.413,5,0,192015732.0,17.187,0.071,8,1.875,14.393,1.13499999046326,9.21399974822998,6,0.007,0.054
startup,14984186,16.937,5,0,192016848.0,17.187,0.071,8,0.729,16.048,1.10000002384186,9.24600028991699,6,0.007,0.052
startup,15000573,16.387,5,0,192116676.0,17.187,0.071,8,1.826,14.439,1.10300004482269,9.23499965667725,6,0.007,0.059
startup,15017465,16.892,5,0,192219280.0,16.957,0.073,8,0.722,16.026,1.08899998664856,9.22900009155273,6,0.007,0.048
startup,15033939,16.474,5,0,192226816.0,16.957,0.073,8,1.849,14.478,1.10399997234344,9.23700046539307,6,0.007,0.049
startup,15050807,16.868,5,0,192325284.0,16.957,0.073,8,0.735,15.998,1.10599994659424,9.23799991607666,6,0.007,0.053
startup,15067212,16.405,5,0,192326400.0,16.957,0.073,7,1.908,14.348,1.10599994659424,9.19299983978271,6,0.007,0.06
startup,15084117,16.905,5,0,192327620.0,16.957,0.073,8,0.735,16.011,1.11300003528595,9.17899990081787,6,0.007,0.051
startup,15100497,16.38,5,0,192328732.0,16.957,0.073,7,1.949,14.307,1.09300005435944,9.21399974822998,7,0.007,0.154
startup,15117430,16.933,5,0,192329848.0,16.957,0.073,11,0.762,16.043,1.10699999332428,9.21300029754639,10,0.008,0.052
startup,15133855,16.425,5,0,192566072.0,16.957,0.073,7,1.852,14.453,1.1690000295639,9.23600006103516,6,0.007,0.053
startup,15150756,16.901,5,0,192651084.0,16.957,0.073,8,0.98,15.764,1.11000001430511,9.20699977874756,6,0.006,0.046
startup,15167117,16.361,5,0,192711060.0,16.957,0.073,8,1.823,14.373,1.13900005817413,9.14299964904785,6,0.007,0.047
startup,15184138,17.021,5,0,192757948.0,16.957,0.073,8,0.717,16.168,1.10500001907349,9.22599983215332,6,0.006,0.047
startup,15200479,16.341,5,0,192838724.0,16.957,0.073,8,1.869,14.329,1.11899995803833,9.14400005340576,6,0.007,0.057
startup,15217384,16.905,5,0,192839840.0,16.957,0.073,8,0.725,16.019,1.08800005912781,9.18099975585938,6,0.007,0.05
startup,15233857,16.473,5,0,192840952.0,16.957,0.073,7,1.824,14.488,1.10899996757507,9.23700046539307,7,0.007,0.056
startup,15250719,16.862,5,0,192950024.0,16.957,0.073,8,0.719,16.001,1.11199998855591,9.20400047302246,7,0.008,0.052
startup,15267214,16.495,5,0,192953004.0,16.957,0.073,7,1.869,14.49,1.12899994850159,9.26200008392334,6,0.007,0.052
startup,15284072,16.858,5,0,192954116.0,16.957,0.073,8,0.738,15.981,1.09099996089935,9.20600032806396,6,0.007,0.062
startup,15300487,16.415,5,0,193097892.0,16.957,0.073,8,1.872,14.408,1.12999999523163,9.23099994659424,6,0.007,0.056
startup,15317414,16.927,5,0,193099008.0,16.957,0.073,9,0.702,16.081,1.09700000286102,9.23200035095215,5,0.007,0.046
startup,15333848,16.434,5,0,193100124.0,16.957,0.073,8,1.889,14.418,1.09300005435944,9.26299953460693,6,0.007,0.059
startup,15350688,16.84,5,0,193101236.0,16.957,0.073,8,0.772,15.91,1.08299994468689,9.20699977874756,6,0.007,0.053
startup,15367046,16.358,5,0,193102348.0,16.957,0.073,8,1.917,14.295,1.10199999809265,9.16100025177002,6,0.008,0.052
startup,15384005,16.959,5,0,193247812.0,16.957,0.073,8,0.735,16.064,1.09399998188019,9.20899963378906,7,0.007,0.051
startup,15400375,16.37,5,0,193248924.0,16.957,0.073,13,2.581,13.65,1.09399998188019,9.17500019073486,747,0.007,0.05
startup,15417461,17.086,5,0,193250044.0,16.957,0.073,8,1.03,15.89,1.10699999332428,9.2810001373291,5,0.008,0.057
startup,15433697,16.236,5,0,193251148.0,16.957,0.073,8,1.887,14.224,1.10699999332428,9.1560001373291,6,0.007,0.051
startup,15450743,17.046,4,0,193496056.0,16.957,0.073,8,0.76,16.15,1.09800004959106,9.26099967956543,6,0.014,0.052
startup,15467028,16.285,4,0,193738012.0,16.957,0.073,8,4.388,11.757,1.12199997901917,9.16699981689453,6,2.51,0.05
startup,15484089,17.061,4,0,193981476.0,16.957,0.073,7,3.233,13.661,1.14499998092651,9.27999973297119,5,2.52,0.049
startup,15500435,16.346,4,0,195397260.0,16.957,0.073,8,4.343,11.88,1.18499994277954,9.24899959564209,6,2.508,0.049
startup,15517341,16.906,4,0,195659324.0,16.957,0.073,11,3.218,13.533,1.1710000038147,9.23200035095215,6,2.516,0.046
startup,15533747,16.406,4,0,196037140.0,16.957,0.073,8,4.33,11.944,1.21599996089935,9.23099994659424,6,2.513,0.054
startup,15550615,16.868,4,0,196186516.0,16.957,0.073,8,3.298,13.43,1.16799998283386,9.22399997711182,6,2.553,0.05
startup,15567054,16.439,4,0,196463260.0,16.957,0.073,8,4.394,11.884,1.22599995136261,9.15900039672852,6,2.515,0.055
startup,15583892,16.838,4,0,196707988.0,16.957,0.073,9,3.283,13.399,1.17400002479553,9.15999984741211,6,2.565,0.048
startup,15600412,16.52,4,0,196976600.0,16.957,0.073,8,4.359,12.017,1.13800001144409,9.24300003051758,6,2.506,0.056
startup,15617261,16.849,4,0,197234940.0,16.957,0.073,8,3.26,13.458,1.15299999713898,9.24699974060059,6,2.509,0.049
startup,15633704,16.443,4,0,197477668.0,16.957,0.073,8,4.338,11.968,1.19700002670288,9.2519998550415,6,2.508,0.05
startup,15650619,16.915,4,0,197706672.0,16.957,0.073,8,3.241,13.52,1.15100002288818,9.23700046539307,6,2.507,0.046
startup,15667006,16.387,4,0,197951924.0,16.957,0.073,8,4.551,11.704,1.1690000295639,9.20899963378906,7,2.664,0.051
startup,15684018,17.012,4,0,198189300.0,16.957,0.073,8,3.489,13.345,1.18099999427795,9.23299980163574,5,2.503,0.048
startup,15700359,16.341,4,0,198423364.0,16.957,0.073,7,4.512,11.707,1.15600001811981,9.22900009155273,7,2.571,0.053
startup,15717283,16.924,4,0,198648468.0,16.957,0.073,10,3.271,13.48,1.18299996852875,9.22900009155273,6,2.523,0.047
startup,15733991,16.708,4,0,198266816.0,16.957,0.073,8,4.953,11.609,1.14499998092651,9.27400016784668,7,1.481,0.055
startup,15750625,16.634,4,0,198347224.0,16.957,0.073,8,0.752,15.751,2.84299993515015,9.29500007629395,6,0.007,0.048
startup,15767139,16.514,4,0,198436472.0,16.957,0.073,8,1.868,14.5,1.19400000572205,9.30900001525879,7,0.007,0.055
startup,15784008,16.869,4,0,198582600.0,16.957,0.073,8,0.727,15.991,1.17799997329712,9.27799987792969,6,0.007,0.05
startup,15800346,16.338,4,0,198726652.0,16.957,0.073,8,1.837,14.357,1.17499995231628,9.27600002288818,6,0.007,0.048
startup,15817351,17.005,4,0,198743520.0,16.957,0.073,8,0.734,16.089,1.15199995040894,9.31999969482422,6,0.007,0.052
startup,15833707,16.356,4,0,198874970.0,16.957,0.073,8,1.83,14.382,1.16499996185303,9.30200004577637,6,0.007,0.048
startup,15850758,17.051,4,0,198971372.0,16.957,0.073,8,0.729,16.154,1.16600000858307,9.35700035095215,6,0.007,0.05
startup,15867018,16.26,4,0,199070212.0,16.957,0.073,8,1.868,14.246,1.18299996852875,9.29500007629395,7,0.007,0.048
startup,15883944,16.926,4,0,199190940.0,16.957,0.073,8,0.711,16.064,1.17200005054474,9.30399990081787,5,0.007,0.046
startup,15900405,16.461,4,0,199298656.0,16.957,0.073,8,1.837,14.489,1.192999958992,9.29100036621094,6,0.007,0.049
startup,15917197,16.792,4,0,199380984.0,16.957,0.073,7,1.452,15.219,1.18799996376038,9.2819995880127,763,0.008,0.047
startup,15933730,16.533,4,0,199527856.0,16.957,0.073,8,1.862,14.541,1.17799997329712,9.32499980926514,6,0.007,0.051
startup,15950595,16.865,4,0,199608448.0,16.957,0.073,8,1.068,15.642,1.16799998283386,9.31900024414063,6,0.007,0.048
startup,15966985,16.39,4,0,199701196.0,16.957,0.073,8,1.838,14.413,1.17799997329712,9.3129997253418,6,0.006,0.046
startup,15983883,16.898,4,0,199822120.0,16.957,0.073,8,0.738,16.009,1.15900003910065,9.28800010681152,6,0.007,0.05
startup,16000244,16.361,4,0,199948708.0,16.957,0.073,8,1.892,14.335,1.21599996089935,9.25699996948242,7,0.007,0.052
startup,16017180,16.936,4,0,200023904.0,16.935,0.085,11,0.738,16.074,1.19900000095367,9.29899978637695,6,0.007,0.054
startup,16033594,16.414,4,0,200165208.0,16.935,0.085,8,1.881,14.398,1.15299999713898,9.26299953460693,6,0.007,0.055
startup,16050540,16.946,4,0,200249792.0,16.935,0.085,8,0.707,16.102,1.18599998950958,9.28899955749512,6,0.007,0.05
startup,16066947,16.407,4,0,200346836.0,16.935,0.085,8,1.846,14.439,1.16199994087219,9.27999973297119,6,0.007,0.048
startup,16083884,16.937,4,0,200464452.0,16.935,0.085,8,0.699,16.086,1.15900003910065,9.32299995422363,6,0.007,0.048
startup,16100265,16.381,4,0,200548068.0,16.935,0.085,8,1.895,14.364,1.18099999427795,9.3100004196167,7,0.007,0.046
startup,16117152,16.887,4,0,200684548.0,16.935,0.085,8,0.778,15.97,1.17499995231628,9.27999973297119,7,0.007,0.048
startup,16133579,16.427,4,0,200779008.0,16.935,0.085,8,1.898,14.41,1.27300000190735,9.28499984741211,6,0.007,0.06
startup,16150525,16.946,4,0,200924284.0,16.935,0.085,8,0.708,16.087,1.19599997997284,9.32900047302246,7,0.007,0.047
startup,16166934,16.409,3,0,201000692.0,16.935,0.085,7,1.871,14.4,1.20500004291534,9.30799961090088,6,0.007,0.049
startup,16183843,16.909,3,0,201281708.0,16.935,0.085,7,3.26,13.511,1.15499997138977,9.32100009918213,6,2.509,0.048
startup,16200239,16.396,4,0,201597352.0,16.935,0.085,7,4.406,11.826,1.26800000667572,9.27099990844727,12,2.514,0.053
startup,16217166,16.927,4,0,201892264.0,16.935,0.085,8,3.5,13.263,1.20899999141693,9.3120002746582,6,2.516,0.048
startup,16233590,16.424,4,0,202079440.0,16.935,0.085,8,4.318,11.965,1.21899998188019,9.33600044250488,6,2.504,0.049
startup,16250473,16.883,4,0,202406128.0,16.935,0.085,8,3.25,13.492,1.22399997711182,9.28299999237061,6,2.513,0.048
startup,16266932,16.459,4,0,202646220.0,16.935,0.085,8,4.319,12.002,1.22000002861023,9.30000019073486,6,2.517,0.049
startup,16283858,16.926,4,0,202902800.0,16.935,0.085,8,3.223,13.547,1.3309999704361,9.32600021362305,7,2.518,0.049
startup,16300256,16.398,4,0,203161216.0,16.935,0.085,10,4.559,11.7,1.29299998283386,9.27400016784668,6,2.504,0.047
startup,16317133,16.877,4,0,203359936.0,16.935,0.085,8,3.307,13.416,1.23000001907349,9.29199981689453,6,2.58,0.049
startup,16333580,16.447,4,0,203800396.0,16.935,0.085,8,4.335,11.98,1.25199997425079,9.32299995422363,6,2.51,0.051
startup,16350969,17.389,4,0,204037300.0,16.935,0.085,9,3.326,13.909,1.20700001716614,9.42099952697754,6,2.502,0.053
startup,16367428,16.459,4,0,204244648.0,16.935,0.085,8,4.536,11.793,1.26800000667572,9.53600025177002,6,2.643,0.054
startup,16383824,16.396,4,0,204503736.0,16.935,0.085,11,3.354,12.912,1.22200000286102,9.29899978637695,6,2.609,0.049
startup,16400522,16.698,4,0,204711272.0,16.935,0.085,8,4.333,12.212,1.2150000333786,9.3129997253418,6,2.512,0.05
startup,16417181,16.659,4,0,204320532.0,16.935,0.085,8,4.527,11.985,1.24600005149841,9.27499961853027,9,3.767,0.049
startup,16433556,16.375,4,0,204503368.0,16.935,0.085,8,4.032,12.215,1.5809999704361,9.30900001525879,750,0.007,0.056
startup,16450572,17.016,4,0,204567880.0,16.935,0.085,7,0.718,16.147,1.44700002670288,9.35099983215332,6,0.008,0.047
startup,16467263,16.691,4,0,204737108.0,16.935,0.085,8,1.936,14.614,1.24699997901917,9.33100032806396,7,0.006,0.048
startup,16483856,16.593,4,0,204762752.0,16.935,0.085,8,1.058,15.393,1.20799994468689,9.33399963378906,5,0.007,0.05
startup,16500252,16.396,4,0,204829920.0,16.935,0.085,8,1.984,14.258,1.21099996566772,9.36299991607666,6,0.007,0.05
startup,16517142,16.89,4,0,204934788.0,16.935,0.085,8,0.775,15.977,1.21899998188019,9.32600021362305,6,0.007,0.047
startup,16533876,16.734,4,0,204997544.0,16.935,0.085,8,1.878,14.725,1.22899997234344,9.38099956512451,6,0.006,0.047
startup,16550500,16.624,4,0,205100168.0,16.935,0.085,8,0.744,15.757,1.24500000476837,9.35799980163574,6,0.007,0.06
startup,16567132,16.632,4,0,205193768.0,16.935,0.085,8,1.869,14.616,1.2150000333786,9.33699989318848,6,0.007,0.048
startup,16583773,16.641,4,0,205264596.0,16.935,0.085,8,0.697,15.792,1.25499999523163,9.36499977111816,6,0.007,0.048
startup,16600402,16.629,4,0,205369452.0,16.935,0.085,8,1.885,14.603,1.2039999961853,9.31799983978271,6,0.007,0.046
startup,16617202,16.8,4,0,205466700.0,16.935,0.085,8,0.718,15.942,1.22599995136261,9.3439998626709,11,0.007,0.049
startup,16633831,16.629,4,0,205530188.0,16.935,0.085,7,1.865,14.638,1.23000001907349,9.35400009155273,6,0.007,0.048
startup,16650551,16.72,4,0,205347044.0,16.935,0.085,8,0.774,15.804,1.21700000762939,9.36299991607666,6,0.007,0.06
startup,16666774,16.223,4,0,205408060.0,16.935,0.085,8,1.843,14.235,1.20299994945526,9.30000019073486,7,0.006,0.053
startup,16683799,17.025,4,0,205512532.0,16.935,0.085,8,0.707,16.182,1.25,9.33399963378906,7,0.007,0.048
startup,16700380,16.581,4,0,205610472.0,16.935,0.085,8,1.857,14.579,1.24699997901917,9.31599998474121,6,0.007,0.047
startup,16717074,16.694,4,0,205672768.0,16.935,0.085,8,0.766,15.787,1.22200000286102,9.32499980926514,6,0.007,0.049
startup,16733792,16.718,4,0,205847692.0,16.935,0.085,8,2.022,14.529,1.20799994468689,9.3430004119873,9,0.007,0.049
startup,16750416,16.624,4,0,205942640.0,16.935,0.085,16,0.981,15.465,1.31500005722046,9.35700035095215,6,0.006,0.049
startup,16766937,16.521,4,0,206006668.0,16.935,0.085,8,1.857,14.543,1.20000004768372,9.26799964904785,6,0.006,0.047
startup,16783589,16.652,4,0,206115200.0,16.935,0.085,7,0.705,15.802,1.20099997520447,9.20899963378906,6,0.007,0.057
startup,16799930,16.341,4,0,206179468.0,16.935,0.085,8,1.86,14.34,1.22800004482269,9.19900035858154,6,0.007,0.059
startup,16816879,16.949,3,0,206364144.0,16.935,0.085,8,0.737,16.069,1.22200000286102,9.22999954223633,6,0.007,0.048
startup,16833275,16.396,4,0,206676848.0,16.935,0.085,8,4.429,11.841,1.21099996566772,9.19499969482422,6,2.517,0.05
startup,16850219,16.944,4,0,206909844.0,16.935,0.085,15,3.253,13.556,1.2610000371933,9.23299980163574,8,2.519,0.049
startup,16866712,16.493,4,0,207242160.0,16.935,0.085,7,4.525,11.818,1.24899995326996,9.22000026702881,6,2.528,0.057
startup,16883472,16.76,4,0,207527628.0,16.935,0.085,8,3.205,13.434,1.25499999523163,9.19099998474121,6,2.502,0.048
startup,16899962,16.49,4,0,207815064.0,16.935,0.085,8,4.527,11.809,1.32500004768372,9.20199966430664,7,2.514,0.048
startup,16916806,16.844,4,0,208182620.0,16.935,0.085,12,3.231,13.48,1.27799999713898,9.21399974822998,7,2.505,0.052
startup,16933294,16.488,4,0,208488316.0,16.935,0.085,8,4.694,11.655,1.27199995517731,9.22900009155273,6,2.529,0.052
startup,16950107,16.813,4,0,208768876.0,16.935,0.085,7,4.001,12.691,1.24800002574921,9.22799968719482,748,2.513,0.048
startup,16966530,16.423,4,0,209015196.0,16.935,0.085,8,4.442,11.847,1.39600002765656,9.20100021362305,6,2.553,0.051
startup,16983415,16.885,4,0,209267872.0,16.935,0.085,9,3.303,13.432,1.24500000476837,9.18400001525879,9,2.507,0.046
startup,16999873,16.458,4,0,209591076.0,16.935,0.085,8,4.341,11.968,1.25600004196167,9.1899995803833,6,2.508,0.048
startup,17016774,16.901,4,0,209840444.0,16.935,0.085,7,3.558,13.22,1.26900005340576,9.2209997177124,6,2.561,0.048
startup,17033238,16.464,4,0,210094576.0,17.25,0.074,8,4.552,11.79,1.43900001049042,9.24100017547607,7,2.682,0.048
startup,17050095,16.857,4,0,209591124.0,17.25,0.074,8,3.236,13.463,1.25600004196167,9.20800018310547,6,2.47,0.047
startup,17066531,16.436,4,0,209978568.0,17.25,0.074,8,3.288,13.01,1.48099994659424,9.23499965667725,7,0.009,0.047
startup,17083473,16.942,4,0,210155008.0,17.25,0.074,8,0.743,16.053,1.22899997234344,9.23700046539307,7,0.007,0.048
startup,17099888,16.415,4,0,210219048.0,17.25,0.074,7,1.876,14.384,1.17299997806549,9.20600032806396,7,0.007,0.052
startup,17116792,16.904,4,0,210321132.0,17.25,0.074,9,0.716,16.046,1.16999995708466,9.21100044250488,6,0.007,0.05
startup,17133180,16.388,4,0,210378532.0,17.25,0.074,9,1.858,14.4,1.16400003433228,9.22000026702881,6,0.006,0.06
startup,17150125,16.945,4,0,210516380.0,17.25,0.074,11,0.785,16.012,1.23000001907349,9.25699996948242,6,0.007,0.05
startup,17166384,16.259,4,0,210653360.0,17.25,0.074,8,1.876,14.263,1.18299996852875,9.13599967956543,5,0.007,0.053
startup,17183392,17.008,4,0,210712984.0,17.25,0.074,8,0.72,16.148,1.17900002002716,9.21500015258789,6,0.007,0.046
startup,17199808,16.416,4,0,210819152.0,17.25,0.074,8,1.911,14.355,1.15100002288818,9.20899963378906,6,0.007,0.048
startup,17216728,16.92,4,0,210915928.0,17.25,0.074,8,0.734,16.031,1.16499996185303,9.22700023651123,6,0.006,0.046
startup,17233088,16.36,4,0,211013896.0,17.25,0.074,8,1.871,14.336,1.18400001525879,9.15100002288818,6,0.006,0.047
startup,17250055,16.967,4,0,211188552.0,17.25,0.074,7,0.746,16.089,1.16700005531311,9.24400043487549,6,0.008,0.049
startup,17266498,16.443,4,0,211282268.0,17.25,0.074,8,1.847,14.394,1.21099996566772,9.20499992370605,6,0.007,0.049
startup,17283348,16.85,4,0,211346544.0,17.25,0.074,8,0.982,15.743,1.16100001335144,9.24300003051758,6,0.006,0.048
startup,17299750,16.402,4,0,211448376.0,17.25,0.074,7,1.855,14.399,1.1599999666214,9.17199993133545,6,0.007,0.052
startup,17316732,16.982,4,0,211624584.0,17.25,0.074,9,0.752,16.075,1.16199994087219,9.24499988555908,6,0.007,0.048
startup,17333150,16.418,4,0,211725716.0,17.25,0.074,8,1.847,14.402,1.16700005531311,9.20100021362305,6,0.007,0.052
startup,17350997,17.847,4,0,211827488.0,17.25,0.074,8,0.834,16.855,1.16600000858307,9.23299980163574,6,0.008,0.058
startup,17366392,15.395,4,0,211887884.0,17.25,0.074,8,1.905,13.354,1.25800001621246,9.16699981689453,5,0.006,0.048
startup,17383308,16.916,4,0,212059244.0,17.25,0.074,7,0.753,16.008,1.18599998950958,9.19099998474121,6,0.007,0.05
startup,17399758,16.45,4,0,212105588.0,17.25,0.074,8,1.854,14.453,1.23300004005432,9.22500038146973,6,0.01,0.049
startup,17416557,16.799,4,0,212174664.0,17.25,0.074,8,0.737,15.932,1.17299997806549,9.15200042724609,11,0.007,0.048
startup,17432986,16.429,4,0,212282936.0,17.25,0.074,7,1.927,14.373,1.1690000295639,9.13000011444092,6,0.008,0.049
startup,17449984,16.998,4,0,212343784.0,17.25,0.074,8,0.748,16.103,1.15299999713898,9.23499965667725,6,0.007,0.052
startup,17466315,16.331,1,0,212450228.0,17.25,0.074,7,2.612,13.592,1.21599996089935,9.14999961853027,761,0.006,0.047
startup,17483265,16.95,1,0,212877606.0,17.25,0.074,1751,6.151,10.672,1.16999995708466,9.18599987030029,84,2.564,0.049
startup,17499681,16.416,5,0,213194826.0,17.25,0.074,8,4.78,11.503,1.76499998569489,9.13000011444092,120,2.533,0.05
startup,17516639,16.958,5,0,213524966.0,17.25,0.074,8,3.404,13.404,1.26300001144409,9.16899967193604,121,2.541,0.05
startup,17533104,16.465,5,0,213835934.0,17.25,0.074,7,4.444,11.88,1.26300001144409,9.20199966430664,6,2.52,0.05
startup,17549986,16.882,4,0,214193786.0,17.25,0.074,9,3.531,13.212,1.22300004959106,9.2480001449585,6,2.517,0.048
startup,17566339,16.353,4,0,214355946.0,17.25,0.074,8,4.434,11.744,1.27100002765656,9.14700031280518,6,2.506,0.057
startup,17583233,16.894,3,0,214633270.0,17.25,0.074,8,3.294,13.47,1.27900004386902,9.18599987030029,10,2.529,0.05
startup,17599687,16.454,4,0,214977302.0,17.25,0.074,8,4.433,11.874,1.21300005912781,9.20400047302246,6,2.527,0.047
startup,17616590,16.903,4,0,215266174.0,17.25,0.074,8,3.263,13.498,1.21700000762939,9.23099994659424,6,2.526,0.047
startup,17633037,16.447,4,0,215507310.0,17.25,0.074,8,4.386,11.908,1.24800002574921,9.2209997177124,6,2.505,0.048
startup,17649904,16.867,4,0,215816110.0,17.25,0.074,11,3.263,13.459,1.22200000286102,9.23200035095215,6,2.508,0.045
startup,17666323,16.419,1,0,216330194.0,17.25,0.074,8,4.408,11.877,1.192999958992,9.21700000762939,6,2.57,0.048
startup,17683255,16.932,2,0,216532468.0,17.25,0.074,938,4.91,11.901,1.21700000762939,9.23799991607666,127,2.504,0.048
startup,17699683,16.428,5,0,216866668.0,17.25,0.074,7,4.536,11.752,1.23000001907349,9.19699954986572,109,2.511,0.055
startup,17716495,16.812,4,0,216562496.0,17.25,0.074,8,4.293,12.399,1.21800005435944,9.16100025177002,6,3.517,0.049
startup,17733199,16.704,4,0,216907200.0,17.25,0.074,9,6.046,10.366,1.56500005722046,9.21399974822998,7,2.504,0.049
startup,17749920,16.721,2,0,217121056.0,17.25,0.074,8,3.417,13.164,2.97099995613098,9.25599956512451,6,2.511,0.158
startup,17766500,16.58,5,0,217349368.0,17.25,0.074,1081,6.16,10.167,1.25999999046326,9.15999984741211,109,2.503,0.054
startup,17783373,16.873,5,0,217565812.0,17.25,0.074,8,3.248,13.436,2.43199992179871,9.2519998550415,6,2.503,0.051
startup,17799749,16.376,5,0,217804808.0,17.25,0.074,8,4.465,11.761,1.27999997138977,9.22900009155273,6,2.609,0.05
startup,17816552,16.803,5,0,218003996.0,17.25,0.074,8,3.563,13.092,1.26999998092651,9.17099952697754,6,2.51,0.054
startup,17833082,16.53,5,0,218409968.0,17.25,0.074,7,4.714,11.637,1.32700002193451,9.27600002288818,12,2.514,0.057
startup,17849871,16.789,5,0,218614100.0,17.25,0.074,8,2.878,13.786,1.30099999904633,9.23499965667725,6,2.092,0.055
startup,17866304,16.433,5,0,218690404.0,17.25,0.074,8,1.92,14.382,1.29799997806549,9.2819995880127,6,0.008,0.063
startup,17883171,16.867,5,0,218838672.0,17.25,0.074,8,0.758,15.977,1.23099994659424,9.19600009918213,6,0.007,0.05
startup,17899635,16.464,5,0,218997021.0,17.25,0.074,8,1.896,14.415,1.24800002574921,9.25300025939941,6,0.007,0.05
startup,17916495,16.86,4,0,219100500.0,17.25,0.074,8,0.735,16.002,1.19700002670288,9.23700046539307,6,0.007,0.048
startup,17932851,16.356,4,0,219418816.0,17.25,0.074,7,4.566,11.667,1.22599995136261,9.14400005340576,6,2.531,0.047
startup,17949826,16.975,4,0,219734228.0,17.25,0.074,9,3.233,13.611,1.24199998378754,9.24100017547607,9,2.503,0.053
startup,17966249,16.423,4,0,220007704.0,17.25,0.074,8,4.622,11.653,1.28600001335144,9.2189998626709,6,2.5,0.063
startup,17983145,16.896,5,0,220210726.0,17.25,0.074,233,4.612,12.149,1.26999998092651,9.24300003051758,878,2.517,0.048
startup,17999555,16.41,4,0,220439630.0,17.25,0.074,7,4.306,11.955,1.39600002765656,9.19900035858154,7,2.397,0.049
startup,18016374,16.819,4,0,220683390.0,17.25,0.074,9,3.406,13.274,1.30799996852875,9.16300010681152,6,2.433,0.048
startup,18032839,16.465,2,0,220817366.0,17.706,0.079,8,2.041,14.298,1.30599999427795,9.17599964141846,6,0.008,0.051
startup,18049768,16.929,2,0,221014874.0,17.706,0.079,232,3.42,13.373,1.22399997711182,9.1850004196167,88,2.218,0.048
startup,18066174,16.406,5,0,221176758.0,17.706,0.079,8,2.232,14.054,1.35099995136261,9.18000030517578,130,0.008,0.05
startup,18083056,16.882,5,0,221327226.0,17.706,0.079,8,0.996,15.76,1.24199998378754,9.19099998474121,6,0.007,0.047
startup,18099476,16.42,5,0,221515518.0,17.706,0.079,7,1.923,14.372,1.21700000762939,9.18000030517578,6,0.006,0.048
startup,18116413,16.937,5,0,221556254.0,17.706,0.079,8,0.714,16.075,1.22200000286102,9.20100021362305,6,0.007,0.048
startup,18132797,16.384,5,0,221663866.0,17.706,0.079,8,1.932,14.319,1.24500000476837,9.17700004577637,6,0.007,0.047
startup,18149881,17.084,5,0,221772202.0,17.706,0.079,8,0.759,16.193,1.28699994087219,9.21100044250488,6,0.007,0.049
startup,18166084,16.203,5,0,221835538.0,17.706,0.079,9,1.925,14.137,1.23500001430511,9.14999961853027,6,0.007,0.047
startup,18183050,16.966,4,0,222033910.0,17.706,0.079,8,0.753,16.077,1.19000005722046,9.2189998626709,6,0.007,0.049
startup,18199453,16.403,4,0,222285430.0,17.706,0.079,8,4.51,11.772,1.20899999141693,9.18900012969971,6,2.503,0.048
startup,18216338,16.885,4,0,222599770.0,17.706,0.079,8,3.218,13.512,1.26900005340576,9.17199993133545,6,2.506,0.047
startup,18232809,16.471,4,0,222889330.0,17.706,0.079,8,4.525,11.825,1.2960000038147,9.23200035095215,6,2.509,0.05
startup,18249788,16.979,4,0,223056280.0,17.706,0.079,455,4.418,12.427,1.28199994564056,9.19299983978271,88,2.657,0.049
startup,18266180,16.392,4,0,223170540.0,17.706,0.079,7,3.641,12.575,1.35500001907349,9.22599983215332,128,1.637,0.054
startup,18283064,16.884,4,0,223393156.0,17.706,0.079,8,2.955,13.769,1.27900004386902,9.21300029754639,6,2.166,0.048
startup,18299408,16.344,4,0,223464220.0,17.706,0.079,8,2.067,14.137,1.25199997425079,9.16100025177002,7,0.007,0.062
startup,18316363,16.955,4,0,223603872.0,17.706,0.079,8,0.729,16.067,1.21200001239777,9.1879997253418,11,0.006,0.048
startup,18332724,16.361,4,0,223669304.0,17.706,0.079,8,1.98,14.249,1.307000041008,9.19099998474121,6,0.007,0.047
startup,18349616,16.892,4,0,223771520.0,17.706,0.079,8,1.04,15.713,1.30900001525879,9.17500019073486,6,0.007,0.048
startup,18366059,16.443,4,0,223900884.0,17.706,0.079,8,1.923,14.389,1.24500000476837,9.19699954986572,6,0.007,0.048
startup,18382950,16.891,4,0,223975656.0,17.706,0.079,8,0.715,16.044,1.21300005912781,9.19099998474121,6,0.007,0.047
startup,18399354,16.404,4,0,224111420.0,17.706,0.079,8,1.948,14.329,1.22899997234344,9.17500019073486,7,0.007,0.048
startup,18416250,16.896,4,0,224179476.0,17.706,0.079,7,0.709,16.033,1.19599997997284,9.16300010681152,6,0.006,0.048
startup,18432673,16.423,4,0,224277088.0,17.706,0.079,7,1.883,14.393,1.20799994468689,9.15900039672852,6,0.006,0.046
startup,18449631,16.958,4,0,224391424.0,17.706,0.079,8,0.712,16.094,1.20099997520447,9.21199989318848,6,0.006,0.05
startup,18465978,16.347,4,0,224484100.0,17.706,0.079,8,1.91,14.305,1.19200003147125,9.1560001373291,6,0.007,0.047
startup,18482929,16.951,4,0,224556740.0,17.706,0.079,11,0.75,16.06,1.18900001049042,9.1850004196167,6,0.007,0.05
startup,18499367,16.438,4,0,224708696.0,17.706,0.079,8,2.683,13.615,1.21200001239777,9.18000030517578,790,0.007,0.047
startup,18516298,16.931,4,0,224770820.0,17.706,0.079,8,0.736,16.071,1.20700001716614,9.23099994659424,7,0.007,0.049
startup,18532677,16.379,4,0,224892412.0,17.706,0.079,8,2.095,14.151,1.19599997997284,9.21399974822998,6,0.006,0.045
startup,18549583,16.906,4,0,225041916.0,17.706,0.079,7,0.751,16.033,1.28100001811981,9.21500015258789,5,0.007,0.048
startup,18566046,16.463,4,0,225113944.0,17.706,0.079,8,1.914,14.398,1.25,9.19600009918213,6,0.01,0.047
startup,18582822,16.776,4,0,225179460.0,17.706,0.079,10,0.739,15.899,1.19900000095367,9.14200019836426,6,0.007,0.049
startup,18599310,16.488,4,0,225331292.0,17.706,0.079,8,1.906,14.429,1.2059999704361,9.18200016021729,6,0.007,0.049
startup,18616224,16.914,4,0,225457048.0,17.706,0.079,7,0.989,15.785,1.18700003623962,9.20100021362305,6,0.007,0.047
startup,18632633,16.409,4,0,225550632.0,17.706,0.079,8,1.903,14.385,1.21800005435944,9.21199989318848,6,0.008,0.047
startup,18649498,16.865,4,0,225658036.0,17.706,0.079,8,0.726,16.015,1.19799995422363,9.18900012969971,6,0.007,0.047
startup,18665959,16.461,4,0,225731272.0,17.706,0.079,8,1.922,14.398,1.20700001716614,9.16800022125244,7,0.007,0.047
startup,18682884,16.925,4,0,225872228.0,17.706,0.079,7,0.716,16.084,1.22000002861023,9.17399978637695,6,0.007,0.047
startup,18699296,16.412,4,0,225936084.0,17.706,0.079,7,1.973,14.286,1.20700001716614,9.18000030517578,6,0.007,0.05
startup,18716157,16.861,4,0,226083732.0,17.706,0.079,8,0.731,15.997,1.25399994850159,9.17099952697754,6,0.007,0.047
startup,18732833,16.676,4,0,226241820.0,17.706,0.079,8,1.914,14.631,1.2059999704361,9.14900016784668,6,0.007,0.046
startup,18749501,16.668,4,0,226357900.0,17.706,0.079,9,0.792,15.747,1.27300000190735,9.19400024414063,6,0.01,0.053
startup,18765902,16.401,4,0,226425956.0,17.706,0.079,8,1.886,14.354,1.29100000858307,9.16100025177002,6,0.007,0.048
startup,18782826,16.924,4,0,226543996.0,17.706,0.079,7,0.734,16.036,1.21300005912781,9.16800022125244,6,0.007,0.053
startup,18799238,16.412,4,0,226642372.0,17.706,0.079,7,1.909,14.366,1.20200002193451,9.19900035858154,6,0.007,0.049
startup,18816173,16.935,4,0,226705372.0,17.706,0.079,8,0.756,16.032,1.19700002670288,9.19499969482422,7,0.007,0.052
startup,18832528,16.355,4,0,226825732.0,17.706,0.079,8,1.886,14.327,1.20200002193451,9.16300010681152,6,0.007,0.049
startup,18849473,16.945,4,0,226911360.0,17.706,0.079,8,0.729,16.081,1.19400000572205,9.1850004196167,5,0.006,0.048
startup,18865874,16.401,4,0,227025936.0,17.706,0.079,8,1.979,14.286,1.20000004768372,9.17700004577637,6,0.009,0.048
startup,18882767,16.893,4,0,227121412.0,17.706,0.079,8,1.052,15.716,1.22599995136261,9.17899990081787,6,0.007,0.051
startup,18899224,16.457,4,0,227191492.0,17.706,0.079,8,1.915,14.419,1.25699996948242,9.18599987030029,6,0.007,0.049
startup,18916089,16.865,4,0,227321672.0,17.706,0.079,8,0.718,15.99,1.22200000286102,9.14500045776367,6,0.007,0.047
startup,18932525,16.436,4,0,227450540.0,17.706,0.079,7,1.866,14.433,1.21099996566772,9.17300033569336,6,0.007,0.049
startup,18949418,16.893,2,0,227597812.0,17.706,0.079,8,0.796,15.961,1.29999995231628,9.18000030517578,6,0.006,0.046
startup,18965830,16.412,5,0,227996604.0,17.706,0.079,628,5.888,10.404,1.24699997901917,9.17099952697754,127,2.589,0.047
startup,18982738,16.908,4,0,228266556.0,17.706,0.079,8,3.304,13.471,2.50600004196167,9.17599964141846,7,2.541,0.049
startup,18999278,16.54,4,0,228576600.0,17.706,0.079,7,4.621,11.798,1.26199996471405,9.20199966430664,6,2.6,0.051
startup,19016128,16.85,4,0,228932032.0,17.706,0.079,8,4.091,12.623,1.2940000295639,9.18299961090088,776,2.613,0.047
startup,19032505,16.377,4,0,229251544.0,16.967,0.069,8,4.599,11.646,1.3400000333786,9.1879997253418,7,2.515,0.048
startup,19049383,16.878,4,0,229614020.0,16.967,0.069,1124,5.218,11.526,1.28299999237061,9.17800045013428,92,2.52,0.049
startup,19065817,16.434,4,0,229850668.0,16.967,0.069,7,4.509,11.788,1.34099996089935,9.15200042724609,110,2.506,0.048
startup,19082775,16.958,4,0,230069544.0,16.967,0.069,8,3.272,13.53,1.30599999427795,9.18200016021729,6,2.512,0.048
startup,19099114,16.339,4,0,230408700.0,16.967,0.069,9,4.417,11.795,1.26999998092651,9.13199996948242,6,2.512,0.055
startup,19116048,16.934,4,0,230623828.0,16.967,0.069,8,3.305,13.497,1.28400003910065,9.1879997253418,6,2.568,0.048
startup,19132483,16.435,4,0,230830364.0,16.967,0.069,8,4.486,11.812,1.37800002098084,9.1899995803833,6,2.504,0.052
startup,19149357,16.874,4,0,231108616.0,16.967,0.069,7,3.523,13.209,1.26199996471405,9.18299961090088,5,2.524,0.05
startup,19165795,16.438,4,0,231316472.0,16.967,0.069,8,4.38,11.93,1.27300000190735,9.19699954986572,6,2.532,0.047
startup,19182665,16.87,4,0,231591760.0,16.967,0.069,9,3.321,13.428,1.24899995326996,9.1569995880127,6,2.586,0.051
startup,19199142,16.477,4,0,231152764.0,16.967,0.069,8,6.836,9.486,1.25300002098084,9.17800045013428,6,3.569,0.047
startup,19215918,16.776,4,0,231474280.0,16.967,0.069,8,3.271,13.384,2.73000001907349,9.125,9,2.52,0.049
startup,19232462,16.544,4,0,231774484.0,16.967,0.069,7,4.448,11.957,1.38100004196167,9.15499973297119,6,2.541,0.048
startup,19249339,16.877,4,0,231953228.0,16.967,0.069,9,3.36,13.375,1.32299995422363,9.14099979400635,6,2.58,0.049
startup,19265674,16.335,4,0,232068508.0,16.967,0.069,7,2.327,13.882,1.37899994850159,9.13300037384033,6,0.439,0.048
startup,19282717,17.043,2,0,232156260.0,16.967,0.069,8,0.738,16.182,1.28999996185303,9.1569995880127,7,0.007,0.05
startup,19299123,16.406,5,0,232563992.0,16.967,0.069,1336,6.742,9.452,1.20700001716614,9.13099956512451,145,2.7,0.053
startup,19315981,16.858,5,0,232892640.0,16.967,0.069,10,3.259,13.465,2.44600009918213,9.14099979400635,6,2.537,0.048
startup,19332497,16.516,4,0,233152852.0,16.967,0.069,8,4.471,11.904,1.36899995803833,9.14999961853027,6,2.51,0.065
startup,19349336,16.839,4,0,233242424.0,16.967,0.069,9,3.406,13.293,1.28600001335144,9.14000034332275,6,2.662,0.047
startup,19365662,16.326,4,0,233487320.0,16.967,0.069,8,4.507,11.692,1.37999999523163,9.125,6,2.61,0.048
startup,19382562,16.9,4,0,233671644.0,16.967,0.069,8,0.755,16.024,1.27300000190735,9.14299964904785,6,0.006,0.05
startup,19399242,16.68,4,0,233754724.0,16.967,0.069,8,1.959,14.602,1.24600005149841,9.19099998474121,6,0.007,0.045
startup,19415832,16.59,4,0,233918164.0,16.967,0.069,8,1.009,15.458,1.22300004959106,9.10099983215332,6,0.007,0.048
startup,19432389,16.557,4,0,234128740.0,16.967,0.069,8,1.897,14.506,1.22000002861023,9.18000030517578,6,0.007,0.048
startup,19449184,16.795,4,0,234236304.0,16.967,0.069,7,0.734,15.929,1.2150000333786,9.13700008392334,10,0.007,0.047
startup,19465700,16.516,4,0,234386124.0,16.967,0.069,9,1.947,14.428,1.23800003528595,9.10099983215332,6,0.007,0.049
startup,19482528,16.828,2,0,234482868.0,16.967,0.069,7,0.733,15.975,1.22399997711182,9.13899993896484,6,0.006,0.048
startup,19498991,16.463,4,0,234882506.0,16.967,0.069,257,5.086,11.257,1.26300001144409,9.16199970245361,93,2.534,0.057
startup,19515822,16.831,4,0,235193190.0,16.967,0.069,8,3.399,13.312,1.49399995803833,9.11299991607666,141,2.508,0.045
startup,19532335,16.513,4,0,235479422.0,16.967,0.069,8,5.216,11.172,1.35899996757507,9.14799976348877,774,2.518,0.047
startup,19549184,16.849,2,0,235528994.0,16.967,0.069,9,3.282,13.413,1.36099994182587,9.11800003051758,6,2.528,0.048
startup,19565595,16.411,4,0,235918938.0,16.967,0.069,711,6.539,9.729,1.35599994659424,9.06700038909912,92,2.532,0.049
startup,19582578,16.983,5,0,236033610.0,16.967,0.069,8,3.078,13.749,2.33299994468689,9.14099979400635,134,2.209,0.05
startup,19599011,16.433,5,0,236193742.0,16.967,0.069,8,1.963,14.325,1.26800000667572,9.14000034332275,6,0.008,0.047
startup,19615875,16.864,5,0,236308254.0,16.967,0.069,8,0.715,16.026,1.22099995613098,9.15299987792969,6,0.007,0.047
startup,19632258,16.383,5,0,236449254.0,16.967,0.069,8,1.906,14.342,1.19900000095367,9.15200042724609,7,0.007,0.049
startup,19649124,16.866,5,0,236547466.0,16.967,0.069,8,0.74,15.999,1.22800004482269,9.14700031280518,6,0.007,0.05
startup,19665602,16.478,5,0,236711006.0,16.967,0.069,8,1.902,14.443,1.25999999046326,9.15799999237061,7,0.006,0.048
startup,19682482,16.88,5,0,236823750.0,16.967,0.069,8,1.036,15.704,1.24100005626678,9.12100028991699,6,0.007,0.051
startup,19698870,16.388,5,0,236955066.0,16.967,0.069,8,1.943,14.324,1.22800004482269,9.11699962615967,6,0.007,0.048
startup,19715779,16.909,5,0,237071226.0,16.967,0.069,8,0.76,16.027,1.23199999332428,9.12600040435791,6,0.007,0.047
startup,19732487,16.708,4,0,237252290.0,16.967,0.069,9,1.974,14.567,1.20799994468689,9.16199970245361,7,0.007,0.048
startup,19749113,16.626,4,0,237569402.0,16.967,0.069,8,3.263,13.238,1.317999958992,9.14500045776367,6,2.526,0.052
startup,19765574,16.461,2,0,237837550.0,16.967,0.069,8,4.449,11.858,1.29900002479553,9.14400005340576,6,2.539,0.05
startup,19782455,16.881,3,0,238222040.0,16.967,0.069,548,4.442,12.292,1.26600003242493,9.15499973297119,127,2.519,0.048
startup,19798853,16.398,4,0,238457040.0,16.967,0.069,8,4.546,11.718,1.32400000095367,9.12399959564209,6,2.511,0.048
startup,19815791,16.938,3,0,238601292.0,16.967,0.069,8,3.29,13.503,1.26699995994568,9.15799999237061,7,2.565,0.047
startup,19832180,16.389,4,0,238862944.0,16.967,0.069,8,4.569,11.671,1.38499999046326,9.12100028991699,6,2.506,0.05
startup,19849080,16.9,1,0,239000888.0,16.967,0.069,8,1.484,15.251,1.33599996566772,9.1230001449585,6,0.781,0.046
startup,19865514,16.434,5,0,239308392.0,16.967,0.069,2009,8.095,8.195,1.27600002288818,9.12899971008301,187,2.285,0.047
startup,19882453,16.939,5,0,239416892.0,16.967,0.069,8,0.829,15.971,1.39699995517731,9.15799999237061,100,0.007,0.056
startup,19898937,16.484,6,0,239483908.0,16.967,0.069,8,2.038,14.301,1.19099998474121,9.15299987792969,132,0.008,0.055
startup,19915776,16.839,6,0,239624288.0,16.967,0.069,11,0.712,16.005,1.21599996089935,9.12800025939941,6,0.007,0.047
startup,19932147,16.371,6,0,239738192.0,16.967,0.069,8,1.981,14.266,1.24500000476837,9.16100025177002,6,0.007,0.046
startup,19949054,16.907,6,0,239898936.0,16.967,0.069,8,1.036,15.747,1.25600004196167,9.14099979400635,7,0.007,0.046
startup,19965529,16.475,6,0,240078524.0,16.967,0.069,9,1.931,14.386,1.28199994564056,9.17099952697754,7,0.006,0.049
startup,19982368,16.839,6,0,240187420.0,16.967,0.069,8,0.742,15.965,1.19799995422363,9.12800025939941,7,0.007,0.05
startup,19998778,16.41,5,0,240336912.0,16.967,0.069,8,1.972,14.286,1.20899999141693,9.11200046539307,6,0.006,0.047
startup,20015678,16.9,5,0,240687352.0,16.967,0.069,8,3.259,13.501,1.25100004673004,9.15200042724609,6,2.511,0.049
startup,20032096,16.418,4,0,240925292.0,16.935,0.066,8,4.422,11.854,1.26999998092651,9.12199974060059,6,2.519,0.05
startup,20048993,16.897,4,0,241250436.0,16.935,0.066,8,4.004,12.736,1.25800001621246,9.125,768,2.507,0.052
startup,20065487,16.494,4,0,241481288.0,16.935,0.066,7,4.534,11.816,1.26999998092651,9.11800003051758,6,2.513,0.047
startup,20082333,16.846,3,0,241631816.0,16.935,0.066,9,3.049,13.675,1.34899997711182,9.14500045776367,6,2.12,0.047
startup,20098826,16.493,4,0,241828612.0,16.935,0.066,7,4.547,11.807,1.27199995517731,9.16499996185303,6,2.458,0.048
startup,20115661,16.835,4,0,241890376.0,16.935,0.066,8,0.735,15.96,1.30799996852875,9.10799980163574,8,0.006,0.048
startup,20132138,16.477,4,0,241991720.0,16.935,0.066,7,1.958,14.387,1.20700001716614,9.16899967193604,6,0.007,0.049
startup,20149005,16.867,4,0,242095892.0,16.935,0.066,7,0.731,16.006,1.28900003433228,9.14900016784668,6,0.007,0.048
startup,20165397,16.392,4,0,242197044.0,16.935,0.066,8,1.949,14.292,1.27699995040894,9.11800003051758,6,0.007,0.051
startup,20182351,16.954,4,0,242257204.0,16.935,0.066,8,0.724,16.065,1.25100004673004,9.12800025939941,7,0.007,0.048
startup,20198784,16.433,4,0,242361240.0,16.935,0.066,7,2.1,14.188,1.23800003528595,9.17300033569336,6,0.011,0.056
startup,20215592,16.808,4,0,242456052.0,16.935,0.066,8,1.033,15.651,1.26999998092651,9.13899993896484,6,0.007,0.05
startup,20232088,16.496,4,0,242551372.0,16.935,0.066,8,1.918,14.428,1.21800005435944,9.15999984741211,6,0.007,0.053
startup,20248967,16.879,4,0,242660632.0,16.935,0.066,7,0.744,15.981,1.24899995326996,9.14799976348877,6,0.007,0.047
startup,20265407,16.44,4,0,242721992.0,16.935,0.066,8,1.943,14.369,1.21599996089935,9.17099952697754,6,0.007,0.049
startup,20282309,16.902,4,0,242822500.0,16.935,0.066,8,0.706,16.059,1.24100005626678,9.14900016784668,5,0.006,0.048
startup,20298695,16.386,4,0,242915740.0,16.935,0.066,7,1.969,14.292,1.25800001621246,9.14000034332275,7,0.007,0.047
startup,20315627,16.932,4,0,243013892.0,16.935,0.066,7,0.734,16.043,1.26199996471405,9.11600017547607,6,0.007,0.047
startup,20332053,16.426,4,0,243180736.0,16.935,0.066,8,1.968,14.277,1.23699998855591,9.1230001449585,6,0.007,0.048
startup,20349231,17.178,4,0,243118152.0,16.935,0.066,9,0.817,16.229,1.24899995326996,9.23200035095215,6,0.007,0.049
startup,20366036,16.805,4,0,243119268.0,16.935,0.066,9,2.088,14.577,1.35000002384186,9.18400001525879,6,0.007,0.062
startup,20382302,16.266,4,0,243202096.0,16.935,0.066,8,0.749,15.391,1.35599994659424,9.125,6,0.008,0.055
startup,20398950,16.648,4,0,243250248.0,16.935,0.066,8,1.954,14.563,1.24899995326996,9.13500022888184,6,0.006,0.051
startup,20415679,16.729,4,0,243251364.0,16.935,0.066,9,0.805,15.753,1.22300004959106,9.1540002822876,6,0.01,0.056
startup,20432019,16.34,4,0,243252468.0,16.935,0.066,8,2.056,14.143,1.25,9.14999961853027,6,0.008,0.063
startup,20448974,16.955,4,0,243400660.0,16.935,0.066,8,0.755,16.043,1.30799996852875,9.13099956512451,6,0.007,0.06
startup,20465569,16.595,4,0,243462296.0,16.935,0.066,7,1.945,14.505,1.25800001621246,9.11100006103516,6,0.006,0.057
startup,20482384,16.815,4,0,243558600.0,16.935,0.066,9,1.016,15.648,1.24800002574921,9.20400047302246,6,0.006,0.049
startup,20498680,16.296,4,0,243623508.0,16.935,0.066,8,2.002,14.153,1.22599995136261,9.16100025177002,6,0.007,0.048
startup,20515643,16.963,4,0,243697604.0,16.935,0.066,8,0.734,16.099,1.24800002574921,9.15100002288818,7,0.007,0.047
startup,20532298,16.655,4,0,243738124.0,16.935,0.066,8,1.939,14.574,1.24300003051758,9.17099952697754,6,0.008,0.069
startup,20548967,16.669,4,0,243792660.0,16.935,0.066,8,0.736,15.765,1.23199999332428,9.1230001449585,6,0.006,0.054
startup,20565591,16.624,4,0,243793772.0,16.935,0.066,8,2.817,13.655,1.307000041008,9.14500045776367,821,0.008,0.059
startup,20582280,16.689,4,0,243794888.0,16.935,0.066,8,0.749,15.793,1.27100002765656,9.19400024414063,6,0.007,0.052
startup,20598838,16.558,4,0,243796004.0,16.935,0.066,8,2.117,14.308,1.24899995326996,9.1269998550415,5,0.007,0.063
startup,20615610,16.772,4,0,243797116.0,16.935,0.066,8,0.756,15.883,1.35500001907349,9.17700004577637,6,0.007,0.053
startup,20632239,16.629,4,0,243798232.0,16.935,0.066,7,1.932,14.551,1.25300002098084,9.14999961853027,6,0.007,0.062
startup,20648894,16.655,4,0,243799348.0,16.935,0.066,8,0.754,15.754,1.24699997901917,9.12399959564209,6,0.006,0.053
startup,20665251,16.357,4,0,244042376.0,16.935,0.066,8,2.024,14.19,1.24300003051758,9.15799999237061,6,0.008,0.052
startup,20682269,17.018,4,0,244092504.0,16.935,0.066,8,0.739,16.134,1.25499999523163,9.16399955749512,6,0.007,0.051
startup,20698838,16.569,4,0,244093620.0,16.935,0.066,8,2.025,14.403,1.24800002574921,9.10999965667725,6,0.007,0.062
startup,20715558,16.72,4,0,244094732.0,16.935,0.066,9,0.752,15.808,1.25100004673004,9.12899971008301,6,0.008,0.053
startup,20732265,16.707,4,0,244095848.0,16.935,0.066,8,1.922,14.642,1.26300001144409,9.15499973297119,6,0.007,0.059
startup,20748813,16.548,4,0,244300408.0,16.935,0.066,8,1.044,15.359,1.23399996757507,9.10999965667725,6,0.007,0.066
startup,20765469,16.656,4,0,244366832.0,16.935,0.066,8,2.007,14.507,1.41199994087219,9.15299987792969,6,0.007,0.048
startup,20782160,16.691,4,0,244463044.0,16.935,0.066,8,0.769,15.786,1.26499998569489,9.13199996948242,7,0.008,0.05
startup,20798561,16.401,4,0,244535232.0,16.935,0.066,8,2.114,14.123,1.2610000371933,9.14900016784668,6,0.013,0.05
startup,20815510,16.949,4,0,244610736.0,16.935,0.066,8,0.756,16.053,1.36899995803833,9.16699981689453,5,0.008,0.05
startup,20831870,16.36,4,0,244611844.0,16.935,0.066,8,1.964,14.252,1.24600005149841,9.15999984741211,6,0.007,0.052
startup,20848785,16.915,4,0,244612960.0,16.935,0.066,9,0.771,15.976,1.22500002384186,9.14999961853027,7,0.007,0.055
startup,20865163,16.378,4,0,244614076.0,16.935,0.066,8,1.984,14.268,1.25800001621246,9.14099979400635,6,0.007,0.052
startup,20882159,16.996,4,0,244615192.0,16.935,0.066,7,0.75,16.072,1.21099996566772,9.14500045776367,6,0.007,0.052
startup,20898538,16.379,4,0,244807184.0,16.935,0.066,8,2.009,14.221,1.25399994850159,9.1540002822876,19,0.008,0.052
startup,20915403,16.865,4,0,244563664.0,16.935,0.066,8,0.772,15.95,1.22599995136261,9.11999988555908,11,0.007,0.06
startup,20931877,16.474,4,0,244639684.0,16.935,0.066,8,1.97,14.37,1.26600003242493,9.1540002822876,7,0.007,0.053
startup,20948713,16.836,4,0,244700928.0,16.935,0.066,7,0.751,15.952,1.26999998092651,9.14599990844727,8,0.008,0.05
startup,20965195,16.482,4,0,244805564.0,16.935,0.066,8,1.978,14.358,1.27499997615814,9.18000030517578,6,0.007,0.049
startup,20982031,16.836,4,0,244876524.0,16.935,0.066,8,0.841,15.868,1.21599996089935,9.14299964904785,6,0.007,0.048
startup,20998484,16.453,4,0,245011968.0,16.935,0.066,8,1.959,14.357,1.29900002479553,9.15799999237061,6,0.007,0.05
startup,21015372,16.888,4,0,245065832.0,16.935,0.066,8,0.991,15.753,1.2389999628067,9.15100002288818,6,0.007,0.049
startup,21031775,16.403,4,0,245120128.0,17.062,0.071,8,1.932,14.343,1.26400005817413,9.13500022888184,6,0.007,0.048
startup,21048708,16.933,4,0,245182804.0,17.062,0.071,8,0.713,16.071,1.22399997711182,9.14400005340576,6,0.007,0.047
startup,21065107,16.399,4,0,245285484.0,17.062,0.071,8,1.924,14.34,1.25800001621246,9.13500022888184,6,0.012,0.05
startup,21082078,16.971,4,0,245385156.0,17.062,0.071,8,1.651,15.155,1.23199999332428,9.17000007629395,915,0.008,0.05
startup,21098429,16.351,4,0,245496280.0,17.062,0.071,7,2.01,14.216,1.23099994659424,9.14799976348877,5,0.007,0.116
startup,21115346,16.917,4,0,245524068.0,17.062,0.071,8,0.796,15.973,1.24300003051758,9.16699981689453,10,0.007,0.047
startup,21131904,16.558,4,0,245622560.0,17.062,0.071,8,1.978,14.346,1.27699995040894,9.20400047302246,7,0.008,0.053
startup,21148658,16.754,4,0,245688504.0,17.062,0.071,8,0.749,15.852,1.31299996376038,9.14799976348877,6,0.008,0.05
startup,21165045,16.387,4,0,245790396.0,17.062,0.071,7,2.007,14.235,1.29700005054474,9.10000038146973,6,0.007,0.051
startup,21181991,16.946,4,0,245933852.0,17.062,0.071,7,0.738,16.069,1.22500002384186,9.15299987792969,6,0.007,0.048
startup,21198339,16.348,3,0,246018924.0,17.062,0.071,7,2.02,14.191,1.35500001907349,9.09500026702881,6,0.006,0.048
startup,21215293,16.954,3,0,246391904.0,17.062,0.071,8,3.367,13.461,1.27699995040894,9.14299964904785,7,2.599,0.049
startup,21231732,16.439,4,0,246693932.0,17.062,0.071,8,4.7,11.597,1.2960000038147,9.13000011444092,7,2.629,0.051
startup,21248598,16.866,1,0,246988504.0,17.062,0.071,8,3.354,13.372,1.28999996185303,9.14299964904785,6,2.619,0.05
startup,21265023,16.425,4,0,247309040.0,17.062,0.071,1757,7.782,8.507,1.29799997806549,9.12399959564209,111,2.508,0.048
startup,21281973,16.95,4,0,247591136.0,17.062,0.071,8,3.661,13.166,1.59599995613098,9.14000034332275,120,2.551,0.05
startup,21298471,16.498,4,0,247863464.0,17.062,0.071,8,4.616,11.742,1.26499998569489,9.13899993896484,97,2.501,0.05
startup,21315370,16.899,4,0,248143192.0,17.062,0.071,9,3.37,13.396,1.29900002479553,9.13700008392334,137,2.5,0.05
startup,21331726,16.356,4,0,248397652.0,17.062,0.071,8,4.46,11.763,1.33500003814697,9.16800022125244,6,2.504,0.055
startup,21348378,16.652,3,0,248660268.0,17.062,0.071,8,3.303,13.187,1.30999994277954,9.14200019836426,6,2.518,0.048
startup,21365429,17.051,4,0,248843860.0,17.062,0.071,8,5.248,11.636,1.31500005722046,9.1879997253418,7,2.506,0.062
startup,21382220,16.791,4,0,249107816.0,17.062,0.071,8,3.212,13.442,2.76099991798401,9.14299964904785,6,2.513,0.049
startup,21398433,16.213,4,0,249426892.0,17.062,0.071,7,4.651,11.416,1.33000004291534,9.14700031280518,7,2.579,0.049
startup,21415292,16.859,4,0,249664004.0,17.062,0.071,8,3.352,13.344,1.32700002193451,9.14700031280518,7,2.621,0.05
startup,21431717,16.425,4,0,249918356.0,17.062,0.071,8,4.51,11.771,1.31900000572205,9.18299961090088,7,2.506,0.048
startup,21448543,16.826,4,0,250301180.0,17.062,0.071,8,3.261,13.411,1.26999998092651,9.12399959564209,8,2.526,0.049
startup,21464977,16.434,4,0,249903996.0,17.062,0.071,8,5.857,10.443,1.30200004577637,9.13500022888184,6,2.52,0.051
startup,21482002,17.025,4,0,250072152.0,17.062,0.071,8,3.296,13.578,3.21900010108948,9.22799968719482,7,2.549,0.048
startup,21498422,16.42,4,0,250223600.0,17.062,0.071,8,5.282,11.002,1.34399998188019,9.17700004577637,7,2.544,0.057
startup,21515299,16.877,4,0,250503872.0,17.062,0.071,8,3.262,13.467,1.5460000038147,9.17599964141846,7,2.501,0.049
startup,21531768,16.469,4,0,250734740.0,17.062,0.071,9,5.339,10.989,1.42700004577637,9.17000007629395,6,2.471,0.052
startup,21548694,16.926,4,0,250797472.0,17.062,0.071,8,1.058,15.691,1.56299996376038,9.19499969482422,6,0.007,0.048
startup,21565064,16.37,4,0,250895440.0,17.062,0.071,8,2.094,14.151,1.29499995708466,9.21199989318848,6,0.007,0.048
startup,21581964,16.9,4,0,250998736.0,17.062,0.071,8,0.732,16.024,1.28999996185303,9.20300006866455,6,0.007,0.047
startup,21598274,16.31,4,0,251093572.0,17.062,0.071,8,2.849,13.335,1.42299997806549,9.16800022125244,801,0.007,0.059
startup,21615341,17.067,4,0,251260008.0,17.062,0.071,8,0.739,16.146,1.27600002288818,9.25,6,0.008,0.059
startup,21631632,16.291,4,0,251403324.0,17.062,0.071,12,2.251,13.914,1.28600001335144,9.19600009918213,5,0.008,0.051
startup,21648536,16.904,4,0,251535172.0,17.062,0.071,8,0.738,16.028,1.3289999961853,9.17700004577637,9,0.007,0.049
startup,21664906,16.37,4,0,251656584.0,17.062,0.071,8,2.097,14.136,1.29100000858307,9.16100025177002,9,0.011,0.047
startup,21681893,16.987,4,0,251777612.0,17.062,0.071,8,0.774,16.089,1.27600002288818,9.19299983978271,6,0.007,0.048
startup,21698316,16.423,4,0,251878764.0,17.062,0.071,8,2.015,14.255,1.28299999237061,9.20899963378906,6,0.007,0.048
startup,21715178,16.862,4,0,251998308.0,17.062,0.071,11,0.732,16.004,1.29100000858307,9.1870002746582,6,0.006,0.046
startup,21731906,16.728,4,0,252121904.0,17.062,0.071,7,1.959,14.619,1.30299997329712,9.19699954986572,6,0.009,0.047
startup,21748525,16.619,4,0,252173336.0,17.062,0.071,8,0.785,15.666,1.32599997520447,9.19099998474121,7,0.008,0.063
startup,21764955,16.43,4,0,252345452.0,17.062,0.071,8,2.083,14.196,1.31900000572205,9.20600032806396,6,0.008,0.049
startup,21781894,16.939,4,0,252432412.0,17.062,0.071,8,0.71,16.099,1.30599999427795,9.19999980926514,6,0.007,0.047
startup,21798252,16.358,4,0,252536172.0,17.062,0.071,8,2.049,14.173,1.43099999427795,9.21500015258789,6,0.007,0.061
startup,21815153,16.901,4,0,252633780.0,17.062,0.071,8,1.019,15.758,1.26900005340576,9.19099998474121,6,0.007,0.049
startup,21831560,16.407,4,0,252690012.0,17.062,0.071,7,2.118,14.161,1.24899995326996,9.19499969482422,6,0.009,0.049
startup,21848389,16.829,4,0,252798000.0,17.062,0.071,8,0.739,15.946,1.27199995517731,9.13000011444092,6,0.007,0.048
startup,21864865,16.476,4,0,252901216.0,17.062,0.071,8,1.987,14.366,1.27300000190735,9.16499996185303,6,0.007,0.047
startup,21881803,16.938,4,0,252963784.0,17.062,0.071,8,0.74,16.044,1.25100004673004,9.20499992370605,6,0.007,0.048
startup,21898259,16.456,4,0,253061924.0,17.062,0.071,8,2.03,14.272,1.31099998950958,9.19900035858154,6,0.007,0.048
startup,21915102,16.843,4,0,253162292.0,17.062,0.071,10,0.732,15.982,1.27900004386902,9.18900012969971,6,0.007,0.047
startup,21931588,16.486,4,0,253226016.0,17.062,0.071,8,1.999,14.332,1.2940000295639,9.2209997177124,6,0.007,0.048
startup,21948411,16.823,4,0,253336384.0,17.062,0.071,8,0.735,15.962,1.32099997997284,9.18200016021729,7,0.007,0.047
startup,21964855,16.444,4,0,253431320.0,17.062,0.071,8,2.057,14.259,1.26900005340576,9.19299983978271,7,0.006,0.049
startup,21981748,16.893,4,0,253494132.0,17.062,0.071,7,0.761,15.991,1.27300000190735,9.17399978637695,9,0.008,0.053
startup,21998139,16.391,3,0,253638680.0,17.062,0.071,8,2.05,14.216,1.317999958992,9.18400001525879,6,0.011,0.049
startup,22015092,16.953,3,0,253975740.0,17.062,0.071,9,3.273,13.518,1.27799999713898,9.20300006866455,6,2.501,0.048
startup,22031550,16.458,1,0,254235836.0,16.902,0.085,8,4.602,11.715,1.33599996566772,9.21100044250488,6,2.504,0.047
startup,22048374,16.824,1,0,254601328.0,16.902,0.085,569,4.648,12.036,1.32799994945526,9.17399978637695,96,2.613,0.048
startup,22064773,16.399,5,0,254834032.0,16.902,0.085,7,4.74,11.526,1.34700000286102,9.13700008392334,135,2.51,0.049
startup,22081737,16.964,5,0,255056400.0,16.902,0.085,9,3.74,13.083,1.35099995136261,9.20300006866455,99,2.528,0.05
startup,22098120,16.383,6,0,255570852.0,16.902,0.085,8,4.766,11.482,1.32700002193451,9.1540002822876,138,2.638,0.049
startup,22115046,16.926,6,0,255876772.0,16.902,0.085,8,4.031,12.755,2.1800000667572,9.18200016021729,775,2.511,0.048
startup,22131587,16.541,6,0,256125024.0,16.902,0.085,7,4.572,11.823,1.33700001239777,9.17399978637695,6,2.56,0.053
startup,22148395,16.808,6,0,256358116.0,16.902,0.085,9,3.495,13.187,1.37300002574921,9.19200038909912,6,2.539,0.052
startup,22164829,16.434,6,0,256642736.0,16.902,0.085,8,4.648,11.638,1.35500001907349,9.19499969482422,6,2.519,0.049
startup,22181656,16.827,6,0,256861964.0,16.902,0.085,8,3.376,13.312,1.66799998283386,9.14000034332275,6,2.547,0.049
startup,22198159,16.503,6,0,257204944.0,16.902,0.085,8,4.488,11.866,1.37999999523163,9.21300029754639,6,2.506,0.051
startup,22214982,16.823,6,0,257518368.0,16.902,0.085,9,3.221,13.473,1.442999958992,9.18900012969971,6,2.508,0.047
startup,22231471,16.489,5,0,257768616.0,16.902,0.085,7,4.537,11.826,1.36899995803833,9.20300006866455,6,2.529,0.048
startup,22248291,16.82,5,0,257476552.0,16.902,0.085,8,3.36,13.317,1.33399999141693,9.1560001373291,7,2.598,0.047
startup,22264782,16.491,5,0,257728936.0,16.902,0.085,8,6.047,10.294,1.70200002193451,9.19600009918213,7,2.628,0.049
startup,22281720,16.938,4,0,257981268.0,16.902,0.085,8,3.347,13.46,2.30299997329712,9.23499965667725,7,2.616,0.049
startup,22298434,16.714,4,0,258375452.0,16.902,0.085,9,12.422,3.849,1.37699997425079,9.19200038909912,6,2.514,0.053
startup,22315055,16.621,3,0,258681984.0,16.902,0.085,8,9.105,7.195,1.50899994373322,8.96000003814697,7,2.518,0.051
startup,22330715,15.66,4,0,259422168.0,16.902,0.085,20,7.949,7.429,1.53900003433228,8.23900032043457,16,2.518,0.061
held_flight_0,22383205,52.49,4,0,259617252.0,16.902,0.085,33616,48.569,3.298,3.03200006484985,8.47999954223633,8289,2.64,0.049
held_flight_0,22393463,10.258,4,0,255491122.0,16.902,0.085,4535,8.431,1.587,2.55100011825562,1.97599995136261,9,2.569,0.047
held_flight_0,22401800,8.337,3,0,255669210.0,16.902,0.085,94,6.292,1.807,0.98400002717972,1.87699997425079,6,0.007,0.046
held_flight_0,22416494,14.694,3,0,255802538.0,16.902,0.085,99,5.644,2.061,1.07799994945526,1.85800004005432,7,2.078,0.046
held_flight_0,22432848,16.354,2,0,255444590.0,16.902,0.085,95,0.6,1.518,1.33299994468689,2.0789999961853,5,0.004,0.047
held_flight_0,22449525,16.677,0,8,256275282.0,16.902,0.085,98,5.237,2.749,0.93400001525879,2.33100008964539,8,3.186,0.045
held_flight_0,22466199,16.674,0,8,256519462.0,16.902,0.085,97,3.865,1.889,2.03800010681152,2.1029999256134,6,3.416,0.049
held_flight_0,22483176,16.977,0,8,256604909.0,16.902,0.085,92,3.691,1.866,0.96399998664856,2.33800005912781,54,1.549,0.047
held_flight_0,22499517,16.341,0,8,256860210.0,16.902,0.085,97,0.419,1.593,1.04900002479553,3.56599998474121,7,0.005,0.046
held_flight_0,22516192,16.675,0,8,257103462.0,16.902,0.085,96,4.239,1.869,0.97500002384186,3.56599998474121,6,3.137,0.044
held_flight_0,22532846,16.654,1,8,256908990.0,16.902,0.085,266,6.698,2.408,1.02100002765656,3.56800007820129,103,3.797,0.048
held_flight_0,22549881,17.035,2,8,257237695.0,16.902,0.085,99,4.715,3.746,1.49199998378754,3.30999994277954,57,2.531,0.046
held_flight_0,22566175,16.294,2,8,257508354.0,16.902,0.085,96,0.416,1.543,2.70900011062622,3.71300005912781,5,0.011,0.044
held_flight_0,22582856,16.681,1,8,257974846.0,16.902,0.085,103,4.52,2.636,0.92599999904633,3.72199988365173,7,3.364,0.046
held_flight_0,22599512,16.656,1,8,258200290.0,16.902,0.085,96,2.953,1.603,1.05999994277954,3.48300004005432,10,2.529,0.045
held_flight_0,22616497,16.985,3,8,257572502.0,16.902,0.085,94,5.078,3.575,1.00699996948242,3.71700000762939,68,2.511,0.045
held_flight_0,22632846,16.349,1,8,257851738.0,16.902,0.085,1408,1.735,1.687,2.61700010299683,3.57100009918213,6,0.009,0.043
held_flight_0,22649510,16.664,1,10,258067430.0,16.902,0.085,9,3.55,1.808,1.03600001335144,3.78200006484985,5,2.522,0.045
held_flight_0,22666171,16.661,2,10,258012450.0,16.902,0.085,7,5.135,2.697,1.01999998092651,3.78800010681152,55,2.661,0.046
held_flight_0,22683185,17.014,3,10,258144142.0,16.902,0.085,7,4.459,2.983,1.87600004673004,3.56399989128113,58,2.502,0.045
held_flight_0,22699498,16.313,1,10,258457610.0,16.902,0.085,6,0.319,1.621,1.13800001144409,3.64299988746643,5,0.009,0.045
held_flight_0,22716178,16.68,1,10,258728690.0,16.902,0.085,8,3.502,1.618,0.99299997091293,3.86899995803833,5,2.516,0.043
held_flight_0,22732847,16.669,2,10,258514966.0,16.902,0.085,8,6.022,2.786,1.00600004196167,3.89100003242493,73,3.427,0.048
held_flight_0,22749854,17.007,3,10,258715986.0,16.902,0.085,8,4.736,2.938,1.88499999046326,3.6710000038147,59,2.748,0.049
held_flight_0,22766170,16.316,2,10,259014254.0,16.902,0.085,7,0.317,1.554,1.52999997138977,3.80699992179871,6,0.008,0.045
held_flight_0,22782864,16.694,1,10,259235650.0,16.902,0.085,8,3.444,1.66,0.95999997854233,4.03299999237061,6,2.502,0.046
held_flight_0,22799505,16.641,2,10,259094510.0,16.902,0.085,21,6.553,2.274,1.01699995994568,4.03200006484985,104,3.667,0.049
held_flight_0,22816518,17.013,3,10,259276626.0,16.902,0.085,7,4.553,3.449,1.38800001144409,3.7720000743866,56,2.522,0.046
held_flight_0,22832825,16.307,1,10,259513414.0,16.902,0.085,7,0.346,1.75,2.42300009727478,3.86400008201599,6,0.008,0.047
held_flight_0,22849503,16.678,1,13,259792458.0,16.902,0.085,10,3.529,1.828,0.98600000143051,4.1269998550415,6,2.626,0.045
held_flight_0,22866175,16.672,2,13,259629734.0,16.902,0.085,8,6.255,2.482,1.01400005817413,4.1100001335144,965,3.252,0.049
held_flight_0,22883164,16.989,3,13,259826558.0,16.902,0.085,8,4.714,2.986,1.57799994945526,3.86700010299683,57,2.511,0.046
held_flight_0,22899497,16.333,1,13,260020862.0,16.902,0.085,7,0.339,1.633,1.57799994945526,3.91300010681152,5,0.009,0.045
held_flight_0,22916169,16.672,1,13,260323950.0,16.902,0.085,8,3.708,1.773,1.01600003242493,4.15500020980835,6,2.847,0.045
held_flight_0,22932843,16.674,2,13,260245238.0,16.902,0.085,18,6.047,2.856,1.03699994087219,4.16400003433228,108,3.555,0.046
held_flight_0,22949904,17.061,3,13,260528566.0,16.902,0.085,8,5.546,3.342,1.76400005817413,3.95799994468689,64,3.582,0.044
held_flight_0,22966161,16.257,2,13,260620758.0,16.902,0.085,7,0.331,1.603,2.51799988746643,3.97499990463257,6,0.008,0.045
held_flight_0,22982837,16.676,1,13,261104482.0,16.902,0.085,9,3.774,2.241,0.99500000476837,4.21999979019165,6,2.914,0.045
held_flight_0,22999509,16.672,2,13,260702838.0,16.902,0.085,8,5.575,3.166,1.22699999809265,4.22200012207031,141,3.142,0.045
held_flight_0,23016561,17.052,3,13,260996398.0,16.902,0.085,8,4.531,3.044,2.33400011062622,3.98000001907349,59,2.553,0.046
held_flight_0,23032834,16.273,2,13,261072046.0,51.882,0.562,7,0.28,1.675,1.46300005912781,4.0460000038147,6,0.008,0.044
held_flight_0,23049516,16.682,1,14,261339362.0,51.882,0.562,9,3.586,1.741,1.04200005531311,4.28999996185303,6,2.717,0.047
held_flight_0,23066173,16.657,2,14,261028658.0,51.882,0.562,7,4.825,3.14,1.06700003147125,4.29699993133545,55,2.911,0.051
held_flight_0,23083183,17.01,3,14,261127998.0,51.882,0.562,8,5.221,3.001,2.28600001335144,4.04300022125244,65,3.241,0.047
held_flight_0,23099499,16.316,2,14,261367682.0,51.882,0.562,7,0.305,1.637,2.2590000629425,4.07399988174438,6,0.009,0.045
held_flight_0,23116176,16.677,1,15,261775718.0,51.882,0.562,9,5.019,2.801,1.01400005817413,4.31199979782104,8,4.012,0.046
held_flight_0,23132855,16.679,2,15,261305582.0,51.882,0.562,9,5.369,3.234,2.08699989318848,4.06500005722046,61,3.238,0.048
held_flight_0,23149852,16.997,3,15,261544814.0,51.882,0.562,22,6.5,2.198,2.38199996948242,4.07299995422363,133,3.647,0.045
held_flight_0,23166177,16.325,2,15,261729350.0,51.882,0.562,7,0.301,1.714,1.31500005722046,4.11299991607666,5,0.008,0.045
held_flight_0,23182843,16.666,1,15,262097178.0,51.882,0.562,9,4.108,2.679,1.05900001525879,4.3439998626709,6,2.605,0.049
held_flight_0,23199654,16.811,2,15,261718274.0,51.882,0.562,8,9.071,2.014,1.14800000190735,4.3439998626709,56,6.691,0.047
held_flight_0,23216603,16.949,2,15,261917106.0,51.882,0.562,7,2.871,2.002,1.182000041008,4.11199998855591,61,2.512,0.05
held_flight_0,23232852,16.249,1,15,261903686.0,51.882,0.562,7,0.33,1.759,1.11699998378754,4.33799982070923,6,0.009,0.05
held_flight_0,23249519,16.667,0,18,262350710.0,51.882,0.562,10,4.399,2.754,1.09599995613098,4.41300010681152,5,3.596,0.051
held_flight_0,23266168,16.649,0,18,262689006.0,51.882,0.562,10,3.137,1.911,1.35699999332428,4.10400009155273,6,2.783,0.049
held_flight_0,23283189,17.021,3,18,261906282.0,51.882,0.562,9,5.083,3.21,1.0789999961853,4.34499979019165,59,2.67,0.049
held_flight_0,23299497,16.308,2,18,262122886.0,51.882,0.562,8,0.325,1.72,2.34800004959106,4.16599988937378,6,0.008,0.045
held_flight_0,23316178,16.681,1,18,262301426.0,51.882,0.562,9,3.806,2.283,1.04700005054474,4.42500019073486,6,1.001,0.046
held_flight_0,23332858,16.68,1,18,262532242.0,51.882,0.562,9,2.949,4.739,1.11300003528595,4.42000007629395,5,2.575,0.048
held_flight_0,23351951,19.093,2,18,262292982.0,51.882,0.562,9,4.865,5.461,4.04400014877319,4.18599987030029,55,2.931,0.051
held_flight_0,23366167,14.216,1,18,262197938.0,51.882,0.562,8,0.314,1.691,4.59600019454956,4.16699981689453,6,0.009,0.047
held_flight_0,23382830,16.663,0,18,262531286.0,51.882,0.562,8,2.133,4.654,1.03900003433228,4.43100023269653,762,0.616,0.047
held_flight_0,23399502,16.672,0,18,262817150.0,51.882,0.562,9,3.912,2.778,1.08399999141693,4.20900011062622,6,3.54,0.046
held_flight_0,23416193,16.691,0,18,262927966.0,51.882,0.562,8,3.278,1.772,1.37899994850159,4.44299983978271,6,2.664,0.049
held_flight_0,23433203,17.01,3,18,262380102.0,51.882,0.562,8,7.83,1.955,1.09899997711182,4.44399976730347,84,2.52,0.049
held_flight_0,23449496,16.293,2,18,262475594.0,51.882,0.562,7,0.328,1.733,1.17499995231628,4.17000007629395,6,0.008,0.047
held_flight_0,23466182,16.686,1,20,262654262.0,51.882,0.562,9,3.239,1.911,1.04700005054474,4.41400003433228,5,2.503,0.048
held_flight_0,23482904,16.722,1,20,262992338.0,51.882,0.562,9,3.108,4.768,1.10099995136261,4.41499996185303,6,2.762,0.049
held_flight_0,23499853,16.949,2,20,262445658.0,51.882,0.562,8,5.025,5.47,4.07100009918213,4.17399978637695,60,2.855,0.048
held_flight_0,23516160,16.307,2,21,262673510.0,51.882,0.562,8,2.728,1.721,4.60099983215332,4.20100021362305,6,0.006,2.059
held_flight_0,23532842,16.682,1,21,262906922.0,51.882,0.562,8,2.247,4.914,1.05400002002716,4.45100021362305,6,1.92,0.046
held_flight_0,23549493,16.651,2,21,262685422.0,51.882,0.562,8,4.867,5.049,1.06299996376038,4.19600009918213,220,2.53,0.049
held_flight_0,23566525,17.032,3,21,262703018.0,51.882,0.562,7,4.421,2.835,4.2480001449585,4.18100023269653,59,2.53,0.049
held_flight_0,23582813,16.288,2,21,262753266.0,51.882,0.562,7,0.285,1.681,1.95799994468689,4.21799993515015,5,0.009,0.046
held_flight_0,23599498,16.685,1,21,263003926.0,51.882,0.562,9,2.668,1.745,1.05200004577637,4.46099996566772,5,1.965,0.045
held_flight_0,23616174,16.676,1,21,263125782.0,51.882,0.562,9,3.153,1.959,1.08800005912781,4.46199989318848,6,2.801,0.048
held_flight_0,23633185,17.011,3,21,262722338.0,51.882,0.562,7,8.231,1.951,1.11500000953674,4.46000003814697,59,3.32,0.049
held_flight_0,23649495,16.31,1,21,262757282.0,51.882,0.562,7,0.287,1.775,1.15600001811981,4.23000001907349,6,0.009,0.045
held_flight_0,23666167,16.672,1,23,262935146.0,51.882,0.562,9,3.632,1.793,1.07000005245209,4.48199987411499,6,2.938,0.047
held_flight_0,23682832,16.665,2,23,263031426.0,51.882,0.562,9,8.621,1.995,1.10199999809265,4.46999979019165,59,2.879,0.048
held_flight_0,23701865,19.033,2,23,263246518.0,51.882,0.562,20,6.435,4.254,1.15299999713898,4.20599985122681,113,3.446,0.05
held_flight_0,23716159,14.294,1,24,263349302.0,51.882,0.562,8,0.671,1.727,3.27300000190735,4.23699998855591,5,0.01,0.054
held_flight_0,23732838,16.679,2,24,263406638.0,51.882,0.562,8,8.121,2.022,1.05499994754791,4.49399995803833,58,3.115,0.047
held_flight_0,23749498,16.66,2,24,263677326.0,51.882,0.562,7,4.525,4.955,1.17599999904633,4.24900007247925,57,2.597,0.047
held_flight_0,23768276,18.778,3,24,263608250.0,51.882,0.562,8,3.444,2.099,2.00999999046326,4.30700016021729,63,3.058,0.048
held_flight_0,23782823,14.547,1,24,263660122.0,51.882,0.562,7,0.298,4.716,1.15199995040894,4.56400012969971,6,0.009,0.045
held_flight_0,23799511,16.688,2,24,263740574.0,51.882,0.562,8,7.12,3.984,3.25799989700317,4.31400012969971,59,3.763,0.046
held_flight_0,23816170,16.659,2,24,263770826.0,51.882,0.562,7,4.48,3.136,3.1800000667572,4.31400012969971,58,2.519,0.048
held_flight_0,23833187,17.017,3,24,263969618.0,51.882,0.562,8,8.302,1.849,2.28900003433228,4.33199977874756,64,3.732,0.046
held_flight_0,23849503,16.316,1,24,263931130.0,51.882,0.562,7,0.306,1.703,1.11500000953674,4.35799980163574,5,0.009,0.045
held_flight_0,23866156,16.653,1,26,264077586.0,51.882,0.562,8,3.179,1.848,1.06900000572205,4.60400009155273,6,2.577,0.049
held_flight_0,23882823,16.667,2,26,264121610.0,51.882,0.562,8,8.143,2.161,1.125,4.63500022888184,59,3.081,0.047
held_flight_0,23899990,17.167,3,26,264120482.0,51.882,0.562,7,6.501,4.162,1.32500004768372,4.33900022506714,1262,2.693,0.047
held_flight_0,23916160,16.17,1,26,264152942.0,51.882,0.562,7,0.282,3.879,3.21099996566772,4.39300012588501,6,0.008,0.046
held_flight_0,23932814,16.654,2,27,264230210.0,51.882,0.562,7,9.115,1.974,3.06699991226196,4.59899997711182,58,6.533,0.057
held_flight_0,23949501,16.687,2,27,264583450.0,51.882,0.562,29,7.014,4.044,1.17499995231628,4.40100002288818,180,3.313,0.045
held_flight_0,23966515,17.014,3,27,264551086.0,51.882,0.562,8,4.802,3.183,3.23900008201599,4.4229998588562,71,2.768,0.051
held_flight_0,23982817,16.302,1,27,264506058.0,51.882,0.562,8,0.293,1.811,2.45900011062622,4.41800022125244,6,0.009,0.046
held_flight_0,23999488,16.671,1,27,264826034.0,51.882,0.562,9,3.565,2.101,1.17299997806549,4.66699981689453,5,2.931,0.054
held_flight_0,24016193,16.705,2,27,264606362.0,51.882,0.562,26,6.725,2.124,1.1690000295639,4.6729998588562,140,3.837,0.052
held_flight_0,24033545,17.352,3,27,264898690.0,11.117,2.622,8,7.587,1.963,1.28600001335144,4.41800022125244,65,2.862,0.052
held_flight_0,24049489,15.944,2,27,265006942.0,11.117,2.622,8,0.326,1.801,1.15900003910065,4.45300006866455,5,0.011,0.047
held_flight_0,24066176,16.687,1,28,265137474.0,11.117,2.622,10,3.592,2.415,1.14999997615814,4.70900011062622,6,3.002,0.057
held_flight_0,24082812,16.636,2,28,265195602.0,11.117,2.622,7,9.378,1.999,1.20200002193451,4.71199989318848,57,6.903,0.05
held_flight_0,24101874,19.062,2,28,265404958.0,11.117,2.622,11,4.686,4.931,1.1690000295639,4.46199989318848,61,2.559,0.063
held_flight_0,24116167,14.293,2,29,265541778.0,11.117,2.622,9,0.574,1.822,2.06699991226196,4.47599983215332,6,0.01,0.047
held_flight_0,24132846,16.679,1,29,265597990.0,11.117,2.622,8,1.07,1.807,1.1360000371933,4.72900009155273,6,0.757,0.048
held_flight_0,24149504,16.658,2,29,265694458.0,11.117,2.622,9,5.092,5.064,1.14600002765656,4.72300004959106,59,2.844,0.048
held_flight_0,24166553,17.049,3,29,265862918.0,11.117,2.622,9,5.096,2.664,4.26700019836426,4.46400022506714,74,3.071,0.046
held_flight_0,24182828,16.275,2,29,265721354.0,11.117,2.622,8,0.289,1.77,1.96099996566772,4.46799993515015,5,0.009,0.045
held_flight_0,24199498,16.67,1,29,265940646.0,11.117,2.622,8,1.175,1.8,1.12800002098084,4.73000001907349,6,0.66,0.048
held_flight_0,24216162,16.664,1,29,266104414.0,11.117,2.622,9,4.138,2.916,1.15499997138977,4.72100019454956,6,3.217,0.047
held_flight_0,24232834,16.672,1,29,266375406.0,11.117,2.622,8,2.797,4.466,1.51800000667572,4.47200012207031,6,2.5,0.047
held_flight_0,24249840,17.006,3,29,266363522.0,11.117,2.622,8,4.835,5.46,3.65400004386902,4.46199989318848,58,2.838,0.047
held_flight_0,24266168,16.328,1,30,266109874.0,11.117,2.622,8,2.515,1.865,4.65100002288818,4.50799989700317,6,0.007,0.046
held_flight_0,24282841,16.673,2,30,266170782.0,11.117,2.622,7,9.094,2.033,1.15499997138977,4.7519998550415,57,6.686,0.05
held_flight_0,24299505,16.664,2,30,266465806.0,11.117,2.622,19,5.583,4.673,1.20700001716614,4.50099992752075,131,3.225,0.048
held_flight_0,24316623,17.118,3,30,266540598.0,11.117,2.622,11,4.541,2.858,3.6800000667572,4.52099990844727,66,2.518,0.049
held_flight_0,24332845,16.222,1,30,266405426.0,11.117,2.622,8,0.294,1.828,2.07599997520447,4.59000015258789,6,0.013,0.047
held_flight_0,24349543,16.698,3,32,266538526.0,11.117,2.622,8,11.011,2.301,1.14600002765656,4.78900003433228,59,5.827,0.047
held_flight_0,24366157,16.614,2,32,266642922.0,11.117,2.622,8,4.031,3.211,1.38499999046326,4.58900022506714,67,3.589,0.045
held_flight_0,24382880,16.723,3,32,266990230.0,11.117,2.622,8,8.398,2.103,1.82000005245209,4.53499984741211,70,3.53,0.05
held_flight_0,24399487,16.607,2,32,267253662.0,11.117,2.622,8,4.567,5.059,1.34099996089935,4.5939998626709,69,2.508,0.045
held_flight_0,24416222,16.735,3,32,267513698.0,11.117,2.622,8,4.605,3.332,2.17700004577637,4.64400005340576,809,3.473,0.048
held_flight_0,24432816,16.594,2,32,267698654.0,11.117,2.622,8,7.346,2.036,2.58299994468689,4.61499977111816,69,2.594,0.049
held_flight_0,24449528,16.712,3,32,267912190.0,11.117,2.622,8,4.325,4.977,1.25699996948242,4.66699981689453,67,3.843,0.049
held_flight_0,24466161,16.633,2,32,267985818.0,11.117,2.622,8,2.912,2.171,2.08500003814697,4.61700010299683,68,2.545,0.044
held_flight_0,24482870,16.709,3,32,268269770.0,11.117,2.622,8,3.354,4.76,1.20099997520447,4.83400011062622,76,2.65,0.05
held_flight_0,24499482,16.612,2,32,268667914.0,11.117,2.622,9,3.76,2.986,4.03299999237061,4.62799978256226,68,3.402,0.045
held_flight_0,24516191,16.709,2,32,268810510.0,11.117,2.622,8,3.222,2.071,1.7039999961853,4.61399984359741,71,2.817,0.048
held_flight_0,24532816,16.625,1,32,269113258.0,11.117,2.622,8,3.69,4.478,1.17200005054474,4.84800004959106,68,3.296,0.049
held_flight_0,24549525,16.709,3,32,269534394.0,11.117,2.622,9,4.961,5.144,3.75399994850159,4.61199998855591,76,2.565,0.049
held_flight_0,24566148,16.623,2,32,269857598.0,11.117,2.622,7,2.909,1.944,4.33599996566772,4.71799993515015,75,2.532,0.045
held_flight_0,24582868,16.72,3,32,270132146.0,11.117,2.622,7,2.9,4.216,1.22800004482269,4.9539999961853,72,2.505,0.048
held_flight_0,24599464,16.596,2,32,270393546.0,11.117,2.622,7,2.852,2.007,1.32500004768372,4.70499992370605,71,2.509,0.045
held_flight_0,24616183,16.719,3,32,270736630.0,11.117,2.622,7,2.913,1.888,1.19099998474121,4.95900011062622,70,2.518,0.047
held_flight_0,24632822,16.639,2,32,270999530.0,11.117,2.622,8,2.974,4.166,1.19000005722046,4.95300006866455,74,2.602,0.044
held_flight_0,24649526,16.704,3,32,271051858.0,11.117,2.622,7,2.392,2.027,3.13000011444092,4.72100019454956,73,1.974,0.05
held_flight_0,24666135,16.609,2,32,271293702.0,11.117,2.622,7,4.159,3.612,1.30499994754791,4.96099996566772,75,0.006,0.044
held_flight_0,24682853,16.718,3,32,271726610.0,11.117,2.622,9,8.14,2.036,2.76099991798401,4.74300003051758,121,3.037,0.047
held_flight_0,24699473,16.62,3,32,272139482.0,11.117,2.622,20,9.027,2.063,1.25300002098084,4.73600006103516,98,3.455,0.044
held_flight_0,24716192,16.719,2,32,272595202.0,11.117,2.622,8,5.023,3.031,1.27999997138977,4.75299978256226,164,2.526,0.05
held_flight_0,24732812,16.62,2,32,273030786.0,11.117,2.622,8,8.941,2.166,2.26399993896484,4.74599981307983,75,3.663,0.045
held_flight_0,24749524,16.712,3,32,273394186.0,11.117,2.622,9,6.963,4.221,1.2940000295639,4.79699993133545,81,3.379,0.049
held_flight_0,24766153,16.629,2,32,273580510.0,11.117,2.622,8,3.007,2.415,3.35599994659424,4.77699995040894,76,2.618,0.046
held_flight_0,24782852,16.699,3,32,273789434.0,11.117,2.622,10,2.947,4.762,1.317999958992,5.02199983596802,81,2.516,0.05
held_flight_0,24799460,16.608,2,32,274078002.0,11.117,2.622,9,2.89,2.205,4.0019998550415,4.77600002288818,79,2.507,0.049
held_flight_0,24816168,16.708,3,32,274341818.0,11.117,2.622,7,2.943,2.461,1.30799996852875,5.02199983596802,78,2.527,0.047
held_flight_0,24832800,16.632,2,32,274500562.0,11.117,2.622,9,6.718,2.234,1.46399998664856,5.00899982452393,91,6.059,0.044
held_flight_0,24849497,16.697,3,32,274930698.0,11.117,2.622,8,4.84,5.311,1.45200002193451,4.77500009536743,85,4.286,0.06
held_flight_0,24866131,16.634,2,32,275258998.0,11.117,2.622,8,4.942,3.861,4.55000019073486,4.77500009536743,89,2.492,0.045
held_flight_0,24882846,16.715,3,32,275325326.0,11.117,2.622,8,0.524,1.928,2.84100008010864,4.81599998474121,82,0.007,0.047
held_flight_0,24899449,16.603,1,32,275442558.0,11.117,2.622,8,0.458,2.076,1.25800001621246,5.07499980926514,83,0.006,0.045
held_flight_0,24916164,16.715,2,32,275599042.0,11.117,2.622,8,3.045,2.983,1.3400000333786,5.04300022125244,81,2.611,0.048
held_flight_0,24932790,16.626,1,32,275853362.0,11.117,2.622,7,3.607,4.533,1.44000005722046,5.06899976730347,830,2.511,0.044
held_flight_0,24949502,16.712,2,32,276087982.0,11.117,2.622,7,3.033,2.916,3.78399991989136,4.80000019073486,87,2.637,0.048
held_flight_0,24966116,16.614,1,32,276224098.0,11.117,2.622,8,3.103,3.114,1.57299995422363,5.02699995040894,89,2.723,0.045
held_flight_0,24982843,16.727,3,32,276297670.0,11.117,2.622,9,7.911,2.556,1.57500004768372,5.07299995422363,95,2.612,0.046
held_flight_0,24999465,16.622,2,32,276406046.0,11.117,2.622,8,0.439,2.06,1.60399997234344,4.81699991226196,98,0.007,0.047
held_flight_0,25016162,16.697,3,32,276513398.0,11.117,2.622,10,0.935,2.197,1.32799994945526,5.09100008010864,96,0.006,0.05
held_flight_0,25032768,16.606,2,32,276614538.0,13.328,2.575,8,0.365,2.111,1.40600001811981,5.05499982833862,95,0.006,0.043
held_flight_0,25049486,16.718,2,32,276697458.0,13.328,2.575,8,0.399,2.02,1.38300001621246,5.07100009918213,91,0.006,0.055
held_flight_0,25066103,16.617,0,32,277050130.0,13.328,2.575,7,2.888,2.784,1.307000041008,5.08699989318848,89,2.505,0.045
held_flight_0,25082822,16.719,1,32,277375770.0,13.328,2.575,7,2.933,4.305,1.54799997806549,5.13500022888184,90,2.501,0.048
held_flight_0,25099439,16.617,2,32,277647566.0,13.328,2.575,8,4.579,4.607,3.44000005722046,4.8439998626709,99,2.506,0.044
held_flight_0,25116162,16.723,3,32,277759598.0,13.328,2.575,8,3.036,3.321,3.53099989891052,4.84499979019165,91,2.641,0.047
held_flight_0,25132771,16.609,2,32,278133994.0,13.328,2.575,8,3.826,4.442,1.64100003242493,5.06500005722046,93,3.46,0.053
held_flight_0,25149481,16.71,3,32,278362522.0,13.328,2.575,7,1.601,2.062,3.66899991035461,4.83199977874756,94,1.16,0.046
held_flight_0,25166105,16.624,2,32,278453818.0,13.328,2.575,7,0.377,1.975,1.30499994754791,5.07800006866455,96,0.006,0.045
held_flight_0,25182806,16.701,3,32,278579366.0,13.328,2.575,7,0.405,2.0,1.28199994564056,5.08900022506714,95,0.006,0.045
held_flight_0,25199434,16.628,2,32,278392726.0,13.328,2.575,57,0.422,2.101,1.28799998760223,5.06500005722046,103,0.006,0.051
held_flight_0,25216140,16.706,3,32,278594422.0,13.328,2.575,7,2.472,2.236,1.37600004673004,5.07299995422363,93,0.007,0.047
held_flight_0,25232760,16.62,2,32,278718638.0,13.328,2.575,7,0.364,1.989,1.3860000371933,5.09100008010864,99,0.006,0.043
held_flight_0,25249469,16.709,1,32,278946266.0,13.328,2.575,7,0.727,2.072,1.29200005531311,5.0770001411438,97,0.006,0.045
held_flight_0,25266099,16.63,0,32,279309046.0,13.328,2.575,7,2.902,2.388,1.3400000333786,5.08599996566772,97,2.504,0.044
held_flight_0,25282829,16.73,0,32,279463558.0,13.328,2.575,8,3.349,3.162,1.36500000953674,5.09200000762939,98,2.629,0.048
held_flight_0,25299432,16.603,0,32,279680546.0,13.328,2.575,7,2.863,2.848,1.40799999237061,4.85799980163574,95,2.516,0.046
held_flight_0,25316153,16.721,0,32,279652270.0,13.328,2.575,8,3.17,3.295,1.51800000667572,5.08599996566772,104,2.734,0.047
held_flight_0,25332800,16.647,0,32,280053470.0,13.328,2.575,11,6.862,2.777,1.45299994945526,4.84800004959106,108,3.284,0.044
held_flight_0,25349484,16.684,0,32,280658282.0,13.328,2.575,8,4.028,4.13,1.87600004673004,4.96000003814697,106,3.522,0.052
held_flight_0,25366155,16.671,0,32,280883790.0,13.328,2.575,7,3.051,2.742,3.25600004196167,5.01200008392334,109,2.581,0.045
held_flight_0,25391949,25.794,0,32,281002062.0,13.328,2.575,7,23.354,2.133,1.34599995613098,5.21999979019165,102,3.95,0.044
held_flight_0,25399408,7.459,0,32,281282934.0,13.328,2.575,7,3.726,2.065,1.375,4.96799993515015,102,3.308,0.059
held_flight_1,25417184,17.776,0,32,281572514.0,13.328,2.575,77,7.484,2.23,1.30599999427795,4.94899988174438,105,3.7,0.048
held_flight_1,25432732,15.548,0,32,281863854.0,13.328,2.575,8,0.47,2.004,1.51300001144409,4.52699995040894,6,0.009,0.048
held_flight_1,25449408,16.676,0,34,282216562.0,13.328,2.575,21,6.45,2.316,1.30900001525879,4.75899982452393,986,4.251,0.046
held_flight_1,25466055,16.647,1,34,281755778.0,13.328,2.575,8,10.687,2.7,1.52799999713898,4.53499984741211,56,7.708,0.05
held_flight_1,25483884,17.829,3,34,282192098.0,13.328,2.575,24,5.84,2.613,1.81599998474121,4.52899980545044,131,2.87,0.045
held_flight_1,25499385,15.501,1,34,282485078.0,13.328,2.575,7,0.325,2.007,1.65100002288818,4.51999998092651,6,0.011,0.045
held_flight_1,25516071,16.686,1,34,282622026.0,13.328,2.575,7,3.355,3.216,1.2960000038147,4.75699996948242,6,2.504,0.046
held_flight_1,25532725,16.654,4,34,282240626.0,13.328,2.575,8,5.152,3.019,1.41400003433228,4.50799989700317,104,2.658,0.048
held_flight_1,25550461,17.736,4,34,282578618.0,13.328,2.575,10,6.755,2.456,2.02600002288818,4.52699995040894,61,2.876,0.045
held_flight_1,25566061,15.6,3,34,282787090.0,13.328,2.575,8,0.295,2.001,1.692999958992,4.53299999237061,5,0.008,0.044
held_flight_1,25582726,16.665,1,34,283247534.0,13.328,2.575,8,3.357,3.62,1.30299997329712,4.76700019836426,6,2.507,0.049
held_flight_1,25599384,16.658,2,34,282941218.0,13.328,2.575,9,6.473,2.36,2.18499994277954,4.53200006484985,62,3.169,0.046
held_flight_1,25617061,17.677,3,34,283395666.0,13.328,2.575,11,6.466,2.271,1.48599994182587,4.50099992752075,72,3.381,0.044
held_flight_1,25632722,15.661,2,34,283310670.0,13.328,2.575,7,0.317,1.964,1.46399998664856,4.49700021743774,8,0.008,0.045
held_flight_1,25649382,16.66,2,35,283631778.0,13.328,2.575,9,3.505,3.307,1.26300001144409,4.76000022888184,6,2.681,0.045
held_flight_1,25666064,16.682,1,35,283722250.0,13.328,2.575,8,1.685,2.021,1.73000001907349,4.53299999237061,5,1.366,0.047
held_flight_1,25683725,17.661,5,35,283159086.0,13.328,2.575,7,10.165,2.695,1.34099996089935,4.77199983596802,57,7.418,0.048
held_flight_1,25699389,15.664,4,35,283401110.0,13.328,2.575,10,0.359,1.941,1.81400001049042,4.5460000038147,5,0.005,0.045
held_flight_1,25716046,16.657,1,35,283620326.0,13.328,2.575,7,0.766,2.012,1.25,4.75400018692017,5,0.007,0.047
held_flight_1,25732723,16.677,1,35,283913974.0,13.328,2.575,8,2.96,2.622,1.31599998474121,4.75400018692017,6,2.572,0.047
held_flight_1,25750375,17.652,3,35,283509434.0,13.328,2.575,8,8.221,2.567,1.37699997425079,4.77699995040894,59,4.46,0.046
held_flight_1,25766054,15.679,2,35,283583378.0,13.328,2.575,8,0.612,2.006,1.55200004577637,4.5310001373291,5,0.006,0.044
held_flight_1,25782713,16.659,1,35,283920798.0,13.328,2.575,7,0.736,2.022,1.28799998760223,4.75899982452393,6,0.007,0.047
held_flight_1,25799395,16.682,1,35,284038274.0,13.328,2.575,9,2.927,2.394,1.33899998664856,4.7649998664856,6,2.55,0.044
held_flight_1,25817043,17.648,4,35,283855018.0,13.328,2.575,8,8.502,2.232,1.32299995422363,4.7480001449585,59,4.733,0.057
held_flight_1,25832725,15.682,4,35,283958858.0,13.328,2.575,8,0.55,1.989,1.39199995994568,4.53599977493286,6,0.005,0.045
held_flight_1,25849382,16.657,2,35,284056643.0,13.328,2.575,8,0.768,2.013,1.30599999427795,4.79199981689453,5,0.007,0.048
held_flight_1,25866041,16.659,1,35,284467766.0,13.328,2.575,8,3.667,3.12,1.32099997997284,4.80000019073486,6,3.321,0.046
held_flight_1,25882726,16.685,1,35,284777226.0,13.328,2.575,8,3.003,2.885,2.12100005149841,4.51999998092651,5,2.694,0.046
held_flight_1,25900369,17.643,3,35,283929042.0,13.328,2.575,8,4.979,2.99,1.35099995136261,4.56199979782104,81,2.551,0.047
held_flight_1,25916056,15.687,2,35,284043098.0,13.328,2.575,7,0.307,2.002,2.03099989891052,4.54099988937378,6,0.009,0.044
held_flight_1,25932708,16.652,1,35,284203890.0,13.328,2.575,7,0.706,2.009,1.29100000858307,4.80299997329712,5,0.006,0.055
held_flight_1,25949393,16.685,1,35,284456994.0,13.328,2.575,8,3.951,3.247,1.33200001716614,4.79899978637695,5,3.593,0.044
held_flight_1,25967085,17.692,5,35,283808934.0,13.328,2.575,23,6.69,2.286,2.45499992370605,4.56500005722046,928,2.837,0.049
held_flight_1,25982715,15.63,4,35,283889354.0,13.328,2.575,8,0.267,1.968,1.44200003147125,4.5770001411438,6,0.005,0.043
held_flight_1,25999376,16.661,4,35,284266774.0,13.328,2.575,8,0.731,2.056,1.2849999666214,4.80700016021729,5,0.006,0.046
held_flight_1,26016041,16.665,1,35,284829718.0,13.328,2.575,10,4.461,3.319,1.33500003814697,4.76800012588501,6,4.074,0.054
held_flight_1,26033689,17.648,3,35,284296182.0,25.5,1.31,8,7.076,2.289,2.55599999427795,4.52699995040894,57,3.708,0.043
held_flight_1,26049380,15.691,2,35,284285902.0,25.5,1.31,7,0.297,2.041,1.4650000333786,4.56799983978271,6,0.005,0.044
held_flight_1,26066041,16.661,2,36,284586726.0,25.5,1.31,8,1.233,2.02,1.31599998474121,4.77099990844727,6,0.59,0.044
held_flight_1,26082723,16.682,1,36,284786806.0,25.5,1.31,8,3.429,3.361,1.32799994945526,4.77799987792969,5,2.791,0.045
held_flight_1,26100360,17.637,3,36,284243262.0,25.5,1.31,7,10.058,2.758,1.98599994182587,4.53900003433228,56,7.55,0.047
held_flight_1,26116045,15.685,2,36,284420838.0,25.5,1.31,7,0.263,2.008,1.89900004863739,4.55200004577637,5,0.006,0.044
held_flight_1,26132716,16.671,1,36,284871862.0,25.5,1.31,9,3.212,3.095,1.28100001811981,4.79400014877319,5,2.546,0.049
held_flight_1,26149377,16.661,2,36,284464834.0,25.5,1.31,11,6.375,2.459,1.46800005435944,4.53900003433228,68,3.024,0.047
held_flight_1,26167037,17.66,3,36,284613910.0,25.5,1.31,10,6.186,2.198,1.59099996089935,4.55200004577637,134,3.313,0.045
held_flight_1,26182707,15.67,2,36,284703342.0,25.5,1.31,7,0.307,1.991,1.43799996376038,4.53700017929077,5,0.008,0.046
held_flight_1,26199372,16.665,1,36,285081346.0,25.5,1.31,8,3.212,3.108,1.30799996852875,4.80600023269653,6,2.549,0.045
held_flight_1,26216045,16.673,2,36,284555538.0,25.5,1.31,8,6.578,2.339,1.53600001335144,4.54400014877319,66,3.243,0.045
held_flight_1,26233763,17.718,2,36,284708527.0,25.5,1.31,9,4.765,2.984,1.49800002574921,4.53200006484985,105,2.514,0.045
held_flight_1,26249371,15.608,1,36,284917230.0,25.5,1.31,7,0.285,1.947,2.11999988555908,4.53000020980835,5,0.008,0.065
held_flight_1,26266044,16.673,1,36,285179330.0,25.5,1.31,8,3.59,3.449,1.26999998092651,4.77099990844727,6,2.937,0.043
held_flight_1,26282715,16.671,2,36,285114438.0,25.5,1.31,8,7.551,2.272,2.6470000743866,4.52899980545044,58,3.632,0.045
held_flight_1,26300354,17.639,3,36,285297038.0,25.5,1.31,8,6.615,2.074,1.41299998760223,4.53299999237061,103,3.652,0.045
held_flight_1,26316038,15.684,2,36,285289398.0,25.5,1.31,7,0.31,1.948,1.32500004768372,4.53299999237061,6,0.009,0.044
held_flight_1,26332717,16.679,1,36,285258842.0,25.5,1.31,8,1.17,2.012,1.27300000190735,4.76700019836426,5,0.555,0.046
held_flight_1,26349376,16.659,2,36,285162186.0,25.5,1.31,9,6.671,2.366,1.317999958992,4.77299976348877,63,3.033,0.046
held_flight_1,26367298,17.922,2,36,285363091.0,25.5,1.31,8,4.784,3.067,1.50100004673004,4.57499980926514,119,2.524,0.045
held_flight_1,26382705,15.407,2,36,285470314.0,25.5,1.31,8,0.287,1.942,2.19799995422363,4.58300018310547,6,0.013,0.043
held_flight_1,26399383,16.678,1,36,285621066.0,25.5,1.31,8,1.198,2.047,1.27600002288818,4.78200006484985,5,0.596,0.044
held_flight_1,26416041,16.658,2,36,285632110.0,25.5,1.31,7,7.301,2.298,1.34399998188019,4.79199981689453,61,3.714,0.046
held_flight_1,26433896,17.855,3,36,285791262.0,25.5,1.31,17,5.242,2.633,1.47699999809265,4.59000015258789,218,2.575,0.046
held_flight_1,26449377,15.481,2,36,285781818.0,25.5,1.31,8,0.292,2.012,1.75399994850159,4.55000019073486,6,0.009,0.045
held_flight_1,26466039,16.662,2,37,285914998.0,25.5,1.31,8,0.518,2.036,1.33599996566772,4.77799987792969,6,0.006,0.047
held_flight_1,26482702,16.663,1,37,286261810.0,25.5,1.31,8,3.757,3.892,1.36199998855591,4.79199981689453,770,2.657,0.045
held_flight_1,26500542,17.84,2,37,285830410.0,25.5,1.31,10,11.982,2.849,2.96199989318848,4.54899978637695,56,9.37,0.046
held_flight_1,26516033,15.491,0,37,285935338.0,25.5,1.31,7,0.305,2.001,1.96800005435944,4.55299997329712,6,0.006,0.044
held_flight_1,26532707,16.674,0,37,286135578.0,25.5,1.31,8,3.312,3.094,1.31200003623962,4.78700017929077,6,2.741,0.045
held_flight_1,26549381,16.674,3,37,284802566.0,25.5,1.31,9,6.675,2.48,1.89600002765656,4.54300022125244,62,3.432,0.048
held_flight_1,26567247,17.866,2,37,284952190.0,25.5,1.31,8,4.918,2.926,1.56500005722046,4.55700016021729,206,2.513,0.048
held_flight_1,26582694,15.447,0,37,285067558.0,25.5,1.31,7,0.296,2.045,2.00300002098084,4.55600023269653,6,0.009,0.042
held_flight_1,26599368,16.674,0,37,285354030.0,25.5,1.31,8,3.465,3.402,1.37100005149841,4.79899978637695,5,2.88,0.044
held_flight_1,26616035,16.667,1,37,285294082.0,25.5,1.31,8,7.529,2.326,2.59299993515015,4.55800008773804,68,3.402,0.047
held_flight_1,26633879,17.844,1,37,285480902.0,25.5,1.31,19,5.504,2.374,1.44599997997284,4.53999996185303,214,2.618,0.045
held_flight_1,26649362,15.483,1,37,285495798.0,25.5,1.31,7,0.312,2.012,1.4650000333786,4.54300022125244,6,0.009,0.043
held_flight_1,26666036,16.674,0,38,285726302.0,25.5,1.31,8,0.86,1.995,1.34800004959106,4.79500007629395,6,0.366,0.045
held_flight_1,26682705,16.669,0,38,286074358.0,25.5,1.31,9,3.899,3.744,1.29900002479553,4.79300022125244,6,3.372,0.045
held_flight_1,26700554,17.849,1,38,285687266.0,25.5,1.31,8,10.703,2.826,2.84599995613098,4.5460000038147,55,8.148,0.045
held_flight_1,26716029,15.475,0,38,285784594.0,25.5,1.31,7,0.303,2.01,1.94000005722046,4.54699993133545,6,0.005,0.044
held_flight_1,26732714,16.685,0,38,285820270.0,25.5,1.31,8,1.281,2.068,1.29200005531311,4.79199981689453,6,0.779,0.046
held_flight_1,26749368,16.654,1,38,285896386.0,25.5,1.31,9,6.338,2.452,1.38900005817413,4.79500007629395,66,3.156,0.051
held_flight_1,26767274,17.906,1,38,286240590.0,25.5,1.31,18,5.545,2.417,1.60199999809265,4.5460000038147,230,2.581,0.051
held_flight_1,26782695,15.421,1,38,286359834.0,25.5,1.31,7,0.329,1.981,1.43900001049042,4.55100011825562,6,0.008,0.044
held_flight_1,26799374,16.679,0,38,286501762.0,25.5,1.31,8,1.534,2.031,1.30900001525879,4.78499984741211,7,0.775,0.046
held_flight_1,26816033,16.659,2,38,286514382.0,25.5,1.31,7,8.669,2.447,1.35000002384186,4.7979998588562,58,5.766,0.053
held_flight_1,26833879,17.846,0,38,286866710.0,25.5,1.31,8,6.242,2.264,1.54799997806549,4.5460000038147,76,3.197,0.052
held_flight_1,26849358,15.479,0,38,286955722.0,25.5,1.31,7,0.289,2.045,1.44400000572205,4.54400014877319,5,0.008,0.045
held_flight_1,26866042,16.684,0,39,287126478.0,25.5,1.31,11,2.665,2.739,1.32200002670288,4.78399991989136,6,2.167,0.049
held_flight_1,26882690,16.648,1,39,286909618.0,25.5,1.31,8,11.167,2.743,1.37600004673004,4.78499984741211,64,8.311,0.105
held_flight_1,26900533,17.843,1,39,287044749.0,25.5,1.31,18,4.824,2.779,1.90799999237061,4.53599977493286,111,2.509,0.049
held_flight_1,26916023,15.49,0,39,287155790.0,25.5,1.31,7,0.278,2.02,1.8289999961853,4.53900003433228,6,0.008,0.044
held_flight_1,26932694,16.671,2,39,287281174.0,25.5,1.31,7,8.16,2.337,1.31599998474121,4.76599979400635,56,5.419,0.052
held_flight_1,26949366,16.672,2,39,287647574.0,25.5,1.31,8,7.073,2.15,1.48699998855591,4.54300022125244,64,3.885,0.053
held_flight_1,26967220,17.854,0,39,287886919.0,25.5,1.31,19,4.951,2.659,1.40199995040894,4.54500007629395,215,2.505,0.05
held_flight_1,26982696,15.476,0,39,288007578.0,25.5,1.31,7,0.308,1.973,1.83200001716614,4.53900003433228,5,0.008,0.044
held_flight_1,26999380,16.684,0,39,288124426.0,25.5,1.31,9,3.097,3.071,1.2940000295639,4.79400014877319,760,1.863,0.047
held_flight_1,27016061,16.681,2,39,287950322.0,25.5,1.31,10,7.461,2.507,1.78600001335144,4.53599977493286,61,3.395,0.048
held_flight_1,27032693,16.632,2,39,288253706.0,14.844,1.419,26,5.717,2.196,1.63199996948242,4.57299995422363,157,2.539,0.042
held_flight_1,27050552,17.859,1,39,288186714.0,14.844,1.419,8,6.189,2.684,1.41499996185303,4.53800010681152,112,2.615,0.045
held_flight_1,27066019,15.467,1,39,288292798.0,14.844,1.419,8,0.284,1.977,1.85199999809265,4.57299995422363,6,0.009,0.048
held_flight_1,27082698,16.679,0,41,288628062.0,14.844,1.419,9,2.955,3.439,1.29700005054474,4.79099988937378,6,2.505,0.046
held_flight_1,27099364,16.666,0,41,288833034.0,14.844,1.419,9,2.863,3.06,1.92400002479553,4.55399990081787,6,2.51,0.046
held_flight_1,27116101,16.737,3,41,288777662.0,14.844,1.419,7,10.851,2.873,1.41700005531311,4.54400014877319,58,8.178,0.049
held_flight_1,27132692,16.591,2,41,289038946.0,14.844,1.419,24,5.63,2.284,1.98000001907349,4.56899976730347,170,2.505,0.045
held_flight_1,27150615,17.923,1,41,288834378.0,14.844,1.419,10,4.216,3.661,1.4210000038147,4.54400014877319,120,3.122,0.046
held_flight_1,27166027,15.412,0,41,288965666.0,14.844,1.419,7,0.325,2.112,2.87199997901917,4.59100008010864,6,0.009,0.048
held_flight_1,27182699,16.672,0,41,289038306.0,14.844,1.419,8,1.267,2.211,1.35500001907349,4.78900003433228,6,0.787,0.048
held_flight_1,27199473,16.774,2,41,288914382.0,14.844,1.419,8,8.276,2.481,1.45200002193451,4.80999994277954,59,5.678,0.05
held_flight_1,27216031,16.558,1,41,289236594.0,14.844,1.419,7,2.967,3.446,1.60899996757507,4.56300020217896,63,2.582,0.046
held_flight_1,27233938,17.907,1,41,289580778.0,14.844,1.419,8,2.999,3.495,2.59200000762939,4.58500003814697,106,2.575,0.047
held_flight_1,27249351,15.413,0,41,289365618.0,14.844,1.419,7,0.305,2.201,2.66300010681152,4.54400014877319,5,0.006,0.045
held_flight_1,27266031,16.68,0,41,289460410.0,14.844,1.419,8,1.218,2.029,1.317999958992,4.80999994277954,5,0.782,0.047
held_flight_1,27282725,16.694,2,41,289307050.0,14.844,1.419,8,9.599,2.384,1.33399999141693,4.7810001373291,57,7.001,0.048
held_flight_1,27299354,16.629,1,41,289633882.0,14.844,1.419,7,2.935,3.098,1.51499998569489,4.53999996185303,60,2.627,0.043
held_flight_1,27317210,17.856,2,41,289855622.0,14.844,1.419,8,2.52,2.688,1.66499996185303,4.55200004577637,107,1.833,0.046
held_flight_1,27332682,15.472,1,41,289588106.0,14.844,1.419,8,0.253,2.048,1.32599997520447,4.82000017166138,7,0.004,0.043
held_flight_1,27349340,16.658,0,42,289854722.0,14.844,1.419,8,0.753,2.008,1.36000001430511,4.81199979782104,5,0.353,0.046
held_flight_1,27366014,16.674,0,42,290152210.0,14.844,1.419,8,3.421,3.033,1.32099997997284,4.81899976730347,6,3.068,0.046
held_flight_1,27382727,16.713,3,42,289967606.0,14.844,1.419,7,11.921,2.769,2.22300004959106,4.57399988174438,59,9.485,0.047
held_flight_1,27399354,16.627,2,42,290070918.0,14.844,1.419,8,0.354,2.313,1.91100001335144,4.55200004577637,109,0.006,0.044
held_flight_1,27417275,17.921,2,42,289771398.0,14.844,1.419,8,0.747,1.968,1.27699995040894,4.79099988937378,110,0.006,0.046
held_flight_1,27432672,15.397,2,42,289860950.0,14.844,1.419,7,0.277,1.989,1.28400003910065,4.81199979782104,5,0.004,0.046
held_flight_1,27449336,16.664,1,42,290102806.0,14.844,1.419,8,0.778,2.035,1.27799999713898,4.81899976730347,6,0.397,0.046
held_flight_1,27466006,16.67,1,42,290501254.0,14.844,1.419,8,3.644,3.061,1.34500002861023,4.81099987030029,5,3.137,0.045
held_flight_1,27482718,16.712,3,42,290105938.0,14.844,1.419,8,7.608,2.344,2.31100010871887,4.55399990081787,67,3.566,0.047
held_flight_1,27499358,16.64,2,42,290127714.0,14.844,1.419,7,0.367,2.015,1.50199997425079,4.55900001525879,111,0.006,0.044
held_flight_1,27516069,16.711,3,42,290226410.0,14.844,1.419,8,1.185,1.976,1.32200002670288,4.80700016021729,854,0.006,0.049
held_flight_1,27532681,16.612,2,42,290503882.0,14.844,1.419,7,0.373,2.066,1.29499995708466,4.81400012969971,120,0.007,0.045
held_flight_1,27549390,16.709,2,42,290630998.0,14.844,1.419,7,0.41,2.099,1.35699999332428,4.81500005722046,110,0.006,0.049
held_flight_1,27566017,16.627,1,42,290110882.0,14.844,1.419,8,0.487,2.089,1.39199995994568,4.79699993133545,114,0.006,0.044
held_flight_1,27582723,16.706,2,42,290231858.0,14.844,1.419,8,0.442,2.029,1.36300003528595,4.7979998588562,113,0.006,0.048
held_flight_1,27599335,16.612,1,42,290394738.0,14.844,1.419,7,2.129,2.575,1.3309999704361,4.81099987030029,116,0.006,0.043
held_flight_1,27616048,16.713,1,42,290571386.0,14.844,1.419,7,0.455,2.015,1.44099998474121,4.8439998626709,129,0.006,0.046
held_flight_1,27632672,16.624,2,42,290852922.0,14.844,1.419,23,5.575,2.21,1.31500005722046,4.82100009918213,305,2.511,0.044
held_flight_1,27649377,16.705,2,42,290984598.0,14.844,1.419,7,2.908,3.393,1.42900002002716,4.55100011825562,106,0.817,0.047
held_flight_1,27665997,16.62,2,42,291071310.0,14.844,1.419,7,0.392,2.001,2.06599998474121,4.62099981307983,115,0.006,0.043
held_flight_1,27682701,16.704,3,42,291322578.0,14.844,1.419,8,0.726,2.008,1.31200003623962,4.80299997329712,121,0.006,0.045
held_flight_1,27699321,16.62,2,42,291451218.0,14.844,1.419,7,0.368,2.032,1.317999958992,4.7960000038147,116,0.007,0.044
held_flight_1,27716028,16.707,3,42,291616438.0,14.844,1.419,8,0.422,2.044,1.34300005435944,4.80999994277954,116,0.006,0.046
held_flight_1,27732656,16.628,2,42,291653274.0,14.844,1.419,8,0.385,1.986,1.30799996852875,4.80700016021729,119,0.006,0.045
held_flight_1,27749369,16.713,3,42,291863194.0,14.844,1.419,8,0.43,2.002,1.30499994754791,4.81500005722046,116,0.006,0.046
held_flight_1,27765989,16.62,2,42,292036934.0,14.844,1.419,7,2.118,3.153,1.30499994754791,4.81099987030029,117,0.007,0.046
held_flight_1,27782693,16.704,3,42,292143670.0,14.844,1.419,8,0.425,2.058,1.50899994373322,4.80900001525879,120,0.006,0.046
held_flight_1,27799330,16.637,2,42,292301586.0,14.844,1.419,8,0.366,2.015,1.35599994659424,4.79699993133545,118,0.006,0.042
held_flight_1,27816022,16.692,3,42,292436938.0,14.844,1.419,8,0.429,1.991,1.32500004768372,4.80499982833862,123,0.007,0.047
held_flight_1,27832652,16.63,2,42,292544754.0,14.844,1.419,8,0.687,2.0,1.2940000295639,4.83099985122681,120,0.006,0.043
held_flight_1,27849354,16.702,2,42,292686714.0,14.844,1.419,8,0.463,1.99,1.30599999427795,4.78900003433228,119,0.007,0.045
held_flight_1,27865995,16.641,1,42,292998770.0,14.844,1.419,7,2.959,3.056,1.29900002479553,4.79500007629395,119,2.559,0.043
held_flight_1,27882682,16.687,2,42,293277734.0,14.844,1.419,10,5.982,2.355,2.08999991416931,4.56799983978271,137,2.5,0.046
held_flight_1,27899315,16.633,1,42,293538422.0,14.844,1.419,7,2.929,3.156,1.57299995422363,4.53999996185303,120,2.509,0.043
held_flight_1,27916022,16.707,2,42,293898326.0,14.844,1.419,8,2.957,4.042,1.96099996566772,4.55100011825562,120,2.522,0.046
held_flight_1,27932655,16.633,1,42,293950670.0,14.844,1.419,7,2.978,3.258,3.1470000743866,4.54400014877319,121,2.59,0.044
held_flight_1,27949354,16.699,2,42,294110618.0,14.844,1.419,7,1.89,2.743,2.43600010871887,4.5479998588562,128,1.172,0.046
held_flight_1,27965979,16.625,1,42,294217870.0,14.844,1.419,7,0.385,2.019,1.51900005340576,4.82100009918213,128,0.006,0.044
held_flight_1,27982700,16.721,2,42,294364618.0,14.844,1.419,8,0.436,2.025,1.32000005245209,4.80900001525879,130,0.006,0.046
held_flight_1,27999294,16.594,2,42,294529650.0,14.844,1.419,8,3.679,3.62,1.29700005054474,4.82299995422363,134,0.006,0.046
held_flight_1,28015983,16.689,3,42,294690642.0,14.844,1.419,7,0.464,1.9,2.81699991226196,4.54899978637695,141,0.007,0.046
held_flight_1,28032617,16.634,2,42,294787990.0,14.703,1.445,8,1.139,1.852,1.22399997711182,4.78900003433228,867,0.006,0.045
held_flight_1,28049314,16.697,2,42,294948858.0,14.703,1.445,8,0.424,1.856,1.18400001525879,4.7960000038147,127,0.006,0.047
held_flight_1,28065952,16.638,2,42,295109014.0,14.703,1.445,17,5.174,2.31,1.19599997997284,4.80499982833862,271,2.5,0.043
held_flight_1,28082670,16.718,3,42,295260346.0,14.703,1.445,8,2.985,3.176,1.44500005245209,4.53399991989136,126,2.545,0.048
held_flight_1,28099285,16.615,3,42,295396910.0,14.703,1.445,8,2.918,2.9,1.90100002288818,4.52799987792969,130,2.516,0.044
held_flight_1,28115952,16.667,3,42,295363178.0,14.703,1.445,8,2.828,3.256,1.59800004959106,4.51800012588501,125,2.409,0.058
held_flight_1,28132620,16.668,3,42,295364302.0,14.703,1.445,8,0.391,1.843,1.7960000038147,4.51800012588501,136,0.007,0.048
held_flight_1,28149286,16.666,3,42,295365422.0,14.703,1.445,8,0.397,1.889,1.17599999904633,4.77299976348877,130,0.006,0.048
held_flight_1,28165937,16.651,2,42,295568946.0,14.703,1.445,8,0.388,1.879,1.2059999704361,4.76599979400635,131,0.006,0.049
held_flight_1,28182665,16.728,3,42,295569858.0,14.703,1.445,7,1.959,2.019,1.19500005245209,4.77699995040894,124,0.006,0.046
held_flight_1,28199289,16.624,2,42,295672446.0,14.703,1.445,8,0.409,1.851,1.21800005435944,4.7810001373291,129,0.006,0.043
held_flight_1,28215984,16.695,3,42,295759722.0,14.703,1.445,8,0.758,1.817,1.16299998760223,4.7649998664856,128,0.007,0.046
held_flight_1,28232607,16.623,2,42,295832278.0,14.703,1.445,7,0.384,1.853,1.16100001335144,4.84999990463257,128,0.006,0.047
held_flight_1,28249322,16.715,3,42,295833194.0,14.703,1.445,8,0.465,1.857,1.19000005722046,4.77699995040894,138,0.006,0.048
held_flight_1,28265954,16.632,3,42,295834318.0,14.703,1.445,7,0.395,1.824,1.18599998950958,4.76999998092651,128,0.006,0.044
held_flight_1,28282600,16.646,2,42,296038002.0,14.703,1.445,9,0.404,1.822,1.1599999666214,4.78000020980835,129,0.006,0.049
held_flight_1,28299322,16.722,3,42,296034922.0,14.703,1.445,7,1.951,1.908,1.16700005531311,4.78299999237061,125,0.006,0.045
held_flight_1,28315936,16.614,2,42,296292550.0,14.703,1.445,7,0.4,1.861,1.19900000095367,4.77500009536743,131,0.006,0.042
held_flight_1,28332636,16.7,3,42,296336066.0,14.703,1.445,8,0.474,1.866,1.19500005245209,4.76999998092651,128,0.006,0.045
held_flight_1,28349268,16.632,2,42,296467714.0,14.703,1.445,7,0.672,1.853,1.19500005245209,4.76999998092651,127,0.006,0.042
held_flight_1,28365975,16.707,3,42,296548310.0,14.703,1.445,9,0.494,1.967,1.18700003623962,4.78299999237061,141,0.006,0.046
held_flight_1,28382601,16.626,2,42,296708474.0,14.703,1.445,7,0.401,1.867,1.25699996948242,4.84200000762939,130,0.005,0.043
held_flight_1,28399334,16.733,3,42,296807306.0,14.703,1.445,8,0.442,1.927,1.16999995708466,4.86100006103516,130,0.006,0.047
held_flight_1,28415928,16.594,2,42,296934698.0,14.703,1.445,8,2.015,2.033,1.24600005149841,4.78800010681152,127,0.006,0.044
held_flight_1,28432643,16.715,2,42,297047626.0,14.703,1.445,7,0.527,1.795,1.22300004959106,4.78800010681152,128,0.006,0.047
