phase,time_us,frame_ms,queued,sdf_pages,engine_static_bytes,process_ms,physics_ms,vegetation_us
startup,4346614,206.835,0,0,66003581.0,201.621,1352.182,29
startup,4462841,116.227,0,0,66001173.0,116.064,0.048,8
startup,4466792,3.951,0,0,66003951.0,116.064,0.048,8
startup,4479459,12.667,0,0,66004921.0,116.064,0.048,8
startup,4496127,16.668,0,0,66004017.0,116.064,0.048,8
startup,4512791,16.664,0,0,66007107.0,116.064,0.048,8
startup,4529461,16.67,0,0,66008137.0,116.064,0.048,8
startup,4546127,16.666,0,0,65979451.0,116.064,0.048,8
startup,4562789,16.662,0,0,66007379.0,116.064,0.048,7
startup,4579452,16.663,0,0,66031455.0,116.064,0.048,7
startup,4596121,16.669,0,0,66190047.0,116.064,0.048,8
startup,4612796,16.675,0,0,66190467.0,116.064,0.048,8
startup,4629451,16.655,0,0,66188651.0,116.064,0.048,8
startup,4646143,16.692,0,0,66192481.0,116.064,0.048,8
startup,4662783,16.64,0,0,66190677.0,116.064,0.048,7
startup,4679451,16.668,0,0,66192051.0,116.064,0.048,7
startup,4696116,16.665,0,0,66195517.0,116.064,0.048,7
startup,4712781,16.665,0,0,66196091.0,116.064,0.048,8
startup,4729448,16.667,0,0,66196431.0,116.064,0.048,8
startup,4746114,16.666,0,0,66194327.0,116.064,0.048,9
startup,4762778,16.664,0,0,66198503.0,116.064,0.048,8
startup,4779445,16.667,0,0,66197901.0,116.064,0.048,7
startup,4796207,16.762,0,0,66199679.0,116.064,0.048,8
startup,4812779,16.572,0,0,66210467.0,116.064,0.048,8
startup,4829446,16.667,0,0,66211623.0,116.064,0.048,8
startup,4846110,16.664,0,0,66209009.0,116.064,0.048,7
startup,4862783,16.673,0,0,66209599.0,116.064,0.048,8
startup,4879444,16.661,0,0,66210527.0,116.064,0.048,9
startup,4896109,16.665,0,0,66215367.0,116.064,0.048,8
startup,4912772,16.663,0,0,66212371.0,116.064,0.048,8
startup,4929454,16.682,0,0,66212959.0,116.064,0.048,7
startup,4946104,16.65,0,0,66216667.0,116.064,0.048,8
startup,4962771,16.667,0,0,66214137.0,116.064,0.048,8
startup,4979470,16.699,0,0,66214719.0,116.064,0.048,8
startup,4996107,16.637,0,0,66218431.0,116.064,0.048,8
startup,5012772,16.665,0,0,66215895.0,116.064,0.048,8
startup,5029437,16.665,0,0,66216483.0,3.884,0.085,8
startup,5046102,16.665,0,0,66220651.0,3.884,0.085,8
startup,5062768,16.666,0,0,66217643.0,3.884,0.085,8
startup,5079436,16.668,0,0,66218223.0,3.884,0.085,8
startup,5096107,16.671,0,0,66218803.0,3.884,0.085,8
startup,5112764,16.657,0,0,66219059.0,3.884,0.085,9
startup,5129432,16.668,0,0,66169991.0,3.884,0.085,8
startup,5146098,16.666,0,0,66195415.0,3.884,0.085,7
startup,5162767,16.669,0,0,66197723.0,3.884,0.085,8
startup,5179430,16.663,0,0,66194783.0,3.884,0.085,8
startup,5196098,16.668,0,0,66197113.0,3.884,0.085,8
startup,5212875,16.777,0,0,66199191.0,3.884,0.085,8
startup,5229428,16.553,0,0,66199651.0,3.884,0.085,8
startup,5246093,16.665,0,0,66198853.0,3.884,0.085,8
startup,5262768,16.675,0,0,66199433.0,3.884,0.085,7
startup,5279423,16.655,0,0,66202745.0,3.884,0.085,8
startup,5296090,16.667,0,0,66222869.0,3.884,0.085,8
startup,5312786,16.696,0,0,66224243.0,3.884,0.085,7
startup,5329427,16.641,0,0,66223527.0,3.884,0.085,8
startup,5346088,16.661,0,0,66224609.0,3.884,0.085,9
startup,5362756,16.668,0,0,66227183.0,3.884,0.085,9
startup,5379431,16.675,0,0,66229347.0,3.884,0.085,7
startup,5396089,16.658,0,0,66229941.0,3.884,0.085,8
startup,5412755,16.666,0,0,66229879.0,3.884,0.085,8
startup,5429423,16.668,0,0,66227509.0,3.884,0.085,8
startup,5446085,16.662,0,0,66228089.0,3.884,0.085,8
startup,5462752,16.667,0,0,66232531.0,3.884,0.085,7
startup,5479417,16.665,0,0,66231481.0,3.884,0.085,7
startup,5496082,16.665,0,0,66231759.0,3.884,0.085,8
startup,5512749,16.667,0,0,66236219.0,3.884,0.085,8
startup,5529415,16.666,0,0,66236799.0,3.884,0.085,7
startup,5546082,16.667,0,0,66236915.0,3.884,0.085,7
startup,5562746,16.664,0,0,66236769.0,3.884,0.085,8
startup,5579413,16.667,0,0,66234951.0,3.884,0.085,7
startup,5596079,16.666,0,0,66228399.0,3.884,0.085,8
startup,5612746,16.667,0,0,66226237.0,3.884,0.085,7
startup,5629409,16.663,0,0,66226813.0,3.884,0.085,9
startup,5646078,16.669,0,0,66226871.0,3.884,0.085,7
startup,5662749,16.671,0,0,66227977.0,3.884,0.085,8
startup,5679407,16.658,0,0,66231285.0,3.884,0.085,7
startup,5696075,16.668,0,0,66229133.0,3.884,0.085,8
startup,5712740,16.665,0,0,66230063.0,3.884,0.085,7
startup,5729409,16.669,0,0,66232151.0,3.884,0.085,8
startup,5746072,16.663,0,0,66230873.0,3.884,0.085,7
startup,5762819,16.747,0,0,66232951.0,3.884,0.085,8
startup,5779405,16.586,0,0,66232033.0,3.884,0.085,8
startup,5796070,16.665,0,0,66230495.0,3.884,0.085,8
startup,5812735,16.665,0,0,66235925.0,3.884,0.085,8
startup,5829409,16.674,0,0,66176855.0,3.884,0.085,7
startup,5846077,16.668,4,0,66784651.0,3.884,0.085,23
startup,5862738,16.661,3,0,66699427.0,3.884,0.085,25
startup,5879405,16.667,1,0,67288515.0,3.884,0.085,8
startup,5896119,16.714,0,0,68871799.0,3.884,0.085,2568
startup,5912731,16.612,4,0,69490763.0,3.884,0.085,2382
startup,5929412,16.681,0,0,69853711.0,3.884,0.085,149
startup,5946070,16.658,1,0,70588933.0,3.884,0.085,3378
startup,5962740,16.67,0,0,70845545.0,3.884,0.085,234
startup,5979401,16.661,2,0,71558661.0,3.884,0.085,3774
startup,5996075,16.674,0,0,71814657.0,3.884,0.085,315
startup,6012730,16.655,2,0,72427841.0,3.884,0.085,5767
startup,6029494,16.764,3,0,72755793.0,16.27,0.081,396
startup,6046072,16.578,4,0,73031129.0,16.27,0.081,405
startup,6062739,16.667,4,0,73260121.0,16.27,0.081,396
startup,6079396,16.657,4,0,73543269.0,16.27,0.081,400
startup,6096071,16.675,4,0,73832657.0,16.27,0.081,423
startup,6112733,16.662,4,0,74126741.0,16.27,0.081,394
startup,6129391,16.658,4,0,74187525.0,16.27,0.081,417
startup,6146072,16.681,4,0,74278337.0,16.27,0.081,395
startup,6162731,16.659,4,0,74342805.0,16.27,0.081,416
startup,6179397,16.666,4,0,74395597.0,16.27,0.081,2327
startup,6196063,16.666,4,0,74489421.0,16.27,0.081,1426
startup,6212735,16.672,4,0,74555077.0,16.27,0.081,275
startup,6229388,16.653,4,0,74640969.0,16.27,0.081,2072
startup,6246053,16.665,4,0,74706625.0,16.27,0.081,183
startup,6262720,16.667,4,0,74795977.0,16.27,0.081,1922
startup,6279392,16.672,4,0,74860153.0,16.27,0.081,97
startup,6296064,16.672,4,0,74905773.0,16.27,0.081,1635
startup,6313217,17.153,4,0,75010657.0,16.27,0.081,7
startup,6329384,16.167,4,0,75070001.0,16.27,0.081,7
startup,6346050,16.666,4,0,75173525.0,16.27,0.081,7
startup,6362719,16.669,4,0,75229577.0,16.27,0.081,8
startup,6379382,16.663,4,0,75330009.0,16.27,0.081,7
startup,6396047,16.665,4,0,75388409.0,16.27,0.081,9
startup,6412709,16.662,4,0,75493897.0,16.27,0.081,7
startup,6429382,16.673,4,0,75584981.0,16.27,0.081,8
startup,6446045,16.663,4,0,75649773.0,16.27,0.081,7
startup,6462718,16.673,4,0,75740557.0,16.27,0.081,7
startup,6479376,16.658,4,0,75812725.0,16.27,0.081,7
startup,6496044,16.668,4,0,75903893.0,16.27,0.081,8
startup,6512708,16.664,4,0,75966693.0,16.27,0.081,8
startup,6529374,16.666,4,0,76055441.0,16.27,0.081,7
startup,6546044,16.67,4,0,76117073.0,16.27,0.081,8
startup,6562708,16.664,4,0,76232733.0,16.27,0.081,8
startup,6579373,16.665,4,0,76293513.0,16.27,0.081,7
startup,6596051,16.678,4,0,76388205.0,16.27,0.081,7
startup,6612721,16.67,4,0,76445285.0,16.27,0.081,7
startup,6629388,16.667,4,0,76541101.0,16.27,0.081,9
startup,6646057,16.669,4,0,76595325.0,16.27,0.081,8
startup,6662716,16.659,4,0,76777117.0,16.27,0.081,8
startup,6679394,16.678,4,0,76837669.0,16.27,0.081,8
startup,6696047,16.653,4,0,76935989.0,16.27,0.081,7
startup,6712729,16.682,4,0,76994549.0,16.27,0.081,7
startup,6729369,16.64,4,0,77088893.0,16.27,0.081,9
startup,6746034,16.665,3,0,77157429.0,16.27,0.081,8
startup,6762748,16.714,3,0,77339217.0,16.27,0.081,8
startup,6779381,16.633,4,0,77489601.0,16.27,0.081,8
startup,6796042,16.661,4,0,77708017.0,16.27,0.081,8
startup,6812708,16.666,4,0,77872629.0,16.27,0.081,7
startup,6829394,16.686,4,0,78037197.0,16.27,0.081,8
startup,6846046,16.652,4,0,78447265.0,16.27,0.081,7
startup,6862732,16.686,4,0,78672429.0,16.27,0.081,9
startup,6879364,16.632,4,0,78982061.0,16.27,0.081,9
startup,6896039,16.675,4,0,79217077.0,16.27,0.081,7
startup,6912712,16.673,4,0,79439081.0,16.27,0.081,7
startup,6929371,16.659,4,0,79777117.0,16.27,0.081,8
startup,6946038,16.667,4,0,79979829.0,16.27,0.081,7
startup,6962698,16.66,4,0,80203213.0,16.27,0.081,7
startup,6979356,16.658,4,0,79740229.0,16.27,0.081,7
startup,6996029,16.673,4,0,79740777.0,16.27,0.081,8
startup,7012696,16.667,4,0,79878905.0,16.27,0.081,7
startup,7029355,16.659,4,0,79923533.0,7.449,0.073,8
startup,7046029,16.674,4,0,79994953.0,7.449,0.073,8
startup,7062696,16.667,4,0,79995533.0,7.449,0.073,8
startup,7079352,16.656,4,0,80116381.0,7.449,0.073,7
startup,7096025,16.673,4,0,80178841.0,7.449,0.073,7
startup,7112696,16.671,4,0,80236013.0,7.449,0.073,8
startup,7129365,16.669,4,0,80344877.0,7.449,0.073,8
startup,7146027,16.662,4,0,80405533.0,7.449,0.073,8
startup,7162686,16.659,4,0,80472725.0,7.449,0.073,8
startup,7179353,16.667,4,0,80563673.0,7.449,0.073,7
startup,7196013,16.66,4,0,80656229.0,7.449,0.073,7
startup,7212682,16.669,4,0,80718857.0,7.449,0.073,8
startup,7229351,16.669,4,0,80835897.0,7.449,0.073,7
startup,7246021,16.67,4,0,80901133.0,7.449,0.073,8
startup,7262686,16.665,4,0,80960297.0,7.449,0.073,8
startup,7279344,16.658,4,0,81079001.0,7.449,0.073,7
startup,7296016,16.672,4,0,81158629.0,7.449,0.073,8
startup,7312679,16.663,4,0,81227993.0,7.449,0.073,7
startup,7329343,16.664,4,0,81369569.0,7.449,0.073,9
startup,7346009,16.666,4,0,81464881.0,7.449,0.073,8
startup,7362674,16.665,4,0,81547413.0,7.449,0.073,8
startup,7379343,16.669,4,0,81673577.0,7.449,0.073,8
startup,7396017,16.674,4,0,81808617.0,7.449,0.073,8
startup,7412681,16.664,4,0,81885093.0,7.449,0.073,8
startup,7429341,16.66,4,0,81958017.0,7.449,0.073,8
startup,7446011,16.67,4,0,82024985.0,7.449,0.073,8
startup,7462668,16.657,4,0,82146433.0,7.449,0.073,8
startup,7479334,16.666,4,0,82219565.0,7.449,0.073,7
startup,7496005,16.671,4,0,82394145.0,7.449,0.073,7
startup,7512672,16.667,4,0,82413641.0,7.449,0.073,7
startup,7529342,16.67,4,0,82504645.0,7.449,0.073,8
startup,7546006,16.664,4,0,82589769.0,7.449,0.073,7
startup,7562667,16.661,4,0,82725169.0,7.449,0.073,7
startup,7579336,16.669,4,0,82832037.0,7.449,0.073,7
startup,7595995,16.659,4,0,82916709.0,7.449,0.073,7
startup,7612670,16.675,4,0,83028145.0,7.449,0.073,7
startup,7629330,16.66,4,0,83108961.0,7.449,0.073,8
startup,7645997,16.667,4,0,83235501.0,7.449,0.073,7
startup,7662663,16.666,4,0,83309217.0,7.449,0.073,8
startup,7679345,16.682,4,0,83375309.0,7.449,0.073,8
startup,7696100,16.755,4,0,83486041.0,7.449,0.073,7
startup,7712659,16.559,4,0,83552145.0,7.449,0.073,7
startup,7729335,16.676,4,0,83612141.0,7.449,0.073,7
startup,7745995,16.66,4,0,83741825.0,7.449,0.073,7
startup,7762661,16.666,4,0,83816657.0,7.449,0.073,10
startup,7779329,16.668,4,0,83902001.0,7.449,0.073,7
startup,7795989,16.66,1,0,84035589.0,7.449,0.073,7
startup,7812653,16.664,5,0,84468061.0,7.449,0.073,5757
startup,7829327,16.674,6,0,84697677.0,7.449,0.073,71
startup,7846002,16.675,6,0,85075101.0,7.449,0.073,70
startup,7862666,16.664,6,0,85330517.0,7.449,0.073,78
startup,7879381,16.715,6,0,85624701.0,7.449,0.073,76
startup,7895995,16.614,6,0,85842953.0,7.449,0.073,73
startup,7912664,16.669,6,0,86110729.0,7.449,0.073,71
startup,7929323,16.659,6,0,86491781.0,7.449,0.073,74
startup,7946000,16.677,6,0,86767577.0,7.449,0.073,77
startup,7962666,16.666,6,0,87029621.0,7.449,0.073,75
startup,7979336,16.67,6,0,87315149.0,7.449,0.073,72
startup,7995995,16.659,6,0,87664577.0,7.449,0.073,76
startup,8012656,16.661,6,0,87895965.0,7.449,0.073,72
startup,8029327,16.671,6,0,88249304.0,11.73,0.107,73
startup,8045989,16.662,6,0,88223202.0,11.73,0.107,98
startup,8062647,16.658,6,0,88353266.0,11.73,0.107,71
startup,8079310,16.663,6,0,88414686.0,11.73,0.107,74
startup,8095983,16.673,6,0,88507706.0,11.73,0.107,1161
startup,8112651,16.668,6,0,88566358.0,11.73,0.107,8
startup,8129308,16.657,6,0,88736226.0,11.73,0.107,8
startup,8145975,16.667,6,0,88807986.0,11.73,0.107,7
startup,8162650,16.675,6,0,88867818.0,11.73,0.107,8
startup,8179311,16.661,6,0,88981234.0,11.73,0.107,7
startup,8195998,16.687,6,0,89037810.0,11.73,0.107,7
startup,8212636,16.638,6,0,89167182.0,11.73,0.107,7
startup,8229328,16.692,6,0,89276310.0,11.73,0.107,7
startup,8245974,16.646,6,0,89416742.0,11.73,0.107,7
startup,8262638,16.664,6,0,89487034.0,11.73,0.107,7
startup,8279306,16.668,6,0,89583618.0,11.73,0.107,7
startup,8295970,16.664,6,0,89644586.0,11.73,0.107,7
startup,8312643,16.673,6,0,89746506.0,11.73,0.107,7
startup,8329311,16.668,6,0,89843602.0,11.73,0.107,8
startup,8345972,16.661,6,0,90046834.0,11.73,0.107,8
startup,8362654,16.682,6,0,90079518.0,11.73,0.107,7
startup,8379307,16.653,6,0,90212318.0,11.73,0.107,7
startup,8395965,16.658,6,0,90236922.0,11.73,0.107,7
startup,8412642,16.677,6,0,90324522.0,11.73,0.107,7
startup,8429303,16.661,6,0,90388618.0,11.73,0.107,8
startup,8445968,16.665,6,0,90511690.0,11.73,0.107,8
startup,8462632,16.664,6,0,90576530.0,11.73,0.107,7
startup,8479305,16.673,6,0,90671478.0,11.73,0.107,7
startup,8495961,16.656,6,0,90733786.0,11.73,0.107,8
startup,8512626,16.665,6,0,90821846.0,11.73,0.107,7
startup,8529304,16.678,5,0,90883970.0,11.73,0.107,7
startup,8545962,16.658,5,0,91169894.0,11.73,0.107,8
startup,8562625,16.663,5,0,91503686.0,11.73,0.107,8
startup,8579297,16.672,5,0,91739138.0,11.73,0.107,7
startup,8595959,16.662,5,0,92063002.0,11.73,0.107,7
startup,8612628,16.669,5,0,92327478.0,11.73,0.107,7
startup,8629288,16.66,5,0,92595934.0,11.73,0.107,8
startup,8645967,16.679,5,0,92885866.0,11.73,0.107,7
startup,8662621,16.654,5,0,93166126.0,11.73,0.107,8
startup,8679304,16.683,5,0,93430966.0,11.73,0.107,7
startup,8695955,16.651,5,0,93735878.0,11.73,0.107,8
startup,8712638,16.683,5,0,94009998.0,11.73,0.107,7
startup,8729285,16.647,5,0,94372578.0,11.73,0.107,7
startup,8745959,16.674,5,0,94619214.0,11.73,0.107,8
startup,8762622,16.663,5,0,94191262.0,11.73,0.107,8
startup,8779287,16.665,5,0,94296182.0,11.73,0.107,7
startup,8795950,16.663,5,0,94359810.0,11.73,0.107,7
startup,8812615,16.665,5,0,94463714.0,11.73,0.107,7
startup,8829281,16.666,5,0,94584158.0,11.73,0.107,8
startup,8845951,16.67,5,0,94636734.0,11.73,0.107,7
startup,8862616,16.665,5,0,94742394.0,11.73,0.107,8
startup,8879289,16.673,5,0,94855402.0,11.73,0.107,7
startup,8895946,16.657,5,0,94892222.0,11.73,0.107,7
startup,8912614,16.668,5,0,95025434.0,11.73,0.107,7
startup,8929277,16.663,5,0,95118294.0,11.73,0.107,7
startup,8945946,16.669,5,0,95171582.0,11.73,0.107,7
startup,8962608,16.662,5,0,95272094.0,11.73,0.107,7
startup,8979277,16.669,5,0,95456754.0,11.73,0.107,7
startup,8995943,16.666,5,0,95487610.0,11.73,0.107,7
startup,9012605,16.662,5,0,95561386.0,11.73,0.107,7
startup,9029273,16.668,5,0,95672590.0,11.585,0.075,8
startup,9045954,16.681,5,0,95733642.0,11.585,0.075,7
startup,9062607,16.653,5,0,95853518.0,11.585,0.075,7
startup,9079270,16.663,5,0,95975286.0,11.585,0.075,8
startup,9095946,16.676,5,0,96071382.0,11.585,0.075,8
startup,9112605,16.659,5,0,96181586.0,11.585,0.075,7
startup,9129271,16.666,5,0,96242130.0,11.585,0.075,7
startup,9145937,16.666,5,0,96347422.0,11.585,0.075,7
startup,9162602,16.665,5,0,96457106.0,11.585,0.075,8
startup,9179269,16.667,5,0,96629966.0,11.585,0.075,8
startup,9195936,16.667,5,0,96756994.0,11.585,0.075,8
startup,9212599,16.663,5,0,96848914.0,11.585,0.075,7
startup,9229263,16.664,5,0,96978934.0,11.585,0.075,8
startup,9245932,16.669,5,0,97113766.0,11.585,0.075,7
startup,9262601,16.669,5,0,97198602.0,11.585,0.075,7
startup,9279263,16.662,5,0,97346738.0,11.585,0.075,8
startup,9295927,16.664,5,0,97408106.0,11.585,0.075,8
startup,9312604,16.677,4,0,97668826.0,11.585,0.075,8
startup,9329262,16.658,2,0,98429914.0,11.585,0.075,8
startup,9345927,16.665,0,0,98671466.0,11.585,0.075,7
startup,9362603,16.676,0,0,99135002.0,11.585,0.075,4812
startup,9379261,16.658,3,0,99689974.0,11.585,0.075,4358
startup,9395934,16.673,2,0,100272714.0,11.585,0.075,103
startup,9412598,16.664,0,0,100799886.0,11.585,0.075,102
startup,9429268,16.67,0,0,101187846.0,11.585,0.075,7831
startup,9445930,16.662,1,0,101727388.0,11.585,0.075,5306
startup,9462605,16.675,0,0,102129092.0,11.585,0.075,176
startup,9479266,16.661,3,0,102824420.0,11.585,0.075,7259
startup,9495935,16.669,0,0,103094804.0,11.585,0.075,226
startup,9512591,16.656,2,0,103664202.0,11.585,0.075,6788
startup,9529260,16.669,0,0,103907666.0,11.585,0.075,275
startup,9548323,19.063,3,0,104235169.0,11.585,0.075,7880
startup,9562589,14.266,2,0,104840897.0,11.585,0.075,290
startup,9579259,16.67,0,0,105196105.0,11.585,0.075,273
startup,9595932,16.673,0,0,105657027.0,11.585,0.075,7224
startup,9612598,16.666,3,0,106442857.0,11.585,0.075,6443
startup,9629264,16.666,2,0,107078205.0,11.585,0.075,284
startup,9645918,16.654,0,0,107128205.0,11.585,0.075,1529
startup,9662571,16.653,0,0,107497951.0,11.585,0.075,7668
startup,9679243,16.672,1,0,107955803.0,11.585,0.075,7501
startup,9695929,16.686,0,0,108330615.0,11.585,0.075,190
startup,9712583,16.654,1,0,108896393.0,11.585,0.075,8450
startup,9729263,16.68,0,0,109260713.0,11.585,0.075,515
startup,9745904,16.641,1,0,109805543.0,11.585,0.075,8175
startup,9762591,16.687,0,0,110032387.0,11.585,0.075,1054
startup,9779234,16.643,1,0,110582199.0,11.585,0.075,8586
startup,9795928,16.694,0,0,110848131.0,11.585,0.075,860
startup,9814246,18.318,1,0,111394615.0,11.585,0.075,10770
startup,9829254,15.008,0,0,111648163.0,11.585,0.075,199
startup,9845903,16.649,3,0,112157397.0,11.585,0.075,9112
startup,9862588,16.685,3,0,112853349.0,11.585,0.075,18
startup,9879246,16.658,1,0,113285809.0,11.585,0.075,211
startup,9896146,16.9,1,0,113849573.0,11.585,0.075,9760
startup,9912573,16.427,3,0,114449709.0,11.585,0.075,7
startup,9929232,16.659,2,0,115030835.0,11.585,0.075,9313
startup,9945900,16.668,0,0,115566851.0,11.585,0.075,8
startup,9963314,17.414,0,0,116025255.0,11.585,0.075,10758
startup,9982337,19.023,2,0,116774679.0,11.585,0.075,10332
startup,9995900,13.563,2,0,117026771.0,11.585,0.075,10
startup,10012574,16.674,1,0,118075291.0,11.585,0.075,7
startup,10029772,17.198,1,0,118421147.0,18.96,0.068,11262
startup,10045904,16.132,4,0,118849726.0,18.96,0.068,9
startup,10062561,16.657,3,0,119352525.0,18.96,0.068,10281
startup,10079233,16.672,3,0,119818245.0,18.96,0.068,8
startup,10095908,16.675,0,0,120463885.0,18.96,0.068,8
startup,10114871,18.963,4,0,121129549.0,18.96,0.068,11599
startup,10129232,14.361,3,0,121577797.0,18.96,0.068,8
startup,10145908,16.676,3,0,122023561.0,18.96,0.068,7
startup,10162576,16.668,0,0,122511873.0,18.96,0.068,8
startup,10182673,20.097,4,0,123381077.0,18.96,0.068,12465
startup,10195895,13.222,4,0,123917709.0,18.96,0.068,8
startup,10212563,16.668,3,0,124380205.0,18.96,0.068,7
startup,10229232,16.669,0,0,124877881.0,18.96,0.068,9
startup,10248664,19.432,4,0,125722787.0,18.96,0.068,11965
startup,10262563,13.899,4,0,126166647.0,18.96,0.068,7
startup,10279223,16.66,3,0,126721327.0,18.96,0.068,8
startup,10295900,16.677,0,0,127259667.0,18.96,0.068,8
startup,10314691,18.791,4,0,128249825.0,18.96,0.068,11981
startup,10329220,14.529,4,0,128678609.0,18.96,0.068,8
startup,10345893,16.673,3,0,129390557.0,18.96,0.068,8
startup,10362564,16.671,0,0,129841441.0,18.96,0.068,7
startup,10381903,19.339,3,0,130373185.0,18.96,0.068,12806
startup,10395884,13.981,3,0,130886609.0,18.96,0.068,9
startup,10412557,16.673,3,0,131533577.0,18.96,0.068,7
startup,10429226,16.669,0,0,131997601.0,18.96,0.068,7
startup,10448832,19.606,3,0,132713161.0,18.96,0.068,12952
startup,10462563,13.731,3,0,133221921.0,18.96,0.068,9
startup,10479223,16.66,3,0,133797721.0,18.96,0.068,8
startup,10495903,16.68,3,0,134082925.0,18.96,0.068,8
startup,10512555,16.652,4,0,134484953.0,18.96,0.068,8
startup,10529234,16.679,4,0,134811529.0,18.96,0.068,9
startup,10545884,16.65,4,0,135128589.0,18.96,0.068,7
startup,10562566,16.682,4,0,135486661.0,18.96,0.068,8
startup,10579222,16.656,4,0,135888941.0,18.96,0.068,8
startup,10595882,16.66,4,0,136189969.0,18.96,0.068,7
startup,10612559,16.677,4,0,136609749.0,18.96,0.068,7
startup,10629227,16.668,4,0,136966845.0,18.96,0.068,9
startup,10645887,16.66,4,0,137303081.0,18.96,0.068,7
startup,10662565,16.678,1,0,137538433.0,18.96,0.068,8
startup,10684881,22.316,5,0,138020041.0,18.96,0.068,14847
startup,10695896,11.015,6,0,138256025.0,18.96,0.068,9
startup,10712774,16.878,5,0,138533221.0,18.96,0.068,7
startup,10729220,16.446,5,0,138887853.0,18.96,0.068,8
startup,10745920,16.7,5,0,139206721.0,18.96,0.068,8
startup,10762558,16.638,5,0,139511529.0,18.96,0.068,9
startup,10779222,16.664,5,0,139763429.0,18.96,0.068,7
startup,10795882,16.66,5,0,140035797.0,18.96,0.068,9
startup,10812544,16.662,5,0,140333229.0,18.96,0.068,7
startup,10829225,16.681,5,0,140549009.0,18.96,0.068,31
startup,10845881,16.656,5,0,140884505.0,18.96,0.068,7
startup,10862544,16.663,5,0,141209689.0,18.96,0.068,8
startup,10879209,16.665,5,0,141556857.0,18.96,0.068,7
startup,10895886,16.677,5,0,141844705.0,18.96,0.068,9
startup,10912549,16.663,5,0,142135841.0,18.96,0.068,7
startup,10929213,16.664,5,0,142405053.0,18.96,0.068,8
startup,10945878,16.665,5,0,142681165.0,18.96,0.068,7
startup,10962553,16.675,5,0,142933185.0,18.96,0.068,9
startup,10979198,16.645,5,0,143261941.0,18.96,0.068,8
startup,10995868,16.67,5,0,143568277.0,18.96,0.068,7
startup,11012537,16.669,5,0,143866805.0,18.96,0.068,13
startup,11029269,16.732,5,0,144257125.0,22.167,0.281,8
startup,11045878,16.609,5,0,144562949.0,22.167,0.281,7
startup,11062537,16.659,5,0,144859873.0,22.167,0.281,8
startup,11079199,16.662,5,0,145135701.0,22.167,0.281,7
startup,11095871,16.672,5,0,145495553.0,22.167,0.281,8
startup,11112537,16.666,5,0,145737633.0,22.167,0.281,8
startup,11129203,16.666,5,0,146065001.0,22.167,0.281,9
startup,11145876,16.673,5,0,146365405.0,22.167,0.281,7
startup,11162530,16.654,5,0,146685469.0,22.167,0.281,8
startup,11179201,16.671,5,0,146918089.0,22.167,0.281,8
startup,11195865,16.664,5,0,147292401.0,22.167,0.281,9
startup,11212536,16.671,5,0,147609405.0,22.167,0.281,7
startup,11229191,16.655,5,0,147874581.0,22.167,0.281,8
startup,11245862,16.671,5,0,148192853.0,22.167,0.281,8
startup,11262532,16.67,5,0,148425009.0,22.167,0.281,8
startup,11279201,16.669,5,0,148768153.0,22.167,0.281,7
startup,11295881,16.68,5,0,149092385.0,22.167,0.281,8
startup,11312519,16.638,5,0,149405529.0,22.167,0.281,8
startup,11329199,16.68,5,0,149771689.0,22.167,0.281,8
startup,11345858,16.659,5,0,150199189.0,22.167,0.281,7
startup,11362520,16.662,5,0,150509397.0,22.167,0.281,9
startup,11379202,16.682,5,0,150735145.0,22.167,0.281,7
startup,11395855,16.653,5,0,151044225.0,22.167,0.281,9
startup,11412522,16.667,5,0,151309785.0,22.167,0.281,7
startup,11429194,16.672,5,0,151650581.0,22.167,0.281,8
startup,11445853,16.659,5,0,152057861.0,22.167,0.281,7
startup,11462517,16.664,5,0,152417241.0,22.167,0.281,8
startup,11479195,16.678,5,0,152643337.0,22.167,0.281,9
startup,11495857,16.662,5,0,152956521.0,22.167,0.281,9
startup,11512514,16.657,5,0,153217101.0,22.167,0.281,7
startup,11529179,16.665,4,0,153489353.0,22.167,0.281,8
startup,11545856,16.677,4,0,153652505.0,22.167,0.281,7
startup,11562515,16.659,4,0,153976197.0,22.167,0.281,8
startup,11579188,16.673,4,0,154167869.0,22.167,0.281,8
startup,11595850,16.662,4,0,154554737.0,22.167,0.281,8
startup,11612510,16.66,4,0,154921233.0,22.167,0.281,7
startup,11629169,16.659,4,0,155181137.0,22.167,0.281,7
startup,11645838,16.669,4,0,155478901.0,22.167,0.281,7
startup,11662504,16.666,4,0,155647137.0,22.167,0.281,7
startup,11679176,16.672,4,0,156016313.0,22.167,0.281,7
startup,11695840,16.664,4,0,156269945.0,22.167,0.281,10
startup,11712503,16.663,4,0,156544881.0,22.167,0.281,7
startup,11729174,16.671,4,0,156721205.0,22.167,0.281,7
startup,11745842,16.668,4,0,156963857.0,22.167,0.281,7
startup,11762525,16.683,4,0,157147249.0,22.167,0.281,8
startup,11779172,16.647,4,0,157301417.0,22.167,0.281,7
startup,11795841,16.669,4,0,157818377.0,22.167,0.281,8
startup,11812494,16.653,4,0,158115745.0,22.167,0.281,7
startup,11829160,16.666,4,0,158420793.0,22.167,0.281,7
startup,11845838,16.678,4,0,158629957.0,22.167,0.281,11
startup,11862507,16.669,4,0,158926609.0,22.167,0.281,7
startup,11879165,16.658,4,0,159255601.0,22.167,0.281,8
startup,11895828,16.663,4,0,159514377.0,22.167,0.281,8
startup,11912680,16.852,4,0,158912893.0,22.167,0.281,7
startup,11929167,16.487,4,0,158913173.0,22.167,0.281,7
startup,11945832,16.665,4,0,158913765.0,22.167,0.281,8
startup,11962499,16.667,4,0,158914357.0,22.167,0.281,8
startup,11979167,16.668,4,0,158914949.0,22.167,0.281,8
startup,11995823,16.656,4,0,159104385.0,22.167,0.281,7
startup,12012486,16.663,4,0,159161845.0,22.167,0.281,7
startup,12029156,16.67,4,0,159236925.0,7.75,0.07,7
startup,12045828,16.672,4,0,159301013.0,7.75,0.07,7
startup,12062487,16.659,4,0,159413373.0,7.75,0.07,8
startup,12079154,16.667,4,0,159500137.0,7.75,0.07,8
startup,12095822,16.668,4,0,159590653.0,7.75,0.07,8
startup,12112485,16.663,4,0,159659413.0,7.75,0.07,8
startup,12129160,16.675,4,0,159659993.0,7.75,0.07,7
startup,12145823,16.663,4,0,159660573.0,7.75,0.07,8
startup,12162493,16.67,4,0,159661149.0,7.75,0.07,7
startup,12179156,16.663,4,0,159661729.0,7.75,0.07,8
startup,12195821,16.665,4,0,159662309.0,7.75,0.07,8
startup,12212477,16.656,4,0,159871341.0,7.75,0.07,8
startup,12229153,16.676,4,0,159880621.0,7.75,0.07,7
startup,12245816,16.663,4,0,159930041.0,7.75,0.07,7
startup,12262479,16.663,4,0,160055361.0,7.75,0.07,8
startup,12279142,16.663,4,0,160149189.0,7.75,0.07,7
startup,12295815,16.673,4,0,160238201.0,7.75,0.07,7
startup,12312475,16.66,4,0,160327529.0,7.75,0.07,7
startup,12329143,16.668,4,0,160470909.0,7.75,0.07,7
startup,12345819,16.676,4,0,160480189.0,7.75,0.07,8
startup,12362480,16.661,4,0,160480769.0,7.75,0.07,8
startup,12379154,16.674,4,0,160481349.0,7.75,0.07,8
startup,12395815,16.661,4,0,160481929.0,7.75,0.07,8
startup,12412483,16.668,4,0,160482509.0,7.75,0.07,7
startup,12429139,16.656,4,0,160679441.0,7.75,0.07,7
startup,12445813,16.674,4,0,160680021.0,7.75,0.07,7
startup,12462469,16.656,4,0,160782093.0,7.75,0.07,7
startup,12479134,16.665,4,0,160857081.0,7.75,0.07,8
startup,12495812,16.678,4,0,161036169.0,7.75,0.07,8
startup,12512470,16.658,4,0,161066125.0,7.75,0.07,7
startup,12529135,16.665,4,0,161161089.0,7.75,0.07,7
startup,12545804,16.669,4,0,161237037.0,7.75,0.07,7
startup,12562474,16.67,4,0,161237613.0,7.75,0.07,7
startup,12579140,16.666,4,0,161238193.0,7.75,0.07,7
startup,12595803,16.663,4,0,161424869.0,7.75,0.07,8
startup,12612482,16.679,4,0,161432409.0,7.75,0.07,7
startup,12629129,16.647,4,0,161570985.0,7.75,0.07,8
startup,12645792,16.663,4,0,161668741.0,7.75,0.07,8
startup,12662467,16.675,4,0,161792241.0,7.75,0.07,8
startup,12679131,16.664,4,0,161861129.0,7.75,0.07,7
startup,12695802,16.671,4,0,161961965.0,7.75,0.07,8
startup,12712458,16.656,4,0,162037565.0,7.75,0.07,7
startup,12729124,16.666,4,0,162105101.0,7.75,0.07,7
startup,12745794,16.67,4,0,162218769.0,7.75,0.07,8
startup,12762460,16.666,4,0,162287357.0,7.75,0.07,8
startup,12779139,16.679,4,0,162344117.0,7.75,0.07,7
startup,12795794,16.655,4,0,162447017.0,7.75,0.07,8
startup,12812455,16.661,4,0,162556861.0,7.75,0.07,8
startup,12829121,16.666,4,0,162628881.0,7.75,0.07,7
startup,12845789,16.668,4,0,162755409.0,7.75,0.07,8
startup,12862465,16.676,4,0,162822041.0,7.75,0.07,8
startup,12879122,16.657,4,0,162877197.0,7.75,0.07,8
startup,12895790,16.668,4,0,163007209.0,7.75,0.07,8
startup,12912452,16.662,3,0,163101637.0,7.75,0.07,8
startup,12929119,16.667,3,0,163360793.0,7.75,0.07,7
startup,12945790,16.671,4,0,163644513.0,7.75,0.07,7
startup,12962449,16.659,4,0,163740905.0,7.75,0.07,7
startup,12979120,16.671,4,0,164029797.0,7.75,0.07,8
startup,12995787,16.667,4,0,164382389.0,7.75,0.07,8
startup,13012447,16.66,4,0,164621709.0,7.75,0.07,8
startup,13029117,16.67,4,0,164900365.0,5.913,0.069,7
startup,13045791,16.674,4,0,165140813.0,5.913,0.069,8
startup,13062447,16.656,4,0,165381729.0,5.913,0.069,8
startup,13079114,16.667,4,0,165686861.0,5.913,0.069,8
startup,13095787,16.673,4,0,165994241.0,5.913,0.069,7
startup,13112447,16.66,4,0,166245009.0,5.913,0.069,8
startup,13129116,16.669,4,0,166529181.0,5.913,0.069,8
startup,13145777,16.661,4,0,166802753.0,5.913,0.069,8
startup,13162450,16.673,4,0,167082089.0,5.913,0.069,8
startup,13179104,16.654,4,0,166829365.0,5.913,0.069,8
startup,13195776,16.672,4,0,166960953.0,5.913,0.069,9
startup,13212440,16.664,4,0,166990305.0,5.913,0.069,7
startup,13229107,16.667,4,0,167084385.0,5.913,0.069,8
startup,13245781,16.674,4,0,167148557.0,5.913,0.069,7
startup,13262442,16.661,4,0,167237625.0,5.913,0.069,8
startup,13279099,16.657,4,0,167302721.0,5.913,0.069,7
startup,13295771,16.672,4,0,167394473.0,5.913,0.069,7
startup,13312436,16.665,4,0,167460209.0,5.913,0.069,8
startup,13329105,16.669,4,0,167553405.0,5.913,0.069,7
startup,13345767,16.662,4,0,167618761.0,5.913,0.069,7
startup,13362433,16.666,4,0,167712765.0,5.913,0.069,7
startup,13379099,16.666,4,0,167771033.0,5.913,0.069,7
startup,13395771,16.672,4,0,167871645.0,5.913,0.069,7
startup,13412434,16.663,4,0,167959893.0,5.913,0.069,8
startup,13429097,16.663,4,0,168029437.0,5.913,0.069,8
startup,13445769,16.672,4,0,168081049.0,5.913,0.069,8
startup,13462428,16.659,4,0,168184673.0,5.913,0.069,8
startup,13479099,16.671,4,0,168279645.0,5.913,0.069,7
startup,13495764,16.665,4,0,168342765.0,5.913,0.069,8
startup,13512429,16.665,4,0,168438633.0,5.913,0.069,7
startup,13529095,16.666,4,0,168504181.0,5.913,0.069,8
startup,13545758,16.663,4,0,168604569.0,5.913,0.069,7
startup,13562426,16.668,4,0,168664877.0,5.913,0.069,8
startup,13579089,16.663,4,0,168758609.0,5.913,0.069,7
startup,13595759,16.67,3,0,168854305.0,5.913,0.069,7
startup,13612429,16.67,4,0,169227601.0,5.913,0.069,7
startup,13629095,16.666,4,0,169474045.0,5.913,0.069,8
startup,13645752,16.657,4,0,169798913.0,5.913,0.069,7
startup,13662419,16.667,4,0,170053613.0,5.913,0.069,7
startup,13679094,16.675,4,0,170404389.0,5.913,0.069,8
startup,13695765,16.671,4,0,170631341.0,5.913,0.069,8
startup,13712421,16.656,4,0,170921045.0,5.913,0.069,7
startup,13729083,16.662,4,0,171253565.0,5.913,0.069,8
startup,13745752,16.669,4,0,171578077.0,5.913,0.069,8
startup,13762421,16.669,4,0,171955901.0,5.913,0.069,7
startup,13779089,16.668,4,0,172262765.0,5.913,0.069,7
startup,13795758,16.669,4,0,172538737.0,5.913,0.069,8
startup,13812415,16.657,4,0,172115833.0,5.913,0.069,8
startup,13829085,16.67,4,0,172264537.0,5.913,0.069,7
startup,13845774,16.689,4,0,172397553.0,5.913,0.069,8
startup,13862415,16.641,4,0,172550413.0,5.913,0.069,8
startup,13879088,16.673,4,0,172616373.0,5.913,0.069,7
startup,13895751,16.663,4,0,172730209.0,5.913,0.069,9
startup,13912413,16.662,4,0,172824669.0,5.913,0.069,7
startup,13929078,16.665,4,0,172971297.0,5.913,0.069,8
startup,13945750,16.672,4,0,173057509.0,5.913,0.069,8
startup,13962411,16.661,4,0,173154317.0,5.913,0.069,7
startup,13979078,16.667,4,0,173215693.0,5.913,0.069,7
startup,13995742,16.664,4,0,173380125.0,5.913,0.069,7
startup,14012408,16.666,4,0,173456381.0,5.913,0.069,7
startup,14029077,16.669,4,0,173551777.0,9.0,0.076,7
startup,14045748,16.671,4,0,173612149.0,9.0,0.076,7
startup,14062408,16.66,4,0,173710041.0,9.0,0.076,8
startup,14079072,16.664,4,0,173771969.0,9.0,0.076,8
startup,14095741,16.669,4,0,173869149.0,9.0,0.076,8
startup,14112413,16.672,4,0,173929977.0,9.0,0.076,7
startup,14129072,16.659,4,0,174025489.0,9.0,0.076,8
startup,14145738,16.666,4,0,174084745.0,9.0,0.076,7
startup,14162405,16.667,4,0,174181041.0,9.0,0.076,8
startup,14179073,16.668,4,0,174243185.0,9.0,0.076,8
startup,14195739,16.666,4,0,174342841.0,9.0,0.076,7
startup,14212400,16.661,4,0,174410761.0,9.0,0.076,8
startup,14229068,16.668,4,0,174503953.0,9.0,0.076,7
startup,14245729,16.661,4,0,174567009.0,9.0,0.076,7
startup,14262413,16.684,4,0,174619757.0,9.0,0.076,8
startup,14279072,16.659,4,0,174732349.0,9.0,0.076,11
startup,14295734,16.662,4,0,174789657.0,9.0,0.076,12
startup,14312393,16.659,4,0,174890505.0,9.0,0.076,7
startup,14329062,16.669,1,0,174994073.0,9.0,0.076,8
startup,14349969,20.907,5,0,175466495.0,9.0,0.076,13569
startup,14362388,12.419,6,0,175842219.0,9.0,0.076,8
startup,14379069,16.681,6,0,176163271.0,9.0,0.076,8
startup,14395732,16.663,6,0,176513687.0,9.0,0.076,8
startup,14412393,16.661,6,0,176804187.0,9.0,0.076,8
startup,14429069,16.676,6,0,177114723.0,9.0,0.076,7
startup,14445725,16.656,6,0,177354039.0,9.0,0.076,7
startup,14462390,16.665,6,0,177747339.0,9.0,0.076,8
startup,14479059,16.669,6,0,177989443.0,9.0,0.076,8
startup,14495721,16.662,6,0,178344183.0,9.0,0.076,8
startup,14512395,16.674,5,0,178628527.0,9.0,0.076,8
startup,14529053,16.658,5,0,178935115.0,9.0,0.076,8
startup,14545721,16.668,5,0,179250875.0,9.0,0.076,8
startup,14562384,16.663,4,0,178821815.0,9.0,0.076,8
startup,14579058,16.674,4,0,179062111.0,9.0,0.076,8
startup,14595717,16.659,4,0,179393927.0,9.0,0.076,8
startup,14612382,16.665,4,0,179673167.0,9.0,0.076,7
startup,14629050,16.668,4,0,179774983.0,9.0,0.076,7
startup,14645714,16.664,4,0,179964843.0,9.0,0.076,7
startup,14662390,16.676,4,0,180062271.0,9.0,0.076,7
startup,14679051,16.661,4,0,180198143.0,9.0,0.076,8
startup,14695714,16.663,4,0,180288515.0,9.0,0.076,8
startup,14712380,16.666,4,0,180410367.0,9.0,0.076,7
startup,14729044,16.664,3,0,180491347.0,9.0,0.076,8
startup,14745711,16.667,4,0,180791031.0,9.0,0.076,10
startup,14762377,16.666,4,0,181048587.0,9.0,0.076,8
startup,14779053,16.676,3,0,181424195.0,9.0,0.076,7
startup,14795714,16.661,3,0,181535747.0,9.0,0.076,8
startup,14812390,16.676,1,0,181647263.0,9.0,0.076,7
startup,14831540,19.15,2,0,181995689.0,9.0,0.076,13786
startup,14845705,14.165,5,0,182076597.0,9.0,0.076,7
startup,14862376,16.671,4,0,182236733.0,9.0,0.076,8
startup,14879041,16.665,4,0,182418597.0,9.0,0.076,8
startup,14895711,16.67,4,0,182491169.0,9.0,0.076,8
startup,14912380,16.669,4,0,182676617.0,9.0,0.076,7
startup,14929044,16.664,4,0,182776113.0,9.0,0.076,8
startup,14945701,16.657,4,0,182898293.0,9.0,0.076,7
startup,14962376,16.675,4,0,183016165.0,9.0,0.076,7
startup,14979039,16.663,4,0,183203617.0,9.0,0.076,8
startup,14995706,16.667,4,0,183303901.0,9.0,0.076,8
startup,15012365,16.659,4,0,183452813.0,9.0,0.076,8
startup,15029039,16.674,4,0,183524037.0,20.778,0.065,7
startup,15045732,16.693,2,0,183646933.0,20.778,0.065,8
startup,15065366,19.634,3,0,183973645.0,20.778,0.065,13916
startup,15079040,13.674,4,0,184335261.0,20.778,0.065,8
startup,15095706,16.666,3,0,184608625.0,20.778,0.065,7
startup,15112368,16.662,4,0,184674629.0,20.778,0.065,7
startup,15129031,16.663,4,0,184981185.0,20.778,0.065,8
startup,15145697,16.666,1,0,185090125.0,20.778,0.065,7
startup,15166717,21.02,2,0,185483415.0,20.778,0.065,14611
startup,15179174,12.457,5,0,185562647.0,20.778,0.065,7
startup,15195695,16.521,4,0,185715871.0,20.778,0.065,8
startup,15212363,16.668,4,0,185962471.0,20.778,0.065,7
startup,15229024,16.661,2,0,186048651.0,20.778,0.065,8
startup,15250433,21.409,5,0,186478899.0,20.778,0.065,15047
startup,15262360,11.927,5,0,186529123.0,20.778,0.065,8
startup,15279026,16.666,5,0,186590311.0,20.778,0.065,7
startup,15295691,16.665,5,0,186686995.0,20.778,0.065,7
startup,15312361,16.67,5,0,186747819.0,20.778,0.065,8
startup,15329023,16.662,5,0,186878443.0,20.778,0.065,8
startup,15345687,16.664,5,0,186939691.0,20.778,0.065,7
startup,15362355,16.668,5,0,187031531.0,20.778,0.065,8
startup,15379035,16.68,5,0,187092719.0,20.778,0.065,8
startup,15395690,16.655,5,0,187181075.0,20.778,0.065,8
startup,15412358,16.668,5,0,187237787.0,20.778,0.065,8
startup,15429022,16.664,5,0,187374999.0,20.778,0.065,8
startup,15445685,16.663,5,0,187437975.0,20.778,0.065,8
startup,15462352,16.667,5,0,187539299.0,20.778,0.065,7
startup,15479020,16.668,5,0,187602655.0,20.778,0.065,7
startup,15495681,16.661,5,0,187695783.0,20.778,0.065,8
startup,15512348,16.667,5,0,187793327.0,20.778,0.065,7
startup,15529016,16.668,5,0,187906207.0,20.778,0.065,8
startup,15545684,16.668,5,0,188011407.0,20.778,0.065,7
startup,15562344,16.66,5,0,188106591.0,20.778,0.065,7
startup,15579014,16.67,5,0,188166399.0,20.778,0.065,8
startup,15595679,16.665,5,0,188269883.0,20.778,0.065,7
startup,15612347,16.668,5,0,188390627.0,20.778,0.065,7
startup,15629011,16.664,5,0,188596311.0,20.778,0.065,8
startup,15645677,16.666,5,0,188711779.0,20.778,0.065,7
startup,15662341,16.664,5,0,188828647.0,20.778,0.065,8
startup,15679008,16.667,5,0,188893247.0,20.778,0.065,7
startup,15695679,16.671,5,0,189085671.0,20.778,0.065,7
startup,15712343,16.664,5,0,189109331.0,20.778,0.065,7
startup,15729016,16.673,5,0,189191331.0,20.778,0.065,8
startup,15745684,16.668,5,0,189197143.0,20.778,0.065,8
startup,15762340,16.656,5,0,189310831.0,20.778,0.065,8
startup,15779002,16.662,5,0,189443063.0,20.778,0.065,7
startup,15795683,16.681,5,0,189506487.0,20.778,0.065,7
startup,15812345,16.662,5,0,189553251.0,20.778,0.065,7
startup,15829027,16.682,5,0,189553843.0,20.778,0.065,8
startup,15845677,16.65,5,0,189554431.0,20.778,0.065,8
startup,15862344,16.667,5,0,189656063.0,20.778,0.065,7
startup,15879014,16.67,5,0,189705847.0,20.778,0.065,8
startup,15895681,16.667,5,0,189772223.0,20.778,0.065,8
startup,15912335,16.654,5,0,189871867.0,20.778,0.065,7
startup,15929007,16.672,5,0,189872459.0,20.778,0.065,8
startup,15945674,16.667,5,0,189873051.0,20.778,0.065,8
startup,15962340,16.666,5,0,189873643.0,20.778,0.065,8
startup,15979000,16.66,5,0,190090943.0,20.778,0.065,8
startup,15995674,16.674,5,0,190093463.0,20.778,0.065,8
startup,16012340,16.666,5,0,190094055.0,20.778,0.065,8
startup,16029001,16.661,5,0,190094647.0,21.309,0.065,7
startup,16045673,16.672,5,0,190095239.0,21.309,0.065,7
startup,16062325,16.652,5,0,190298375.0,21.309,0.065,8
startup,16079001,16.676,5,0,190356199.0,21.309,0.065,7
startup,16095666,16.665,5,0,190356791.0,21.309,0.065,8
startup,16112331,16.665,5,0,190357383.0,21.309,0.065,7
startup,16128997,16.666,5,0,190357975.0,21.309,0.065,8
startup,16145657,16.66,5,0,190615431.0,21.309,0.065,7
startup,16162332,16.675,5,0,190621243.0,21.309,0.065,8
startup,16178996,16.664,5,0,190621835.0,21.309,0.065,7
startup,16195665,16.669,5,0,190622427.0,21.309,0.065,8
startup,16212322,16.657,5,0,190753171.0,21.309,0.065,7
startup,16228995,16.673,5,0,190812787.0,21.309,0.065,7
startup,16245660,16.665,5,0,190813379.0,21.309,0.065,8
startup,16262327,16.667,5,0,190822491.0,21.309,0.065,7
startup,16278997,16.67,5,0,190823079.0,21.309,0.065,8
startup,16295660,16.663,5,0,190823671.0,21.309,0.065,8
startup,16312322,16.662,5,0,190824263.0,21.309,0.065,8
startup,16328993,16.671,5,0,190824855.0,21.309,0.065,8
startup,16345654,16.661,5,0,190994891.0,21.309,0.065,7
startup,16362323,16.669,5,0,190995483.0,21.309,0.065,8
startup,16378991,16.668,5,0,190996075.0,21.309,0.065,7
startup,16395657,16.666,5,0,191142351.0,21.309,0.065,8
startup,16412333,16.676,5,0,191188311.0,21.309,0.065,8
startup,16428989,16.656,5,0,191188903.0,21.309,0.065,8
startup,16445658,16.669,5,0,191189495.0,21.309,0.065,8
startup,16462319,16.661,5,0,191190087.0,21.309,0.065,8
startup,16478990,16.671,5,0,191193199.0,21.309,0.065,9
startup,16495654,16.664,5,0,191193791.0,21.309,0.065,8
startup,16512315,16.661,5,0,191347299.0,21.309,0.065,7
startup,16528986,16.671,5,0,191347891.0,21.309,0.065,8
startup,16545644,16.658,5,0,191448935.0,21.309,0.065,8
startup,16562308,16.664,5,0,191550475.0,21.309,0.065,8
startup,16578980,16.672,5,0,191556287.0,21.309,0.065,7
startup,16595638,16.658,5,0,191652367.0,21.309,0.065,8
startup,16612313,16.675,5,0,191654823.0,21.309,0.065,8
startup,16628977,16.664,5,0,191655415.0,21.309,0.065,8
startup,16645648,16.671,5,0,191656007.0,21.309,0.065,7
startup,16662308,16.66,5,0,191656595.0,21.309,0.065,7
startup,16678976,16.668,5,0,191838751.0,21.309,0.065,7
startup,16695639,16.663,5,0,191909007.0,21.309,0.065,7
startup,16712299,16.66,5,0,192072983.0,21.309,0.065,7
startup,16728972,16.673,5,0,192036823.0,21.309,0.065,8
startup,16745631,16.659,5,0,192160587.0,21.309,0.065,7
startup,16762305,16.674,5,0,192163439.0,21.309,0.065,8
startup,16778973,16.668,5,0,192164031.0,21.309,0.065,7
startup,16795635,16.662,5,0,192164623.0,21.309,0.065,7
startup,16812295,16.66,5,0,192275031.0,21.309,0.065,7
startup,16828971,16.676,5,0,192275623.0,21.309,0.065,7
startup,16845636,16.665,5,0,192369015.0,21.309,0.065,7
startup,16862308,16.672,5,0,192419467.0,21.309,0.065,9
startup,16878972,16.664,5,0,192420059.0,21.309,0.065,8
startup,16895634,16.662,5,0,192420651.0,21.309,0.065,7
startup,16912299,16.665,5,0,192421243.0,21.309,0.065,7
startup,16928972,16.673,5,0,192421835.0,21.309,0.065,7
startup,16945627,16.655,5,0,192566775.0,21.309,0.065,7
startup,16962298,16.671,5,0,192567367.0,21.309,0.065,9
startup,16978962,16.664,5,0,192567959.0,21.309,0.065,8
startup,16995629,16.667,5,0,192568551.0,21.309,0.065,7
startup,17012287,16.658,4,0,192762839.0,21.309,0.065,7
startup,17028957,16.67,4,0,193084771.0,5.054,0.068,7
startup,17045631,16.674,4,0,193351603.0,5.054,0.068,7
startup,17062286,16.655,4,0,193678771.0,5.054,0.068,7
startup,17078952,16.666,4,0,193953731.0,5.054,0.068,7
startup,17095631,16.679,4,0,194293187.0,5.054,0.068,8
startup,17112285,16.654,4,0,194583923.0,5.054,0.068,8
startup,17128956,16.671,4,0,194816231.0,5.054,0.068,8
startup,17145627,16.671,4,0,195213699.0,5.054,0.068,8
startup,17162288,16.661,4,0,195526075.0,5.054,0.068,8
startup,17178947,16.659,4,0,196870099.0,5.054,0.068,7
startup,17195619,16.672,4,0,197159131.0,5.054,0.068,8
startup,17212280,16.661,4,0,197364431.0,5.054,0.068,7
startup,17228949,16.669,4,0,197451467.0,5.054,0.068,7
startup,17245615,16.666,4,0,197770355.0,5.054,0.068,7
startup,17262279,16.664,4,0,197376135.0,5.054,0.068,8
startup,17278942,16.663,4,0,197581675.0,5.054,0.068,8
startup,17295608,16.666,4,0,197675575.0,5.054,0.068,7
startup,17312288,16.68,4,0,197733943.0,5.054,0.068,8
startup,17328941,16.653,4,0,197838311.0,5.054,0.068,7
startup,17345609,16.668,4,0,197914759.0,5.054,0.068,7
startup,17362273,16.664,4,0,198059859.0,5.054,0.068,8
startup,17378940,16.667,4,0,198135623.0,5.054,0.068,7
startup,17395611,16.671,4,0,198221811.0,5.054,0.068,8
startup,17412270,16.659,4,0,198324851.0,5.054,0.068,7
startup,17428938,16.668,4,0,198378199.0,5.054,0.068,7
startup,17445606,16.668,4,0,198505527.0,5.054,0.068,8
startup,17462268,16.662,4,0,198599403.0,5.054,0.068,7
startup,17478937,16.669,4,0,198674987.0,5.054,0.068,8
startup,17495608,16.671,4,0,198765027.0,5.054,0.068,8
startup,17512276,16.668,4,0,198875439.0,5.054,0.068,8
startup,17528945,16.669,4,0,198932399.0,5.054,0.068,8
startup,17545620,16.675,4,0,199010943.0,5.054,0.068,8
startup,17562279,16.659,4,0,199129871.0,5.054,0.068,8
startup,17578931,16.652,4,0,199230387.0,5.054,0.068,7
startup,17595608,16.677,4,0,199324351.0,5.054,0.068,8
startup,17612275,16.667,4,0,199395271.0,5.054,0.068,8
startup,17628936,16.661,4,0,199497687.0,5.054,0.068,8
startup,17645601,16.665,4,0,199583063.0,5.054,0.068,9
startup,17662281,16.68,4,0,199651287.0,5.054,0.068,8
startup,17678983,16.702,4,0,199738223.0,5.054,0.068,7
startup,17695630,16.647,4,0,199807027.0,5.054,0.068,8
startup,17712262,16.632,4,0,199960791.0,5.054,0.068,8
startup,17728935,16.673,4,0,200032515.0,5.054,0.068,8
startup,17745605,16.67,4,0,200090427.0,5.054,0.068,8
startup,17762262,16.657,4,0,200227559.0,5.054,0.068,9
startup,17778928,16.666,4,0,200308667.0,5.054,0.068,8
startup,17795621,16.693,4,0,200401883.0,5.054,0.068,8
startup,17812267,16.646,4,0,200470067.0,5.054,0.068,7
startup,17828927,16.66,4,0,200559751.0,5.054,0.068,8
startup,17845602,16.675,2,0,200671963.0,5.054,0.068,7
startup,17866221,20.619,3,0,201017793.0,5.054,0.068,14461
startup,17878925,12.704,4,0,201298081.0,5.054,0.068,8
startup,17895593,16.668,4,0,201533505.0,5.054,0.068,8
startup,17912257,16.664,4,0,201789869.0,5.054,0.068,7
startup,17928941,16.684,4,0,202082557.0,5.054,0.068,7
startup,17945587,16.646,4,0,202365045.0,5.054,0.068,7
startup,17962257,16.67,4,0,202583373.0,5.054,0.068,8
startup,17978913,16.656,4,0,202917405.0,5.054,0.068,8
startup,17995585,16.672,4,0,203166861.0,5.054,0.068,7
startup,18012244,16.659,4,0,203508685.0,5.054,0.068,8
startup,18028918,16.674,4,0,203757093.0,20.469,0.083,8
startup,18045608,16.69,4,0,204039093.0,20.469,0.083,8
startup,18062251,16.643,4,0,204442601.0,20.469,0.083,8
startup,18078916,16.665,4,0,204155113.0,20.469,0.083,10
startup,18095586,16.67,4,0,204243861.0,20.469,0.083,8
startup,18112246,16.66,4,0,204312453.0,20.469,0.083,7
startup,18128922,16.676,4,0,204406449.0,20.469,0.083,8
startup,18145601,16.679,4,0,204475005.0,20.469,0.083,7
startup,18162257,16.656,4,0,204527469.0,20.469,0.083,8
startup,18178909,16.652,4,0,204623809.0,20.469,0.083,7
startup,18195576,16.667,4,0,204679861.0,20.469,0.083,7
startup,18212239,16.663,4,0,204787349.0,20.469,0.083,7
startup,18228905,16.666,4,0,204847381.0,20.469,0.083,7
startup,18245574,16.669,4,0,204952289.0,20.469,0.083,7
startup,18262241,16.667,4,0,205007013.0,20.469,0.083,7
startup,18278906,16.665,4,0,205112289.0,20.469,0.083,7
startup,18295571,16.665,4,0,205168885.0,20.469,0.083,8
startup,18312236,16.665,4,0,205276177.0,20.469,0.083,7
startup,18328901,16.665,4,0,205330397.0,20.469,0.083,7
startup,18345566,16.665,4,0,205430657.0,20.469,0.083,7
startup,18362256,16.69,4,0,205488745.0,20.469,0.083,7
startup,18378910,16.654,4,0,205595145.0,20.469,0.083,7
startup,18395572,16.662,4,0,205655505.0,20.469,0.083,8
startup,18412233,16.661,4,0,205753177.0,20.469,0.083,8
startup,18428897,16.664,4,0,205812785.0,20.469,0.083,7
startup,18445562,16.665,4,0,205927609.0,20.469,0.083,8
startup,18462232,16.67,4,0,206043685.0,20.469,0.083,7
startup,18478895,16.663,4,0,206141521.0,20.469,0.083,7
startup,18495568,16.673,4,0,206198061.0,20.469,0.083,8
startup,18512231,16.663,4,0,206310769.0,20.469,0.083,8
startup,18528899,16.668,4,0,206369717.0,20.469,0.083,8
startup,18545562,16.663,4,0,206547861.0,20.469,0.083,7
startup,18562232,16.67,3,0,206661197.0,20.469,0.083,8
startup,18578895,16.663,4,0,206951033.0,20.469,0.083,8
startup,18595555,16.66,4,0,207260253.0,20.469,0.083,8
startup,18612226,16.671,4,0,207540549.0,20.469,0.083,9
startup,18628888,16.662,4,0,207853417.0,20.469,0.083,8
startup,18645561,16.673,4,0,208149013.0,20.469,0.083,7
startup,18662221,16.66,4,0,208374845.0,20.469,0.083,8
startup,18678893,16.672,4,0,208777729.0,20.469,0.083,7
startup,18695557,16.664,4,0,209019693.0,20.469,0.083,7
startup,18712220,16.663,4,0,209549341.0,20.469,0.083,7
startup,18728888,16.668,4,0,209780977.0,20.469,0.083,8
startup,18745552,16.664,4,0,210143881.0,20.469,0.083,8
startup,18762222,16.67,4,0,210435333.0,20.469,0.083,7
startup,18778882,16.66,4,0,210046365.0,20.469,0.083,8
startup,18795554,16.672,4,0,210111717.0,20.469,0.083,8
startup,18812213,16.659,4,0,210206817.0,20.469,0.083,7
startup,18828878,16.665,4,0,210293193.0,20.469,0.083,8
startup,18845553,16.675,4,0,210462209.0,20.469,0.083,7
startup,18862210,16.657,4,0,210529989.0,20.469,0.083,7
startup,18878908,16.698,4,0,210625997.0,20.469,0.083,7
startup,18895546,16.638,4,0,210688101.0,20.469,0.083,7
startup,18912209,16.663,4,0,210817261.0,20.469,0.083,8
startup,18928879,16.67,4,0,210874189.0,20.469,0.083,8
startup,18945545,16.666,4,0,211012301.0,20.469,0.083,8
startup,18962212,16.667,4,0,211074505.0,20.469,0.083,7
startup,18978876,16.664,4,0,211175391.0,20.469,0.083,7
startup,18995548,16.672,4,0,211235477.0,20.469,0.083,8
startup,19012207,16.659,4,0,211387001.0,20.469,0.083,8
startup,19028869,16.662,4,0,211497353.0,11.442,0.079,7
startup,19045539,16.67,4,0,211593573.0,11.442,0.079,7
startup,19062206,16.667,4,0,211652045.0,11.442,0.079,8
startup,19078870,16.664,4,0,211753357.0,11.442,0.079,7
startup,19095542,16.672,4,0,211865293.0,11.442,0.079,7
startup,19112203,16.661,4,0,212022701.0,11.442,0.079,8
startup,19128870,16.667,4,0,212083917.0,11.442,0.079,7
startup,19145535,16.665,4,0,212181585.0,11.442,0.079,7
startup,19162200,16.665,4,0,212245877.0,11.442,0.079,7
startup,19178869,16.669,4,0,212339185.0,11.442,0.079,7
startup,19195544,16.675,4,0,212417989.0,11.442,0.079,8
startup,19212202,16.658,4,0,212523921.0,11.442,0.079,8
startup,19228870,16.668,4,0,212589077.0,11.442,0.079,8
startup,19245529,16.659,4,0,212687065.0,11.442,0.079,7
startup,19262197,16.668,1,0,212752381.0,11.442,0.079,8
startup,19285713,23.516,5,0,213278141.0,11.442,0.079,15459
startup,19295536,9.823,6,0,213541517.0,11.442,0.079,9
startup,19312204,16.668,6,0,213784649.0,11.442,0.079,7
startup,19328865,16.661,5,0,214074297.0,11.442,0.079,9
startup,19345527,16.662,5,0,214660749.0,11.442,0.079,8
startup,19362196,16.669,4,0,214987901.0,11.442,0.079,7
startup,19378860,16.664,4,0,215272053.0,11.442,0.079,7
startup,19395530,16.67,4,0,215530465.0,11.442,0.079,8
startup,19412194,16.664,4,0,215876681.0,11.442,0.079,8
startup,19428865,16.671,4,0,216117877.0,11.442,0.079,9
startup,19445541,16.676,4,0,216399829.0,11.442,0.079,7
startup,19462194,16.653,4,0,216696821.0,11.442,0.079,8
startup,19478854,16.66,4,0,216959173.0,11.442,0.079,8
startup,19495527,16.673,4,0,216566685.0,11.442,0.079,7
startup,19512186,16.659,4,0,217146365.0,11.442,0.079,7
startup,19528858,16.672,4,0,217354969.0,11.442,0.079,8
startup,19545517,16.659,3,0,217440685.0,11.442,0.079,7
startup,19562188,16.671,3,0,217831029.0,11.442,0.079,7
startup,19578854,16.666,3,0,218066653.0,11.442,0.079,7
startup,19595521,16.667,3,0,218335765.0,11.442,0.079,15
startup,19612200,16.679,4,0,218452201.0,11.442,0.079,11
startup,19628852,16.652,4,0,218573757.0,11.442,0.079,7
startup,19645516,16.664,4,0,218639637.0,11.442,0.079,8
startup,19662183,16.667,4,0,218748037.0,11.442,0.079,8
startup,19678850,16.667,4,0,218871529.0,11.442,0.079,8
startup,19695518,16.668,4,0,218934341.0,11.442,0.079,7
startup,19712179,16.661,4,0,219086741.0,11.442,0.079,7
startup,19728854,16.675,4,0,219179085.0,11.442,0.079,7
startup,19745513,16.659,1,0,219290113.0,11.442,0.079,8
startup,19766066,20.553,2,0,219642011.0,11.442,0.079,14666
startup,19778843,12.777,5,0,219949119.0,11.442,0.079,8
startup,19795522,16.679,4,0,220277491.0,11.442,0.079,8
startup,19812179,16.657,4,0,220434911.0,11.442,0.079,7
startup,19828844,16.665,4,0,220507903.0,11.442,0.079,8
startup,19845523,16.679,2,0,220612607.0,11.442,0.079,7
startup,19866603,21.08,3,0,221027425.0,11.442,0.079,14880
startup,19878844,12.241,4,0,221115161.0,11.442,0.079,7
startup,19895700,16.856,3,0,221221945.0,11.442,0.079,9
startup,19912174,16.474,4,0,221508493.0,11.442,0.079,8
startup,19928837,16.663,4,0,221657881.0,11.442,0.079,8
startup,19945507,16.67,1,0,221736433.0,11.442,0.079,7
startup,19968191,22.684,2,0,222176893.0,11.442,0.079,16015
startup,19978838,10.647,5,0,222249517.0,11.442,0.079,9
startup,19995518,16.68,5,0,222395121.0,11.442,0.079,8
startup,20012169,16.651,5,0,222492817.0,11.442,0.079,9
startup,20028835,16.666,5,0,222590277.0,23.377,0.065,8
startup,20045511,16.676,5,0,222679741.0,23.377,0.065,7
startup,20062170,16.659,5,0,222816469.0,23.377,0.065,8
startup,20078836,16.666,5,0,222895213.0,23.377,0.065,8
startup,20095506,16.67,5,0,223027537.0,23.377,0.065,7
startup,20112162,16.656,5,0,223115369.0,23.377,0.065,8
startup,20128843,16.681,5,0,223208021.0,23.377,0.065,7
startup,20145510,16.667,4,0,223304085.0,23.377,0.065,8
startup,20162193,16.683,4,0,223646685.0,23.377,0.065,9
startup,20178829,16.636,4,0,223912313.0,23.377,0.065,7
startup,20195496,16.667,2,0,224247261.0,23.377,0.065,8
startup,20218412,22.916,5,0,224443697.0,23.377,0.065,15607
startup,20228820,10.408,5,0,224854825.0,23.377,0.065,9
startup,20245502,16.682,4,0,224990673.0,23.377,0.065,7
startup,20262170,16.668,4,0,225252841.0,23.377,0.065,11
startup,20278828,16.658,4,0,225388305.0,23.377,0.065,8
startup,20295490,16.662,2,0,225497793.0,23.377,0.065,8
startup,20317134,21.644,5,0,225770747.0,23.377,0.065,14697
startup,20328817,11.683,5,0,225832211.0,23.377,0.065,8
startup,20345486,16.669,5,0,225980411.0,23.377,0.065,8
startup,20362162,16.676,5,0,226077979.0,23.377,0.065,8
startup,20378820,16.658,5,0,226201439.0,23.377,0.065,7
startup,20395489,16.669,5,0,226261171.0,23.377,0.065,16
startup,20412154,16.665,5,0,226375567.0,23.377,0.065,7
startup,20428822,16.668,5,0,226477415.0,23.377,0.065,7
startup,20445492,16.67,5,0,226538483.0,23.377,0.065,8
startup,20462151,16.659,4,0,226696871.0,23.377,0.065,8
startup,20478870,16.719,4,0,226951871.0,23.377,0.065,8
startup,20495488,16.618,2,0,227349691.0,23.377,0.065,8
startup,20517615,22.127,5,0,227734723.0,23.377,0.065,15193
startup,20528816,11.201,5,0,227775091.0,23.377,0.065,9
startup,20545485,16.669,4,0,227997815.0,23.377,0.065,7
startup,20562147,16.662,4,0,228236527.0,23.377,0.065,8
startup,20578821,16.674,4,0,228316963.0,23.377,0.065,8
startup,20595481,16.66,4,0,228365351.0,23.377,0.065,8
startup,20612145,16.664,4,0,228457331.0,23.377,0.065,8
startup,20628813,16.668,4,0,228555767.0,23.377,0.065,7
startup,20645485,16.672,4,0,228615243.0,23.377,0.065,8
startup,20662142,16.657,4,0,228744087.0,23.377,0.065,8
startup,20678814,16.672,4,0,228814335.0,23.377,0.065,8
startup,20695487,16.673,4,0,228878823.0,23.377,0.065,8
startup,20712143,16.656,4,0,228966347.0,23.377,0.065,8
startup,20728806,16.663,4,0,229071219.0,23.377,0.065,8
startup,20745470,16.664,4,0,229165747.0,23.377,0.065,7
startup,20762138,16.668,4,0,229268031.0,23.377,0.065,8
startup,20778807,16.669,4,0,229332495.0,23.377,0.065,8
startup,20795477,16.67,4,0,229454151.0,23.377,0.065,7
startup,20812138,16.661,4,0,229557067.0,23.377,0.065,8
startup,20828801,16.663,4,0,229612431.0,23.377,0.065,9
startup,20845474,16.673,4,0,229730539.0,23.377,0.065,8
startup,20862150,16.676,4,0,229840995.0,23.377,0.065,8
startup,20878803,16.653,4,0,229895251.0,23.377,0.065,8
startup,20895464,16.661,4,0,230010327.0,23.377,0.065,8
startup,20912152,16.688,4,0,230099815.0,23.377,0.065,8
startup,20928806,16.654,4,0,230173183.0,23.377,0.065,7
startup,20945466,16.66,4,0,230301375.0,23.377,0.065,7
startup,20962130,16.664,4,0,230389215.0,23.377,0.065,7
startup,20978797,16.667,4,0,230494355.0,23.377,0.065,7
startup,20995461,16.664,4,0,230568807.0,23.377,0.065,8
startup,21012131,16.67,4,0,230635227.0,23.377,0.065,7
startup,21028795,16.664,4,0,230763867.0,22.8,0.065,7
startup,21045465,16.67,4,0,230828147.0,22.8,0.065,8
startup,21062126,16.661,4,0,230973655.0,22.8,0.065,8
startup,21078795,16.669,4,0,231098851.0,22.8,0.065,7
startup,21095467,16.672,4,0,231197375.0,22.8,0.065,7
startup,21112131,16.664,4,0,231260903.0,22.8,0.065,8
startup,21128791,16.66,4,0,231374927.0,22.8,0.065,8
startup,21145455,16.664,4,0,231435839.0,22.8,0.065,7
startup,21162124,16.669,4,0,231530019.0,22.8,0.065,8
startup,21178788,16.664,4,0,231589311.0,22.8,0.065,7
startup,21195464,16.676,4,0,231681339.0,22.8,0.065,8
startup,21212122,16.658,4,0,231800455.0,22.8,0.065,8
startup,21228788,16.666,4,0,231860535.0,22.8,0.065,8
startup,21245454,16.666,4,0,231960179.0,22.8,0.065,7
startup,21262121,16.667,4,0,232022767.0,22.8,0.065,8
startup,21278785,16.664,4,0,232150675.0,22.8,0.065,8
startup,21295460,16.675,4,0,232230135.0,22.8,0.065,8
startup,21312117,16.657,2,0,232389319.0,22.8,0.065,7
startup,21333711,21.594,3,0,232798569.0,22.8,0.065,15563
startup,21345443,11.732,4,0,233118229.0,22.8,0.065,8
startup,21362117,16.674,3,0,233468793.0,22.8,0.065,7
startup,21378786,16.669,4,0,233741005.0,22.8,0.065,9
startup,21395455,16.669,4,0,234143201.0,22.8,0.065,8
startup,21412112,16.657,1,0,234439237.0,22.8,0.065,8
startup,21435183,23.071,2,0,234928249.0,22.8,0.065,16511
startup,21445437,10.254,5,0,235171357.0,22.8,0.065,7
startup,21462106,16.669,4,0,235415961.0,22.8,0.065,8
startup,21478776,16.67,4,0,235748821.0,22.8,0.065,7
startup,21495438,16.662,4,0,235866025.0,22.8,0.065,8
startup,21512112,16.674,4,0,236113013.0,22.8,0.065,7
startup,21528780,16.668,4,0,236468317.0,22.8,0.065,8
startup,21545442,16.662,4,0,236048253.0,22.8,0.065,8
startup,21562106,16.664,4,0,236233969.0,22.8,0.065,8
startup,21578769,16.663,4,0,236548389.0,22.8,0.065,8
startup,21595442,16.673,4,0,236721069.0,22.8,0.065,7
startup,21612102,16.66,2,0,236788077.0,22.8,0.065,8
startup,21634053,21.951,3,0,237208117.0,22.8,0.065,16087
startup,21645438,11.385,4,0,237453073.0,22.8,0.065,7
startup,21662102,16.664,3,0,237825345.0,22.8,0.065,7
startup,21678785,16.683,4,0,237951389.0,22.8,0.065,8
startup,21695443,16.658,4,0,237930309.0,22.8,0.065,8
startup,21712100,16.657,4,0,238187781.0,22.8,0.065,8
startup,21728767,16.667,4,0,238264533.0,22.8,0.065,8
startup,21745440,16.673,4,0,238327717.0,22.8,0.065,7
startup,21762102,16.662,4,0,238417637.0,22.8,0.065,7
startup,21778763,16.661,4,0,238539953.0,22.8,0.065,8
startup,21795427,16.664,4,0,238610117.0,22.8,0.065,7
startup,21812095,16.668,4,0,238730977.0,22.8,0.065,7
startup,21828764,16.669,4,0,238842221.0,22.8,0.065,7
startup,21845431,16.667,4,0,238923009.0,22.8,0.065,7
startup,21862094,16.663,4,0,239057617.0,22.8,0.065,8
startup,21878762,16.668,4,0,239142469.0,22.8,0.065,7
startup,21895440,16.678,4,0,239217037.0,22.8,0.065,7
startup,21912093,16.653,1,0,239396437.0,22.8,0.065,7
startup,21934562,22.469,2,0,239807675.0,22.8,0.065,16184
startup,21945426,10.864,5,0,240048159.0,22.8,0.065,8
startup,21962091,16.665,4,0,240390875.0,22.8,0.065,7
startup,21978754,16.663,4,0,240471095.0,22.8,0.065,7
startup,21995421,16.667,4,0,240668131.0,22.8,0.065,8
startup,22012086,16.665,4,0,240845575.0,22.8,0.065,7
startup,22028756,16.67,4,0,240943019.0,22.925,0.069,8
startup,22045423,16.667,4,0,241068691.0,22.925,0.069,7
startup,22062086,16.663,4,0,241175327.0,22.925,0.069,8
startup,22078748,16.662,4,0,241340043.0,22.925,0.069,8
startup,22095421,16.673,4,0,241445943.0,22.925,0.069,8
startup,22112110,16.689,4,0,241547811.0,22.925,0.069,8
startup,22128749,16.639,2,0,241666599.0,22.925,0.069,8
startup,22151799,23.05,5,0,242125877.0,22.925,0.069,15745
startup,22162075,10.276,5,0,242360445.0,22.925,0.069,9
startup,22178751,16.676,4,0,242691301.0,22.925,0.069,7
startup,22195414,16.663,4,0,242838597.0,22.925,0.069,9
startup,22212080,16.666,4,0,243063533.0,22.925,0.069,8
startup,22228754,16.674,2,0,243157269.0,22.925,0.069,7
startup,22251652,22.898,5,0,243463837.0,22.925,0.069,16141
startup,22262074,10.422,5,0,243599581.0,22.925,0.069,8
startup,22278743,16.669,5,0,243640317.0,22.925,0.069,7
startup,22295411,16.668,5,0,243743361.0,22.925,0.069,8
startup,22312074,16.663,5,0,243883837.0,22.925,0.069,7
startup,22328746,16.672,5,0,243981525.0,22.925,0.069,8
startup,22345411,16.665,5,0,244093041.0,22.925,0.069,8
startup,22362074,16.663,5,0,244217717.0,22.925,0.069,8
startup,22378744,16.67,5,0,244319381.0,22.925,0.069,7
startup,22395407,16.663,5,0,244392153.0,22.925,0.069,7
startup,22412069,16.662,5,0,244561193.0,22.925,0.069,8
startup,22428739,16.67,4,0,244684093.0,22.925,0.069,8
startup,22445406,16.667,4,0,245024813.0,22.925,0.069,7
startup,22462069,16.663,4,0,245321893.0,22.925,0.069,7
startup,22478735,16.666,2,0,245715333.0,22.925,0.069,8
startup,22501430,22.695,3,0,245923573.0,22.925,0.069,16427
startup,22512060,10.63,4,0,246095521.0,22.925,0.069,8
startup,22528745,16.685,3,0,246186085.0,22.925,0.069,8
startup,22545397,16.652,4,0,246469421.0,22.925,0.069,7
startup,22562073,16.676,1,0,246568925.0,22.925,0.069,8
startup,22586610,24.537,5,0,246970817.0,22.925,0.069,17181
startup,22595395,8.785,6,0,247028381.0,22.925,0.069,8
startup,22612067,16.672,6,0,247089617.0,22.925,0.069,8
startup,22628732,16.665,6,0,247198553.0,22.925,0.069,8
startup,22645395,16.663,6,0,247329649.0,22.925,0.069,7
startup,22662062,16.667,6,0,247399545.0,22.925,0.069,7
startup,22678728,16.666,6,0,247554545.0,22.925,0.069,8
startup,22695419,16.691,6,0,247649137.0,22.925,0.069,8
startup,22712060,16.641,6,0,247792645.0,22.925,0.069,8
startup,22728728,16.668,5,0,247921801.0,22.925,0.069,8
startup,22745394,16.666,5,0,248266985.0,22.925,0.069,7
startup,22762060,16.666,5,0,248629725.0,22.925,0.069,7
startup,22778727,16.667,4,0,248878441.0,22.925,0.069,8
startup,22795390,16.663,4,0,249042389.0,22.925,0.069,7
startup,22812053,16.663,4,0,249173769.0,22.925,0.069,8
startup,22828724,16.671,3,0,249285949.0,22.925,0.069,8
startup,22845391,16.667,4,0,249568373.0,22.925,0.069,8
startup,22862051,16.66,4,0,249625697.0,22.925,0.069,8
startup,22878720,16.669,4,0,249724577.0,22.925,0.069,7
startup,22895384,16.664,4,0,249783945.0,22.925,0.069,8
startup,22912051,16.667,4,0,249918545.0,22.925,0.069,7
startup,22928732,16.681,4,0,249983961.0,22.925,0.069,8
startup,22945397,16.665,4,0,250078177.0,22.925,0.069,8
startup,22962050,16.653,4,0,250141889.0,22.925,0.069,7
startup,22978716,16.666,4,0,250236185.0,22.925,0.069,8
startup,22995382,16.666,4,0,250301197.0,22.925,0.069,8
startup,23012047,16.665,4,0,250389753.0,22.925,0.069,7
startup,23028712,16.665,4,0,250495341.0,24.389,0.077,7
startup,23045391,16.679,4,0,250550969.0,24.389,0.077,8
startup,23062046,16.655,4,0,250649085.0,24.389,0.077,7
startup,23078715,16.669,4,0,250704201.0,24.389,0.077,8
startup,23095379,16.664,4,0,250838741.0,24.389,0.077,8
startup,23112045,16.666,4,0,250895233.0,24.389,0.077,7
startup,23128719,16.674,4,0,250895825.0,24.389,0.077,8
startup,23145385,16.666,4,0,250896417.0,24.389,0.077,8
startup,23162049,16.664,4,0,251020581.0,24.389,0.077,8
startup,23178719,16.67,4,0,251026389.0,24.389,0.077,8
startup,23195382,16.663,4,0,251026981.0,24.389,0.077,7
startup,23212106,16.724,4,0,251027573.0,24.389,0.077,7
startup,23228718,16.612,4,0,251137149.0,24.389,0.077,8
startup,23245392,16.674,4,0,251234665.0,24.389,0.077,8
startup,23262043,16.651,4,0,251286541.0,24.389,0.077,7
startup,23278700,16.657,4,0,251394829.0,24.389,0.077,7
startup,23295369,16.669,4,0,251470141.0,24.389,0.077,7
startup,23312044,16.675,4,0,251470733.0,24.389,0.077,8
startup,23328704,16.66,4,0,251561885.0,24.389,0.077,7
startup,23345375,16.671,4,0,251564737.0,24.389,0.077,8
startup,23362044,16.669,4,0,251565329.0,24.389,0.077,8
startup,23378708,16.664,4,0,251565921.0,24.389,0.077,8
startup,23395401,16.693,4,0,251566513.0,24.389,0.077,8
startup,23412051,16.65,4,0,251567101.0,24.389,0.077,8
startup,23428708,16.657,4,0,251567693.0,24.389,0.077,8
startup,23445374,16.666,4,0,251568285.0,24.389,0.077,7
startup,23462028,16.654,4,0,251857105.0,24.389,0.077,8
startup,23478705,16.677,4,0,251860397.0,24.389,0.077,8
startup,23495373,16.668,4,0,251860989.0,24.389,0.077,8
startup,23512040,16.667,4,0,251861581.0,24.389,0.077,8
startup,23528698,16.658,4,0,252074929.0,24.389,0.077,7
startup,23545364,16.666,4,0,252073169.0,24.389,0.077,8
startup,23562073,16.709,4,0,252132109.0,24.389,0.077,7
startup,23578694,16.621,4,0,252229017.0,24.389,0.077,7
startup,23595358,16.664,4,0,252293933.0,24.389,0.077,8
startup,23612034,16.676,4,0,252374453.0,24.389,0.077,7
startup,23628700,16.666,4,0,252375045.0,24.389,0.077,8
startup,23645364,16.664,4,0,252375637.0,24.389,0.077,8
startup,23662028,16.664,4,0,252376229.0,24.389,0.077,8
startup,23678697,16.669,4,0,252376821.0,24.389,0.077,8
startup,23695361,16.664,4,0,252377413.0,24.389,0.077,8
startup,23712019,16.658,4,0,252614689.0,24.389,0.077,8
startup,23728691,16.672,4,0,252640733.0,24.389,0.077,8
startup,23745352,16.661,4,0,252698181.0,24.389,0.077,7
startup,23762023,16.671,4,0,252799737.0,24.389,0.077,7
startup,23778687,16.664,4,0,252863005.0,24.389,0.077,8
startup,23795365,16.678,4,0,252928173.0,24.389,0.077,8
startup,23812019,16.654,4,0,253059613.0,24.389,0.077,8
startup,23828693,16.674,4,0,253070645.0,24.389,0.077,8
startup,23845356,16.663,4,0,253125597.0,24.389,0.077,7
startup,23862078,16.722,4,0,253225141.0,24.389,0.077,8
startup,23878685,16.607,4,0,253283949.0,24.389,0.077,8
startup,23895349,16.664,4,0,253341845.0,24.389,0.077,8
startup,23912014,16.665,4,0,253476297.0,24.389,0.077,8
startup,23928679,16.665,4,0,253548637.0,24.389,0.077,7
startup,23945344,16.665,4,0,253573645.0,24.389,0.077,8
startup,23962026,16.682,4,0,253668505.0,24.389,0.077,7
startup,23978683,16.657,4,0,253736885.0,24.389,0.077,8
startup,23995360,16.677,4,0,253786757.0,24.389,0.077,8
startup,24012014,16.654,4,0,253915025.0,24.389,0.077,7
startup,24028671,16.657,4,0,254001897.0,4.973,0.113,11
startup,24045342,16.671,3,0,254124549.0,4.973,0.113,10
startup,24062010,16.668,3,0,254451849.0,4.973,0.113,8
startup,24078677,16.667,4,0,254875281.0,4.973,0.113,7
startup,24095339,16.662,1,0,255123229.0,4.973,0.113,7
startup,24121208,25.869,5,0,255576167.0,4.973,0.113,17386
startup,24129480,8.272,6,0,255882367.0,4.973,0.113,9
startup,24145346,15.866,5,0,256108075.0,4.973,0.113,8
startup,24162009,16.663,5,0,256389999.0,4.973,0.113,8
startup,24178680,16.671,4,0,256654027.0,4.973,0.113,8
startup,24195342,16.662,4,0,256953619.0,4.973,0.113,9
startup,24212008,16.666,4,0,257204887.0,4.973,0.113,8
startup,24228673,16.665,3,0,257546299.0,4.973,0.113,8
startup,24245347,16.674,4,0,257792127.0,4.973,0.113,7
startup,24261999,16.652,4,0,258154611.0,4.973,0.113,8
startup,24278671,16.672,4,0,257837931.0,4.973,0.113,9
startup,24295343,16.672,4,0,258087163.0,4.973,0.113,8
startup,24312004,16.661,4,0,258352843.0,4.973,0.113,8
startup,24328761,16.757,4,0,258534043.0,4.973,0.113,9
startup,24345340,16.579,4,0,258756295.0,4.973,0.113,7
startup,24362003,16.663,4,0,258866019.0,4.973,0.113,7
startup,24378670,16.667,4,0,258919679.0,4.973,0.113,7
startup,24395329,16.659,4,0,259014247.0,4.973,0.113,8
startup,24412003,16.674,4,0,259068235.0,4.973,0.113,8
startup,24428655,16.652,4,0,259260291.0,4.973,0.113,8
startup,24445325,16.67,4,0,259365031.0,4.973,0.113,7
startup,24462000,16.675,4,0,259418535.0,4.973,0.113,8
startup,24478659,16.659,4,0,259518239.0,4.973,0.113,7
startup,24495331,16.672,4,0,259613819.0,4.973,0.113,8
startup,24511990,16.659,4,0,259698535.0,4.973,0.113,8
startup,24528658,16.668,4,0,259887283.0,4.973,0.113,7
startup,24545318,16.66,4,0,259926499.0,4.973,0.113,7
startup,24561993,16.675,4,0,260057555.0,4.973,0.113,8
startup,24578670,16.677,4,0,260168675.0,4.973,0.113,8
startup,24595360,16.69,4,0,260263451.0,4.973,0.113,8
startup,24611994,16.634,4,0,260340795.0,4.973,0.113,8
startup,24628659,16.665,4,0,260478835.0,4.973,0.113,8
startup,24645327,16.668,4,0,260549767.0,4.973,0.113,8
startup,24661983,16.656,4,0,260652915.0,4.973,0.113,23
startup,24678749,16.766,4,0,260716459.0,4.973,0.113,7
startup,24695368,16.619,4,0,260857487.0,4.973,0.113,8
startup,24711981,16.613,4,0,260956187.0,4.973,0.113,8
startup,24728653,16.672,4,0,261121627.0,4.973,0.113,8
startup,24747055,18.402,4,0,261137155.0,4.973,0.113,9
startup,24761984,14.929,4,0,261229015.0,4.973,0.113,8
startup,24778648,16.664,4,0,261289939.0,4.973,0.113,8
startup,24795548,16.9,4,0,261425247.0,4.973,0.113,8
startup,24811976,16.428,4,0,261451599.0,4.973,0.113,8
startup,24828651,16.675,4,0,261509367.0,4.973,0.113,8
startup,24845311,16.66,4,0,261610795.0,4.973,0.113,7
startup,24861994,16.683,4,0,261662579.0,4.973,0.113,7
startup,24878672,16.678,4,0,261761903.0,4.973,0.113,9
startup,24895311,16.639,4,0,261823355.0,4.973,0.113,8
startup,24911975,16.664,4,0,261928503.0,4.973,0.113,8
startup,24928643,16.668,4,0,261986427.0,4.973,0.113,8
startup,24945306,16.663,4,0,262085675.0,4.973,0.113,7
startup,24961974,16.668,3,0,262143323.0,4.973,0.113,8
startup,24978643,16.669,4,0,262549731.0,4.973,0.113,7
startup,24995309,16.666,4,0,262827435.0,4.973,0.113,9
startup,25011974,16.665,1,0,263096799.0,4.973,0.113,7
startup,25036700,24.726,2,0,263602689.0,25.758,0.152,17448
startup,25045479,8.779,5,0,263859133.0,25.758,0.152,8
startup,25061965,16.486,5,0,264154025.0,25.758,0.152,8
startup,25078635,16.67,5,0,264475065.0,25.758,0.152,7
startup,25095304,16.669,5,0,264799109.0,25.758,0.152,8
startup,25111964,16.66,5,0,265292141.0,25.758,0.152,8
startup,25128632,16.668,5,0,265547741.0,25.758,0.152,8
startup,25145304,16.672,5,0,265836297.0,25.758,0.152,8
startup,25162223,16.919,5,0,266141289.0,25.758,0.152,8
startup,25178635,16.412,5,0,266378745.0,25.758,0.152,8
startup,25195318,16.683,5,0,265965513.0,25.758,0.152,8
startup,25211961,16.643,5,0,266263785.0,25.758,0.152,8
startup,25228628,16.667,5,0,266359277.0,25.758,0.152,9
startup,25279309,50.681,4,0,266778325.0,25.758,0.152,10
streaming_baseline,25325130,45.821,5,0,266774277.0,25.758,0.152,16455
streaming_baseline,25332899,7.769,4,0,267108525.0,25.758,0.152,12
streaming_baseline,25341609,8.71,4,0,267340633.0,25.758,0.152,13
streaming_baseline,25358280,16.671,4,0,267366065.0,25.758,0.152,11
streaming_baseline,25374949,16.669,4,0,267677593.0,25.758,0.152,12
streaming_baseline,25391624,16.675,4,0,268131181.0,25.758,0.152,12
streaming_baseline,25408291,16.667,4,0,268642357.0,25.758,0.152,11
streaming_baseline,25424953,16.662,4,0,268768597.0,25.758,0.152,12
streaming_baseline,25441635,16.682,4,0,268839957.0,25.758,0.152,13
streaming_baseline,25458297,16.662,4,0,268942049.0,25.758,0.152,13
streaming_baseline,25474990,16.693,4,0,269035581.0,25.758,0.152,13
streaming_baseline,25491607,16.617,4,0,269142761.0,25.758,0.152,13
streaming_baseline,25508274,16.667,2,0,269278953.0,25.758,0.152,12
streaming_baseline,25533030,24.756,5,0,269639309.0,25.758,0.152,17577
streaming_baseline,25541611,8.581,5,0,269930929.0,25.758,0.152,14
streaming_baseline,25558297,16.686,4,0,270160769.0,25.758,0.152,12
streaming_baseline,25574944,16.647,4,0,270263469.0,25.758,0.152,71
streaming_baseline,25591619,16.675,2,0,270485389.0,25.758,0.152,7
streaming_baseline,25614160,22.541,3,0,270828013.0,25.758,0.152,16809
streaming_baseline,25624936,10.776,3,0,270897481.0,25.758,0.152,8
streaming_baseline,25641626,16.69,3,0,270988141.0,25.758,0.152,7
streaming_baseline,25658281,16.655,3,0,271200821.0,25.758,0.152,7
streaming_baseline,25674938,16.657,3,0,271298149.0,25.758,0.152,7
streaming_baseline,25691633,16.695,3,0,271387481.0,25.758,0.152,7
streaming_baseline,25708275,16.642,3,0,271472377.0,25.758,0.152,8
streaming_baseline,25724946,16.671,3,0,271472969.0,25.758,0.152,8
streaming_baseline,25741614,16.668,3,0,271584525.0,25.758,0.152,8
streaming_baseline,25758330,16.716,4,0,271638229.0,25.758,0.152,7
streaming_baseline,25774945,16.615,4,0,271759357.0,25.758,0.152,8
streaming_baseline,25791597,16.652,4,0,271815621.0,25.758,0.152,7
streaming_baseline,25808280,16.683,4,0,271760933.0,25.758,0.152,8
streaming_baseline,25824924,16.644,4,0,271826593.0,25.758,0.152,7
streaming_baseline,25841618,16.694,4,0,271942181.0,25.758,0.152,8
streaming_baseline,25858254,16.636,4,0,272005581.0,25.758,0.152,8
streaming_baseline,25874930,16.676,4,0,272072961.0,25.758,0.152,7
streaming_baseline,25891622,16.692,4,0,272172849.0,25.758,0.152,7
streaming_baseline,25908285,16.663,4,0,272234217.0,25.758,0.152,8
streaming_baseline,25924936,16.651,4,0,272336557.0,25.758,0.152,9
streaming_baseline,25941592,16.656,4,0,272406109.0,25.758,0.152,8
streaming_baseline,25958298,16.706,4,0,272468497.0,25.758,0.152,7
streaming_baseline,25974926,16.628,4,0,272569113.0,25.758,0.152,7
streaming_baseline,25991618,16.692,4,0,272624921.0,25.758,0.152,7
streaming_baseline,26008270,16.652,4,0,272759225.0,25.758,0.152,8
streaming_baseline,26025765,17.495,4,0,272854977.0,50.156,0.27,7
streaming_baseline,26041621,15.856,4,0,272914541.0,50.156,0.27,8
streaming_baseline,26058264,16.643,4,0,273155133.0,50.156,0.27,9
streaming_baseline,26074931,16.667,4,0,273247429.0,50.156,0.27,7
streaming_baseline,26091610,16.679,4,0,273395525.0,50.156,0.27,8
streaming_baseline,26108258,16.648,4,0,273467361.0,50.156,0.27,7
streaming_baseline,26124960,16.702,4,0,273605077.0,50.156,0.27,7
streaming_baseline,26141589,16.629,4,0,273670265.0,50.156,0.27,7
streaming_baseline,26158246,16.657,4,0,273770353.0,50.156,0.27,8
streaming_baseline,26174934,16.688,4,0,273880605.0,50.156,0.27,7
streaming_baseline,26191588,16.654,4,0,273944453.0,50.156,0.27,7
streaming_baseline,26208247,16.659,4,0,274150969.0,50.156,0.27,7
streaming_baseline,26224913,16.666,4,0,274167909.0,50.156,0.27,8
streaming_baseline,26241604,16.691,4,0,274221645.0,50.156,0.27,7
streaming_baseline,26258291,16.687,4,0,274368325.0,50.156,0.27,7
streaming_baseline,26274930,16.639,4,0,274422313.0,50.156,0.27,8
streaming_baseline,26291577,16.647,4,0,274615733.0,50.156,0.27,7
streaming_baseline,26308258,16.681,4,0,274679069.0,50.156,0.27,8
streaming_baseline,26324917,16.659,4,0,274772729.0,50.156,0.27,8
streaming_baseline,26341587,16.67,4,0,274829829.0,50.156,0.27,7
streaming_baseline,26358241,16.654,4,0,274971433.0,50.156,0.27,9
streaming_baseline,26374913,16.672,4,0,275072705.0,50.156,0.27,8
streaming_baseline,26391574,16.661,4,0,275202845.0,50.156,0.27,8
streaming_baseline,26408236,16.662,4,0,275264329.0,50.156,0.27,8
streaming_baseline,26424907,16.671,4,0,275360201.0,50.156,0.27,7
streaming_baseline,26441572,16.665,1,0,275453849.0,50.156,0.27,8
streaming_baseline,26466859,25.287,5,0,275808783.0,50.156,0.27,17281
streaming_baseline,26475226,8.367,6,0,275958163.0,50.156,0.27,7
streaming_baseline,26491576,16.35,6,0,276428003.0,50.156,0.27,7
streaming_baseline,26508258,16.682,6,0,276763735.0,50.156,0.27,7
streaming_baseline,26524910,16.652,6,0,277082431.0,50.156,0.27,7
streaming_baseline,26541580,16.67,5,0,277399927.0,50.156,0.27,7
streaming_baseline,26558236,16.656,5,0,277718007.0,50.156,0.27,7
streaming_baseline,26574896,16.66,4,0,278161071.0,50.156,0.27,7
streaming_baseline,26592756,17.86,4,0,278528147.0,50.156,0.27,8
streaming_baseline,26608241,15.485,4,0,278767247.0,50.156,0.27,7
streaming_baseline,26624896,16.655,4,0,279025967.0,50.156,0.27,8
streaming_baseline,26641571,16.675,4,0,279384503.0,50.156,0.27,8
streaming_baseline,26658252,16.681,4,0,279645039.0,50.156,0.27,7
streaming_baseline,26674899,16.647,4,0,279253151.0,50.156,0.27,7
streaming_baseline,26691705,16.806,4,0,279575643.0,50.156,0.27,8
streaming_baseline,26708269,16.564,4,0,279810695.0,50.156,0.27,7
streaming_baseline,26724895,16.626,4,0,279881179.0,50.156,0.27,7
streaming_baseline,26741556,16.661,4,0,279986571.0,50.156,0.27,7
streaming_baseline,26758230,16.674,3,0,280093371.0,50.156,0.27,7
streaming_baseline,26774892,16.662,3,0,280513400.0,50.156,0.27,7
streaming_baseline,26791560,16.668,3,0,280790527.0,50.156,0.27,7
streaming_baseline,26808228,16.668,3,0,281072167.0,50.156,0.27,7
streaming_baseline,26824906,16.678,3,0,281201879.0,50.156,0.27,7
streaming_baseline,26841560,16.654,3,0,281339455.0,50.156,0.27,7
streaming_baseline,26858287,16.727,3,0,281426647.0,50.156,0.27,7
streaming_baseline,26874931,16.644,0,0,281551715.0,50.156,0.27,8
streaming_baseline,26898918,23.987,1,0,281932917.0,50.156,0.27,17178
streaming_baseline,26908211,9.293,2,0,281914833.0,50.156,0.27,6
streaming_baseline,26924886,16.675,4,0,282137701.0,50.156,0.27,8
streaming_baseline,26941548,16.662,4,0,282241977.0,50.156,0.27,7
streaming_baseline,26958229,16.681,4,0,282349193.0,50.156,0.27,7
streaming_baseline,26974891,16.662,4,0,282448897.0,50.156,0.27,7
streaming_baseline,26991547,16.656,4,0,282516385.0,50.156,0.27,7
streaming_baseline,27008263,16.716,4,0,282645053.0,50.156,0.27,8
streaming_baseline,27024891,16.628,4,0,282710809.0,25.015,0.5,7
streaming_baseline,27041567,16.676,4,0,282825893.0,25.015,0.5,7
streaming_baseline,27058252,16.685,1,0,282904533.0,25.015,0.5,8
streaming_baseline,27082856,24.604,2,0,283475637.0,25.015,0.5,18042
streaming_baseline,27091724,8.868,2,0,283695101.0,25.015,0.5,8
streaming_baseline,27108243,16.519,2,0,283860225.0,25.015,0.5,7
streaming_baseline,27124878,16.635,2,0,284098893.0,25.015,0.5,8
streaming_baseline,27142299,17.421,2,0,284183777.0,25.015,0.5,7
streaming_baseline,27158252,15.953,4,0,284621225.0,25.015,0.5,8
streaming_baseline,27174880,16.628,4,0,284701737.0,25.015,0.5,7
streaming_baseline,27191561,16.681,4,0,284702321.0,25.015,0.5,7
streaming_baseline,27208209,16.648,4,0,284901265.0,25.015,0.5,8
streaming_baseline,27224978,16.769,4,0,285012477.0,25.015,0.5,8
streaming_baseline,27241555,16.577,4,0,285114745.0,25.015,0.5,8
streaming_baseline,27258322,16.767,4,0,285201929.0,25.015,0.5,7
streaming_baseline,27274876,16.554,4,0,285334827.0,25.015,0.5,7
streaming_baseline,27291546,16.67,4,0,285410829.0,25.015,0.5,7
streaming_baseline,27309380,17.834,4,0,285526837.0,25.015,0.5,7
streaming_baseline,27324897,15.517,4,0,285595165.0,25.015,0.5,7
streaming_baseline,27341542,16.645,4,0,285737029.0,25.015,0.5,7
streaming_baseline,27359255,17.713,1,0,285811433.0,25.015,0.5,8
streaming_baseline,27389882,30.627,2,0,286295255.0,25.015,0.5,21729
streaming_baseline,27399276,9.394,5,0,286502783.0,25.015,0.5,7
streaming_baseline,27409134,9.858,5,0,286787015.0,25.015,0.5,8
streaming_baseline,27425098,15.964,5,0,286829183.0,25.015,0.5,9
streaming_baseline,27441545,16.447,5,0,286935875.0,25.015,0.5,8
streaming_baseline,27458980,17.435,5,0,287037087.0,25.015,0.5,7
streaming_baseline,27474891,15.911,5,0,287096655.0,25.015,0.5,8
streaming_baseline,27491529,16.638,5,0,287202511.0,25.015,0.5,8
streaming_baseline,27508871,17.342,5,0,287266487.0,25.015,0.5,7
streaming_baseline,27524874,16.003,5,0,287373883.0,25.015,0.5,8
streaming_baseline,27541551,16.677,4,0,287614931.0,25.015,0.5,8
streaming_baseline,27558710,17.159,4,0,287866571.0,25.015,0.5,7
streaming_baseline,27574912,16.202,2,0,288162451.0,25.015,0.5,8
streaming_baseline,27602128,27.216,3,0,288396691.0,25.015,0.5,20907
streaming_baseline,27610109,7.981,3,0,288431251.0,25.015,0.5,8
streaming_baseline,27624867,14.758,4,0,288659559.0,25.015,0.5,8
streaming_baseline,27641532,16.665,4,0,288911575.0,25.015,0.5,7
streaming_baseline,27658445,16.913,4,0,289016423.0,25.015,0.5,7
streaming_baseline,27674866,16.421,4,0,289200991.0,25.015,0.5,8
streaming_baseline,27691548,16.682,4,0,289311623.0,25.015,0.5,8
streaming_baseline,27708218,16.67,4,0,289476903.0,25.015,0.5,8
streaming_baseline,27724858,16.64,4,0,289611367.0,25.015,0.5,7
streaming_baseline,27741517,16.659,4,0,289898955.0,25.015,0.5,7
streaming_baseline,27758189,16.672,4,0,289873311.0,25.015,0.5,8
streaming_baseline,27774898,16.709,4,0,290028539.0,25.015,0.5,7
streaming_baseline,27791541,16.643,1,0,290104727.0,25.015,0.5,8
streaming_baseline,27819623,28.082,2,0,290537245.0,25.015,0.5,19619
streaming_baseline,27827518,7.895,3,0,290845225.0,25.015,0.5,7
streaming_baseline,27841527,14.009,3,0,291126741.0,25.015,0.5,7
streaming_baseline,27858316,16.789,4,0,291205169.0,25.015,0.5,7
streaming_baseline,27874856,16.54,4,0,291496337.0,25.015,0.5,7
streaming_baseline,27891534,16.678,1,0,291532193.0,25.015,0.5,8
streaming_baseline,27919324,27.79,2,0,291918513.0,25.015,0.5,19305
streaming_baseline,27927846,8.522,3,0,291931089.0,25.015,0.5,8
streaming_baseline,27941513,13.667,3,0,292038653.0,25.015,0.5,8
streaming_baseline,27958197,16.684,3,0,292109285.0,25.015,0.5,9
streaming_baseline,27974851,16.654,4,0,292329893.0,25.015,0.5,7
streaming_baseline,27991517,16.666,4,0,292441693.0,25.015,0.5,8
streaming_baseline,28008195,16.678,4,0,292527229.0,25.015,0.5,8
streaming_baseline,28024852,16.657,4,0,292647293.0,30.382,0.39,8
streaming_baseline,28041541,16.689,4,0,292704693.0,30.382,0.39,7
streaming_baseline,28058179,16.638,4,0,292847725.0,30.382,0.39,8
streaming_baseline,28074886,16.707,3,0,292914881.0,30.382,0.39,8
streaming_baseline,28091527,16.641,4,0,293097477.0,30.382,0.39,7
streaming_baseline,28108193,16.666,4,0,293387061.0,30.382,0.39,8
streaming_baseline,28124856,16.663,4,0,293670709.0,30.382,0.39,7
streaming_baseline,28141518,16.662,4,0,293760905.0,30.382,0.39,7
streaming_baseline,28158424,16.906,4,0,293993957.0,30.382,0.39,7
streaming_baseline,28174861,16.437,4,0,293893125.0,30.382,0.39,7
streaming_baseline,28191505,16.644,4,0,294001817.0,30.382,0.39,8
streaming_baseline,28208304,16.799,4,0,294060829.0,30.382,0.39,6
streaming_baseline,28224835,16.531,4,0,294174013.0,30.382,0.39,8
streaming_baseline,28241665,16.83,4,0,294280989.0,30.382,0.39,8
streaming_baseline,28258211,16.546,1,0,294294777.0,30.382,0.39,7
streaming_baseline,28282941,24.73,2,0,294750353.0,30.382,0.39,18324
streaming_baseline,28291492,8.551,3,0,294996569.0,30.382,0.39,8
streaming_baseline,28308182,16.69,3,0,295362061.0,30.382,0.39,6
streaming_baseline,28324858,16.676,4,0,295366837.0,30.382,0.39,8
streaming_baseline,28341514,16.656,4,0,295378793.0,30.382,0.39,8
streaming_baseline,28358188,16.674,4,0,295379381.0,30.382,0.39,7
streaming_baseline,28374829,16.641,4,0,295607405.0,30.382,0.39,8
streaming_baseline,28391500,16.671,4,0,295681709.0,30.382,0.39,7
streaming_baseline,28408177,16.677,4,0,295750609.0,30.382,0.39,7
streaming_baseline,28424839,16.662,4,0,295814373.0,30.382,0.39,7
streaming_baseline,28441541,16.702,4,0,295814961.0,30.382,0.39,7
streaming_baseline,28458165,16.624,4,0,296006133.0,30.382,0.39,8
streaming_baseline,28474850,16.685,4,0,296085025.0,30.382,0.39,7
streaming_baseline,28491497,16.647,4,0,296209217.0,30.382,0.39,8
streaming_baseline,28508173,16.676,4,0,296278625.0,30.382,0.39,8
streaming_baseline,28524853,16.68,4,0,296279209.0,30.382,0.39,8
streaming_baseline,28541490,16.637,4,0,296498909.0,30.382,0.39,8
streaming_baseline,28558150,16.66,4,0,296604449.0,30.382,0.39,7
streaming_baseline,28574812,16.662,4,0,296690301.0,30.382,0.39,7
streaming_baseline,28591495,16.683,3,0,296915297.0,30.382,0.39,7
streaming_baseline,28608165,16.67,3,0,297094345.0,30.382,0.39,7
streaming_baseline,28624842,16.677,3,0,297347913.0,30.382,0.39,7
streaming_baseline,28641485,16.643,3,0,297457185.0,30.382,0.39,8
streaming_baseline,28658212,16.727,3,0,297820389.0,30.382,0.39,6
streaming_baseline,28674820,16.608,4,0,298044733.0,30.382,0.39,7
streaming_baseline,28691485,16.665,4,0,298039645.0,30.382,0.39,8
streaming_baseline,28708147,16.662,4,0,298107401.0,30.382,0.39,7
streaming_baseline,28724818,16.671,4,0,298226209.0,30.382,0.39,8
streaming_baseline,28741489,16.671,4,0,298286209.0,30.382,0.39,7
streaming_baseline,28758151,16.662,4,0,298443005.0,30.382,0.39,8
streaming_baseline,28774817,16.666,1,0,298510561.0,30.382,0.39,7
streaming_baseline,28803871,29.054,5,0,299035735.0,30.382,0.39,19612
streaming_baseline,28811798,7.927,5,0,299201535.0,30.382,0.39,8
streaming_baseline,28824825,13.027,5,0,299517263.0,30.382,0.39,8
streaming_baseline,28841478,16.653,5,0,299680387.0,30.382,0.39,8
streaming_baseline,28858159,16.681,5,0,299707019.0,30.382,0.39,7
streaming_baseline,28874807,16.648,5,0,299799791.0,30.382,0.39,8
streaming_baseline,28891482,16.675,5,0,299862395.0,30.382,0.39,7
streaming_baseline,28908176,16.694,5,0,299914487.0,30.382,0.39,7
streaming_baseline,28924817,16.641,5,0,300021219.0,30.382,0.39,8
streaming_baseline,28941466,16.649,5,0,300140575.0,30.382,0.39,11
streaming_baseline,28958139,16.673,5,0,300241075.0,30.382,0.39,7
streaming_baseline,28974820,16.681,5,0,300306379.0,30.382,0.39,8
streaming_baseline,28991485,16.665,5,0,300400159.0,30.382,0.39,7
streaming_baseline,29008129,16.644,5,0,300462579.0,30.382,0.39,7
streaming_baseline,29024818,16.689,5,0,300518007.0,28.825,0.244,7
streaming_baseline,29041543,16.725,5,0,300624207.0,28.825,0.244,8
streaming_baseline,29058163,16.62,5,0,300681939.0,28.825,0.244,8
streaming_baseline,29074816,16.653,5,0,300781959.0,28.825,0.244,7
streaming_baseline,29091465,16.649,5,0,300838211.0,28.825,0.244,7
streaming_baseline,29108132,16.667,5,0,300937515.0,28.825,0.244,7
streaming_baseline,29124816,16.684,5,0,300994291.0,28.825,0.244,7
streaming_baseline,29141461,16.645,5,0,301089415.0,28.825,0.244,7
streaming_baseline,29158129,16.668,5,0,301151835.0,28.825,0.244,7
streaming_baseline,29174812,16.683,5,0,301204707.0,28.825,0.244,7
streaming_baseline,29191453,16.641,5,0,301297447.0,28.825,0.244,8
streaming_baseline,29208149,16.696,5,0,301355491.0,28.825,0.244,8
streaming_baseline,29224806,16.657,5,0,301454843.0,28.825,0.244,7
streaming_baseline,29241509,16.703,5,0,301513299.0,28.825,0.244,8
streaming_baseline,29258149,16.64,5,0,301608923.0,28.825,0.244,7
streaming_baseline,29274804,16.655,5,0,301665279.0,28.825,0.244,8
streaming_baseline,29291466,16.662,5,0,301761467.0,28.825,0.244,9
streaming_baseline,29308147,16.681,5,0,301816439.0,28.825,0.244,8
streaming_baseline,29324786,16.639,5,0,301914691.0,28.825,0.244,8
streaming_baseline,29341469,16.683,5,0,301969127.0,28.825,0.244,7
streaming_baseline,29358383,16.914,5,0,302067619.0,28.825,0.244,7
streaming_baseline,29374799,16.416,5,0,302122823.0,28.825,0.244,7
streaming_baseline,29391452,16.653,5,0,302221327.0,28.825,0.244,7
streaming_baseline,29408127,16.675,5,0,302275663.0,28.825,0.244,7
streaming_baseline,29424788,16.661,5,0,302374571.0,28.825,0.244,8
streaming_baseline,29441455,16.667,5,0,302470815.0,28.825,0.244,8
streaming_baseline,29458118,16.663,5,0,302531343.0,28.825,0.244,7
streaming_baseline,29474816,16.698,5,0,302624759.0,28.825,0.244,7
streaming_baseline,29491457,16.641,4,0,302686951.0,28.825,0.244,8
streaming_baseline,29508134,16.677,4,0,303041527.0,28.825,0.244,8
streaming_baseline,29524795,16.661,4,0,303256843.0,28.825,0.244,7
streaming_baseline,29541450,16.655,4,0,303552495.0,28.825,0.244,7
streaming_baseline,29558117,16.667,4,0,303861487.0,28.825,0.244,7
streaming_baseline,29574799,16.682,4,0,304098431.0,28.825,0.244,7
streaming_baseline,29591468,16.669,4,0,304419675.0,28.825,0.244,7
streaming_baseline,29608139,16.671,4,0,304679859.0,28.825,0.244,7
streaming_baseline,29624792,16.653,4,0,304932331.0,28.825,0.244,7
streaming_baseline,29641452,16.66,4,0,305324067.0,28.825,0.244,7
streaming_baseline,29658115,16.663,4,0,306668067.0,28.825,0.244,7
streaming_baseline,29674796,16.681,4,0,307017791.0,28.825,0.244,7
streaming_baseline,29691446,16.65,4,0,307259727.0,28.825,0.244,8
streaming_baseline,29708125,16.679,4,0,307579911.0,28.825,0.244,8
streaming_baseline,29724785,16.66,4,0,307058959.0,28.825,0.244,7
streaming_baseline,29741440,16.655,4,0,307206103.0,28.825,0.244,7
streaming_baseline,29758104,16.664,4,0,307296579.0,28.825,0.244,8
streaming_baseline,29774826,16.722,4,0,307393495.0,28.825,0.244,10
streaming_baseline,29791452,16.626,4,0,307541847.0,28.825,0.244,7
streaming_baseline,29808110,16.658,4,0,307627399.0,28.825,0.244,8
streaming_baseline,29824761,16.651,4,0,307692195.0,28.825,0.244,8
streaming_baseline,29841466,16.705,4,0,307752451.0,28.825,0.244,7
streaming_baseline,29858112,16.646,4,0,307871491.0,28.825,0.244,9
streaming_baseline,29874777,16.665,4,0,307938827.0,28.825,0.244,8
streaming_baseline,29891455,16.678,4,0,307995979.0,28.825,0.244,7
streaming_baseline,29910047,18.592,4,0,308114939.0,28.825,0.244,8
streaming_baseline,29924778,14.731,4,0,308166827.0,28.825,0.244,8
streaming_baseline,29941445,16.667,4,0,308230731.0,28.825,0.244,8
streaming_baseline,29958102,16.657,4,0,308347219.0,28.825,0.244,7
streaming_baseline,29974763,16.661,4,0,308406123.0,28.825,0.244,7
streaming_baseline,29991478,16.715,4,0,308517451.0,28.825,0.244,8
streaming_baseline,30008094,16.616,4,0,308577363.0,28.825,0.244,7
streaming_baseline,30024779,16.685,4,0,308639339.0,8.231,0.236,7
streaming_baseline,30041436,16.657,4,0,308796899.0,8.231,0.236,8
streaming_baseline,30058123,16.687,4,0,308888835.0,8.231,0.236,7
streaming_baseline,30074761,16.638,4,0,308808803.0,8.231,0.236,7
streaming_baseline,30091490,16.729,4,0,308913935.0,8.231,0.236,8
streaming_baseline,30108096,16.606,4,0,308984819.0,8.231,0.236,8
streaming_baseline,30124759,16.663,4,0,309096587.0,8.231,0.236,8
streaming_baseline,30141441,16.682,4,0,309154703.0,8.231,0.236,7
streaming_baseline,30158081,16.64,4,0,309255619.0,8.231,0.236,8
streaming_baseline,30174757,16.676,4,0,309344375.0,8.231,0.236,7
streaming_baseline,30191416,16.659,4,0,309495043.0,8.231,0.236,7
streaming_baseline,30208080,16.664,4,0,309581863.0,8.231,0.236,7
streaming_baseline,30224752,16.672,4,0,309657839.0,8.231,0.236,8
streaming_baseline,30241419,16.667,4,0,309758819.0,8.231,0.236,8
compact_history_control,30269822,28.403,5,0,309739495.0,8.231,0.236,8
compact_history_control,30277461,7.639,5,0,309842899.0,8.231,0.236,8
compact_history_control,30291421,13.96,3,0,309908803.0,8.231,0.236,8
compact_history_control,30308088,16.667,4,0,310157135.0,8.231,0.236,7
compact_history_control,30333002,24.914,3,0,311417425.0,8.231,0.236,18283
compact_history_control,30342218,9.216,3,2,311835001.0,8.231,0.236,480
compact_history_control,30358072,15.854,5,2,311527613.0,8.231,0.236,495
compact_history_control,30374732,16.66,6,2,311795253.0,8.231,0.236,478
compact_history_control,30391394,16.662,6,2,312062853.0,8.231,0.236,480
compact_history_control,30408049,16.655,6,2,312338681.0,8.231,0.236,527
compact_history_control,30426645,18.596,6,2,312632413.0,8.231,0.236,474
compact_history_control,30441446,14.801,6,2,312900989.0,8.231,0.236,583
compact_history_control,30459052,17.606,6,2,313159753.0,8.231,0.236,2539
compact_history_control,30476531,17.479,6,2,313413733.0,8.231,0.236,481
compact_history_control,30491444,14.913,6,2,313595209.0,8.231,0.236,482
compact_history_control,30508047,16.603,6,2,313866597.0,8.231,0.236,487
compact_history_control,30524731,16.684,6,2,314144933.0,8.231,0.236,475
compact_history_control,30541382,16.651,6,2,314411857.0,8.231,0.236,484
compact_history_control,30558041,16.659,6,2,314674109.0,8.231,0.236,2275
compact_history_control,30574718,16.677,6,2,314988139.0,8.231,0.236,477
compact_history_control,30591389,16.671,6,2,314562193.0,8.231,0.236,473
compact_history_control,30608038,16.649,6,2,314626461.0,8.231,0.236,7917
compact_history_control,30626386,18.348,6,2,314685765.0,8.231,0.236,8
compact_history_control,30641374,14.988,6,2,314777309.0,8.231,0.236,8
compact_history_control,30658033,16.659,6,2,314837613.0,8.231,0.236,8
compact_history_control,30674765,16.732,6,2,314931885.0,8.231,0.236,8
compact_history_control,30691376,16.611,6,2,314990525.0,8.231,0.236,7
compact_history_control,30708038,16.662,6,2,315092273.0,8.231,0.236,7
compact_history_control,30724827,16.789,6,2,315145621.0,8.231,0.236,7
compact_history_control,30741364,16.537,6,2,315244245.0,8.231,0.236,8
compact_history_control,30758039,16.675,6,2,315377505.0,8.231,0.236,7
compact_history_control,30775051,17.012,6,2,315450053.0,8.231,0.236,7
compact_history_control,30791375,16.324,6,2,315505253.0,8.231,0.236,8
compact_history_control,30808024,16.649,6,2,315609025.0,8.231,0.236,7
compact_history_control,30825122,17.098,6,2,315699465.0,8.231,0.236,7
compact_history_control,30841360,16.238,6,2,315764369.0,8.231,0.236,12
compact_history_control,30858027,16.667,6,2,315914913.0,8.231,0.236,7
compact_history_control,30876717,18.69,6,2,316074329.0,8.231,0.236,8
compact_history_control,30891355,14.638,6,2,316203265.0,8.231,0.236,9
compact_history_control,30908028,16.673,6,2,316475825.0,8.231,0.236,8
compact_history_control,30924782,16.754,6,2,316561341.0,8.231,0.236,8
compact_history_control,30941360,16.578,6,2,316753229.0,8.231,0.236,7
compact_history_control,30958028,16.668,6,2,316906121.0,8.231,0.236,8
compact_history_control,30974689,16.661,6,2,316950729.0,8.231,0.236,8
compact_history_control,30991356,16.667,6,2,316997929.0,8.231,0.236,6
compact_history_control,31008043,16.687,4,2,317034057.0,8.231,0.236,8
compact_history_control,31024689,16.646,4,2,317381037.0,28.147,2.168,8
compact_history_control,31041351,16.662,2,2,317438693.0,28.147,2.168,7
compact_history_control,31058023,16.672,2,2,317660577.0,28.147,2.168,9
compact_history_control,31074706,16.683,5,2,317460833.0,28.147,2.168,7
compact_history_control,31091375,16.669,6,2,317776109.0,28.147,2.168,7
compact_history_control,31108023,16.648,6,2,318078537.0,28.147,2.168,7
compact_history_control,31124690,16.667,6,2,318422821.0,28.147,2.168,7
compact_history_control,31141361,16.671,6,2,318687565.0,28.147,2.168,7
compact_history_control,31158036,16.675,6,2,318979505.0,28.147,2.168,7
compact_history_control,31174692,16.656,6,2,319318413.0,28.147,2.168,7
compact_history_control,31191353,16.661,6,2,319616945.0,28.147,2.168,7
compact_history_control,31208018,16.665,6,2,319958321.0,28.147,2.168,7
compact_history_control,31224698,16.68,6,2,320273329.0,28.147,2.168,7
compact_history_control,31241357,16.659,4,2,320844341.0,28.147,2.168,6
compact_history_control,31258039,16.682,0,2,321095185.0,28.147,2.168,7
compact_history_control,31274721,16.682,0,2,321322445.0,28.147,2.168,7
compact_history_control,31291453,16.732,2,2,321294665.0,28.147,2.168,8
compact_history_control,31308024,16.571,0,2,321554557.0,28.147,2.168,7
compact_history_control,31331113,23.089,0,2,321264855.0,28.147,2.168,16329
compact_history_control,31341339,10.226,0,2,321438763.0,28.147,2.168,7
compact_history_control,31358162,16.823,0,2,321698059.0,28.147,2.168,8
compact_history_control,31374691,16.529,2,2,321488283.0,28.147,2.168,7
compact_history_control,31391354,16.663,0,2,321796935.0,28.147,2.168,7
compact_history_control,31413476,22.122,0,2,322032169.0,28.147,2.168,16025
compact_history_control,31424668,11.192,0,2,322203797.0,28.147,2.168,12
compact_history_control,31441362,16.694,0,2,322459977.0,28.147,2.168,9
compact_history_control,31458014,16.652,3,2,322621233.0,28.147,2.168,8
compact_history_control,31474672,16.658,2,2,322740041.0,28.147,2.168,6
compact_history_control,31491363,16.691,0,2,323007129.0,28.147,2.168,8
compact_history_control,31508011,16.648,0,2,323231597.0,28.147,2.168,7
compact_history_control,31524678,16.667,4,2,323241905.0,28.147,2.168,7
compact_history_control,31541340,16.662,3,2,323687117.0,28.147,2.168,8
compact_history_control,31558021,16.681,2,2,324356225.0,28.147,2.168,8
compact_history_control,31574668,16.647,0,2,324342809.0,28.147,2.168,8
compact_history_control,31591341,16.673,4,2,324319617.0,28.147,2.168,7
compact_history_control,31608000,16.659,3,2,324764725.0,28.147,2.168,7
compact_history_control,31624677,16.677,2,2,325268633.0,28.147,2.168,7
compact_history_control,31641343,16.666,0,2,325416629.0,28.147,2.168,8
compact_history_control,31658001,16.658,4,2,325402609.0,28.147,2.168,7
compact_history_control,31674680,16.679,3,2,325794644.0,28.147,2.168,7
compact_history_control,31691346,16.666,2,2,326287289.0,28.147,2.168,8
compact_history_control,31708068,16.722,0,2,326514257.0,28.147,2.168,7
compact_history_control,31724664,16.596,4,2,326377757.0,28.147,2.168,7
compact_history_control,31741348,16.684,6,2,326612709.0,28.147,2.168,8
compact_history_control,31758002,16.654,6,2,327003965.0,28.147,2.168,8
compact_history_control,31774666,16.664,4,2,327292253.0,28.147,2.168,7
compact_history_control,31791349,16.683,4,2,327574037.0,28.147,2.168,8
compact_history_control,31809786,18.437,3,2,327604569.0,28.147,2.168,9
compact_history_control,31824665,14.879,4,2,327541765.0,28.147,2.168,7
compact_history_control,31841347,16.682,5,2,327782653.0,28.147,2.168,7
compact_history_control,31859685,18.338,3,2,328123069.0,28.147,2.168,7
compact_history_control,31874721,15.036,3,2,328492537.0,28.147,2.168,8
compact_history_control,31891332,16.611,0,2,328565541.0,28.147,2.168,7
compact_history_control,31909549,18.217,5,2,328478605.0,28.147,2.168,7
compact_history_control,31924760,15.211,7,2,328843609.0,28.147,2.168,8
compact_history_control,31941402,16.642,5,2,329175101.0,28.147,2.168,7
compact_history_control,31959389,17.987,5,2,329520849.0,28.147,2.168,8
compact_history_control,31974656,15.267,4,2,329512213.0,28.147,2.168,7
compact_history_control,31991321,16.665,4,2,329742325.0,28.147,2.168,8
compact_history_control,32009250,17.929,4,2,329481205.0,28.147,2.168,7
compact_history_control,32024659,15.409,5,2,329756721.0,22.876,0.223,7
compact_history_control,32041339,16.68,5,2,330089821.0,22.876,0.223,7
compact_history_control,32059128,17.789,5,2,330437873.0,22.876,0.223,7
compact_history_control,32074656,15.528,5,2,330751761.0,22.876,0.223,8
compact_history_control,32091346,16.69,5,2,331013257.0,22.876,0.223,7
compact_history_control,32108980,17.634,5,2,331297973.0,22.876,0.223,8
compact_history_control,32124691,15.711,5,2,331658985.0,22.876,0.223,7
compact_history_control,32141319,16.628,5,2,332024249.0,22.876,0.223,8
compact_history_control,32158843,17.524,3,2,332291221.0,22.876,0.223,7
compact_history_control,32174662,15.819,3,2,332698637.0,22.876,0.223,7
compact_history_control,32191315,16.653,2,2,332763113.0,22.876,0.223,7
compact_history_control,32208701,17.386,4,2,332680565.0,22.876,0.223,7
compact_history_control,32224659,15.958,5,2,332920181.0,22.876,0.223,8
compact_history_control,32241308,16.649,5,2,333115509.0,22.876,0.223,7
compact_history_control,32257986,16.678,5,2,333350533.0,22.876,0.223,7
compact_history_control,32274649,16.663,5,2,333588069.0,22.876,0.223,7
compact_history_control,32291314,16.665,5,2,333793937.0,22.876,0.223,9
compact_history_control,32308337,17.023,5,2,334131469.0,22.876,0.223,7
compact_history_control,32324657,16.32,5,2,334214725.0,22.876,0.223,8
compact_history_control,32341309,16.652,5,2,334332497.0,22.876,0.223,8
compact_history_control,32357974,16.665,5,2,334453945.0,22.876,0.223,7
compact_history_control,32374641,16.667,1,2,334605393.0,22.876,0.223,8
compact_history_control,32391319,16.678,3,2,334769429.0,22.876,0.223,8
compact_history_control,32408261,16.942,1,2,334841741.0,22.876,0.223,8
compact_history_control,32424647,16.386,5,2,334751741.0,22.876,0.223,7
compact_history_control,32441320,16.673,6,2,334881741.0,22.876,0.223,9
compact_history_control,32457994,16.674,6,2,335231777.0,22.876,0.223,8
compact_history_control,32474644,16.65,6,2,335437233.0,22.876,0.223,7
compact_history_control,32491295,16.651,6,2,335482953.0,22.876,0.223,7
compact_history_control,32507961,16.666,6,2,335588441.0,22.876,0.223,7
compact_history_control,32524620,16.659,6,2,335661093.0,22.876,0.223,7
compact_history_control,32541293,16.673,6,2,335768269.0,22.876,0.223,7
compact_history_control,32557972,16.679,6,2,335834501.0,22.876,0.223,8
compact_history_control,32574631,16.659,6,2,335942869.0,22.876,0.223,7
compact_history_control,32591302,16.671,3,2,336041017.0,22.876,0.223,7
compact_history_control,32607968,16.666,4,2,336423229.0,22.876,0.223,7
compact_history_control,32624638,16.67,3,2,336539993.0,22.876,0.223,7
compact_history_control,32641300,16.662,3,2,336653045.0,22.876,0.223,9
compact_history_control,32657967,16.667,4,2,336477353.0,22.876,0.223,6
compact_history_control,32674650,16.683,5,2,336732933.0,22.876,0.223,8
compact_history_control,32691316,16.666,5,2,336825209.0,22.876,0.223,8
compact_history_control,32707954,16.638,5,2,337136161.0,22.876,0.223,7
compact_history_control,32724734,16.78,5,2,337071265.0,22.876,0.223,7
compact_history_control,32741295,16.561,5,2,337163153.0,22.876,0.223,8
compact_history_control,32757956,16.661,5,2,337225825.0,22.876,0.223,8
compact_history_control,32774618,16.662,5,2,337319505.0,22.876,0.223,6
compact_history_control,32791288,16.67,5,2,337382805.0,22.876,0.223,7
compact_history_control,32807955,16.667,5,2,337472665.0,22.876,0.223,8
compact_history_control,32824622,16.667,5,2,337537653.0,22.876,0.223,7
compact_history_control,32841279,16.657,5,2,337626385.0,22.876,0.223,8
compact_history_control,32857966,16.687,5,2,337690573.0,22.876,0.223,7
compact_history_control,32874636,16.67,5,2,337742473.0,22.876,0.223,7
compact_history_control,32891282,16.646,5,2,337845305.0,22.876,0.223,6
compact_history_control,32907949,16.667,5,2,337899217.0,22.876,0.223,8
compact_history_control,32924618,16.669,5,2,337998525.0,22.876,0.223,8
compact_history_control,32941270,16.652,5,2,338052921.0,22.876,0.223,8
compact_history_control,32957941,16.671,5,2,338152473.0,22.876,0.223,7
compact_history_control,32974613,16.672,5,2,338210177.0,22.876,0.223,7
compact_history_control,32991273,16.66,5,2,338308837.0,22.876,0.223,7
compact_history_control,33007966,16.693,5,2,338363869.0,22.876,0.223,7
compact_history_control,33024613,16.647,5,2,338464349.0,13.59,0.489,8
compact_history_control,33041272,16.659,5,2,338522001.0,13.59,0.489,8
compact_history_control,33057938,16.666,5,2,338618893.0,13.59,0.489,7
compact_history_control,33074607,16.669,5,2,338688337.0,13.59,0.489,7
compact_history_control,33091279,16.672,5,2,338779209.0,13.59,0.489,7
compact_history_control,33107948,16.669,5,2,338839753.0,13.59,0.489,7
compact_history_control,33124602,16.654,5,2,338938345.0,13.59,0.489,7
compact_history_control,33141274,16.672,5,2,339004093.0,13.59,0.489,7
compact_history_control,33157949,16.675,5,2,339059589.0,13.59,0.489,7
compact_history_control,33174609,16.66,5,2,339265005.0,13.59,0.489,8
compact_history_control,33191270,16.661,5,2,339395649.0,13.59,0.489,7
compact_history_control,33207932,16.662,5,2,339540105.0,13.59,0.489,10
compact_history_control,33224613,16.681,5,2,339837477.0,13.59,0.489,7
compact_history_control,33241263,16.65,5,2,339895645.0,13.59,0.489,7
compact_history_control,33257928,16.665,5,2,340081989.0,13.59,0.489,7
compact_history_control,33274595,16.667,5,2,340229013.0,13.59,0.489,8
compact_history_control,33291257,16.662,5,2,340271537.0,13.59,0.489,8
compact_history_control,33307925,16.668,5,2,340319573.0,13.59,0.489,7
compact_history_control,33324601,16.676,3,2,340354865.0,13.59,0.489,7
compact_history_control,33341262,16.661,3,2,340717449.0,13.59,0.489,7
compact_history_control,33357947,16.685,0,2,340769469.0,13.59,0.489,8
compact_history_control,33374595,16.648,0,2,341035069.0,13.59,0.489,8
compact_history_control,33391262,16.667,5,2,340808985.0,13.59,0.489,8
compact_history_control,33407927,16.665,5,2,341198157.0,13.59,0.489,7
compact_history_control,33424592,16.665,5,2,341494357.0,13.59,0.489,7
compact_history_control,33441269,16.677,4,2,341534629.0,13.59,0.489,7
compact_history_control,33457925,16.656,4,2,341422353.0,13.59,0.489,8
compact_history_control,33474598,16.673,5,2,341668721.0,13.59,0.489,7
compact_history_control,33491266,16.668,5,2,342016113.0,13.59,0.489,6
compact_history_control,33507932,16.666,5,2,342289457.0,13.59,0.489,7
compact_history_control,33524595,16.663,5,2,342596429.0,13.59,0.489,7
compact_history_control,33541259,16.664,5,2,342890829.0,13.59,0.489,7
compact_history_control,33557934,16.675,5,2,343206281.0,13.59,0.489,9
compact_history_control,33574584,16.65,5,2,343524217.0,13.59,0.489,8
compact_history_control,33591250,16.666,5,2,343742937.0,13.59,0.489,6
compact_history_control,33607929,16.679,5,2,344083517.0,13.59,0.489,6
compact_history_control,33624581,16.652,3,2,343771789.0,13.59,0.489,6
compact_history_control,33641246,16.665,3,2,343961309.0,13.59,0.489,7
compact_history_control,33657912,16.666,2,2,343939933.0,13.59,0.489,10
compact_history_control,33674578,16.666,4,2,343952661.0,13.59,0.489,7
compact_history_control,33691249,16.671,5,2,344297971.0,13.59,0.489,7
compact_history_control,33707914,16.665,5,2,344512649.0,13.59,0.489,7
compact_history_control,33724588,16.674,5,2,344857485.0,13.59,0.489,7
compact_history_control,33741244,16.656,5,2,344764921.0,13.59,0.489,7
compact_history_control,33757918,16.674,5,2,344918493.0,13.59,0.489,7
compact_history_control,33774578,16.66,5,2,345058589.0,13.59,0.489,7
compact_history_control,33791246,16.668,5,2,345117529.0,13.59,0.489,7
compact_history_control,33807905,16.659,5,2,345220333.0,13.59,0.489,7
compact_history_control,33824574,16.669,5,2,345283513.0,13.59,0.489,7
compact_history_control,33841252,16.678,5,2,345430457.0,13.59,0.489,8
compact_history_control,33857906,16.654,5,2,345610013.0,13.59,0.489,8
compact_history_control,33874571,16.665,5,2,345672581.0,13.59,0.489,7
compact_history_control,33891246,16.675,5,2,345769981.0,13.59,0.489,7
compact_history_control,33907923,16.677,5,2,345834061.0,13.59,0.489,7
compact_history_control,33924573,16.65,5,2,345951021.0,13.59,0.489,7
compact_history_control,33941238,16.665,5,2,346049261.0,13.59,0.489,7
compact_history_control,33957902,16.664,5,2,346235761.0,13.59,0.489,8
compact_history_control,33974566,16.664,5,2,346328197.0,13.59,0.489,8
compact_history_control,33991234,16.668,5,2,346398269.0,13.59,0.489,7
compact_history_control,34007912,16.678,5,2,346496785.0,13.59,0.489,8
compact_history_control,34024566,16.654,5,2,346559857.0,13.103,0.165,7
compact_history_control,34041251,16.685,5,2,346738581.0,13.103,0.165,8
compact_history_control,34057907,16.656,5,2,346845125.0,13.103,0.165,8
compact_history_control,34074576,16.669,5,2,346945973.0,13.103,0.165,8
compact_history_control,34091230,16.654,5,2,347002141.0,13.103,0.165,7
compact_history_control,34107906,16.676,5,2,347106549.0,13.103,0.165,7
compact_history_control,34124596,16.69,5,2,347168305.0,13.103,0.165,8
compact_history_control,34141235,16.639,5,2,347316201.0,13.103,0.165,7
compact_history_control,34157906,16.671,5,2,347425601.0,13.103,0.165,7
compact_history_control,34174562,16.656,5,2,347523405.0,13.103,0.165,7
compact_history_control,34191233,16.671,5,2,347580633.0,13.103,0.165,7
compact_history_control,34207909,16.676,5,2,347682693.0,13.103,0.165,8
compact_history_control,34224559,16.65,5,2,347746541.0,13.103,0.165,7
compact_history_control,34241231,16.672,5,2,347893157.0,13.103,0.165,7
compact_history_control,34257889,16.658,5,2,348043881.0,13.103,0.165,7
compact_history_control,34274566,16.677,5,2,348105173.0,13.103,0.165,7
compact_history_control,34291223,16.657,5,2,348206937.0,13.103,0.165,7
compact_history_control,34307890,16.667,5,2,348265637.0,13.103,0.165,7
compact_history_control,34324554,16.664,5,2,348367081.0,13.103,0.165,7
compact_history_control,34341224,16.67,5,2,348550977.0,13.103,0.165,8
compact_history_control,34357890,16.666,5,2,348611073.0,13.103,0.165,8
compact_history_control,34374547,16.657,5,2,348713709.0,13.103,0.165,7
compact_history_control,34391231,16.684,5,2,348771337.0,13.103,0.165,7
compact_history_control,34407884,16.653,5,2,348874693.0,13.103,0.165,7
compact_history_control,34424556,16.672,1,2,348941589.0,13.103,0.165,8
compact_history_control,34441221,16.665,3,2,349285425.0,13.103,0.165,7
compact_history_control,34457880,16.659,1,2,349331985.0,13.103,0.165,7
compact_history_control,34474544,16.664,5,2,349322641.0,13.103,0.165,7
compact_history_control,34491210,16.666,6,2,349583849.0,13.103,0.165,8
compact_history_control,34507882,16.672,6,2,349882845.0,13.103,0.165,6
compact_history_control,34524546,16.664,6,2,350129153.0,13.103,0.165,7
compact_history_control,34541213,16.667,6,2,350361217.0,13.103,0.165,7
compact_history_control,34557905,16.692,6,2,350724113.0,13.103,0.165,7
compact_history_control,34574549,16.644,6,2,351038497.0,13.103,0.165,7
compact_history_control,34591208,16.659,6,2,351320417.0,13.103,0.165,7
compact_history_control,34607881,16.673,6,2,351590329.0,13.103,0.165,7
compact_history_control,34624559,16.678,6,2,351815517.0,13.103,0.165,7
compact_history_control,34641206,16.647,6,2,352141785.0,13.103,0.165,6
compact_history_control,34657872,16.666,6,2,352511189.0,13.103,0.165,7
compact_history_control,34674546,16.674,6,2,352868921.0,13.103,0.165,7
compact_history_control,34691205,16.659,6,2,352441677.0,13.103,0.165,7
compact_history_control,34707884,16.679,6,2,352497793.0,13.103,0.165,7
compact_history_control,34724536,16.652,6,2,352597517.0,13.103,0.165,8
compact_history_control,34741202,16.666,6,2,352733377.0,13.103,0.165,7
compact_history_control,34757940,16.738,6,2,352842561.0,13.103,0.165,8
compact_history_control,34774536,16.596,6,2,352946785.0,13.103,0.165,8
compact_history_control,34791210,16.674,6,2,353002329.0,13.103,0.165,7
compact_history_control,34807864,16.654,6,2,353103621.0,13.103,0.165,7
compact_history_control,34824549,16.685,6,2,353157729.0,13.103,0.165,8
compact_history_control,34841207,16.658,6,2,353290609.0,13.103,0.165,7
compact_history_control,34857863,16.656,6,2,353447997.0,13.103,0.165,8
compact_history_control,34874556,16.693,6,2,353506217.0,13.103,0.165,7
compact_history_control,34891201,16.645,6,2,353608865.0,13.103,0.165,8
compact_history_control,34907864,16.663,6,2,353662289.0,13.103,0.165,8
compact_history_control,34924532,16.668,6,2,353768637.0,13.103,0.165,7
compact_history_control,34941196,16.664,6,2,353950445.0,13.103,0.165,7
compact_history_control,34957863,16.667,6,2,354009009.0,13.103,0.165,7
compact_history_control,34974528,16.665,6,2,354109941.0,13.103,0.165,8
compact_history_control,34991202,16.674,6,2,354168801.0,13.103,0.165,8
compact_history_control,35007855,16.653,6,2,354267809.0,13.103,0.165,7
compact_history_control,35024545,16.69,6,2,354439209.0,9.904,0.214,7
compact_history_control,35041220,16.675,6,2,354496633.0,9.904,0.214,8
compact_history_control,35057859,16.639,6,2,354592377.0,9.904,0.214,7
compact_history_control,35074525,16.666,6,2,354653297.0,9.904,0.214,8
compact_history_control,35091197,16.672,6,2,354753481.0,9.904,0.214,8
compact_history_control,35107876,16.679,6,2,354809985.0,9.904,0.214,8
compact_history_control,35124530,16.654,6,2,354943581.0,9.904,0.214,7
compact_history_control,35141232,16.702,6,2,355072469.0,9.904,0.214,8
compact_history_control,35157864,16.632,6,2,355131413.0,9.904,0.214,7
compact_history_control,35174542,16.678,6,2,355229977.0,9.904,0.214,7
compact_history_control,35191181,16.639,6,2,355296325.0,9.904,0.214,7
compact_history_control,35207854,16.673,6,2,355386341.0,9.904,0.214,7
compact_history_control,35224527,16.673,3,2,355469441.0,9.904,0.214,8
compact_history_control,35241186,16.659,4,2,355748033.0,9.904,0.214,7
compact_history_control,35257844,16.658,3,2,355789805.0,9.904,0.214,7
compact_history_control,35274530,16.686,4,2,355702309.0,9.904,0.214,7
compact_history_control,35291184,16.654,5,2,356027045.0,9.904,0.214,7
compact_history_control,35307846,16.662,5,2,356342425.0,9.904,0.214,7
compact_history_control,35324513,16.667,5,2,356607053.0,9.904,0.214,7
compact_history_control,35341185,16.672,5,2,357031465.0,9.904,0.214,7
compact_history_control,35357843,16.658,5,2,357249021.0,9.904,0.214,6
compact_history_control,35374516,16.673,5,2,357564729.0,9.904,0.214,7
compact_history_control,35391187,16.671,5,2,357880389.0,9.904,0.214,7
compact_history_control,35407840,16.653,5,2,358123301.0,9.904,0.214,7
compact_history_control,35424517,16.677,5,2,358498409.0,9.904,0.214,8
compact_history_control,35441172,16.655,3,2,358763785.0,9.904,0.214,7
compact_history_control,35457849,16.677,3,2,359097789.0,9.904,0.214,7
compact_history_control,35474503,16.654,0,2,359220945.0,9.904,0.214,7
compact_history_control,35491185,16.682,5,2,359228885.0,9.904,0.214,7
compact_history_control,35507849,16.664,7,2,359342601.0,9.904,0.214,6
compact_history_control,35524522,16.673,7,2,359633833.0,9.904,0.214,7
compact_history_control,35541167,16.645,7,2,360049285.0,9.904,0.214,7
compact_history_control,35557843,16.676,7,2,360319833.0,9.904,0.214,7
compact_history_control,35574513,16.67,7,2,360217125.0,9.904,0.214,7
compact_history_control,35591173,16.66,7,2,360334269.0,9.904,0.214,7
compact_history_control,35607835,16.662,7,2,360407269.0,9.904,0.214,7
compact_history_control,35624516,16.681,7,2,360507949.0,9.904,0.214,8
compact_history_control,35641183,16.667,7,2,360508537.0,9.904,0.214,7
compact_history_control,35657850,16.667,7,2,360509125.0,9.904,0.214,7
compact_history_control,35674514,16.664,7,2,360509713.0,9.904,0.214,8
compact_history_control,35691178,16.664,7,2,360684093.0,9.904,0.214,8
compact_history_control,35707857,16.679,7,2,360730809.0,9.904,0.214,7
compact_history_control,35724526,16.669,7,2,360731397.0,9.904,0.214,7
compact_history_control,35741190,16.664,7,2,360731985.0,9.904,0.214,7
compact_history_control,35757843,16.653,7,2,360732573.0,9.904,0.214,7
compact_history_control,35774513,16.67,7,2,360733157.0,9.904,0.214,7
compact_history_control,35791163,16.65,7,2,360992125.0,9.904,0.214,7
compact_history_control,35807825,16.662,7,2,361064041.0,9.904,0.214,7
compact_history_control,35824510,16.685,7,2,361064629.0,9.904,0.214,7
compact_history_control,35841168,16.658,7,2,361165189.0,9.904,0.214,7
compact_history_control,35857844,16.676,7,2,361167797.0,9.904,0.214,7
compact_history_control,35874562,16.718,7,2,361168385.0,9.904,0.214,8
compact_history_control,35891177,16.615,7,2,361168973.0,9.904,0.214,8
compact_history_control,35907837,16.66,7,2,361170685.0,9.904,0.214,8
compact_history_control,35924504,16.667,7,2,361171273.0,9.904,0.214,8
compact_history_control,35941167,16.663,7,2,361353425.0,9.904,0.214,7
compact_history_control,35957833,16.666,7,2,361421669.0,9.904,0.214,8
compact_history_control,35974488,16.655,5,2,361601129.0,9.904,0.214,7
compact_history_control,35991153,16.665,5,2,361968009.0,9.904,0.214,7
compact_history_control,36007817,16.664,4,2,361972157.0,9.904,0.214,6
compact_history_control,36024492,16.675,4,2,361934689.0,11.016,0.212,6
compact_history_control,36041174,16.682,5,2,362194825.0,11.016,0.212,7
compact_history_control,36057826,16.652,5,2,362416933.0,11.016,0.212,10
compact_history_control,36074488,16.662,5,2,362690861.0,11.016,0.212,7
compact_history_control,36091159,16.671,5,2,362659125.0,11.016,0.212,7
compact_history_control,36107821,16.662,5,2,362760593.0,11.016,0.212,8
compact_history_control,36124484,16.663,5,2,362826961.0,11.016,0.212,7
compact_history_control,36141151,16.667,5,2,362968353.0,11.016,0.212,7
compact_history_control,36157838,16.687,5,2,363067061.0,11.016,0.212,7
compact_history_control,36174496,16.658,5,2,363149357.0,11.016,0.212,7
compact_history_control,36191151,16.655,3,2,363285029.0,11.016,0.212,8
compact_history_control,36207824,16.673,3,2,363522181.0,11.016,0.212,8
compact_history_control,36224477,16.653,2,2,363641177.0,11.016,0.212,7
compact_history_control,36241149,16.672,4,2,363525069.0,11.016,0.212,6
compact_history_control,36257821,16.672,5,2,363756665.0,11.016,0.212,8
compact_history_control,36274480,16.659,5,2,364095973.0,11.016,0.212,7
compact_history_control,36291148,16.668,5,2,364064333.0,11.016,0.212,7
compact_history_control,36307813,16.665,5,2,364164405.0,11.016,0.212,7
compact_history_control,36324472,16.659,5,2,364228029.0,11.016,0.212,7
compact_history_control,36341144,16.672,5,2,364318261.0,11.016,0.212,8
compact_history_control,36357803,16.659,5,2,364380181.0,11.016,0.212,7
compact_history_control,36374471,16.668,5,2,364472925.0,11.016,0.212,7
compact_history_control,36391146,16.675,5,2,364535781.0,11.016,0.212,8
compact_history_control,36407809,16.663,5,2,364628821.0,11.016,0.212,7
compact_history_control,36424477,16.668,5,2,364691613.0,11.016,0.212,7
compact_history_control,36441139,16.662,5,2,364780325.0,11.016,0.212,7
compact_history_control,36457806,16.667,5,2,364841893.0,11.016,0.212,9
compact_history_control,36474483,16.677,5,2,364933273.0,11.016,0.212,8
compact_history_control,36491136,16.653,5,2,364997405.0,11.016,0.212,7
compact_history_control,36507802,16.666,5,2,365082905.0,11.016,0.212,7
compact_history_control,36524464,16.662,5,2,365149029.0,11.016,0.212,7
compact_history_control,36541127,16.663,5,2,365239821.0,11.016,0.212,7
compact_history_control,36557811,16.684,5,2,365299997.0,11.016,0.212,7
compact_history_control,36574464,16.653,5,2,365390313.0,11.016,0.212,7
compact_history_control,36591136,16.672,5,2,365455269.0,11.016,0.212,7
compact_history_control,36607794,16.658,5,2,365553469.0,11.016,0.212,7
compact_history_control,36624462,16.668,5,2,365617549.0,11.016,0.212,7
compact_history_control,36641127,16.665,5,2,365710113.0,11.016,0.212,7
compact_history_control,36657798,16.671,5,2,365768229.0,11.016,0.212,7
compact_history_control,36674457,16.659,5,2,365868753.0,11.016,0.212,8
compact_history_control,36691128,16.671,5,2,365934381.0,11.016,0.212,7
compact_history_control,36707814,16.686,5,2,365990509.0,11.016,0.212,7
compact_history_control,36724468,16.654,5,2,366095677.0,11.016,0.212,8
compact_history_control,36741143,16.675,5,2,366148789.0,11.016,0.212,7
compact_history_control,36757816,16.673,5,2,366244541.0,11.016,0.212,9
compact_history_control,36774461,16.645,5,2,366381913.0,11.016,0.212,7
compact_history_control,36791151,16.69,5,2,366515981.0,11.016,0.212,7
compact_history_control,36807809,16.658,5,2,366648749.0,11.016,0.212,9
compact_history_control,36824474,16.665,5,2,366875401.0,11.016,0.212,7
compact_history_control,36841186,16.712,5,2,367036465.0,11.016,0.212,7
compact_history_control,36857809,16.623,5,2,367206809.0,11.016,0.212,7
compact_history_control,36874465,16.656,5,2,367372513.0,11.016,0.212,8
compact_history_control,36891126,16.661,5,2,367467941.0,11.016,0.212,8
compact_history_control,36907809,16.683,5,2,367509541.0,11.016,0.212,8
compact_history_control,36924456,16.647,5,2,367546673.0,11.016,0.212,7
compact_history_control,36941131,16.675,1,2,367584309.0,11.016,0.212,7
compact_history_control,36957794,16.663,3,2,367935481.0,11.016,0.212,7
compact_history_control,36974462,16.668,1,2,367992569.0,11.016,0.212,8
compact_history_control,36991121,16.659,5,2,367890037.0,11.016,0.212,7
expanding_excavation,37056682,65.561,6,2,368206637.0,11.016,0.212,7
expanding_excavation,37064871,8.189,6,2,368371485.0,65.236,0.17,8
expanding_excavation,37073948,9.077,6,2,368599653.0,65.236,0.17,7
expanding_excavation,37090410,16.462,6,2,368890869.0,65.236,0.17,7
expanding_excavation,37106608,16.198,6,2,369167089.0,65.236,0.17,7
expanding_excavation,37123256,16.648,6,2,369312065.0,65.236,0.17,8
expanding_excavation,37140334,17.078,6,2,369594445.0,65.236,0.17,7
expanding_excavation,37156568,16.234,6,2,369862413.0,65.236,0.17,7
expanding_excavation,37173247,16.679,6,2,370015053.0,65.236,0.17,8
expanding_excavation,37190178,16.931,6,2,370303441.0,65.236,0.17,7
expanding_excavation,37206583,16.405,6,2,370548337.0,65.236,0.17,7
expanding_excavation,37223252,16.669,6,2,370670217.0,65.236,0.17,15
expanding_excavation,37239997,16.745,6,2,370977165.0,65.236,0.17,8
expanding_excavation,37256579,16.582,6,2,371232885.0,65.236,0.17,7
expanding_excavation,37273242,16.663,6,2,370720869.0,65.236,0.17,8
expanding_excavation,37289905,16.663,6,2,370820777.0,65.236,0.17,7
expanding_excavation,37306566,16.661,6,2,370990413.0,65.236,0.17,7
expanding_excavation,37323239,16.673,6,2,371085505.0,65.236,0.17,8
expanding_excavation,37339902,16.663,6,2,371149741.0,65.236,0.17,7
expanding_excavation,37356567,16.665,6,2,371248049.0,65.236,0.17,7
expanding_excavation,37373232,16.665,6,2,371334189.0,65.236,0.17,8
expanding_excavation,37389892,16.66,6,2,371465261.0,65.236,0.17,8
expanding_excavation,37406558,16.666,6,2,371575589.0,65.236,0.17,7
expanding_excavation,37423317,16.759,6,2,371751901.0,65.236,0.17,7
expanding_excavation,37439894,16.577,6,2,371859281.0,65.236,0.17,8
expanding_excavation,37456577,16.683,6,2,371940697.0,65.236,0.17,7
expanding_excavation,37473226,16.649,6,2,372147025.0,65.236,0.17,7
expanding_excavation,37489899,16.673,6,2,372217593.0,65.236,0.17,7
expanding_excavation,37506557,16.658,6,2,372320017.0,65.236,0.17,8
expanding_excavation,37523266,16.709,6,2,372411433.0,65.236,0.17,7
expanding_excavation,37539881,16.615,6,2,372601425.0,65.236,0.17,7
expanding_excavation,37556555,16.674,6,2,372781505.0,65.236,0.17,7
expanding_excavation,37573220,16.665,6,2,372929841.0,65.236,0.17,7
expanding_excavation,37589919,16.699,6,2,373054321.0,65.236,0.17,9
expanding_excavation,37606560,16.641,6,2,373431753.0,65.236,0.17,8
expanding_excavation,37623223,16.663,6,2,373476997.0,65.236,0.17,30
expanding_excavation,37639887,16.664,6,2,373620821.0,65.236,0.17,7
expanding_excavation,37656551,16.664,6,2,373662325.0,65.236,0.17,8
expanding_excavation,37673214,16.663,6,2,373704245.0,65.236,0.17,15
expanding_excavation,37689885,16.671,3,2,373748197.0,65.236,0.17,7
expanding_excavation,37708620,18.735,4,2,374250257.0,65.236,0.17,7
expanding_excavation,37733199,24.579,3,2,374406125.0,65.236,0.17,19919
expanding_excavation,37761171,27.972,3,10,374644637.0,65.236,0.17,19910
expanding_excavation,37774574,13.403,4,10,374337841.0,65.236,0.17,418
expanding_excavation,37783290,8.716,5,10,374509541.0,65.236,0.17,390
expanding_excavation,37794504,11.214,5,10,374715625.0,65.236,0.17,2474
expanding_excavation,37811439,16.935,5,10,375001585.0,65.236,0.17,383
expanding_excavation,37827990,16.551,5,10,375287781.0,65.236,0.17,398
expanding_excavation,37844531,16.541,5,10,375476521.0,65.236,0.17,386
expanding_excavation,37861184,16.653,5,10,375732557.0,65.236,0.17,452
expanding_excavation,37878305,17.121,5,10,376039181.0,65.236,0.17,386
expanding_excavation,37894518,16.213,5,10,376318077.0,65.236,0.17,388
expanding_excavation,37911182,16.664,5,10,376553293.0,65.236,0.17,407
expanding_excavation,37928240,17.058,3,10,376840049.0,65.236,0.17,395
expanding_excavation,37944520,16.28,3,10,377117597.0,65.236,0.17,384
expanding_excavation,37961172,16.652,3,10,377199357.0,65.236,0.17,388
expanding_excavation,37978011,16.839,0,10,377567033.0,65.236,0.17,387
expanding_excavation,37994504,16.493,4,10,377393729.0,65.236,0.17,385
expanding_excavation,38011166,16.662,3,10,377633069.0,65.236,0.17,4278
expanding_excavation,38027894,16.728,2,10,378050849.0,27.769,2.177,7
expanding_excavation,38044496,16.602,0,10,378267077.0,27.769,2.177,8
expanding_excavation,38061180,16.684,0,10,378463689.0,27.769,2.177,9
expanding_excavation,38077835,16.655,4,10,378258897.0,27.769,2.177,8
expanding_excavation,38094504,16.669,3,10,378641197.0,27.769,2.177,7
expanding_excavation,38111164,16.66,2,10,379081913.0,27.769,2.177,7
expanding_excavation,38127822,16.658,0,10,379110737.0,27.769,2.177,8
expanding_excavation,38144516,16.694,0,10,379310125.0,27.769,2.177,9
expanding_excavation,38161181,16.665,0,10,379405245.0,27.769,2.177,9
expanding_excavation,38178037,16.856,4,10,379120253.0,27.769,2.177,7
expanding_excavation,38194496,16.459,4,10,378680581.0,27.769,2.177,7
expanding_excavation,38211169,16.673,4,10,379198541.0,27.769,2.177,9
expanding_excavation,38227840,16.671,3,10,379190309.0,27.769,2.177,8
expanding_excavation,38244503,16.663,3,10,379453553.0,27.769,2.177,9
expanding_excavation,38261175,16.672,4,10,379368053.0,27.769,2.177,9
expanding_excavation,38277832,16.657,5,10,379640533.0,27.769,2.177,6
expanding_excavation,38294492,16.66,5,10,379858089.0,27.769,2.177,7
expanding_excavation,38311158,16.666,5,10,380081493.0,27.769,2.177,8
expanding_excavation,38327821,16.663,5,10,380245925.0,27.769,2.177,7
expanding_excavation,38344507,16.686,5,10,380510481.0,27.769,2.177,8
expanding_excavation,38361157,16.65,5,10,380776773.0,27.769,2.177,8
expanding_excavation,38377998,16.841,5,10,381083317.0,27.769,2.177,7
expanding_excavation,38394494,16.496,5,10,381314717.0,27.769,2.177,7
expanding_excavation,38411152,16.658,5,10,381548309.0,27.769,2.177,8
expanding_excavation,38427846,16.694,5,10,381813089.0,27.769,2.177,7
expanding_excavation,38444480,16.634,5,10,382104905.0,27.769,2.177,7
expanding_excavation,38461159,16.679,5,10,382325981.0,27.769,2.177,7
expanding_excavation,38477822,16.663,5,10,382593253.0,27.769,2.177,7
expanding_excavation,38494485,16.663,5,10,382953037.0,27.769,2.177,7
expanding_excavation,38511148,16.663,5,10,383130617.0,27.769,2.177,7
expanding_excavation,38527916,16.768,5,10,383358717.0,27.769,2.177,7
expanding_excavation,38544497,16.581,5,10,383631529.0,27.769,2.177,7
expanding_excavation,38561149,16.652,5,10,383832185.0,27.769,2.177,7
expanding_excavation,38577861,16.712,5,10,384090025.0,27.769,2.177,7
expanding_excavation,38594479,16.618,5,10,384226865.0,27.769,2.177,7
expanding_excavation,38611152,16.673,5,10,384310617.0,27.769,2.177,8
expanding_excavation,38627822,16.67,5,10,384411097.0,27.769,2.177,7
expanding_excavation,38644482,16.66,5,10,384464457.0,27.769,2.177,8
expanding_excavation,38661157,16.675,5,10,384560325.0,27.769,2.177,8
expanding_excavation,38677821,16.664,5,10,384625589.0,27.769,2.177,7
expanding_excavation,38694478,16.657,5,10,384745037.0,27.769,2.177,7
expanding_excavation,38711144,16.666,5,10,384854837.0,27.769,2.177,7
expanding_excavation,38728022,16.878,5,10,384950485.0,27.769,2.177,7
expanding_excavation,38744476,16.454,5,10,385015273.0,27.769,2.177,7
expanding_excavation,38761140,16.664,5,10,385127509.0,27.769,2.177,8
expanding_excavation,38777835,16.695,5,10,385193397.0,27.769,2.177,7
expanding_excavation,38794475,16.64,5,10,385260101.0,27.769,2.177,6
expanding_excavation,38811137,16.662,5,10,385381569.0,27.769,2.177,7
expanding_excavation,38827800,16.663,5,10,385456885.0,27.769,2.177,8
expanding_excavation,38844471,16.671,5,10,385526905.0,27.769,2.177,7
expanding_excavation,38861139,16.668,5,10,385651825.0,27.769,2.177,7
expanding_excavation,38877796,16.657,5,10,385756185.0,27.769,2.177,8
expanding_excavation,38894472,16.676,5,10,385875533.0,27.769,2.177,7
expanding_excavation,38911133,16.661,5,10,385951505.0,27.769,2.177,8
expanding_excavation,38927802,16.669,5,10,386078853.0,27.769,2.177,9
expanding_excavation,38944465,16.663,5,10,386144665.0,27.769,2.177,8
expanding_excavation,38961145,16.68,5,10,386249781.0,27.769,2.177,7
expanding_excavation,38977800,16.655,5,10,386318777.0,27.769,2.177,8
expanding_excavation,38994470,16.67,3,10,386419201.0,27.769,2.177,7
expanding_excavation,39011122,16.652,3,10,386727365.0,27.769,2.177,15
expanding_excavation,39027785,16.663,3,10,386877761.0,13.89,0.244,7
expanding_excavation,39044469,16.684,0,10,387122657.0,13.89,0.244,7
expanding_excavation,39061123,16.654,5,10,386816885.0,13.89,0.244,8
expanding_excavation,39077791,16.668,7,10,387067341.0,13.89,0.244,7
expanding_excavation,39094469,16.678,7,10,387455725.0,13.89,0.244,7
expanding_excavation,39111123,16.654,7,10,387742673.0,13.89,0.244,7
expanding_excavation,39127785,16.662,7,10,388037277.0,13.89,0.244,7
expanding_excavation,39144476,16.691,7,10,388216317.0,13.89,0.244,7
expanding_excavation,39161139,16.663,7,10,388536053.0,13.89,0.244,9
expanding_excavation,39177798,16.659,7,10,388773017.0,13.89,0.244,7
expanding_excavation,39194454,16.656,7,10,389052057.0,13.89,0.244,7
expanding_excavation,39211134,16.68,7,10,389327405.0,13.89,0.244,10
expanding_excavation,39227791,16.657,7,10,389507505.0,13.89,0.244,7
expanding_excavation,39244458,16.667,7,10,389686869.0,13.89,0.244,7
expanding_excavation,39261134,16.676,7,10,389261089.0,13.89,0.244,7
expanding_excavation,39277792,16.658,7,10,389414733.0,13.89,0.244,8
expanding_excavation,39294458,16.666,7,10,389524529.0,13.89,0.244,6
expanding_excavation,39311125,16.667,7,10,389525121.0,13.89,0.244,7
expanding_excavation,39327805,16.68,7,10,389525709.0,13.89,0.244,8
expanding_excavation,39344443,16.638,7,10,389632129.0,13.89,0.244,7
expanding_excavation,39361123,16.68,7,10,389720409.0,13.89,0.244,7
expanding_excavation,39377795,16.672,7,10,389722681.0,13.89,0.244,7
expanding_excavation,39394451,16.656,7,10,389723273.0,13.89,0.244,8
expanding_excavation,39411126,16.675,7,10,389723865.0,13.89,0.244,7
expanding_excavation,39427787,16.661,7,10,389724457.0,13.89,0.244,8
expanding_excavation,39444457,16.67,7,10,389725045.0,13.89,0.244,8
expanding_excavation,39461118,16.661,7,10,389725637.0,13.89,0.244,8
expanding_excavation,39477782,16.664,7,10,389726229.0,13.89,0.244,8
expanding_excavation,39494463,16.681,7,10,389896265.0,13.89,0.244,8
expanding_excavation,39511116,16.653,7,10,389896857.0,13.89,0.244,8
expanding_excavation,39527788,16.672,7,10,389897449.0,13.89,0.244,6
expanding_excavation,39544453,16.665,7,10,389898041.0,13.89,0.244,7
expanding_excavation,39561112,16.659,7,10,390093765.0,13.89,0.244,8
expanding_excavation,39577782,16.67,7,10,390094353.0,13.89,0.244,7
expanding_excavation,39594446,16.664,7,10,390094945.0,13.89,0.244,8
expanding_excavation,39611115,16.669,7,10,390095537.0,13.89,0.244,8
expanding_excavation,39627780,16.665,7,10,390096129.0,13.89,0.244,7
expanding_excavation,39644456,16.676,7,10,390096721.0,13.89,0.244,7
expanding_excavation,39661117,16.661,7,10,390250229.0,13.89,0.244,8
expanding_excavation,39677786,16.669,7,10,390250821.0,13.89,0.244,7
expanding_excavation,39694449,16.663,7,10,390252157.0,13.89,0.244,7
expanding_excavation,39711105,16.656,7,10,390401929.0,13.89,0.244,8
expanding_excavation,39727782,16.677,7,10,390465785.0,13.89,0.244,8
expanding_excavation,39744438,16.656,7,10,390500949.0,13.89,0.244,8
expanding_excavation,39761108,16.67,7,10,390596157.0,13.89,0.244,7
expanding_excavation,39777790,16.682,7,10,390596749.0,13.89,0.244,8
expanding_excavation,39794444,16.654,7,10,390597341.0,13.89,0.244,8
expanding_excavation,39811109,16.665,7,10,390597933.0,13.89,0.244,8
expanding_excavation,39827773,16.664,7,10,390708345.0,13.89,0.244,8
expanding_excavation,39844444,16.671,7,10,390708937.0,13.89,0.244,7
expanding_excavation,39861117,16.673,7,10,390709529.0,13.89,0.244,7
expanding_excavation,39877777,16.66,7,10,390856777.0,13.89,0.244,8
expanding_excavation,39894444,16.667,7,10,390857369.0,13.89,0.244,8
expanding_excavation,39911107,16.663,7,10,390857961.0,13.89,0.244,8
expanding_excavation,39927826,16.719,7,10,390858553.0,13.89,0.244,7
expanding_excavation,39944444,16.618,7,10,390859145.0,13.89,0.244,8
expanding_excavation,39961108,16.664,7,10,390859737.0,13.89,0.244,8
expanding_excavation,39977771,16.663,7,10,391147309.0,13.89,0.244,7
expanding_excavation,39994441,16.67,7,10,391005265.0,13.89,0.244,7
expanding_excavation,40011104,16.663,7,10,391005857.0,13.89,0.244,8
expanding_excavation,40027782,16.678,7,10,391006449.0,9.814,0.178,8
expanding_excavation,40044447,16.665,7,10,391007041.0,9.814,0.178,7
expanding_excavation,40061094,16.647,5,10,391205257.0,9.814,0.178,7
expanding_excavation,40077754,16.66,5,10,391470765.0,9.814,0.178,7
expanding_excavation,40094429,16.675,5,10,391600621.0,9.814,0.178,7
expanding_excavation,40111081,16.652,4,10,391867161.0,9.814,0.178,9
expanding_excavation,40127776,16.695,4,10,391559689.0,9.814,0.178,6
expanding_excavation,40144431,16.655,5,10,391779525.0,9.814,0.178,8
expanding_excavation,40161086,16.655,5,10,392086605.0,9.814,0.178,7
expanding_excavation,40177766,16.68,5,10,392292833.0,9.814,0.178,7
expanding_excavation,40194426,16.66,5,10,392326493.0,9.814,0.178,7
expanding_excavation,40211099,16.673,5,10,392392113.0,9.814,0.178,8
expanding_excavation,40227754,16.655,5,10,392510681.0,9.814,0.178,8
expanding_excavation,40244426,16.672,5,10,392573481.0,9.814,0.178,8
expanding_excavation,40261085,16.659,5,10,392687725.0,9.814,0.178,8
expanding_excavation,40277762,16.677,3,10,392749945.0,9.814,0.178,8
expanding_excavation,40294408,16.646,3,10,393061705.0,9.814,0.178,7
expanding_excavation,40311076,16.668,2,10,393162297.0,9.814,0.178,7
expanding_excavation,40327769,16.693,2,10,393442133.0,9.814,0.178,9
expanding_excavation,40344424,16.655,4,10,393256973.0,9.814,0.178,6
expanding_excavation,40361092,16.668,5,10,393452769.0,9.814,0.178,8
expanding_excavation,40377750,16.658,5,10,393744709.0,9.814,0.178,7
expanding_excavation,40394410,16.66,5,10,393673049.0,9.814,0.178,6
expanding_excavation,40411086,16.676,5,10,393739733.0,9.814,0.178,7
expanding_excavation,40427745,16.659,5,10,393871841.0,9.814,0.178,8
expanding_excavation,40444410,16.665,5,10,393955821.0,9.814,0.178,7
expanding_excavation,40461074,16.664,5,10,394028989.0,9.814,0.178,7
expanding_excavation,40477765,16.691,5,10,394147185.0,9.814,0.178,7
expanding_excavation,40494400,16.635,5,10,394251385.0,9.814,0.178,8
expanding_excavation,40511061,16.661,5,10,394342085.0,9.814,0.178,7
expanding_excavation,40527746,16.685,5,10,394425733.0,9.814,0.178,8
expanding_excavation,40544411,16.665,5,10,394491869.0,9.814,0.178,7
expanding_excavation,40561069,16.658,5,10,394644201.0,9.814,0.178,8
expanding_excavation,40577739,16.67,5,10,394737889.0,9.814,0.178,6
expanding_excavation,40594423,16.684,5,10,394803949.0,9.814,0.178,7
expanding_excavation,40611067,16.644,5,10,394910737.0,9.814,0.178,7
expanding_excavation,40627728,16.661,5,10,394977121.0,9.814,0.178,7
expanding_excavation,40644391,16.663,5,10,395091445.0,9.814,0.178,7
expanding_excavation,40661062,16.671,5,10,395152581.0,9.814,0.178,8
expanding_excavation,40677730,16.668,5,10,395270065.0,9.814,0.178,7
expanding_excavation,40694390,16.66,5,10,395340665.0,9.814,0.178,7
expanding_excavation,40711064,16.674,5,10,395399361.0,9.814,0.178,8
expanding_excavation,40727723,16.659,5,10,395505493.0,9.814,0.178,7
expanding_excavation,40744417,16.694,5,10,395594725.0,9.814,0.178,7
expanding_excavation,40761076,16.659,5,10,395661497.0,9.814,0.178,7
expanding_excavation,40777722,16.646,5,10,395767213.0,9.814,0.178,7
expanding_excavation,40794395,16.673,5,10,395852537.0,9.814,0.178,8
expanding_excavation,40811071,16.676,5,10,395984365.0,9.814,0.178,6
expanding_excavation,40827737,16.666,5,10,396076733.0,9.814,0.178,8
expanding_excavation,40844394,16.657,5,10,396181081.0,9.814,0.178,8
expanding_excavation,40861087,16.693,5,10,396246625.0,9.814,0.178,7
expanding_excavation,40877733,16.646,5,10,396313609.0,9.814,0.178,8
expanding_excavation,40894425,16.692,5,10,396471933.0,9.814,0.178,8
expanding_excavation,40911068,16.643,5,10,396538933.0,9.814,0.178,7
expanding_excavation,40927720,16.652,5,10,396636033.0,9.814,0.178,7
expanding_excavation,40944394,16.674,5,10,396706113.0,9.814,0.178,8
expanding_excavation,40961061,16.667,5,10,396819941.0,9.814,0.178,8
expanding_excavation,40977720,16.659,5,10,396949657.0,9.814,0.178,8
expanding_excavation,40994399,16.679,5,10,397019101.0,9.814,0.178,7
expanding_excavation,41011053,16.654,5,10,397112585.0,9.814,0.178,7
expanding_excavation,41027723,16.67,5,10,397170573.0,10.509,0.186,7
expanding_excavation,41044397,16.674,5,10,397264885.0,10.509,0.186,6
expanding_excavation,41061054,16.657,5,10,397378801.0,10.509,0.186,8
expanding_excavation,41077724,16.67,5,10,397433729.0,10.509,0.186,8
expanding_excavation,41094382,16.658,5,10,397535737.0,10.509,0.186,7
expanding_excavation,41111060,16.678,5,10,397589729.0,10.509,0.186,8
expanding_excavation,41127720,16.66,1,10,397693357.0,10.509,0.186,7
expanding_excavation,41144391,16.671,3,10,398027145.0,10.509,0.186,7
expanding_excavation,41161045,16.654,2,10,398039497.0,10.509,0.186,7
expanding_excavation,41177725,16.68,1,10,398367333.0,10.509,0.186,9
expanding_excavation,41194393,16.668,5,10,398019741.0,10.509,0.186,7
expanding_excavation,41211040,16.647,6,10,398316865.0,10.509,0.186,7
expanding_excavation,41227747,16.707,6,10,398562601.0,10.509,0.186,7
expanding_excavation,41244379,16.632,6,10,398944073.0,10.509,0.186,8
expanding_excavation,41261046,16.667,6,10,399183929.0,10.509,0.186,7
expanding_excavation,41277719,16.673,6,10,399417437.0,10.509,0.186,7
expanding_excavation,41294373,16.654,6,10,399811621.0,10.509,0.186,7
expanding_excavation,41311053,16.68,6,10,400036377.0,10.509,0.186,8
expanding_excavation,41327701,16.648,6,10,400425789.0,10.509,0.186,8
expanding_excavation,41344371,16.67,6,10,400612513.0,10.509,0.186,7
expanding_excavation,41361519,17.148,3,10,400882425.0,10.509,0.186,8
expanding_excavation,41377702,16.183,4,10,401224241.0,10.509,0.186,7
expanding_excavation,41394364,16.662,4,10,401349461.0,10.509,0.186,7
expanding_excavation,41411037,16.673,3,10,401601817.0,10.509,0.186,7
expanding_excavation,41427703,16.666,4,10,401292453.0,10.509,0.186,7
expanding_excavation,41444366,16.663,5,10,401566085.0,10.509,0.186,10
expanding_excavation,41461266,16.9,5,10,401837357.0,10.509,0.186,8
expanding_excavation,41477700,16.434,5,10,401466841.0,10.509,0.186,8
expanding_excavation,41494362,16.662,5,10,401664305.0,10.509,0.186,7
expanding_excavation,41511050,16.688,5,10,401957769.0,10.509,0.186,7
expanding_excavation,41527708,16.658,5,10,402264161.0,10.509,0.186,7
expanding_excavation,41544360,16.652,5,10,402459013.0,10.509,0.186,7
expanding_excavation,41561041,16.681,5,10,402378521.0,10.509,0.186,7
expanding_excavation,41577698,16.657,5,10,402497353.0,10.509,0.186,7
expanding_excavation,41594356,16.658,3,10,402581989.0,10.509,0.186,7
expanding_excavation,41611034,16.678,3,10,402879869.0,10.509,0.186,7
expanding_excavation,41627690,16.656,3,10,403074985.0,10.509,0.186,7
expanding_excavation,41644364,16.674,0,10,403311405.0,10.509,0.186,7
expanding_excavation,41661019,16.655,5,10,402956337.0,10.509,0.186,8
expanding_excavation,41677690,16.671,7,10,403293589.0,10.509,0.186,8
expanding_excavation,41694378,16.688,7,10,403498261.0,10.509,0.186,7
expanding_excavation,41711025,16.647,7,10,403559981.0,10.509,0.186,7
expanding_excavation,41727701,16.676,7,10,403628021.0,10.509,0.186,7
expanding_excavation,41744350,16.649,7,10,403737813.0,10.509,0.186,8
expanding_excavation,41761018,16.668,7,10,403845073.0,10.509,0.186,8
expanding_excavation,41777681,16.663,7,10,403917329.0,10.509,0.186,7
expanding_excavation,41794354,16.673,7,10,404022037.0,10.509,0.186,7
expanding_excavation,41811033,16.679,5,10,404089249.0,10.509,0.186,7
expanding_excavation,41827694,16.661,5,10,404360921.0,10.509,0.186,8
expanding_excavation,41844342,16.648,4,10,404484117.0,10.509,0.186,8
expanding_excavation,41861026,16.684,4,10,404808937.0,10.509,0.186,9
expanding_excavation,41877677,16.651,4,10,404447853.0,10.509,0.186,7
expanding_excavation,41894350,16.673,5,10,404701149.0,10.509,0.186,8
expanding_excavation,41911032,16.682,5,10,404933361.0,10.509,0.186,8
expanding_excavation,41927683,16.651,5,10,404955205.0,10.509,0.186,7
expanding_excavation,41944339,16.656,5,10,405058081.0,10.509,0.186,15
expanding_excavation,41961012,16.673,5,10,405125133.0,10.509,0.186,8
expanding_excavation,41977677,16.665,5,10,405234985.0,10.509,0.186,7
expanding_excavation,41994355,16.678,5,10,405291805.0,10.509,0.186,6
expanding_excavation,42011011,16.656,5,10,405398761.0,10.509,0.186,7
expanding_excavation,42029698,18.687,3,10,405509609.0,11.557,0.175,7
expanding_excavation,42044346,14.648,3,10,405861093.0,11.557,0.175,7
expanding_excavation,42061002,16.656,3,10,405903985.0,11.557,0.175,7
expanding_excavation,42079604,18.602,2,10,406177953.0,11.557,0.175,8
expanding_excavation,42094343,14.739,4,10,405837829.0,11.557,0.175,10
expanding_excavation,42111011,16.668,5,10,406127293.0,11.557,0.175,7
expanding_excavation,42129514,18.503,5,10,406464697.0,11.557,0.175,7
expanding_excavation,42144409,14.895,5,10,406395353.0,11.557,0.175,7
expanding_excavation,42161008,16.599,5,10,406471041.0,11.557,0.175,8
expanding_excavation,42179341,18.333,5,10,406546853.0,11.557,0.175,8
expanding_excavation,42194348,15.007,5,10,406637433.0,11.557,0.175,7
expanding_excavation,42211005,16.657,5,10,406941449.0,11.557,0.175,7
expanding_excavation,42229198,18.193,5,10,407044781.0,11.557,0.175,7
expanding_excavation,42244348,15.15,5,10,407108033.0,11.557,0.175,7
expanding_excavation,42261012,16.664,5,10,407196213.0,11.557,0.175,8
expanding_excavation,42278187,17.175,5,10,407356145.0,11.557,0.175,8
expanding_excavation,42294329,16.142,5,10,407434729.0,11.557,0.175,7
expanding_excavation,42310996,16.667,5,10,407531801.0,11.557,0.175,7
expanding_excavation,42327671,16.675,5,10,407602561.0,11.557,0.175,6
expanding_excavation,42344326,16.655,5,10,407719141.0,11.557,0.175,8
expanding_excavation,42360996,16.67,5,10,407828497.0,11.557,0.175,8
expanding_excavation,42377712,16.716,5,10,407890821.0,11.557,0.175,8
expanding_excavation,42394338,16.626,5,10,407957117.0,11.557,0.175,7
expanding_excavation,42411070,16.732,5,10,408095641.0,11.557,0.175,7
expanding_excavation,42428591,17.521,5,10,408193573.0,11.557,0.175,7
expanding_excavation,42444331,15.74,5,10,408265929.0,11.557,0.175,6
expanding_excavation,42460999,16.668,5,10,408353893.0,11.557,0.175,8
expanding_excavation,42477650,16.651,5,10,408462721.0,11.557,0.175,7
expanding_excavation,42494331,16.681,5,10,408525705.0,11.557,0.175,7
expanding_excavation,42510993,16.662,5,10,408647757.0,11.557,0.175,8
expanding_excavation,42527652,16.659,5,10,408761601.0,11.557,0.175,8
expanding_excavation,42544318,16.666,5,10,408840953.0,11.557,0.175,8
expanding_excavation,42560993,16.675,5,10,408926037.0,11.557,0.175,7
expanding_excavation,42577652,16.659,5,10,409029009.0,11.557,0.175,8
expanding_excavation,42594317,16.665,5,10,409097205.0,11.557,0.175,7
expanding_excavation,42610986,16.669,5,10,409167505.0,11.557,0.175,7
expanding_excavation,42627649,16.663,5,10,409277181.0,11.557,0.175,7
expanding_excavation,42644311,16.662,5,10,409397025.0,11.557,0.175,8
expanding_excavation,42660995,16.684,5,10,409491021.0,11.557,0.175,8
expanding_excavation,42677659,16.664,5,10,409551537.0,11.557,0.175,7
expanding_excavation,42694328,16.669,5,10,409654841.0,11.557,0.175,13
expanding_excavation,42710980,16.652,5,10,409750413.0,11.557,0.175,7
expanding_excavation,42727648,16.668,5,10,409855049.0,11.557,0.175,7
expanding_excavation,42744319,16.671,5,10,410008069.0,11.557,0.175,8
expanding_excavation,42760979,16.66,5,10,410048393.0,11.557,0.175,8
expanding_excavation,42777673,16.694,5,10,410112873.0,11.557,0.175,7
expanding_excavation,42794330,16.657,5,10,410210837.0,11.557,0.175,6
expanding_excavation,42810975,16.645,5,10,410307597.0,11.557,0.175,8
expanding_excavation,42827648,16.673,5,10,410386121.0,11.557,0.175,8
expanding_excavation,42844311,16.663,5,10,410480325.0,11.557,0.175,8
expanding_excavation,42860974,16.663,5,10,410601017.0,11.557,0.175,7
expanding_excavation,42877633,16.659,5,10,410691025.0,11.557,0.175,7
expanding_excavation,42894306,16.673,5,10,410781137.0,11.557,0.175,7
expanding_excavation,42910975,16.669,1,10,410688069.0,11.557,0.175,7
expanding_excavation,42928343,17.368,3,10,410902541.0,11.557,0.175,8
expanding_excavation,42944306,15.963,2,10,410971049.0,11.557,0.175,7
expanding_excavation,42960975,16.669,1,10,411313985.0,11.557,0.175,8
expanding_excavation,42978206,17.231,5,10,411096221.0,11.557,0.175,9
expanding_excavation,42994308,16.102,6,10,411381745.0,11.557,0.175,7
expanding_excavation,43010972,16.664,6,10,411687753.0,11.557,0.175,9
expanding_excavation,43027740,16.768,6,10,411946473.0,11.536,2.172,8
expanding_excavation,43044298,16.558,6,10,412305161.0,11.536,2.172,7
expanding_excavation,43060983,16.685,6,10,412495469.0,11.536,2.172,8
expanding_excavation,43077938,16.955,6,10,412777745.0,11.536,2.172,8
expanding_excavation,43094312,16.374,6,10,413141641.0,11.536,2.172,7
expanding_excavation,43110969,16.657,6,10,413323641.0,11.536,2.172,7
expanding_excavation,43127808,16.839,6,10,413632121.0,11.536,2.172,7
expanding_excavation,43144295,16.487,3,10,413908601.0,11.536,2.172,7
expanding_excavation,43160961,16.666,4,10,414079753.0,11.536,2.172,7
expanding_excavation,43177666,16.705,4,10,414104837.0,11.536,2.172,7
expanding_excavation,43194299,16.633,3,10,414438857.0,11.536,2.172,8
expanding_excavation,43210972,16.673,4,10,414140609.0,11.536,2.172,6
expanding_excavation,43227631,16.659,5,10,414399809.0,11.536,2.172,7
expanding_excavation,43244388,16.757,5,10,414691097.0,11.536,2.172,7
expanding_excavation,43260986,16.598,5,10,414913905.0,11.536,2.172,8
expanding_excavation,43277634,16.648,5,10,415182793.0,11.536,2.172,7
expanding_excavation,43294291,16.657,5,10,414708529.0,11.536,2.172,7
expanding_excavation,43310959,16.668,5,10,414884441.0,11.536,2.172,7
expanding_excavation,43327625,16.666,5,10,415208209.0,11.536,2.172,12
expanding_excavation,43344299,16.674,5,10,415436157.0,11.536,2.172,7
expanding_excavation,43360964,16.665,3,10,415619709.0,11.536,2.172,8
expanding_excavation,43377624,16.66,3,10,415803981.0,11.536,2.172,7
expanding_excavation,43394281,16.657,3,10,415825549.0,11.536,2.172,7
expanding_excavation,43410967,16.686,0,10,416106757.0,11.536,2.172,8
expanding_excavation,43429250,18.283,5,10,415789957.0,11.536,2.172,7
expanding_excavation,43444284,15.034,7,10,416023369.0,11.536,2.172,8
expanding_excavation,43460970,16.686,7,10,416119109.0,11.536,2.172,8
expanding_excavation,43477621,16.651,7,10,416400073.0,11.536,2.172,8
expanding_excavation,43494284,16.663,7,10,416483065.0,11.536,2.172,7
expanding_excavation,43510963,16.679,7,10,416541101.0,11.536,2.172,8
expanding_excavation,43527738,16.775,7,10,416652201.0,11.536,2.172,9
expanding_excavation,43544283,16.545,7,10,416884357.0,11.536,2.172,7
expanding_excavation,43560945,16.662,7,10,416999045.0,11.536,2.172,8
expanding_excavation,43577613,16.668,7,10,417093481.0,11.536,2.172,8
expanding_excavation,43594287,16.674,7,10,417186169.0,11.536,2.172,8
expanding_excavation,43610946,16.659,7,10,417294397.0,11.536,2.172,7
expanding_excavation,43627615,16.669,7,10,417359065.0,11.536,2.172,8
expanding_excavation,43644409,16.794,7,10,417460421.0,11.536,2.172,8
expanding_excavation,43660946,16.537,7,10,417526161.0,11.536,2.172,7
expanding_excavation,43677618,16.672,7,10,417668577.0,11.536,2.172,7
expanding_excavation,43696338,18.72,7,10,417700141.0,11.536,2.172,7
expanding_excavation,43710943,14.605,7,10,417799897.0,11.536,2.172,8
expanding_excavation,43727612,16.669,7,10,417908125.0,11.536,2.172,8
expanding_excavation,43746146,18.534,7,10,418025033.0,11.536,2.172,7
expanding_excavation,43760952,14.806,7,10,418078757.0,11.536,2.172,7
expanding_excavation,43777602,16.65,7,10,418184213.0,11.536,2.172,7
expanding_excavation,43796183,18.581,7,10,418255133.0,11.536,2.172,7
expanding_excavation,43810950,14.767,7,10,418348185.0,11.536,2.172,8
expanding_excavation,43827596,16.646,7,10,418469893.0,11.536,2.172,8
expanding_excavation,43846165,18.569,7,10,418556325.0,11.536,2.172,7
expanding_excavation,43860948,14.783,7,10,418612385.0,11.536,2.172,7
expanding_excavation,43877823,16.875,7,10,418732785.0,11.536,2.172,8
expanding_excavation,43896157,18.334,7,10,418844621.0,11.536,2.172,8
expanding_excavation,43910936,14.779,7,10,418913393.0,11.536,2.172,7
expanding_excavation,43927608,16.672,7,10,418969877.0,11.536,2.172,7
expanding_excavation,43946187,18.579,7,10,419107041.0,11.536,2.172,7
expanding_excavation,43960935,14.748,7,10,419176289.0,11.536,2.172,8
expanding_excavation,43977607,16.672,7,10,419270985.0,11.536,2.172,7
expanding_excavation,43994425,16.818,7,10,419393629.0,11.536,2.172,8
expanding_excavation,44010935,16.51,7,10,419464417.0,11.536,2.172,7
expanding_excavation,44027611,16.676,7,10,419521057.0,18.072,0.306,7
expanding_excavation,44044261,16.65,7,10,419658089.0,18.072,0.306,9
expanding_excavation,44060929,16.668,7,10,419734029.0,18.072,0.306,8
expanding_excavation,44077610,16.681,7,10,419823529.0,18.072,0.306,7
expanding_excavation,44096292,18.682,7,10,419951753.0,18.072,0.306,8
expanding_excavation,44110929,14.637,7,10,420039301.0,18.072,0.306,8
expanding_excavation,44127602,16.673,7,10,420108325.0,18.072,0.306,8
expanding_excavation,44146276,18.674,7,10,420199349.0,18.072,0.306,8
expanding_excavation,44160944,14.668,7,10,420259905.0,18.072,0.306,8
expanding_excavation,44177605,16.661,7,10,420357497.0,18.072,0.306,8
expanding_excavation,44196232,18.627,5,10,420477693.0,18.072,0.306,8
expanding_excavation,44210920,14.688,5,10,420811197.0,18.072,0.306,7
expanding_excavation,44227605,16.685,5,10,420924541.0,18.072,0.306,7
expanding_excavation,44246228,18.623,4,10,421213233.0,18.072,0.306,9
expanding_excavation,44260932,14.704,4,10,420848181.0,18.072,0.306,9
expanding_excavation,44277608,16.676,5,10,421200405.0,18.072,0.306,7
expanding_excavation,44296245,18.637,5,10,421500697.0,18.072,0.306,8
expanding_excavation,44310928,14.683,5,10,421750489.0,18.072,0.306,8
expanding_excavation,44327595,16.667,5,10,422140001.0,18.072,0.306,7
expanding_excavation,44346283,18.688,5,10,422417801.0,18.072,0.306,7
expanding_excavation,44360930,14.647,5,10,422650141.0,18.072,0.306,7
expanding_excavation,44377587,16.657,5,10,422998437.0,18.072,0.306,7
expanding_excavation,44396300,18.713,5,10,423312201.0,18.072,0.306,7
expanding_excavation,44410916,14.616,5,10,423652293.0,18.072,0.306,8
expanding_excavation,44427588,16.672,5,10,423913689.0,18.072,0.306,7
expanding_excavation,44446256,18.668,3,10,424200973.0,18.072,0.306,8
expanding_excavation,44460913,14.657,3,10,424505113.0,18.072,0.306,8
expanding_excavation,44477593,16.68,3,10,424625477.0,18.072,0.306,7
expanding_excavation,44496288,18.695,2,10,425040217.0,18.072,0.306,8
expanding_excavation,44510909,14.621,4,10,424630237.0,18.072,0.306,8
expanding_excavation,44527603,16.694,5,10,424167233.0,18.072,0.306,9
expanding_excavation,44546254,18.651,5,10,424453613.0,18.072,0.306,8
expanding_excavation,44560917,14.663,5,10,424789133.0,18.072,0.306,7
expanding_excavation,44577592,16.675,5,10,425039525.0,18.072,0.306,8
expanding_excavation,44596268,18.676,5,10,425111929.0,18.072,0.306,7
expanding_excavation,44610916,14.648,5,10,425213661.0,18.072,0.306,8
expanding_excavation,44627590,16.674,5,10,425342345.0,18.072,0.306,9
expanding_excavation,44646279,18.689,5,10,425448901.0,18.072,0.306,8
expanding_excavation,44660907,14.628,1,10,425516401.0,18.072,0.306,8
expanding_excavation,44677577,16.67,3,10,425921585.0,18.072,0.306,8
expanding_excavation,44696240,18.663,1,10,426003569.0,18.072,0.306,7
expanding_excavation,44710912,14.672,1,10,426300121.0,18.072,0.306,8
expanding_excavation,44727586,16.674,5,10,425909257.0,18.072,0.306,8
expanding_excavation,44746227,18.641,6,10,426177233.0,18.072,0.306,7
expanding_excavation,44760892,14.665,6,10,426430449.0,18.072,0.306,7
expanding_excavation,44777567,16.675,6,10,426484941.0,18.072,0.306,7
expanding_excavation,44796213,18.646,6,10,426620441.0,18.072,0.306,8
expanding_excavation,44810901,14.688,6,10,426709901.0,18.072,0.306,7
expanding_excavation,44827569,16.668,6,10,426801745.0,18.072,0.306,8
expanding_excavation,44846199,18.63,6,10,426924837.0,18.072,0.306,7
expanding_excavation,44860905,14.706,6,10,427011105.0,18.072,0.306,8
expanding_excavation,44877569,16.664,6,10,427118825.0,18.072,0.306,7
expanding_excavation,44896188,18.619,6,10,427191629.0,18.072,0.306,7
expanding_excavation,44910927,14.739,6,10,427252125.0,18.072,0.306,8
expanding_excavation,44927565,16.638,6,10,427366577.0,18.072,0.306,8
expanding_excavation,44946155,18.59,6,10,427439033.0,18.072,0.306,7
expanding_excavation,44960908,14.753,6,10,427500005.0,18.072,0.306,7
expanding_excavation,44977572,16.664,6,10,427573353.0,18.072,0.306,8
expanding_excavation,44996148,18.576,6,10,427727589.0,18.072,0.306,8
expanding_excavation,45010894,14.746,6,10,427806593.0,18.072,0.306,7
expanding_excavation,45027558,16.664,6,10,427865021.0,12.898,2.203,7
expanding_excavation,45044374,16.816,6,10,427992753.0,12.898,2.203,8
expanding_excavation,45060895,16.521,6,10,428059173.0,12.898,2.203,9
expanding_excavation,45077568,16.673,6,10,428117017.0,12.898,2.203,8
expanding_excavation,45096146,18.578,6,10,428242077.0,12.898,2.203,8
expanding_excavation,45110896,14.75,6,10,428316293.0,12.898,2.203,8
expanding_excavation,45127564,16.668,6,10,428415477.0,12.898,2.203,8
expanding_excavation,45146022,18.458,6,10,428538453.0,12.898,2.203,8
expanding_excavation,45160887,14.865,6,10,428628065.0,12.898,2.203,8
expanding_excavation,45177999,17.112,6,10,428724045.0,12.898,2.203,7
expanding_excavation,45194234,16.235,6,10,428782585.0,12.898,2.203,7
expanding_excavation,45210880,16.646,6,10,428897449.0,12.898,2.203,8
expanding_excavation,45227566,16.686,6,10,428957333.0,12.898,2.203,7
expanding_excavation,45244222,16.656,6,10,429053753.0,12.898,2.203,7
expanding_excavation,45260902,16.68,6,10,429120821.0,12.898,2.203,8
expanding_excavation,45277560,16.658,6,10,429192577.0,12.898,2.203,8
expanding_excavation,45294265,16.705,6,10,429325081.0,12.898,2.203,8
expanding_excavation,45310892,16.627,6,10,429393953.0,12.898,2.203,7
expanding_excavation,45327553,16.661,6,10,429453777.0,12.898,2.203,8
expanding_excavation,45344234,16.681,6,10,429551537.0,12.898,2.203,7
expanding_excavation,45360897,16.663,6,10,429614377.0,12.898,2.203,8
expanding_excavation,45377556,16.659,6,10,429693581.0,12.898,2.203,8
expanding_excavation,45394211,16.655,6,10,429815929.0,12.898,2.203,8
expanding_excavation,45410890,16.679,6,10,429885973.0,12.898,2.203,7
expanding_excavation,45427541,16.651,6,10,429982573.0,12.898,2.203,7
expanding_excavation,45444206,16.665,6,10,430053733.0,12.898,2.203,7
expanding_excavation,45461655,17.449,6,10,430200653.0,12.898,2.203,7
expanding_excavation,45477541,15.886,6,10,430217625.0,12.898,2.203,8
expanding_excavation,45494206,16.665,6,10,430313301.0,12.898,2.203,7
expanding_excavation,45510878,16.672,3,10,430465037.0,12.898,2.203,7
expanding_excavation,45527545,16.667,4,10,430752569.0,12.898,2.203,7
expanding_excavation,45544200,16.655,4,10,430734821.0,12.898,2.203,8
expanding_excavation,45561052,16.852,3,10,431093765.0,12.898,2.203,9
expanding_excavation,45577537,16.485,4,10,430728977.0,12.898,2.203,6
expanding_excavation,45594199,16.662,5,10,431020109.0,12.898,2.203,8
expanding_excavation,45610872,16.673,5,10,431356169.0,12.898,2.203,7
expanding_excavation,45627532,16.66,5,10,432767193.0,12.898,2.203,7
expanding_excavation,45646254,18.722,5,10,433119261.0,12.898,2.203,7
expanding_excavation,45660862,14.608,5,10,433385905.0,12.898,2.203,7
expanding_excavation,45677533,16.671,5,10,433653969.0,12.898,2.203,7
expanding_excavation,45696153,18.62,5,10,433963793.0,12.898,2.203,7
expanding_excavation,45710862,14.709,5,10,434225353.0,12.898,2.203,7
expanding_excavation,45727525,16.663,5,10,434550449.0,12.898,2.203,6
expanding_excavation,45746082,18.557,3,10,434908473.0,12.898,2.203,7
expanding_excavation,45760865,14.783,3,10,435178745.0,12.898,2.203,7
expanding_excavation,45777517,16.652,3,10,435213217.0,12.898,2.203,7
expanding_excavation,45796053,18.536,0,10,435664969.0,12.898,2.203,8
expanding_excavation,45810857,14.804,5,10,435256973.0,12.898,2.203,8
expanding_excavation,45827645,16.788,7,10,435601653.0,12.898,2.203,8
expanding_excavation,45846034,18.389,7,10,435167565.0,12.898,2.203,8
expanding_excavation,45860866,14.832,7,10,435686049.0,12.898,2.203,8
expanding_excavation,45877529,16.663,7,10,435915313.0,12.898,2.203,7
expanding_excavation,45896020,18.491,7,10,436252773.0,12.898,2.203,7
expanding_excavation,45910862,14.842,7,10,436262789.0,12.898,2.203,8
expanding_excavation,45927523,16.661,7,10,436326833.0,12.898,2.203,7
expanding_excavation,45946016,18.493,7,10,436426361.0,12.898,2.203,7
expanding_excavation,45960856,14.84,7,10,436506229.0,12.898,2.203,7
expanding_excavation,45977525,16.669,7,10,436694857.0,12.898,2.203,8
expanding_excavation,45995993,18.468,7,10,436818941.0,12.898,2.203,7
expanding_excavation,46010965,14.972,7,10,436881497.0,12.898,2.203,7
expanding_excavation,46027522,16.557,7,10,436973577.0,12.639,2.205,7
expanding_excavation,46046026,18.504,7,10,437039161.0,12.639,2.205,7
expanding_excavation,46060851,14.825,7,10,437139721.0,12.639,2.205,8
expanding_excavation,46077516,16.665,7,10,437304897.0,12.639,2.205,8
expanding_excavation,46096003,18.487,7,10,437441909.0,12.639,2.205,7
expanding_excavation,46110853,14.85,7,10,437591529.0,12.639,2.205,7
expanding_excavation,46127505,16.652,7,10,437601165.0,12.639,2.205,8
expanding_excavation,46146030,18.525,7,10,437706301.0,12.639,2.205,7
expanding_excavation,46160845,14.815,7,10,437818601.0,12.639,2.205,7
expanding_excavation,46177507,16.662,7,10,437983757.0,12.639,2.205,7
expanding_excavation,46196014,18.507,7,10,438110981.0,12.639,2.205,7
expanding_excavation,46210846,14.832,7,10,438136661.0,12.639,2.205,7
expanding_excavation,46227505,16.659,7,10,438193521.0,12.639,2.205,7
expanding_excavation,46246002,18.497,7,10,438298409.0,12.639,2.205,7
expanding_excavation,46260851,14.849,7,10,438375869.0,12.639,2.205,7
expanding_excavation,46277505,16.654,7,10,438551421.0,12.639,2.205,10
expanding_excavation,46294171,16.666,7,10,438652009.0,12.639,2.205,8
expanding_excavation,46310859,16.688,7,10,438712273.0,12.639,2.205,7
expanding_excavation,46327502,16.643,7,10,438808073.0,12.639,2.205,8
expanding_excavation,46344167,16.665,7,10,438872289.0,12.639,2.205,7
expanding_excavation,46360833,16.666,7,10,439010493.0,12.639,2.205,7
expanding_excavation,46377506,16.673,7,10,439118777.0,12.639,2.205,7
expanding_excavation,46394160,16.654,7,10,439222113.0,12.639,2.205,8
expanding_excavation,46410835,16.675,7,10,439316077.0,12.639,2.205,7
expanding_excavation,46427493,16.658,7,10,439381485.0,12.639,2.205,7
expanding_excavation,46444178,16.685,7,10,439498021.0,12.639,2.205,8
expanding_excavation,46460834,16.656,7,10,439573093.0,12.639,2.205,8
expanding_excavation,46477496,16.662,7,10,439758429.0,12.639,2.205,7
expanding_excavation,46494162,16.666,7,10,439822565.0,12.639,2.205,7
expanding_excavation,46510826,16.664,7,10,439926437.0,12.639,2.205,8
expanding_excavation,46527498,16.672,7,10,439983109.0,12.639,2.205,7
expanding_excavation,46544158,16.66,7,10,440089017.0,12.639,2.205,7
expanding_excavation,46560824,16.666,5,10,440152809.0,12.639,2.205,6
expanding_excavation,46577488,16.664,5,10,440504761.0,12.639,2.205,7
expanding_excavation,46594146,16.658,5,10,440531261.0,12.639,2.205,7
expanding_excavation,46610823,16.677,4,10,440913989.0,12.639,2.205,8
expanding_excavation,46627492,16.669,4,10,440594733.0,12.639,2.205,7
expanding_excavation,46644156,16.664,5,10,440831913.0,12.639,2.205,7
expanding_excavation,46660822,16.666,5,10,441176761.0,12.639,2.205,8
expanding_excavation,46677487,16.665,5,10,441520409.0,12.639,2.205,7
expanding_excavation,46694157,16.67,5,10,441834469.0,12.639,2.205,7
expanding_excavation,46710833,16.676,5,10,442101709.0,12.639,2.205,7
expanding_excavation,46727500,16.667,5,10,442477113.0,12.639,2.205,7
expanding_excavation,46744153,16.653,5,10,442727205.0,12.639,2.205,7
expanding_excavation,46760815,16.662,5,10,443081345.0,12.639,2.205,7
expanding_excavation,46777479,16.664,3,10,443509845.0,12.639,2.205,7
expanding_excavation,46794148,16.669,3,10,443802905.0,12.639,2.205,7
expanding_excavation,46810812,16.664,3,10,443802989.0,12.639,2.205,7
expanding_excavation,46827481,16.669,2,10,444226629.0,12.639,2.205,9
expanding_excavation,46844146,16.665,4,10,443851693.0,12.639,2.205,7
expanding_excavation,46860819,16.673,5,10,444071421.0,12.639,2.205,7
expanding_excavation,46877501,16.682,5,10,444251933.0,12.639,2.205,8
expanding_excavation,46894154,16.653,5,10,443675025.0,12.639,2.205,6
expanding_excavation,46910806,16.652,5,10,444024145.0,12.639,2.205,7
expanding_excavation,46927493,16.687,5,10,444192077.0,12.639,2.205,8
expanding_excavation,46944158,16.665,5,10,444428937.0,12.639,2.205,6
expanding_excavation,46961002,16.844,5,10,444325101.0,12.639,2.205,7
expanding_excavation,46977473,16.471,5,10,444438077.0,12.639,2.205,7
expanding_excavation,46994144,16.671,5,10,444568813.0,12.639,2.205,8
expanding_excavation,47010808,16.664,5,10,444682757.0,12.639,2.205,7
expanding_excavation,47027486,16.678,5,10,444727257.0,10.182,0.341,8
expanding_excavation,47044143,16.657,5,10,444839585.0,10.182,0.341,7
expanding_excavation,47060817,16.674,5,10,444893077.0,10.182,0.341,8
expanding_excavation,47077483,16.666,5,10,444893673.0,10.182,0.341,7
expanding_excavation,47094159,16.676,5,10,444894269.0,10.182,0.341,8
expanding_excavation,47110814,16.655,5,10,444894865.0,10.182,0.341,8
expanding_excavation,47127488,16.674,5,10,445032937.0,10.182,0.341,7
expanding_excavation,47144140,16.652,5,10,445109349.0,10.182,0.341,7
expanding_excavation,47160828,16.688,5,10,445115165.0,10.182,0.341,7
expanding_excavation,47177483,16.655,5,10,444956169.0,10.182,0.341,8
expanding_excavation,47194146,16.663,5,10,444956845.0,10.182,0.341,7
expanding_excavation,47210814,16.668,5,10,444957441.0,10.182,0.341,8
expanding_excavation,47227476,16.662,5,10,444958061.0,10.182,0.341,8
expanding_excavation,47244151,16.675,5,10,444958705.0,10.182,0.341,8
expanding_excavation,47260804,16.653,5,10,444959301.0,10.182,0.341,9
expanding_excavation,47277484,16.68,5,10,445158761.0,10.182,0.341,8
expanding_excavation,47294164,16.68,5,10,445159353.0,10.182,0.341,8
expanding_excavation,47310809,16.645,5,10,445309129.0,10.182,0.341,7
expanding_excavation,47327468,16.659,5,10,445385593.0,10.182,0.341,8
expanding_excavation,47344127,16.659,5,10,445452049.0,10.182,0.341,7
expanding_excavation,47360792,16.665,5,10,445573905.0,10.182,0.341,7
expanding_excavation,47377455,16.663,5,10,445673569.0,10.182,0.341,6
expanding_excavation,47394133,16.678,5,10,445726397.0,10.182,0.341,7
expanding_excavation,47410798,16.665,5,10,445799257.0,10.182,0.341,7
expanding_excavation,47427472,16.674,5,10,445806813.0,10.182,0.341,7
expanding_excavation,47444142,16.67,5,10,445807405.0,10.182,0.341,7
expanding_excavation,47460799,16.657,5,10,445808001.0,10.182,0.341,8
expanding_excavation,47477474,16.675,5,10,445808597.0,10.182,0.341,8
expanding_excavation,47494141,16.667,5,10,445809409.0,10.182,0.341,7
expanding_excavation,47510800,16.659,5,10,445810005.0,10.182,0.341,8
expanding_excavation,47527461,16.661,5,10,445810601.0,10.182,0.341,8
expanding_excavation,47544125,16.664,5,10,445811197.0,10.182,0.341,7
expanding_excavation,47560798,16.673,5,10,446472629.0,10.182,0.341,7
expanding_excavation,47577460,16.662,5,10,446069617.0,10.182,0.341,6
expanding_excavation,47594116,16.656,5,10,446169317.0,10.182,0.341,11
expanding_excavation,47610789,16.673,5,10,446257065.0,10.182,0.341,8
expanding_excavation,47627446,16.657,5,10,446369305.0,10.182,0.341,7
expanding_excavation,47644113,16.667,5,10,446441353.0,10.182,0.341,8
expanding_excavation,47660784,16.671,5,10,446539537.0,10.182,0.341,7
expanding_excavation,47677546,16.762,5,10,446660589.0,10.182,0.341,8
expanding_excavation,47694125,16.579,5,10,446666405.0,10.182,0.341,7
expanding_excavation,47710791,16.666,5,10,446667001.0,10.182,0.341,8
expanding_excavation,47727457,16.666,5,10,446667597.0,10.182,0.341,11
expanding_excavation,47744125,16.668,5,10,446668197.0,10.182,0.341,8
expanding_excavation,47760779,16.654,5,10,446841741.0,10.182,0.341,7
expanding_excavation,47777452,16.673,5,10,446895013.0,10.182,0.341,7
expanding_excavation,47794125,16.673,5,10,446895609.0,10.182,0.341,8
expanding_excavation,47810774,16.649,5,10,447030961.0,10.182,0.341,8
expanding_excavation,47827434,16.66,5,10,447093629.0,10.182,0.341,7
expanding_excavation,47844111,16.677,5,10,447216509.0,10.182,0.341,7
expanding_excavation,47860786,16.675,5,10,447294093.0,10.182,0.341,7
expanding_excavation,47877454,16.668,5,10,447368305.0,10.182,0.341,8
expanding_excavation,47894117,16.663,5,10,447434141.0,10.182,0.341,7
expanding_excavation,47910793,16.676,5,10,447434737.0,10.182,0.341,7
expanding_excavation,47927442,16.649,5,10,447511773.0,10.182,0.341,8
expanding_excavation,47944109,16.667,5,10,447569241.0,10.182,0.341,7
expanding_excavation,47960785,16.676,5,10,447569837.0,10.182,0.341,8
expanding_excavation,47977446,16.661,5,10,447570433.0,10.182,0.341,7
expanding_excavation,47994113,16.667,5,10,447571029.0,10.182,0.341,8
expanding_excavation,48010770,16.657,5,10,447698393.0,10.182,0.341,7
expanding_excavation,48027432,16.662,5,10,447814873.0,5.051,0.179,7
expanding_excavation,48044108,16.676,5,10,447899441.0,5.051,0.179,7
expanding_excavation,48060764,16.656,5,10,448012413.0,5.051,0.179,7
expanding_excavation,48077437,16.673,5,10,448134185.0,5.051,0.179,7
expanding_excavation,48094096,16.659,5,10,448203281.0,5.051,0.179,7
expanding_excavation,48110765,16.669,5,10,448267169.0,5.051,0.179,8
expanding_excavation,48127441,16.676,5,10,448269597.0,5.051,0.179,7
expanding_excavation,48144114,16.673,5,10,448270189.0,5.051,0.179,8
expanding_excavation,48160769,16.655,5,10,448270781.0,5.051,0.179,7
expanding_excavation,48177435,16.666,5,10,448271373.0,5.051,0.179,7
expanding_excavation,48194110,16.675,5,10,448271965.0,5.051,0.179,8
expanding_excavation,48210762,16.652,5,10,448452869.0,5.051,0.179,8
expanding_excavation,48227423,16.661,5,10,448568393.0,5.051,0.179,7
expanding_excavation,48244091,16.668,5,10,448640921.0,5.051,0.179,7
expanding_excavation,48260775,16.684,5,10,448708441.0,5.051,0.179,8
expanding_excavation,48277428,16.653,5,10,448842085.0,5.051,0.179,8
expanding_excavation,48294090,16.662,5,10,448935273.0,5.051,0.179,7
expanding_excavation,48310750,16.66,5,10,449020457.0,5.051,0.179,7
expanding_excavation,48327428,16.678,5,10,449021049.0,5.051,0.179,7
expanding_excavation,48344112,16.684,5,10,449021641.0,5.051,0.179,7
expanding_excavation,48360764,16.652,5,10,449022233.0,5.051,0.179,7
expanding_excavation,48377429,16.665,5,10,449162565.0,5.051,0.179,7
expanding_excavation,48394111,16.682,5,10,449247325.0,5.051,0.179,7
expanding_excavation,48410757,16.646,5,10,449333529.0,5.051,0.179,8
expanding_excavation,48427414,16.657,5,10,449496809.0,5.051,0.179,7
expanding_excavation,48444080,16.666,5,10,449586037.0,5.051,0.179,7
expanding_excavation,48460751,16.671,5,10,449658485.0,5.051,0.179,7
expanding_excavation,48477414,16.663,5,10,449769629.0,5.051,0.179,7
expanding_excavation,48494093,16.679,5,10,449778921.0,5.051,0.179,8
expanding_excavation,48510759,16.666,5,10,449779513.0,5.051,0.179,7
expanding_excavation,48527420,16.661,5,10,449780105.0,5.051,0.179,8
expanding_excavation,48544085,16.665,5,10,449780697.0,5.051,0.179,8
expanding_excavation,48560742,16.657,5,10,449983909.0,5.051,0.179,7
expanding_excavation,48577405,16.663,1,10,450106009.0,5.051,0.179,7
expanding_excavation,48594100,16.695,5,10,450342401.0,5.051,0.179,7
expanding_excavation,48610743,16.643,5,10,450424969.0,5.051,0.179,8
expanding_excavation,48627434,16.691,4,10,450804833.0,5.051,0.179,8
expanding_excavation,48644089,16.655,5,10,450497937.0,5.051,0.179,7
travel_new_regions,48663009,18.92,6,10,450603481.0,5.051,0.179,7
travel_new_regions,48677413,14.404,6,10,450880577.0,5.051,0.179,7
travel_new_regions,48694072,16.659,6,10,451092681.0,5.051,0.179,7
travel_new_regions,48710736,16.664,6,10,451386613.0,5.051,0.179,7
travel_new_regions,48727402,16.666,6,10,451800677.0,5.051,0.179,7
travel_new_regions,48744074,16.672,6,10,452037845.0,5.051,0.179,7
travel_new_regions,48760738,16.664,6,10,452277917.0,5.051,0.179,7
travel_new_regions,48777415,16.677,6,10,452578605.0,5.051,0.179,7
travel_new_regions,48794068,16.653,6,10,452844485.0,5.051,0.179,8
travel_new_regions,48810736,16.668,6,10,453052157.0,5.051,0.179,7
travel_new_regions,48827395,16.659,6,10,453485041.0,5.051,0.179,7
travel_new_regions,48844080,16.685,6,10,453692233.0,5.051,0.179,7
travel_new_regions,48860746,16.666,6,10,454751265.0,5.051,0.179,7
travel_new_regions,48877396,16.65,6,10,456458821.0,5.051,0.179,8
travel_new_regions,48894069,16.673,6,10,455973233.0,5.051,0.179,7
travel_new_regions,48910819,16.75,6,10,456107525.0,5.051,0.179,8
travel_new_regions,48927402,16.583,6,10,456217645.0,5.051,0.179,8
travel_new_regions,48944060,16.658,6,10,456319101.0,5.051,0.179,6
travel_new_regions,48960727,16.667,6,10,456373149.0,5.051,0.179,7
travel_new_regions,48977397,16.67,6,10,456477001.0,5.051,0.179,7
travel_new_regions,48994065,16.668,6,10,456566437.0,5.051,0.179,7
travel_new_regions,49010737,16.672,6,10,456659729.0,5.051,0.179,7
travel_new_regions,49027401,16.664,6,10,456815809.0,18.658,0.237,8
travel_new_regions,49044065,16.664,6,10,456869405.0,18.658,0.237,6
travel_new_regions,49060725,16.66,6,10,456970293.0,18.658,0.237,8
travel_new_regions,49077393,16.668,6,10,457024289.0,18.658,0.237,8
travel_new_regions,49094077,16.684,6,10,457131169.0,18.658,0.237,7
travel_new_regions,49110731,16.654,6,10,457320577.0,18.658,0.237,6
travel_new_regions,49127391,16.66,6,10,457376633.0,18.658,0.237,7
travel_new_regions,49144056,16.665,6,10,457472357.0,18.658,0.237,7
travel_new_regions,49160717,16.661,6,10,457533201.0,18.658,0.237,8
travel_new_regions,49177388,16.671,6,10,457630529.0,18.658,0.237,8
travel_new_regions,49194054,16.666,6,10,457689789.0,18.658,0.237,6
travel_new_regions,49210720,16.666,6,10,457881285.0,18.658,0.237,7
travel_new_regions,49227386,16.666,6,10,457933137.0,18.658,0.237,7
travel_new_regions,49244042,16.656,6,10,458038253.0,18.658,0.237,7
travel_new_regions,49260713,16.671,6,10,458130473.0,18.658,0.237,7
travel_new_regions,49277381,16.668,6,10,458191589.0,18.658,0.237,8
travel_new_regions,49294049,16.668,6,10,458326441.0,18.658,0.237,11
travel_new_regions,49310716,16.667,6,10,458470917.0,18.658,0.237,8
travel_new_regions,49327377,16.661,6,10,458536901.0,18.658,0.237,7
travel_new_regions,49344044,16.667,6,10,458631969.0,18.658,0.237,6
travel_new_regions,49360740,16.696,6,10,458695437.0,18.658,0.237,8
travel_new_regions,49377393,16.653,6,10,458792565.0,18.658,0.237,7
travel_new_regions,49394050,16.657,4,10,458864089.0,18.658,0.237,8
travel_new_regions,49410707,16.657,4,10,459153069.0,18.658,0.237,6
travel_new_regions,49430275,19.568,3,10,459239033.0,18.658,0.237,14140
travel_new_regions,49455453,25.178,3,14,459149389.0,18.658,0.237,18981
travel_new_regions,49465963,10.51,4,14,458819973.0,18.658,0.237,361
travel_new_regions,49477379,11.416,5,14,459114173.0,18.658,0.237,376
travel_new_regions,49494040,16.661,5,14,459399609.0,18.658,0.237,363
travel_new_regions,49510708,16.668,5,14,459627001.0,18.658,0.237,367
travel_new_regions,49527370,16.662,5,14,460009245.0,18.658,0.237,364
travel_new_regions,49544062,16.692,5,14,460282541.0,18.658,0.237,364
travel_new_regions,49560714,16.652,5,14,460560021.0,18.658,0.237,374
travel_new_regions,49577374,16.66,5,14,460994125.0,18.658,0.237,363
travel_new_regions,49594038,16.664,5,14,461288965.0,18.658,0.237,366
travel_new_regions,49610707,16.669,3,14,461713125.0,18.658,0.237,364
travel_new_regions,49627367,16.66,3,14,462030233.0,18.658,0.237,370
travel_new_regions,49644024,16.657,0,14,462165605.0,18.658,0.237,6488
travel_new_regions,49660700,16.676,2,14,462118705.0,18.658,0.237,488
travel_new_regions,49677371,16.671,0,14,462494769.0,18.658,0.237,472
travel_new_regions,49694059,16.688,0,14,462682929.0,18.658,0.237,450
travel_new_regions,49710688,16.629,0,14,462905895.0,18.658,0.237,12202
travel_new_regions,49727380,16.692,0,16,463123479.0,18.658,0.237,223
travel_new_regions,49744024,16.644,2,16,462907783.0,18.658,0.237,218
travel_new_regions,49760711,16.687,0,16,462415139.0,18.658,0.237,220
travel_new_regions,49777387,16.676,0,16,462660875.0,18.658,0.237,219
travel_new_regions,49794022,16.635,0,16,463007183.0,18.658,0.237,5553
travel_new_regions,49810688,16.666,0,16,463483175.0,18.658,0.237,294
travel_new_regions,49827366,16.678,0,16,463631463.0,18.658,0.237,293
travel_new_regions,49844025,16.659,2,16,463281887.0,18.658,0.237,309
travel_new_regions,49860702,16.677,0,16,463532299.0,18.658,0.237,294
travel_new_regions,49877364,16.662,0,16,463781519.0,18.658,0.237,298
travel_new_regions,49894017,16.653,0,16,464081043.0,18.658,0.237,6824
travel_new_regions,49910687,16.67,0,18,464712567.0,18.658,0.237,367
travel_new_regions,49927371,16.684,0,18,464948623.0,18.658,0.237,2016
travel_new_regions,49944026,16.655,0,18,465171451.0,18.658,0.237,255
travel_new_regions,49960686,16.66,2,18,464057871.0,18.658,0.237,245
travel_new_regions,49977376,16.69,0,18,464073667.0,18.658,0.237,253
travel_new_regions,49994037,16.661,0,18,464237587.0,18.658,0.237,1524
travel_new_regions,50010671,16.634,0,18,464455339.0,18.658,0.237,11529
travel_new_regions,50027348,16.677,0,18,465079171.0,24.937,0.173,249
travel_new_regions,50044036,16.688,0,18,465363539.0,24.937,0.173,248
travel_new_regions,50060689,16.653,0,18,465576959.0,24.937,0.173,253
travel_new_regions,50077341,16.652,2,18,464835655.0,24.937,0.173,1510
travel_new_regions,50094035,16.694,0,18,464971859.0,24.937,0.173,182
travel_new_regions,50110697,16.662,0,18,465214031.0,24.937,0.173,189
travel_new_regions,50127338,16.641,0,18,465532233.0,24.937,0.173,7240
travel_new_regions,50144008,16.67,0,20,466153589.0,24.937,0.173,257
travel_new_regions,50160701,16.693,0,20,466503845.0,24.937,0.173,256
travel_new_regions,50177355,16.654,0,20,466629665.0,24.937,0.173,1490
travel_new_regions,50194018,16.663,0,20,466764725.0,24.937,0.173,193
travel_new_regions,50210680,16.662,2,20,465622085.0,24.937,0.173,192
travel_new_regions,50227356,16.676,0,20,465930617.0,24.937,0.173,194
travel_new_regions,50244024,16.668,0,20,466167773.0,24.937,0.173,192
travel_new_regions,50260670,16.646,0,20,466515865.0,24.937,0.173,7374
travel_new_regions,50277344,16.674,0,20,467001201.0,24.937,0.173,268
travel_new_regions,50293999,16.655,2,20,466431481.0,24.937,0.173,1698
travel_new_regions,50310673,16.674,0,20,466932205.0,24.937,0.173,184
travel_new_regions,50327356,16.683,0,20,467163289.0,24.937,0.173,186
travel_new_regions,50343996,16.64,0,20,467398335.0,24.937,0.173,6575
travel_new_regions,50362787,18.791,0,22,467378725.0,24.937,0.173,11946
travel_new_regions,50377344,14.557,0,22,467556453.0,24.937,0.173,242
travel_new_regions,50394015,16.671,0,22,467781125.0,24.937,0.173,239
travel_new_regions,50410664,16.649,2,22,467171777.0,24.937,0.173,1615
travel_new_regions,50427348,16.684,0,22,467504001.0,24.937,0.173,159
travel_new_regions,50444019,16.671,0,22,467746825.0,24.937,0.173,157
travel_new_regions,50460667,16.648,0,22,468046593.0,24.937,0.173,5230
travel_new_regions,50477333,16.666,0,22,468737389.0,24.937,0.173,231
travel_new_regions,50494015,16.682,0,22,469030025.0,24.937,0.173,230
travel_new_regions,50510674,16.659,0,22,469178273.0,24.937,0.173,236
travel_new_regions,50527327,16.653,2,22,468122237.0,24.937,0.173,244
travel_new_regions,50544008,16.681,0,22,468444069.0,24.937,0.173,1430
travel_new_regions,50560678,16.67,0,22,468686273.0,24.937,0.173,164
travel_new_regions,50577332,16.654,0,22,469454805.0,24.937,0.173,4874
travel_new_regions,50594002,16.67,0,24,469391325.0,24.937,0.173,230
travel_new_regions,50610693,16.691,0,24,469646005.0,24.937,0.173,229
travel_new_regions,50627345,16.652,2,24,469048817.0,24.937,0.173,1998
travel_new_regions,50643994,16.649,0,24,469371877.0,24.937,0.173,225
travel_new_regions,50663557,19.563,0,24,469667809.0,24.937,0.173,12303
travel_new_regions,50677326,13.769,0,24,469817613.0,24.937,0.173,3830
travel_new_regions,50693992,16.666,0,24,470529933.0,24.937,0.173,208
travel_new_regions,50710670,16.678,0,24,470460145.0,24.937,0.173,206
travel_new_regions,50727328,16.658,3,24,469942649.0,24.937,0.173,205
travel_new_regions,50744002,16.674,1,24,470770461.0,24.937,0.173,1407
travel_new_regions,50760690,16.688,0,24,470809585.0,24.937,0.173,141
travel_new_regions,50777324,16.634,0,24,471104377.0,24.937,0.173,4900
travel_new_regions,50793992,16.668,0,26,471960445.0,24.937,0.173,207
travel_new_regions,50810666,16.674,0,26,472018121.0,24.937,0.173,209
travel_new_regions,50827328,16.662,0,26,472250613.0,24.937,0.173,205
travel_new_regions,50843989,16.661,3,26,471025301.0,24.937,0.173,211
travel_new_regions,50860650,16.661,0,26,471607849.0,24.937,0.173,1254
travel_new_regions,50877345,16.695,0,26,471859561.0,24.937,0.173,143
travel_new_regions,50893978,16.633,0,26,472166541.0,24.937,0.173,4916
travel_new_regions,50910648,16.67,0,26,472798461.0,24.937,0.173,201
travel_new_regions,50927325,16.677,0,26,473161649.0,24.937,0.173,200
travel_new_regions,50943999,16.674,0,26,473379349.0,24.937,0.173,204
travel_new_regions,50960653,16.654,0,26,473532373.0,24.937,0.173,1093
travel_new_regions,50977314,16.661,2,26,472347009.0,24.937,0.173,161
travel_new_regions,50993996,16.682,0,26,472479009.0,24.937,0.173,157
travel_new_regions,51010657,16.661,0,26,472721165.0,24.937,0.173,159
travel_new_regions,51027326,16.669,0,26,472853689.0,19.351,0.18,5472
travel_new_regions,51043996,16.67,0,28,473438773.0,19.351,0.18,206
travel_new_regions,51060641,16.645,0,28,473871713.0,19.351,0.18,1367
travel_new_regions,51077304,16.663,2,28,472999401.0,19.351,0.18,161
travel_new_regions,51093987,16.683,0,28,473305833.0,19.351,0.18,142
travel_new_regions,51110656,16.669,0,28,473571045.0,19.351,0.18,141
travel_new_regions,51127318,16.662,0,28,473721301.0,19.351,0.18,5193
travel_new_regions,51143971,16.653,0,28,474120681.0,19.351,0.18,200
travel_new_regions,51160649,16.678,0,28,474278425.0,19.351,0.18,194
travel_new_regions,51177313,16.664,0,28,474497189.0,19.351,0.18,1273
travel_new_regions,51193973,16.66,4,28,474185833.0,19.351,0.18,130
travel_new_regions,51210642,16.669,2,28,474004045.0,19.351,0.18,133
travel_new_regions,51227312,16.67,0,28,474576669.0,19.351,0.18,132
travel_new_regions,51243961,16.649,0,28,474725513.0,19.351,0.18,5011
travel_new_regions,51264127,20.166,0,30,474538513.0,19.351,0.18,15677
travel_new_regions,51277295,13.168,0,30,474898137.0,19.351,0.18,199
travel_new_regions,51293964,16.669,0,30,475053505.0,19.351,0.18,200
travel_new_regions,51310617,16.653,4,30,474367741.0,19.351,0.18,1100
travel_new_regions,51327291,16.674,3,30,474799849.0,19.351,0.18,144
travel_new_regions,51343957,16.666,2,30,475354617.0,19.351,0.18,146
travel_new_regions,51360612,16.655,2,30,475280253.0,19.351,0.18,3552
travel_new_regions,51377275,16.663,2,30,475459245.0,19.351,0.18,199
travel_new_regions,51393974,16.699,2,30,475666033.0,19.351,0.18,211
travel_new_regions,51410628,16.654,0,30,476026509.0,19.351,0.18,1276
travel_new_regions,51427294,16.666,0,30,476248841.0,19.351,0.18,151
travel_new_regions,51443957,16.663,4,30,475722325.0,19.351,0.18,143
travel_new_regions,51460616,16.659,3,30,476078213.0,19.351,0.18,147
travel_new_regions,51477290,16.674,2,30,476644981.0,19.351,0.18,146
travel_new_regions,51493959,16.669,2,30,476736993.0,19.351,0.18,3582
travel_new_regions,51510611,16.652,2,32,476836293.0,19.351,0.18,217
travel_new_regions,51527274,16.663,2,32,477078617.0,19.351,0.18,1275
travel_new_regions,51543939,16.665,0,32,477453605.0,19.351,0.18,126
travel_new_regions,51560616,16.677,0,32,477671009.0,19.351,0.18,124
travel_new_regions,51577279,16.663,0,32,477885861.0,19.351,0.18,124
travel_new_regions,51593947,16.668,4,32,476962193.0,19.351,0.18,120
travel_new_regions,51610604,16.657,3,32,476934437.0,19.351,0.18,133
travel_new_regions,51627274,16.67,0,32,477491497.0,19.351,0.18,125
travel_new_regions,51643935,16.661,0,32,477580381.0,19.351,0.18,5049
travel_new_regions,51660621,16.686,0,32,477781269.0,19.351,0.18,120
travel_new_regions,51677265,16.644,0,32,477934749.0,19.351,0.18,124
travel_new_regions,51693940,16.675,0,32,478303093.0,19.351,0.18,118
travel_new_regions,51710607,16.667,0,32,478455917.0,19.351,0.18,120
travel_new_regions,51727273,16.666,0,32,478673673.0,19.351,0.18,120
travel_new_regions,51743931,16.658,4,32,477037529.0,19.351,0.18,116
travel_new_regions,51760602,16.671,3,32,476388201.0,19.351,0.18,124
travel_new_regions,51777264,16.662,2,32,476841725.0,19.351,0.18,844
travel_new_regions,51793935,16.671,2,32,476757045.0,19.351,0.18,3301
travel_new_regions,51810596,16.661,2,34,476886145.0,19.351,0.18,126
travel_new_regions,51827260,16.664,2,34,477103305.0,19.351,0.18,129
travel_new_regions,51843922,16.662,2,34,477431621.0,19.351,0.18,124
travel_new_regions,51860622,16.7,0,34,477682201.0,19.351,0.18,125
travel_new_regions,51877289,16.667,0,34,477836697.0,19.351,0.18,136
travel_new_regions,51893935,16.646,4,34,477004869.0,19.351,0.18,131
travel_new_regions,51910593,16.658,3,34,476815769.0,19.351,0.18,124
travel_new_regions,51927280,16.687,2,34,477364829.0,19.351,0.18,1036
travel_new_regions,51943923,16.643,2,34,477479101.0,19.351,0.18,6422
travel_new_regions,51960587,16.664,2,34,477613497.0,19.351,0.18,121
travel_new_regions,51977254,16.667,2,34,477828517.0,19.351,0.18,121
travel_new_regions,51993930,16.676,2,34,478211853.0,19.351,0.18,127
travel_new_regions,52010617,16.687,2,34,478480705.0,19.351,0.18,122
travel_new_regions,52027266,16.649,0,34,478689133.0,19.966,0.166,125
travel_new_regions,52043935,16.669,4,34,478311941.0,19.966,0.166,124
travel_new_regions,52060599,16.664,4,34,478265233.0,19.966,0.166,121
travel_new_regions,52077250,16.651,0,34,478682009.0,19.966,0.166,1004
travel_new_regions,52093924,16.674,0,34,478597953.0,19.966,0.166,3713
travel_new_regions,52110617,16.693,0,36,478770857.0,19.966,0.166,131
travel_new_regions,52127260,16.643,0,36,478876345.0,19.966,0.166,138
travel_new_regions,52143909,16.649,0,36,479194145.0,19.966,0.166,130
travel_new_regions,52160582,16.673,0,36,479603525.0,19.966,0.166,129
travel_new_regions,52177250,16.668,0,36,479852241.0,19.966,0.166,126
travel_new_regions,52193927,16.677,0,36,480065821.0,19.966,0.166,129
travel_new_regions,52210584,16.657,4,36,478893585.0,19.966,0.166,124
travel_new_regions,52227249,16.665,4,36,479150681.0,19.966,0.166,947
travel_new_regions,52243916,16.667,2,36,479701357.0,19.966,0.166,84
travel_new_regions,52260576,16.66,2,36,479400809.0,19.966,0.166,3251
travel_new_regions,52277242,16.666,2,36,479539001.0,19.966,0.166,113
travel_new_regions,52293909,16.667,2,36,479754401.0,19.966,0.166,119
travel_new_regions,52310583,16.674,2,36,479960281.0,19.966,0.166,113
travel_new_regions,52327254,16.671,2,36,480453781.0,19.966,0.166,112
travel_new_regions,52343919,16.665,0,36,480572265.0,19.966,0.166,113
travel_new_regions,52360584,16.665,0,36,480813781.0,19.966,0.166,114
travel_new_regions,52377242,16.658,4,36,479900037.0,19.966,0.166,1019
travel_new_regions,52393905,16.663,4,36,479651529.0,19.966,0.166,56
travel_new_regions,52410595,16.69,2,36,480631797.0,19.966,0.166,55
travel_new_regions,52427238,16.643,2,36,479871225.0,19.966,0.166,3242
travel_new_regions,52443912,16.674,2,38,479191055.0,19.966,0.166,7240
travel_new_regions,52460568,16.656,2,38,479486851.0,19.966,0.166,97
travel_new_regions,52477228,16.66,2,38,479741835.0,19.966,0.166,97
travel_new_regions,52493920,16.692,0,38,480078307.0,19.966,0.166,98
travel_new_regions,52510579,16.659,0,38,480239607.0,19.966,0.166,98
travel_new_regions,52527233,16.654,4,38,479183823.0,19.966,0.166,94
travel_new_regions,52543897,16.664,4,38,479045771.0,19.966,0.166,778
travel_new_regions,52560573,16.676,2,38,479626907.0,19.966,0.166,59
travel_new_regions,52577230,16.657,2,38,479527259.0,19.966,0.166,2011
travel_new_regions,52593915,16.685,2,38,479643387.0,19.966,0.166,102
travel_new_regions,52610571,16.656,2,38,479883327.0,19.966,0.166,104
travel_new_regions,52627229,16.658,2,38,480040535.0,19.966,0.166,106
travel_new_regions,52643886,16.657,2,38,480319175.0,19.966,0.166,104
travel_new_regions,52660571,16.685,0,38,480657715.0,19.966,0.166,104
travel_new_regions,52677240,16.669,0,38,480819747.0,19.966,0.166,105
travel_new_regions,52693914,16.674,4,38,480310307.0,19.966,0.166,104
travel_new_regions,52710585,16.671,4,38,480532451.0,19.966,0.166,799
travel_new_regions,52727240,16.655,2,38,481298675.0,19.966,0.166,58
travel_new_regions,52743890,16.65,2,38,480799795.0,19.966,0.166,2103
travel_new_regions,52760555,16.665,2,40,481012247.0,19.966,0.166,98
travel_new_regions,52777218,16.663,2,40,481169435.0,19.966,0.166,99
travel_new_regions,52793887,16.669,2,40,481493271.0,19.966,0.166,97
travel_new_regions,52810550,16.663,2,40,481751519.0,19.966,0.166,99
travel_new_regions,52827229,16.679,0,40,482096847.0,19.966,0.166,99
travel_new_regions,52843900,16.671,0,40,482251379.0,19.966,0.166,98
travel_new_regions,52860579,16.679,4,40,480998787.0,19.966,0.166,745
travel_new_regions,52877226,16.647,4,40,481163327.0,19.966,0.166,58
travel_new_regions,52893891,16.665,3,40,481695643.0,19.966,0.166,55
travel_new_regions,52910550,16.659,3,40,481384043.0,19.966,0.166,2274
travel_new_regions,52927220,16.67,3,41,481490331.0,19.966,0.166,101
travel_new_regions,52943881,16.661,3,41,481691871.0,19.966,0.166,103
travel_new_regions,52960553,16.672,3,41,481901803.0,19.966,0.166,100
travel_new_regions,52977214,16.661,3,41,482420935.0,19.966,0.166,102
travel_new_regions,52993877,16.663,0,41,482637183.0,19.966,0.166,102
travel_new_regions,53010559,16.682,0,41,482821287.0,19.966,0.166,101
travel_new_regions,53027218,16.659,4,41,481975987.0,12.112,0.151,759
travel_new_regions,53043883,16.665,4,41,481735975.0,12.112,0.151,62
travel_new_regions,53060550,16.667,2,41,482119755.0,12.112,0.151,62
travel_new_regions,53077211,16.661,2,41,482026339.0,12.112,0.151,1871
travel_new_regions,53093878,16.667,2,46,482156235.0,12.112,0.151,83
travel_new_regions,53110540,16.662,2,46,482270783.0,12.112,0.151,83
travel_new_regions,53127216,16.676,2,46,482513971.0,12.112,0.151,83
travel_new_regions,53143879,16.663,2,46,482843715.0,12.112,0.151,85
travel_new_regions,53160555,16.676,0,46,483020255.0,12.112,0.151,93
travel_new_regions,53177215,16.66,0,46,483186099.0,12.112,0.151,82
travel_new_regions,53193880,16.665,4,46,482474179.0,12.112,0.151,895
travel_new_regions,53210546,16.666,4,46,482434495.0,12.112,0.151,39
travel_new_regions,53227206,16.66,3,46,482614951.0,12.112,0.151,37
travel_new_regions,53243870,16.664,3,46,482557711.0,12.112,0.151,2274
travel_new_regions,53260536,16.666,3,46,482699787.0,12.112,0.151,73
travel_new_regions,53277197,16.661,3,46,482869403.0,12.112,0.151,79
travel_new_regions,53293879,16.682,3,46,482990199.0,12.112,0.151,77
travel_new_regions,53310543,16.664,3,46,483196507.0,12.112,0.151,77
travel_new_regions,53327198,16.655,2,46,483577399.0,12.112,0.151,75
travel_new_regions,53343873,16.675,0,46,483754679.0,12.112,0.151,74
travel_new_regions,53360545,16.672,0,46,483947171.0,12.112,0.151,524
travel_new_regions,53377222,16.677,4,46,483059059.0,12.112,0.151,53
travel_new_regions,53393884,16.662,4,46,483562203.0,12.112,0.151,52
travel_new_regions,53410548,16.664,2,46,483927003.0,12.112,0.151,52
travel_new_regions,53427228,16.68,2,46,483694947.0,12.112,0.151,2011
travel_new_regions,53443856,16.628,2,50,483978863.0,12.112,0.151,81
travel_new_regions,53460522,16.666,2,50,484066459.0,12.112,0.151,85
travel_new_regions,53477205,16.683,2,50,484181055.0,12.112,0.151,80
travel_new_regions,53493878,16.673,2,50,484391191.0,12.112,0.151,81
travel_new_regions,53510527,16.649,2,50,484705563.0,12.112,0.151,79
travel_new_regions,53527205,16.678,0,50,485042307.0,12.112,0.151,732
travel_new_regions,53543890,16.685,0,50,485204727.0,12.112,0.151,46
travel_new_regions,53560548,16.658,4,50,484025235.0,12.112,0.151,45
travel_new_regions,53577211,16.663,4,50,484337479.0,12.112,0.151,46
travel_new_regions,53593863,16.652,3,50,484740787.0,12.112,0.151,47
travel_new_regions,53610522,16.659,3,50,484445279.0,12.112,0.151,1908
travel_new_regions,53627181,16.659,3,50,484583175.0,12.112,0.151,76
travel_new_regions,53643865,16.684,3,50,484668899.0,12.112,0.151,78
travel_new_regions,53660533,16.668,3,50,484783495.0,12.112,0.151,79
travel_new_regions,53677182,16.649,3,50,485051819.0,12.112,0.151,79
travel_new_regions,53693851,16.669,3,50,485407187.0,12.112,0.151,75
travel_new_regions,53710529,16.678,0,50,485691695.0,12.112,0.151,647
travel_new_regions,53727197,16.668,0,50,485864795.0,12.112,0.151,44
travel_new_regions,53743864,16.667,4,50,484924587.0,12.112,0.151,42
travel_new_regions,53760517,16.653,4,50,484664431.0,12.112,0.151,45
travel_new_regions,53777194,16.677,2,50,485050243.0,12.112,0.151,43
travel_new_regions,53793843,16.649,2,50,484897651.0,12.112,0.151,1780
travel_new_regions,53810515,16.672,2,52,484456879.0,12.112,0.151,10027
travel_new_regions,53827180,16.665,2,52,484569151.0,12.112,0.151,65
travel_new_regions,53843840,16.66,2,52,484828551.0,12.112,0.151,63
travel_new_regions,53860513,16.673,0,52,485149307.0,12.112,0.151,64
travel_new_regions,53877186,16.673,0,52,485305947.0,12.112,0.151,60
travel_new_regions,53893863,16.677,0,52,485550499.0,12.112,0.151,517
travel_new_regions,53910516,16.653,4,52,484504207.0,12.112,0.151,31
travel_new_regions,53927180,16.664,4,52,484360831.0,12.112,0.151,38
travel_new_regions,53943850,16.67,3,52,484888651.0,12.112,0.151,32
travel_new_regions,53960504,16.654,3,52,484849615.0,12.112,0.151,1025
travel_new_regions,53977175,16.671,3,52,485028903.0,12.112,0.151,51
travel_new_regions,53993845,16.67,3,52,485188343.0,12.112,0.151,52
travel_new_regions,54010507,16.662,3,52,485326823.0,12.112,0.151,53
travel_new_regions,54027164,16.657,3,52,485533703.0,13.045,0.16,52
travel_new_regions,54043849,16.685,0,52,485996819.0,13.045,0.16,51
travel_new_regions,54060516,16.667,0,52,486160971.0,13.045,0.16,51
travel_new_regions,54077181,16.665,0,52,486348127.0,13.045,0.16,411
travel_new_regions,54093840,16.659,4,52,485413455.0,13.045,0.16,30
travel_new_regions,54110509,16.669,4,52,485900951.0,13.045,0.16,32
travel_new_regions,54127171,16.662,2,52,486458899.0,13.045,0.16,31
travel_new_regions,54143835,16.664,2,52,486209495.0,13.045,0.16,1201
travel_new_regions,54160496,16.661,2,54,486323171.0,13.045,0.16,59
travel_new_regions,54177186,16.69,2,54,486434419.0,13.045,0.16,57
travel_new_regions,54193826,16.64,2,54,486695743.0,13.045,0.16,59
travel_new_regions,54210497,16.671,2,54,486911587.0,13.045,0.16,61
travel_new_regions,54227165,16.668,0,54,487301239.0,13.045,0.16,55
travel_new_regions,54243844,16.679,0,54,487549939.0,13.045,0.16,397
travel_new_regions,54260511,16.667,4,54,486432727.0,13.045,0.16,37
travel_new_regions,54277177,16.666,4,54,486531043.0,13.045,0.16,37
travel_new_regions,54293837,16.66,3,54,487067667.0,13.045,0.16,39
travel_new_regions,54310494,16.657,3,54,486770075.0,13.045,0.16,1084
travel_new_regions,54327162,16.668,3,54,486896779.0,13.045,0.16,57
travel_new_regions,54343834,16.672,3,54,487008031.0,13.045,0.16,57
travel_new_regions,54360488,16.654,3,54,487269815.0,13.045,0.16,59
travel_new_regions,54377151,16.663,3,54,487485007.0,13.045,0.16,57
travel_new_regions,54393847,16.696,0,54,487955395.0,13.045,0.16,57
travel_new_regions,54410519,16.672,0,54,488093215.0,13.045,0.16,56
travel_new_regions,54427176,16.657,0,54,488209755.0,13.045,0.16,514
travel_new_regions,54443852,16.676,4,54,487320107.0,13.045,0.16,30
travel_new_regions,54460495,16.643,4,54,487026039.0,13.045,0.16,34
travel_new_regions,54477174,16.679,2,54,487590519.0,13.045,0.16,34
travel_new_regions,54493824,16.65,2,54,487276299.0,13.045,0.16,1252
travel_new_regions,54510496,16.672,2,56,487406067.0,13.045,0.16,43
travel_new_regions,54527153,16.657,2,56,487724151.0,13.045,0.16,47
travel_new_regions,54543830,16.677,0,56,488010175.0,13.045,0.16,46
travel_new_regions,54560498,16.668,0,56,488258411.0,13.045,0.16,45
travel_new_regions,54577159,16.661,0,56,488478715.0,13.045,0.16,45
travel_new_regions,54593815,16.656,4,56,487497083.0,13.045,0.16,358
travel_new_regions,54610499,16.684,4,56,487372475.0,13.045,0.16,27
travel_new_regions,54627150,16.651,3,56,487915967.0,13.045,0.16,24
travel_new_regions,54643825,16.675,3,56,487772847.0,13.045,0.16,3722
travel_new_regions,54660493,16.668,3,56,487904551.0,13.045,0.16,42
travel_new_regions,54677145,16.652,3,56,488226215.0,13.045,0.16,43
travel_new_regions,54693804,16.659,3,56,488519375.0,13.045,0.16,46
travel_new_regions,54710476,16.672,2,56,488968287.0,13.045,0.16,42
travel_new_regions,54727157,16.681,0,56,489134759.0,13.045,0.16,42
travel_new_regions,54743810,16.653,4,56,488202511.0,13.045,0.16,44
travel_new_regions,54760489,16.679,4,56,489008799.0,13.045,0.16,41
travel_new_regions,54777145,16.656,2,56,489231687.0,13.045,0.16,346
travel_new_regions,54793806,16.661,2,56,489131571.0,13.045,0.16,933
travel_new_regions,54810473,16.667,2,62,489264671.0,13.045,0.16,38
travel_new_regions,54827134,16.661,2,62,489413191.0,13.045,0.16,39
travel_new_regions,54843810,16.676,2,62,489672503.0,13.045,0.16,39
travel_new_regions,54860474,16.664,2,62,490068519.0,13.045,0.16,38
travel_new_regions,54877143,16.669,0,62,490465123.0,13.045,0.16,39
travel_new_regions,54893821,16.678,0,62,490616163.0,13.045,0.16,38
travel_new_regions,54910475,16.654,4,62,489348975.0,13.045,0.16,38
travel_new_regions,54927139,16.664,4,62,489508583.0,13.045,0.16,403
travel_new_regions,54943808,16.669,3,62,490495763.0,13.045,0.16,20
travel_new_regions,54960461,16.653,3,62,489772735.0,13.045,0.16,919
travel_new_regions,54977140,16.679,3,62,489914347.0,13.045,0.16,28
travel_new_regions,54993797,16.657,3,62,490062867.0,13.045,0.16,30
travel_new_regions,55010456,16.659,3,62,490328839.0,13.045,0.16,31
travel_new_regions,55027130,16.674,3,62,490799079.0,12.722,0.155,28
travel_new_regions,55043800,16.67,0,62,491097811.0,12.722,0.155,29
travel_new_regions,55060476,16.676,0,62,491283443.0,12.722,0.155,29
travel_new_regions,55077150,16.674,4,62,490427495.0,12.722,0.155,263
travel_new_regions,55093823,16.673,4,62,489998531.0,12.722,0.155,20
travel_new_regions,55110473,16.65,2,62,490471155.0,12.722,0.155,20
travel_new_regions,55127131,16.658,2,62,490384763.0,12.722,0.155,461
travel_new_regions,55143791,16.66,2,66,489423903.0,12.722,0.155,2633
travel_new_regions,55160475,16.684,2,66,489644563.0,12.722,0.155,19
travel_new_regions,55177123,16.648,2,66,489997923.0,12.722,0.155,19
travel_new_regions,55193788,16.665,0,66,490312167.0,12.722,0.155,19
travel_new_regions,55210469,16.681,0,66,490544011.0,12.722,0.155,19
travel_new_regions,55227126,16.657,4,66,489430175.0,12.722,0.155,18
travel_new_regions,55243792,16.666,4,66,489238279.0,12.722,0.155,212
travel_new_regions,55260464,16.672,3,66,490206711.0,12.722,0.155,8
travel_new_regions,55277126,16.662,3,66,489765375.0,12.722,0.155,299
travel_new_regions,55293792,16.666,3,66,489906035.0,12.722,0.155,15
travel_new_regions,55310454,16.662,3,66,490120399.0,12.722,0.155,14
travel_new_regions,55327122,16.668,3,66,490245083.0,12.722,0.155,19
travel_new_regions,55343780,16.658,3,66,490513999.0,12.722,0.155,15
travel_new_regions,55360453,16.673,0,66,490938235.0,12.722,0.155,14
travel_new_regions,55377126,16.673,0,66,491117087.0,12.722,0.155,14
travel_new_regions,55393792,16.666,4,66,490078683.0,12.722,0.155,14
travel_new_regions,55410463,16.671,4,66,490504423.0,12.722,0.155,13
travel_new_regions,55427123,16.66,2,66,491091359.0,12.722,0.155,14
travel_new_regions,55443782,16.659,2,66,491022867.0,12.722,0.155,260
travel_new_regions,55460459,16.677,2,68,491119099.0,12.722,0.155,19
travel_new_regions,55477107,16.648,2,68,491412363.0,12.722,0.155,20
travel_new_regions,55493781,16.674,2,68,491722083.0,12.722,0.155,19
travel_new_regions,55510439,16.658,2,68,491925847.0,12.722,0.155,19
travel_new_regions,55527135,16.696,0,68,492252823.0,12.722,0.155,19
travel_new_regions,55543791,16.656,0,68,492508031.0,12.722,0.155,19
travel_new_regions,55560459,16.668,4,68,491184943.0,12.722,0.155,139
travel_new_regions,55577113,16.654,4,68,491415487.0,12.722,0.155,15
travel_new_regions,55593781,16.668,3,68,491945359.0,12.722,0.155,19
travel_new_regions,55610442,16.661,3,68,491628787.0,12.722,0.155,220
travel_new_regions,55627120,16.678,3,68,491726103.0,12.722,0.155,17
travel_new_regions,55643774,16.654,3,68,491951579.0,12.722,0.155,18
travel_new_regions,55660447,16.673,3,68,492155395.0,12.722,0.155,17
travel_new_regions,55677117,16.67,3,68,492589971.0,12.722,0.155,17
travel_new_regions,55693773,16.656,2,68,492840755.0,12.722,0.155,20
travel_new_regions,55710453,16.68,0,68,493013047.0,12.722,0.155,18
travel_new_regions,55727122,16.669,4,68,491804723.0,12.722,0.155,167
travel_new_regions,55743771,16.649,4,68,491874595.0,12.722,0.155,12
travel_new_regions,55760441,16.67,2,68,492271219.0,12.722,0.155,12
travel_new_regions,55777096,16.655,2,68,492183703.0,12.722,0.155,220
travel_new_regions,55793777,16.681,2,70,492318923.0,12.722,0.155,13
travel_new_regions,55810431,16.654,2,70,492575083.0,12.722,0.155,15
travel_new_regions,55827097,16.666,2,70,492805947.0,12.722,0.155,14
travel_new_regions,55843776,16.679,0,70,493151759.0,12.722,0.155,14
travel_new_regions,55860448,16.672,0,70,493313551.0,12.722,0.155,14
travel_new_regions,55877129,16.681,0,70,493443859.0,12.722,0.155,18
travel_new_regions,55893762,16.633,4,70,492180747.0,12.722,0.155,99
travel_new_regions,55910447,16.685,4,70,492260887.0,12.722,0.155,11
travel_new_regions,55927100,16.653,3,70,492765287.0,12.722,0.155,12
travel_new_regions,55943771,16.671,3,70,492784087.0,12.722,0.155,91
travel_new_regions,55960437,16.666,3,70,492923575.0,12.722,0.155,11
travel_new_regions,55977093,16.656,3,70,493109655.0,12.722,0.155,13
travel_new_regions,55993757,16.664,3,70,493305999.0,12.722,0.155,13
travel_new_regions,56010420,16.663,3,70,493567243.0,12.722,0.155,12
travel_new_regions,56027100,16.68,0,70,493999171.0,13.611,0.156,11
travel_new_regions,56043777,16.677,0,70,494080819.0,13.611,0.156,11
travel_new_regions,56060435,16.658,0,70,494291235.0,13.611,0.156,88
travel_new_regions,56077097,16.662,4,70,493580107.0,13.611,0.156,7
travel_new_regions,56093765,16.668,4,70,493969003.0,13.611,0.156,7
travel_new_regions,56110437,16.672,2,70,494607263.0,13.611,0.156,7
travel_new_regions,56127088,16.651,2,70,494236167.0,13.611,0.156,129
travel_new_regions,56143755,16.667,2,73,494373571.0,13.611,0.156,7
travel_new_regions,56160425,16.67,2,73,494470847.0,13.611,0.156,7
travel_new_regions,56177082,16.657,2,73,494728467.0,13.611,0.156,9
travel_new_regions,56193742,16.66,2,73,494923139.0,13.611,0.156,7
travel_new_regions,56210416,16.674,2,73,495246403.0,13.611,0.156,8
travel_new_regions,56227094,16.678,0,73,495536767.0,13.611,0.156,7
travel_new_regions,56243765,16.671,0,73,495687403.0,13.611,0.156,8
travel_new_regions,56260427,16.662,4,73,494707063.0,13.611,0.156,8
travel_new_regions,56277090,16.663,4,73,494366983.0,13.611,0.156,7
travel_new_regions,56293757,16.667,3,73,495128375.0,13.611,0.156,7
travel_new_regions,56310414,16.657,3,73,494852655.0,13.611,0.156,68
travel_new_regions,56327078,16.664,3,74,495070975.0,13.611,0.156,7
travel_new_regions,56343754,16.676,3,74,495168255.0,13.611,0.156,8
travel_new_regions,56360405,16.651,3,74,495427591.0,13.611,0.156,9
travel_new_regions,56377076,16.671,3,74,495637215.0,13.611,0.156,8
travel_new_regions,56393739,16.663,2,74,496043327.0,13.611,0.156,7
travel_new_regions,56410423,16.684,0,74,496318515.0,13.611,0.156,8
travel_new_regions,56427089,16.666,0,74,496401843.0,13.611,0.156,7
travel_new_regions,56443755,16.666,4,74,495778515.0,13.611,0.156,7
travel_new_regions,56460423,16.668,4,74,495263071.0,13.611,0.156,6
travel_new_regions,56477082,16.659,2,74,495603063.0,13.611,0.156,7
travel_new_regions,56493738,16.656,2,74,495467627.0,13.611,0.156,196
travel_new_regions,56510402,16.664,2,78,495081743.0,13.611,0.156,5564
travel_new_regions,56527077,16.675,2,78,495212211.0,13.611,0.156,8
travel_new_regions,56543744,16.667,2,78,495436931.0,13.611,0.156,8
travel_new_regions,56560397,16.653,0,78,495841855.0,13.611,0.156,8
travel_new_regions,56577081,16.684,0,78,496022067.0,13.611,0.156,8
travel_new_regions,56593742,16.661,0,78,496172127.0,13.611,0.156,7
travel_new_regions,56610411,16.669,4,78,494896891.0,13.611,0.156,7
travel_new_regions,56627074,16.663,4,78,494735403.0,13.611,0.156,8
travel_new_regions,56643741,16.667,3,78,495295395.0,13.611,0.156,7
travel_new_regions,56660408,16.667,3,78,495465711.0,13.611,0.156,35
travel_new_regions,56677064,16.656,3,78,495649739.0,13.611,0.156,7
travel_new_regions,56693731,16.667,3,78,495834515.0,13.611,0.156,8
travel_new_regions,56710391,16.66,3,78,495974347.0,13.611,0.156,7
travel_new_regions,56727064,16.673,3,78,496187771.0,13.611,0.156,8
travel_new_regions,56743726,16.662,2,78,496583795.0,13.611,0.156,8
travel_new_regions,56760405,16.679,0,78,496806687.0,13.611,0.156,7
travel_new_regions,56777071,16.666,0,78,496899883.0,13.611,0.156,7
travel_new_regions,56793732,16.661,4,78,495820919.0,13.611,0.156,7
travel_new_regions,56810402,16.67,4,78,496251763.0,13.611,0.156,7
travel_new_regions,56827056,16.654,2,78,496873555.0,13.611,0.156,7
travel_new_regions,56843724,16.668,2,78,496787239.0,13.611,0.156,36
travel_new_regions,56860426,16.702,2,80,496971351.0,13.611,0.156,7
travel_new_regions,56877068,16.642,2,80,497030903.0,13.611,0.156,9
travel_new_regions,56893735,16.667,2,80,497300487.0,13.611,0.156,9
travel_new_regions,56910383,16.648,2,80,497537239.0,13.611,0.156,8
travel_new_regions,56927056,16.673,0,80,497872479.0,13.611,0.156,7
travel_new_regions,56943735,16.679,0,80,498073755.0,13.611,0.156,7
travel_new_regions,56960399,16.664,0,80,498224871.0,13.611,0.156,8
travel_new_regions,56977059,16.66,4,80,496841083.0,13.611,0.156,7
travel_new_regions,56993734,16.675,4,80,496954955.0,13.611,0.156,8
travel_new_regions,57010403,16.669,3,80,498096375.0,13.611,0.156,8
travel_new_regions,57027048,16.645,3,80,497420239.0,11.064,0.157,36
travel_new_regions,57043741,16.693,3,80,497612439.0,11.064,0.157,8
travel_new_regions,57060389,16.648,3,80,497971107.0,11.064,0.157,8
travel_new_regions,57077039,16.65,3,80,497942107.0,11.064,0.157,8
travel_new_regions,57093718,16.679,3,80,498195019.0,11.064,0.157,7
travel_new_regions,57110380,16.662,0,80,498689439.0,11.064,0.157,8
travel_new_regions,57127060,16.68,0,80,498798347.0,11.064,0.157,9
travel_new_regions,57143732,16.672,0,80,498939671.0,11.064,0.157,8
travel_new_regions,57160383,16.651,4,80,497781599.0,11.064,0.157,7
travel_new_regions,57177049,16.666,4,80,497852443.0,11.064,0.157,7
travel_new_regions,57193712,16.663,2,80,498326607.0,11.064,0.157,6
travel_new_regions,57210376,16.664,2,80,498169583.0,11.064,0.157,34
travel_new_regions,57227048,16.672,2,83,498313387.0,11.064,0.157,7
travel_new_regions,57243709,16.661,2,83,498450251.0,11.064,0.157,8
travel_new_regions,57260370,16.661,2,83,498729431.0,11.064,0.157,8
travel_new_regions,57277051,16.681,0,83,499161059.0,11.064,0.157,7
travel_new_regions,57293726,16.675,0,83,499326035.0,11.064,0.157,8
travel_new_regions,57310384,16.658,0,83,499483403.0,11.064,0.157,7
travel_new_regions,57327049,16.665,4,83,498215379.0,11.064,0.157,8
travel_new_regions,57343717,16.668,4,83,497997555.0,11.064,0.157,7
travel_new_regions,57360370,16.653,3,83,498636623.0,11.064,0.157,8
travel_new_regions,57377030,16.66,3,83,498709527.0,11.064,0.157,1251
travel_new_regions,57393704,16.674,3,84,498855635.0,11.064,0.157,7
travel_new_regions,57410392,16.688,3,84,498992499.0,11.064,0.157,8
travel_new_regions,57427031,16.639,3,84,499278855.0,11.064,0.157,8
travel_new_regions,57443704,16.673,3,84,499760143.0,11.064,0.157,8
travel_new_regions,57460368,16.664,0,84,500135195.0,11.064,0.157,9
travel_new_regions,57477575,17.207,4,84,499188971.0,11.064,0.157,6
travel_new_regions,57493725,16.15,4,84,499497075.0,11.064,0.157,8
travel_new_regions,57510383,16.658,2,84,500102179.0,11.064,0.157,7
travel_new_regions,57527035,16.652,2,84,500034271.0,11.064,0.157,25
travel_new_regions,57543696,16.661,2,88,500180751.0,11.064,0.157,7
travel_new_regions,57560360,16.664,2,88,500317615.0,11.064,0.157,7
travel_new_regions,57577023,16.663,2,88,500521767.0,11.064,0.157,8
travel_new_regions,57593698,16.675,2,88,500929791.0,11.064,0.157,8
travel_new_regions,57610363,16.665,2,88,501320399.0,11.064,0.157,9
travel_new_regions,57627039,16.676,0,88,501486959.0,11.064,0.157,7
travel_new_regions,57643694,16.655,4,88,500502179.0,11.064,0.157,7
travel_new_regions,57660356,16.662,4,88,500431031.0,11.064,0.157,8
travel_new_regions,57677040,16.684,3,88,500622223.0,11.064,0.157,7
travel_new_regions,57693691,16.651,3,88,500530535.0,11.064,0.157,25
travel_new_regions,57710355,16.664,3,88,500681275.0,11.064,0.157,7
travel_new_regions,57727028,16.673,3,88,500818139.0,11.064,0.157,7
travel_new_regions,57743688,16.66,3,88,501022951.0,11.064,0.157,8
travel_new_regions,57760356,16.668,3,88,501343087.0,11.064,0.157,7
travel_new_regions,57777016,16.66,2,88,501739623.0,11.064,0.157,8
travel_new_regions,57793695,16.679,0,88,502053795.0,11.064,0.157,8
travel_new_regions,57810349,16.654,4,88,500971323.0,11.064,0.157,7
travel_new_regions,57827018,16.669,4,88,500330071.0,11.064,0.157,7
travel_new_regions,57843688,16.67,2,88,500900515.0,11.064,0.157,7
travel_new_regions,57860353,16.665,2,88,500729715.0,11.064,0.157,26
travel_new_regions,57877020,16.667,2,90,499823615.0,11.064,0.157,784
travel_new_regions,57893677,16.657,2,90,500047055.0,11.064,0.157,7
travel_new_regions,57910343,16.666,2,90,500362247.0,11.064,0.157,8
travel_new_regions,57927026,16.683,0,90,500670179.0,11.064,0.157,7
travel_new_regions,57943690,16.664,0,90,500938679.0,11.064,0.157,8
travel_new_regions,57960335,16.645,4,90,499895871.0,11.064,0.157,7
travel_new_regions,57977019,16.684,4,90,499005459.0,11.064,0.157,7
travel_new_regions,57993688,16.669,3,90,499531659.0,11.064,0.157,7
travel_new_regions,58010339,16.651,3,90,499696155.0,11.064,0.157,24
travel_new_regions,58027003,16.664,3,90,499836843.0,17.012,0.149,7
travel_new_regions,58043677,16.674,3,90,500055959.0,17.012,0.149,7
travel_new_regions,58060345,16.668,3,90,500165231.0,17.012,0.149,8
travel_new_regions,58077004,16.659,3,90,500407635.0,17.012,0.149,7
travel_new_regions,58093673,16.669,0,90,500812999.0,17.012,0.149,8
travel_new_regions,58110358,16.685,0,90,500980479.0,17.012,0.149,9
travel_new_regions,58127309,16.951,4,90,499933055.0,17.012,0.149,8
travel_new_regions,58143676,16.367,4,90,499855823.0,17.012,0.149,8
travel_new_regions,58160346,16.67,2,90,500442051.0,17.012,0.149,7
travel_new_regions,58177005,16.659,2,90,500356707.0,17.012,0.149,28
travel_new_regions,58193689,16.684,2,92,500605223.0,17.012,0.149,7
travel_new_regions,58210331,16.642,2,92,500708123.0,17.012,0.149,7
travel_new_regions,58227007,16.676,2,92,501016179.0,17.012,0.149,7
travel_new_regions,58243670,16.663,2,92,501217779.0,17.012,0.149,8
travel_new_regions,58260347,16.677,0,92,501530499.0,17.012,0.149,8
travel_new_regions,58277015,16.668,0,92,501782287.0,17.012,0.149,8
travel_new_regions,58293656,16.641,4,92,500586799.0,17.012,0.149,7
travel_new_regions,58310357,16.701,4,92,499953863.0,17.012,0.149,8
travel_new_regions,58327025,16.668,3,92,500677931.0,17.012,0.149,7
travel_new_regions,58343666,16.641,2,92,500405759.0,17.012,0.149,25
travel_new_regions,58360341,16.675,2,92,500488639.0,17.012,0.149,7
travel_new_regions,58376989,16.648,2,92,500743771.0,17.012,0.149,8
travel_new_regions,58393680,16.691,2,92,501024335.0,17.012,0.149,8
travel_new_regions,58410330,16.65,2,92,501390771.0,17.012,0.149,8
travel_new_regions,58427012,16.682,0,92,501557723.0,17.012,0.149,7
travel_new_regions,58443681,16.669,0,92,501783999.0,17.012,0.149,8
travel_new_regions,58460319,16.638,4,92,500715947.0,17.012,0.149,7
travel_new_regions,58477018,16.699,4,92,499658819.0,17.012,0.149,7
travel_new_regions,58493676,16.658,2,92,499874719.0,17.012,0.149,7
travel_new_regions,58510338,16.662,2,92,499774507.0,17.012,0.149,27
travel_new_regions,58527002,16.664,2,94,499892579.0,17.012,0.149,8
travel_new_regions,58543662,16.66,2,94,500110123.0,17.012,0.149,8
travel_new_regions,58560327,16.665,2,94,500431235.0,17.012,0.149,8
travel_new_regions,58577006,16.679,0,94,500687407.0,17.012,0.149,9
travel_new_regions,58593676,16.67,0,94,500924495.0,17.012,0.149,9
travel_new_regions,58610450,16.774,4,94,499872391.0,17.012,0.149,8
travel_new_regions,58627005,16.555,4,94,499586895.0,17.012,0.149,7
travel_new_regions,58643658,16.653,3,94,499674951.0,17.012,0.149,8
travel_new_regions,58660320,16.662,3,94,499610043.0,17.012,0.149,25
travel_new_regions,58676986,16.666,3,94,499770531.0,17.012,0.149,8
travel_new_regions,58693658,16.672,3,94,499884279.0,17.012,0.149,8
travel_new_regions,58710311,16.653,3,94,500091607.0,17.012,0.149,8
travel_new_regions,58726985,16.674,2,94,500386643.0,17.012,0.149,8
travel_new_regions,58743665,16.68,0,94,500681223.0,17.012,0.149,8
travel_new_regions,58760347,16.682,0,94,500855083.0,17.012,0.149,10
travel_new_regions,58776991,16.644,4,94,500019715.0,17.012,0.149,8
travel_new_regions,58793659,16.668,4,94,500812831.0,17.012,0.149,9
travel_new_regions,58810316,16.657,2,94,500902647.0,17.012,0.149,7
travel_new_regions,58826980,16.664,2,94,500640343.0,17.012,0.149,24
travel_new_regions,58843659,16.679,2,96,500755591.0,17.012,0.149,8
travel_new_regions,58860311,16.652,2,96,500942771.0,17.012,0.149,7
travel_new_regions,58878987,18.676,2,96,501123671.0,17.012,0.149,7
travel_new_regions,58893646,14.659,2,96,501411935.0,17.012,0.149,8
travel_new_regions,58910327,16.681,0,96,501721251.0,17.012,0.149,8
travel_new_regions,58926990,16.663,0,96,501954647.0,17.012,0.149,8
travel_new_regions,58944001,17.011,4,96,499827203.0,17.012,0.149,7
travel_new_regions,58960319,16.318,4,96,500254031.0,17.012,0.149,8
travel_new_regions,58978773,18.454,2,96,500253315.0,17.012,0.149,8
travel_new_regions,58993640,14.867,2,96,499842827.0,17.012,0.149,26
travel_new_regions,59010310,16.67,2,96,499960567.0,17.012,0.149,8
travel_new_regions,59028648,18.338,2,96,500147747.0,16.833,2.137,8
travel_new_regions,59043631,14.983,2,96,500319943.0,16.833,2.137,8
travel_new_regions,59060306,16.675,2,96,500536275.0,16.833,2.137,8
travel_new_regions,59076986,16.68,0,96,500846331.0,16.833,2.137,10
travel_new_regions,59093653,16.667,0,96,501079871.0,16.833,2.137,9
travel_new_regions,59110320,16.667,0,96,501179347.0,16.833,2.137,14
travel_new_regions,59128375,18.055,4,96,500187479.0,16.833,2.137,7
return_history_control,59173284,44.909,0,96,500525623.0,16.833,2.137,8
return_history_control,59179971,6.687,0,96,500713963.0,16.833,2.137,8
return_history_control,59189922,9.951,0,96,500886143.0,16.833,2.137,2091
return_history_control,59206609,16.687,0,96,500988419.0,16.833,2.137,18
return_history_control,59240317,33.708,3,96,501215895.0,16.833,2.137,18
return_history_control,59249201,8.884,3,96,501529467.0,16.833,2.137,19
return_history_control,59258079,8.878,3,96,501939279.0,16.833,2.137,22
return_history_control,59273653,15.574,0,96,501974099.0,16.833,2.137,19
return_history_control,59290301,16.648,4,96,501615287.0,16.833,2.137,18
return_history_control,59307844,17.543,4,96,501657983.0,16.833,2.137,19
return_history_control,59323662,15.818,3,96,501716587.0,16.833,2.137,18
return_history_control,59340298,16.636,2,96,501539979.0,16.833,2.137,19
return_history_control,59357705,17.407,1,96,501377599.0,16.833,2.137,19
return_history_control,59373633,15.928,1,96,500376563.0,16.833,2.137,20
return_history_control,59390320,16.687,0,96,500739179.0,16.833,2.137,19
return_history_control,59407585,17.265,0,96,500764247.0,16.833,2.137,19
return_history_control,59423627,16.042,4,96,500565659.0,16.833,2.137,19
return_history_control,59440300,16.673,4,96,500587387.0,16.833,2.137,19
return_history_control,59457476,17.176,3,96,501108715.0,16.833,2.137,18
return_history_control,59473625,16.149,2,96,500926419.0,16.833,2.137,195
return_history_control,59490311,16.686,0,96,501238167.0,16.833,2.137,9
return_history_control,59507332,17.021,4,96,500922071.0,16.833,2.137,7
return_history_control,59523647,16.315,4,96,501116675.0,16.833,2.137,7
return_history_control,59540301,16.654,3,96,501414035.0,16.833,2.137,7
return_history_control,59557166,16.865,2,96,501240587.0,16.833,2.137,7
return_history_control,59573617,16.451,1,96,501097315.0,16.833,2.137,7
return_history_control,59590299,16.682,1,96,500634043.0,16.833,2.137,8
return_history_control,59607086,16.787,0,96,501053135.0,16.833,2.137,7
return_history_control,59623644,16.558,0,96,501075003.0,16.833,2.137,7
return_history_control,59640305,16.661,0,96,501181663.0,16.833,2.137,9
return_history_control,59656970,16.665,4,96,501308567.0,16.833,2.137,7
return_history_control,59673627,16.657,4,96,501262751.0,16.833,2.137,7
return_history_control,59690302,16.675,3,96,501437575.0,16.833,2.137,7
return_history_control,59706942,16.64,2,96,501264031.0,16.833,2.137,8
return_history_control,59723623,16.681,1,96,501275359.0,16.833,2.137,10
return_history_control,59740285,16.662,1,96,500907831.0,16.833,2.137,8
return_history_control,59756964,16.679,0,96,501410019.0,16.833,2.137,7
return_history_control,59773609,16.645,0,96,501431887.0,16.833,2.137,7
return_history_control,59790292,16.683,4,96,501670727.0,16.833,2.137,7
return_history_control,59806940,16.648,4,96,501108095.0,16.833,2.137,7
return_history_control,59823611,16.671,3,96,501627427.0,16.833,2.137,6
return_history_control,59840279,16.668,2,96,501449083.0,16.833,2.137,8
return_history_control,59856946,16.667,1,96,501447351.0,16.833,2.137,7
return_history_control,59873814,16.868,1,96,501450775.0,16.833,2.137,7
return_history_control,59890294,16.48,0,96,501697791.0,16.833,2.137,7
return_history_control,59906959,16.665,0,96,501718411.0,16.833,2.137,7
return_history_control,59923616,16.657,4,96,501881179.0,16.833,2.137,11
return_history_control,59940278,16.662,4,96,501170523.0,16.833,2.137,8
return_history_control,59956946,16.668,3,96,501678555.0,16.833,2.137,7
return_history_control,59973601,16.655,2,96,501503883.0,16.833,2.137,7
return_history_control,59990257,16.656,1,96,501505687.0,16.833,2.137,12
return_history_control,60006943,16.686,1,96,500999107.0,16.833,2.137,8
return_history_control,60023638,16.695,0,96,501501295.0,44.637,0.178,7
return_history_control,60040300,16.662,0,96,501523187.0,44.637,0.178,7
return_history_control,60056958,16.658,4,96,501317367.0,44.637,0.178,7
return_history_control,60073613,16.655,4,96,501196347.0,44.637,0.178,7
return_history_control,60090283,16.67,3,96,501715723.0,44.637,0.178,7
return_history_control,60106932,16.649,2,96,501541107.0,44.637,0.178,7
return_history_control,60125646,18.714,1,96,501565963.0,44.637,0.178,7
return_history_control,60140287,14.641,3,96,501079863.0,44.637,0.178,8
return_history_control,60157181,16.894,0,96,501288351.0,44.637,0.178,8
return_history_control,60173624,16.443,0,96,501849681.0,44.637,0.178,4865
return_history_control,60190262,16.638,0,96,502074345.0,44.637,0.178,114
return_history_control,60206957,16.695,4,96,501886265.0,44.637,0.178,107
return_history_control,60223600,16.643,4,96,500748137.0,44.637,0.178,113
return_history_control,60240269,16.669,3,96,501267021.0,44.637,0.178,110
return_history_control,60256926,16.657,2,96,501091753.0,44.637,0.178,108
return_history_control,60274491,17.565,1,96,501111089.0,44.637,0.178,105
return_history_control,60290263,15.772,1,96,501104937.0,44.637,0.178,110
return_history_control,60306946,16.683,0,96,500961393.0,44.637,0.178,117
return_history_control,60323596,16.65,0,96,500982905.0,44.637,0.178,108
return_history_control,60340275,16.679,4,96,501012965.0,44.637,0.178,107
return_history_control,60356937,16.662,4,96,500797253.0,44.637,0.178,112
return_history_control,60373601,16.664,3,96,501318333.0,44.637,0.178,113
return_history_control,60390272,16.671,2,96,501088605.0,44.637,0.178,118
return_history_control,60406937,16.665,0,96,501349233.0,44.637,0.178,116
return_history_control,60423599,16.662,4,96,501139329.0,44.637,0.178,106
return_history_control,60440307,16.708,3,96,500848045.0,44.637,0.178,113
return_history_control,60456936,16.629,2,96,501358349.0,44.637,0.178,1850
return_history_control,60473604,16.668,0,96,501372213.0,44.637,0.178,7
return_history_control,60490277,16.673,4,96,501391093.0,44.637,0.178,7
return_history_control,60506923,16.646,4,96,500838413.0,44.637,0.178,7
return_history_control,60523592,16.669,3,96,501357701.0,44.637,0.178,7
return_history_control,60540252,16.66,2,96,501181457.0,44.637,0.178,7
return_history_control,60556919,16.667,1,96,501215105.0,44.637,0.178,7
return_history_control,60573585,16.666,1,96,500710537.0,44.637,0.178,8
return_history_control,60590272,16.687,0,96,501212533.0,44.637,0.178,7
return_history_control,60606913,16.641,0,96,501234281.0,44.637,0.178,7
return_history_control,60623599,16.686,4,96,501436997.0,44.637,0.178,7
return_history_control,60640260,16.661,4,96,500911221.0,44.637,0.178,7
return_history_control,60656915,16.655,3,96,501430553.0,44.637,0.178,7
return_history_control,60673585,16.67,0,96,501252309.0,44.637,0.178,7
return_history_control,60690262,16.677,4,96,501049869.0,44.637,0.178,7
return_history_control,60706930,16.668,4,96,500949873.0,44.637,0.178,8
return_history_control,60723598,16.668,3,96,501470921.0,44.637,0.178,7
return_history_control,60740237,16.639,0,96,501290357.0,44.637,0.178,8
return_history_control,60756924,16.687,4,96,501561077.0,44.637,0.178,7
return_history_control,60773578,16.654,4,96,500960837.0,44.637,0.178,7
return_history_control,60790251,16.673,3,96,501480169.0,44.637,0.178,8
return_history_control,60806916,16.665,0,96,501300989.0,44.637,0.178,7
return_history_control,60823591,16.675,4,96,501097461.0,44.637,0.178,7
recovery,60849253,25.662,3,96,501176069.0,44.637,0.178,7
recovery,60857051,7.798,3,96,501611233.0,44.637,0.178,7
recovery,60873578,16.527,2,96,501892521.0,44.637,0.178,7
recovery,60890256,16.678,2,96,502191009.0,44.637,0.178,8
recovery,60906911,16.655,2,96,502479937.0,44.637,0.178,7
recovery,60923602,16.691,2,96,502588141.0,44.637,0.178,7
recovery,60940241,16.639,4,96,502353069.0,44.637,0.178,7
recovery,60956916,16.675,4,96,501130713.0,44.637,0.178,8
recovery,60973592,16.676,4,96,501227001.0,44.637,0.178,8
recovery,60990370,16.778,4,96,501367177.0,44.637,0.178,8
recovery,61006908,16.538,4,96,501438537.0,44.637,0.178,7
recovery,61023571,16.663,4,96,501558821.0,25.435,2.192,7
recovery,61040263,16.692,4,96,501639045.0,25.435,2.192,8
recovery,61058726,18.463,1,96,501909741.0,25.435,2.192,8
recovery,61073598,14.872,2,96,502319345.0,25.435,2.192,4041
recovery,61090239,16.641,3,96,502607125.0,25.435,2.192,65
recovery,61108582,18.343,3,96,502898157.0,25.435,2.192,66
recovery,61123571,14.989,0,96,503115649.0,25.435,2.192,66
recovery,61140523,16.952,0,96,503511711.0,25.435,2.192,6218
recovery,61158466,17.943,0,96,503761295.0,25.435,2.192,6841
recovery,61173741,15.275,4,96,503028779.0,25.435,2.192,6847
recovery,61190257,16.516,5,96,501386443.0,25.435,2.192,270
recovery,61208327,18.07,5,96,499788067.0,25.435,2.192,275
recovery,61223563,15.236,5,96,499901119.0,25.435,2.192,264
recovery,61240238,16.675,4,96,499968543.0,25.435,2.192,258
recovery,61259053,18.815,4,96,499776387.0,25.435,2.192,257
recovery,61273575,14.522,4,96,499836031.0,25.435,2.192,266
recovery,61290231,16.656,4,96,499793251.0,25.435,2.192,254
recovery,61307276,17.045,4,96,499313931.0,25.435,2.192,257
recovery,61323555,16.279,4,96,499383971.0,25.435,2.192,295
recovery,61340235,16.68,4,96,499485615.0,25.435,2.192,264
recovery,61357930,17.695,4,96,499542839.0,25.435,2.192,1271
recovery,61373565,15.635,4,96,499657043.0,25.435,2.192,208
recovery,61390230,16.665,4,96,499763983.0,25.435,2.192,207
recovery,61407784,17.554,3,96,499839075.0,25.435,2.192,202
recovery,61423573,15.789,3,96,500055207.0,25.435,2.192,2047
recovery,61440224,16.651,3,96,500305123.0,25.435,2.192,982
recovery,61457651,17.427,3,96,500655463.0,25.435,2.192,922
recovery,61473645,15.994,3,96,500635839.0,25.435,2.192,7
recovery,61490219,16.574,3,96,500742311.0,25.435,2.192,7
recovery,61507536,17.317,3,96,500808975.0,25.435,2.192,7
recovery,61523541,16.005,4,96,500411431.0,25.435,2.192,8
recovery,61540419,16.878,4,96,499709167.0,25.435,2.192,8
recovery,61557474,17.055,4,96,499077055.0,25.435,2.192,8
recovery,61573566,16.092,3,96,499137015.0,25.435,2.192,7
recovery,61590233,16.667,3,96,499242123.0,25.435,2.192,9
recovery,61607276,17.043,3,96,499463823.0,25.435,2.192,7
recovery,61623562,16.286,3,96,499696639.0,25.435,2.192,7
recovery,61640229,16.667,4,96,499786079.0,25.435,2.192,6
recovery,61657128,16.899,4,96,499627311.0,25.435,2.192,7
recovery,61673558,16.43,4,96,499627903.0,25.435,2.192,8
recovery,61690225,16.667,4,96,499628499.0,25.435,2.192,8
recovery,61707002,16.777,4,96,499629095.0,25.435,2.192,7
recovery,61723555,16.553,4,96,499629691.0,25.435,2.192,8
recovery,61740221,16.666,4,96,499630287.0,25.435,2.192,7
recovery,61756897,16.676,4,96,499502367.0,25.435,2.192,7
recovery,61773555,16.658,4,96,497878859.0,25.435,2.192,7
recovery,61790222,16.667,4,96,497878567.0,25.435,2.192,8
recovery,61806884,16.662,4,96,497879163.0,25.435,2.192,8
recovery,61823560,16.676,4,96,497879759.0,25.435,2.192,7
recovery,61840218,16.658,4,96,497880355.0,25.435,2.192,8
recovery,61856888,16.67,4,96,498043795.0,25.435,2.192,8
recovery,61873635,16.747,4,96,498153911.0,25.435,2.192,6
recovery,61890215,16.58,4,96,498154503.0,25.435,2.192,8
recovery,61906882,16.667,4,96,498155099.0,25.435,2.192,7
recovery,61923544,16.662,4,96,498155695.0,25.435,2.192,8
recovery,61940212,16.668,4,96,498156291.0,25.435,2.192,7
recovery,61956899,16.687,4,96,498156887.0,25.435,2.192,7
recovery,61973626,16.727,4,96,498157483.0,25.435,2.192,8
recovery,61990213,16.587,4,96,498348959.0,25.435,2.192,8
recovery,62006872,16.659,4,96,498402579.0,25.435,2.192,8
recovery,62023524,16.652,4,96,498483387.0,16.697,0.246,10
recovery,62040219,16.695,4,96,498549167.0,16.697,0.246,7
recovery,62057185,16.966,4,96,498609427.0,16.697,0.246,8
recovery,62073538,16.353,4,96,498666783.0,16.697,0.246,7
recovery,62090235,16.697,4,96,498773203.0,16.697,0.246,7
recovery,62108219,17.984,4,96,498836151.0,16.697,0.246,7
recovery,62123541,15.322,4,96,498844887.0,16.697,0.246,9
recovery,62140194,16.653,4,96,498917275.0,16.697,0.246,8
recovery,62157487,17.293,4,96,498977923.0,16.697,0.246,6
recovery,62173530,16.043,1,96,499078603.0,16.697,0.246,11
recovery,62192135,18.605,2,96,499577555.0,16.697,0.246,10367
recovery,62207101,14.966,3,96,499800167.0,16.697,0.246,120
recovery,62223543,16.442,4,96,500178015.0,16.697,0.246,110
recovery,62240444,16.901,4,96,500430975.0,16.697,0.246,110
recovery,62256879,16.435,4,96,500418011.0,16.697,0.246,109
recovery,62273515,16.636,4,96,500530071.0,16.697,0.246,121
recovery,62290199,16.684,4,96,500693547.0,16.697,0.246,111
recovery,62306848,16.649,4,96,500794827.0,16.697,0.246,112
recovery,62323542,16.694,4,96,500876735.0,16.697,0.246,124
recovery,62340181,16.639,4,96,499867287.0,16.697,0.246,109
recovery,62356860,16.679,3,96,498865787.0,16.697,0.246,111
recovery,62373515,16.655,3,96,498306611.0,16.697,0.246,111
recovery,62390197,16.682,3,96,497826219.0,16.697,0.246,111
recovery,62406844,16.647,3,96,497317807.0,16.697,0.246,109
recovery,62423509,16.665,3,96,497304635.0,16.697,0.246,110
recovery,62440176,16.667,3,96,497368339.0,16.697,0.246,114
recovery,62456852,16.676,4,96,496718439.0,16.697,0.246,109
recovery,62473519,16.667,4,96,495396203.0,16.697,0.246,1921
recovery,62490179,16.66,4,96,494378103.0,16.697,0.246,8
recovery,62506839,16.66,4,96,494300503.0,16.697,0.246,8
recovery,62523521,16.682,1,96,494369359.0,16.697,0.246,7
recovery,62540168,16.647,3,96,494824229.0,16.697,0.246,6779
recovery,62556856,16.688,4,96,495112241.0,16.697,0.246,68
recovery,62573522,16.666,4,96,495429821.0,16.697,0.246,65
recovery,62590170,16.648,4,96,495358257.0,16.697,0.246,67
recovery,62606845,16.675,4,96,495504485.0,16.697,0.246,68
recovery,62623495,16.65,4,96,495578173.0,16.697,0.246,66
recovery,62640168,16.673,4,96,495683321.0,16.697,0.246,71
recovery,62656842,16.674,4,96,495802865.0,16.697,0.246,73
recovery,62673507,16.665,4,96,495870541.0,16.697,0.246,70
recovery,62690163,16.656,4,96,495487897.0,16.697,0.246,64
recovery,62706832,16.669,4,96,494526921.0,16.697,0.246,68
recovery,62723522,16.69,3,96,494065941.0,16.697,0.246,66
recovery,62740160,16.638,3,96,494356313.0,16.697,0.246,65
recovery,62756839,16.679,3,96,494624793.0,16.697,0.246,67
recovery,62773502,16.663,3,96,494945289.0,16.697,0.246,68
recovery,62790158,16.656,3,96,494958861.0,16.697,0.246,67
recovery,62806830,16.672,4,96,494385389.0,16.697,0.246,66
recovery,62823501,16.671,4,96,493395229.0,16.697,0.246,882
recovery,62840164,16.663,4,96,492209813.0,16.697,0.246,8
recovery,62856826,16.662,4,96,492337121.0,16.697,0.246,7
recovery,62873500,16.674,4,96,492516273.0,16.697,0.246,7
recovery,62890159,16.659,0,96,492584877.0,16.697,0.246,8
recovery,62906823,16.664,1,96,493066523.0,16.697,0.246,7452
recovery,62923493,16.67,5,96,493384844.0,16.697,0.246,98
recovery,62940158,16.665,5,96,493702499.0,16.697,0.246,94
recovery,62956823,16.665,5,96,493741895.0,16.697,0.246,94
recovery,62973480,16.657,5,96,493825427.0,16.697,0.246,97
recovery,62990152,16.672,5,96,493963555.0,16.697,0.246,96
recovery,63006830,16.678,5,96,494063695.0,16.697,0.246,97
recovery,63023497,16.667,5,96,494136907.0,18.381,0.723,98
recovery,63040174,16.677,5,96,493407515.0,18.381,0.723,97
recovery,63056834,16.66,5,96,492782439.0,18.381,0.723,102
recovery,63073494,16.66,5,96,491906931.0,18.381,0.723,106
recovery,63090153,16.659,3,96,491049827.0,18.381,0.723,98
recovery,63106818,16.665,4,96,491394927.0,18.381,0.723,7125
recovery,63123479,16.661,4,96,491675967.0,18.381,0.723,109
recovery,63140156,16.677,4,96,491927007.0,18.381,0.723,110
recovery,63156816,16.66,4,96,491103671.0,18.381,0.723,109
recovery,63173479,16.663,4,96,490106007.0,18.381,0.723,111
recovery,63190149,16.67,4,96,489468755.0,18.381,0.723,1530
recovery,63206813,16.664,4,96,488775707.0,18.381,0.723,25
recovery,63223484,16.671,4,96,488822615.0,18.381,0.723,27
recovery,63240146,16.662,4,96,488922575.0,18.381,0.723,26
recovery,63256812,16.666,3,96,489058939.0,18.381,0.723,26
recovery,63273481,16.669,4,96,489443147.0,18.381,0.723,25
recovery,63290158,16.677,4,96,489718295.0,18.381,0.723,26
recovery,63306809,16.651,4,96,489967327.0,18.381,0.723,33
recovery,63323473,16.664,4,96,489910555.0,18.381,0.723,24
recovery,63340133,16.66,4,96,489970279.0,18.381,0.723,26
recovery,63356812,16.679,4,96,490105703.0,18.381,0.723,26
recovery,63373477,16.665,4,96,490277423.0,18.381,0.723,26
recovery,63390135,16.658,4,96,489842127.0,18.381,0.723,244
recovery,63406825,16.69,4,96,488448571.0,18.381,0.723,7
recovery,63423473,16.648,4,96,487979107.0,18.381,0.723,8
recovery,63440143,16.67,4,96,488112227.0,18.381,0.723,7
recovery,63456816,16.673,4,96,488167803.0,18.381,0.723,8
recovery,63473477,16.661,4,96,488346727.0,18.381,0.723,7
recovery,63490150,16.673,4,96,488403235.0,18.381,0.723,7
recovery,63506808,16.658,4,96,488510279.0,18.381,0.723,7
recovery,63523479,16.671,4,96,488567539.0,18.381,0.723,8
recovery,63540132,16.653,4,96,488666067.0,18.381,0.723,8
recovery,63556804,16.672,4,96,488865331.0,18.381,0.723,7
recovery,63573466,16.662,4,96,488924119.0,18.381,0.723,7
recovery,63590160,16.694,4,96,489024667.0,18.381,0.723,7
recovery,63606799,16.639,4,96,489080239.0,18.381,0.723,7
recovery,63623469,16.67,4,96,489182679.0,18.381,0.723,7
recovery,63640129,16.66,4,96,489315047.0,18.381,0.723,8
recovery,63656798,16.669,4,96,489504395.0,18.381,0.723,6
recovery,63673464,16.666,4,96,489629771.0,18.381,0.723,7
recovery,63690134,16.67,4,96,489691735.0,18.381,0.723,7
recovery,63706800,16.666,4,96,489789435.0,18.381,0.723,7
recovery,63723465,16.665,4,96,489849319.0,18.381,0.723,8
recovery,63740130,16.665,4,96,489985403.0,18.381,0.723,7
recovery,63756799,16.669,4,96,490173915.0,18.381,0.723,7
recovery,63773465,16.666,4,96,490262843.0,18.381,0.723,7
recovery,63790132,16.667,4,96,490316223.0,18.381,0.723,12
recovery,63806788,16.656,4,96,490419015.0,18.381,0.723,7
recovery,63823479,16.691,4,96,490474155.0,18.381,0.723,7
recovery,63840119,16.64,4,96,490647403.0,18.381,0.723,7
recovery,63856792,16.673,4,96,490909623.0,18.381,0.723,7
recovery,63873471,16.679,4,96,491108755.0,18.381,0.723,7
recovery,63890123,16.652,4,96,491280847.0,18.381,0.723,7
recovery,63906802,16.679,4,96,491443651.0,18.381,0.723,7
recovery,63923478,16.676,4,96,491609439.0,18.381,0.723,7
recovery,63940131,16.653,4,96,491777579.0,18.381,0.723,8
recovery,63956780,16.649,4,96,491999623.0,18.381,0.723,8
recovery,63973445,16.665,4,96,492041979.0,18.381,0.723,7
recovery,63990119,16.674,4,96,492091763.0,18.381,0.723,8
recovery,64006778,16.659,3,96,492134055.0,18.381,0.723,7
recovery,64023461,16.683,3,96,492475927.0,13.078,0.174,7
recovery,64040148,16.687,3,96,492638227.0,13.078,0.174,8
recovery,64056783,16.635,3,96,492881739.0,13.078,0.174,8
recovery,64073447,16.664,3,96,493220451.0,13.078,0.174,7
recovery,64090134,16.687,4,96,493481479.0,13.078,0.174,7
recovery,64106787,16.653,4,96,493850975.0,13.078,0.174,7
recovery,64123445,16.658,4,96,494148911.0,13.078,0.174,7
recovery,64140116,16.671,4,96,494431163.0,13.078,0.174,7
recovery,64156776,16.66,4,96,494778383.0,13.078,0.174,7
recovery,64173444,16.668,4,96,495038959.0,13.078,0.174,13
recovery,64190122,16.678,4,96,495265563.0,13.078,0.174,8
recovery,64206774,16.652,1,96,495597079.0,13.078,0.174,8
recovery,64223453,16.679,3,96,495990437.0,13.078,0.174,7096
recovery,64240104,16.651,4,96,495693005.0,13.078,0.174,42
recovery,64256772,16.668,4,96,495969897.0,13.078,0.174,42
recovery,64273446,16.674,4,96,496237889.0,13.078,0.174,43
recovery,64290115,16.669,4,96,496618805.0,13.078,0.174,42
recovery,64306764,16.649,4,96,496540345.0,13.078,0.174,41
recovery,64323441,16.677,4,96,492791353.0,13.078,0.174,41
recovery,64340104,16.663,4,96,491324521.0,13.078,0.174,46
recovery,64356777,16.673,4,96,490317417.0,13.078,0.174,43
recovery,64373429,16.652,4,96,488965997.0,13.078,0.174,43
recovery,64390102,16.673,4,96,487617249.0,13.078,0.174,42
recovery,64406758,16.656,4,96,487055345.0,13.078,0.174,43
recovery,64423439,16.681,4,96,485725237.0,13.078,0.174,42
recovery,64440097,16.658,4,96,485038565.0,13.078,0.174,41
recovery,64456783,16.686,4,96,483585997.0,13.078,0.174,43
recovery,64473431,16.648,4,96,482572593.0,13.078,0.174,43
recovery,64490094,16.663,4,96,481567857.0,13.078,0.174,43
recovery,64506761,16.667,4,96,481319119.0,13.078,0.174,584
recovery,64523425,16.664,4,96,481375329.0,13.078,0.174,7
recovery,64540090,16.665,4,96,481476125.0,13.078,0.174,7
recovery,64556763,16.673,4,96,481571753.0,13.078,0.174,7
recovery,64573423,16.66,4,96,481702581.0,13.078,0.174,7
recovery,64591594,18.171,4,96,481764421.0,13.078,0.174,7
recovery,64606776,15.182,4,96,481857541.0,13.078,0.174,8
recovery,64623423,16.647,4,96,481922293.0,13.078,0.174,7
recovery,64640093,16.67,4,96,482025705.0,13.078,0.174,7
recovery,64656749,16.656,4,96,482114721.0,13.078,0.174,7
recovery,64673422,16.673,4,96,482205344.0,13.078,0.174,7
recovery,64690082,16.66,4,96,482266845.0,13.078,0.174,7
recovery,64706752,16.67,4,96,482359157.0,13.078,0.174,7
recovery,64723420,16.668,4,96,482422665.0,13.078,0.174,8
recovery,64740085,16.665,4,96,482519633.0,13.078,0.174,7
recovery,64756755,16.67,4,96,482681589.0,13.078,0.174,8
recovery,64773418,16.663,4,96,482850237.0,13.078,0.174,7
recovery,64790086,16.668,4,96,483024009.0,13.078,0.174,8
recovery,64806747,16.661,4,96,483198661.0,13.078,0.174,8
recovery,64823418,16.671,4,96,483380593.0,13.078,0.174,7
recovery,64840084,16.666,4,96,483553645.0,13.078,0.174,6
recovery,64856748,16.664,4,96,483807637.0,13.078,0.174,7
recovery,64873415,16.667,4,96,483918589.0,13.078,0.174,7
recovery,64890081,16.666,4,96,483966633.0,13.078,0.174,7
recovery,64906745,16.664,4,96,484008989.0,13.078,0.174,7
recovery,64923440,16.695,3,96,484037125.0,13.078,0.174,7
recovery,64940089,16.649,3,96,484308417.0,13.078,0.174,7
recovery,64956758,16.669,3,96,484551165.0,13.078,0.174,7
recovery,64973437,16.679,3,96,484784093.0,13.078,0.174,7
recovery,64990092,16.655,3,96,485067457.0,13.078,0.174,7
recovery,65006758,16.666,3,96,485294757.0,13.078,0.174,7
recovery,65023442,16.684,4,96,485576297.0,13.539,0.178,7
recovery,65040077,16.635,4,96,485794097.0,13.539,0.178,8
recovery,65056763,16.686,4,96,486034933.0,13.539,0.178,9
recovery,65073404,16.641,4,96,486324373.0,13.539,0.178,7
recovery,65090135,16.731,4,96,486498601.0,13.539,0.178,7
recovery,65106760,16.625,4,96,486626801.0,13.539,0.178,7
recovery,65123416,16.656,4,96,486841221.0,13.539,0.178,7
recovery,65140103,16.687,4,96,487044565.0,13.539,0.178,6
recovery,65156761,16.658,4,96,486598761.0,13.539,0.178,7
recovery,65173436,16.675,4,96,486599357.0,13.539,0.178,7
recovery,65190091,16.655,4,96,486599953.0,13.539,0.178,8
recovery,65206742,16.651,4,96,486705273.0,13.539,0.178,9
recovery,65223432,16.69,4,96,486762005.0,13.539,0.178,7
recovery,65240067,16.635,0,96,486897517.0,13.539,0.178,8
recovery,65262484,22.417,5,96,485090041.0,13.539,0.178,9293
recovery,65273406,10.922,6,96,484076065.0,13.539,0.178,72
recovery,65290092,16.686,6,96,483582225.0,13.539,0.178,73
recovery,65306732,16.64,6,96,482317341.0,13.539,0.178,71
recovery,65323517,16.785,6,96,481745957.0,13.539,0.178,73
recovery,65340063,16.546,6,96,480555109.0,13.539,0.178,72
recovery,65356749,16.686,6,96,479942909.0,13.539,0.178,72
recovery,65373410,16.661,6,96,478604081.0,13.539,0.178,75
recovery,65390086,16.676,6,96,478660509.0,13.539,0.178,74
recovery,65406727,16.641,6,96,478769497.0,13.539,0.178,86
recovery,65423569,16.842,5,96,478836505.0,13.539,0.178,73
recovery,65440075,16.506,5,96,479070553.0,13.539,0.178,76
recovery,65456769,16.694,5,96,479316417.0,13.539,0.178,74
recovery,65473418,16.649,5,96,479538425.0,13.539,0.178,74
recovery,65490081,16.663,5,96,479657125.0,13.539,0.178,72
recovery,65506729,16.648,5,96,479772417.0,13.539,0.178,76
recovery,65523436,16.707,5,96,479846101.0,13.539,0.178,75
recovery,65540074,16.638,5,96,479918305.0,13.539,0.178,1127
recovery,65556720,16.646,5,96,480040821.0,13.539,0.178,8
recovery,65573407,16.687,5,96,480129565.0,13.539,0.178,7
recovery,65590073,16.666,5,96,480199557.0,13.539,0.178,9
recovery,65606729,16.656,5,96,480259301.0,13.539,0.178,7
recovery,65623439,16.71,5,96,480410265.0,13.539,0.178,8
recovery,65640043,16.604,4,96,480508185.0,13.539,0.178,8
recovery,65656719,16.676,4,96,480848493.0,13.539,0.178,7
recovery,65673390,16.671,4,96,481089133.0,13.539,0.178,8
recovery,65690074,16.684,4,96,481413693.0,13.539,0.178,8
recovery,65706724,16.65,4,96,481395269.0,13.539,0.178,7
recovery,65723380,16.656,4,96,481532929.0,13.539,0.178,8
recovery,65740051,16.671,4,96,481605193.0,13.539,0.178,7
recovery,65756727,16.676,4,96,481812957.0,13.539,0.178,8
recovery,65773383,16.656,4,96,481876385.0,13.539,0.178,8
recovery,65790045,16.662,4,96,481981101.0,13.539,0.178,7
recovery,65806707,16.662,4,96,482075685.0,13.539,0.178,7
recovery,65823392,16.685,4,96,482148897.0,13.539,0.178,8
recovery,65840049,16.657,4,96,482235369.0,13.539,0.178,7
recovery,65856716,16.667,4,96,482349273.0,13.539,0.178,8
recovery,65873383,16.667,4,96,482659881.0,13.539,0.178,7
recovery,65890040,16.657,4,96,482639785.0,13.539,0.178,8
recovery,65906722,16.682,4,96,482764501.0,13.539,0.178,7
recovery,65923379,16.657,4,96,482870549.0,13.539,0.178,7
recovery,65940041,16.662,4,96,482961497.0,13.539,0.178,8
recovery,65956705,16.664,4,96,483050013.0,13.539,0.178,7
recovery,65973426,16.721,4,96,483189393.0,13.539,0.178,7
recovery,65990040,16.614,4,96,483323477.0,13.539,0.178,8
recovery,66006694,16.654,4,96,483522345.0,13.539,0.178,7
recovery,66023368,16.674,4,96,483627873.0,22.199,0.212,7
recovery,66040055,16.687,4,96,483686597.0,22.199,0.212,7
recovery,66056702,16.647,4,96,483825765.0,22.199,0.212,7
recovery,66073363,16.661,4,96,483893389.0,22.199,0.212,6
recovery,66090046,16.683,4,96,484091173.0,22.199,0.212,7
recovery,66106697,16.651,4,96,484185877.0,22.199,0.212,8
recovery,66123362,16.665,4,96,484286425.0,22.199,0.212,8
recovery,66140034,16.672,4,96,484347965.0,22.199,0.212,7
recovery,66156710,16.676,4,96,484477085.0,22.199,0.212,7
recovery,66173360,16.65,4,96,484562709.0,22.199,0.212,8
recovery,66190039,16.679,4,96,484752865.0,22.199,0.212,7
recovery,66206700,16.661,4,96,484830621.0,22.199,0.212,7
recovery,66223362,16.662,4,96,484950397.0,22.199,0.212,8
recovery,66240028,16.666,4,96,485011033.0,22.199,0.212,7
recovery,66256703,16.675,4,96,485070933.0,22.199,0.212,8
recovery,66273354,16.651,4,96,485203301.0,22.199,0.212,7
recovery,66290026,16.672,4,96,485391425.0,22.199,0.212,7
recovery,66306687,16.661,4,96,485483209.0,22.199,0.212,7
recovery,66323374,16.687,4,96,485603717.0,22.199,0.212,7
recovery,66340020,16.646,4,96,485683625.0,22.199,0.212,7
recovery,66356698,16.678,4,96,485772549.0,22.199,0.212,7
recovery,66373355,16.657,4,96,485900509.0,22.199,0.212,8
recovery,66390025,16.67,4,96,486092125.0,22.199,0.212,8
recovery,66406686,16.661,4,96,486152793.0,22.199,0.212,7
recovery,66423354,16.668,4,96,486303561.0,22.199,0.212,7
recovery,66440019,16.665,4,96,486422833.0,22.199,0.212,7
recovery,66456696,16.677,4,96,486496661.0,22.199,0.212,7
recovery,66473351,16.655,4,96,486614137.0,22.199,0.212,7
recovery,66490018,16.667,3,96,486685137.0,22.199,0.212,8
recovery,66506681,16.663,3,96,486959641.0,22.199,0.212,6
recovery,66523376,16.695,3,96,487210789.0,22.199,0.212,7
recovery,66540014,16.638,4,96,487510249.0,22.199,0.212,7
recovery,66556690,16.676,4,96,487745941.0,22.199,0.212,7
recovery,66573348,16.658,4,96,488098193.0,22.199,0.212,8
recovery,66590013,16.665,4,96,488298273.0,22.199,0.212,7
recovery,66606668,16.655,4,96,488613025.0,22.199,0.212,7
recovery,66623347,16.679,4,96,488921185.0,22.199,0.212,8
recovery,66640048,16.701,4,96,489168157.0,22.199,0.212,7
recovery,66656676,16.628,4,96,489622693.0,22.199,0.212,8
recovery,66673342,16.666,4,96,489933717.0,22.199,0.212,7
recovery,66690007,16.665,4,96,490225005.0,22.199,0.212,7
recovery,66706675,16.668,4,96,490471725.0,22.199,0.212,7
recovery,66723352,16.677,4,96,490799933.0,22.199,0.212,7
recovery,66740011,16.659,4,96,490503557.0,22.199,0.212,8
recovery,66756669,16.658,4,96,490576741.0,22.199,0.212,7
recovery,66773343,16.674,4,96,490657161.0,22.199,0.212,7
recovery,66789996,16.653,4,96,490810729.0,22.199,0.212,7
recovery,66806684,16.688,4,96,490919813.0,22.199,0.212,7
recovery,66823353,16.669,4,96,491032077.0,22.199,0.212,8
recovery,66839998,16.645,4,96,491149777.0,22.199,0.212,7
recovery,66856681,16.683,4,96,491208989.0,22.199,0.212,7
recovery,66873331,16.65,4,96,491305973.0,22.199,0.212,7
recovery,66890008,16.677,4,96,491439249.0,22.199,0.212,6
recovery,66906665,16.657,4,96,491569105.0,22.199,0.212,7
recovery,66923332,16.667,4,96,491662201.0,22.199,0.212,8
recovery,66940006,16.674,4,96,491721677.0,22.199,0.212,7
recovery,66956661,16.655,4,96,491830825.0,22.199,0.212,7
recovery,66973335,16.674,4,96,491947077.0,22.199,0.212,6
recovery,66989989,16.654,4,96,492060221.0,22.199,0.212,7
recovery,67006667,16.678,4,96,492121977.0,22.199,0.212,6
recovery,67023334,16.667,4,96,492236785.0,7.454,0.171,7
recovery,67039996,16.662,4,96,492349685.0,7.454,0.171,7
recovery,67056660,16.664,4,96,492419429.0,7.454,0.171,8
recovery,67073331,16.671,4,96,492481605.0,7.454,0.171,7
recovery,67089998,16.667,4,96,492618585.0,7.454,0.171,7
recovery,67106662,16.664,4,96,492688493.0,7.454,0.171,8
recovery,67123341,16.679,4,96,492753365.0,7.454,0.171,7
recovery,67140001,16.66,4,96,492825289.0,7.454,0.171,7
recovery,67156660,16.659,4,96,492966141.0,7.454,0.171,8
recovery,67173318,16.658,4,96,493066233.0,7.454,0.171,7
recovery,67189999,16.681,4,96,493155849.0,7.454,0.171,8
recovery,67206670,16.671,4,96,493230737.0,7.454,0.171,7
recovery,67223316,16.646,4,96,493374225.0,7.454,0.171,7
recovery,67239984,16.668,4,96,493465973.0,7.454,0.171,6
recovery,67256656,16.672,4,96,493580529.0,7.454,0.171,7
recovery,67273329,16.673,3,96,493647497.0,7.454,0.171,8
recovery,67289987,16.658,3,96,493987293.0,7.454,0.171,7
recovery,67306663,16.676,3,96,494329597.0,7.454,0.171,8
recovery,67323328,16.665,3,96,494582885.0,7.454,0.171,7
recovery,67339981,16.653,3,96,494892901.0,7.454,0.171,7
recovery,67356655,16.674,4,96,495155225.0,7.454,0.171,7
recovery,67373309,16.654,4,96,495385921.0,7.454,0.171,8
recovery,67389989,16.68,4,96,495682061.0,7.454,0.171,7
recovery,67406646,16.657,4,96,496107685.0,7.454,0.171,6
recovery,67423326,16.68,4,96,496341621.0,7.454,0.171,7
recovery,67439988,16.662,4,96,496676453.0,7.454,0.171,7
recovery,67456648,16.66,4,96,496910249.0,7.454,0.171,8
recovery,67473304,16.656,4,96,497255236.0,7.454,0.171,7
recovery,67489982,16.678,4,96,497537917.0,7.454,0.171,7
recovery,67506638,16.656,4,96,497146909.0,7.454,0.171,7
recovery,67523316,16.678,4,96,497209537.0,7.454,0.171,7
recovery,67539972,16.656,4,96,497310553.0,7.454,0.171,7
recovery,67556644,16.672,4,96,497370541.0,7.454,0.171,8
recovery,67573305,16.661,4,96,497467369.0,7.454,0.171,8
recovery,67589977,16.672,4,96,497531689.0,7.454,0.171,7
recovery,67606645,16.668,4,96,497673213.0,7.454,0.171,7
recovery,67623306,16.661,4,96,497740393.0,7.454,0.171,7
recovery,67639982,16.676,4,96,497797941.0,7.454,0.171,7
recovery,67656640,16.658,4,96,497898449.0,7.454,0.171,8
recovery,67673320,16.68,4,96,497987021.0,7.454,0.171,7
recovery,67689964,16.644,4,96,498085609.0,7.454,0.171,8
recovery,67706650,16.686,4,96,498137461.0,7.454,0.171,6
recovery,67723315,16.665,4,96,498250561.0,7.454,0.171,8
recovery,67739964,16.649,4,96,498306529.0,7.454,0.171,7
recovery,67756629,16.665,4,96,498401633.0,7.454,0.171,7
recovery,67773320,16.691,4,96,498461557.0,7.454,0.171,7
recovery,67789996,16.676,4,96,498552645.0,7.454,0.171,8
recovery,67806653,16.657,4,96,498657837.0,7.454,0.171,8
recovery,67823330,16.677,4,96,498718149.0,7.454,0.171,8
recovery,67839989,16.659,4,96,498776565.0,7.454,0.171,9
recovery,67856640,16.651,4,96,498827801.0,7.454,0.171,8
recovery,67873302,16.662,4,96,498944313.0,7.454,0.171,8
recovery,67890058,16.756,4,96,498953605.0,7.454,0.171,8
recovery,67906666,16.608,4,96,499020341.0,7.454,0.171,8
recovery,67923303,16.637,4,96,499123253.0,7.454,0.171,8
recovery,67939985,16.682,4,96,499184169.0,7.454,0.171,7
recovery,67956666,16.681,4,96,499243465.0,7.454,0.171,9
recovery,67973327,16.661,4,96,499298121.0,7.454,0.171,8
recovery,67989963,16.636,4,96,499408061.0,7.454,0.171,9
recovery,68006621,16.658,4,96,499498061.0,7.454,0.171,7
recovery,68023283,16.662,4,96,499558269.0,7.249,0.246,7
recovery,68039957,16.674,4,96,499663661.0,7.249,0.246,8
recovery,68056623,16.666,1,96,499727817.0,7.249,0.246,7
recovery,68073546,16.923,2,96,500243277.0,7.249,0.246,10324
recovery,68089958,16.412,3,96,500559485.0,7.249,0.246,83
recovery,68106636,16.678,3,96,500775041.0,7.249,0.246,82
recovery,68123295,16.659,3,96,501114797.0,7.249,0.246,81
recovery,68139948,16.653,3,96,501345417.0,7.249,0.246,85
recovery,68156626,16.678,3,96,501650457.0,7.249,0.246,82
recovery,68173329,16.703,4,96,501922541.0,7.249,0.246,81
recovery,68190060,16.731,4,96,502161449.0,7.249,0.246,82
recovery,68206626,16.566,4,96,502453209.0,7.249,0.246,82
recovery,68223294,16.668,4,96,502796965.0,7.249,0.246,87
recovery,68239960,16.666,4,96,503084957.0,7.249,0.246,84
recovery,68256631,16.671,4,96,503286497.0,7.249,0.246,82
recovery,68273299,16.668,4,96,503509409.0,7.249,0.246,83
recovery,68289952,16.653,4,96,503072493.0,7.249,0.246,80
recovery,68306632,16.68,4,96,503134645.0,7.249,0.246,88
recovery,68323277,16.645,4,96,503227289.0,7.249,0.246,84
recovery,68339954,16.677,4,96,503287205.0,7.249,0.246,85
recovery,68356625,16.671,4,96,503378617.0,7.249,0.246,1252
recovery,68373339,16.714,4,96,503457085.0,7.249,0.246,7
recovery,68389962,16.623,4,96,503520493.0,7.249,0.246,8
recovery,68406634,16.672,4,96,503622193.0,7.249,0.246,8
recovery,68423298,16.664,4,96,503682637.0,7.249,0.246,8
recovery,68439954,16.656,4,96,503736549.0,7.249,0.246,7
recovery,68456628,16.674,4,96,503786529.0,7.249,0.246,9
recovery,68473341,16.713,4,96,503850881.0,7.249,0.246,9
recovery,68489934,16.593,4,96,503990509.0,7.249,0.246,8
recovery,68506609,16.675,4,96,504076007.0,7.249,0.246,7
recovery,68523285,16.676,4,96,504006541.0,7.249,0.246,8
recovery,68539938,16.653,4,96,504107093.0,7.249,0.246,8
recovery,68557399,17.461,4,96,504175313.0,7.249,0.246,8
recovery,68573271,15.872,4,96,504231145.0,7.249,0.246,7
recovery,68589927,16.656,4,96,504342953.0,7.249,0.246,8
recovery,68606753,16.826,4,96,504407145.0,7.249,0.246,7
recovery,68623268,16.515,4,96,504553077.0,7.249,0.246,8
recovery,68639929,16.661,4,96,504622253.0,7.249,0.246,7
recovery,68656595,16.666,4,96,504719733.0,7.249,0.246,7
recovery,68673286,16.691,4,96,504785865.0,7.249,0.246,7
recovery,68689947,16.661,4,96,504843945.0,7.249,0.246,7
recovery,68708239,18.292,4,96,504957829.0,7.249,0.246,11
recovery,68723256,15.017,4,96,505066253.0,7.249,0.246,7
recovery,68739934,16.678,4,96,505177717.0,7.249,0.246,7
recovery,68756588,16.654,4,96,505265685.0,7.249,0.246,7
recovery,68773269,16.681,4,96,505333189.0,7.249,0.246,7
recovery,68789925,16.656,4,96,505454229.0,7.249,0.246,9
recovery,68806594,16.669,4,96,505515453.0,7.249,0.246,7
recovery,68823255,16.661,4,96,505619461.0,7.249,0.246,7
recovery,68839922,16.667,3,96,505703361.0,7.249,0.246,7
recovery,68856597,16.675,3,96,506007157.0,7.249,0.246,7
recovery,68873268,16.671,4,96,506284497.0,7.249,0.246,7
recovery,68889936,16.668,4,96,506627577.0,7.249,0.246,8
recovery,68906583,16.647,4,96,506908009.0,7.249,0.246,6
recovery,68923258,16.675,4,96,507238197.0,7.249,0.246,6
recovery,68939916,16.658,4,96,507520325.0,7.249,0.246,7
recovery,68956588,16.672,4,96,507767965.0,7.249,0.246,6
recovery,68973253,16.665,4,96,508146725.0,7.249,0.246,7
recovery,68989915,16.662,4,96,508391573.0,7.249,0.246,7
recovery,69006592,16.677,4,96,508664789.0,7.249,0.246,8
recovery,69023255,16.663,1,96,509006069.0,16.694,0.949,7
recovery,69039908,16.653,3,96,509439543.0,16.694,0.949,9000
recovery,69056578,16.67,4,96,509742363.0,16.694,0.949,56
recovery,69073245,16.667,4,96,509243883.0,16.694,0.949,54
recovery,69089907,16.662,4,96,509532243.0,16.694,0.949,55
recovery,69106580,16.673,4,96,509843215.0,16.694,0.949,55
recovery,69123258,16.678,4,96,510092539.0,16.694,0.949,54
recovery,69139908,16.65,4,96,510033199.0,16.694,0.949,59
recovery,69156594,16.686,4,96,510084367.0,16.694,0.949,56
recovery,69173238,16.644,4,96,510192799.0,16.694,0.949,57
recovery,69189919,16.681,4,96,510280283.0,16.694,0.949,64
recovery,69206579,16.66,4,96,510389635.0,16.694,0.949,58
recovery,69223239,16.66,4,96,510457879.0,16.694,0.949,55
recovery,69239907,16.668,4,96,510555391.0,16.694,0.949,58
recovery,69256572,16.665,4,96,510628755.0,16.694,0.949,56
recovery,69273236,16.664,4,96,510720955.0,16.694,0.949,56
recovery,69289909,16.673,4,96,510838019.0,16.694,0.949,56
recovery,69306567,16.658,4,96,510915635.0,16.694,0.949,56
recovery,69323254,16.687,4,96,510967655.0,16.694,0.949,912
recovery,69339898,16.644,4,96,511078395.0,16.694,0.949,7
recovery,69356570,16.672,4,96,511169699.0,16.694,0.949,7
recovery,69373234,16.664,4,96,511283707.0,16.694,0.949,8
recovery,69389908,16.674,4,96,511357295.0,16.694,0.949,8
recovery,69406576,16.668,4,96,511455427.0,16.694,0.949,8
recovery,69423232,16.656,4,96,511559447.0,16.694,0.949,8
recovery,69439905,16.673,4,96,511657663.0,16.694,0.949,7
recovery,69456573,16.668,4,96,511733227.0,16.694,0.949,7
recovery,69473230,16.657,4,96,511852611.0,16.694,0.949,7
recovery,69489914,16.684,4,96,511954847.0,16.694,0.949,7
recovery,69506565,16.651,4,96,512033843.0,16.694,0.949,8
recovery,69523230,16.665,4,96,512179939.0,16.694,0.949,7
recovery,69539890,16.66,4,96,512250747.0,16.694,0.949,8
recovery,69556587,16.697,4,96,512316727.0,16.694,0.949,7
recovery,69573226,16.639,4,96,512469299.0,16.694,0.949,6
recovery,69589894,16.668,4,96,512538475.0,16.694,0.949,8
recovery,69606590,16.696,4,96,512658703.0,16.694,0.949,7
recovery,69623223,16.633,4,96,512725543.0,16.694,0.949,7
recovery,69639888,16.665,4,96,512788563.0,16.694,0.949,8
recovery,69656562,16.674,4,96,512925939.0,16.694,0.949,8
recovery,69673235,16.673,4,96,512992991.0,16.694,0.949,7
recovery,69689917,16.682,4,96,513085163.0,16.694,0.949,7
recovery,69706559,16.642,4,96,513157619.0,16.694,0.949,7
recovery,69723237,16.678,4,96,513214447.0,16.694,0.949,7
recovery,69739882,16.645,4,96,513347823.0,16.694,0.949,7
recovery,69756555,16.673,4,96,513430163.0,16.694,0.949,7
recovery,69773219,16.664,4,96,513528607.0,16.694,0.949,7
recovery,69789899,16.68,3,96,513595243.0,16.694,0.949,8
recovery,69806701,16.802,4,96,513878139.0,16.694,0.949,7
recovery,69823212,16.511,4,96,514175527.0,16.694,0.949,8
recovery,69839881,16.669,4,96,514449463.0,16.694,0.949,6
recovery,69856571,16.69,4,96,514761519.0,16.694,0.949,8
recovery,69873236,16.665,4,96,515063615.0,16.694,0.949,7
recovery,69889883,16.647,4,96,515300079.0,16.694,0.949,6
recovery,69906544,16.661,4,96,515642639.0,16.694,0.949,10
recovery,69923216,16.672,4,96,515876903.0,16.694,0.949,7
recovery,69939892,16.676,4,96,516250835.0,16.694,0.949,8
recovery,69956548,16.656,4,96,516500931.0,16.694,0.949,7
recovery,69973209,16.661,4,96,516752299.0,16.694,0.949,6
recovery,69989900,16.691,4,96,517071815.0,16.694,0.949,6
recovery,70006541,16.641,4,96,517346943.0,16.694,0.949,7
recovery,70023210,16.669,4,96,516830695.0,15.574,0.183,7
recovery,70040066,16.856,4,96,517019575.0,15.574,0.183,7
recovery,70056538,16.472,4,96,517034155.0,15.574,0.183,8
recovery,70073212,16.674,4,96,517101291.0,15.574,0.183,7
recovery,70089878,16.666,4,96,517233851.0,15.574,0.183,7
recovery,70106547,16.669,4,96,517301475.0,15.574,0.183,7
recovery,70123655,17.108,4,96,517397915.0,15.574,0.183,9
recovery,70139874,16.219,4,96,517468039.0,15.574,0.183,8
recovery,70156549,16.675,4,96,517545595.0,15.574,0.183,7
recovery,70173220,16.671,4,96,517618695.0,15.574,0.183,8
recovery,70189865,16.645,4,96,517772779.0,15.574,0.183,8
recovery,70206536,16.671,4,96,517835371.0,15.574,0.183,7
recovery,70223199,16.663,4,96,517936575.0,15.574,0.183,7
recovery,70239864,16.665,4,96,518003191.0,15.574,0.183,8
recovery,70256529,16.665,4,96,518122895.0,15.574,0.183,7
recovery,70273193,16.664,4,96,518197455.0,15.574,0.183,8
recovery,70289880,16.687,4,96,518280255.0,15.574,0.183,7
recovery,70306522,16.642,4,96,518382323.0,15.574,0.183,7
recovery,70323205,16.683,4,96,518439503.0,15.574,0.183,7
recovery,70339856,16.651,4,96,518576483.0,15.574,0.183,8
recovery,70356554,16.698,4,96,518653667.0,15.574,0.183,7
recovery,70373195,16.641,4,96,518755823.0,15.574,0.183,8
recovery,70389856,16.661,4,96,518819911.0,15.574,0.183,7
recovery,70406527,16.671,4,96,518918967.0,15.574,0.183,7
recovery,70423192,16.665,4,96,518987411.0,15.574,0.183,7
recovery,70439866,16.674,4,96,519066319.0,15.574,0.183,7
recovery,70456527,16.661,4,96,519183831.0,15.574,0.183,7
recovery,70473190,16.663,4,96,519242811.0,15.574,0.183,7
recovery,70489855,16.665,4,96,519342547.0,15.574,0.183,7
recovery,70506518,16.663,4,96,519421827.0,15.574,0.183,8
recovery,70523200,16.682,4,96,519481987.0,15.574,0.183,7
recovery,70539854,16.654,4,96,519612447.0,15.574,0.183,8
recovery,70556523,16.669,0,96,519691203.0,15.574,0.183,7
recovery,70577791,21.268,1,96,520203425.0,15.574,0.183,12602
recovery,70589859,12.068,2,96,520422149.0,15.574,0.183,18
recovery,70606528,16.669,2,96,520699581.0,15.574,0.183,18
recovery,70623190,16.662,4,96,520993517.0,15.574,0.183,16
recovery,70639849,16.659,4,96,521205741.0,15.574,0.183,18
recovery,70656523,16.674,4,96,521402145.0,15.574,0.183,18
recovery,70673176,16.653,4,96,521739625.0,15.574,0.183,17
recovery,70689888,16.712,4,96,521959281.0,15.574,0.183,19
recovery,70706519,16.631,4,96,522287321.0,15.574,0.183,20
recovery,70723176,16.657,4,96,522531849.0,15.574,0.183,17
recovery,70739842,16.666,4,96,522799817.0,15.574,0.183,17
recovery,70756508,16.666,4,96,523177805.0,15.574,0.183,18
recovery,70773175,16.667,4,96,523463221.0,15.574,0.183,18
recovery,70789844,16.669,4,96,523094897.0,15.574,0.183,17
recovery,70806507,16.663,4,96,523172421.0,15.574,0.183,18
recovery,70823169,16.662,4,96,523246069.0,15.574,0.183,18
