phase,sample,frame_ms,viewport_gpu_ms,worker_edit_ms,worker_patch_ms,main_publish_ms,edit_to_publish_ms,queued_jobs,cache_mib,pages,triangles,pending_edit,engine_static_memory_mib,worker_queue_ms,all_patch_builds_ms,publish_frame_ms,edit_to_draw_callback_ms,wall_hitches_over_50ms
display_only_control,1,12.088,3.65000009536743,0.0,11.932,0.197,0.0,0,107.265266418457,0,1756764,false,281.081506729126,0.0,0.0,0.012,0.0,1
display_only_control,2,17.408,4.26900005340576,0.0,11.932,0.197,0.0,0,107.265266418457,0,1756764,false,281.081506729126,0.0,0.0,0.013,0.0,1
display_only_control,3,19.02,3.98699998855591,0.0,11.932,0.197,0.0,0,107.265266418457,0,1756764,false,281.087717056274,0.0,0.0,0.012,0.0,1
display_only_control,4,14.033,4.11100006103516,0.0,11.932,0.197,0.0,0,107.265266418457,0,1756764,false,281.087812423706,0.0,0.0,0.012,0.0,1
display_only_control,5,17.237,4.41699981689453,0.0,11.932,0.197,0.0,0,107.265266418457,0,1756764,false,281.087881088257,0.0,0.0,0.013,0.0,1
display_only_control,6,14.66,3.60400009155273,0.0,11.932,0.197,0.0,0,107.265266418457,0,1756764,false,281.08794593811,0.0,0.0,0.009,0.0,1
display_only_control,7,17.351,3.9779999256134,0.0,11.932,0.197,0.0,0,107.265266418457,0,1756764,false,281.08794593811,0.0,0.0,0.007,0.0,1
display_only_control,8,17.06,3.93199992179871,0.0,11.932,0.197,0.0,0,107.265266418457,0,1756764,false,281.08794593811,0.0,0.0,0.013,0.0,1
display_only_control,9,17.05,4.07600021362305,0.0,11.932,0.197,0.0,0,107.265266418457,0,1756764,false,281.088129043579,0.0,0.0,0.017,0.0,1
display_only_control,10,18.134,4.05700016021729,0.0,11.932,0.197,0.0,0,107.265266418457,0,1756764,false,281.094305038452,0.0,0.0,0.007,0.0,1
display_only_control,11,14.762,4.59200000762939,0.0,11.932,0.197,0.0,0,107.265266418457,0,1756764,false,281.094305038452,0.0,0.0,0.009,0.0,1
display_only_control,12,16.776,4.21600008010864,0.0,11.932,0.197,0.0,0,107.265266418457,0,1756764,false,281.094305038452,0.0,0.0,0.007,0.0,1
display_only_control,13,16.887,4.67399978637695,0.0,11.932,0.197,0.0,0,107.265266418457,0,1756764,false,281.094579696655,0.0,0.0,0.008,0.0,1
display_only_control,14,16.601,4.26599979400635,0.0,11.932,0.197,0.0,0,107.265266418457,0,1756764,false,281.094579696655,0.0,0.0,0.006,0.0,1
display_only_control,15,16.365,3.57699990272522,0.0,11.932,0.197,0.0,0,107.265266418457,0,1756764,false,281.094579696655,0.0,0.0,0.006,0.0,1
display_only_control,16,17.062,3.95300006866455,0.0,11.932,0.197,0.0,0,107.265266418457,0,1756764,false,281.094579696655,0.0,0.0,0.008,0.0,1
display_only_control,17,18.737,4.71799993515015,0.0,11.932,0.197,0.0,0,107.265266418457,0,1756764,false,281.100748062134,0.0,0.0,0.006,0.0,1
display_only_control,18,13.623,4.2189998626709,0.0,11.932,0.197,0.0,0,107.265266418457,0,1756764,false,281.100744247437,0.0,0.0,0.006,0.0,1
display_only_control,19,17.018,4.18599987030029,0.0,11.932,0.197,0.0,0,107.265266418457,0,1756764,false,281.101160049438,0.0,0.0,0.006,0.0,1
display_only_control,20,17.741,4.00899982452393,0.0,11.932,0.197,0.0,0,107.265266418457,0,1756764,false,281.101160049438,0.0,0.0,0.008,0.0,1
display_only_control,21,16.731,5.10599994659424,0.0,11.932,0.197,0.0,0,107.265266418457,0,1756764,false,281.101228713989,0.0,0.0,0.006,0.0,1
display_only_control,22,16.822,5.50400018692017,0.0,11.932,0.197,0.0,0,107.265266418457,0,1756764,false,281.101160049438,0.0,0.0,0.006,0.0,1
display_only_control,23,15.755,4.83300018310547,0.0,11.932,0.197,0.0,0,107.265266418457,0,1756764,false,281.101160049438,0.0,0.0,0.006,0.0,1
display_only_control,24,19.488,5.83799982070923,0.0,11.932,0.197,0.0,0,107.265266418457,0,1756764,false,281.107328414917,0.0,0.0,0.012,0.0,1
display_only_control,25,14.218,5.2979998588562,0.0,11.932,0.197,0.0,0,107.265266418457,0,1756764,false,281.10732460022,0.0,0.0,0.006,0.0,1
display_only_control,26,16.558,4.7020001411438,0.0,11.932,0.197,0.0,0,107.265266418457,0,1756764,false,281.10732460022,0.0,0.0,0.011,0.0,1
display_only_control,27,17.266,5.64200019836426,0.0,11.932,0.197,0.0,0,107.265266418457,0,1756764,false,281.107328414917,0.0,0.0,0.007,0.0,1
display_only_control,28,16.55,5.53900003433228,0.0,11.932,0.197,0.0,0,107.265266418457,0,1756764,false,281.10796546936,0.0,0.0,0.009,0.0,1
display_only_control,29,16.828,5.57800006866455,0.0,11.932,0.197,0.0,0,107.265266418457,0,1756764,false,281.107969284058,0.0,0.0,0.007,0.0,1
display_only_control,30,16.643,5.53200006484985,0.0,11.932,0.197,0.0,0,107.265266418457,0,1756764,false,281.107969284058,0.0,0.0,0.011,0.0,1
display_only_control,31,17.806,5.61999988555908,0.0,11.932,0.197,0.0,0,107.265266418457,0,1756764,false,281.114137649536,0.0,0.0,0.007,0.0,1
display_only_control,32,15.552,5.2810001373291,0.0,11.932,0.197,0.0,0,107.265266418457,0,1756764,false,281.114133834839,0.0,0.0,0.012,0.0,1
display_only_control,33,16.321,5.31599998474121,0.0,11.932,0.197,0.0,0,107.265266418457,0,1756764,false,281.114137649536,0.0,0.0,0.007,0.0,1
display_only_control,34,16.829,3.52800011634827,0.0,11.932,0.197,0.0,0,107.265266418457,0,1756764,false,281.114137649536,0.0,0.0,0.007,0.0,1
display_only_control,35,16.85,5.52099990844727,0.0,11.932,0.197,0.0,0,107.265266418457,0,1756764,false,281.114133834839,0.0,0.0,0.008,0.0,1
display_only_control,36,16.93,5.53800010681152,0.0,11.932,0.197,0.0,0,107.265266418457,0,1756764,false,281.114133834839,0.0,0.0,0.009,0.0,1
display_only_control,37,15.692,3.89499998092651,0.0,11.932,0.197,0.0,0,107.265266418457,0,1756764,false,281.114206314087,0.0,0.0,0.01,0.0,1
display_only_control,38,17.975,4.38299989700317,0.0,11.932,0.197,0.0,0,107.265266418457,0,1756764,false,281.120306015015,0.0,0.0,0.008,0.0,1
display_only_control,39,15.294,4.07499980926514,0.0,11.932,0.197,0.0,0,107.265266418457,0,1756764,false,281.120306015015,0.0,0.0,0.008,0.0,1
display_only_control,40,17.667,5.09800004959106,0.0,11.932,0.197,0.0,0,107.265266418457,0,1756764,false,281.120306015015,0.0,0.0,0.008,0.0,1
display_only_control,41,16.238,5.05299997329712,0.0,11.932,0.197,0.0,0,107.265266418457,0,1756764,false,281.120306015015,0.0,0.0,0.008,0.0,1
display_only_control,42,16.641,5.02400016784668,0.0,11.932,0.197,0.0,0,107.265266418457,0,1756764,false,281.121267318726,0.0,0.0,0.007,0.0,1
display_only_control,43,17.218,5.57999992370605,0.0,11.932,0.197,0.0,0,107.265266418457,0,1756764,false,281.121267318726,0.0,0.0,0.008,0.0,1
display_only_control,44,16.451,5.6399998664856,0.0,11.932,0.197,0.0,0,107.265266418457,0,1756764,false,281.121263504028,0.0,0.0,0.008,0.0,1
display_only_control,45,17.919,5.49900007247925,0.0,11.932,0.197,0.0,0,107.265266418457,0,1756764,false,281.127435684204,0.0,0.0,0.007,0.0,1
display_only_control,46,14.867,4.96000003814697,0.0,11.932,0.197,0.0,0,107.265266418457,0,1756764,false,281.127435684204,0.0,0.0,0.008,0.0,1
display_only_control,47,16.992,5.45499992370605,0.0,11.932,0.197,0.0,0,107.265266418457,0,1756764,false,281.127435684204,0.0,0.0,0.008,0.0,1
display_only_control,48,17.077,3.40400004386902,0.0,11.932,0.197,0.0,0,107.265266418457,0,1756764,false,281.127435684204,0.0,0.0,0.006,0.0,1
display_only_control,49,15.209,4.6729998588562,0.0,11.932,0.197,0.0,0,107.265266418457,0,1756764,false,281.127431869507,0.0,0.0,0.006,0.0,1
display_only_control,50,16.84,4.37099981307983,0.0,11.932,0.197,0.0,0,107.265266418457,0,1756764,false,281.127431869507,0.0,0.0,0.007,0.0,1
display_only_control,51,17.642,5.33599996566772,0.0,11.932,0.197,0.0,0,107.265266418457,0,1756764,false,281.127435684204,0.0,0.0,0.013,0.0,1
display_only_control,52,17.474,5.08599996566772,0.0,11.932,0.197,0.0,0,107.265266418457,0,1756764,false,281.133604049683,0.0,0.0,0.006,0.0,1
display_only_control,53,15.966,5.09600019454956,0.0,11.932,0.197,0.0,0,107.265266418457,0,1756764,false,281.133672714233,0.0,0.0,0.009,0.0,1
display_only_control,54,16.495,4.90000009536743,0.0,11.932,0.197,0.0,0,107.265266418457,0,1756764,false,281.133604049683,0.0,0.0,0.015,0.0,1
display_only_control,55,16.208,5.05800008773804,0.0,11.932,0.197,0.0,0,107.265266418457,0,1756764,false,281.133604049683,0.0,0.0,0.009,0.0,1
display_only_control,56,16.983,4.84100008010864,0.0,11.932,0.197,0.0,0,107.265266418457,0,1756764,false,281.133604049683,0.0,0.0,0.013,0.0,1
display_only_control,57,18.258,4.71400022506714,0.0,11.932,0.197,0.0,0,107.265266418457,0,1756764,false,281.133604049683,0.0,0.0,0.012,0.0,1
display_only_control,58,15.507,4.89300012588501,0.0,11.932,0.197,0.0,0,107.265266418457,0,1756764,false,281.133604049683,0.0,0.0,0.006,0.0,1
display_only_control,59,17.994,5.25699996948242,0.0,11.932,0.197,0.0,0,107.265266418457,0,1756764,false,281.139772415161,0.0,0.0,0.007,0.0,1
display_only_control,60,13.733,3.32800006866455,0.0,11.932,0.197,0.0,0,107.265266418457,0,1756764,false,281.139772415161,0.0,0.0,0.006,0.0,1
display_only_control,61,17.169,4.66599988937378,0.0,11.932,0.197,0.0,0,107.265266418457,0,1756764,false,281.139772415161,0.0,0.0,0.005,0.0,1
display_only_control,62,16.24,4.32399988174438,0.0,11.932,0.197,0.0,0,107.265266418457,0,1756764,false,281.139768600464,0.0,0.0,0.007,0.0,1
display_only_control,63,17.486,5.31899976730347,0.0,11.932,0.197,0.0,0,107.265266418457,0,1756764,false,281.141191482544,0.0,0.0,0.008,0.0,1
display_only_control,64,16.502,4.80100011825562,0.0,11.932,0.197,0.0,0,107.265266418457,0,1756764,false,281.141191482544,0.0,0.0,0.008,0.0,1
display_only_control,65,17.453,5.4689998626709,0.0,11.932,0.197,0.0,0,107.265266418457,0,1756764,false,281.141187667847,0.0,0.0,0.015,0.0,1
display_only_control,66,19.258,5.28299999237061,0.0,11.932,0.197,0.0,0,107.265266418457,0,1756764,false,281.147359848022,0.0,0.0,0.013,0.0,1
display_only_control,67,13.284,5.05499982833862,0.0,11.932,0.197,0.0,0,107.265266418457,0,1756764,false,281.147359848022,0.0,0.0,0.008,0.0,1
display_only_control,68,16.54,5.02199983596802,0.0,11.932,0.197,0.0,0,107.265266418457,0,1756764,false,281.147356033325,0.0,0.0,0.006,0.0,1
display_only_control,69,17.141,5.28399991989136,0.0,11.932,0.197,0.0,0,107.265266418457,0,1756764,false,281.147428512573,0.0,0.0,0.006,0.0,1
display_only_control,70,16.031,5.24399995803833,0.0,11.932,0.197,0.0,0,107.265266418457,0,1756764,false,281.147359848022,0.0,0.0,0.007,0.0,1
display_only_control,71,17.053,5.06199979782104,0.0,11.932,0.197,0.0,0,107.265266418457,0,1756764,false,281.147359848022,0.0,0.0,0.008,0.0,1
display_only_control,72,16.46,4.40899991989136,0.0,11.932,0.197,0.0,0,107.265266418457,0,1756764,false,281.147356033325,0.0,0.0,0.007,0.0,1
display_only_control,73,17.922,4.77799987792969,0.0,11.932,0.197,0.0,0,107.265266418457,0,1756764,false,281.153528213501,0.0,0.0,0.006,0.0,1
display_only_control,74,14.138,4.06899976730347,0.0,11.932,0.197,0.0,0,107.265266418457,0,1756764,false,281.153528213501,0.0,0.0,0.007,0.0,1
display_only_control,75,18.374,5.14799976348877,0.0,11.932,0.197,0.0,0,107.265266418457,0,1756764,false,281.153528213501,0.0,0.0,0.008,0.0,1
display_only_control,76,15.396,4.26100015640259,0.0,11.932,0.197,0.0,0,107.265266418457,0,1756764,false,281.153528213501,0.0,0.0,0.007,0.0,1
display_only_control,77,16.566,3.95499992370605,0.0,11.932,0.197,0.0,0,107.265266418457,0,1756764,false,281.153528213501,0.0,0.0,0.006,0.0,1
display_only_control,78,17.204,4.92500019073486,0.0,11.932,0.197,0.0,0,107.265266418457,0,1756764,false,281.153528213501,0.0,0.0,0.006,0.0,1
display_only_control,79,15.637,3.76799988746643,0.0,11.932,0.197,0.0,0,107.265266418457,0,1756764,false,281.153528213501,0.0,0.0,0.006,0.0,1
display_only_control,80,18.266,4.07600021362305,0.0,11.932,0.197,0.0,0,107.265266418457,0,1756764,false,281.159696578979,0.0,0.0,0.007,0.0,1
display_only_control,81,15.278,3.70099997520447,0.0,11.932,0.197,0.0,0,107.265266418457,0,1756764,false,281.159696578979,0.0,0.0,0.006,0.0,1
display_only_control,82,16.473,3.56800007820129,0.0,11.932,0.197,0.0,0,107.265266418457,0,1756764,false,281.159696578979,0.0,0.0,0.007,0.0,1
display_only_control,83,16.702,3.79999995231628,0.0,11.932,0.197,0.0,0,107.265266418457,0,1756764,false,281.159696578979,0.0,0.0,0.008,0.0,1
display_only_control,84,16.584,3.74200010299683,0.0,11.932,0.197,0.0,0,107.265266418457,0,1756764,false,281.159696578979,0.0,0.0,0.006,0.0,1
display_only_control,85,17.029,3.70300006866455,0.0,11.932,0.197,0.0,0,107.265266418457,0,1756764,false,281.15976524353,0.0,0.0,0.006,0.0,1
display_only_control,86,17.945,4.26100015640259,0.0,11.932,0.197,0.0,0,107.265266418457,0,1756764,false,281.159696578979,0.0,0.0,0.007,0.0,1
display_only_control,87,16.904,3.80200004577637,0.0,11.932,0.197,0.0,0,107.265266418457,0,1756764,false,281.165864944458,0.0,0.0,0.006,0.0,1
display_only_control,88,31.364,3.9760000705719,0.0,11.932,0.197,0.0,0,107.265266418457,0,1756764,false,281.165861129761,0.0,0.0,0.006,0.0,1
display_only_control,89,33.517,4.22700023651123,0.0,11.932,0.197,0.0,0,107.265266418457,0,1756764,false,281.165864944458,0.0,0.0,0.006,0.0,1
display_only_control,90,35.158,6.23699998855591,0.0,11.932,0.197,0.0,0,107.265266418457,0,1756764,false,281.165864944458,0.0,0.0,0.006,0.0,1
display_only_control,91,18.793,5.79099988937378,0.0,11.932,0.197,0.0,0,107.265266418457,0,1756764,false,281.172033309937,0.0,0.0,0.006,0.0,1
display_only_control,92,14.315,4.29300022125244,0.0,11.932,0.197,0.0,0,107.265266418457,0,1756764,false,281.172033309937,0.0,0.0,0.006,0.0,1
display_only_control,93,15.808,4.95800018310547,0.0,11.932,0.197,0.0,0,107.265266418457,0,1756764,false,281.172033309937,0.0,0.0,0.007,0.0,1
display_only_control,94,17.83,5.38800001144409,0.0,11.932,0.197,0.0,0,107.265266418457,0,1756764,false,281.174180984497,0.0,0.0,0.011,0.0,1
display_only_control,95,15.887,5.07200002670288,0.0,11.932,0.197,0.0,0,107.265266418457,0,1756764,false,281.174184799194,0.0,0.0,0.007,0.0,1
display_only_control,96,16.562,4.05900001525879,0.0,11.932,0.197,0.0,0,107.265266418457,0,1756764,false,281.174184799194,0.0,0.0,0.012,0.0,1
display_only_control,97,16.589,4.29699993133545,0.0,11.932,0.197,0.0,0,107.265266418457,0,1756764,false,281.174184799194,0.0,0.0,0.009,0.0,1
display_only_control,98,18.397,4.01700019836426,0.0,11.932,0.197,0.0,0,107.265266418457,0,1756764,false,281.180421829224,0.0,0.0,0.009,0.0,1
display_only_control,99,15.275,5.00099992752075,0.0,11.932,0.197,0.0,0,107.265266418457,0,1756764,false,281.180353164673,0.0,0.0,0.007,0.0,1
display_only_control,100,17.435,5.07299995422363,0.0,11.932,0.197,0.0,0,107.265266418457,0,1756764,false,281.18035697937,0.0,0.0,0.01,0.0,1
display_only_control,101,15.063,4.10500001907349,0.0,11.932,0.197,0.0,0,107.265266418457,0,1756764,false,281.18035697937,0.0,0.0,0.007,0.0,1
display_only_control,102,17.063,4.23299980163574,0.0,11.932,0.197,0.0,0,107.265266418457,0,1756764,false,281.18035697937,0.0,0.0,0.011,0.0,1
display_only_control,103,16.64,4.20100021362305,0.0,11.932,0.197,0.0,0,107.265266418457,0,1756764,false,281.180353164673,0.0,0.0,0.012,0.0,1
display_only_control,104,17.358,4.16599988937378,0.0,11.932,0.197,0.0,0,107.265266418457,0,1756764,false,281.18035697937,0.0,0.0,0.014,0.0,1
display_only_control,105,20.161,5.80900001525879,0.0,11.932,0.197,0.0,0,107.265266418457,0,1756764,false,281.186525344849,0.0,0.0,0.011,0.0,1
display_only_control,106,11.517,3.76799988746643,0.0,11.932,0.197,0.0,0,107.265266418457,0,1756764,false,281.186525344849,0.0,0.0,0.006,0.0,1
display_only_control,107,17.657,3.31900000572205,0.0,11.932,0.197,0.0,0,107.265266418457,0,1756764,false,281.186525344849,0.0,0.0,0.007,0.0,1
display_only_control,108,15.623,3.84500002861023,0.0,11.932,0.197,0.0,0,107.265266418457,0,1756764,false,281.186525344849,0.0,0.0,0.008,0.0,1
display_only_control,109,19.064,6.12200021743774,0.0,11.932,0.197,0.0,0,107.265266418457,0,1756764,false,281.186525344849,0.0,0.0,0.007,0.0,1
display_only_control,110,14.283,3.83800005912781,0.0,11.932,0.197,0.0,0,107.265266418457,0,1756764,false,281.186525344849,0.0,0.0,0.007,0.0,1
display_only_control,111,52.59,4.66400003433228,0.0,11.932,0.197,0.0,0,107.265266418457,0,1756764,false,281.19268989563,0.0,0.0,0.007,0.0,2
display_only_control,112,30.887,3.53200006484985,0.0,11.932,0.197,0.0,0,107.265266418457,0,1756764,false,281.192762374878,0.0,0.0,0.012,0.0,2
display_only_control,113,33.714,4.29099988937378,0.0,11.932,0.197,0.0,0,107.265266418457,0,1756764,false,281.192693710327,0.0,0.0,0.006,0.0,2
display_only_control,114,17.713,4.2020001411438,0.0,11.932,0.197,0.0,0,107.265266418457,0,1756764,false,281.19268989563,0.0,0.0,0.006,0.0,2
display_only_control,115,16.851,4.18800020217896,0.0,11.932,0.197,0.0,0,107.265266418457,0,1756764,false,281.192693710327,0.0,0.0,0.013,0.0,2
display_only_control,116,18.729,4.62400007247925,0.0,11.932,0.197,0.0,0,107.265266418457,0,1756764,false,281.198862075806,0.0,0.0,0.007,0.0,2
display_only_control,117,15.328,5.92399978637695,0.0,11.932,0.197,0.0,0,107.265266418457,0,1756764,false,281.198862075806,0.0,0.0,0.009,0.0,2
display_only_control,118,20.178,9.11600017547607,0.0,11.932,0.197,0.0,0,107.265266418457,0,1756764,false,281.198862075806,0.0,0.0,0.007,0.0,2
display_only_control,119,12.463,5.27400016784668,0.0,11.932,0.197,0.0,0,107.265266418457,0,1756764,false,281.199068069458,0.0,0.0,0.007,0.0,2
display_only_control,120,32.777,5.36700010299683,0.0,11.932,0.197,0.0,0,107.265266418457,0,1756764,false,281.198862075806,0.0,0.0,0.006,0.0,2
display_only_control,121,34.887,5.40500020980835,0.0,11.932,0.197,0.0,0,107.265266418457,0,1756764,false,281.205030441284,0.0,0.0,0.007,0.0,2
display_only_control,122,31.845,5.32600021362305,0.0,11.932,0.197,0.0,0,107.265266418457,0,1756764,false,281.205030441284,0.0,0.0,0.006,0.0,2
display_only_control,123,17.163,5.21199989318848,0.0,11.932,0.197,0.0,0,107.265266418457,0,1756764,false,281.205099105835,0.0,0.0,0.007,0.0,2
display_only_control,124,17.368,5.8730001449585,0.0,11.932,0.197,0.0,0,107.265266418457,0,1756764,false,281.205026626587,0.0,0.0,0.011,0.0,2
display_only_control,125,16.227,5.21799993515015,0.0,11.932,0.197,0.0,0,107.265266418457,0,1756764,false,281.205030441284,0.0,0.0,0.007,0.0,2
display_only_control,126,16.544,5.40299987792969,0.0,11.932,0.197,0.0,0,107.265266418457,0,1756764,false,281.205030441284,0.0,0.0,0.006,0.0,2
display_only_control,127,17.659,5.17999982833862,0.0,11.932,0.197,0.0,0,107.265266418457,0,1756764,false,281.211198806763,0.0,0.0,0.006,0.0,2
display_only_control,128,15.504,5.19899988174438,0.0,11.932,0.197,0.0,0,107.265266418457,0,1756764,false,281.211198806763,0.0,0.0,0.006,0.0,2
display_only_control,129,17.062,5.31500005722046,0.0,11.932,0.197,0.0,0,107.265266418457,0,1756764,false,281.211198806763,0.0,0.0,0.006,0.0,2
display_only_control,130,16.426,5.19999980926514,0.0,11.932,0.197,0.0,0,107.265266418457,0,1756764,false,281.211198806763,0.0,0.0,0.007,0.0,2
display_only_control,131,15.144,3.78699994087219,0.0,11.932,0.197,0.0,0,107.265266418457,0,1756764,false,281.211198806763,0.0,0.0,0.007,0.0,2
display_only_control,132,17.632,4.9210000038147,0.0,11.932,0.197,0.0,0,107.265266418457,0,1756764,false,281.211194992065,0.0,0.0,0.012,0.0,2
display_only_control,133,16.546,4.86399984359741,0.0,11.932,0.197,0.0,0,107.265266418457,0,1756764,false,281.211198806763,0.0,0.0,0.007,0.0,2
display_only_control,134,20.022,6.35699987411499,0.0,11.932,0.197,0.0,0,107.265266418457,0,1756764,false,281.217367172241,0.0,0.0,0.006,0.0,2
display_only_control,135,16.397,7.71700000762939,0.0,11.932,0.197,0.0,0,107.265266418457,0,1756764,false,281.217367172241,0.0,0.0,0.007,0.0,2
display_only_control,136,15.856,6.94199991226196,0.0,11.932,0.197,0.0,0,107.265266418457,0,1756764,false,281.217367172241,0.0,0.0,0.007,0.0,2
display_only_control,137,17.465,7.94999980926514,0.0,11.932,0.197,0.0,0,107.265266418457,0,1756764,false,281.217367172241,0.0,0.0,0.008,0.0,2
display_only_control,138,15.374,6.59499979019165,0.0,11.932,0.197,0.0,0,107.265266418457,0,1756764,false,281.217367172241,0.0,0.0,0.008,0.0,2
display_only_control,139,15.776,4.46299982070923,0.0,11.932,0.197,0.0,0,107.265266418457,0,1756764,false,281.217435836792,0.0,0.0,0.009,0.0,2
display_only_control,140,15.896,4.67899990081787,0.0,11.932,0.197,0.0,0,107.265266418457,0,1756764,false,281.217367172241,0.0,0.0,0.013,0.0,2
display_only_control,141,21.282,8.24699974060059,0.0,11.932,0.197,0.0,0,107.265266418457,0,1756764,false,281.226739883423,0.0,0.0,0.007,0.0,2
display_only_control,142,13.567,6.34299993515015,0.0,11.932,0.197,0.0,0,107.265266418457,0,1756764,false,281.226739883423,0.0,0.0,0.006,0.0,2
display_only_control,143,14.811,4.72300004959106,0.0,11.932,0.197,0.0,0,107.265266418457,0,1756764,false,281.226739883423,0.0,0.0,0.007,0.0,2
display_only_control,144,19.009,6.56799983978271,0.0,11.932,0.197,0.0,0,107.265266418457,0,1756764,false,281.226739883423,0.0,0.0,0.006,0.0,2
display_only_control,145,14.976,3.82500004768372,0.0,11.932,0.197,0.0,0,107.265266418457,0,1756764,false,281.226739883423,0.0,0.0,0.012,0.0,2
display_only_control,146,15.407,3.56500005722046,0.0,11.932,0.197,0.0,0,107.265266418457,0,1756764,false,281.226739883423,0.0,0.0,0.007,0.0,2
display_only_control,147,18.846,6.32800006866455,0.0,11.932,0.197,0.0,0,107.265266418457,0,1756764,false,281.226739883423,0.0,0.0,0.007,0.0,2
display_only_control,148,17.147,5.57299995422363,0.0,11.932,0.197,0.0,0,107.265266418457,0,1756764,false,281.232908248901,0.0,0.0,0.006,0.0,2
display_only_control,149,16.284,6.19600009918213,0.0,11.932,0.197,0.0,0,107.265266418457,0,1756764,false,281.232908248901,0.0,0.0,0.007,0.0,2
display_only_control,150,16.757,5.73400020599365,0.0,11.932,0.197,0.0,0,107.265266418457,0,1756764,false,281.232908248901,0.0,0.0,0.007,0.0,2
display_only_control,151,15.457,5.30999994277954,0.0,11.932,0.197,0.0,0,107.265266418457,0,1756764,false,281.232908248901,0.0,0.0,0.006,0.0,2
display_only_control,152,15.916,4.45499992370605,0.0,11.932,0.197,0.0,0,107.265266418457,0,1756764,false,281.232908248901,0.0,0.0,0.006,0.0,2
display_only_control,153,16.914,3.86899995803833,0.0,11.932,0.197,0.0,0,107.265266418457,0,1756764,false,281.232908248901,0.0,0.0,0.008,0.0,2
display_only_control,154,15.581,3.84699988365173,0.0,11.932,0.197,0.0,0,107.265266418457,0,1756764,false,281.232908248901,0.0,0.0,0.007,0.0,2
display_only_control,155,19.202,4.61999988555908,0.0,11.932,0.197,0.0,0,107.265266418457,0,1756764,false,281.239145278931,0.0,0.0,0.006,0.0,2
display_only_control,156,14.0,3.27300000190735,0.0,11.932,0.197,0.0,0,107.265266418457,0,1756764,false,281.239068984985,0.0,0.0,0.006,0.0,2
display_only_control,157,19.023,5.19600009918213,0.0,11.932,0.197,0.0,0,107.265266418457,0,1756764,false,281.23907661438,0.0,0.0,0.011,0.0,2
display_only_control,158,15.5,4.1230001449585,0.0,11.932,0.197,0.0,0,107.265266418457,0,1756764,false,281.239065170288,0.0,0.0,0.006,0.0,2
display_only_control,159,14.435,2.46300005912781,0.0,11.932,0.197,0.0,0,107.265266418457,0,1756764,false,281.23907661438,0.0,0.0,0.007,0.0,2
display_only_control,160,53.356,4.10099983215332,0.0,11.932,0.197,0.0,0,107.265266418457,0,1756764,false,281.245244979858,0.0,0.0,0.007,0.0,3
display_only_control,161,32.429,4.40500020980835,0.0,11.932,0.197,0.0,0,107.265266418457,0,1756764,false,281.245244979858,0.0,0.0,0.007,0.0,3
display_only_control,162,30.949,3.00999999046326,0.0,11.932,0.197,0.0,0,107.265266418457,0,1756764,false,281.245244979858,0.0,0.0,0.007,0.0,3
display_only_control,163,18.28,3.28099989891052,0.0,11.932,0.197,0.0,0,107.265266418457,0,1756764,false,281.245241165161,0.0,0.0,0.007,0.0,3
display_only_control,164,16.282,3.41400003433228,0.0,11.932,0.197,0.0,0,107.265266418457,0,1756764,false,281.245244979858,0.0,0.0,0.007,0.0,3
display_only_control,165,21.72,4.88500022888184,0.0,11.932,0.197,0.0,0,107.265266418457,0,1756764,false,281.25140953064,0.0,0.0,0.012,0.0,3
display_only_control,166,12.275,3.95900011062622,0.0,11.932,0.197,0.0,0,107.265266418457,0,1756764,false,281.251413345337,0.0,0.0,0.006,0.0,3
display_only_control,167,17.763,3.62299990653992,0.0,11.932,0.197,0.0,0,107.265266418457,0,1756764,false,281.251482009888,0.0,0.0,0.012,0.0,3
display_only_control,168,15.461,3.60800004005432,0.0,11.932,0.197,0.0,0,107.265266418457,0,1756764,false,281.251413345337,0.0,0.0,0.01,0.0,3
display_only_control,169,16.952,3.85700011253357,0.0,11.932,0.197,0.0,0,107.265266418457,0,1756764,false,281.251413345337,0.0,0.0,0.009,0.0,3
display_only_control,170,16.703,3.75600004196167,0.0,11.932,0.197,0.0,0,107.265266418457,0,1756764,false,281.251413345337,0.0,0.0,0.008,0.0,3
display_only_control,171,20.508,3.65100002288818,0.0,11.932,0.197,0.0,0,107.265266418457,0,1756764,false,281.257581710815,0.0,0.0,0.012,0.0,3
display_only_control,172,12.435,3.20700001716614,0.0,11.932,0.197,0.0,0,107.265266418457,0,1756764,false,281.257581710815,0.0,0.0,0.011,0.0,3
display_only_control,173,16.434,3.62599992752075,0.0,11.932,0.197,0.0,0,107.265266418457,0,1756764,false,281.257581710815,0.0,0.0,0.01,0.0,3
display_only_control,174,16.924,3.53699994087219,0.0,11.932,0.197,0.0,0,107.265266418457,0,1756764,false,281.257787704468,0.0,0.0,0.008,0.0,3
display_only_control,175,18.379,4.13800001144409,0.0,11.932,0.197,0.0,0,107.265266418457,0,1756764,false,281.257581710815,0.0,0.0,0.007,0.0,3
display_only_control,176,31.661,4.85200023651123,0.0,11.932,0.197,0.0,0,107.265266418457,0,1756764,false,281.257581710815,0.0,0.0,0.007,0.0,3
display_only_control,177,33.576,3.2039999961853,0.0,11.932,0.197,0.0,0,107.265266418457,0,1756764,false,281.263746261597,0.0,0.0,0.006,0.0,3
display_only_control,178,31.232,2.95499992370605,0.0,11.932,0.197,0.0,0,107.265266418457,0,1756764,false,281.263750076294,0.0,0.0,0.007,0.0,3
display_only_control,179,34.655,3.29999995231628,0.0,11.932,0.197,0.0,0,107.265266418457,0,1756764,false,281.263818740845,0.0,0.0,0.007,0.0,3
display_only_control,180,36.189,5.40199995040894,0.0,11.932,0.197,0.0,0,107.265266418457,0,1756764,false,281.269918441772,0.0,0.0,0.006,0.0,3
display_only_control,181,13.502,3.39299988746643,0.0,11.932,0.197,0.0,0,107.265266418457,0,1756764,false,281.269918441772,0.0,0.0,0.009,0.0,3
display_only_control,182,18.819,5.43699979782104,0.0,11.932,0.197,0.0,0,107.265266418457,0,1756764,false,281.269918441772,0.0,0.0,0.007,0.0,3
display_only_control,183,16.063,5.03800010681152,0.0,11.932,0.197,0.0,0,107.265266418457,0,1756764,false,281.269918441772,0.0,0.0,0.007,0.0,3
display_only_control,184,32.888,5.04699993133545,0.0,11.932,0.197,0.0,0,107.265266418457,0,1756764,false,281.269918441772,0.0,0.0,0.007,0.0,3
display_only_control,185,34.077,4.46299982070923,0.0,11.932,0.197,0.0,0,107.265266418457,0,1756764,false,281.276086807251,0.0,0.0,0.008,0.0,3
display_only_control,186,32.178,4.16400003433228,0.0,11.932,0.197,0.0,0,107.265266418457,0,1756764,false,281.276086807251,0.0,0.0,0.008,0.0,3
display_only_control,187,17.798,3.71399998664856,0.0,11.932,0.197,0.0,0,107.265266418457,0,1756764,false,281.276086807251,0.0,0.0,0.013,0.0,3
display_only_control,188,15.889,4.40100002288818,0.0,11.932,0.197,0.0,0,107.265266418457,0,1756764,false,281.276086807251,0.0,0.0,0.007,0.0,3
display_only_control,189,16.947,4.81699991226196,0.0,11.932,0.197,0.0,0,107.265266418457,0,1756764,false,281.276086807251,0.0,0.0,0.007,0.0,3
display_only_control,190,18.286,4.81099987030029,0.0,11.932,0.197,0.0,0,107.265266418457,0,1756764,false,281.28232383728,0.0,0.0,0.007,0.0,3
display_only_control,191,15.769,5.37900018692017,0.0,11.932,0.197,0.0,0,107.265266418457,0,1756764,false,281.282255172729,0.0,0.0,0.012,0.0,3
display_only_control,192,16.366,4.81199979782104,0.0,11.932,0.197,0.0,0,107.265266418457,0,1756764,false,281.282255172729,0.0,0.0,0.008,0.0,3
display_only_control,193,17.082,5.59800004959106,0.0,11.932,0.197,0.0,0,107.265266418457,0,1756764,false,281.282255172729,0.0,0.0,0.007,0.0,3
display_only_control,194,14.591,3.81900000572205,0.0,11.932,0.197,0.0,0,107.265266418457,0,1756764,false,281.282255172729,0.0,0.0,0.007,0.0,3
display_only_control,195,16.893,3.69300007820129,0.0,11.932,0.197,0.0,0,107.265266418457,0,1756764,false,281.282255172729,0.0,0.0,0.006,0.0,3
display_only_control,196,20.622,4.82299995422363,0.0,11.932,0.197,0.0,0,107.265266418457,0,1756764,false,281.288423538208,0.0,0.0,0.012,0.0,3
display_only_control,197,46.639,4.41499996185303,0.0,11.932,0.197,0.0,0,107.265266418457,0,1756764,false,281.288423538208,0.0,0.0,0.007,0.0,3
display_only_control,198,14.878,2.96600008010864,0.0,11.932,0.197,0.0,0,107.265266418457,0,1756764,false,281.288423538208,0.0,0.0,0.007,0.0,3
display_only_control,199,33.036,2.43700003623962,0.0,11.932,0.197,0.0,0,107.265266418457,0,1756764,false,281.288423538208,0.0,0.0,0.007,0.0,3
display_only_control,200,20.047,3.57100009918213,0.0,11.932,0.197,0.0,0,107.265266418457,0,1756764,false,281.294591903687,0.0,0.0,0.007,0.0,3
display_only_control,201,14.397,3.22399997711182,0.0,11.932,0.197,0.0,0,107.265266418457,0,1756764,false,281.294591903687,0.0,0.0,0.006,0.0,3
display_only_control,202,17.928,3.33200001716614,0.0,11.932,0.197,0.0,0,107.265266418457,0,1756764,false,281.294591903687,0.0,0.0,0.01,0.0,3
display_only_control,203,16.811,3.63800001144409,0.0,11.932,0.197,0.0,0,107.265266418457,0,1756764,false,281.294660568237,0.0,0.0,0.007,0.0,3
display_only_control,204,16.42,3.8529999256134,0.0,11.932,0.197,0.0,0,107.265266418457,0,1756764,false,281.294584274292,0.0,0.0,0.007,0.0,3
display_only_control,205,15.973,2.81800007820129,0.0,11.932,0.197,0.0,0,107.265266418457,0,1756764,false,281.294591903687,0.0,0.0,0.007,0.0,3
display_only_control,206,18.912,4.02299976348877,0.0,11.932,0.197,0.0,0,107.265266418457,0,1756764,false,281.300760269165,0.0,0.0,0.007,0.0,3
display_only_control,207,13.884,3.32599997520447,0.0,11.932,0.197,0.0,0,107.265266418457,0,1756764,false,281.300760269165,0.0,0.0,0.006,0.0,3
display_only_control,208,16.825,3.61299991607666,0.0,11.932,0.197,0.0,0,107.265266418457,0,1756764,false,281.300760269165,0.0,0.0,0.007,0.0,3
display_only_control,209,16.459,3.15499997138977,0.0,11.932,0.197,0.0,0,107.265266418457,0,1756764,false,281.300760269165,0.0,0.0,0.007,0.0,3
display_only_control,210,17.499,4.47200012207031,0.0,11.932,0.197,0.0,0,107.265266418457,0,1756764,false,281.300760269165,0.0,0.0,0.007,0.0,3
display_only_control,211,33.258,4.19399976730347,0.0,11.932,0.197,0.0,0,107.265266418457,0,1756764,false,281.30556678772,0.0,0.0,0.01,0.0,3
display_only_control,212,34.452,4.36800003051758,0.0,11.932,0.197,0.0,0,107.265266418457,0,1756764,false,281.311735153198,0.0,0.0,0.007,0.0,3
display_only_control,213,32.313,4.51200008392334,0.0,11.932,0.197,0.0,0,107.265266418457,0,1756764,false,281.311735153198,0.0,0.0,0.008,0.0,3
display_only_control,214,18.461,4.97800016403198,0.0,11.932,0.197,0.0,0,107.265266418457,0,1756764,false,281.311735153198,0.0,0.0,0.012,0.0,3
display_only_control,215,15.121,4.32200002670288,0.0,11.932,0.197,0.0,0,107.265266418457,0,1756764,false,281.311735153198,0.0,0.0,0.007,0.0,3
display_only_control,216,17.113,4.2350001335144,0.0,11.932,0.197,0.0,0,107.265266418457,0,1756764,false,281.311800003052,0.0,0.0,0.007,0.0,3
display_only_control,217,18.258,5.07800006866455,0.0,11.932,0.197,0.0,0,107.265266418457,0,1756764,false,281.317903518677,0.0,0.0,0.007,0.0,3
display_only_control,218,15.427,4.75299978256226,0.0,11.932,0.197,0.0,0,107.265266418457,0,1756764,false,281.317903518677,0.0,0.0,0.006,0.0,3
display_only_control,219,15.699,4.27799987792969,0.0,11.932,0.197,0.0,0,107.265266418457,0,1756764,false,281.317903518677,0.0,0.0,0.007,0.0,3
display_only_control,220,17.358,4.76700019836426,0.0,11.932,0.197,0.0,0,107.265266418457,0,1756764,false,281.317903518677,0.0,0.0,0.006,0.0,3
display_only_control,221,16.777,4.85599994659424,0.0,11.932,0.197,0.0,0,107.265266418457,0,1756764,false,281.318109512329,0.0,0.0,0.006,0.0,3
display_only_control,222,15.737,3.85500001907349,0.0,11.932,0.197,0.0,0,107.265266418457,0,1756764,false,281.317903518677,0.0,0.0,0.012,0.0,3
display_only_control,223,52.367,3.50099992752075,0.0,11.932,0.197,0.0,0,107.265266418457,0,1756764,false,281.324071884155,0.0,0.0,0.011,0.0,4
display_only_control,224,13.989,2.83699989318848,0.0,11.932,0.197,0.0,0,107.265266418457,0,1756764,false,281.324071884155,0.0,0.0,0.015,0.0,4
display_only_control,225,17.061,3.7720000743866,0.0,11.932,0.197,0.0,0,107.265266418457,0,1756764,false,281.324068069458,0.0,0.0,0.016,0.0,4
display_only_control,226,18.117,4.1710000038147,0.0,11.932,0.197,0.0,0,107.265266418457,0,1756764,false,281.324068069458,0.0,0.0,0.012,0.0,4
display_only_control,227,15.717,4.14799976348877,0.0,11.932,0.197,0.0,0,107.265266418457,0,1756764,false,281.324071884155,0.0,0.0,0.011,0.0,4
display_only_control,228,16.364,3.93899989128113,0.0,11.932,0.197,0.0,0,107.265266418457,0,1756764,false,281.324071884155,0.0,0.0,0.006,0.0,4
display_only_control,229,18.066,4.14300012588501,0.0,11.932,0.197,0.0,0,107.265266418457,0,1756764,false,281.330240249634,0.0,0.0,0.007,0.0,4
display_only_control,230,15.361,3.96799993515015,0.0,11.932,0.197,0.0,0,107.265266418457,0,1756764,false,281.330308914185,0.0,0.0,0.006,0.0,4
display_only_control,231,16.2,3.90100002288818,0.0,11.932,0.197,0.0,0,107.265266418457,0,1756764,false,281.330232620239,0.0,0.0,0.007,0.0,4
display_only_control,232,16.794,3.46600008010864,0.0,11.932,0.197,0.0,0,107.265266418457,0,1756764,false,281.330240249634,0.0,0.0,0.007,0.0,4
display_only_control,233,16.951,3.37700009346008,0.0,11.932,0.197,0.0,0,107.265266418457,0,1756764,false,281.330240249634,0.0,0.0,0.007,0.0,4
display_only_control,234,16.642,4.17000007629395,0.0,11.932,0.197,0.0,0,107.265266418457,0,1756764,false,281.330240249634,0.0,0.0,0.007,0.0,4
display_only_control,235,19.406,4.9520001411438,0.0,11.932,0.197,0.0,0,107.265266418457,0,1756764,false,281.336404800415,0.0,0.0,0.007,0.0,4
display_only_control,236,15.587,4.71000003814697,0.0,11.932,0.197,0.0,0,107.265266418457,0,1756764,false,281.336408615112,0.0,0.0,0.008,0.0,4
display_only_control,237,16.078,5.11199998855591,0.0,11.932,0.197,0.0,0,107.265266418457,0,1756764,false,281.336408615112,0.0,0.0,0.006,0.0,4
display_only_control,238,23.5,3.73099994659424,0.0,11.932,0.197,0.0,0,107.265266418457,0,1756764,false,281.336400985718,0.0,0.0,0.01,0.0,4
display_only_control,239,9.986,5.14200019836426,0.0,11.932,0.197,0.0,0,107.265266418457,0,1756764,false,281.336404800415,0.0,0.0,0.007,0.0,4
display_only_control,240,16.743,5.2020001411438,0.0,11.932,0.197,0.0,0,107.265266418457,0,1756764,false,281.336404800415,0.0,0.0,0.008,0.0,4
display_only_control,241,15.468,3.99600005149841,0.0,11.932,0.197,0.0,0,107.265266418457,0,1756764,false,281.336408615112,0.0,0.0,0.009,0.0,4
display_only_control,242,20.575,5.25099992752075,0.0,11.932,0.197,0.0,0,107.265266418457,0,1756764,false,281.342576980591,0.0,0.0,0.008,0.0,4
display_only_control,243,13.71,5.11800003051758,0.0,11.932,0.197,0.0,0,107.265266418457,0,1756764,false,281.342573165894,0.0,0.0,0.006,0.0,4
display_only_control,244,16.919,3.69400000572205,0.0,11.932,0.197,0.0,0,107.265266418457,0,1756764,false,281.342576980591,0.0,0.0,0.006,0.0,4
display_only_control,245,16.986,5.11600017547607,0.0,11.932,0.197,0.0,0,107.265266418457,0,1756764,false,281.342645645142,0.0,0.0,0.008,0.0,4
display_only_control,246,16.21,5.15000009536743,0.0,11.932,0.197,0.0,0,107.265266418457,0,1756764,false,281.342573165894,0.0,0.0,0.006,0.0,4
display_only_control,247,15.915,4.46000003814697,0.0,11.932,0.197,0.0,0,107.265266418457,0,1756764,false,281.342576980591,0.0,0.0,0.007,0.0,4
display_only_control,248,16.571,4.47300004959106,0.0,11.932,0.197,0.0,0,107.265266418457,0,1756764,false,281.342576980591,0.0,0.0,0.008,0.0,4
display_only_control,249,18.663,5.11499977111816,0.0,11.932,0.197,0.0,0,107.265266418457,0,1756764,false,281.348745346069,0.0,0.0,0.007,0.0,4
display_only_control,250,15.423,5.13800001144409,0.0,11.932,0.197,0.0,0,107.265266418457,0,1756764,false,281.348745346069,0.0,0.0,0.006,0.0,4
display_only_control,251,17.396,5.43800020217896,0.0,11.932,0.197,0.0,0,107.265266418457,0,1756764,false,281.348745346069,0.0,0.0,0.007,0.0,4
display_only_control,252,15.188,4.28299999237061,0.0,11.932,0.197,0.0,0,107.265266418457,0,1756764,false,281.348745346069,0.0,0.0,0.007,0.0,4
display_only_control,253,18.7,5.68599987030029,0.0,11.932,0.197,0.0,0,107.265266418457,0,1756764,false,281.348737716675,0.0,0.0,0.013,0.0,4
display_only_control,254,16.111,5.03000020980835,0.0,11.932,0.197,0.0,0,107.265266418457,0,1756764,false,281.348745346069,0.0,0.0,0.008,0.0,4
display_only_control,255,18.585,5.15199995040894,0.0,11.932,0.197,0.0,0,107.265266418457,0,1756764,false,281.354913711548,0.0,0.0,0.007,0.0,4
display_only_control,256,13.81,4.55600023269653,0.0,11.932,0.197,0.0,0,107.265266418457,0,1756764,false,281.354909896851,0.0,0.0,0.009,0.0,4
display_only_control,257,15.572,4.46400022506714,0.0,11.932,0.197,0.0,0,107.265266418457,0,1756764,false,281.354913711548,0.0,0.0,0.006,0.0,4
display_only_control,258,33.119,4.08500003814697,0.0,11.932,0.197,0.0,0,107.265266418457,0,1756764,false,281.354913711548,0.0,0.0,0.013,0.0,4
display_only_control,259,36.906,6.05800008773804,0.0,11.932,0.197,0.0,0,107.265266418457,0,1756764,false,281.36619758606,0.0,0.0,0.006,0.0,4
display_only_control,260,34.016,5.41800022125244,0.0,11.932,0.197,0.0,0,107.265266418457,0,1756764,false,281.365613937378,0.0,0.0,0.008,0.0,4
display_only_control,261,14.157,5.57200002670288,0.0,11.932,0.197,0.0,0,107.265266418457,0,1756764,false,281.365545272827,0.0,0.0,0.008,0.0,4
display_only_control,262,17.484,5.875,0.0,11.932,0.197,0.0,0,107.265266418457,0,1756764,false,281.365503311157,0.0,0.0,0.013,0.0,4
display_only_control,263,14.591,3.3989999294281,0.0,11.932,0.197,0.0,0,107.265266418457,0,1756764,false,281.36554145813,0.0,0.0,0.015,0.0,4
display_only_control,264,53.252,5.32800006866455,0.0,11.932,0.197,0.0,0,107.265266418457,0,1756764,false,281.371713638306,0.0,0.0,0.008,0.0,5
display_only_control,265,12.395,3.65599989891052,0.0,11.932,0.197,0.0,0,107.265266418457,0,1756764,false,281.371713638306,0.0,0.0,0.007,0.0,5
display_only_control,266,33.471,3.45700001716614,0.0,11.932,0.197,0.0,0,107.265266418457,0,1756764,false,281.371713638306,0.0,0.0,0.007,0.0,5
moving_surface,1,10.062,4.66099977493286,0.0,11.932,0.197,0.0,0,107.265266418457,0,1750430,false,281.956985473633,0.0,0.0,0.012,0.0,7
moving_surface,2,15.914,5.33699989318848,0.0,11.932,0.197,0.0,0,107.265266418457,0,1750430,false,281.965579986572,0.0,0.0,0.007,0.0,7
moving_surface,3,15.264,4.97700023651123,0.0,11.932,0.197,0.0,0,107.265266418457,0,1750430,false,281.965625762939,0.0,0.0,0.006,0.0,7
moving_surface,4,16.969,4.98299980163574,0.0,11.932,0.197,0.0,0,107.265266418457,0,1750430,false,281.965717315674,0.0,0.0,0.007,0.0,7
moving_surface,5,16.471,4.67600011825562,0.0,11.932,0.197,0.0,0,107.265266418457,0,1750430,false,281.965717315674,0.0,0.0,0.008,0.0,7
moving_surface,6,16.822,4.93800020217896,0.0,11.932,0.197,0.0,0,107.265266418457,0,1750430,false,281.965854644775,0.0,0.0,0.006,0.0,7
moving_surface,7,20.902,4.07399988174438,0.0,11.932,0.197,0.0,0,107.265266418457,0,1750430,false,281.972023010254,0.0,0.0,0.01,0.0,7
moving_surface,8,12.873,5.03599977493286,0.0,11.932,0.197,0.0,0,107.265266418457,0,1750430,false,281.972023010254,0.0,0.0,0.009,0.0,7
moving_surface,9,16.867,5.33599996566772,0.0,11.932,0.197,0.0,0,107.265266418457,0,1750430,false,281.972206115723,0.0,0.0,0.008,0.0,7
moving_surface,10,16.853,5.30700016021729,0.0,11.932,0.197,0.0,0,107.265266418457,0,1750430,false,281.97220993042,0.0,0.0,0.011,0.0,7
moving_surface,11,16.457,5.34600019454956,0.0,11.932,0.197,0.0,0,107.265266418457,0,1750430,false,281.97220993042,0.0,0.0,0.012,0.0,7
moving_surface,12,17.623,5.44099998474121,0.0,11.932,0.197,0.0,0,107.265266418457,0,1750430,false,281.972278594971,0.0,0.0,0.012,0.0,7
moving_surface,13,16.669,5.19299983978271,0.0,11.932,0.197,0.0,0,107.265266418457,0,1750430,false,281.972484588623,0.0,0.0,0.012,0.0,7
moving_surface,14,18.795,5.16900014877319,0.0,11.932,0.197,0.0,0,107.265266418457,0,1750430,false,281.978652954102,0.0,0.0,0.012,0.0,7
moving_surface,15,13.969,5.37099981307983,0.0,11.932,0.197,0.0,0,107.265266418457,0,1750430,false,281.978652954102,0.0,0.0,0.012,0.0,7
moving_surface,16,16.672,5.58699989318848,0.0,11.932,0.197,0.0,0,107.265266418457,0,1750430,false,281.978652954102,0.0,0.0,0.011,0.0,7
moving_surface,17,16.238,5.35699987411499,0.0,11.932,0.197,0.0,0,107.265266418457,0,1750430,false,281.978652954102,0.0,0.0,0.009,0.0,7
moving_surface,18,17.192,5.8289999961853,0.0,11.932,0.197,0.0,0,107.265266418457,0,1750430,false,281.978649139404,0.0,0.0,0.008,0.0,7
moving_surface,19,16.032,5.24499988555908,0.0,11.932,0.197,0.0,0,107.265266418457,0,1750430,false,281.979064941406,0.0,0.0,0.007,0.0,7
moving_surface,20,16.206,5.12200021743774,0.0,11.932,0.197,0.0,0,107.265266418457,0,1750430,false,281.979064941406,0.0,0.0,0.008,0.0,7
moving_surface,21,20.051,5.20900011062622,0.0,11.932,0.197,0.0,0,107.265266418457,0,1750430,false,281.985233306885,0.0,0.0,0.01,0.0,7
moving_surface,22,14.691,5.39599990844727,0.0,11.932,0.197,0.0,0,107.265266418457,0,1750430,false,281.985233306885,0.0,0.0,0.012,0.0,7
moving_surface,23,15.865,5.21600008010864,0.0,11.932,0.197,0.0,0,107.265266418457,0,1750430,false,281.985233306885,0.0,0.0,0.009,0.0,7
moving_surface,24,16.211,5.09499979019165,0.0,11.932,0.197,0.0,0,107.265266418457,0,1750430,false,281.985233306885,0.0,0.0,0.007,0.0,7
moving_surface,25,17.682,5.25500011444092,0.0,11.932,0.197,0.0,0,107.265266418457,0,1750430,false,281.985233306885,0.0,0.0,0.01,0.0,7
moving_surface,26,15.598,4.69399976730347,0.0,11.932,0.197,0.0,0,107.265266418457,0,1750430,false,281.985233306885,0.0,0.0,0.007,0.0,7
moving_surface,27,18.332,5.40299987792969,0.0,11.932,0.197,0.0,0,107.265266418457,0,1750430,false,281.985233306885,0.0,0.0,0.017,0.0,7
moving_surface,28,18.019,5.40199995040894,0.0,11.932,0.197,0.0,0,107.265266418457,0,1750430,false,281.992111206055,0.0,0.0,0.013,0.0,7
moving_surface,29,16.175,4.78299999237061,0.0,11.932,0.197,0.0,0,107.265266418457,0,1750430,false,281.992042541504,0.0,0.0,0.012,0.0,7
moving_surface,30,14.384,5.17999982833862,0.0,11.932,0.197,0.0,0,107.265266418457,0,1750430,false,281.992042541504,0.0,0.0,0.006,0.0,7
moving_surface,31,17.043,5.43200016021729,0.0,11.932,0.197,0.0,0,107.265266418457,0,1750430,false,281.992042541504,0.0,0.0,0.006,0.0,7
moving_surface,32,15.897,4.75099992752075,0.0,11.932,0.197,0.0,0,107.265266418457,0,1750430,false,281.992042541504,0.0,0.0,0.006,0.0,7
moving_surface,33,16.52,4.77400016784668,0.0,11.932,0.197,0.0,0,107.265266418457,0,1750430,false,281.992038726807,0.0,0.0,0.008,0.0,7
moving_surface,34,17.076,4.77699995040894,0.0,11.932,0.197,0.0,0,107.265266418457,0,1750430,false,281.992042541504,0.0,0.0,0.01,0.0,7
moving_surface,35,19.276,5.10500001907349,0.0,11.932,0.197,0.0,0,107.265266418457,0,1750430,false,281.998210906982,0.0,0.0,0.009,0.0,7
moving_surface,36,13.727,4.73099994659424,0.0,11.932,0.197,0.0,0,107.265266418457,0,1750430,false,281.998210906982,0.0,0.0,0.008,0.0,7
moving_surface,37,17.738,5.91499996185303,0.0,11.932,0.197,0.0,0,107.265266418457,0,1750430,false,281.998210906982,0.0,0.0,0.009,0.0,7
moving_surface,38,16.332,5.05600023269653,0.0,11.932,0.197,0.0,0,107.265266418457,0,1750430,false,281.998210906982,0.0,0.0,0.011,0.0,7
moving_surface,39,16.297,4.79400014877319,0.0,11.932,0.197,0.0,0,107.265266418457,0,1750430,false,281.998416900635,0.0,0.0,0.011,0.0,7
moving_surface,40,17.604,5.48000001907349,0.0,11.932,0.197,0.0,0,107.265266418457,0,1750430,false,281.998210906982,0.0,0.0,0.013,0.0,7
moving_surface,41,16.256,5.20599985122681,0.0,11.932,0.197,0.0,0,107.265266418457,0,1750430,false,281.998210906982,0.0,0.0,0.012,0.0,7
moving_surface,42,17.67,4.73299980163574,0.0,11.932,0.197,0.0,0,107.265266418457,0,1750430,false,282.005336761475,0.0,0.0,0.007,0.0,7
moving_surface,43,15.539,4.78599977493286,0.0,11.932,0.197,0.0,0,107.265266418457,0,1750430,false,282.005340576172,0.0,0.0,0.008,0.0,7
moving_surface,44,16.963,5.23299980163574,0.0,11.932,0.197,0.0,0,107.265266418457,0,1750430,false,282.005409240723,0.0,0.0,0.009,0.0,7
moving_surface,45,16.119,5.20499992370605,0.0,11.932,0.197,0.0,0,107.265266418457,0,1750430,false,282.005340576172,0.0,0.0,0.011,0.0,7
moving_surface,46,16.674,5.03000020980835,0.0,11.932,0.197,0.0,0,107.265266418457,0,1750430,false,282.005340576172,0.0,0.0,0.009,0.0,7
moving_surface,47,17.91,5.63000011444092,0.0,11.932,0.197,0.0,0,107.265266418457,0,1750430,false,282.004909515381,0.0,0.0,0.008,0.0,7
moving_surface,48,15.95,5.60900020599365,0.0,11.932,0.197,0.0,0,107.265266418457,0,1750430,false,282.004909515381,0.0,0.0,0.01,0.0,7
moving_surface,49,19.302,5.25699996948242,0.0,11.932,0.197,0.0,0,107.265266418457,0,1750430,false,282.011081695557,0.0,0.0,0.009,0.0,7
moving_surface,50,13.343,4.76999998092651,0.0,11.932,0.197,0.0,0,107.265266418457,0,1750430,false,282.011081695557,0.0,0.0,0.011,0.0,7
moving_surface,51,17.303,5.375,0.0,11.932,0.197,0.0,0,107.265266418457,0,1750430,false,282.011039733887,0.0,0.0,0.012,0.0,7
moving_surface,52,16.806,5.33099985122681,0.0,11.932,0.197,0.0,0,107.265266418457,0,1750430,false,282.011081695557,0.0,0.0,0.011,0.0,7
moving_surface,53,16.531,5.44000005722046,0.0,11.932,0.197,0.0,0,107.265266418457,0,1750430,false,282.011081695557,0.0,0.0,0.012,0.0,7
moving_surface,54,16.556,4.7350001335144,0.0,11.932,0.197,0.0,0,107.265266418457,0,1750430,false,282.011077880859,0.0,0.0,0.012,0.0,7
moving_surface,55,16.954,4.82000017166138,0.0,11.932,0.197,0.0,0,107.265266418457,0,1750430,false,282.011081695557,0.0,0.0,0.01,0.0,7
moving_surface,56,19.32,5.30200004577637,0.0,11.932,0.197,0.0,0,107.265266418457,0,1750430,false,282.017246246338,0.0,0.0,0.011,0.0,7
moving_surface,57,13.539,5.10099983215332,0.0,11.932,0.197,0.0,0,107.265266418457,0,1750430,false,282.017250061035,0.0,0.0,0.011,0.0,7
moving_surface,58,16.695,4.74599981307983,0.0,11.932,0.197,0.0,0,107.265266418457,0,1750430,false,282.017250061035,0.0,0.0,0.009,0.0,7
moving_surface,59,17.15,5.66900014877319,0.0,11.932,0.197,0.0,0,107.265266418457,0,1750430,false,282.017246246338,0.0,0.0,0.012,0.0,7
moving_surface,60,17.052,5.47200012207031,0.0,11.932,0.197,0.0,0,107.265266418457,0,1750430,false,282.017318725586,0.0,0.0,0.01,0.0,7
moving_surface,61,16.06,5.26800012588501,0.0,11.932,0.197,0.0,0,107.265266418457,0,1750430,false,282.017246246338,0.0,0.0,0.013,0.0,7
moving_surface,62,16.401,4.80399990081787,0.0,11.932,0.197,0.0,0,107.265266418457,0,1750430,false,282.017250061035,0.0,0.0,0.01,0.0,7
moving_surface,63,19.096,5.31400012969971,0.0,11.932,0.197,0.0,0,107.265266418457,0,1750430,false,282.024837493896,0.0,0.0,0.009,0.0,7
moving_surface,64,14.403,5.72300004959106,0.0,11.932,0.197,0.0,0,107.265266418457,0,1750430,false,282.024227142334,0.0,0.0,0.009,0.0,7
moving_surface,65,16.937,5.30499982833862,0.0,11.932,0.197,0.0,0,107.265266418457,0,1750430,false,282.024227142334,0.0,0.0,0.012,0.0,7
moving_surface,66,16.574,5.2350001335144,0.0,11.932,0.197,0.0,0,107.265266418457,0,1750430,false,282.024223327637,0.0,0.0,0.012,0.0,7
moving_surface,67,18.422,4.84299993515015,0.0,11.932,0.197,0.0,0,107.265266418457,0,1750430,false,282.024227142334,0.0,0.0,0.012,0.0,7
moving_surface,68,14.962,5.51000022888184,0.0,11.932,0.197,0.0,0,107.265266418457,0,1750430,false,282.024227142334,0.0,0.0,0.012,0.0,7
moving_surface,69,16.254,5.25299978256226,0.0,11.932,0.197,0.0,0,107.265266418457,0,1750430,false,282.024227142334,0.0,0.0,0.011,0.0,7
moving_surface,70,18.105,4.75600004196167,0.0,11.932,0.197,0.0,0,107.265266418457,0,1750430,false,282.030395507813,0.0,0.0,0.008,0.0,7
moving_surface,71,16.242,5.30900001525879,0.0,11.932,0.197,0.0,0,107.265266418457,0,1750430,false,282.030395507813,0.0,0.0,0.012,0.0,7
moving_surface,72,15.479,5.29300022125244,0.0,11.932,0.197,0.0,0,107.265266418457,0,1750430,false,282.030395507813,0.0,0.0,0.012,0.0,7
moving_surface,73,16.691,5.27699995040894,0.0,11.932,0.197,0.0,0,107.265266418457,0,1750430,false,282.030395507813,0.0,0.0,0.008,0.0,7
moving_surface,74,16.647,4.76900005340576,0.0,11.932,0.197,0.0,0,107.265266418457,0,1750430,false,282.030395507813,0.0,0.0,0.012,0.0,7
moving_surface,75,17.233,5.33199977874756,0.0,11.932,0.197,0.0,0,107.265266418457,0,1750430,false,282.030395507813,0.0,0.0,0.013,0.0,7
moving_surface,76,17.017,5.53000020980835,0.0,11.932,0.197,0.0,0,107.265266418457,0,1750430,false,282.030464172363,0.0,0.0,0.013,0.0,7
moving_surface,77,18.651,5.28200006484985,0.0,11.932,0.197,0.0,0,107.265266418457,0,1750430,false,282.036563873291,0.0,0.0,0.012,0.0,7
moving_surface,78,13.703,4.78800010681152,0.0,11.932,0.197,0.0,0,107.265266418457,0,1750430,false,282.036563873291,0.0,0.0,0.009,0.0,7
moving_surface,79,16.645,5.17199993133545,0.0,11.932,0.197,0.0,0,107.265266418457,0,1750430,false,282.036563873291,0.0,0.0,0.01,0.0,7
moving_surface,80,17.084,5.30700016021729,0.0,11.932,0.197,0.0,0,107.265266418457,0,1750430,false,282.036563873291,0.0,0.0,0.008,0.0,7
moving_surface,81,15.774,4.96299982070923,0.0,11.932,0.197,0.0,0,107.265266418457,0,1750430,false,282.036563873291,0.0,0.0,0.007,0.0,7
moving_surface,82,17.309,5.08900022506714,0.0,11.932,0.197,0.0,0,107.265266418457,0,1750430,false,282.036563873291,0.0,0.0,0.008,0.0,7
moving_surface,83,16.678,4.83699989318848,0.0,11.932,0.197,0.0,0,107.265266418457,0,1750430,false,282.036563873291,0.0,0.0,0.011,0.0,7
moving_surface,84,18.53,4.85599994659424,0.0,11.932,0.197,0.0,0,107.265266418457,0,1750430,false,282.042728424072,0.0,0.0,0.013,0.0,7
moving_surface,85,13.939,4.83300018310547,0.0,11.932,0.197,0.0,0,107.265266418457,0,1750430,false,282.04273223877,0.0,0.0,0.007,0.0,7
moving_surface,86,17.76,5.48699998855591,0.0,11.932,0.197,0.0,0,107.265266418457,0,1750430,false,282.042728424072,0.0,0.0,0.01,0.0,7
moving_surface,87,17.013,5.35500001907349,0.0,11.932,0.197,0.0,0,107.265266418457,0,1750430,false,282.04273223877,0.0,0.0,0.012,0.0,7
moving_surface,88,16.497,5.51100015640259,0.0,11.932,0.197,0.0,0,107.265266418457,0,1750430,false,282.04273223877,0.0,0.0,0.012,0.0,7
moving_surface,89,16.39,5.2979998588562,0.0,11.932,0.197,0.0,0,107.265266418457,0,1750430,false,282.042724609375,0.0,0.0,0.012,0.0,7
moving_surface,90,17.159,5.55700016021729,0.0,11.932,0.197,0.0,0,107.265266418457,0,1750430,false,282.04273223877,0.0,0.0,0.011,0.0,7
moving_surface,91,19.422,5.31899976730347,0.0,11.932,0.197,0.0,0,107.265266418457,0,1750430,false,282.048900604248,0.0,0.0,0.012,0.0,7
moving_surface,92,14.415,5.52099990844727,0.0,11.932,0.197,0.0,0,107.265266418457,0,1750430,false,282.042327880859,0.0,0.0,0.012,0.0,7
moving_surface,93,15.853,5.29699993133545,0.0,11.932,0.197,0.0,0,107.265266418457,0,1750430,false,282.042259216309,0.0,0.0,0.012,0.0,7
moving_surface,94,17.018,5.44199991226196,0.0,11.932,0.197,0.0,0,107.265266418457,0,1750430,false,282.044410705566,0.0,0.0,0.012,0.0,7
moving_surface,95,16.351,5.5,0.0,11.932,0.197,0.0,0,107.265266418457,0,1750430,false,282.044361114502,0.0,0.0,0.011,0.0,7
moving_surface,96,16.884,5.5460000038147,0.0,11.932,0.197,0.0,0,107.265266418457,0,1750430,false,282.044406890869,0.0,0.0,0.012,0.0,7
moving_surface,97,16.239,4.89599990844727,0.0,11.932,0.197,0.0,0,107.265266418457,0,1750430,false,282.044410705566,0.0,0.0,0.012,0.0,7
moving_surface,98,19.502,5.2039999961853,0.0,11.932,0.197,0.0,0,107.265266418457,0,1750430,false,282.050575256348,0.0,0.0,0.012,0.0,7
moving_surface,99,13.661,4.92000007629395,0.0,11.932,0.197,0.0,0,107.265266418457,0,1750430,false,282.050579071045,0.0,0.0,0.011,0.0,7
moving_surface,100,17.279,5.38800001144409,0.0,11.932,0.197,0.0,0,107.265266418457,0,1750430,false,282.050582885742,0.0,0.0,0.012,0.0,7
moving_surface,101,17.024,5.36499977111816,0.0,11.932,0.197,0.0,0,107.265266418457,0,1750430,false,282.050582885742,0.0,0.0,0.012,0.0,7
moving_surface,102,16.323,5.31199979782104,0.0,11.932,0.197,0.0,0,107.265266418457,0,1750430,false,282.050582885742,0.0,0.0,0.012,0.0,7
moving_surface,103,16.511,5.60099983215332,0.0,11.932,0.197,0.0,0,107.265266418457,0,1750430,false,282.050582885742,0.0,0.0,0.012,0.0,7
moving_surface,104,15.887,4.86299991607666,0.0,11.932,0.197,0.0,0,107.265266418457,0,1750430,false,282.050582885742,0.0,0.0,0.008,0.0,7
moving_surface,105,19.505,5.36600017547607,0.0,11.932,0.197,0.0,0,107.265266418457,0,1750430,false,282.056751251221,0.0,0.0,0.01,0.0,7
moving_surface,106,14.912,5.35500001907349,0.0,11.932,0.197,0.0,0,107.265266418457,0,1750430,false,282.056751251221,0.0,0.0,0.012,0.0,7
moving_surface,107,16.806,5.45499992370605,0.0,11.932,0.197,0.0,0,107.265266418457,0,1750430,false,282.056751251221,0.0,0.0,0.012,0.0,7
moving_surface,108,16.918,5.61999988555908,0.0,11.932,0.197,0.0,0,107.265266418457,0,1750430,false,282.056819915771,0.0,0.0,0.012,0.0,7
moving_surface,109,16.077,5.38000011444092,0.0,11.932,0.197,0.0,0,107.265266418457,0,1750430,false,282.056262969971,0.0,0.0,0.012,0.0,7
moving_surface,110,16.838,5.38199996948242,0.0,11.932,0.197,0.0,0,107.265266418457,0,1750430,false,282.056262969971,0.0,0.0,0.012,0.0,7
moving_surface,111,16.994,5.59299993515015,0.0,11.932,0.197,0.0,0,107.265266418457,0,1750430,false,282.056262969971,0.0,0.0,0.013,0.0,7
moving_surface,112,20.079,5.73099994659424,0.0,11.932,0.197,0.0,0,107.265266418457,0,1750430,false,282.062431335449,0.0,0.0,0.015,0.0,7
moving_surface,113,13.018,5.38600015640259,0.0,11.932,0.197,0.0,0,107.265266418457,0,1750430,false,282.062431335449,0.0,0.0,0.046,0.0,7
moving_surface,114,17.069,5.63899993896484,0.0,11.932,0.197,0.0,0,107.265266418457,0,1750430,false,282.062431335449,0.0,0.0,0.013,0.0,7
moving_surface,115,16.216,5.57499980926514,0.0,11.932,0.197,0.0,0,107.265266418457,0,1750430,false,282.062431335449,0.0,0.0,0.012,0.0,7
moving_surface,116,17.318,5.53999996185303,0.0,11.932,0.197,0.0,0,107.265266418457,0,1750430,false,282.062431335449,0.0,0.0,0.012,0.0,7
moving_surface,117,15.736,5.37200021743774,0.0,11.932,0.197,0.0,0,107.265266418457,0,1750430,false,282.062431335449,0.0,0.0,0.011,0.0,7
moving_surface,118,17.0,5.64099979400635,0.0,11.932,0.197,0.0,0,107.265266418457,0,1750430,false,282.062423706055,0.0,0.0,0.012,0.0,7
moving_surface,119,19.272,5.4229998588562,0.0,11.932,0.197,0.0,0,107.265266418457,0,1750430,false,282.06859588623,0.0,0.0,0.011,0.0,7
moving_surface,120,13.23,4.92799997329712,0.0,11.932,0.197,0.0,0,107.265266418457,0,1750430,false,282.06859588623,0.0,0.0,0.01,0.0,7
moving_surface,121,17.297,5.41599988937378,0.0,11.932,0.197,0.0,0,107.265266418457,0,1750430,false,282.068599700928,0.0,0.0,0.012,0.0,7
moving_surface,122,17.225,5.3600001335144,0.0,11.932,0.197,0.0,0,107.265266418457,0,1750430,false,282.06859588623,0.0,0.0,0.012,0.0,7
moving_surface,123,16.091,5.42000007629395,0.0,11.932,0.197,0.0,0,107.265266418457,0,1750430,false,282.068599700928,0.0,0.0,0.013,0.0,7
moving_surface,124,17.67,5.7519998550415,0.0,11.932,0.197,0.0,0,107.265266418457,0,1750430,false,282.068660736084,0.0,0.0,0.013,0.0,7
moving_surface,125,15.774,5.52699995040894,0.0,11.932,0.197,0.0,0,107.265266418457,0,1750430,false,282.068599700928,0.0,0.0,0.013,0.0,7
moving_surface,126,19.453,5.50299978256226,0.0,11.932,0.197,0.0,0,107.265266418457,0,1750430,false,282.074768066406,0.0,0.0,0.014,0.0,7
moving_surface,127,14.127,5.43400001525879,0.0,11.932,0.197,0.0,0,107.265266418457,0,1750430,false,282.074768066406,0.0,0.0,0.014,0.0,7
moving_surface,128,16.65,5.44399976730347,0.0,11.932,0.197,0.0,0,107.265266418457,0,1750430,false,282.074764251709,0.0,0.0,0.012,0.0,7
moving_surface,129,16.842,5.5939998626709,0.0,11.932,0.197,0.0,0,107.265266418457,0,1750430,false,282.074764251709,0.0,0.0,0.012,0.0,7
moving_surface,130,16.248,5.39699983596802,0.0,11.932,0.197,0.0,0,107.265266418457,0,1750430,false,282.074768066406,0.0,0.0,0.012,0.0,7
moving_surface,131,16.742,5.59100008010864,0.0,11.932,0.197,0.0,0,107.265266418457,0,1750430,false,282.074768066406,0.0,0.0,0.012,0.0,7
moving_surface,132,16.541,5.64599990844727,0.0,11.932,0.197,0.0,0,107.265266418457,0,1750430,false,282.074768066406,0.0,0.0,0.011,0.0,7
moving_surface,133,19.724,5.55299997329712,0.0,11.932,0.197,0.0,0,107.265266418457,0,1750430,false,282.080936431885,0.0,0.0,0.013,0.0,7
moving_surface,134,13.779,5.54899978637695,0.0,11.932,0.197,0.0,0,107.265266418457,0,1750430,false,282.080936431885,0.0,0.0,0.011,0.0,7
moving_surface,135,16.195,5.27699995040894,0.0,11.932,0.197,0.0,0,107.265266418457,0,1750430,false,282.080936431885,0.0,0.0,0.01,0.0,7
moving_surface,136,16.658,5.42500019073486,0.0,11.932,0.197,0.0,0,107.265266418457,0,1750430,false,282.080936431885,0.0,0.0,0.006,0.0,7
moving_surface,137,16.092,4.9060001373291,0.0,11.932,0.197,0.0,0,107.265266418457,0,1750430,false,282.080932617188,0.0,0.0,0.007,0.0,7
moving_surface,138,16.675,4.86199998855591,0.0,11.932,0.197,0.0,0,107.265266418457,0,1750430,false,282.080936431885,0.0,0.0,0.012,0.0,7
moving_surface,139,17.186,5.43400001525879,0.0,11.932,0.197,0.0,0,107.265266418457,0,1750430,false,282.081119537354,0.0,0.0,0.009,0.0,7
moving_surface,140,20.549,5.65999984741211,0.0,11.932,0.197,0.0,0,107.265266418457,0,1750430,false,282.087356567383,0.0,0.0,0.011,0.0,7
moving_surface,141,12.635,5.36800003051758,0.0,11.932,0.197,0.0,0,107.265266418457,0,1750430,false,282.090492248535,0.0,0.0,0.008,0.0,7
moving_surface,142,16.883,4.8730001449585,0.0,11.932,0.197,0.0,0,107.265266418457,0,1750430,false,282.090488433838,0.0,0.0,0.013,0.0,7
moving_surface,143,17.022,5.43100023269653,0.0,11.932,0.197,0.0,0,107.265266418457,0,1750430,false,282.090492248535,0.0,0.0,0.012,0.0,7
moving_surface,144,16.626,5.40500020980835,0.0,11.932,0.197,0.0,0,107.265266418457,0,1750430,false,282.090492248535,0.0,0.0,0.013,0.0,7
moving_surface,145,16.759,5.53000020980835,0.0,11.932,0.197,0.0,0,107.265266418457,0,1750430,false,282.090492248535,0.0,0.0,0.011,0.0,7
moving_surface,146,16.5,5.35699987411499,0.0,11.932,0.197,0.0,0,107.265266418457,0,1750430,false,282.090484619141,0.0,0.0,0.013,0.0,7
moving_surface,147,19.394,5.4210000038147,0.0,11.932,0.197,0.0,0,107.265266418457,0,1750430,false,282.096656799316,0.0,0.0,0.012,0.0,7
moving_surface,148,14.415,5.58199977874756,0.0,11.932,0.197,0.0,0,107.265266418457,0,1750430,false,282.096660614014,0.0,0.0,0.013,0.0,7
moving_surface,149,16.204,5.54699993133545,0.0,11.932,0.197,0.0,0,107.265266418457,0,1750430,false,282.096660614014,0.0,0.0,0.011,0.0,7
moving_surface,150,17.162,5.71500015258789,0.0,11.932,0.197,0.0,0,107.265266418457,0,1750430,false,282.096660614014,0.0,0.0,0.013,0.0,7
moving_surface,151,16.121,5.57000017166138,0.0,11.932,0.197,0.0,0,107.265266418457,0,1750430,false,282.096660614014,0.0,0.0,0.011,0.0,7
moving_surface,152,16.599,5.65399980545044,0.0,11.932,0.197,0.0,0,107.265266418457,0,1750430,false,282.096660614014,0.0,0.0,0.011,0.0,7
moving_surface,153,17.471,5.79099988937378,0.0,11.932,0.197,0.0,0,107.265266418457,0,1750430,false,282.096660614014,0.0,0.0,0.009,0.0,7
moving_surface,154,19.123,5.57499980926514,0.0,11.932,0.197,0.0,0,107.265266418457,0,1750430,false,282.102828979492,0.0,0.0,0.017,0.0,7
moving_surface,155,13.924,5.62099981307983,0.0,11.932,0.197,0.0,0,107.265266418457,0,1750430,false,282.102828979492,0.0,0.0,0.012,0.0,7
moving_surface,156,16.427,5.33699989318848,0.0,11.932,0.197,0.0,0,107.265266418457,0,1750430,false,282.10228729248,0.0,0.0,0.012,0.0,7
moving_surface,157,15.933,4.8270001411438,0.0,11.932,0.197,0.0,0,107.265266418457,0,1750430,false,282.102214813232,0.0,0.0,0.012,0.0,7
moving_surface,158,17.059,4.80000019073486,0.0,11.932,0.197,0.0,0,107.265266418457,0,1750430,false,282.10221862793,0.0,0.0,0.012,0.0,7
moving_surface,159,16.618,4.86700010299683,0.0,11.932,0.197,0.0,0,107.265266418457,0,1750430,false,282.10221862793,0.0,0.0,0.014,0.0,7
moving_surface,160,17.705,5.83799982070923,0.0,11.932,0.197,0.0,0,107.265266418457,0,1750430,false,282.10221862793,0.0,0.0,0.013,0.0,7
moving_surface,161,18.587,5.2979998588562,0.0,11.932,0.197,0.0,0,107.265266418457,0,1750430,false,282.108383178711,0.0,0.0,0.012,0.0,7
moving_surface,162,13.901,5.40000009536743,0.0,11.932,0.197,0.0,0,107.265266418457,0,1750430,false,282.108386993408,0.0,0.0,0.013,0.0,7
moving_surface,163,16.845,5.32999992370605,0.0,11.932,0.197,0.0,0,107.265266418457,0,1750430,false,282.108539581299,0.0,0.0,0.013,0.0,7
moving_surface,164,15.976,5.34899997711182,0.0,11.932,0.197,0.0,0,107.265266418457,0,1750430,false,282.106132507324,0.0,0.0,0.013,0.0,7
moving_surface,165,15.954,4.81500005722046,0.0,11.932,0.197,0.0,0,107.265266418457,0,1750430,false,282.106132507324,0.0,0.0,0.008,0.0,7
moving_surface,166,17.639,5.26000022888184,0.0,11.932,0.197,0.0,0,107.265266418457,0,1750430,false,282.106132507324,0.0,0.0,0.011,0.0,7
moving_surface,167,16.736,4.88100004196167,0.0,11.932,0.197,0.0,0,107.265266418457,0,1750430,false,282.106132507324,0.0,0.0,0.011,0.0,7
moving_surface,168,18.732,5.50500011444092,0.0,11.932,0.197,0.0,0,107.265266418457,0,1750430,false,282.112300872803,0.0,0.0,0.012,0.0,7
moving_surface,169,14.864,5.51599979400635,0.0,11.932,0.197,0.0,0,107.265266418457,0,1750430,false,282.112300872803,0.0,0.0,0.011,0.0,7
moving_surface,170,17.104,5.66300010681152,0.0,11.932,0.197,0.0,0,107.265266418457,0,1750430,false,282.112300872803,0.0,0.0,0.012,0.0,7
moving_surface,171,16.004,5.17399978637695,0.0,11.932,0.197,0.0,0,107.265266418457,0,1750430,false,282.112300872803,0.0,0.0,0.013,0.0,7
moving_surface,172,17.409,5.55800008773804,0.0,11.932,0.197,0.0,0,107.265266418457,0,1750430,false,282.112369537354,0.0,0.0,0.012,0.0,7
moving_surface,173,16.432,5.83099985122681,0.0,11.932,0.197,0.0,0,107.265266418457,0,1750430,false,282.112300872803,0.0,0.0,0.011,0.0,7
moving_surface,174,16.594,5.22900009155273,0.0,11.932,0.197,0.0,0,107.265266418457,0,1750430,false,282.112300872803,0.0,0.0,0.012,0.0,7
moving_surface,175,19.816,5.50699996948242,0.0,11.932,0.197,0.0,0,107.265266418457,0,1750430,false,282.118469238281,0.0,0.0,0.012,0.0,7
moving_surface,176,13.671,5.28999996185303,0.0,11.932,0.197,0.0,0,107.265266418457,0,1750430,false,282.118469238281,0.0,0.0,0.012,0.0,7
moving_surface,177,16.254,5.25600004196167,0.0,11.932,0.197,0.0,0,107.265266418457,0,1750430,false,282.118469238281,0.0,0.0,0.011,0.0,7
moving_surface,178,16.701,5.21500015258789,0.0,11.932,0.197,0.0,0,107.265266418457,0,1750430,false,282.118469238281,0.0,0.0,0.012,0.0,7
moving_surface,179,16.554,5.30399990081787,0.0,11.932,0.197,0.0,0,107.265266418457,0,1750430,false,282.118469238281,0.0,0.0,0.012,0.0,7
moving_surface,180,16.953,5.27600002288818,0.0,11.932,0.197,0.0,0,107.265266418457,0,1750430,false,282.118469238281,0.0,0.0,0.013,0.0,7
moving_surface,181,16.452,5.26000022888184,0.0,11.932,0.197,0.0,0,107.265266418457,0,1750430,false,282.118469238281,0.0,0.0,0.012,0.0,7
moving_surface,182,19.373,5.14400005340576,0.0,11.932,0.197,0.0,0,107.265266418457,0,1750430,false,282.12463760376,0.0,0.0,0.011,0.0,7
moving_surface,183,13.601,5.17799997329712,0.0,11.932,0.197,0.0,0,107.265266418457,0,1750430,false,282.12463760376,0.0,0.0,0.011,0.0,7
moving_surface,184,16.494,5.26000022888184,0.0,11.932,0.197,0.0,0,107.265266418457,0,1750430,false,282.12463760376,0.0,0.0,0.011,0.0,7
moving_surface,185,17.164,5.28599977493286,0.0,11.932,0.197,0.0,0,107.265266418457,0,1750430,false,282.12463760376,0.0,0.0,0.013,0.0,7
moving_surface,186,16.523,4.7649998664856,0.0,11.932,0.197,0.0,0,107.265266418457,0,1750430,false,282.109279632568,0.0,0.0,0.012,0.0,7
moving_surface,187,16.423,4.8270001411438,0.0,11.932,0.197,0.0,0,107.265266418457,0,1750430,false,282.109706878662,0.0,0.0,0.011,0.0,7
moving_surface,188,17.288,5.26999998092651,0.0,11.932,0.197,0.0,0,107.265266418457,0,1750430,false,282.10977935791,0.0,0.0,0.012,0.0,7
moving_surface,189,18.819,5.25600004196167,0.0,11.932,0.197,0.0,0,107.265266418457,0,1750430,false,282.115879058838,0.0,0.0,0.012,0.0,7
moving_surface,190,13.814,4.78999996185303,0.0,11.932,0.197,0.0,0,107.265266418457,0,1750430,false,282.115879058838,0.0,0.0,0.013,0.0,7
moving_surface,191,17.266,5.5,0.0,11.932,0.197,0.0,0,107.265266418457,0,1750430,false,282.115829467773,0.0,0.0,0.012,0.0,7
moving_surface,192,16.355,5.26999998092651,0.0,11.932,0.197,0.0,0,107.265266418457,0,1750430,false,282.115879058838,0.0,0.0,0.012,0.0,7
moving_surface,193,16.687,5.41300010681152,0.0,11.932,0.197,0.0,0,107.265266418457,0,1750430,false,282.115879058838,0.0,0.0,0.01,0.0,7
moving_surface,194,16.762,5.24499988555908,0.0,11.932,0.197,0.0,0,107.265266418457,0,1750430,false,282.115879058838,0.0,0.0,0.013,0.0,7
moving_surface,195,16.059,4.83199977874756,0.0,11.932,0.197,0.0,0,107.265266418457,0,1750430,false,282.115879058838,0.0,0.0,0.012,0.0,7
moving_surface,196,20.076,5.85799980163574,0.0,11.932,0.197,0.0,0,107.265266418457,0,1750430,false,282.122047424316,0.0,0.0,0.012,0.0,7
moving_surface,197,14.03,5.38800001144409,0.0,11.932,0.197,0.0,0,107.265266418457,0,1750430,false,282.122043609619,0.0,0.0,0.01,0.0,7
moving_surface,198,15.725,4.76599979400635,0.0,11.932,0.197,0.0,0,107.265266418457,0,1750430,false,282.122047424316,0.0,0.0,0.01,0.0,7
moving_surface,199,17.294,5.27199983596802,0.0,11.932,0.197,0.0,0,107.265266418457,0,1750430,false,282.122047424316,0.0,0.0,0.012,0.0,7
moving_surface,200,16.799,5.44099998474121,0.0,11.932,0.197,0.0,0,107.265266418457,0,1750430,false,282.122047424316,0.0,0.0,0.012,0.0,7
moving_surface,201,16.562,5.09000015258789,0.0,11.932,0.197,0.0,0,107.265266418457,0,1750430,false,282.122047424316,0.0,0.0,0.008,0.0,7
moving_surface,202,17.133,5.58699989318848,0.0,11.932,0.197,0.0,0,107.265266418457,0,1750430,false,282.122047424316,0.0,0.0,0.009,0.0,7
moving_surface,203,18.087,5.46199989318848,0.0,11.932,0.197,0.0,0,107.265266418457,0,1750430,false,282.128215789795,0.0,0.0,0.007,0.0,7
moving_surface,204,14.482,5.23899984359741,0.0,11.932,0.197,0.0,0,107.265266418457,0,1750430,false,282.127552032471,0.0,0.0,0.006,0.0,7
moving_surface,205,18.271,5.62099981307983,0.0,11.932,0.197,0.0,0,107.265266418457,0,1750430,false,282.12748336792,0.0,0.0,0.012,0.0,7
moving_surface,206,15.817,5.7020001411438,0.0,11.932,0.197,0.0,0,107.265266418457,0,1750430,false,282.127479553223,0.0,0.0,0.012,0.0,7
moving_surface,207,16.534,5.2649998664856,0.0,11.932,0.197,0.0,0,107.265266418457,0,1750430,false,282.127479553223,0.0,0.0,0.013,0.0,7
moving_surface,208,16.789,5.27299976348877,0.0,11.932,0.197,0.0,0,107.265266418457,0,1750430,false,282.12748336792,0.0,0.0,0.012,0.0,7
moving_surface,209,15.606,4.81500005722046,0.0,11.932,0.197,0.0,0,107.265266418457,0,1750430,false,282.12748336792,0.0,0.0,0.011,0.0,7
moving_surface,210,20.015,4.73000001907349,0.0,11.932,0.197,0.0,0,107.265266418457,0,1750430,false,282.133651733398,0.0,0.0,0.01,0.0,7
moving_surface,211,13.794,5.69199991226196,0.0,11.932,0.197,0.0,0,107.265266418457,0,1750430,false,282.138458251953,0.0,0.0,0.007,0.0,7
moving_surface,212,16.109,5.1230001449585,0.0,11.932,0.197,0.0,0,107.265266418457,0,1750430,false,282.138454437256,0.0,0.0,0.007,0.0,7
moving_surface,213,16.285,5.06699991226196,0.0,11.932,0.197,0.0,0,107.265266418457,0,1750430,false,282.138458251953,0.0,0.0,0.006,0.0,7
moving_surface,214,16.844,4.77400016784668,0.0,11.932,0.197,0.0,0,107.265266418457,0,1750430,false,282.138458251953,0.0,0.0,0.006,0.0,7
moving_surface,215,16.704,4.70300006866455,0.0,11.932,0.197,0.0,0,107.265266418457,0,1750430,false,282.138458251953,0.0,0.0,0.007,0.0,7
moving_surface,216,17.008,5.31500005722046,0.0,11.932,0.197,0.0,0,107.265266418457,0,1750430,false,282.138458251953,0.0,0.0,0.007,0.0,7
moving_surface,217,18.025,5.27299976348877,0.0,11.932,0.197,0.0,0,107.265266418457,0,1750430,false,282.144626617432,0.0,0.0,0.007,0.0,7
moving_surface,218,14.979,4.80100011825562,0.0,11.932,0.197,0.0,0,107.265266418457,0,1750430,false,282.144626617432,0.0,0.0,0.008,0.0,7
moving_surface,219,16.446,4.79300022125244,0.0,11.932,0.197,0.0,0,107.265266418457,0,1750430,false,282.144626617432,0.0,0.0,0.006,0.0,7
moving_surface,220,17.013,4.79500007629395,0.0,11.932,0.197,0.0,0,107.265266418457,0,1750430,false,282.144695281982,0.0,0.0,0.007,0.0,7
moving_surface,221,16.254,4.7649998664856,0.0,11.932,0.197,0.0,0,107.265266418457,0,1750430,false,282.144622802734,0.0,0.0,0.007,0.0,7
moving_surface,222,16.736,4.70100021362305,0.0,11.932,0.197,0.0,0,107.265266418457,0,1750430,false,282.144626617432,0.0,0.0,0.007,0.0,7
moving_surface,223,16.854,4.93400001525879,0.0,11.932,0.197,0.0,0,107.265266418457,0,1750430,false,282.144626617432,0.0,0.0,0.006,0.0,7
moving_surface,224,18.028,5.0,0.0,11.932,0.197,0.0,0,107.265266418457,0,1750430,false,282.150745391846,0.0,0.0,0.007,0.0,7
moving_surface,225,15.104,4.73199987411499,0.0,11.932,0.197,0.0,0,107.265266418457,0,1750430,false,282.15079498291,0.0,0.0,0.006,0.0,7
moving_surface,226,16.619,4.75899982452393,0.0,11.932,0.197,0.0,0,107.265266418457,0,1750430,false,282.15079498291,0.0,0.0,0.007,0.0,7
moving_surface,227,16.761,4.85900020599365,0.0,11.932,0.197,0.0,0,107.265266418457,0,1750430,false,282.15079498291,0.0,0.0,0.006,0.0,7
moving_surface,228,17.074,5.27400016784668,0.0,11.932,0.197,0.0,0,107.265266418457,0,1750430,false,282.15079498291,0.0,0.0,0.006,0.0,7
moving_surface,229,16.351,4.90500020980835,0.0,11.932,0.197,0.0,0,107.265266418457,0,1750430,false,282.15079498291,0.0,0.0,0.008,0.0,7
moving_surface,230,16.681,4.86899995803833,0.0,11.932,0.197,0.0,0,107.265266418457,0,1750430,false,282.15079498291,0.0,0.0,0.006,0.0,7
moving_surface,231,18.031,4.92500019073486,0.0,11.932,0.197,0.0,0,107.265266418457,0,1750430,false,282.156963348389,0.0,0.0,0.006,0.0,7
moving_surface,232,15.135,4.78800010681152,0.0,11.932,0.197,0.0,0,107.265266418457,0,1750430,false,282.156963348389,0.0,0.0,0.007,0.0,7
moving_surface,233,16.787,4.91300010681152,0.0,11.932,0.197,0.0,0,107.265266418457,0,1750430,false,282.156963348389,0.0,0.0,0.007,0.0,7
moving_surface,234,16.511,4.77099990844727,0.0,11.932,0.197,0.0,0,107.265266418457,0,1750430,false,282.156963348389,0.0,0.0,0.006,0.0,7
moving_surface,235,16.758,4.7020001411438,0.0,11.932,0.197,0.0,0,107.265266418457,0,1750430,false,282.156959533691,0.0,0.0,0.007,0.0,7
moving_surface,236,16.796,4.81599998474121,0.0,11.932,0.197,0.0,0,107.265266418457,0,1750430,false,282.157032012939,0.0,0.0,0.006,0.0,7
moving_surface,237,16.479,4.90700006484985,0.0,11.932,0.197,0.0,0,107.265266418457,0,1750430,false,282.157573699951,0.0,0.0,0.007,0.0,7
moving_surface,238,18.15,4.7810001373291,0.0,11.932,0.197,0.0,0,107.265266418457,0,1750430,false,282.163734436035,0.0,0.0,0.007,0.0,7
moving_surface,239,15.053,4.78999996185303,0.0,11.932,0.197,0.0,0,107.265266418457,0,1750430,false,282.16374206543,0.0,0.0,0.007,0.0,7
moving_surface,240,16.589,4.80100011825562,0.0,11.932,0.197,0.0,0,107.265266418457,0,1750430,false,282.16374206543,0.0,0.0,0.007,0.0,7
moving_surface,241,16.846,4.73899984359741,0.0,11.932,0.197,0.0,0,107.265266418457,0,1750430,false,282.16374206543,0.0,0.0,0.007,0.0,7
moving_surface,242,16.809,4.86399984359741,0.0,11.932,0.197,0.0,0,107.265266418457,0,1750430,false,282.16374206543,0.0,0.0,0.007,0.0,7
moving_surface,243,17.721,5.25099992752075,0.0,11.932,0.197,0.0,0,107.265266418457,0,1750430,false,282.16374206543,0.0,0.0,0.006,0.0,7
moving_surface,244,17.896,4.76599979400635,0.0,11.932,0.197,0.0,0,107.265266418457,0,1750430,false,282.16374206543,0.0,0.0,0.007,0.0,7
moving_surface,245,17.567,5.5460000038147,0.0,11.932,0.197,0.0,0,107.265266418457,0,1750430,false,282.169906616211,0.0,0.0,0.012,0.0,7
moving_surface,246,13.541,4.78000020980835,0.0,11.932,0.197,0.0,0,107.265266418457,0,1750430,false,282.169910430908,0.0,0.0,0.009,0.0,7
moving_surface,247,17.145,5.07299995422363,0.0,11.932,0.197,0.0,0,107.265266418457,0,1750430,false,282.169910430908,0.0,0.0,0.007,0.0,7
moving_surface,248,16.447,4.86999988555908,0.0,11.932,0.197,0.0,0,107.265266418457,0,1750430,false,282.169910430908,0.0,0.0,0.007,0.0,7
moving_surface,249,16.391,5.11700010299683,0.0,11.932,0.197,0.0,0,107.265266418457,0,1750430,false,282.169910430908,0.0,0.0,0.007,0.0,7
moving_surface,250,17.019,5.13800001144409,0.0,11.932,0.197,0.0,0,107.265266418457,0,1750430,false,282.169910430908,0.0,0.0,0.007,0.0,7
moving_surface,251,16.612,5.06899976730347,0.0,11.932,0.197,0.0,0,107.265266418457,0,1750430,false,282.169910430908,0.0,0.0,0.006,0.0,7
moving_surface,252,19.109,4.71400022506714,0.0,11.932,0.197,0.0,0,107.265266418457,0,1750430,false,282.176147460938,0.0,0.0,0.007,0.0,7
moving_surface,253,15.297,5.09700012207031,0.0,11.932,0.197,0.0,0,107.265266418457,0,1750430,false,282.176078796387,0.0,0.0,0.01,0.0,7
moving_surface,254,16.298,5.25,0.0,11.932,0.197,0.0,0,107.265266418457,0,1750430,false,282.17497253418,0.0,0.0,0.009,0.0,7
moving_surface,255,16.344,5.23699998855591,0.0,11.932,0.197,0.0,0,107.265266418457,0,1750430,false,282.175018310547,0.0,0.0,0.007,0.0,7
moving_surface,256,16.323,4.72300004959106,0.0,11.932,0.197,0.0,0,107.265266418457,0,1750430,false,282.175018310547,0.0,0.0,0.007,0.0,7
moving_surface,257,17.042,4.18200016021729,0.0,11.932,0.197,0.0,0,107.265266418457,0,1750430,false,282.175018310547,0.0,0.0,0.007,0.0,7
moving_surface,258,16.162,5.10300016403198,0.0,11.932,0.197,0.0,0,107.265266418457,0,1750430,false,282.175018310547,0.0,0.0,0.006,0.0,7
moving_surface,259,18.065,5.22499990463257,0.0,11.932,0.197,0.0,0,107.265266418457,0,1750430,false,282.181186676025,0.0,0.0,0.007,0.0,7
moving_surface,260,15.227,4.70300006866455,0.0,11.932,0.197,0.0,0,107.265266418457,0,1750430,false,282.181186676025,0.0,0.0,0.007,0.0,7
moving_surface,261,16.542,4.80100011825562,0.0,11.932,0.197,0.0,0,107.265266418457,0,1750430,false,282.181186676025,0.0,0.0,0.008,0.0,7
moving_surface,262,17.245,4.83900022506714,0.0,11.932,0.197,0.0,0,107.265266418457,0,1750430,false,282.181186676025,0.0,0.0,0.014,0.0,7
moving_surface,263,17.383,5.23699998855591,0.0,11.932,0.197,0.0,0,107.265266418457,0,1750430,false,282.181186676025,0.0,0.0,0.013,0.0,7
moving_surface,264,17.143,5.58400011062622,0.0,11.932,0.197,0.0,0,107.265266418457,0,1750430,false,282.181186676025,0.0,0.0,0.167,0.0,7
moving_surface,265,15.88,5.57100009918213,0.0,11.932,0.197,0.0,0,107.265266418457,0,1750430,false,282.181182861328,0.0,0.0,0.012,0.0,7
moving_surface,266,19.417,5.84899997711182,0.0,11.932,0.197,0.0,0,107.265266418457,0,1750430,false,282.187355041504,0.0,0.0,0.012,0.0,7
moving_surface,267,14.196,5.46400022506714,0.0,11.932,0.197,0.0,0,107.265266418457,0,1750430,false,282.187355041504,0.0,0.0,0.012,0.0,7
moving_surface,268,17.672,5.67899990081787,0.0,11.932,0.197,0.0,0,107.265266418457,0,1750430,false,282.187423706055,0.0,0.0,0.013,0.0,7
moving_surface,269,15.478,5.69299983978271,0.0,11.932,0.197,0.0,0,107.265266418457,0,1750430,false,282.187355041504,0.0,0.0,0.009,0.0,7
moving_surface,270,16.747,5.70499992370605,0.0,11.932,0.197,0.0,0,107.265266418457,0,1750430,false,282.187355041504,0.0,0.0,0.008,0.0,7
moving_surface,271,16.093,5.45300006866455,0.0,11.932,0.197,0.0,0,107.265266418457,0,1750430,false,282.187355041504,0.0,0.0,0.006,0.0,7
moving_surface,272,16.434,4.91400003433228,0.0,11.932,0.197,0.0,0,107.265266418457,0,1750430,false,282.187355041504,0.0,0.0,0.008,0.0,7
moving_surface,273,19.462,4.33199977874756,0.0,11.932,0.197,0.0,0,107.265266418457,0,1750430,false,282.193523406982,0.0,0.0,0.006,0.0,7
moving_surface,274,14.321,5.00099992752075,0.0,11.932,0.197,0.0,0,107.265266418457,0,1750430,false,282.193523406982,0.0,0.0,0.01,0.0,7
moving_surface,275,16.967,5.27600002288818,0.0,11.932,0.197,0.0,0,107.265266418457,0,1750430,false,282.193523406982,0.0,0.0,0.011,0.0,7
moving_surface,276,16.589,4.94500017166138,0.0,11.932,0.197,0.0,0,107.265266418457,0,1750430,false,282.193523406982,0.0,0.0,0.011,0.0,7
moving_surface,277,15.985,4.99900007247925,0.0,11.932,0.197,0.0,0,107.265266418457,0,1750430,false,282.193523406982,0.0,0.0,0.006,0.0,7
moving_surface,278,17.781,5.73899984359741,0.0,11.932,0.197,0.0,0,107.265266418457,0,1750430,false,282.193523406982,0.0,0.0,0.012,0.0,7
moving_surface,279,16.795,5.72900009155273,0.0,11.932,0.197,0.0,0,107.265266418457,0,1750430,false,282.193523406982,0.0,0.0,0.013,0.0,7
moving_surface,280,18.954,5.27500009536743,0.0,11.932,0.197,0.0,0,107.265266418457,0,1750430,false,282.199691772461,0.0,0.0,0.012,0.0,7
moving_surface,281,14.238,5.64699983596802,0.0,11.932,0.197,0.0,0,107.265266418457,0,1750430,false,282.199691772461,0.0,0.0,0.011,0.0,7
moving_surface,282,16.357,5.47399997711182,0.0,11.932,0.197,0.0,0,107.265266418457,0,1750430,false,282.199691772461,0.0,0.0,0.012,0.0,7
moving_surface,283,16.594,5.55200004577637,0.0,11.932,0.197,0.0,0,107.265266418457,0,1750430,false,282.199691772461,0.0,0.0,0.011,0.0,7
moving_surface,284,16.716,4.93900012969971,0.0,11.932,0.197,0.0,0,107.265266418457,0,1750430,false,282.199760437012,0.0,0.0,0.011,0.0,7
moving_surface,285,17.088,5.65100002288818,0.0,11.932,0.197,0.0,0,107.265266418457,0,1750430,false,282.199691772461,0.0,0.0,0.012,0.0,7
moving_surface,286,16.543,5.7020001411438,0.0,11.932,0.197,0.0,0,107.265266418457,0,1750430,false,282.199687957764,0.0,0.0,0.013,0.0,7
moving_surface,287,19.222,5.44700002670288,0.0,11.932,0.197,0.0,0,107.265266418457,0,1750430,false,282.205860137939,0.0,0.0,0.012,0.0,7
moving_surface,288,13.557,4.92899990081787,0.0,11.932,0.197,0.0,0,107.265266418457,0,1750430,false,282.205860137939,0.0,0.0,0.011,0.0,7
moving_surface,289,17.671,5.71099996566772,0.0,11.932,0.197,0.0,0,107.265266418457,0,1750430,false,282.199279785156,0.0,0.0,0.012,0.0,7
moving_surface,290,15.684,5.47499990463257,0.0,11.932,0.197,0.0,0,107.265266418457,0,1750430,false,282.199645996094,0.0,0.0,0.012,0.0,7
moving_surface,291,16.574,4.94600009918213,0.0,11.932,0.197,0.0,0,107.265266418457,0,1750430,false,282.199645996094,0.0,0.0,0.011,0.0,7
moving_surface,292,17.45,5.64200019836426,0.0,11.932,0.197,0.0,0,107.265266418457,0,1750430,false,282.199642181396,0.0,0.0,0.012,0.0,7
moving_surface,293,16.22,5.49599981307983,0.0,11.932,0.197,0.0,0,107.265266418457,0,1750430,false,282.199642181396,0.0,0.0,0.011,0.0,7
moving_surface,294,18.72,5.00899982452393,0.0,11.932,0.197,0.0,0,107.265266418457,0,1750430,false,282.205810546875,0.0,0.0,0.01,0.0,7
moving_surface,295,14.485,5.33699989318848,0.0,11.932,0.197,0.0,0,107.265266418457,0,1750430,false,282.205814361572,0.0,0.0,0.012,0.0,7
moving_surface,296,17.1,5.30600023269653,0.0,11.932,0.197,0.0,0,107.265266418457,0,1750430,false,282.205806732178,0.0,0.0,0.011,0.0,7
moving_surface,297,16.267,5.38199996948242,0.0,11.932,0.197,0.0,0,107.265266418457,0,1750430,false,282.205814361572,0.0,0.0,0.012,0.0,7
moving_surface,298,16.825,4.99700021743774,0.0,11.932,0.197,0.0,0,107.265266418457,0,1750430,false,282.205814361572,0.0,0.0,0.012,0.0,7
moving_surface,299,16.816,5.52699995040894,0.0,11.932,0.197,0.0,0,107.265266418457,0,1750430,false,282.205814361572,0.0,0.0,0.012,0.0,7
moving_surface,300,17.115,5.27699995040894,0.0,11.932,0.197,0.0,0,107.265266418457,0,1750430,false,282.205883026123,0.0,0.0,0.013,0.0,7
moving_surface,301,18.847,5.64499998092651,0.0,11.932,0.197,0.0,0,107.265266418457,0,1750430,false,282.211982727051,0.0,0.0,0.012,0.0,7
underground,1,14.947,3.73300004005432,0.0,52.487,0.039,0.0,0,130.220260620117,0,1715040,false,350.229463577271,0.0,0.0,0.006,0.0,8
underground,2,18.324,3.71300005912781,0.0,52.487,0.039,0.0,0,130.220260620117,0,1715040,false,350.236326217651,0.0,0.0,0.007,0.0,8
underground,3,14.895,3.84599995613098,0.0,52.487,0.039,0.0,0,130.220260620117,0,1715040,false,350.236371994019,0.0,0.0,0.007,0.0,8
underground,4,18.519,3.57800006866455,0.0,52.487,0.039,0.0,0,130.220260620117,0,1715040,false,350.236463546753,0.0,0.0,0.006,0.0,8
underground,5,15.868,4.01100015640259,0.0,52.487,0.039,0.0,0,130.220260620117,0,1715040,false,350.236463546753,0.0,0.0,0.011,0.0,8
underground,6,16.525,3.04500007629395,0.0,52.487,0.039,0.0,0,130.220260620117,0,1715040,false,350.236669540405,0.0,0.0,0.006,0.0,8
underground,7,17.007,4.30200004577637,0.0,52.487,0.039,0.0,0,130.220260620117,0,1715040,false,350.236600875854,0.0,0.0,0.008,0.0,8
underground,8,16.919,4.52600002288818,0.0,52.487,0.039,0.0,0,130.220260620117,0,1715040,false,350.236600875854,0.0,0.0,0.012,0.0,8
underground,9,18.935,3.68499994277954,0.0,52.487,0.039,0.0,0,130.220260620117,0,1715040,false,350.242952346802,0.0,0.0,0.007,0.0,8
underground,10,14.332,4.58799982070923,0.0,52.487,0.039,0.0,0,130.220260620117,0,1715040,false,350.242956161499,0.0,0.0,0.013,0.0,8
underground,11,15.489,3.62800002098084,0.0,52.487,0.039,0.0,0,130.220260620117,0,1715040,false,350.242956161499,0.0,0.0,0.012,0.0,8
underground,12,17.526,4.35699987411499,0.0,52.487,0.039,0.0,0,130.220260620117,0,1715040,false,350.242956161499,0.0,0.0,0.014,0.0,8
underground,13,15.92,3.57100009918213,0.0,52.487,0.039,0.0,0,130.220260620117,0,1715040,false,350.243227005005,0.0,0.0,0.006,0.0,8
underground,14,16.687,3.88800001144409,0.0,52.487,0.039,0.0,0,130.220260620117,0,1715040,false,350.243230819702,0.0,0.0,0.007,0.0,8
underground,15,16.76,3.70199990272522,0.0,52.487,0.039,0.0,0,130.220260620117,0,1715040,false,350.243227005005,0.0,0.0,0.007,0.0,8
underground,16,19.458,4.31799983978271,0.0,52.487,0.039,0.0,0,130.220260620117,0,1715040,false,350.249399185181,0.0,0.0,0.007,0.0,8
underground,17,14.052,3.58899998664856,0.0,52.487,0.039,0.0,0,130.220260620117,0,1715040,false,350.249399185181,0.0,0.0,0.008,0.0,8
underground,18,17.864,4.49499988555908,0.0,52.487,0.039,0.0,0,130.220260620117,0,1715040,false,350.249399185181,0.0,0.0,0.012,0.0,8
underground,19,15.87,4.2020001411438,0.0,52.487,0.039,0.0,0,130.220260620117,0,1715040,false,350.249803543091,0.0,0.0,0.01,0.0,8
underground,20,17.201,4.46400022506714,0.0,52.487,0.039,0.0,0,130.220260620117,0,1715040,false,350.249811172485,0.0,0.0,0.013,0.0,8
underground,21,15.509,4.12799978256226,0.0,52.487,0.039,0.0,0,130.220260620117,0,1715040,false,350.249811172485,0.0,0.0,0.007,0.0,8
underground,22,17.972,4.41499996185303,0.0,52.487,0.039,0.0,0,130.220260620117,0,1715040,false,350.249879837036,0.0,0.0,0.011,0.0,8
underground,23,18.233,4.15999984741211,0.0,52.487,0.039,0.0,0,130.220260620117,0,1715040,false,350.255979537964,0.0,0.0,0.012,0.0,8
underground,24,14.258,3.81699991226196,0.0,52.487,0.039,0.0,0,130.220260620117,0,1715040,false,350.255979537964,0.0,0.0,0.01,0.0,8
underground,25,17.301,4.2649998664856,0.0,52.487,0.039,0.0,0,130.220260620117,0,1715040,false,350.255975723267,0.0,0.0,0.013,0.0,8
underground,26,16.194,4.26200008392334,0.0,52.487,0.039,0.0,0,130.220260620117,0,1715040,false,350.255979537964,0.0,0.0,0.008,0.0,8
underground,27,17.188,4.32800006866455,0.0,52.487,0.039,0.0,0,130.220260620117,0,1715040,false,350.255979537964,0.0,0.0,0.012,0.0,8
underground,28,16.269,4.22499990463257,0.0,52.487,0.039,0.0,0,130.220260620117,0,1715040,false,350.256620407104,0.0,0.0,0.009,0.0,8
underground,29,16.841,4.26900005340576,0.0,52.487,0.039,0.0,0,130.220260620117,0,1715040,false,350.256620407104,0.0,0.0,0.013,0.0,8
underground,30,18.865,3.77099990844727,0.0,52.487,0.039,0.0,0,130.220260620117,0,1715040,false,350.262788772583,0.0,0.0,0.008,0.0,8
underground,31,14.454,4.0479998588562,0.0,52.487,0.039,0.0,0,130.220260620117,0,1715040,false,350.262784957886,0.0,0.0,0.014,0.0,8
underground,32,18.658,4.34899997711182,0.0,52.487,0.039,0.0,0,130.220260620117,0,1715040,false,350.262788772583,0.0,0.0,0.013,0.0,8
underground,33,14.555,4.42899990081787,0.0,52.487,0.039,0.0,0,130.220260620117,0,1715040,false,350.262788772583,0.0,0.0,0.008,0.0,8
underground,34,16.923,4.52199983596802,0.0,52.487,0.039,0.0,0,130.220260620117,0,1715040,false,350.262788772583,0.0,0.0,0.007,0.0,8
underground,35,16.769,4.875,0.0,52.487,0.039,0.0,0,130.220260620117,0,1715040,false,350.262746810913,0.0,0.0,0.008,0.0,8
underground,36,16.876,4.86399984359741,0.0,52.487,0.039,0.0,0,130.220260620117,0,1715040,false,350.262788772583,0.0,0.0,0.012,0.0,8
underground,37,19.166,4.88700008392334,0.0,52.487,0.039,0.0,0,130.220260620117,0,1715040,false,350.268957138062,0.0,0.0,0.014,0.0,8
underground,38,13.985,3.88100004196167,0.0,52.487,0.039,0.0,0,130.220260620117,0,1715040,false,350.269025802612,0.0,0.0,0.014,0.0,8
underground,39,16.205,4.36899995803833,0.0,52.487,0.039,0.0,0,130.220260620117,0,1715040,false,350.268957138062,0.0,0.0,0.006,0.0,8
underground,40,17.429,4.85599994659424,0.0,52.487,0.039,0.0,0,130.220260620117,0,1715040,false,350.268957138062,0.0,0.0,0.016,0.0,8
underground,41,15.602,4.2350001335144,0.0,52.487,0.039,0.0,0,130.220260620117,0,1715040,false,350.268953323364,0.0,0.0,0.007,0.0,8
underground,42,17.499,4.5939998626709,0.0,52.487,0.039,0.0,0,130.220260620117,0,1715040,false,350.269914627075,0.0,0.0,0.012,0.0,8
underground,43,16.725,4.88899993896484,0.0,52.487,0.039,0.0,0,130.220260620117,0,1715040,false,350.269918441772,0.0,0.0,0.011,0.0,8
underground,44,19.944,4.57299995422363,0.0,52.487,0.039,0.0,0,130.220260620117,0,1715040,false,350.276086807251,0.0,0.0,0.012,0.0,8
underground,45,12.976,4.84899997711182,0.0,52.487,0.039,0.0,0,130.220260620117,0,1715040,false,350.276086807251,0.0,0.0,0.008,0.0,8
underground,46,17.535,4.81599998474121,0.0,52.487,0.039,0.0,0,130.220260620117,0,1715040,false,350.276086807251,0.0,0.0,0.013,0.0,8
underground,47,15.364,4.01300001144409,0.0,52.487,0.039,0.0,0,130.220260620117,0,1715040,false,350.276086807251,0.0,0.0,0.007,0.0,8
underground,48,18.363,4.92199993133545,0.0,52.487,0.039,0.0,0,130.220260620117,0,1715040,false,350.276086807251,0.0,0.0,0.012,0.0,8
underground,49,15.216,3.94099998474121,0.0,52.487,0.039,0.0,0,130.220260620117,0,1715040,false,350.276086807251,0.0,0.0,0.009,0.0,8
underground,50,17.391,4.4980001449585,0.0,52.487,0.039,0.0,0,130.220260620117,0,1715040,false,350.276082992554,0.0,0.0,0.011,0.0,8
underground,51,18.125,4.53599977493286,0.0,52.487,0.039,0.0,0,130.220260620117,0,1715040,false,350.282255172729,0.0,0.0,0.012,0.0,8
underground,52,15.572,4.56899976730347,0.0,52.487,0.039,0.0,0,130.220260620117,0,1715040,false,350.282255172729,0.0,0.0,0.013,0.0,8
underground,53,15.949,4.59999990463257,0.0,52.487,0.039,0.0,0,130.220260620117,0,1715040,false,350.282255172729,0.0,0.0,0.013,0.0,8
underground,54,17.053,4.24900007247925,0.0,52.487,0.039,0.0,0,130.220260620117,0,1715040,false,350.28232383728,0.0,0.0,0.006,0.0,8
underground,55,18.043,5.07200002670288,0.0,52.487,0.039,0.0,0,130.220260620117,0,1715040,false,350.282255172729,0.0,0.0,0.012,0.0,8
underground,56,14.994,4.6560001373291,0.0,52.487,0.039,0.0,0,130.220260620117,0,1715040,false,350.282251358032,0.0,0.0,0.009,0.0,8
underground,57,17.542,5.04500007629395,0.0,52.487,0.039,0.0,0,130.220260620117,0,1715040,false,350.282255172729,0.0,0.0,0.017,0.0,8
underground,58,18.683,4.93400001525879,0.0,52.487,0.039,0.0,0,130.220260620117,0,1715040,false,350.288423538208,0.0,0.0,0.01,0.0,8
underground,59,14.102,4.96400022506714,0.0,52.487,0.039,0.0,0,130.220260620117,0,1715040,false,350.288423538208,0.0,0.0,0.011,0.0,8
underground,60,16.774,4.65000009536743,0.0,52.487,0.039,0.0,0,130.220260620117,0,1715040,false,350.288423538208,0.0,0.0,0.013,0.0,8
underground,61,17.144,4.96400022506714,0.0,52.487,0.039,0.0,0,130.220260620117,0,1715040,false,350.288423538208,0.0,0.0,0.013,0.0,8
underground,62,15.836,4.27299976348877,0.0,52.487,0.039,0.0,0,130.220260620117,0,1715040,false,350.288423538208,0.0,0.0,0.008,0.0,8
underground,63,16.028,4.34100008010864,0.0,52.487,0.039,0.0,0,130.220260620117,0,1715040,false,350.289842605591,0.0,0.0,0.008,0.0,8
underground,64,16.684,4.48999977111816,0.0,52.487,0.039,0.0,0,130.220260620117,0,1715040,false,350.289842605591,0.0,0.0,0.007,0.0,8
underground,65,19.411,4.75099992752075,0.0,52.487,0.039,0.0,0,130.220260620117,0,1715040,false,350.296010971069,0.0,0.0,0.014,0.0,8
underground,66,13.812,4.00099992752075,0.0,52.487,0.039,0.0,0,130.220260620117,0,1715040,false,350.296010971069,0.0,0.0,0.009,0.0,8
underground,67,17.132,4.25400018692017,0.0,52.487,0.039,0.0,0,130.220260620117,0,1715040,false,350.296010971069,0.0,0.0,0.012,0.0,8
underground,68,17.289,4.75299978256226,0.0,52.487,0.039,0.0,0,130.220260620117,0,1715040,false,350.296010971069,0.0,0.0,0.009,0.0,8
underground,69,16.303,4.99200010299683,0.0,52.487,0.039,0.0,0,130.220260620117,0,1715040,false,350.296010971069,0.0,0.0,0.007,0.0,8
underground,70,17.704,5.0789999961853,0.0,52.487,0.039,0.0,0,130.220260620117,0,1715040,false,350.296075820923,0.0,0.0,0.012,0.0,8
underground,71,15.799,4.72599983215332,0.0,52.487,0.039,0.0,0,130.220260620117,0,1715040,false,350.296010971069,0.0,0.0,0.01,0.0,8
underground,72,18.214,4.67000007629395,0.0,52.487,0.039,0.0,0,130.220260620117,0,1715040,false,350.302179336548,0.0,0.0,0.012,0.0,8
underground,73,14.837,4.78000020980835,0.0,52.487,0.039,0.0,0,130.220260620117,0,1715040,false,350.302179336548,0.0,0.0,0.009,0.0,8
underground,74,16.483,4.49399995803833,0.0,52.487,0.039,0.0,0,130.220260620117,0,1715040,false,350.302179336548,0.0,0.0,0.006,0.0,8
underground,75,16.418,4.34800004959106,0.0,52.487,0.039,0.0,0,130.220260620117,0,1715040,false,350.302179336548,0.0,0.0,0.008,0.0,8
underground,76,17.243,4.48899984359741,0.0,52.487,0.039,0.0,0,130.220260620117,0,1715040,false,350.302179336548,0.0,0.0,0.014,0.0,8
underground,77,16.76,4.33599996566772,0.0,52.487,0.039,0.0,0,130.220260620117,0,1715040,false,350.302175521851,0.0,0.0,0.012,0.0,8
underground,78,16.924,4.69000005722046,0.0,52.487,0.039,0.0,0,130.220260620117,0,1715040,false,350.302179336548,0.0,0.0,0.012,0.0,8
underground,79,18.988,4.7350001335144,0.0,52.487,0.039,0.0,0,130.220260620117,0,1715040,false,350.308343887329,0.0,0.0,0.012,0.0,8
underground,80,14.055,4.54400014877319,0.0,52.487,0.039,0.0,0,130.220260620117,0,1715040,false,350.308347702026,0.0,0.0,0.013,0.0,8
underground,81,17.13,4.57800006866455,0.0,52.487,0.039,0.0,0,130.220260620117,0,1715040,false,350.308343887329,0.0,0.0,0.013,0.0,8
underground,82,16.654,4.68300008773804,0.0,52.487,0.039,0.0,0,130.220260620117,0,1715040,false,350.308347702026,0.0,0.0,0.012,0.0,8
underground,83,17.207,4.9229998588562,0.0,52.487,0.039,0.0,0,130.220260620117,0,1715040,false,350.308343887329,0.0,0.0,0.012,0.0,8
underground,84,16.295,4.82499980926514,0.0,52.487,0.039,0.0,0,130.220260620117,0,1715040,false,350.308347702026,0.0,0.0,0.013,0.0,8
underground,85,16.838,5.14799976348877,0.0,52.487,0.039,0.0,0,130.220260620117,0,1715040,false,350.308347702026,0.0,0.0,0.013,0.0,8
underground,86,19.486,4.74499988555908,0.0,52.487,0.039,0.0,0,130.220260620117,0,1715040,false,350.314584732056,0.0,0.0,0.012,0.0,8
underground,87,13.869,5.13800001144409,0.0,52.487,0.039,0.0,0,130.220260620117,0,1715040,false,350.314516067505,0.0,0.0,0.012,0.0,8
underground,88,16.234,4.83099985122681,0.0,52.487,0.039,0.0,0,130.220260620117,0,1715040,false,350.314516067505,0.0,0.0,0.012,0.0,8
underground,89,16.514,4.83300018310547,0.0,52.487,0.039,0.0,0,130.220260620117,0,1715040,false,350.314516067505,0.0,0.0,0.011,0.0,8
underground,90,16.805,4.48199987411499,0.0,52.487,0.039,0.0,0,130.220260620117,0,1715040,false,350.314516067505,0.0,0.0,0.012,0.0,8
underground,91,16.442,4.77799987792969,0.0,52.487,0.039,0.0,0,130.220260620117,0,1715040,false,350.314516067505,0.0,0.0,0.013,0.0,8
underground,92,16.634,4.55399990081787,0.0,52.487,0.039,0.0,0,130.220260620117,0,1715040,false,350.314516067505,0.0,0.0,0.009,0.0,8
underground,93,18.397,4.70800018310547,0.0,52.487,0.039,0.0,0,130.220260620117,0,1715040,false,350.320684432983,0.0,0.0,0.008,0.0,8
underground,94,15.258,4.85099983215332,0.0,52.487,0.039,0.0,0,130.220260620117,0,1715040,false,350.322835922241,0.0,0.0,0.012,0.0,8
underground,95,16.165,4.85900020599365,0.0,52.487,0.039,0.0,0,130.220260620117,0,1715040,false,350.322835922241,0.0,0.0,0.013,0.0,8
underground,96,17.851,5.06300020217896,0.0,52.487,0.039,0.0,0,130.220260620117,0,1715040,false,350.322835922241,0.0,0.0,0.012,0.0,8
underground,97,16.017,4.87200021743774,0.0,52.487,0.039,0.0,0,130.220260620117,0,1715040,false,350.322835922241,0.0,0.0,0.013,0.0,8
underground,98,16.248,4.33300018310547,0.0,52.487,0.039,0.0,0,130.220260620117,0,1715040,false,350.322835922241,0.0,0.0,0.009,0.0,8
underground,99,16.399,4.77199983596802,0.0,52.487,0.039,0.0,0,130.220260620117,0,1715040,false,350.322835922241,0.0,0.0,0.011,0.0,8
underground,100,19.652,4.51599979400635,0.0,52.487,0.039,0.0,0,130.220260620117,0,1715040,false,350.329008102417,0.0,0.0,0.013,0.0,8
underground,101,14.254,4.82800006866455,0.0,52.487,0.039,0.0,0,130.220260620117,0,1715040,false,350.329008102417,0.0,0.0,0.012,0.0,8
underground,102,16.883,4.77699995040894,0.0,52.487,0.039,0.0,0,130.220260620117,0,1715040,false,350.328382492065,0.0,0.0,0.013,0.0,8
underground,103,15.983,4.51100015640259,0.0,52.487,0.039,0.0,0,130.220260620117,0,1715040,false,350.328313827515,0.0,0.0,0.012,0.0,8
underground,104,16.838,4.92600011825562,0.0,52.487,0.039,0.0,0,130.220260620117,0,1715040,false,350.328313827515,0.0,0.0,0.012,0.0,8
underground,105,16.815,4.90399980545044,0.0,52.487,0.039,0.0,0,130.220260620117,0,1715040,false,350.328313827515,0.0,0.0,0.01,0.0,8
underground,106,15.842,4.52299976348877,0.0,52.487,0.039,0.0,0,130.220260620117,0,1715040,false,350.328313827515,0.0,0.0,0.008,0.0,8
underground,107,17.807,4.14400005340576,0.0,52.487,0.039,0.0,0,130.220260620117,0,1715040,false,350.334482192993,0.0,0.0,0.006,0.0,8
underground,108,15.861,4.88899993896484,0.0,52.487,0.039,0.0,0,130.220260620117,0,1715040,false,350.334482192993,0.0,0.0,0.007,0.0,8
underground,109,17.963,3.38499999046326,0.0,52.487,0.039,0.0,0,130.220260620117,0,1715040,false,350.334482192993,0.0,0.0,0.01,0.0,8
underground,110,15.907,4.14200019836426,0.0,52.487,0.039,0.0,0,130.220260620117,0,1715040,false,350.334482192993,0.0,0.0,0.009,0.0,8
underground,111,16.943,4.62799978256226,0.0,52.487,0.039,0.0,0,130.220260620117,0,1715040,false,350.334482192993,0.0,0.0,0.012,0.0,8
underground,112,16.587,4.92199993133545,0.0,52.487,0.039,0.0,0,130.220260620117,0,1715040,false,350.334482192993,0.0,0.0,0.015,0.0,8
underground,113,16.52,4.42799997329712,0.0,52.487,0.039,0.0,0,130.220260620117,0,1715040,false,350.334478378296,0.0,0.0,0.012,0.0,8
underground,114,18.854,4.78499984741211,0.0,52.487,0.039,0.0,0,130.220260620117,0,1715040,false,350.340650558472,0.0,0.0,0.013,0.0,8
underground,115,14.403,4.65999984741211,0.0,52.487,0.039,0.0,0,130.220260620117,0,1715040,false,350.340650558472,0.0,0.0,0.01,0.0,8
underground,116,16.724,4.9689998626709,0.0,52.487,0.039,0.0,0,130.220260620117,0,1715040,false,350.340646743774,0.0,0.0,0.008,0.0,8
underground,117,16.614,4.64400005340576,0.0,52.487,0.039,0.0,0,130.220260620117,0,1715040,false,350.340650558472,0.0,0.0,0.014,0.0,8
underground,118,17.805,4.82800006866455,0.0,52.487,0.039,0.0,0,130.220260620117,0,1715040,false,350.340719223022,0.0,0.0,0.017,0.0,8
underground,119,16.412,5.24499988555908,0.0,52.487,0.039,0.0,0,130.220260620117,0,1715040,false,350.340650558472,0.0,0.0,0.012,0.0,8
underground,120,16.418,5.25600004196167,0.0,52.487,0.039,0.0,0,130.220260620117,0,1715040,false,350.340650558472,0.0,0.0,0.014,0.0,8
underground,121,18.005,4.62200021743774,0.0,52.487,0.039,0.0,0,130.220260620117,0,1715040,false,350.34681892395,0.0,0.0,0.012,0.0,8
underground,122,14.215,4.21400022506714,0.0,52.487,0.039,0.0,0,130.220260620117,0,1715040,false,350.34681892395,0.0,0.0,0.012,0.0,8
underground,123,18.532,5.13299989700317,0.0,52.487,0.039,0.0,0,130.220260620117,0,1715040,false,350.34681892395,0.0,0.0,0.015,0.0,8
underground,124,14.944,4.85400009155273,0.0,52.487,0.039,0.0,0,130.220260620117,0,1715040,false,350.34681892395,0.0,0.0,0.007,0.0,8
underground,125,16.951,4.59899997711182,0.0,52.487,0.039,0.0,0,130.220260620117,0,1715040,false,350.34681892395,0.0,0.0,0.013,0.0,8
underground,126,15.882,4.66400003433228,0.0,52.487,0.039,0.0,0,130.220260620117,0,1715040,false,350.34681892395,0.0,0.0,0.007,0.0,8
underground,127,17.83,4.90999984741211,0.0,52.487,0.039,0.0,0,130.220260620117,0,1715040,false,350.346815109253,0.0,0.0,0.009,0.0,8
underground,128,17.59,4.6269998550415,0.0,52.487,0.039,0.0,0,130.220260620117,0,1715040,false,350.352979660034,0.0,0.0,0.008,0.0,8
underground,129,14.494,4.43800020217896,0.0,52.487,0.039,0.0,0,130.220260620117,0,1715040,false,350.352987289429,0.0,0.0,0.008,0.0,8
underground,130,18.065,5.28399991989136,0.0,52.487,0.039,0.0,0,130.220260620117,0,1715040,false,350.352987289429,0.0,0.0,0.013,0.0,8
underground,131,16.413,5.17199993133545,0.0,52.487,0.039,0.0,0,130.220260620117,0,1715040,false,350.352987289429,0.0,0.0,0.009,0.0,8
underground,132,15.562,4.50799989700317,0.0,52.487,0.039,0.0,0,130.220260620117,0,1715040,false,350.352987289429,0.0,0.0,0.007,0.0,8
underground,133,17.317,4.68100023269653,0.0,52.487,0.039,0.0,0,130.220260620117,0,1715040,false,350.352987289429,0.0,0.0,0.011,0.0,8
underground,134,17.183,4.63100004196167,0.0,52.487,0.039,0.0,0,130.220260620117,0,1715040,false,350.353055953979,0.0,0.0,0.008,0.0,8
underground,135,17.792,4.64300012588501,0.0,52.487,0.039,0.0,0,130.220260620117,0,1715040,false,350.359155654907,0.0,0.0,0.008,0.0,8
underground,136,15.24,4.79199981689453,0.0,52.487,0.039,0.0,0,130.220260620117,0,1715040,false,350.35915184021,0.0,0.0,0.009,0.0,8
underground,137,16.562,4.57800006866455,0.0,52.487,0.039,0.0,0,130.220260620117,0,1715040,false,350.359155654907,0.0,0.0,0.011,0.0,8
underground,138,16.898,5.01000022888184,0.0,52.487,0.039,0.0,0,130.220260620117,0,1715040,false,350.359155654907,0.0,0.0,0.012,0.0,8
underground,139,16.639,4.94600009918213,0.0,52.487,0.039,0.0,0,130.220260620117,0,1715040,false,350.359155654907,0.0,0.0,0.009,0.0,8
underground,140,15.943,4.28700017929077,0.0,52.487,0.039,0.0,0,130.220260620117,0,1715040,false,350.359155654907,0.0,0.0,0.007,0.0,8
underground,141,16.919,4.67500019073486,0.0,52.487,0.039,0.0,0,130.220260620117,0,1715040,false,350.36236000061,0.0,0.0,0.009,0.0,8
underground,142,19.325,4.65100002288818,0.0,52.487,0.039,0.0,0,130.220260620117,0,1715040,false,350.368528366089,0.0,0.0,0.013,0.0,8
underground,143,14.673,5.14200019836426,0.0,52.487,0.039,0.0,0,130.220260620117,0,1715040,false,350.368528366089,0.0,0.0,0.012,0.0,8
underground,144,16.475,4.26200008392334,0.0,52.487,0.039,0.0,0,130.220260620117,0,1715040,false,350.368528366089,0.0,0.0,0.013,0.0,8
underground,145,17.381,5.34499979019165,0.0,52.487,0.039,0.0,0,130.220260620117,0,1715040,false,350.368528366089,0.0,0.0,0.013,0.0,8
underground,146,16.212,5.08699989318848,0.0,52.487,0.039,0.0,0,130.220260620117,0,1715040,false,350.368528366089,0.0,0.0,0.012,0.0,8
underground,147,16.735,5.30100011825562,0.0,52.487,0.039,0.0,0,130.220260620117,0,1715040,false,350.368528366089,0.0,0.0,0.01,0.0,8
underground,148,15.962,4.3439998626709,0.0,52.487,0.039,0.0,0,130.220260620117,0,1715040,false,350.368524551392,0.0,0.0,0.01,0.0,8
underground,149,19.178,4.17399978637695,0.0,52.487,0.039,0.0,0,130.220260620117,0,1715040,false,350.374696731567,0.0,0.0,0.014,0.0,8
underground,150,15.269,5.03999996185303,0.0,52.487,0.039,0.0,0,130.220260620117,0,1715040,false,350.374765396118,0.0,0.0,0.013,0.0,8
underground,151,16.428,4.76599979400635,0.0,52.487,0.039,0.0,0,130.220260620117,0,1715040,false,350.374696731567,0.0,0.0,0.013,0.0,8
underground,152,16.598,4.99100017547607,0.0,52.487,0.039,0.0,0,130.220260620117,0,1715040,false,350.374696731567,0.0,0.0,0.013,0.0,8
underground,153,16.214,4.72599983215332,0.0,52.487,0.039,0.0,0,130.220260620117,0,1715040,false,350.374696731567,0.0,0.0,0.013,0.0,8
underground,154,16.778,4.74499988555908,0.0,52.487,0.039,0.0,0,130.220260620117,0,1715040,false,350.374696731567,0.0,0.0,0.016,0.0,8
underground,155,16.161,4.57999992370605,0.0,52.487,0.039,0.0,0,130.220260620117,0,1715040,false,350.374696731567,0.0,0.0,0.012,0.0,8
underground,156,20.35,5.09499979019165,0.0,52.487,0.039,0.0,0,130.220260620117,0,1715040,false,350.380861282349,0.0,0.0,0.012,0.0,8
underground,157,13.902,5.40500020980835,0.0,52.487,0.039,0.0,0,130.220260620117,0,1715040,false,350.380865097046,0.0,0.0,0.008,0.0,8
underground,158,16.319,5.02099990844727,0.0,52.487,0.039,0.0,0,130.220260620117,0,1715040,false,350.380865097046,0.0,0.0,0.013,0.0,8
underground,159,16.738,4.96700000762939,0.0,52.487,0.039,0.0,0,130.220260620117,0,1715040,false,350.380865097046,0.0,0.0,0.011,0.0,8
underground,160,16.739,4.98400020599365,0.0,52.487,0.039,0.0,0,130.220260620117,0,1715040,false,350.380865097046,0.0,0.0,0.013,0.0,8
underground,161,15.667,4.80299997329712,0.0,52.487,0.039,0.0,0,130.220260620117,0,1715040,false,350.380865097046,0.0,0.0,0.008,0.0,8
underground,162,17.305,5.13199996948242,0.0,52.487,0.039,0.0,0,130.220260620117,0,1715040,false,350.380865097046,0.0,0.0,0.007,0.0,8
underground,163,18.063,4.89200019836426,0.0,52.487,0.039,0.0,0,130.220260620117,0,1715040,false,350.387033462524,0.0,0.0,0.007,0.0,8
underground,164,15.296,4.99499988555908,0.0,52.487,0.039,0.0,0,130.220260620117,0,1715040,false,350.387033462524,0.0,0.0,0.006,0.0,8
underground,165,16.626,5.36299991607666,0.0,52.487,0.039,0.0,0,130.220260620117,0,1715040,false,350.387033462524,0.0,0.0,0.008,0.0,8
underground,166,18.231,5.03700017929077,0.0,52.487,0.039,0.0,0,130.220260620117,0,1715040,false,350.387102127075,0.0,0.0,0.014,0.0,8
underground,167,16.402,5.53599977493286,0.0,52.487,0.039,0.0,0,130.220260620117,0,1715040,false,350.387033462524,0.0,0.0,0.016,0.0,8
underground,168,15.446,4.69299983978271,0.0,52.487,0.039,0.0,0,130.220260620117,0,1715040,false,350.387033462524,0.0,0.0,0.007,0.0,8
underground,169,15.693,4.41300010681152,0.0,52.487,0.039,0.0,0,130.220260620117,0,1715040,false,350.387033462524,0.0,0.0,0.009,0.0,8
underground,170,18.191,4.74700021743774,0.0,52.487,0.039,0.0,0,130.220260620117,0,1715040,false,350.393201828003,0.0,0.0,0.007,0.0,8
underground,171,15.047,3.54200005531311,0.0,52.487,0.039,0.0,0,130.220260620117,0,1715040,false,350.393201828003,0.0,0.0,0.007,0.0,8
underground,172,17.371,4.68499994277954,0.0,52.487,0.039,0.0,0,130.220260620117,0,1715040,false,350.393201828003,0.0,0.0,0.013,0.0,8
underground,173,16.551,4.26200008392334,0.0,52.487,0.039,0.0,0,130.220260620117,0,1715040,false,350.393201828003,0.0,0.0,0.012,0.0,8
underground,174,16.62,3.58999991416931,0.0,52.487,0.039,0.0,0,130.220260620117,0,1715040,false,350.393198013306,0.0,0.0,0.009,0.0,8
underground,175,16.747,5.06699991226196,0.0,52.487,0.039,0.0,0,130.220260620117,0,1715040,false,350.393201828003,0.0,0.0,0.007,0.0,8
underground,176,16.896,4.70499992370605,0.0,52.487,0.039,0.0,0,130.220260620117,0,1715040,false,350.393201828003,0.0,0.0,0.01,0.0,8
underground,177,19.845,5.39699983596802,0.0,52.487,0.039,0.0,0,130.220260620117,0,1715040,false,350.399370193481,0.0,0.0,0.015,0.0,8
underground,178,14.248,4.91099977493286,0.0,52.487,0.039,0.0,0,130.220260620117,0,1715040,false,350.399370193481,0.0,0.0,0.011,0.0,8
underground,179,16.023,4.49399995803833,0.0,52.487,0.039,0.0,0,130.220260620117,0,1715040,false,350.399370193481,0.0,0.0,0.012,0.0,8
underground,180,16.425,4.72800016403198,0.0,52.487,0.039,0.0,0,130.220260620117,0,1715040,false,350.399370193481,0.0,0.0,0.014,0.0,8
underground,181,15.96,4.33900022506714,0.0,52.487,0.039,0.0,0,130.220260620117,0,1715040,false,350.399366378784,0.0,0.0,0.008,0.0,8
underground,182,17.985,4.93599987030029,0.0,52.487,0.039,0.0,0,130.220260620117,0,1715040,false,350.399438858032,0.0,0.0,0.009,0.0,8
underground,183,15.562,4.77799987792969,0.0,52.487,0.039,0.0,0,130.220260620117,0,1715040,false,350.399370193481,0.0,0.0,0.007,0.0,8
underground,184,17.959,4.51800012588501,0.0,52.487,0.039,0.0,0,130.220260620117,0,1715040,false,350.40553855896,0.0,0.0,0.007,0.0,8
underground,185,16.417,5.11100006103516,0.0,52.487,0.039,0.0,0,130.220260620117,0,1715040,false,350.40553855896,0.0,0.0,0.007,0.0,8
underground,186,15.292,4.30999994277954,0.0,52.487,0.039,0.0,0,130.220260620117,0,1715040,false,350.40553855896,0.0,0.0,0.008,0.0,8
underground,187,17.943,4.81799983978271,0.0,52.487,0.039,0.0,0,130.220260620117,0,1715040,false,350.40553855896,0.0,0.0,0.007,0.0,8
underground,188,16.271,4.89400005340576,0.0,52.487,0.039,0.0,0,130.220260620117,0,1715040,false,350.40553855896,0.0,0.0,0.008,0.0,8
underground,189,16.328,4.5479998588562,0.0,52.487,0.039,0.0,0,130.220260620117,0,1715040,false,350.405534744263,0.0,0.0,0.01,0.0,8
underground,190,17.766,4.91900014877319,0.0,52.487,0.039,0.0,0,130.220260620117,0,1715040,false,350.40553855896,0.0,0.0,0.012,0.0,8
underground,191,20.556,4.86100006103516,0.0,52.487,0.039,0.0,0,130.220260620117,0,1715040,false,350.411706924438,0.0,0.0,0.015,0.0,8
underground,192,13.502,5.10799980163574,0.0,52.487,0.039,0.0,0,130.220260620117,0,1715040,false,350.411706924438,0.0,0.0,0.017,0.0,8
underground,193,16.026,5.08599996566772,0.0,52.487,0.039,0.0,0,130.220260620117,0,1715040,false,350.411706924438,0.0,0.0,0.013,0.0,8
underground,194,15.18,4.65199995040894,0.0,52.487,0.039,0.0,0,130.220260620117,0,1715040,false,350.411703109741,0.0,0.0,0.007,0.0,8
underground,195,16.561,4.81199979782104,0.0,52.487,0.039,0.0,0,130.220260620117,0,1715040,false,350.411706924438,0.0,0.0,0.007,0.0,8
underground,196,16.382,4.57100009918213,0.0,52.487,0.039,0.0,0,130.220260620117,0,1715040,false,350.411706924438,0.0,0.0,0.007,0.0,8
underground,197,17.381,4.6230001449585,0.0,52.487,0.039,0.0,0,130.220260620117,0,1715040,false,350.411703109741,0.0,0.0,0.007,0.0,8
underground,198,20.456,4.65799999237061,0.0,52.487,0.039,0.0,0,130.220260620117,0,1715040,false,350.417943954468,0.0,0.0,0.01,0.0,8
underground,199,14.604,5.35599994659424,0.0,52.487,0.039,0.0,0,130.220260620117,0,1715040,false,350.417875289917,0.0,0.0,0.012,0.0,8
underground,200,15.25,4.80600023269653,0.0,52.487,0.039,0.0,0,130.220260620117,0,1715040,false,350.41787147522,0.0,0.0,0.007,0.0,8
underground,201,16.8,4.63100004196167,0.0,52.487,0.039,0.0,0,130.220260620117,0,1715040,false,350.417867660522,0.0,0.0,0.01,0.0,8
underground,202,17.007,4.83599996566772,0.0,52.487,0.039,0.0,0,130.220260620117,0,1715040,false,350.417875289917,0.0,0.0,0.012,0.0,8
underground,203,15.93,4.67199993133545,0.0,52.487,0.039,0.0,0,130.220260620117,0,1715040,false,350.41787147522,0.0,0.0,0.01,0.0,8
underground,204,16.999,4.59499979019165,0.0,52.487,0.039,0.0,0,130.220260620117,0,1715040,false,350.417875289917,0.0,0.0,0.013,0.0,8
underground,205,21.045,5.02500009536743,0.0,52.487,0.039,0.0,0,130.220260620117,0,1715040,false,350.424043655396,0.0,0.0,0.011,0.0,8
underground,206,12.897,4.97300004959106,0.0,52.487,0.039,0.0,0,130.220260620117,0,1715040,false,350.424043655396,0.0,0.0,0.012,0.0,8
underground,207,16.554,4.84499979019165,0.0,52.487,0.039,0.0,0,130.220260620117,0,1715040,false,350.424043655396,0.0,0.0,0.013,0.0,8
underground,208,16.13,4.80100011825562,0.0,52.487,0.039,0.0,0,130.220260620117,0,1715040,false,350.424039840698,0.0,0.0,0.009,0.0,8
underground,209,17.722,5.30800008773804,0.0,52.487,0.039,0.0,0,130.220260620117,0,1715040,false,350.424043655396,0.0,0.0,0.012,0.0,8
underground,210,15.88,4.81599998474121,0.0,52.487,0.039,0.0,0,130.220260620117,0,1715040,false,350.424039840698,0.0,0.0,0.012,0.0,8
underground,211,16.113,4.39400005340576,0.0,52.487,0.039,0.0,0,130.220260620117,0,1715040,false,350.42885017395,0.0,0.0,0.012,0.0,8
underground,212,18.556,4.78999996185303,0.0,52.487,0.039,0.0,0,130.220260620117,0,1715040,false,350.435018539429,0.0,0.0,0.008,0.0,8
underground,213,16.185,5.38100004196167,0.0,52.487,0.039,0.0,0,130.220260620117,0,1715040,false,350.435018539429,0.0,0.0,0.013,0.0,8
underground,214,16.571,4.81899976730347,0.0,52.487,0.039,0.0,0,130.220260620117,0,1715040,false,350.435087203979,0.0,0.0,0.012,0.0,8
underground,215,15.998,4.74200010299683,0.0,52.487,0.039,0.0,0,130.220260620117,0,1715040,false,350.435018539429,0.0,0.0,0.013,0.0,8
underground,216,16.839,4.78800010681152,0.0,52.487,0.039,0.0,0,130.220260620117,0,1715040,false,350.435018539429,0.0,0.0,0.014,0.0,8
underground,217,16.828,4.86399984359741,0.0,52.487,0.039,0.0,0,130.220260620117,0,1715040,false,350.435018539429,0.0,0.0,0.012,0.0,8
underground,218,16.851,5.10799980163574,0.0,52.487,0.039,0.0,0,130.220260620117,0,1715040,false,350.435018539429,0.0,0.0,0.013,0.0,8
underground,219,18.736,5.04400014877319,0.0,52.487,0.039,0.0,0,130.220260620117,0,1715040,false,350.441186904907,0.0,0.0,0.013,0.0,8
underground,220,13.075,4.40299987792969,0.0,52.487,0.039,0.0,0,130.220260620117,0,1715040,false,350.441186904907,0.0,0.0,0.007,0.0,8
underground,221,18.299,5.17799997329712,0.0,52.487,0.039,0.0,0,130.220260620117,0,1715040,false,350.441186904907,0.0,0.0,0.012,0.0,8
underground,222,15.695,4.87400007247925,0.0,52.487,0.039,0.0,0,130.220260620117,0,1715040,false,350.441186904907,0.0,0.0,0.013,0.0,8
underground,223,17.205,5.50099992752075,0.0,52.487,0.039,0.0,0,130.220260620117,0,1715040,false,350.441186904907,0.0,0.0,0.011,0.0,8
underground,224,15.449,4.65799999237061,0.0,52.487,0.039,0.0,0,130.220260620117,0,1715040,false,350.441186904907,0.0,0.0,0.008,0.0,8
underground,225,17.441,5.0310001373291,0.0,52.487,0.039,0.0,0,130.220260620117,0,1715040,false,350.44118309021,0.0,0.0,0.01,0.0,8
underground,226,19.27,4.39799976348877,0.0,52.487,0.039,0.0,0,130.220260620117,0,1715040,false,350.447351455688,0.0,0.0,0.009,0.0,8
underground,227,13.933,4.81899976730347,0.0,52.487,0.039,0.0,0,130.220260620117,0,1715040,false,350.447355270386,0.0,0.0,0.008,0.0,8
underground,228,16.603,4.36700010299683,0.0,52.487,0.039,0.0,0,130.220260620117,0,1715040,false,350.448923110962,0.0,0.0,0.009,0.0,8
underground,229,16.426,4.7020001411438,0.0,52.487,0.039,0.0,0,130.220260620117,0,1715040,false,350.448919296265,0.0,0.0,0.01,0.0,8
underground,230,16.562,4.71799993515015,0.0,52.487,0.039,0.0,0,130.220260620117,0,1715040,false,350.448991775513,0.0,0.0,0.006,0.0,8
underground,231,16.841,4.70300006866455,0.0,52.487,0.039,0.0,0,130.220260620117,0,1715040,false,350.448923110962,0.0,0.0,0.006,0.0,8
underground,232,15.936,4.26999998092651,0.0,52.487,0.039,0.0,0,130.220260620117,0,1715040,false,350.448923110962,0.0,0.0,0.006,0.0,8
underground,233,19.45,4.66599988937378,0.0,52.487,0.039,0.0,0,130.220260620117,0,1715040,false,350.455087661743,0.0,0.0,0.006,0.0,8
underground,234,14.207,4.31300020217896,0.0,52.487,0.039,0.0,0,130.220260620117,0,1715040,false,350.45509147644,0.0,0.0,0.006,0.0,8
underground,235,17.745,5.46999979019165,0.0,52.487,0.039,0.0,0,130.220260620117,0,1715040,false,350.45509147644,0.0,0.0,0.006,0.0,8
underground,236,15.521,4.66699981689453,0.0,52.487,0.039,0.0,0,130.220260620117,0,1715040,false,350.45509147644,0.0,0.0,0.006,0.0,8
underground,237,16.904,4.7810001373291,0.0,52.487,0.039,0.0,0,130.220260620117,0,1715040,false,350.455087661743,0.0,0.0,0.007,0.0,8
underground,238,18.128,5.0479998588562,0.0,52.487,0.039,0.0,0,130.220260620117,0,1715040,false,350.455087661743,0.0,0.0,0.01,0.0,8
underground,239,15.784,4.90100002288818,0.0,52.487,0.039,0.0,0,130.220260620117,0,1715040,false,350.45509147644,0.0,0.0,0.009,0.0,8
underground,240,18.217,4.3730001449585,0.0,52.487,0.039,0.0,0,130.220260620117,0,1715040,false,350.461256027222,0.0,0.0,0.009,0.0,8
underground,241,14.683,4.93100023269653,0.0,52.487,0.039,0.0,0,130.220260620117,0,1715040,false,350.461259841919,0.0,0.0,0.007,0.0,8
underground,242,17.141,4.86800003051758,0.0,52.487,0.039,0.0,0,130.220260620117,0,1715040,false,350.461259841919,0.0,0.0,0.008,0.0,8
underground,243,16.486,4.71700000762939,0.0,52.487,0.039,0.0,0,130.220260620117,0,1715040,false,350.461259841919,0.0,0.0,0.012,0.0,8
underground,244,16.108,4.45599985122681,0.0,52.487,0.039,0.0,0,130.220260620117,0,1715040,false,350.461259841919,0.0,0.0,0.007,0.0,8
underground,245,16.629,4.69500017166138,0.0,52.487,0.039,0.0,0,130.220260620117,0,1715040,false,350.461259841919,0.0,0.0,0.006,0.0,8
underground,246,17.186,4.83900022506714,0.0,52.487,0.039,0.0,0,130.220260620117,0,1715040,false,350.46132850647,0.0,0.0,0.008,0.0,8
underground,247,19.22,5.32800006866455,0.0,52.487,0.039,0.0,0,130.220260620117,0,1715040,false,350.4674243927,0.0,0.0,0.008,0.0,8
underground,248,13.528,4.42199993133545,0.0,52.487,0.039,0.0,0,130.220260620117,0,1715040,false,350.467428207397,0.0,0.0,0.007,0.0,8
underground,249,17.41,4.40999984741211,0.0,52.487,0.039,0.0,0,130.220260620117,0,1715040,false,350.4674243927,0.0,0.0,0.008,0.0,8
underground,250,17.293,4.99900007247925,0.0,52.487,0.039,0.0,0,130.220260620117,0,1715040,false,350.467428207397,0.0,0.0,0.011,0.0,8
underground,251,15.98,4.86100006103516,0.0,52.487,0.039,0.0,0,130.220260620117,0,1715040,false,350.4674243927,0.0,0.0,0.011,0.0,8
underground,252,17.037,4.97499990463257,0.0,52.487,0.039,0.0,0,130.220260620117,0,1715040,false,350.467428207397,0.0,0.0,0.01,0.0,8
underground,253,16.419,4.45699977874756,0.0,52.487,0.039,0.0,0,130.220260620117,0,1715040,false,350.467428207397,0.0,0.0,0.014,0.0,8
underground,254,17.963,4.42999982833862,0.0,52.487,0.039,0.0,0,130.220260620117,0,1715040,false,350.473596572876,0.0,0.0,0.009,0.0,8
underground,255,15.024,4.81699991226196,0.0,52.487,0.039,0.0,0,130.220260620117,0,1715040,false,350.473596572876,0.0,0.0,0.009,0.0,8
underground,256,16.744,4.41599988937378,0.0,52.487,0.039,0.0,0,130.220260620117,0,1715040,false,350.473596572876,0.0,0.0,0.009,0.0,8
underground,257,17.347,4.98699998855591,0.0,52.487,0.039,0.0,0,130.220260620117,0,1715040,false,350.473596572876,0.0,0.0,0.012,0.0,8
underground,258,16.072,5.0019998550415,0.0,52.487,0.039,0.0,0,130.220260620117,0,1715040,false,350.473592758179,0.0,0.0,0.006,0.0,8
underground,259,16.678,5.04500007629395,0.0,52.487,0.039,0.0,0,130.220260620117,0,1715040,false,350.473596572876,0.0,0.0,0.007,0.0,8
underground,260,16.259,4.81500005722046,0.0,52.487,0.039,0.0,0,130.220260620117,0,1715040,false,350.473596572876,0.0,0.0,0.007,0.0,8
underground,261,18.107,4.58500003814697,0.0,52.487,0.039,0.0,0,130.220260620117,0,1715040,false,350.479764938354,0.0,0.0,0.006,0.0,8
underground,262,15.47,4.39400005340576,0.0,52.487,0.039,0.0,0,130.220260620117,0,1715040,false,350.479829788208,0.0,0.0,0.009,0.0,8
underground,263,17.24,5.02600002288818,0.0,52.487,0.039,0.0,0,130.220260620117,0,1715040,false,350.479761123657,0.0,0.0,0.011,0.0,8
underground,264,16.274,4.39900016784668,0.0,52.487,0.039,0.0,0,130.220260620117,0,1715040,false,350.479764938354,0.0,0.0,0.012,0.0,8
underground,265,16.919,4.44799995422363,0.0,52.487,0.039,0.0,0,130.220260620117,0,1715040,false,350.479764938354,0.0,0.0,0.013,0.0,8
underground,266,17.356,5.33699989318848,0.0,52.487,0.039,0.0,0,130.220260620117,0,1715040,false,350.479764938354,0.0,0.0,0.012,0.0,8
underground,267,16.558,5.03900003433228,0.0,52.487,0.039,0.0,0,130.220260620117,0,1715040,false,350.479764938354,0.0,0.0,0.013,0.0,8
underground,268,18.995,5.01100015640259,0.0,52.487,0.039,0.0,0,130.220260620117,0,1715040,false,350.485933303833,0.0,0.0,0.013,0.0,8
underground,269,13.758,4.44500017166138,0.0,52.487,0.039,0.0,0,130.220260620117,0,1715040,false,350.485933303833,0.0,0.0,0.012,0.0,8
underground,270,16.78,4.66800022125244,0.0,52.487,0.039,0.0,0,130.220260620117,0,1715040,false,350.485929489136,0.0,0.0,0.013,0.0,8
underground,271,16.907,4.83900022506714,0.0,52.487,0.039,0.0,0,130.220260620117,0,1715040,false,350.485933303833,0.0,0.0,0.016,0.0,8
underground,272,16.671,4.58199977874756,0.0,52.487,0.039,0.0,0,130.220260620117,0,1715040,false,350.485933303833,0.0,0.0,0.011,0.0,8
underground,273,16.26,5.21700000762939,0.0,52.487,0.039,0.0,0,130.220260620117,0,1715040,false,350.485929489136,0.0,0.0,0.009,0.0,8
underground,274,16.367,4.71299982070923,0.0,52.487,0.039,0.0,0,130.220260620117,0,1715040,false,350.485933303833,0.0,0.0,0.007,0.0,8
underground,275,20.137,5.45800018310547,0.0,52.487,0.039,0.0,0,130.220260620117,0,1715040,false,350.492101669312,0.0,0.0,0.011,0.0,8
underground,276,14.385,5.08400011062622,0.0,52.487,0.039,0.0,0,130.220260620117,0,1715040,false,350.492101669312,0.0,0.0,0.014,0.0,8
underground,277,16.843,5.13800001144409,0.0,52.487,0.039,0.0,0,130.220260620117,0,1715040,false,350.492101669312,0.0,0.0,0.012,0.0,8
underground,278,17.006,4.74700021743774,0.0,52.487,0.039,0.0,0,130.220260620117,0,1715040,false,350.492170333862,0.0,0.0,0.012,0.0,8
underground,279,16.005,5.01599979400635,0.0,52.487,0.039,0.0,0,130.220260620117,0,1715040,false,350.492101669312,0.0,0.0,0.012,0.0,8
underground,280,16.311,4.70900011062622,0.0,52.487,0.039,0.0,0,130.220260620117,0,1715040,false,350.492101669312,0.0,0.0,0.012,0.0,8
underground,281,16.808,5.18599987030029,0.0,52.487,0.039,0.0,0,130.220260620117,0,1715040,false,350.492101669312,0.0,0.0,0.011,0.0,8
underground,282,19.262,4.70800018310547,0.0,52.487,0.039,0.0,0,130.220260620117,0,1715040,false,350.49827003479,0.0,0.0,0.012,0.0,8
underground,283,13.328,4.56899976730347,0.0,52.487,0.039,0.0,0,130.220260620117,0,1715040,false,350.49827003479,0.0,0.0,0.008,0.0,8
underground,284,16.517,4.71999979019165,0.0,52.487,0.039,0.0,0,130.220260620117,0,1715040,false,350.49827003479,0.0,0.0,0.006,0.0,8
underground,285,15.919,4.60900020599365,0.0,52.487,0.039,0.0,0,130.220260620117,0,1715040,false,350.49827003479,0.0,0.0,0.007,0.0,8
underground,286,17.388,4.46299982070923,0.0,52.487,0.039,0.0,0,130.220260620117,0,1715040,false,350.49827003479,0.0,0.0,0.007,0.0,8
underground,287,16.526,4.64099979400635,0.0,52.487,0.039,0.0,0,130.220260620117,0,1715040,false,350.49827003479,0.0,0.0,0.007,0.0,8
underground,288,16.732,4.69999980926514,0.0,52.487,0.039,0.0,0,130.220260620117,0,1715040,false,350.49827003479,0.0,0.0,0.008,0.0,8
underground,289,17.495,4.57000017166138,0.0,52.487,0.039,0.0,0,130.220260620117,0,1715040,false,350.504438400269,0.0,0.0,0.006,0.0,8
underground,290,16.003,4.66099977493286,0.0,52.487,0.039,0.0,0,130.220260620117,0,1715040,false,350.504438400269,0.0,0.0,0.007,0.0,8
underground,291,16.839,5.12400007247925,0.0,52.487,0.039,0.0,0,130.220260620117,0,1715040,false,350.504438400269,0.0,0.0,0.009,0.0,8
underground,292,16.682,5.14900016784668,0.0,52.487,0.039,0.0,0,130.220260620117,0,1715040,false,350.504438400269,0.0,0.0,0.006,0.0,8
underground,293,16.684,4.69399976730347,0.0,52.487,0.039,0.0,0,130.220260620117,0,1715040,false,350.504438400269,0.0,0.0,0.011,0.0,8
underground,294,17.932,4.84800004959106,0.0,52.487,0.039,0.0,0,130.220260620117,0,1715040,false,350.504507064819,0.0,0.0,0.013,0.0,8
underground,295,15.593,5.46199989318848,0.0,52.487,0.039,0.0,0,130.220260620117,0,1715040,false,350.504438400269,0.0,0.0,0.01,0.0,8
underground,296,19.746,5.3600001335144,0.0,52.487,0.039,0.0,0,130.220260620117,0,1715040,false,350.51060295105,0.0,0.0,0.012,0.0,8
underground,297,13.9,5.19899988174438,0.0,52.487,0.039,0.0,0,130.220260620117,0,1715040,false,350.510599136353,0.0,0.0,0.01,0.0,8
underground,298,15.918,4.77299976348877,0.0,52.487,0.039,0.0,0,130.220260620117,0,1715040,false,350.510606765747,0.0,0.0,0.008,0.0,8
underground,299,16.281,4.65100002288818,0.0,52.487,0.039,0.0,0,130.220260620117,0,1715040,false,350.510606765747,0.0,0.0,0.01,0.0,8
underground,300,17.352,5.14400005340576,0.0,52.487,0.039,0.0,0,130.220260620117,0,1715040,false,350.510606765747,0.0,0.0,0.009,0.0,8
construction,1,10.369,4.67799997329712,0.0,14.495,1.304,0.0,0,129.270065307617,0,1668954,false,342.952732086182,0.0,0.0,0.013,0.0,8
construction,2,16.056,5.03599977493286,0.0,14.495,1.304,0.0,0,129.270065307617,0,1668954,false,342.952732086182,0.0,0.0,0.012,0.0,8
construction,3,16.584,4.85099983215332,0.0,14.495,1.304,0.0,0,129.270065307617,0,1668954,false,342.952777862549,0.0,0.0,0.013,0.0,8
construction,4,19.626,4.80000019073486,0.0,14.495,1.304,0.0,0,129.270065307617,0,1668954,false,342.952869415283,0.0,0.0,0.012,0.0,8
construction,5,14.476,4.7960000038147,0.0,14.495,1.304,0.0,0,129.270065307617,0,1668954,false,342.959033966064,0.0,0.0,0.014,0.0,8
construction,6,16.231,4.96600008010864,0.0,14.495,1.304,0.0,0,129.270065307617,0,1668954,false,342.959175109863,0.0,0.0,0.011,0.0,8
construction,7,16.264,4.41099977493286,0.0,14.495,1.304,0.0,0,129.270065307617,0,1668954,false,342.959175109863,0.0,0.0,0.012,0.0,8
construction,8,17.376,4.61899995803833,0.0,14.495,1.304,0.0,0,129.270065307617,0,1668954,false,342.959175109863,0.0,0.0,0.012,0.0,8
construction,9,16.31,4.98899984359741,0.0,14.495,1.304,0.0,0,129.270065307617,0,1668954,false,342.959354400635,0.0,0.0,0.012,0.0,8
construction,10,16.812,4.79400014877319,0.0,14.495,1.304,0.0,0,129.270065307617,0,1668954,false,342.959362030029,0.0,0.0,0.013,0.0,8
construction,11,19.744,4.83799982070923,0.0,14.495,1.304,0.0,0,129.270065307617,0,1668954,false,342.959362030029,0.0,0.0,0.012,0.0,8
construction,12,14.806,4.94700002670288,0.0,14.495,1.304,0.0,0,129.270065307617,0,1668954,false,342.965599060059,0.0,0.0,0.012,0.0,8
construction,13,15.592,5.27899980545044,0.0,14.495,1.304,0.0,0,129.270065307617,0,1668954,false,342.965805053711,0.0,0.0,0.013,0.0,8
construction,14,15.86,5.0460000038147,0.0,14.495,1.304,0.0,0,129.270065307617,0,1668954,false,342.965797424316,0.0,0.0,0.011,0.0,8
construction,15,16.536,4.41200017929077,0.0,14.495,1.304,0.0,0,129.270065307617,0,1668954,false,342.965805053711,0.0,0.0,0.013,0.0,8
construction,16,16.786,4.17500019073486,0.0,14.495,1.304,0.0,0,129.270065307617,0,1668954,false,342.965805053711,0.0,0.0,0.012,0.0,8
construction,17,17.785,4.73899984359741,0.0,14.495,1.304,0.0,0,129.270065307617,0,1668954,false,342.965805053711,0.0,0.0,0.012,0.0,8
construction,18,18.213,4.34899997711182,0.0,14.495,1.304,0.0,0,129.270065307617,0,1668954,false,342.965805053711,0.0,0.0,0.011,0.0,8
construction,19,15.011,5.34999990463257,0.0,14.495,1.304,0.0,0,129.270065307617,0,1668954,false,342.972385406494,0.0,0.0,0.011,0.0,8
construction,20,16.581,4.60200023651123,0.0,14.495,1.304,0.0,0,129.270065307617,0,1668954,false,342.972385406494,0.0,0.0,0.013,0.0,8
construction,21,16.688,5.14499998092651,0.0,14.495,1.304,0.0,0,129.270065307617,0,1668954,false,342.972385406494,0.0,0.0,0.013,0.0,8
construction,22,16.433,4.77099990844727,0.0,14.495,1.304,0.0,0,129.270065307617,0,1668954,false,342.972385406494,0.0,0.0,0.012,0.0,8
construction,23,16.691,5.21099996566772,0.0,14.495,1.304,0.0,0,129.270065307617,0,1668954,false,342.972385406494,0.0,0.0,0.012,0.0,8
construction,24,16.704,4.65999984741211,0.0,14.495,1.304,0.0,0,129.270065307617,0,1668954,false,342.972385406494,0.0,0.0,0.011,0.0,8
construction,25,20.231,5.29099988937378,0.0,14.495,1.304,0.0,0,129.270065307617,0,1668954,false,342.972385406494,0.0,0.0,0.012,0.0,8
construction,26,12.792,4.3769998550415,0.0,14.495,1.304,0.0,0,129.270065307617,0,1668954,false,342.978549957275,0.0,0.0,0.012,0.0,8
construction,27,16.424,4.29300022125244,0.0,14.495,1.304,0.0,0,129.270065307617,0,1668954,false,342.978553771973,0.0,0.0,0.012,0.0,8
construction,28,17.787,3.90199995040894,0.0,14.495,1.304,0.0,0,129.270065307617,0,1668954,false,342.979263305664,0.0,0.0,0.012,0.0,8
construction,29,16.244,5.13399982452393,0.0,14.495,1.304,0.0,0,129.270065307617,0,1668954,false,342.979194641113,0.0,0.0,0.013,0.0,8
construction,30,16.232,4.83699989318848,0.0,14.495,1.304,0.0,0,129.270065307617,0,1668954,false,342.979194641113,0.0,0.0,0.013,0.0,8
construction,31,17.049,4.79099988937378,0.0,14.495,1.304,0.0,0,129.270065307617,0,1668954,false,342.979194641113,0.0,0.0,0.013,0.0,8
construction,32,19.956,4.51900005340576,0.0,14.495,1.304,0.0,0,129.270065307617,0,1668954,false,342.979194641113,0.0,0.0,0.012,0.0,8
construction,33,12.992,4.51700019836426,0.0,14.495,1.304,0.0,0,129.270065307617,0,1668954,false,342.985363006592,0.0,0.0,0.013,0.0,8
construction,34,16.282,4.25400018692017,0.0,14.495,1.304,0.0,0,129.270065307617,0,1668954,false,342.985363006592,0.0,0.0,0.012,0.0,8
construction,35,17.645,5.22200012207031,0.0,14.495,1.304,0.0,0,129.270065307617,0,1668954,false,342.985363006592,0.0,0.0,0.012,0.0,8
construction,36,16.01,4.37400007247925,0.0,14.495,1.304,0.0,0,129.270065307617,0,1668954,false,342.985359191895,0.0,0.0,0.012,0.0,8
construction,37,16.382,4.55800008773804,0.0,14.495,1.304,0.0,0,129.270065307617,0,1668954,false,342.985363006592,0.0,0.0,0.013,0.0,8
construction,38,16.586,4.37599992752075,0.0,14.495,1.304,0.0,0,129.270065307617,0,1668954,false,342.985363006592,0.0,0.0,0.01,0.0,8
construction,39,19.653,4.82100009918213,0.0,14.495,1.304,0.0,0,129.270065307617,0,1668954,false,342.985363006592,0.0,0.0,0.012,0.0,8
construction,40,13.591,4.17700004577637,0.0,14.495,1.304,0.0,0,129.270065307617,0,1668954,false,342.99153137207,0.0,0.0,0.011,0.0,8
construction,41,16.719,4.36999988555908,0.0,14.495,1.304,0.0,0,129.270065307617,0,1668954,false,342.99153137207,0.0,0.0,0.007,0.0,8
construction,42,16.373,4.3270001411438,0.0,14.495,1.304,0.0,0,129.270065307617,0,1668954,false,342.992488861084,0.0,0.0,0.007,0.0,8
construction,43,16.633,4.62599992752075,0.0,14.495,1.304,0.0,0,129.270065307617,0,1668954,false,342.992492675781,0.0,0.0,0.007,0.0,8
construction,44,17.998,4.39499998092651,0.0,14.495,1.304,0.0,0,129.270065307617,0,1668954,false,342.992561340332,0.0,0.0,0.008,0.0,8
construction,45,15.844,4.46700000762939,0.0,14.495,1.304,0.0,0,129.270065307617,0,1668954,false,342.992492675781,0.0,0.0,0.01,0.0,8
construction,46,19.644,4.78499984741211,0.0,14.495,1.304,0.0,0,129.270065307617,0,1668954,false,342.992492675781,0.0,0.0,0.012,0.0,8
construction,47,14.178,4.86700010299683,0.0,14.495,1.304,0.0,0,129.270065307617,0,1668954,false,342.99866104126,0.0,0.0,0.013,0.0,8
construction,48,16.685,4.31099987030029,0.0,14.495,1.304,0.0,0,129.270065307617,0,1668954,false,342.99866104126,0.0,0.0,0.012,0.0,8
construction,49,16.698,5.28000020980835,0.0,14.495,1.304,0.0,0,129.270065307617,0,1668954,false,342.99866104126,0.0,0.0,0.012,0.0,8
construction,50,15.721,4.45900011062622,0.0,14.495,1.304,0.0,0,129.270065307617,0,1668954,false,342.99866104126,0.0,0.0,0.011,0.0,8
construction,51,17.607,5.34600019454956,0.0,14.495,1.304,0.0,0,129.270065307617,0,1668954,false,342.99866104126,0.0,0.0,0.011,0.0,8
construction,52,16.408,3.90000009536743,0.0,14.495,1.304,0.0,0,129.270065307617,0,1668954,false,342.99866104126,0.0,0.0,0.013,0.0,8
construction,53,20.279,5.35200023651123,0.0,14.495,1.304,0.0,0,129.270065307617,0,1668954,false,342.99866104126,0.0,0.0,0.013,0.0,8
construction,54,12.51,4.2519998550415,0.0,14.495,1.304,0.0,0,129.270065307617,0,1668954,false,343.004821777344,0.0,0.0,0.013,0.0,8
construction,55,17.533,5.22399997711182,0.0,14.495,1.304,0.0,0,129.270065307617,0,1668954,false,343.004829406738,0.0,0.0,0.012,0.0,8
construction,56,16.298,4.35300016403198,0.0,14.495,1.304,0.0,0,129.270065307617,0,1668954,false,343.004829406738,0.0,0.0,0.012,0.0,8
construction,57,16.566,4.85699987411499,0.0,14.495,1.304,0.0,0,129.270065307617,0,1668954,false,343.004829406738,0.0,0.0,0.013,0.0,8
construction,58,16.187,4.42999982833862,0.0,14.495,1.304,0.0,0,129.270065307617,0,1668954,false,343.004829406738,0.0,0.0,0.013,0.0,8
construction,59,17.516,5.24300003051758,0.0,14.495,1.304,0.0,0,129.270065307617,0,1668954,false,343.004829406738,0.0,0.0,0.012,0.0,8
construction,60,20.408,4.97399997711182,0.0,14.495,1.304,0.0,0,129.270065307617,0,1668954,false,343.004898071289,0.0,0.0,0.012,0.0,8
construction,61,14.153,4.92199993133545,0.0,14.495,1.304,0.0,0,129.270065307617,0,1668954,false,343.010997772217,0.0,0.0,0.013,0.0,8
construction,62,15.412,4.84899997711182,0.0,14.495,1.304,0.0,0,129.270065307617,0,1668954,false,343.010997772217,0.0,0.0,0.013,0.0,8
construction,63,16.568,4.8769998550415,0.0,14.495,1.304,0.0,0,129.270065307617,0,1668954,false,343.012413024902,0.0,0.0,0.013,0.0,8
construction,64,17.206,4.82600021362305,0.0,14.495,1.304,0.0,0,129.270065307617,0,1668954,false,343.0124168396,0.0,0.0,0.013,0.0,8
construction,65,16.727,4.94799995422363,0.0,14.495,1.304,0.0,0,129.270065307617,0,1668954,false,343.0124168396,0.0,0.0,0.013,0.0,8
construction,66,15.965,5.02799987792969,0.0,14.495,1.304,0.0,0,129.270065307617,0,1668954,false,343.0124168396,0.0,0.0,0.012,0.0,8
construction,67,19.974,5.3270001411438,0.0,14.495,1.304,0.0,0,129.270065307617,0,1668954,false,343.012413024902,0.0,0.0,0.011,0.0,8
construction,68,13.934,5.06099987030029,0.0,14.495,1.304,0.0,0,129.270065307617,0,1668954,false,343.018585205078,0.0,0.0,0.012,0.0,8
construction,69,16.554,5.26700019836426,0.0,14.495,1.304,0.0,0,129.270065307617,0,1668954,false,343.018585205078,0.0,0.0,0.012,0.0,8
construction,70,16.415,4.78599977493286,0.0,14.495,1.304,0.0,0,129.270065307617,0,1668954,false,343.018585205078,0.0,0.0,0.012,0.0,8
construction,71,16.396,4.41900014877319,0.0,14.495,1.304,0.0,0,129.270065307617,0,1668954,false,343.018585205078,0.0,0.0,0.012,0.0,8
construction,72,16.974,4.54400014877319,0.0,14.495,1.304,0.0,0,129.270065307617,0,1668954,false,343.018585205078,0.0,0.0,0.011,0.0,8
construction,73,17.021,4.95499992370605,0.0,14.495,1.304,0.0,0,129.270065307617,0,1668954,false,343.018585205078,0.0,0.0,0.014,0.0,8
construction,74,19.179,4.9210000038147,0.0,14.495,1.304,0.0,0,129.270065307617,0,1668954,false,343.018581390381,0.0,0.0,0.012,0.0,8
construction,75,13.997,4.79300022125244,0.0,14.495,1.304,0.0,0,129.270065307617,0,1668954,false,343.024753570557,0.0,0.0,0.012,0.0,8
construction,76,16.987,4.38600015640259,0.0,14.495,1.304,0.0,0,129.270065307617,0,1668954,false,343.024822235107,0.0,0.0,0.013,0.0,8
construction,77,16.707,5.49399995803833,0.0,14.495,1.304,0.0,0,129.270065307617,0,1668954,false,343.024753570557,0.0,0.0,0.012,0.0,8
construction,78,16.0,5.34899997711182,0.0,14.495,1.304,0.0,0,129.270065307617,0,1668954,false,343.024745941162,0.0,0.0,0.012,0.0,8
construction,79,16.697,4.75099992752075,0.0,14.495,1.304,0.0,0,129.270065307617,0,1668954,false,343.024753570557,0.0,0.0,0.011,0.0,8
construction,80,16.419,4.61299991607666,0.0,14.495,1.304,0.0,0,129.270065307617,0,1668954,false,343.024753570557,0.0,0.0,0.012,0.0,8
construction,81,20.982,5.33199977874756,0.0,14.495,1.304,0.0,0,129.270065307617,0,1668954,false,343.024753570557,0.0,0.0,0.014,0.0,8
construction,82,12.624,4.78700017929077,0.0,14.495,1.304,0.0,0,129.270065307617,0,1668954,false,343.030921936035,0.0,0.0,0.01,0.0,8
construction,83,17.015,5.03000020980835,0.0,14.495,1.304,0.0,0,129.270065307617,0,1668954,false,343.030921936035,0.0,0.0,0.012,0.0,8
construction,84,16.042,4.43200016021729,0.0,14.495,1.304,0.0,0,129.270065307617,0,1668954,false,343.030921936035,0.0,0.0,0.009,0.0,8
construction,85,17.026,5.38500022888184,0.0,14.495,1.304,0.0,0,129.270065307617,0,1668954,false,343.030921936035,0.0,0.0,0.01,0.0,8
construction,86,16.111,4.47300004959106,0.0,14.495,1.304,0.0,0,129.270065307617,0,1668954,false,343.030921936035,0.0,0.0,0.012,0.0,8
construction,87,16.661,4.44799995422363,0.0,14.495,1.304,0.0,0,129.270065307617,0,1668954,false,343.030921936035,0.0,0.0,0.012,0.0,8
construction,88,20.128,3.96700000762939,0.0,14.495,1.304,0.0,0,129.270065307617,0,1668954,false,343.030921936035,0.0,0.0,0.013,0.0,8
construction,89,13.324,4.52699995040894,0.0,14.495,1.304,0.0,0,129.270065307617,0,1668954,false,343.037090301514,0.0,0.0,0.012,0.0,8
construction,90,21.359,5.47499990463257,0.0,14.495,1.304,0.0,0,129.270065307617,0,1668954,false,343.037090301514,0.0,0.0,0.011,0.0,8
construction,91,12.356,4.75799989700317,0.0,14.495,1.304,0.0,0,129.270065307617,0,1668954,false,343.037090301514,0.0,0.0,0.012,0.0,8
construction,92,17.34,4.37900018692017,0.0,14.495,1.304,0.0,0,129.270065307617,0,1668954,false,343.037155151367,0.0,0.0,0.012,0.0,8
construction,93,15.673,4.86899995803833,0.0,14.495,1.304,0.0,0,129.270065307617,0,1668954,false,343.037090301514,0.0,0.0,0.012,0.0,8
construction,94,16.379,4.29699993133545,0.0,14.495,1.304,0.0,0,129.270065307617,0,1668954,false,343.039241790771,0.0,0.0,0.013,0.0,8
construction,95,21.066,5.60200023651123,0.0,14.495,1.304,0.0,0,129.270065307617,0,1668954,false,343.039241790771,0.0,0.0,0.012,0.0,8
construction,96,12.932,4.38500022888184,0.0,14.495,1.304,0.0,0,129.270065307617,0,1668954,false,343.04541015625,0.0,0.0,0.012,0.0,8
construction,97,16.311,4.85200023651123,0.0,14.495,1.304,0.0,0,129.270065307617,0,1668954,false,343.04541015625,0.0,0.0,0.013,0.0,8
construction,98,16.335,4.38299989700317,0.0,14.495,1.304,0.0,0,129.270065307617,0,1668954,false,343.04541015625,0.0,0.0,0.013,0.0,8
construction,99,16.808,4.89900016784668,0.0,14.495,1.304,0.0,0,129.270065307617,0,1668954,false,343.04541015625,0.0,0.0,0.01,0.0,8
construction,100,16.959,3.96199989318848,0.0,14.495,1.304,0.0,0,129.270065307617,0,1668954,false,343.045413970947,0.0,0.0,0.013,0.0,8
construction,101,17.139,5.42399978637695,0.0,14.495,1.304,0.0,0,129.270065307617,0,1668954,false,343.045413970947,0.0,0.0,0.013,0.0,8
construction,102,18.381,4.29099988937378,0.0,14.495,1.304,0.0,0,129.270065307617,0,1668954,false,343.045413970947,0.0,0.0,0.011,0.0,8
construction,103,15.138,5.33300018310547,0.0,14.495,1.304,0.0,0,129.270065307617,0,1668954,false,343.051582336426,0.0,0.0,0.014,0.0,8
construction,104,16.235,4.40399980545044,0.0,14.495,1.304,0.0,0,129.270065307617,0,1668954,false,343.051582336426,0.0,0.0,0.013,0.0,8
construction,105,16.569,4.92000007629395,0.0,14.495,1.304,0.0,0,129.270065307617,0,1668954,false,343.051582336426,0.0,0.0,0.012,0.0,8
construction,106,16.013,4.29899978637695,0.0,14.495,1.304,0.0,0,129.270065307617,0,1668954,false,343.051582336426,0.0,0.0,0.012,0.0,8
construction,107,17.15,4.7979998588562,0.0,14.495,1.304,0.0,0,129.270065307617,0,1668954,false,343.051574707031,0.0,0.0,0.013,0.0,8
construction,108,16.956,4.40500020980835,0.0,14.495,1.304,0.0,0,129.270065307617,0,1668954,false,343.051651000977,0.0,0.0,0.012,0.0,8
construction,109,19.479,5.4060001373291,0.0,14.495,1.304,0.0,0,129.270065307617,0,1668954,false,343.051578521729,0.0,0.0,0.011,0.0,8
construction,110,13.314,4.28900003433228,0.0,14.495,1.304,0.0,0,129.270065307617,0,1668954,false,343.057750701904,0.0,0.0,0.007,0.0,8
construction,111,16.083,4.54300022125244,0.0,14.495,1.304,0.0,0,129.270065307617,0,1668954,false,343.057750701904,0.0,0.0,0.007,0.0,8
construction,112,17.489,4.16699981689453,0.0,14.495,1.304,0.0,0,129.270065307617,0,1668954,false,343.057750701904,0.0,0.0,0.015,0.0,8
construction,113,16.89,4.91400003433228,0.0,14.495,1.304,0.0,0,129.270065307617,0,1668954,false,343.057746887207,0.0,0.0,0.011,0.0,8
construction,114,16.294,4.38899993896484,0.0,14.495,1.304,0.0,0,129.270065307617,0,1668954,false,343.057750701904,0.0,0.0,0.012,0.0,8
construction,115,16.885,4.41200017929077,0.0,14.495,1.304,0.0,0,129.270065307617,0,1668954,false,343.057750701904,0.0,0.0,0.012,0.0,8
construction,116,20.533,4.57100009918213,0.0,14.495,1.304,0.0,0,129.270065307617,0,1668954,false,343.057750701904,0.0,0.0,0.013,0.0,8
construction,117,13.077,4.86899995803833,0.0,14.495,1.304,0.0,0,129.270065307617,0,1668954,false,343.063919067383,0.0,0.0,0.01,0.0,8
construction,118,16.489,4.31099987030029,0.0,14.495,1.304,0.0,0,129.270065307617,0,1668954,false,343.063919067383,0.0,0.0,0.014,0.0,8
construction,119,16.51,4.8600001335144,0.0,14.495,1.304,0.0,0,129.270065307617,0,1668954,false,343.063911437988,0.0,0.0,0.012,0.0,8
construction,120,15.681,4.36199998855591,0.0,14.495,1.304,0.0,0,129.270065307617,0,1668954,false,343.063919067383,0.0,0.0,0.011,0.0,8
construction,121,18.42,4.42700004577637,0.0,14.495,1.304,0.0,0,129.270065307617,0,1668954,false,343.063915252686,0.0,0.0,0.013,0.0,8
construction,122,16.101,4.87200021743774,0.0,14.495,1.304,0.0,0,129.270065307617,0,1668954,false,343.063919067383,0.0,0.0,0.013,0.0,8
construction,123,19.05,4.46099996566772,0.0,14.495,1.304,0.0,0,129.270065307617,0,1668954,false,343.063915252686,0.0,0.0,0.012,0.0,8
construction,124,14.425,4.30200004577637,0.0,14.495,1.304,0.0,0,129.270065307617,0,1668954,false,343.070156097412,0.0,0.0,0.012,0.0,8
construction,125,16.559,4.69299983978271,0.0,14.495,1.304,0.0,0,129.270065307617,0,1668954,false,343.070087432861,0.0,0.0,0.012,0.0,8
construction,126,16.05,4.45300006866455,0.0,14.495,1.304,0.0,0,129.270065307617,0,1668954,false,343.070083618164,0.0,0.0,0.012,0.0,8
construction,127,16.979,4.35200023651123,0.0,14.495,1.304,0.0,0,129.270065307617,0,1668954,false,343.070087432861,0.0,0.0,0.011,0.0,8
construction,128,17.345,5.06899976730347,0.0,14.495,1.304,0.0,0,129.270065307617,0,1668954,false,343.070087432861,0.0,0.0,0.013,0.0,8
construction,129,16.17,4.91800022125244,0.0,14.495,1.304,0.0,0,129.270065307617,0,1668954,false,343.070083618164,0.0,0.0,0.012,0.0,8
construction,130,19.15,4.49399995803833,0.0,14.495,1.304,0.0,0,129.270065307617,0,1668954,false,343.070083618164,0.0,0.0,0.012,0.0,8
construction,131,14.202,4.54899978637695,0.0,14.495,1.304,0.0,0,129.270065307617,0,1668954,false,343.07625579834,0.0,0.0,0.012,0.0,8
construction,132,16.916,4.72399997711182,0.0,14.495,1.304,0.0,0,129.270065307617,0,1668954,false,343.07625579834,0.0,0.0,0.012,0.0,8
construction,133,16.351,4.85400009155273,0.0,14.495,1.304,0.0,0,129.270065307617,0,1668954,false,343.07625579834,0.0,0.0,0.012,0.0,8
construction,134,16.851,4.77899980545044,0.0,14.495,1.304,0.0,0,129.270065307617,0,1668954,false,343.07625579834,0.0,0.0,0.013,0.0,8
construction,135,16.863,5.05499982833862,0.0,14.495,1.304,0.0,0,129.270065307617,0,1668954,false,343.07625579834,0.0,0.0,0.012,0.0,8
construction,136,16.34,3.97399997711182,0.0,14.495,1.304,0.0,0,129.270065307617,0,1668954,false,343.076251983643,0.0,0.0,0.013,0.0,8
construction,137,19.638,4.92399978637695,0.0,14.495,1.304,0.0,0,129.270065307617,0,1668954,false,343.07625579834,0.0,0.0,0.012,0.0,8
construction,138,13.547,4.48999977111816,0.0,14.495,1.304,0.0,0,129.270065307617,0,1668954,false,343.082424163818,0.0,0.0,0.012,0.0,8
construction,139,17.139,5.26700019836426,0.0,14.495,1.304,0.0,0,129.270065307617,0,1668954,false,343.082424163818,0.0,0.0,0.013,0.0,8
construction,140,17.06,4.64499998092651,0.0,14.495,1.304,0.0,0,129.270065307617,0,1668954,false,343.082489013672,0.0,0.0,0.013,0.0,8
construction,141,15.451,4.50400018692017,0.0,14.495,1.304,0.0,0,129.270065307617,0,1668954,false,343.085628509521,0.0,0.0,0.012,0.0,8
construction,142,16.721,4.33099985122681,0.0,14.495,1.304,0.0,0,129.270065307617,0,1668954,false,343.085628509521,0.0,0.0,0.013,0.0,8
construction,143,17.289,4.94600009918213,0.0,14.495,1.304,0.0,0,129.270065307617,0,1668954,false,343.085628509521,0.0,0.0,0.013,0.0,8
construction,144,19.738,4.90999984741211,0.0,14.495,1.304,0.0,0,129.270065307617,0,1668954,false,343.085628509521,0.0,0.0,0.012,0.0,8
construction,145,13.273,4.93900012969971,0.0,14.495,1.304,0.0,0,129.270065307617,0,1668954,false,343.091796875,0.0,0.0,0.01,0.0,8
construction,146,16.786,5.1100001335144,0.0,14.495,1.304,0.0,0,129.270065307617,0,1668954,false,343.091793060303,0.0,0.0,0.012,0.0,8
construction,147,16.426,4.65700006484985,0.0,14.495,1.304,0.0,0,129.270065307617,0,1668954,false,343.091796875,0.0,0.0,0.013,0.0,8
construction,148,17.09,4.07200002670288,0.0,14.495,1.304,0.0,0,129.270065307617,0,1668954,false,343.091793060303,0.0,0.0,0.012,0.0,8
construction,149,16.669,5.29500007629395,0.0,14.495,1.304,0.0,0,129.270065307617,0,1668954,false,343.091796875,0.0,0.0,0.012,0.0,8
construction,150,16.015,4.3899998664856,0.0,14.495,1.304,0.0,0,129.270065307617,0,1668954,false,343.091793060303,0.0,0.0,0.012,0.0,8
construction,151,20.213,4.96700000762939,0.0,14.495,1.304,0.0,0,129.270065307617,0,1668954,false,343.091796875,0.0,0.0,0.014,0.0,8
construction,152,14.102,4.06400012969971,0.0,14.495,1.304,0.0,0,129.270065307617,0,1668954,false,343.097965240479,0.0,0.0,0.012,0.0,8
construction,153,16.329,4.97800016403198,0.0,14.495,1.304,0.0,0,129.270065307617,0,1668954,false,343.097965240479,0.0,0.0,0.011,0.0,8
construction,154,15.848,4.41099977493286,0.0,14.495,1.304,0.0,0,129.270065307617,0,1668954,false,343.097965240479,0.0,0.0,0.012,0.0,8
construction,155,17.596,5.13299989700317,0.0,14.495,1.304,0.0,0,129.270065307617,0,1668954,false,343.097965240479,0.0,0.0,0.011,0.0,8
construction,156,16.906,4.48999977111816,0.0,14.495,1.304,0.0,0,129.270065307617,0,1668954,false,343.098033905029,0.0,0.0,0.012,0.0,8
construction,157,16.472,5.06699991226196,0.0,14.495,1.304,0.0,0,129.270065307617,0,1668954,false,343.097965240479,0.0,0.0,0.012,0.0,8
construction,158,20.045,5.39699983596802,0.0,14.495,1.304,0.0,0,129.270065307617,0,1668954,false,343.097965240479,0.0,0.0,0.012,0.0,8
construction,159,13.735,5.13100004196167,0.0,14.495,1.304,0.0,0,129.270065307617,0,1668954,false,343.104133605957,0.0,0.0,0.012,0.0,8
construction,160,16.202,4.66499996185303,0.0,14.495,1.304,0.0,0,129.270065307617,0,1668954,false,343.104133605957,0.0,0.0,0.012,0.0,8
construction,161,16.472,4.97399997711182,0.0,14.495,1.304,0.0,0,129.270065307617,0,1668954,false,343.104133605957,0.0,0.0,0.012,0.0,8
construction,162,16.28,5.16599988937378,0.0,14.495,1.304,0.0,0,129.270065307617,0,1668954,false,343.10412979126,0.0,0.0,0.012,0.0,8
construction,163,16.796,5.0939998626709,0.0,14.495,1.304,0.0,0,129.270065307617,0,1668954,false,343.10412979126,0.0,0.0,0.013,0.0,8
construction,164,17.244,4.48799991607666,0.0,14.495,1.304,0.0,0,129.270065307617,0,1668954,false,343.104133605957,0.0,0.0,0.013,0.0,8
construction,165,19.052,4.57999992370605,0.0,14.495,1.304,0.0,0,129.270065307617,0,1668954,false,343.104133605957,0.0,0.0,0.012,0.0,8
construction,166,13.651,4.55399990081787,0.0,14.495,1.304,0.0,0,129.270065307617,0,1668954,false,343.110301971436,0.0,0.0,0.012,0.0,8
construction,167,16.742,4.64499998092651,0.0,14.495,1.304,0.0,0,129.270065307617,0,1668954,false,343.110301971436,0.0,0.0,0.012,0.0,8
construction,168,16.651,4.4980001449585,0.0,14.495,1.304,0.0,0,129.270065307617,0,1668954,false,343.110298156738,0.0,0.0,0.012,0.0,8
construction,169,17.271,4.50299978256226,0.0,14.495,1.304,0.0,0,129.270065307617,0,1668954,false,343.110301971436,0.0,0.0,0.012,0.0,8
construction,170,16.336,5.2039999961853,0.0,14.495,1.304,0.0,0,129.270065307617,0,1668954,false,343.110298156738,0.0,0.0,0.013,0.0,8
construction,171,16.546,4.94899988174438,0.0,14.495,1.304,0.0,0,129.270065307617,0,1668954,false,343.110301971436,0.0,0.0,0.013,0.0,8
construction,172,20.412,4.7189998626709,0.0,14.495,1.304,0.0,0,129.270065307617,0,1668954,false,343.110366821289,0.0,0.0,0.013,0.0,8
construction,173,13.019,4.64699983596802,0.0,14.495,1.304,0.0,0,129.270065307617,0,1668954,false,343.116470336914,0.0,0.0,0.013,0.0,8
construction,174,16.655,5.04500007629395,0.0,14.495,1.304,0.0,0,129.270065307617,0,1668954,false,343.116470336914,0.0,0.0,0.012,0.0,8
construction,175,17.751,4.58900022506714,0.0,14.495,1.304,0.0,0,129.270065307617,0,1668954,false,343.116470336914,0.0,0.0,0.012,0.0,8
construction,176,15.681,4.48099994659424,0.0,14.495,1.304,0.0,0,129.270065307617,0,1668954,false,343.116470336914,0.0,0.0,0.01,0.0,8
construction,177,16.33,4.91900014877319,0.0,14.495,1.304,0.0,0,129.270065307617,0,1668954,false,343.116466522217,0.0,0.0,0.009,0.0,8
construction,178,16.212,5.09499979019165,0.0,14.495,1.304,0.0,0,129.270065307617,0,1668954,false,343.116470336914,0.0,0.0,0.007,0.0,8
construction,179,18.59,5.36999988555908,0.0,14.495,1.304,0.0,0,129.270065307617,0,1668954,false,343.116466522217,0.0,0.0,0.007,0.0,8
construction,180,15.196,5.06500005722046,0.0,14.495,1.304,0.0,0,129.270065307617,0,1668954,false,343.122638702393,0.0,0.0,0.009,0.0,8
construction,181,17.752,4.85400009155273,0.0,14.495,1.304,0.0,0,129.270065307617,0,1668954,false,343.122638702393,0.0,0.0,0.011,0.0,8
construction,182,16.417,5.16300010681152,0.0,14.495,1.304,0.0,0,129.270065307617,0,1668954,false,343.122638702393,0.0,0.0,0.012,0.0,8
construction,183,15.945,4.42799997329712,0.0,14.495,1.304,0.0,0,129.270065307617,0,1668954,false,343.122638702393,0.0,0.0,0.012,0.0,8
construction,184,16.672,4.81199979782104,0.0,14.495,1.304,0.0,0,129.270065307617,0,1668954,false,343.122638702393,0.0,0.0,0.013,0.0,8
construction,185,17.12,5.51399993896484,0.0,14.495,1.304,0.0,0,129.270065307617,0,1668954,false,343.122634887695,0.0,0.0,0.012,0.0,8
construction,186,20.325,5.24900007247925,0.0,14.495,1.304,0.0,0,129.270065307617,0,1668954,false,343.122638702393,0.0,0.0,0.013,0.0,8
construction,187,13.28,5.36299991607666,0.0,14.495,1.304,0.0,0,129.270065307617,0,1668954,false,343.128803253174,0.0,0.0,0.012,0.0,8
construction,188,16.702,4.49399995803833,0.0,14.495,1.304,0.0,0,129.270065307617,0,1668954,false,343.128875732422,0.0,0.0,0.012,0.0,8
construction,189,16.469,5.3769998550415,0.0,14.495,1.304,0.0,0,129.270065307617,0,1668954,false,343.128803253174,0.0,0.0,0.012,0.0,8
construction,190,15.471,4.40100002288818,0.0,14.495,1.304,0.0,0,129.270065307617,0,1668954,false,343.128807067871,0.0,0.0,0.012,0.0,8
construction,191,17.726,5.15100002288818,0.0,14.495,1.304,0.0,0,129.270065307617,0,1668954,false,343.128807067871,0.0,0.0,0.012,0.0,8
construction,192,16.112,4.50299978256226,0.0,14.495,1.304,0.0,0,129.270065307617,0,1668954,false,343.128807067871,0.0,0.0,0.012,0.0,8
construction,193,20.683,5.63100004196167,0.0,14.495,1.304,0.0,0,129.270065307617,0,1668954,false,343.128807067871,0.0,0.0,0.013,0.0,8
construction,194,13.236,5.01000022888184,0.0,14.495,1.304,0.0,0,129.270065307617,0,1668954,false,343.13497543335,0.0,0.0,0.011,0.0,8
construction,195,16.193,4.61600017547607,0.0,14.495,1.304,0.0,0,129.270065307617,0,1668954,false,343.13497543335,0.0,0.0,0.012,0.0,8
construction,196,16.79,4.41400003433228,0.0,14.495,1.304,0.0,0,129.270065307617,0,1668954,false,343.134971618652,0.0,0.0,0.013,0.0,8
construction,197,16.789,4.92000007629395,0.0,14.495,1.304,0.0,0,129.270065307617,0,1668954,false,343.13497543335,0.0,0.0,0.012,0.0,8
construction,198,16.19,4.61399984359741,0.0,14.495,1.304,0.0,0,129.270065307617,0,1668954,false,343.134971618652,0.0,0.0,0.012,0.0,8
construction,199,17.258,4.93200016021729,0.0,14.495,1.304,0.0,0,129.270065307617,0,1668954,false,343.13497543335,0.0,0.0,0.012,0.0,8
construction,200,19.173,4.41499996185303,0.0,14.495,1.304,0.0,0,129.270065307617,0,1668954,false,343.13497543335,0.0,0.0,0.01,0.0,8
construction,201,13.699,4.98400020599365,0.0,14.495,1.304,0.0,0,129.270065307617,0,1668954,false,343.141143798828,0.0,0.0,0.01,0.0,8
construction,202,16.888,4.50400018692017,0.0,14.495,1.304,0.0,0,129.270065307617,0,1668954,false,343.141143798828,0.0,0.0,0.013,0.0,8
construction,203,15.769,4.86999988555908,0.0,14.495,1.304,0.0,0,129.270065307617,0,1668954,false,343.141143798828,0.0,0.0,0.007,0.0,8
construction,204,17.01,4.92899990081787,0.0,14.495,1.304,0.0,0,129.270065307617,0,1668954,false,343.141208648682,0.0,0.0,0.007,0.0,8
construction,205,16.689,4.38800001144409,0.0,14.495,1.304,0.0,0,129.270065307617,0,1668954,false,343.141143798828,0.0,0.0,0.007,0.0,8
construction,206,16.13,4.56899976730347,0.0,14.495,1.304,0.0,0,129.270065307617,0,1668954,false,343.141139984131,0.0,0.0,0.007,0.0,8
construction,207,18.313,4.53200006484985,0.0,14.495,1.304,0.0,0,129.270065307617,0,1668954,false,343.141143798828,0.0,0.0,0.007,0.0,8
construction,208,15.577,5.03000020980835,0.0,14.495,1.304,0.0,0,129.270065307617,0,1668954,false,343.147312164307,0.0,0.0,0.007,0.0,8
construction,209,16.963,5.07100009918213,0.0,14.495,1.304,0.0,0,129.270065307617,0,1668954,false,343.147312164307,0.0,0.0,0.006,0.0,8
construction,210,16.328,4.46500015258789,0.0,14.495,1.304,0.0,0,129.270065307617,0,1668954,false,343.147312164307,0.0,0.0,0.009,0.0,8
construction,211,16.732,4.55100011825562,0.0,14.495,1.304,0.0,0,129.270065307617,0,1668954,false,343.155300140381,0.0,0.0,0.011,0.0,8
construction,212,16.571,4.71999979019165,0.0,14.495,1.304,0.0,0,129.270065307617,0,1668954,false,343.155300140381,0.0,0.0,0.007,0.0,8
construction,213,17.062,3.56800007820129,0.0,14.495,1.304,0.0,0,129.270065307617,0,1668954,false,343.155300140381,0.0,0.0,0.006,0.0,8
construction,214,17.43,4.48999977111816,0.0,14.495,1.304,0.0,0,129.270065307617,0,1668954,false,343.155296325684,0.0,0.0,0.007,0.0,8
construction,215,14.999,3.98099994659424,0.0,14.495,1.304,0.0,0,129.270065307617,0,1668954,false,343.161468505859,0.0,0.0,0.007,0.0,8
construction,216,16.143,4.43400001525879,0.0,14.495,1.304,0.0,0,129.270065307617,0,1668954,false,343.161468505859,0.0,0.0,0.006,0.0,8
construction,217,17.556,4.63800001144409,0.0,14.495,1.304,0.0,0,129.270065307617,0,1668954,false,343.161468505859,0.0,0.0,0.007,0.0,8
construction,218,16.309,4.58799982070923,0.0,14.495,1.304,0.0,0,129.270065307617,0,1668954,false,343.161468505859,0.0,0.0,0.007,0.0,8
construction,219,16.473,3.96300005912781,0.0,14.495,1.304,0.0,0,129.270065307617,0,1668954,false,343.161468505859,0.0,0.0,0.007,0.0,8
construction,220,16.973,4.57800006866455,0.0,14.495,1.304,0.0,0,129.270065307617,0,1668954,false,343.16153717041,0.0,0.0,0.007,0.0,8
construction,221,18.307,4.20499992370605,0.0,14.495,1.304,0.0,0,129.270065307617,0,1668954,false,343.161468505859,0.0,0.0,0.007,0.0,8
construction,222,14.838,4.41400003433228,0.0,14.495,1.304,0.0,0,129.270065307617,0,1668954,false,343.167636871338,0.0,0.0,0.007,0.0,8
construction,223,16.611,3.97499990463257,0.0,14.495,1.304,0.0,0,129.270065307617,0,1668954,false,343.167636871338,0.0,0.0,0.007,0.0,8
construction,224,16.612,4.52500009536743,0.0,14.495,1.304,0.0,0,129.270065307617,0,1668954,false,343.170818328857,0.0,0.0,0.006,0.0,8
construction,225,18.225,4.9520001411438,0.0,14.495,1.304,0.0,0,129.270065307617,0,1668954,false,343.17081451416,0.0,0.0,0.012,0.0,8
construction,226,15.813,4.87799978256226,0.0,14.495,1.304,0.0,0,129.270065307617,0,1668954,false,343.170818328857,0.0,0.0,0.013,0.0,8
construction,227,16.132,4.41300010681152,0.0,14.495,1.304,0.0,0,129.270065307617,0,1668954,false,343.170818328857,0.0,0.0,0.007,0.0,8
construction,228,18.867,4.52799987792969,0.0,14.495,1.304,0.0,0,129.270065307617,0,1668954,false,343.170818328857,0.0,0.0,0.006,0.0,8
construction,229,15.472,5.0310001373291,0.0,14.495,1.304,0.0,0,129.270065307617,0,1668954,false,343.176982879639,0.0,0.0,0.007,0.0,8
construction,230,16.337,4.89699983596802,0.0,14.495,1.304,0.0,0,129.270065307617,0,1668954,false,343.176986694336,0.0,0.0,0.007,0.0,8
construction,231,16.104,4.50400018692017,0.0,14.495,1.304,0.0,0,129.270065307617,0,1668954,false,343.176986694336,0.0,0.0,0.011,0.0,8
construction,232,17.452,4.53599977493286,0.0,14.495,1.304,0.0,0,129.270065307617,0,1668954,false,343.176986694336,0.0,0.0,0.012,0.0,8
construction,233,17.241,3.58200001716614,0.0,14.495,1.304,0.0,0,129.270065307617,0,1668954,false,343.176986694336,0.0,0.0,0.009,0.0,8
construction,234,17.246,5.0019998550415,0.0,14.495,1.304,0.0,0,129.270065307617,0,1668954,false,343.176982879639,0.0,0.0,0.012,0.0,8
construction,235,17.958,4.31199979782104,0.0,14.495,1.304,0.0,0,129.270065307617,0,1668954,false,343.176986694336,0.0,0.0,0.013,0.0,8
construction,236,15.407,4.61999988555908,0.0,14.495,1.304,0.0,0,129.270065307617,0,1668954,false,343.183223724365,0.0,0.0,0.012,0.0,8
construction,237,15.272,4.44299983978271,0.0,14.495,1.304,0.0,0,129.270065307617,0,1668954,false,343.183155059814,0.0,0.0,0.012,0.0,8
construction,238,16.605,4.56199979782104,0.0,14.495,1.304,0.0,0,129.270065307617,0,1668954,false,343.183155059814,0.0,0.0,0.011,0.0,8
construction,239,16.219,4.33199977874756,0.0,14.495,1.304,0.0,0,129.270065307617,0,1668954,false,343.183155059814,0.0,0.0,0.008,0.0,8
construction,240,18.002,4.46400022506714,0.0,14.495,1.304,0.0,0,129.270065307617,0,1668954,false,343.183155059814,0.0,0.0,0.011,0.0,8
construction,241,15.886,4.39300012588501,0.0,14.495,1.304,0.0,0,129.270065307617,0,1668954,false,343.183155059814,0.0,0.0,0.012,0.0,8
construction,242,20.449,4.96299982070923,0.0,14.495,1.304,0.0,3,129.270065307617,0,1668954,false,343.229682922363,0.0,0.0,0.012,0.0,8
construction,243,15.582,4.93300008773804,0.0,13.813,1.77,0.0,2,129.312213897705,0,1668954,false,343.45782661438,0.0,0.0,2.196,0.0,8
construction,244,17.372,4.74499988555908,0.0,17.62,2.005,0.0,1,129.355003356934,0,1668954,false,343.585054397583,0.0,0.0,2.499,0.0,8
construction,245,15.901,5.52600002288818,0.0,16.458,1.434,0.0,0,129.397441864014,0,1668954,false,343.717416763306,0.0,0.0,1.81,0.0,8
construction,246,15.164,5.32800006866455,0.0,14.63,0.626,0.0,0,129.440315246582,0,1668954,false,343.712455749512,0.0,0.0,0.802,0.0,8
construction,247,15.075,4.50799989700317,0.0,14.63,0.626,0.0,0,129.440315246582,0,1668954,false,343.713077545166,0.0,0.0,0.007,0.0,8
construction,248,17.023,4.71199989318848,0.0,14.63,0.626,0.0,0,129.440315246582,0,1668954,false,343.713077545166,0.0,0.0,0.007,0.0,8
construction,249,19.681,5.00500011444092,0.0,14.63,0.626,0.0,0,128.563575744629,0,1668954,false,342.824726104736,0.0,0.0,0.011,0.0,8
construction,250,13.855,4.54199981689453,0.0,14.63,0.626,0.0,0,128.563575744629,0,1668954,false,342.79748916626,0.0,0.0,0.011,0.0,8
construction,251,16.929,5.09800004959106,0.0,14.63,0.626,0.0,0,128.563575744629,0,1668954,false,342.79748916626,0.0,0.0,0.012,0.0,8
construction,252,17.682,4.71999979019165,0.0,14.63,0.626,0.0,0,128.563575744629,0,1668954,false,342.796710968018,0.0,0.0,0.012,0.0,8
construction,253,15.266,4.39300012588501,0.0,14.63,0.626,0.0,0,128.563575744629,0,1668954,false,342.796642303467,0.0,0.0,0.013,0.0,8
construction,254,17.007,4.53800010681152,0.0,14.63,0.626,0.0,0,128.563575744629,0,1668954,false,342.796642303467,0.0,0.0,0.013,0.0,8
construction,255,16.094,4.50899982452393,0.0,14.63,0.626,0.0,0,128.563575744629,0,1668954,false,342.796642303467,0.0,0.0,0.013,0.0,8
construction,256,20.496,4.73099994659424,0.0,14.63,0.626,0.0,0,128.563575744629,0,1668954,false,342.796642303467,0.0,0.0,0.012,0.0,8
construction,257,13.306,4.99200010299683,0.0,14.63,0.626,0.0,0,128.563575744629,0,1668954,false,342.802810668945,0.0,0.0,0.012,0.0,8
construction,258,16.575,4.52500009536743,0.0,14.63,0.626,0.0,0,128.563575744629,0,1668954,false,342.802810668945,0.0,0.0,0.011,0.0,8
construction,259,17.569,5.28000020980835,0.0,14.63,0.626,0.0,0,128.563575744629,0,1668954,false,342.802810668945,0.0,0.0,0.013,0.0,8
construction,260,17.286,5.2519998550415,0.0,14.63,0.626,0.0,0,128.563575744629,0,1668954,false,342.802806854248,0.0,0.0,0.013,0.0,8
construction,261,15.338,4.60200023651123,0.0,14.63,0.626,0.0,0,128.563575744629,0,1668954,false,342.802810668945,0.0,0.0,0.012,0.0,8
construction,262,16.716,4.53700017929077,0.0,14.63,0.626,0.0,0,128.563575744629,0,1668954,false,342.802810668945,0.0,0.0,0.012,0.0,8
construction,263,19.431,4.91599988937378,0.0,14.63,0.626,0.0,0,128.563575744629,0,1668954,false,342.802810668945,0.0,0.0,0.012,0.0,8
construction,264,13.857,4.69099998474121,0.0,14.63,0.626,0.0,0,128.563575744629,0,1668954,false,342.812160491943,0.0,0.0,0.012,0.0,8
construction,265,16.57,4.95900011062622,0.0,14.63,0.626,0.0,0,128.563575744629,0,1668954,false,342.812156677246,0.0,0.0,0.013,0.0,8
construction,266,16.591,4.88899993896484,0.0,14.63,0.626,0.0,0,128.563575744629,0,1668954,false,342.815341949463,0.0,0.0,0.012,0.0,8
construction,267,17.27,5.1100001335144,0.0,14.63,0.626,0.0,0,128.563575744629,0,1668954,false,342.815334320068,0.0,0.0,0.012,0.0,8
construction,268,16.993,4.28900003433228,0.0,14.63,0.626,0.0,0,128.563575744629,0,1668954,false,342.815410614014,0.0,0.0,0.013,0.0,8
construction,269,16.018,4.74300003051758,0.0,14.63,0.626,0.0,0,128.563575744629,0,1668954,false,342.815341949463,0.0,0.0,0.013,0.0,8
construction,270,18.967,4.47700023651123,0.0,14.63,0.626,0.0,0,128.563575744629,0,1668954,false,342.815341949463,0.0,0.0,0.011,0.0,8
construction,271,14.306,4.79099988937378,0.0,14.63,0.626,0.0,0,128.563575744629,0,1668954,false,342.821510314941,0.0,0.0,0.013,0.0,8
construction,272,17.262,4.8769998550415,0.0,14.63,0.626,0.0,0,128.563575744629,0,1668954,false,342.821506500244,0.0,0.0,0.013,0.0,8
construction,273,15.983,4.55200004577637,0.0,14.63,0.626,0.0,0,128.563575744629,0,1668954,false,342.821510314941,0.0,0.0,0.012,0.0,8
construction,274,16.561,4.45100021362305,0.0,14.63,0.626,0.0,0,128.563575744629,0,1668954,false,342.821510314941,0.0,0.0,0.013,0.0,8
construction,275,16.987,5.125,0.0,14.63,0.626,0.0,0,128.563575744629,0,1668954,false,342.821468353271,0.0,0.0,0.013,0.0,8
construction,276,16.526,4.46000003814697,0.0,14.63,0.626,0.0,0,128.563575744629,0,1668954,false,342.821510314941,0.0,0.0,0.011,0.0,8
construction,277,19.782,4.59000015258789,0.0,14.63,0.626,0.0,0,128.563575744629,0,1668954,false,342.821510314941,0.0,0.0,0.013,0.0,8
construction,278,13.569,4.42700004577637,0.0,14.63,0.626,0.0,0,128.563575744629,0,1668954,false,342.82767868042,0.0,0.0,0.013,0.0,8
construction,279,16.341,4.38199996948242,0.0,14.63,0.626,0.0,0,128.563575744629,0,1668954,false,342.82767868042,0.0,0.0,0.012,0.0,8
construction,280,16.954,4.48299980163574,0.0,14.63,0.626,0.0,0,128.563575744629,0,1668954,false,342.82767868042,0.0,0.0,0.013,0.0,8
construction,281,17.03,5.18699979782104,0.0,14.63,0.626,0.0,0,128.563575744629,0,1668954,false,342.827674865723,0.0,0.0,0.012,0.0,8
construction,282,16.054,4.39099979400635,0.0,14.63,0.626,0.0,0,128.563575744629,0,1668954,false,342.82767868042,0.0,0.0,0.012,0.0,8
construction,283,16.626,4.53000020980835,0.0,14.63,0.626,0.0,0,128.563575744629,0,1668954,false,342.82767868042,0.0,0.0,0.013,0.0,8
construction,284,21.514,5.19600009918213,0.0,14.63,0.626,0.0,0,128.563575744629,0,1668954,false,342.827747344971,0.0,0.0,0.013,0.0,8
construction,285,13.109,4.51300001144409,0.0,14.63,0.626,0.0,0,128.563575744629,0,1668954,false,342.833847045898,0.0,0.0,0.012,0.0,8
construction,286,15.6,4.49599981307983,0.0,14.63,0.626,0.0,0,128.563575744629,0,1668954,false,342.833839416504,0.0,0.0,0.013,0.0,8
construction,287,16.387,4.48799991607666,0.0,14.63,0.626,0.0,0,128.563575744629,0,1668954,false,342.833847045898,0.0,0.0,0.012,0.0,8
construction,288,17.152,4.94999980926514,0.0,14.63,0.626,0.0,0,128.563575744629,0,1668954,false,342.833847045898,0.0,0.0,0.012,0.0,8
construction,289,16.973,5.48899984359741,0.0,14.63,0.626,0.0,0,128.563575744629,0,1668954,false,342.837028503418,0.0,0.0,0.013,0.0,8
construction,290,16.529,4.81799983978271,0.0,14.63,0.626,0.0,0,128.563575744629,0,1668954,false,342.837028503418,0.0,0.0,0.012,0.0,8
construction,291,19.067,4.48099994659424,0.0,14.63,0.626,0.0,0,128.563575744629,0,1668954,false,342.837028503418,0.0,0.0,0.013,0.0,8
construction,292,14.058,4.51999998092651,0.0,14.63,0.626,0.0,0,128.563575744629,0,1668954,false,342.843196868896,0.0,0.0,0.014,0.0,8
construction,293,16.858,5.02500009536743,0.0,14.63,0.626,0.0,0,128.563575744629,0,1668954,false,342.843196868896,0.0,0.0,0.013,0.0,8
construction,294,15.958,4.40899991989136,0.0,14.63,0.626,0.0,0,128.563575744629,0,1668954,false,342.843196868896,0.0,0.0,0.011,0.0,8
construction,295,17.05,4.82399988174438,0.0,14.63,0.626,0.0,0,128.563575744629,0,1668954,false,342.843193054199,0.0,0.0,0.156,0.0,8
construction,296,16.192,4.9060001373291,0.0,14.63,0.626,0.0,0,128.563575744629,0,1668954,false,342.843193054199,0.0,0.0,0.01,0.0,8
construction,297,16.6,4.47300004959106,0.0,14.63,0.626,0.0,0,128.563575744629,0,1668954,false,342.843189239502,0.0,0.0,0.012,0.0,8
construction,298,19.859,5.01200008392334,0.0,14.63,0.626,0.0,0,128.563575744629,0,1668954,false,342.843196868896,0.0,0.0,0.012,0.0,8
construction,299,13.757,4.46999979019165,0.0,14.63,0.626,0.0,0,128.563575744629,0,1668954,false,342.849365234375,0.0,0.0,0.012,0.0,8
construction,300,17.769,5.01100015640259,0.0,14.63,0.626,0.0,0,128.563575744629,0,1668954,false,342.849433898926,0.0,0.0,0.01,0.0,8
pre_dig,1,14.242,5.01200008392334,0.0,17.198,0.813,0.0,0,119.53524017334,0,1746184,false,326.585752487183,0.0,0.0,0.014,0.0,8
pre_dig,2,16.03,4.88299989700317,0.0,17.198,0.813,0.0,0,119.53524017334,0,1746184,false,326.58648109436,0.0,0.0,0.013,0.0,8
pre_dig,3,17.485,5.51900005340576,0.0,17.198,0.813,0.0,0,119.53524017334,0,1746184,false,326.586530685425,0.0,0.0,0.013,0.0,8
pre_dig,4,21.097,5.47599983215332,0.0,17.198,0.813,0.0,0,119.53524017334,0,1746184,false,326.592859268188,0.0,0.0,0.014,0.0,8
pre_dig,5,12.504,5.53999996185303,0.0,17.198,0.813,0.0,0,119.53524017334,0,1746184,false,326.5924243927,0.0,0.0,0.013,0.0,8
pre_dig,6,16.409,5.82800006866455,0.0,17.198,0.813,0.0,0,119.53524017334,0,1746184,false,326.592561721802,0.0,0.0,0.014,0.0,8
pre_dig,7,16.842,5.47599983215332,0.0,17.198,0.813,0.0,0,119.53524017334,0,1746184,false,326.592561721802,0.0,0.0,0.012,0.0,8
pre_dig,8,16.553,5.55700016021729,0.0,17.198,0.813,0.0,0,119.53524017334,0,1746184,false,326.592561721802,0.0,0.0,0.011,0.0,8
pre_dig,9,16.393,5.57200002670288,0.0,17.198,0.813,0.0,0,119.53524017334,0,1746184,false,326.592744827271,0.0,0.0,0.012,0.0,8
pre_dig,10,16.854,5.69700002670288,0.0,17.198,0.813,0.0,0,119.53524017334,0,1746184,false,326.592748641968,0.0,0.0,0.013,0.0,8
pre_dig,11,20.373,5.74900007247925,0.0,17.198,0.813,0.0,0,119.53524017334,0,1746184,false,326.598917007446,0.0,0.0,0.012,0.0,8
pre_dig,12,13.022,4.92700004577637,0.0,17.198,0.813,0.0,0,119.53524017334,0,1746184,false,326.598917007446,0.0,0.0,0.013,0.0,8
pre_dig,13,16.514,5.39200019836426,0.0,17.198,0.813,0.0,0,119.53524017334,0,1746184,false,326.599191665649,0.0,0.0,0.014,0.0,8
pre_dig,14,16.237,4.99599981307983,0.0,17.198,0.813,0.0,0,119.53524017334,0,1746184,false,326.599191665649,0.0,0.0,0.013,0.0,8
pre_dig,15,16.565,5.09700012207031,0.0,17.198,0.813,0.0,0,119.53524017334,0,1746184,false,326.599191665649,0.0,0.0,0.01,0.0,8
pre_dig,16,16.594,4.98199987411499,0.0,17.198,0.813,0.0,0,119.53524017334,0,1746184,false,326.599191665649,0.0,0.0,0.011,0.0,8
pre_dig,17,17.228,5.97399997711182,0.0,17.198,0.813,0.0,0,119.53524017334,0,1746184,false,326.599191665649,0.0,0.0,0.008,0.0,8
pre_dig,18,19.085,5.34700012207031,0.0,17.198,0.813,0.0,0,119.53524017334,0,1746184,false,326.605360031128,0.0,0.0,0.012,0.0,8
pre_dig,19,14.346,5.74200010299683,0.0,17.198,0.813,0.0,0,119.53524017334,0,1746184,false,326.605772018433,0.0,0.0,0.012,0.0,8
pre_dig,20,16.657,5.4539999961853,0.0,17.198,0.813,0.0,0,119.53524017334,0,1746184,false,326.605836868286,0.0,0.0,0.009,0.0,8
pre_dig,21,16.775,5.47900009155273,0.0,17.198,0.813,0.0,0,119.53524017334,0,1746184,false,326.605772018433,0.0,0.0,0.012,0.0,8
pre_dig,22,16.305,5.47800016403198,0.0,17.198,0.813,0.0,0,119.53524017334,0,1746184,false,326.605772018433,0.0,0.0,0.013,0.0,8
pre_dig,23,16.787,5.7480001449585,0.0,17.198,0.813,0.0,0,119.53524017334,0,1746184,false,326.605768203735,0.0,0.0,0.012,0.0,8
pre_dig,24,16.704,5.38399982452393,0.0,17.198,0.813,0.0,0,119.53524017334,0,1746184,false,326.605772018433,0.0,0.0,0.012,0.0,8
pre_dig,25,20.031,5.75400018692017,0.0,17.198,0.813,0.0,0,119.53524017334,0,1746184,false,326.611940383911,0.0,0.0,0.012,0.0,8
pre_dig,26,13.329,5.34800004959106,0.0,17.198,0.813,0.0,0,119.53524017334,0,1746184,false,326.611940383911,0.0,0.0,0.012,0.0,8
pre_dig,27,16.61,5.35500001907349,0.0,17.198,0.813,0.0,0,119.53524017334,0,1746184,false,326.611936569214,0.0,0.0,0.012,0.0,8
pre_dig,28,16.267,4.9539999961853,0.0,17.198,0.813,0.0,0,119.53524017334,0,1746184,false,326.612577438354,0.0,0.0,0.011,0.0,8
pre_dig,29,16.834,5.41300010681152,0.0,17.198,0.813,0.0,0,119.53524017334,0,1746184,false,326.612581253052,0.0,0.0,0.012,0.0,8
pre_dig,30,17.088,5.58799982070923,0.0,17.198,0.813,0.0,0,119.53524017334,0,1746184,false,326.612581253052,0.0,0.0,0.013,0.0,8
pre_dig,31,16.766,5.53999996185303,0.0,17.198,0.813,0.0,0,119.53524017334,0,1746184,false,326.612581253052,0.0,0.0,0.012,0.0,8
pre_dig,32,19.988,5.43100023269653,0.0,17.198,0.813,0.0,0,119.53524017334,0,1746184,false,326.61874961853,0.0,0.0,0.013,0.0,8
pre_dig,33,13.222,5.67899990081787,0.0,17.198,0.813,0.0,0,119.53524017334,0,1746184,false,326.61874961853,0.0,0.0,0.013,0.0,8
pre_dig,34,16.66,5.48999977111816,0.0,17.198,0.813,0.0,0,119.53524017334,0,1746184,false,326.618745803833,0.0,0.0,0.014,0.0,8
pre_dig,35,17.277,5.86600017547607,0.0,17.198,0.813,0.0,0,119.53524017334,0,1746184,false,326.61874961853,0.0,0.0,0.012,0.0,8
pre_dig,36,16.471,5.04899978637695,0.0,17.198,0.813,0.0,0,119.53524017334,0,1746184,false,326.618818283081,0.0,0.0,0.012,0.0,8
pre_dig,37,16.349,5.73699998855591,0.0,17.198,0.813,0.0,0,119.53524017334,0,1746184,false,326.61874961853,0.0,0.0,0.012,0.0,8
pre_dig,38,17.1,5.47499990463257,0.0,17.198,0.813,0.0,0,119.53524017334,0,1746184,false,326.618741989136,0.0,0.0,0.012,0.0,8
pre_dig,39,19.296,5.48400020599365,0.0,17.198,0.813,0.0,0,119.53524017334,0,1746184,false,326.624917984009,0.0,0.0,0.013,0.0,8
pre_dig,40,13.292,5.22200012207031,0.0,17.198,0.813,0.0,0,119.53524017334,0,1746184,false,326.624917984009,0.0,0.0,0.012,0.0,8
pre_dig,41,16.83,5.51900005340576,0.0,17.198,0.813,0.0,0,119.53524017334,0,1746184,false,326.624914169312,0.0,0.0,0.012,0.0,8
pre_dig,42,16.649,5.46799993515015,0.0,17.198,0.813,0.0,0,119.53524017334,0,1746184,false,326.62587928772,0.0,0.0,0.014,0.0,8
pre_dig,43,16.677,5.83099985122681,0.0,17.198,0.813,0.0,0,119.53524017334,0,1746184,false,326.62587928772,0.0,0.0,0.012,0.0,8
pre_dig,44,17.199,5.78000020980835,0.0,17.198,0.813,0.0,0,119.53524017334,0,1746184,false,326.62587928772,0.0,0.0,0.012,0.0,8
pre_dig,45,16.902,6.10200023651123,0.0,17.198,0.813,0.0,0,119.53524017334,0,1746184,false,326.62587928772,0.0,0.0,0.013,0.0,8
pre_dig,46,18.274,5.48400020599365,0.0,17.198,0.813,0.0,0,119.53524017334,0,1746184,false,326.632047653198,0.0,0.0,0.013,0.0,8
pre_dig,47,15.19,5.25099992752075,0.0,17.198,0.813,0.0,0,119.53524017334,0,1746184,false,326.632043838501,0.0,0.0,0.012,0.0,8
pre_dig,48,15.593,4.82800006866455,0.0,17.198,0.813,0.0,0,119.53524017334,0,1746184,false,326.632047653198,0.0,0.0,0.012,0.0,8
pre_dig,49,16.095,4.94500017166138,0.0,17.198,0.813,0.0,0,119.53524017334,0,1746184,false,326.632047653198,0.0,0.0,0.013,0.0,8
pre_dig,50,16.852,4.88299989700317,0.0,17.198,0.813,0.0,0,119.53524017334,0,1746184,false,326.632047653198,0.0,0.0,0.012,0.0,8
pre_dig,51,17.071,5.39200019836426,0.0,17.198,0.813,0.0,0,119.53524017334,0,1746184,false,326.632047653198,0.0,0.0,0.013,0.0,8
pre_dig,52,17.623,5.64599990844727,0.0,17.198,0.813,0.0,0,119.53524017334,0,1746184,false,326.632116317749,0.0,0.0,0.012,0.0,8
pre_dig,53,18.954,5.66599988937378,0.0,17.198,0.813,0.0,0,119.53524017334,0,1746184,false,326.638216018677,0.0,0.0,0.011,0.0,8
pre_dig,54,13.21,4.92999982833862,0.0,17.198,0.813,0.0,0,119.53524017334,0,1746184,false,326.638212203979,0.0,0.0,0.013,0.0,8
pre_dig,55,17.197,5.57600021362305,0.0,17.198,0.813,0.0,0,119.53524017334,0,1746184,false,326.638216018677,0.0,0.0,0.012,0.0,8
pre_dig,56,16.297,5.17600011825562,0.0,17.198,0.813,0.0,0,119.53524017334,0,1746184,false,326.638216018677,0.0,0.0,0.012,0.0,8
pre_dig,57,17.075,5.64699983596802,0.0,17.198,0.813,0.0,0,119.53524017334,0,1746184,false,326.638216018677,0.0,0.0,0.013,0.0,8
pre_dig,58,16.751,5.49700021743774,0.0,17.198,0.813,0.0,0,119.53524017334,0,1746184,false,326.638216018677,0.0,0.0,0.012,0.0,8
pre_dig,59,16.163,5.60300016403198,0.0,17.198,0.813,0.0,0,119.53524017334,0,1746184,false,326.638216018677,0.0,0.0,0.012,0.0,8
pre_dig,60,19.838,4.84700012207031,0.0,17.198,0.813,0.0,0,119.53524017334,0,1746184,false,326.644384384155,0.0,0.0,0.014,0.0,8
pre_dig,61,14.26,5.66599988937378,0.0,17.198,0.813,0.0,0,119.53524017334,0,1746184,false,326.644380569458,0.0,0.0,0.013,0.0,8
pre_dig,62,15.584,5.37099981307983,0.0,17.198,0.813,0.0,0,119.53524017334,0,1746184,false,326.644384384155,0.0,0.0,0.013,0.0,8
pre_dig,63,17.163,5.41800022125244,0.0,17.198,0.813,0.0,0,119.53524017334,0,1746184,false,326.645803451538,0.0,0.0,0.012,0.0,8
pre_dig,64,17.054,5.47599983215332,0.0,17.198,0.813,0.0,0,119.53524017334,0,1746184,false,326.645803451538,0.0,0.0,0.013,0.0,8
pre_dig,65,16.99,5.82100009918213,0.0,17.198,0.813,0.0,0,119.53524017334,0,1746184,false,326.645799636841,0.0,0.0,0.037,0.0,8
pre_dig,66,15.711,5.40700006484985,0.0,17.198,0.813,0.0,0,119.53524017334,0,1746184,false,326.645803451538,0.0,0.0,0.012,0.0,8
pre_dig,67,20.833,5.70300006866455,0.0,17.198,0.813,0.0,0,119.53524017334,0,1746184,false,326.651971817017,0.0,0.0,0.014,0.0,8
pre_dig,68,13.049,5.31799983978271,0.0,17.198,0.813,0.0,0,119.53524017334,0,1746184,false,326.652040481567,0.0,0.0,0.012,0.0,8
pre_dig,69,16.317,5.59800004959106,0.0,17.198,0.813,0.0,0,119.53524017334,0,1746184,false,326.651971817017,0.0,0.0,0.011,0.0,8
pre_dig,70,16.178,4.85599994659424,0.0,17.198,0.813,0.0,0,119.53524017334,0,1746184,false,326.651971817017,0.0,0.0,0.013,0.0,8
pre_dig,71,17.293,5.6399998664856,0.0,17.198,0.813,0.0,0,119.53524017334,0,1746184,false,326.651968002319,0.0,0.0,0.012,0.0,8
pre_dig,72,16.711,5.46500015258789,0.0,17.198,0.813,0.0,0,119.53524017334,0,1746184,false,326.651971817017,0.0,0.0,0.012,0.0,8
pre_dig,73,16.184,5.4210000038147,0.0,17.198,0.813,0.0,0,119.53524017334,0,1746184,false,326.651968002319,0.0,0.0,0.012,0.0,8
pre_dig,74,20.363,5.53499984741211,0.0,17.198,0.813,0.0,0,119.53524017334,0,1746184,false,326.658140182495,0.0,0.0,0.011,0.0,8
pre_dig,75,13.013,5.38199996948242,0.0,17.198,0.813,0.0,0,119.53524017334,0,1746184,false,326.658140182495,0.0,0.0,0.014,0.0,8
pre_dig,76,16.907,5.39900016784668,0.0,17.198,0.813,0.0,0,119.53524017334,0,1746184,false,326.658140182495,0.0,0.0,0.013,0.0,8
pre_dig,77,16.949,5.62099981307983,0.0,17.198,0.813,0.0,0,119.53524017334,0,1746184,false,326.658140182495,0.0,0.0,0.012,0.0,8
pre_dig,78,16.276,5.41099977493286,0.0,17.198,0.813,0.0,0,119.53524017334,0,1746184,false,326.658140182495,0.0,0.0,0.013,0.0,8
pre_dig,79,17.147,6.01300001144409,0.0,17.198,0.813,0.0,0,119.53524017334,0,1746184,false,326.658506393433,0.0,0.0,0.012,0.0,8
pre_dig,80,16.737,5.3730001449585,0.0,17.198,0.813,0.0,0,119.53524017334,0,1746184,false,326.658502578735,0.0,0.0,0.013,0.0,8
pre_dig,81,19.572,5.77299976348877,0.0,17.198,0.813,0.0,0,119.53524017334,0,1746184,false,326.664674758911,0.0,0.0,0.012,0.0,8
pre_dig,82,13.32,5.5460000038147,0.0,17.198,0.813,0.0,0,119.53524017334,0,1746184,false,326.664667129517,0.0,0.0,0.01,0.0,8
pre_dig,83,16.371,5.58300018310547,0.0,17.198,0.813,0.0,0,119.53524017334,0,1746184,false,326.664674758911,0.0,0.0,0.009,0.0,8
pre_dig,84,16.926,4.90799999237061,0.0,17.198,0.813,0.0,0,119.53524017334,0,1746184,false,326.664743423462,0.0,0.0,0.013,0.0,8
pre_dig,85,15.796,5.00799989700317,0.0,17.198,0.813,0.0,0,119.53524017334,0,1746184,false,326.664674758911,0.0,0.0,0.008,0.0,8
pre_dig,86,17.696,5.40399980545044,0.0,17.198,0.813,0.0,0,119.53524017334,0,1746184,false,326.664674758911,0.0,0.0,0.013,0.0,8
pre_dig,87,16.095,5.42999982833862,0.0,17.198,0.813,0.0,0,119.53524017334,0,1746184,false,326.664674758911,0.0,0.0,0.007,0.0,8
pre_dig,88,20.056,4.84000015258789,0.0,17.198,0.813,0.0,0,119.53524017334,0,1746184,false,326.67084312439,0.0,0.0,0.013,0.0,8
pre_dig,89,13.699,5.39400005340576,0.0,17.198,0.813,0.0,0,119.53524017334,0,1746184,false,326.67084312439,0.0,0.0,0.012,0.0,8
pre_dig,90,16.616,5.36499977111816,0.0,17.198,0.813,0.0,0,119.53524017334,0,1746184,false,326.67084312439,0.0,0.0,0.012,0.0,8
pre_dig,91,16.692,5.65399980545044,0.0,17.198,0.813,0.0,0,119.53524017334,0,1746184,false,326.67084312439,0.0,0.0,0.012,0.0,8
pre_dig,92,16.67,4.83799982070923,0.0,17.198,0.813,0.0,0,119.53524017334,0,1746184,false,326.670839309692,0.0,0.0,0.013,0.0,8
pre_dig,93,16.785,5.38899993896484,0.0,17.198,0.813,0.0,0,119.53524017334,0,1746184,false,326.67084312439,0.0,0.0,0.013,0.0,8
pre_dig,94,16.578,5.38000011444092,0.0,17.198,0.813,0.0,0,119.53524017334,0,1746184,false,326.672994613647,0.0,0.0,0.014,0.0,8
pre_dig,95,20.423,5.73099994659424,0.0,17.198,0.813,0.0,0,119.53524017334,0,1746184,false,326.679162979126,0.0,0.0,0.012,0.0,8
pre_dig,96,13.096,5.44099998474121,0.0,17.198,0.813,0.0,0,119.53524017334,0,1746184,false,326.678674697876,0.0,0.0,0.013,0.0,8
pre_dig,97,17.178,5.64699983596802,0.0,17.198,0.813,0.0,0,119.53524017334,0,1746184,false,326.678674697876,0.0,0.0,0.012,0.0,8
pre_dig,98,15.743,4.88500022888184,0.0,17.198,0.813,0.0,0,119.53524017334,0,1746184,false,326.678674697876,0.0,0.0,0.012,0.0,8
pre_dig,99,17.482,5.84000015258789,0.0,17.198,0.813,0.0,0,119.53524017334,0,1746184,false,326.678674697876,0.0,0.0,0.012,0.0,8
pre_dig,100,16.493,5.35200023651123,0.0,17.198,0.813,0.0,0,119.53524017334,0,1746184,false,326.678747177124,0.0,0.0,0.011,0.0,8
pre_dig,101,16.553,5.61899995803833,0.0,17.198,0.813,0.0,0,119.53524017334,0,1746184,false,326.678678512573,0.0,0.0,0.012,0.0,8
pre_dig,102,19.711,5.55600023269653,0.0,17.198,0.813,0.0,0,119.53524017334,0,1746184,false,326.684846878052,0.0,0.0,0.018,0.0,8
pre_dig,103,13.67,5.58699989318848,0.0,17.198,0.813,0.0,0,119.53524017334,0,1746184,false,326.684843063354,0.0,0.0,0.011,0.0,8
pre_dig,104,17.164,5.52099990844727,0.0,17.198,0.813,0.0,0,119.53524017334,0,1746184,false,326.684846878052,0.0,0.0,0.013,0.0,8
pre_dig,105,15.877,5.68300008773804,0.0,17.198,0.813,0.0,0,119.53524017334,0,1746184,false,326.684846878052,0.0,0.0,0.012,0.0,8
pre_dig,106,16.765,5.42799997329712,0.0,17.198,0.813,0.0,0,119.53524017334,0,1746184,false,326.684846878052,0.0,0.0,0.012,0.0,8
pre_dig,107,16.372,5.35799980163574,0.0,17.198,0.813,0.0,0,119.53524017334,0,1746184,false,326.684846878052,0.0,0.0,0.011,0.0,8
pre_dig,108,16.875,5.26999998092651,0.0,17.198,0.813,0.0,0,119.53524017334,0,1746184,false,326.684846878052,0.0,0.0,0.013,0.0,8
pre_dig,109,20.392,5.4210000038147,0.0,17.198,0.813,0.0,0,119.53524017334,0,1746184,false,326.691011428833,0.0,0.0,0.012,0.0,8
pre_dig,110,12.991,5.50099992752075,0.0,17.198,0.813,0.0,0,119.53524017334,0,1746184,false,326.69101524353,0.0,0.0,0.011,0.0,8
pre_dig,111,16.527,5.38700008392334,0.0,17.198,0.813,0.0,0,119.53524017334,0,1746184,false,326.69101524353,0.0,0.0,0.011,0.0,8
pre_dig,112,17.318,5.29699993133545,0.0,17.198,0.813,0.0,0,119.53524017334,0,1746184,false,326.69101524353,0.0,0.0,0.013,0.0,8
pre_dig,113,15.747,5.375,0.0,17.198,0.813,0.0,0,119.53524017334,0,1746184,false,326.69097328186,0.0,0.0,0.011,0.0,8
pre_dig,114,16.1,5.18499994277954,0.0,17.198,0.813,0.0,0,119.53524017334,0,1746184,false,326.691007614136,0.0,0.0,0.009,0.0,8
pre_dig,115,16.834,5.33099985122681,0.0,17.198,0.813,0.0,0,119.53524017334,0,1746184,false,326.69101524353,0.0,0.0,0.009,0.0,8
pre_dig,116,19.695,4.89400005340576,0.0,17.198,0.813,0.0,0,119.53524017334,0,1746184,false,326.69725227356,0.0,0.0,0.011,0.0,8
pre_dig,117,14.218,5.54699993133545,0.0,17.198,0.813,0.0,0,119.53524017334,0,1746184,false,326.697183609009,0.0,0.0,0.01,0.0,8
pre_dig,118,16.228,5.33099985122681,0.0,17.198,0.813,0.0,0,119.53524017334,0,1746184,false,326.697183609009,0.0,0.0,0.011,0.0,8
pre_dig,119,17.627,5.32399988174438,0.0,17.198,0.813,0.0,0,119.53524017334,0,1746184,false,326.697183609009,0.0,0.0,0.012,0.0,8
pre_dig,120,15.883,4.7649998664856,0.0,17.198,0.813,0.0,0,119.53524017334,0,1746184,false,326.697179794312,0.0,0.0,0.013,0.0,8
pre_dig,121,17.859,5.52699995040894,0.0,17.198,0.813,0.0,0,119.53524017334,0,1746184,false,326.697183609009,0.0,0.0,0.012,0.0,8
pre_dig,122,15.813,5.4520001411438,0.0,17.198,0.813,0.0,0,119.53524017334,0,1746184,false,326.697179794312,0.0,0.0,0.012,0.0,8
pre_dig,123,19.952,5.30800008773804,0.0,17.198,0.813,0.0,0,119.53524017334,0,1746184,false,326.703351974487,0.0,0.0,0.012,0.0,8
pre_dig,124,13.491,5.26200008392334,0.0,17.198,0.813,0.0,0,119.53524017334,0,1746184,false,326.703351974487,0.0,0.0,0.012,0.0,8
pre_dig,125,16.617,5.53700017929077,0.0,17.198,0.813,0.0,0,119.53524017334,0,1746184,false,326.703351974487,0.0,0.0,0.012,0.0,8
pre_dig,126,16.695,5.46199989318848,0.0,17.198,0.813,0.0,0,119.53524017334,0,1746184,false,326.703351974487,0.0,0.0,0.012,0.0,8
pre_dig,127,16.363,5.26399993896484,0.0,17.198,0.813,0.0,0,119.53524017334,0,1746184,false,326.703351974487,0.0,0.0,0.012,0.0,8
pre_dig,128,16.741,5.08300018310547,0.0,17.198,0.813,0.0,0,119.53524017334,0,1746184,false,326.703351974487,0.0,0.0,0.012,0.0,8
pre_dig,129,17.004,5.35099983215332,0.0,17.198,0.813,0.0,0,119.53524017334,0,1746184,false,326.703351974487,0.0,0.0,0.014,0.0,8
pre_dig,130,20.252,5.61399984359741,0.0,17.198,0.813,0.0,0,119.53524017334,0,1746184,false,326.709520339966,0.0,0.0,0.013,0.0,8
pre_dig,131,12.841,5.47200012207031,0.0,17.198,0.813,0.0,0,119.53524017334,0,1746184,false,326.709520339966,0.0,0.0,0.011,0.0,8
pre_dig,132,17.557,5.21999979019165,0.0,17.198,0.813,0.0,0,119.53524017334,0,1746184,false,326.709589004517,0.0,0.0,0.017,0.0,8
pre_dig,133,16.302,5.54199981689453,0.0,17.198,0.813,0.0,0,119.53524017334,0,1746184,false,326.709520339966,0.0,0.0,0.013,0.0,8
pre_dig,134,15.905,5.29199981689453,0.0,17.198,0.813,0.0,0,119.53524017334,0,1746184,false,326.709520339966,0.0,0.0,0.012,0.0,8
pre_dig,135,16.778,4.85099983215332,0.0,17.198,0.813,0.0,0,119.53524017334,0,1746184,false,326.709520339966,0.0,0.0,0.012,0.0,8
pre_dig,136,16.757,5.25299978256226,0.0,17.198,0.813,0.0,0,119.53524017334,0,1746184,false,326.709520339966,0.0,0.0,0.014,0.0,8
pre_dig,137,20.234,5.42199993133545,0.0,17.198,0.813,0.0,0,119.53524017334,0,1746184,false,326.715688705444,0.0,0.0,0.014,0.0,8
pre_dig,138,12.84,4.82000017166138,0.0,17.198,0.813,0.0,0,119.53524017334,0,1746184,false,326.715684890747,0.0,0.0,0.013,0.0,8
pre_dig,139,17.095,5.34800004959106,0.0,17.198,0.813,0.0,0,119.53524017334,0,1746184,false,326.715688705444,0.0,0.0,0.012,0.0,8
pre_dig,140,16.55,5.22800016403198,0.0,17.198,0.813,0.0,0,119.53524017334,0,1746184,false,326.715684890747,0.0,0.0,0.013,0.0,8
pre_dig,141,16.791,5.37400007247925,0.0,17.198,0.813,0.0,0,119.53524017334,0,1746184,false,326.718893051147,0.0,0.0,0.013,0.0,8
pre_dig,142,16.602,5.34999990463257,0.0,17.198,0.813,0.0,0,119.53524017334,0,1746184,false,326.718893051147,0.0,0.0,0.013,0.0,8
pre_dig,143,16.578,5.32399988174438,0.0,17.198,0.813,0.0,0,119.53524017334,0,1746184,false,326.718893051147,0.0,0.0,0.012,0.0,8
pre_dig,144,20.112,5.26800012588501,0.0,17.198,0.813,0.0,0,119.53524017334,0,1746184,false,326.725061416626,0.0,0.0,0.014,0.0,8
pre_dig,145,13.333,5.46600008010864,0.0,17.198,0.813,0.0,0,119.53524017334,0,1746184,false,326.725061416626,0.0,0.0,0.011,0.0,8
pre_dig,146,16.327,5.3289999961853,0.0,17.198,0.813,0.0,0,119.53524017334,0,1746184,false,326.725057601929,0.0,0.0,0.008,0.0,8
pre_dig,147,16.05,5.18300008773804,0.0,17.198,0.813,0.0,0,119.53524017334,0,1746184,false,326.725057601929,0.0,0.0,0.008,0.0,8
pre_dig,148,18.512,5.64499998092651,0.0,17.198,0.813,0.0,0,119.53524017334,0,1746184,false,326.725130081177,0.0,0.0,0.012,0.0,8
pre_dig,149,16.243,5.50099992752075,0.0,17.198,0.813,0.0,0,119.53524017334,0,1746184,false,326.725061416626,0.0,0.0,0.012,0.0,8
pre_dig,150,15.937,4.89300012588501,0.0,17.198,0.813,0.0,0,119.53524017334,0,1746184,false,326.725061416626,0.0,0.0,0.013,0.0,8
pre_dig,151,19.125,5.47100019454956,0.0,17.198,0.813,0.0,0,119.53524017334,0,1746184,false,326.731229782104,0.0,0.0,0.016,0.0,8
pre_dig,152,14.525,5.44000005722046,0.0,17.198,0.813,0.0,0,119.53524017334,0,1746184,false,326.731229782104,0.0,0.0,0.006,0.0,8
pre_dig,153,15.363,5.01800012588501,0.0,17.198,0.813,0.0,0,119.53524017334,0,1746184,false,326.731229782104,0.0,0.0,0.008,0.0,8
pre_dig,154,17.796,5.49399995803833,0.0,17.198,0.813,0.0,0,119.53524017334,0,1746184,false,326.731229782104,0.0,0.0,0.011,0.0,8
pre_dig,155,16.635,5.33099985122681,0.0,17.198,0.813,0.0,0,119.53524017334,0,1746184,false,326.731229782104,0.0,0.0,0.011,0.0,8
pre_dig,156,17.054,5.38299989700317,0.0,17.198,0.813,0.0,0,119.53524017334,0,1746184,false,326.731229782104,0.0,0.0,0.013,0.0,8
pre_dig,157,16.83,5.5310001373291,0.0,17.198,0.813,0.0,0,119.53524017334,0,1746184,false,326.73122215271,0.0,0.0,0.012,0.0,8
pre_dig,158,19.642,5.50099992752075,0.0,17.198,0.813,0.0,0,119.53524017334,0,1746184,false,326.737398147583,0.0,0.0,0.011,0.0,8
pre_dig,159,12.996,5.28999996185303,0.0,17.198,0.813,0.0,0,119.53524017334,0,1746184,false,326.737398147583,0.0,0.0,0.012,0.0,8
pre_dig,160,16.968,5.37200021743774,0.0,17.198,0.813,0.0,0,119.53524017334,0,1746184,false,326.737398147583,0.0,0.0,0.014,0.0,8
pre_dig,161,16.629,5.5149998664856,0.0,17.198,0.813,0.0,0,119.53524017334,0,1746184,false,326.737394332886,0.0,0.0,0.012,0.0,8
pre_dig,162,16.368,5.16200017929077,0.0,17.198,0.813,0.0,0,119.53524017334,0,1746184,false,326.737398147583,0.0,0.0,0.011,0.0,8
pre_dig,163,17.659,5.9060001373291,0.0,17.198,0.813,0.0,0,119.53524017334,0,1746184,false,326.737394332886,0.0,0.0,0.013,0.0,8
pre_dig,164,16.318,5.21700000762939,0.0,17.198,0.813,0.0,0,119.53524017334,0,1746184,false,326.737466812134,0.0,0.0,0.011,0.0,8
pre_dig,165,19.712,5.32499980926514,0.0,17.198,0.813,0.0,0,119.53524017334,0,1746184,false,326.743566513062,0.0,0.0,0.013,0.0,8
pre_dig,166,13.225,5.42799997329712,0.0,17.198,0.813,0.0,0,119.53524017334,0,1746184,false,326.743322372437,0.0,0.0,0.012,0.0,8
pre_dig,167,16.805,5.29300022125244,0.0,17.198,0.813,0.0,0,119.53524017334,0,1746184,false,326.743322372437,0.0,0.0,0.013,0.0,8
pre_dig,168,16.137,4.69799995422363,0.0,17.198,0.813,0.0,0,119.53524017334,0,1746184,false,326.743322372437,0.0,0.0,0.013,0.0,8
pre_dig,169,17.103,5.53000020980835,0.0,17.198,0.813,0.0,0,119.53524017334,0,1746184,false,326.743322372437,0.0,0.0,0.012,0.0,8
pre_dig,170,16.439,5.27799987792969,0.0,17.198,0.813,0.0,0,119.53524017334,0,1746184,false,326.743322372437,0.0,0.0,0.012,0.0,8
pre_dig,171,16.66,5.28599977493286,0.0,17.198,0.813,0.0,0,119.53524017334,0,1746184,false,326.743318557739,0.0,0.0,0.011,0.0,8
pre_dig,172,20.17,5.01700019836426,0.0,17.198,0.813,0.0,0,119.53524017334,0,1746184,false,326.749486923218,0.0,0.0,0.013,0.0,8
pre_dig,173,13.592,5.30399990081787,0.0,17.198,0.813,0.0,0,119.53524017334,0,1746184,false,326.749490737915,0.0,0.0,0.011,0.0,8
pre_dig,174,16.372,5.2519998550415,0.0,17.198,0.813,0.0,0,119.53524017334,0,1746184,false,326.749486923218,0.0,0.0,0.013,0.0,8
pre_dig,175,21.127,5.30700016021729,0.0,17.198,0.813,0.0,0,119.53524017334,0,1746184,false,326.749490737915,0.0,0.0,0.016,0.0,8
pre_dig,176,12.526,5.25299978256226,0.0,17.198,0.813,0.0,0,119.53524017334,0,1746184,false,326.749490737915,0.0,0.0,0.012,0.0,8
pre_dig,177,16.151,5.32600021362305,0.0,17.198,0.813,0.0,0,119.53524017334,0,1746184,false,326.749490737915,0.0,0.0,0.013,0.0,8
pre_dig,178,17.19,5.26399993896484,0.0,17.198,0.813,0.0,0,119.53524017334,0,1746184,false,326.749486923218,0.0,0.0,0.013,0.0,8
pre_dig,179,20.077,5.47800016403198,0.0,17.198,0.813,0.0,0,119.53524017334,0,1746184,false,326.755659103394,0.0,0.0,0.012,0.0,8
pre_dig,180,13.638,4.69500017166138,0.0,17.198,0.813,0.0,0,119.53524017334,0,1746184,false,326.755727767944,0.0,0.0,0.012,0.0,8
pre_dig,181,16.132,5.34000015258789,0.0,17.198,0.813,0.0,0,119.53524017334,0,1746184,false,326.755659103394,0.0,0.0,0.011,0.0,8
pre_dig,182,17.17,5.53200006484985,0.0,17.198,0.813,0.0,0,119.53524017334,0,1746184,false,326.755655288696,0.0,0.0,0.012,0.0,8
pre_dig,183,15.921,5.28299999237061,0.0,17.198,0.813,0.0,0,119.53524017334,0,1746184,false,326.755292892456,0.0,0.0,0.013,0.0,8
pre_dig,184,16.656,4.84499979019165,0.0,17.198,0.813,0.0,0,119.53524017334,0,1746184,false,326.755292892456,0.0,0.0,0.013,0.0,8
pre_dig,185,16.839,5.4980001449585,0.0,17.198,0.813,0.0,0,119.53524017334,0,1746184,false,326.755289077759,0.0,0.0,0.011,0.0,8
pre_dig,186,20.175,5.3730001449585,0.0,17.198,0.813,0.0,0,119.53524017334,0,1746184,false,326.761457443237,0.0,0.0,0.014,0.0,8
pre_dig,187,13.289,5.42700004577637,0.0,17.198,0.813,0.0,0,119.53524017334,0,1746184,false,326.761461257935,0.0,0.0,0.012,0.0,8
pre_dig,188,15.949,4.78900003433228,0.0,17.198,0.813,0.0,0,119.53524017334,0,1746184,false,326.761461257935,0.0,0.0,0.012,0.0,8
pre_dig,189,16.488,4.89300012588501,0.0,17.198,0.813,0.0,0,119.53524017334,0,1746184,false,326.761461257935,0.0,0.0,0.012,0.0,8
pre_dig,190,16.593,5.07100009918213,0.0,17.198,0.813,0.0,0,119.53524017334,0,1746184,false,326.763074874878,0.0,0.0,0.011,0.0,8
pre_dig,191,17.689,5.38899993896484,0.0,17.198,0.813,0.0,0,119.53524017334,0,1746184,false,326.763074874878,0.0,0.0,0.012,0.0,8
pre_dig,192,16.299,4.99700021743774,0.0,17.198,0.813,0.0,0,119.53524017334,0,1746184,false,326.763074874878,0.0,0.0,0.012,0.0,8
pre_dig,193,20.731,5.88000011444092,0.0,17.198,0.813,0.0,0,119.53524017334,0,1746184,false,326.769243240356,0.0,0.0,0.013,0.0,8
pre_dig,194,12.832,5.43100023269653,0.0,17.198,0.813,0.0,0,119.53524017334,0,1746184,false,326.769243240356,0.0,0.0,0.012,0.0,8
pre_dig,195,16.45,5.26399993896484,0.0,17.198,0.813,0.0,0,119.53524017334,0,1746184,false,326.769239425659,0.0,0.0,0.012,0.0,8
pre_dig,196,17.323,5.15999984741211,0.0,17.198,0.813,0.0,0,119.53524017334,0,1746184,false,326.769311904907,0.0,0.0,0.013,0.0,8
pre_dig,197,16.129,5.24900007247925,0.0,17.198,0.813,0.0,0,119.53524017334,0,1746184,false,326.769243240356,0.0,0.0,0.013,0.0,8
pre_dig,198,16.563,5.24599981307983,0.0,17.198,0.813,0.0,0,119.53524017334,0,1746184,false,326.769243240356,0.0,0.0,0.012,0.0,8
pre_dig,199,17.102,5.59000015258789,0.0,17.198,0.813,0.0,0,119.53524017334,0,1746184,false,326.769243240356,0.0,0.0,0.012,0.0,8
pre_dig,200,19.953,5.15999984741211,0.0,17.198,0.813,0.0,0,119.53524017334,0,1746184,false,326.775411605835,0.0,0.0,0.011,0.0,8
pre_dig,201,13.267,5.68400001525879,0.0,17.198,0.813,0.0,0,119.53524017334,0,1746184,false,326.775411605835,0.0,0.0,0.012,0.0,8
pre_dig,202,16.528,5.35699987411499,0.0,17.198,0.813,0.0,0,119.53524017334,0,1746184,false,326.775411605835,0.0,0.0,0.013,0.0,8
pre_dig,203,16.671,5.21299982070923,0.0,17.198,0.813,0.0,0,119.53524017334,0,1746184,false,326.775411605835,0.0,0.0,0.012,0.0,8
pre_dig,204,16.535,5.13899993896484,0.0,17.198,0.813,0.0,0,119.53524017334,0,1746184,false,326.775411605835,0.0,0.0,0.013,0.0,8
pre_dig,205,17.056,5.53800010681152,0.0,17.198,0.813,0.0,0,119.53524017334,0,1746184,false,326.775411605835,0.0,0.0,0.013,0.0,8
pre_dig,206,16.5,5.21299982070923,0.0,17.198,0.813,0.0,0,119.53524017334,0,1746184,false,326.77540397644,0.0,0.0,0.012,0.0,8
pre_dig,207,19.575,5.44600009918213,0.0,17.198,0.813,0.0,0,119.53524017334,0,1746184,false,326.781579971313,0.0,0.0,0.012,0.0,8
pre_dig,208,13.696,5.20699977874756,0.0,17.198,0.813,0.0,0,119.53524017334,0,1746184,false,326.781579971313,0.0,0.0,0.013,0.0,8
pre_dig,209,16.549,5.23099994659424,0.0,17.198,0.813,0.0,0,119.53524017334,0,1746184,false,326.781579971313,0.0,0.0,0.012,0.0,8
pre_dig,210,16.423,5.05800008773804,0.0,17.198,0.813,0.0,0,119.53524017334,0,1746184,false,326.781579971313,0.0,0.0,0.012,0.0,8
pre_dig,211,16.502,4.83599996566772,0.0,17.198,0.813,0.0,0,119.53524017334,0,1746184,false,326.786386489868,0.0,0.0,0.012,0.0,8
pre_dig,212,17.671,5.14300012588501,0.0,17.198,0.813,0.0,0,119.53524017334,0,1746184,false,326.786455154419,0.0,0.0,0.011,0.0,8
pre_dig,213,16.471,5.80900001525879,0.0,17.198,0.813,0.0,0,119.53524017334,0,1746184,false,326.786386489868,0.0,0.0,0.01,0.0,8
pre_dig,214,17.819,4.7020001411438,0.0,17.198,0.813,0.0,0,119.53524017334,0,1746184,false,326.792551040649,0.0,0.0,0.009,0.0,8
pre_dig,215,14.609,5.22499990463257,0.0,17.198,0.813,0.0,0,119.53524017334,0,1746184,false,326.792554855347,0.0,0.0,0.007,0.0,8
pre_dig,216,16.215,4.67799997329712,0.0,17.198,0.813,0.0,0,119.53524017334,0,1746184,false,326.792554855347,0.0,0.0,0.006,0.0,8
pre_dig,217,17.014,5.25899982452393,0.0,17.198,0.813,0.0,0,119.53524017334,0,1746184,false,326.792554855347,0.0,0.0,0.006,0.0,8
pre_dig,218,16.108,4.74300003051758,0.0,17.198,0.813,0.0,0,119.53524017334,0,1746184,false,326.792554855347,0.0,0.0,0.007,0.0,8
pre_dig,219,17.577,5.26399993896484,0.0,17.198,0.813,0.0,0,119.53524017334,0,1746184,false,326.792554855347,0.0,0.0,0.008,0.0,8
pre_dig,220,15.895,4.65700006484985,0.0,17.198,0.813,0.0,0,119.53524017334,0,1746184,false,326.792554855347,0.0,0.0,0.007,0.0,8
pre_dig,221,18.311,5.11999988555908,0.0,17.198,0.813,0.0,0,119.53524017334,0,1746184,false,326.798723220825,0.0,0.0,0.007,0.0,8
pre_dig,222,14.911,4.88199996948242,0.0,17.198,0.813,0.0,0,119.53524017334,0,1746184,false,326.798723220825,0.0,0.0,0.006,0.0,8
pre_dig,223,16.726,4.76200008392334,0.0,17.198,0.813,0.0,0,119.53524017334,0,1746184,false,326.798723220825,0.0,0.0,0.007,0.0,8
pre_dig,224,17.032,4.62900018692017,0.0,17.198,0.813,0.0,0,119.53524017334,0,1746184,false,326.798723220825,0.0,0.0,0.007,0.0,8
pre_dig,225,16.245,4.76900005340576,0.0,17.198,0.813,0.0,0,119.53524017334,0,1746184,false,326.798723220825,0.0,0.0,0.007,0.0,8
pre_dig,226,17.122,5.21999979019165,0.0,17.198,0.813,0.0,0,119.53524017334,0,1746184,false,326.798723220825,0.0,0.0,0.007,0.0,8
pre_dig,227,16.965,5.31599998474121,0.0,17.198,0.813,0.0,0,119.53524017334,0,1746184,false,326.798723220825,0.0,0.0,0.007,0.0,8
pre_dig,228,18.339,5.05900001525879,0.0,17.198,0.813,0.0,0,119.53524017334,0,1746184,false,326.804960250854,0.0,0.0,0.007,0.0,8
pre_dig,229,14.526,4.85699987411499,0.0,17.198,0.813,0.0,0,119.53524017334,0,1746184,false,326.804891586304,0.0,0.0,0.008,0.0,8
pre_dig,230,16.714,5.27099990844727,0.0,17.198,0.813,0.0,0,119.53524017334,0,1746184,false,326.804891586304,0.0,0.0,0.006,0.0,8
pre_dig,231,16.929,5.13399982452393,0.0,17.198,0.813,0.0,0,119.53524017334,0,1746184,false,326.804891586304,0.0,0.0,0.007,0.0,8
pre_dig,232,16.676,5.1230001449585,0.0,17.198,0.813,0.0,0,119.53524017334,0,1746184,false,326.804887771606,0.0,0.0,0.007,0.0,8
pre_dig,233,16.251,4.83900022506714,0.0,17.198,0.813,0.0,0,119.53524017334,0,1746184,false,326.804891586304,0.0,0.0,0.007,0.0,8
pre_dig,234,16.704,4.79699993133545,0.0,17.198,0.813,0.0,0,119.53524017334,0,1746184,false,326.804891586304,0.0,0.0,0.009,0.0,8
pre_dig,235,18.177,4.82000017166138,0.0,17.198,0.813,0.0,0,119.53524017334,0,1746184,false,326.811059951782,0.0,0.0,0.007,0.0,8
pre_dig,236,15.041,4.85500001907349,0.0,17.198,0.813,0.0,0,119.53524017334,0,1746184,false,326.811059951782,0.0,0.0,0.007,0.0,8
pre_dig,237,17.603,5.60599994659424,0.0,17.198,0.813,0.0,0,119.53524017334,0,1746184,false,326.802286148071,0.0,0.0,0.007,0.0,8
pre_dig,238,16.222,5.2649998664856,0.0,17.198,0.813,0.0,0,119.53524017334,0,1746184,false,326.802282333374,0.0,0.0,0.006,0.0,8
pre_dig,239,16.855,5.45699977874756,0.0,17.198,0.813,0.0,0,119.53524017334,0,1746184,false,326.802286148071,0.0,0.0,0.007,0.0,8
pre_dig,240,16.053,4.67700004577637,0.0,17.198,0.813,0.0,0,119.53524017334,0,1746184,false,326.802286148071,0.0,0.0,0.007,0.0,8
pre_dig,241,16.593,4.79899978637695,0.0,17.198,0.813,0.0,0,119.53524017334,0,1746184,false,326.802286148071,0.0,0.0,0.007,0.0,8
pre_dig,242,18.287,4.76999998092651,0.0,17.198,0.813,0.0,0,119.53524017334,0,1746184,false,326.80845451355,0.0,0.0,0.007,0.0,8
pre_dig,243,15.196,4.78200006484985,0.0,17.198,0.813,0.0,0,119.53524017334,0,1746184,false,326.80845451355,0.0,0.0,0.007,0.0,8
pre_dig,244,16.813,4.48699998855591,0.0,17.198,0.813,0.0,0,119.53524017334,0,1746184,false,326.808523178101,0.0,0.0,0.006,0.0,8
pre_dig,245,17.045,5.32600021362305,0.0,17.198,0.813,0.0,0,119.53524017334,0,1746184,false,326.80845451355,0.0,0.0,0.008,0.0,8
pre_dig,246,16.324,5.2350001335144,0.0,17.198,0.813,0.0,0,119.53524017334,0,1746184,false,326.808450698853,0.0,0.0,0.008,0.0,8
pre_dig,247,17.36,5.25099992752075,0.0,17.198,0.813,0.0,0,119.53524017334,0,1746184,false,326.808450698853,0.0,0.0,0.012,0.0,8
pre_dig,248,15.606,4.65799999237061,0.0,17.198,0.813,0.0,0,119.53524017334,0,1746184,false,326.80845451355,0.0,0.0,0.007,0.0,8
pre_dig,249,20.176,5.77899980545044,0.0,17.198,0.813,0.0,0,119.53524017334,0,1746184,false,326.814622879028,0.0,0.0,0.014,0.0,8
pre_dig,250,14.044,5.38600015640259,0.0,17.198,0.813,0.0,0,119.53524017334,0,1746184,false,326.814622879028,0.0,0.0,0.008,0.0,8
pre_dig,251,15.966,4.85200023651123,0.0,17.198,0.813,0.0,0,119.53524017334,0,1746184,false,326.814622879028,0.0,0.0,0.007,0.0,8
pre_dig,252,16.41,4.77299976348877,0.0,17.198,0.813,0.0,0,119.53524017334,0,1746184,false,326.814619064331,0.0,0.0,0.007,0.0,8
pre_dig,253,17.458,5.25799989700317,0.0,17.198,0.813,0.0,0,119.53524017334,0,1746184,false,326.814622879028,0.0,0.0,0.008,0.0,8
pre_dig,254,15.969,4.67199993133545,0.0,17.198,0.813,0.0,0,119.53524017334,0,1746184,false,326.814622879028,0.0,0.0,0.007,0.0,8
pre_dig,255,17.472,5.2350001335144,0.0,17.198,0.813,0.0,0,119.53524017334,0,1746184,false,326.814619064331,0.0,0.0,0.008,0.0,8
pre_dig,256,18.832,4.6100001335144,0.0,17.198,0.813,0.0,0,119.53524017334,0,1746184,false,326.82078742981,0.0,0.0,0.01,0.0,8
pre_dig,257,14.572,5.2350001335144,0.0,17.198,0.813,0.0,0,119.53524017334,0,1746184,false,326.82078742981,0.0,0.0,0.012,0.0,8
pre_dig,258,16.934,5.32499980926514,0.0,17.198,0.813,0.0,0,119.53524017334,0,1746184,false,326.820791244507,0.0,0.0,0.014,0.0,8
pre_dig,259,16.787,5.56699991226196,0.0,17.198,0.813,0.0,0,119.53524017334,0,1746184,false,326.820791244507,0.0,0.0,0.013,0.0,8
pre_dig,260,17.042,5.13700008392334,0.0,17.198,0.813,0.0,0,119.53524017334,0,1746184,false,326.820859909058,0.0,0.0,0.012,0.0,8
pre_dig,261,16.054,5.19000005722046,0.0,17.198,0.813,0.0,0,119.53524017334,0,1746184,false,326.820791244507,0.0,0.0,0.012,0.0,8
pre_dig,262,16.62,5.19199991226196,0.0,17.198,0.813,0.0,0,119.53524017334,0,1746184,false,326.82078742981,0.0,0.0,0.013,0.0,8
pre_dig,263,19.936,5.47200012207031,0.0,17.198,0.813,0.0,0,119.53524017334,0,1746184,false,326.826959609985,0.0,0.0,0.012,0.0,8
pre_dig,264,13.316,4.68800020217896,0.0,17.198,0.813,0.0,0,119.53524017334,0,1746184,false,326.826959609985,0.0,0.0,0.013,0.0,8
pre_dig,265,17.391,5.51900005340576,0.0,17.198,0.813,0.0,0,119.53524017334,0,1746184,false,326.826959609985,0.0,0.0,0.013,0.0,8
pre_dig,266,16.34,5.25500011444092,0.0,17.198,0.813,0.0,0,119.53524017334,0,1746184,false,326.826955795288,0.0,0.0,0.013,0.0,8
pre_dig,267,16.525,5.17799997329712,0.0,17.198,0.813,0.0,0,119.53524017334,0,1746184,false,326.826959609985,0.0,0.0,0.012,0.0,8
pre_dig,268,16.104,4.59100008010864,0.0,17.198,0.813,0.0,0,119.53524017334,0,1746184,false,326.827081680298,0.0,0.0,0.012,0.0,8
pre_dig,269,17.699,5.64799976348877,0.0,17.198,0.813,0.0,0,119.53524017334,0,1746184,false,326.827081680298,0.0,0.0,0.012,0.0,8
pre_dig,270,19.012,5.39200019836426,0.0,17.198,0.813,0.0,0,119.53524017334,0,1746184,false,326.833250045776,0.0,0.0,0.012,0.0,8
pre_dig,271,13.68,5.04199981689453,0.0,17.198,0.813,0.0,0,119.53524017334,0,1746184,false,326.833246231079,0.0,0.0,0.012,0.0,8
pre_dig,272,16.79,4.91300010681152,0.0,17.198,0.813,0.0,0,119.53524017334,0,1746184,false,326.833246231079,0.0,0.0,0.013,0.0,8
pre_dig,273,16.786,5.16099977493286,0.0,17.198,0.813,0.0,0,119.53524017334,0,1746184,false,326.833250045776,0.0,0.0,0.013,0.0,8
pre_dig,274,16.171,5.1269998550415,0.0,17.198,0.813,0.0,0,119.53524017334,0,1746184,false,326.833246231079,0.0,0.0,0.012,0.0,8
pre_dig,275,16.772,5.13500022888184,0.0,17.198,0.813,0.0,0,119.53524017334,0,1746184,false,326.833250045776,0.0,0.0,0.011,0.0,8
pre_dig,276,17.391,4.95599985122681,0.0,17.198,0.813,0.0,0,119.53524017334,0,1746184,false,326.833318710327,0.0,0.0,0.012,0.0,8
pre_dig,277,19.936,5.51900005340576,0.0,17.198,0.813,0.0,0,119.53524017334,0,1746184,false,326.839418411255,0.0,0.0,0.013,0.0,8
pre_dig,278,13.084,5.16499996185303,0.0,17.198,0.813,0.0,0,119.53524017334,0,1746184,false,326.839418411255,0.0,0.0,0.013,0.0,8
pre_dig,279,16.544,5.30100011825562,0.0,17.198,0.813,0.0,0,119.53524017334,0,1746184,false,326.839418411255,0.0,0.0,0.013,0.0,8
pre_dig,280,17.015,5.05800008773804,0.0,17.198,0.813,0.0,0,119.53524017334,0,1746184,false,326.839418411255,0.0,0.0,0.012,0.0,8
pre_dig,281,16.187,5.51399993896484,0.0,17.198,0.813,0.0,0,119.53524017334,0,1746184,false,326.839418411255,0.0,0.0,0.012,0.0,8
pre_dig,282,16.724,5.1399998664856,0.0,17.198,0.813,0.0,0,119.53524017334,0,1746184,false,326.839414596558,0.0,0.0,0.012,0.0,8
pre_dig,283,17.254,5.83500003814697,0.0,17.198,0.813,0.0,0,119.53524017334,0,1746184,false,326.839418411255,0.0,0.0,0.012,0.0,8
pre_dig,284,17.035,4.55100011825562,0.0,17.198,0.813,0.0,0,119.53524017334,0,1746184,false,326.845586776733,0.0,0.0,0.007,0.0,8
pre_dig,285,15.361,5.10900020599365,0.0,17.198,0.813,0.0,0,119.53524017334,0,1746184,false,326.845342636108,0.0,0.0,0.008,0.0,8
pre_dig,286,16.306,5.13299989700317,0.0,17.198,0.813,0.0,0,119.53524017334,0,1746184,false,326.845342636108,0.0,0.0,0.007,0.0,8
pre_dig,287,16.872,5.17600011825562,0.0,17.198,0.813,0.0,0,119.53524017334,0,1746184,false,326.845342636108,0.0,0.0,0.008,0.0,8
pre_dig,288,16.709,4.71799993515015,0.0,17.198,0.813,0.0,0,119.53524017334,0,1746184,false,326.845342636108,0.0,0.0,0.013,0.0,8
pre_dig,289,17.28,5.56599998474121,0.0,17.198,0.813,0.0,0,119.53524017334,0,1746184,false,326.845338821411,0.0,0.0,0.007,0.0,8
pre_dig,290,16.67,5.09700012207031,0.0,17.198,0.813,0.0,0,119.53524017334,0,1746184,false,326.845338821411,0.0,0.0,0.016,0.0,8
pre_dig,291,18.599,5.11600017547607,0.0,17.198,0.813,0.0,0,119.53524017334,0,1746184,false,326.851511001587,0.0,0.0,0.008,0.0,8
pre_dig,292,14.472,5.03499984741211,0.0,17.198,0.813,0.0,0,119.53524017334,0,1746184,false,326.851579666138,0.0,0.0,0.009,0.0,8
pre_dig,293,16.614,5.1399998664856,0.0,17.198,0.813,0.0,0,119.53524017334,0,1746184,false,326.85150718689,0.0,0.0,0.012,0.0,8
pre_dig,294,16.322,5.09999990463257,0.0,17.198,0.813,0.0,0,119.53524017334,0,1746184,false,326.851511001587,0.0,0.0,0.012,0.0,8
pre_dig,295,16.875,5.14699983596802,0.0,17.198,0.813,0.0,0,119.53524017334,0,1746184,false,326.851511001587,0.0,0.0,0.01,0.0,8
pre_dig,296,16.74,5.03399991989136,0.0,17.198,0.813,0.0,0,119.53524017334,0,1746184,false,326.85150718689,0.0,0.0,0.012,0.0,8
pre_dig,297,16.733,5.13399982452393,0.0,17.198,0.813,0.0,0,119.53524017334,0,1746184,false,326.851511001587,0.0,0.0,0.012,0.0,8
pre_dig,298,20.038,5.0770001411438,0.0,17.198,0.813,0.0,0,119.53524017334,0,1746184,false,326.857675552368,0.0,0.0,0.013,0.0,8
pre_dig,299,12.838,5.1269998550415,0.0,17.198,0.813,0.0,0,119.53524017334,0,1746184,false,326.857675552368,0.0,0.0,0.009,0.0,8
pre_dig,300,16.326,4.51200008392334,0.0,17.198,0.813,0.0,0,119.53524017334,0,1746184,false,326.857679367065,0.0,0.0,0.011,0.0,8
pre_dig,301,17.809,5.375,0.0,17.198,0.813,0.0,0,119.53524017334,0,1746184,false,326.857637405396,0.0,0.0,0.012,0.0,8
continuous_dig,1,11.638,5.71600008010864,0.0,17.198,0.813,0.0,1,119.53524017334,0,1746184,true,327.076929092407,0.0,0.0,0.012,0.0,8
continuous_dig,2,16.598,5.71400022506714,0.0,17.198,0.813,0.0,0,119.53524017334,0,1746184,true,282.734148025513,0.0,0.0,0.008,0.0,8
continuous_dig,3,18.626,5.74900007247925,0.971,2.903,0.592,0.0,0,119.53524017334,4,1746184,true,263.719011306763,0.288,0.0,2.205,0.0,8
continuous_dig,4,17.094,5.02400016784668,0.971,2.214,1.639,49.405,0,119.553016662598,4,1746416,false,263.365392684937,0.288,12.646,1.84,0.0,8
continuous_dig,5,13.219,5.06300020217896,0.971,2.214,1.639,49.405,0,119.553016662598,4,1746416,false,263.371461868286,0.288,12.646,0.007,64.974,8
continuous_dig,6,17.848,5.77199983596802,0.971,2.214,1.639,49.405,0,119.553016662598,4,1746416,false,263.370752334595,0.288,12.646,0.009,64.974,8
continuous_dig,7,16.148,5.48400020599365,0.971,2.214,1.639,49.405,0,119.553016662598,4,1746416,false,263.370752334595,0.288,12.646,0.011,64.974,8
continuous_dig,8,16.545,5.58099985122681,0.971,2.214,1.639,49.405,0,119.553016662598,4,1746416,false,263.370752334595,0.288,12.646,0.009,64.974,8
continuous_dig,9,16.519,5.65999984741211,0.971,2.214,1.639,49.405,0,119.553016662598,4,1746416,false,263.370935440063,0.288,12.646,0.011,64.974,8
continuous_dig,10,19.696,5.80800008773804,0.971,2.214,1.639,49.405,0,119.553016662598,4,1746416,false,263.377107620239,0.288,12.646,0.012,64.974,8
continuous_dig,11,14.088,5.21099996566772,0.971,2.214,1.639,49.405,0,119.553016662598,4,1746416,false,263.377107620239,0.288,12.646,0.007,64.974,8
continuous_dig,12,18.333,4.77500009536743,0.971,2.214,1.639,49.405,0,119.553016662598,4,1746416,false,263.377107620239,0.288,12.646,0.011,64.974,8
continuous_dig,13,16.628,4.78000020980835,0.971,2.214,1.639,49.405,1,119.553016662598,4,1746416,true,263.61773109436,0.288,12.646,0.006,64.974,8
continuous_dig,14,17.274,5.09299993515015,0.436,2.985,2.002,49.405,0,119.553016662598,4,1746416,true,263.70126914978,0.516,0.0,2.84,64.974,8
continuous_dig,15,18.424,5.13500022888184,0.436,3.922,2.145,32.347,0,119.554229736328,4,1746432,false,263.375646591187,0.516,13.016,2.519,64.974,8
continuous_dig,16,11.944,4.81400012969971,0.436,3.922,2.145,32.347,0,119.554229736328,4,1746432,false,263.382925033569,0.516,13.016,0.006,46.917,8
continuous_dig,17,16.4,5.01300001144409,0.436,3.922,2.145,32.347,0,119.554229736328,4,1746432,false,263.38817024231,0.516,13.016,0.006,46.917,8
continuous_dig,18,16.592,4.83900022506714,0.436,3.922,2.145,32.347,0,119.554229736328,4,1746432,false,263.388177871704,0.516,13.016,0.007,46.917,8
continuous_dig,19,17.693,5.43200016021729,0.436,3.922,2.145,32.347,0,119.554229736328,4,1746432,false,263.388589859009,0.516,13.016,0.012,46.917,8
continuous_dig,20,16.942,4.68800020217896,0.436,3.922,2.145,32.347,0,119.554229736328,4,1746432,false,263.388589859009,0.516,13.016,0.013,46.917,8
continuous_dig,21,19.72,6.125,0.436,3.922,2.145,32.347,0,119.554229736328,4,1746432,false,263.388544082642,0.516,13.016,0.008,46.917,8
continuous_dig,22,12.522,5.38399982452393,0.436,3.922,2.145,32.347,0,119.554229736328,4,1746432,false,263.388589859009,0.516,13.016,0.008,46.917,8
continuous_dig,23,22.66,5.27899980545044,0.436,3.922,2.145,32.347,1,119.554229736328,4,1746432,true,263.407598495483,0.516,13.016,0.014,46.917,8
continuous_dig,24,14.076,5.20100021362305,0.451,4.804,0.778,32.347,0,119.554229736328,5,1746432,true,263.702833175659,0.255,0.0,2.95,46.917,8
continuous_dig,25,16.571,4.93200016021729,0.451,2.432,1.578,27.713,0,119.55428314209,5,1746432,false,263.388566970825,0.255,13.497,1.955,46.917,8
continuous_dig,26,12.731,4.58699989318848,0.451,2.432,1.578,27.713,0,119.55428314209,5,1746432,false,263.395776748657,0.255,13.497,0.007,42.782,8
continuous_dig,27,16.738,4.98899984359741,0.451,2.432,1.578,27.713,0,119.55428314209,5,1746432,false,263.394929885864,0.255,13.497,0.007,42.782,8
continuous_dig,28,17.08,5.06599998474121,0.451,2.432,1.578,27.713,0,119.55428314209,5,1746432,false,263.395566940308,0.255,13.497,0.006,42.782,8
continuous_dig,29,16.259,4.73400020599365,0.451,2.432,1.578,27.713,0,119.55428314209,5,1746432,false,263.395570755005,0.255,13.497,0.009,42.782,8
continuous_dig,30,17.316,5.33099985122681,0.451,2.432,1.578,27.713,0,119.55428314209,5,1746432,false,263.401739120483,0.255,13.497,0.008,42.782,8
continuous_dig,31,19.472,5.48299980163574,0.451,2.432,1.578,27.713,0,119.55428314209,5,1746432,false,263.401807785034,0.255,13.497,0.011,42.782,8
continuous_dig,32,13.419,5.17700004577637,0.451,2.432,1.578,27.713,0,119.55428314209,5,1746432,false,263.401739120483,0.255,13.497,0.008,42.782,8
continuous_dig,33,16.925,5.36899995803833,0.451,2.432,1.578,27.713,0,119.55428314209,5,1746432,false,263.401739120483,0.255,13.497,0.007,42.782,8
continuous_dig,34,17.186,5.02699995040894,0.451,2.432,1.578,27.713,1,119.55428314209,5,1746432,true,263.64182472229,0.255,13.497,0.012,42.782,8
continuous_dig,35,20.049,5.36100006103516,0.351,5.29,0.297,27.713,0,119.55428314209,5,1746432,true,263.636800765991,0.754,0.0,2.703,42.782,8
continuous_dig,36,17.119,4.67600011825562,0.351,4.407,1.402,34.576,0,119.554573059082,5,1746436,false,263.396463394165,0.754,20.031,3.017,42.782,8
continuous_dig,37,11.976,5.01599979400635,0.351,4.407,1.402,34.576,0,119.554573059082,5,1746436,false,263.409841537476,0.754,20.031,0.006,48.617,8
continuous_dig,38,16.289,4.4980001449585,0.351,4.407,1.402,34.576,0,119.554573059082,5,1746436,false,263.409196853638,0.754,20.031,0.007,48.617,8
continuous_dig,39,17.337,5.27099990844727,0.351,4.407,1.402,34.576,0,119.554573059082,5,1746436,false,263.408994674683,0.754,20.031,0.007,48.617,8
continuous_dig,40,16.857,5.33500003814697,0.351,4.407,1.402,34.576,0,119.554573059082,5,1746436,false,263.408994674683,0.754,20.031,0.007,48.617,8
continuous_dig,41,16.306,5.19899988174438,0.351,4.407,1.402,34.576,0,119.554573059082,5,1746436,false,263.408994674683,0.754,20.031,0.007,48.617,8
continuous_dig,42,16.432,4.53700017929077,0.351,4.407,1.402,34.576,0,119.554573059082,5,1746436,false,263.409955978394,0.754,20.031,0.009,48.617,8
continuous_dig,43,18.966,5.18599987030029,0.351,4.407,1.402,34.576,0,119.554573059082,5,1746436,false,263.409955978394,0.754,20.031,0.007,48.617,8
continuous_dig,44,14.373,4.01300001144409,0.351,4.407,1.402,34.576,0,119.554573059082,5,1746436,false,263.416124343872,0.754,20.031,0.008,48.617,8
continuous_dig,45,17.18,5.30700016021729,0.351,4.407,1.402,34.576,0,119.554573059082,5,1746436,true,263.42795753479,0.754,20.031,0.009,48.617,8
continuous_dig,46,19.044,4.58199977874756,0.142,3.674,0.794,34.576,0,119.554573059082,5,1746436,true,263.824331283569,0.192,0.0,2.493,48.617,8
continuous_dig,47,20.483,4.92799997329712,0.142,2.572,3.386,34.476,0,119.555046081543,5,1746444,false,263.41237449646,0.192,15.349,3.587,48.617,8
continuous_dig,48,9.861,4.99200010299683,0.142,2.572,3.386,34.476,0,119.555046081543,5,1746444,false,263.418966293335,0.192,15.349,0.006,48.956,8
continuous_dig,49,16.621,5.0019998550415,0.142,2.572,3.386,34.476,0,119.555046081543,5,1746444,false,263.418119430542,0.192,15.349,0.007,48.956,8
continuous_dig,50,16.851,4.96600008010864,0.142,2.572,3.386,34.476,0,119.555046081543,5,1746444,false,263.418123245239,0.192,15.349,0.009,48.956,8
continuous_dig,51,18.2,5.04699993133545,0.142,2.572,3.386,34.476,0,119.555046081543,5,1746444,false,263.424283981323,0.192,15.349,0.011,48.956,8
continuous_dig,52,16.145,5.35099983215332,0.142,2.572,3.386,34.476,0,119.555046081543,5,1746444,false,263.424291610718,0.192,15.349,0.011,48.956,8
continuous_dig,53,16.915,5.36100006103516,0.142,2.572,3.386,34.476,0,119.555046081543,5,1746444,false,263.424291610718,0.192,15.349,0.012,48.956,8
continuous_dig,54,19.629,5.23999977111816,0.142,2.572,3.386,34.476,0,119.555046081543,5,1746444,false,263.424291610718,0.192,15.349,0.012,48.956,8
continuous_dig,55,14.113,5.71000003814697,0.142,2.572,3.386,34.476,0,119.555046081543,5,1746444,false,263.424291610718,0.192,15.349,0.013,48.956,8
continuous_dig,56,15.758,5.125,0.142,2.572,3.386,34.476,1,119.555046081543,5,1746444,true,263.436971664429,0.192,15.349,0.013,48.956,8
continuous_dig,57,19.297,5.36199998855591,0.538,4.549,0.9,34.476,0,119.555046081543,6,1746444,true,263.833829879761,0.375,0.0,2.583,48.956,8
continuous_dig,58,21.503,5.1710000038147,0.538,2.366,3.001,34.989,0,119.555465698242,6,1746452,false,263.426507949829,0.375,14.681,3.329,48.956,8
continuous_dig,59,10.705,4.69199991226196,0.538,2.366,3.001,34.989,0,119.555465698242,6,1746452,false,263.433176040649,0.375,14.681,0.009,50.696,8
continuous_dig,60,15.201,5.57200002670288,0.538,2.366,3.001,34.989,0,119.555465698242,6,1746452,false,263.432329177856,0.375,14.681,0.01,50.696,8
continuous_dig,61,17.689,5.43200016021729,0.538,2.366,3.001,34.989,0,119.555465698242,6,1746452,false,263.432329177856,0.375,14.681,0.008,50.696,8
continuous_dig,62,15.918,5.24599981307983,0.538,2.366,3.001,34.989,0,119.555465698242,6,1746452,false,263.432329177856,0.375,14.681,0.013,50.696,8
continuous_dig,63,17.477,5.28999996185303,0.538,2.366,3.001,34.989,0,119.555465698242,6,1746452,false,263.43381690979,0.375,14.681,0.009,50.696,8
continuous_dig,64,15.94,5.60500001907349,0.538,2.366,3.001,34.989,0,119.555465698242,6,1746452,false,263.433744430542,0.375,14.681,0.012,50.696,8
continuous_dig,65,19.344,5.05100011825562,0.538,2.366,3.001,34.989,0,119.555465698242,6,1746452,false,263.439916610718,0.375,14.681,0.013,50.696,8
continuous_dig,66,14.128,5.53800010681152,0.538,2.366,3.001,34.989,0,119.555465698242,6,1746452,false,263.439916610718,0.375,14.681,0.012,50.696,8
continuous_dig,67,16.316,5.2960000038147,0.538,2.366,3.001,34.989,1,119.555465698242,6,1746452,true,263.452634811401,0.375,14.681,0.012,50.696,8
continuous_dig,68,19.239,5.23299980163574,0.258,4.114,0.168,34.989,0,119.555465698242,6,1746452,true,263.758001327515,0.388,14.204,2.502,50.696,8
continuous_dig,69,21.476,5.24399995803833,0.258,4.511,4.323,35.447,0,119.556175231934,6,1746464,false,263.437620162964,0.388,14.204,4.335,50.696,8
continuous_dig,70,9.471,5.20699977874756,0.258,4.511,4.323,35.447,0,119.556175231934,6,1746464,false,263.443735122681,0.388,14.204,0.011,49.472,8
continuous_dig,71,16.567,5.29400014877319,0.258,4.511,4.323,35.447,0,119.556175231934,6,1746464,false,263.442892074585,0.388,14.204,0.012,49.472,8
continuous_dig,72,16.995,5.66400003433228,0.258,4.511,4.323,35.447,0,119.556175231934,6,1746464,false,263.449060440063,0.388,14.204,0.013,49.472,8
continuous_dig,73,16.129,5.15999984741211,0.258,4.511,4.323,35.447,0,119.556175231934,6,1746464,false,263.449060440063,0.388,14.204,0.011,49.472,8
continuous_dig,74,16.763,5.13399982452393,0.258,4.511,4.323,35.447,0,119.556175231934,6,1746464,false,263.449060440063,0.388,14.204,0.01,49.472,8
continuous_dig,75,16.569,5.30100011825562,0.258,4.511,4.323,35.447,0,119.556175231934,6,1746464,false,263.449060440063,0.388,14.204,0.011,49.472,8
continuous_dig,76,20.067,5.26700019836426,0.258,4.511,4.323,35.447,0,119.556175231934,6,1746464,false,263.449060440063,0.388,14.204,0.012,49.472,8
continuous_dig,77,13.587,5.13399982452393,0.258,4.511,4.323,35.447,0,119.556175231934,6,1746464,false,263.449060440063,0.388,14.204,0.013,49.472,8
continuous_dig,78,16.335,5.08199977874756,0.258,4.511,4.323,35.447,1,119.556175231934,6,1746464,true,263.461782455444,0.388,14.204,0.012,49.472,8
continuous_dig,79,20.036,5.15999984741211,0.323,3.658,1.605,35.447,0,119.556175231934,6,1746464,true,263.765356063843,0.414,14.283,2.512,49.472,8
continuous_dig,80,19.96,5.38000011444092,0.323,3.924,3.481,35.4,0,119.556175231934,6,1746464,false,263.452749252319,0.414,14.283,3.787,49.472,8
continuous_dig,81,10.02,5.35500001907349,0.323,3.924,3.481,35.4,0,119.556175231934,6,1746464,false,263.459413528442,0.414,14.283,0.006,49.581,8
continuous_dig,82,16.672,4.55000019073486,0.323,3.924,3.481,35.4,0,119.556175231934,6,1746464,false,263.458570480347,0.414,14.283,0.011,49.581,8
continuous_dig,83,16.066,5.25500011444092,0.323,3.924,3.481,35.4,0,119.556175231934,6,1746464,false,263.458570480347,0.414,14.283,0.008,49.581,8
continuous_dig,84,17.335,5.32100009918213,0.323,3.924,3.481,35.4,0,119.556175231934,6,1746464,false,263.458570480347,0.414,14.283,0.013,49.581,8
continuous_dig,85,15.859,4.62200021743774,0.323,3.924,3.481,35.4,0,119.556175231934,6,1746464,false,263.458570480347,0.414,14.283,0.007,49.581,8
continuous_dig,86,17.231,5.02799987792969,0.323,3.924,3.481,35.4,0,119.556175231934,6,1746464,false,263.464738845825,0.414,14.283,0.007,49.581,8
continuous_dig,87,18.705,6.18200016021729,0.323,3.924,3.481,35.4,0,119.556175231934,6,1746464,false,263.464738845825,0.414,14.283,0.007,49.581,8
continuous_dig,88,13.738,4.65700006484985,0.323,3.924,3.481,35.4,0,119.556175231934,6,1746464,false,263.464738845825,0.414,14.283,0.008,49.581,8
continuous_dig,89,17.381,4.66699981689453,0.323,3.924,3.481,35.4,1,119.556175231934,6,1746464,true,263.477460861206,0.414,14.283,0.012,49.581,8
continuous_dig,90,20.596,4.81400012969971,0.278,3.776,1.896,17.902,0,119.557334899902,6,1746480,false,263.461763381958,0.517,7.195,3.044,49.581,8
continuous_dig,91,12.174,5.11499977111816,0.278,3.776,1.896,17.902,0,119.557334899902,6,1746480,false,263.470064163208,0.517,7.195,0.005,32.361,8
continuous_dig,92,17.543,5.75799989700317,0.278,3.776,1.896,17.902,0,119.557334899902,6,1746480,false,263.469217300415,0.517,7.195,0.005,32.361,8
continuous_dig,93,15.585,4.81599998474121,0.278,3.776,1.896,17.902,0,119.557334899902,6,1746480,false,263.475385665894,0.517,7.195,0.006,32.361,8
continuous_dig,94,17.4,5.3439998626709,0.278,3.776,1.896,17.902,0,119.557334899902,6,1746480,false,263.47752571106,0.517,7.195,0.005,32.361,8
continuous_dig,95,17.144,5.27099990844727,0.278,3.776,1.896,17.902,0,119.557334899902,6,1746480,false,263.474576950073,0.517,7.195,0.006,32.361,8
continuous_dig,96,15.703,5.33699989318848,0.278,3.776,1.896,17.902,0,119.557334899902,6,1746480,false,263.474508285522,0.517,7.195,0.005,32.361,8
continuous_dig,97,18.537,5.69099998474121,0.278,3.776,1.896,17.902,0,119.557334899902,6,1746480,false,263.474020004272,0.517,7.195,0.006,32.361,8
continuous_dig,98,14.666,4.88100004196167,0.278,3.776,1.896,17.902,0,119.557334899902,6,1746480,false,263.474020004272,0.517,7.195,0.005,32.361,8
continuous_dig,99,17.335,5.64699983596802,0.278,3.776,1.896,17.902,0,119.557334899902,6,1746480,true,263.485857009888,0.517,7.195,0.006,32.361,8
continuous_dig,100,20.183,5.22599983215332,0.089,1.685,1.625,17.951,0,119.556938171387,6,1746476,false,263.471395492554,0.14,5.122,2.647,32.361,8
continuous_dig,101,13.307,5.70499992370605,0.089,1.685,1.625,17.951,0,119.556938171387,6,1746476,false,263.479696273804,0.14,5.122,0.005,33.088,8
continuous_dig,102,16.324,5.44199991226196,0.089,1.685,1.625,17.951,0,119.556938171387,6,1746476,false,263.478849411011,0.14,5.122,0.006,33.088,8
continuous_dig,103,16.506,5.58900022506714,0.089,1.685,1.625,17.951,0,119.556938171387,6,1746476,false,263.478849411011,0.14,5.122,0.005,33.088,8
continuous_dig,104,16.498,5.08599996566772,0.089,1.685,1.625,17.951,0,119.556938171387,6,1746476,false,263.478849411011,0.14,5.122,0.006,33.088,8
continuous_dig,105,16.736,5.40700006484985,0.089,1.685,1.625,17.951,0,119.556938171387,6,1746476,false,263.478849411011,0.14,5.122,0.007,33.088,8
continuous_dig,106,16.425,4.92899990081787,0.089,1.685,1.625,17.951,0,119.556938171387,6,1746476,false,263.478849411011,0.14,5.122,0.005,33.088,8
continuous_dig,107,18.027,5.11899995803833,0.089,1.685,1.625,17.951,0,119.556938171387,6,1746476,false,263.485017776489,0.14,5.122,0.005,33.088,8
continuous_dig,108,15.368,4.89799976348877,0.089,1.685,1.625,17.951,0,119.556938171387,6,1746476,false,263.485017776489,0.14,5.122,0.006,33.088,8
continuous_dig,109,16.819,4.99399995803833,0.089,1.685,1.625,17.951,1,119.556938171387,6,1746476,true,263.49773979187,0.14,5.122,0.006,33.088,8
continuous_dig,110,20.701,5.18800020217896,0.179,1.569,1.605,18.673,0,119.558097839355,6,1746492,false,263.481939315796,0.193,4.797,2.604,33.088,8
continuous_dig,111,13.134,5.13399982452393,0.179,1.569,1.605,18.673,0,119.558097839355,6,1746492,false,263.490308761597,0.193,4.797,0.005,33.287,8
continuous_dig,112,15.971,4.92799997329712,0.179,1.569,1.605,18.673,0,119.558097839355,6,1746492,false,263.489393234253,0.193,4.797,0.006,33.287,8
continuous_dig,113,16.891,5.09100008010864,0.179,1.569,1.605,18.673,0,119.558097839355,6,1746492,false,263.489393234253,0.193,4.797,0.006,33.287,8
continuous_dig,114,16.237,4.59899997711182,0.179,1.569,1.605,18.673,0,119.558097839355,6,1746492,false,263.495561599731,0.193,4.797,0.007,33.287,8
continuous_dig,115,17.369,5.33799982070923,0.179,1.569,1.605,18.673,0,119.558097839355,6,1746492,false,263.495561599731,0.193,4.797,0.006,33.287,8
continuous_dig,116,16.136,4.90899991989136,0.179,1.569,1.605,18.673,0,119.558097839355,6,1746492,false,263.495561599731,0.193,4.797,0.005,33.287,8
continuous_dig,117,18.187,4.89300012588501,0.179,1.569,1.605,18.673,0,119.558097839355,6,1746492,false,263.495561599731,0.193,4.797,0.005,33.287,8
continuous_dig,118,15.102,4.59200000762939,0.179,1.569,1.605,18.673,0,119.558097839355,6,1746492,false,263.495561599731,0.193,4.797,0.006,33.287,8
continuous_dig,119,16.94,5.47700023651123,0.179,1.569,1.605,18.673,0,119.558097839355,6,1746492,true,263.505613327026,0.193,4.797,0.005,33.287,8
continuous_dig,120,20.166,4.97700023651123,0.088,1.644,1.548,18.148,0,119.558387756348,6,1746496,false,263.489149093628,0.166,4.983,2.557,33.287,8
continuous_dig,121,13.393,4.98600006103516,0.088,1.644,1.548,18.148,0,119.558387756348,6,1746496,false,263.503618240356,0.166,4.983,0.005,33.135,8
continuous_dig,122,16.194,4.51000022888184,0.088,1.644,1.548,18.148,0,119.558387756348,6,1746496,false,263.502771377563,0.166,4.983,0.005,33.135,8
continuous_dig,123,16.89,5.2350001335144,0.088,1.644,1.548,18.148,0,119.558387756348,6,1746496,false,263.502763748169,0.166,4.983,0.006,33.135,8
continuous_dig,124,16.79,5.24200010299683,0.088,1.644,1.548,18.148,0,119.558387756348,6,1746496,false,263.502767562866,0.166,4.983,0.006,33.135,8
continuous_dig,125,16.331,4.88600015640259,0.088,1.644,1.548,18.148,0,119.558387756348,6,1746496,false,263.502771377563,0.166,4.983,0.006,33.135,8
continuous_dig,126,17.04,4.96700000762939,0.088,1.644,1.548,18.148,0,119.558387756348,6,1746496,false,263.502767562866,0.166,4.983,0.006,33.135,8
continuous_dig,127,18.389,5.38399982452393,0.088,1.644,1.548,18.148,0,119.558387756348,6,1746496,false,263.502840042114,0.166,4.983,0.006,33.135,8
continuous_dig,128,14.537,4.58599996566772,0.088,1.644,1.548,18.148,0,119.558387756348,6,1746496,false,263.508939743042,0.166,4.983,0.006,33.135,8
continuous_dig,129,17.014,5.16699981689453,0.088,1.644,1.548,18.148,1,119.558387756348,6,1746496,true,263.521661758423,0.166,4.983,0.006,33.135,8
continuous_dig,130,20.541,4.82299995422363,0.177,1.465,1.552,18.476,0,119.558967590332,6,1746504,false,263.503835678101,0.232,4.886,2.56,33.135,8
continuous_dig,131,13.021,3.85899996757507,0.177,1.465,1.552,18.476,0,119.558967590332,6,1746504,false,263.512136459351,0.232,4.886,0.004,33.18,8
continuous_dig,132,16.099,5.01399993896484,0.177,1.465,1.552,18.476,0,119.558967590332,6,1746504,false,263.511289596558,0.232,4.886,0.006,33.18,8
continuous_dig,133,16.556,4.74499988555908,0.177,1.465,1.552,18.476,0,119.558967590332,6,1746504,false,263.511289596558,0.232,4.886,0.005,33.18,8
continuous_dig,134,16.869,4.73000001907349,0.177,1.465,1.552,18.476,0,119.558967590332,6,1746504,false,263.511289596558,0.232,4.886,0.007,33.18,8
continuous_dig,135,16.585,4.88199996948242,0.177,1.465,1.552,18.476,0,119.558967590332,6,1746504,false,263.517457962036,0.232,4.886,0.006,33.18,8
continuous_dig,136,16.64,5.01999998092651,0.177,1.465,1.552,18.476,0,119.558967590332,6,1746504,false,263.517454147339,0.232,4.886,0.005,33.18,8
continuous_dig,137,18.684,5.36199998855591,0.177,1.465,1.552,18.476,0,119.558967590332,6,1746504,false,263.517457962036,0.232,4.886,0.006,33.18,8
continuous_dig,138,15.412,4.96799993515015,0.177,1.465,1.552,18.476,1,119.558967590332,6,1746504,true,263.530179977417,0.232,4.886,0.006,33.18,8
continuous_dig,139,21.001,3.95099997520447,0.178,1.394,1.548,18.958,0,119.55867767334,6,1746500,false,263.508871078491,0.167,4.533,2.56,33.18,8
continuous_dig,140,12.312,5.15899991989136,0.178,1.394,1.548,18.958,0,119.55867767334,6,1746500,false,263.517171859741,0.167,4.533,0.005,32.951,8
continuous_dig,141,16.543,5.17999982833862,0.178,1.394,1.548,18.958,0,119.55867767334,6,1746500,false,263.519529342651,0.167,4.533,0.006,32.951,8
continuous_dig,142,16.31,4.74900007247925,0.178,1.394,1.548,18.958,0,119.55867767334,6,1746500,false,263.525693893433,0.167,4.533,0.006,32.951,8
continuous_dig,143,16.778,5.06599998474121,0.178,1.394,1.548,18.958,0,119.55867767334,6,1746500,false,263.525766372681,0.167,4.533,0.005,32.951,8
continuous_dig,144,16.601,5.27699995040894,0.178,1.394,1.548,18.958,0,119.55867767334,6,1746500,false,263.52569770813,0.167,4.533,0.006,32.951,8
continuous_dig,145,16.482,5.0149998664856,0.178,1.394,1.548,18.958,0,119.55867767334,6,1746500,false,263.525693893433,0.167,4.533,0.005,32.951,8
continuous_dig,146,18.346,5.09800004959106,0.178,1.394,1.548,18.958,0,119.55867767334,6,1746500,false,263.52569770813,0.167,4.533,0.006,32.951,8
continuous_dig,147,15.081,5.13700008392334,0.178,1.394,1.548,18.958,0,119.55867767334,6,1746500,false,263.52569770813,0.167,4.533,0.005,32.951,8
continuous_dig,148,16.772,5.27899980545044,0.178,1.394,1.548,18.958,1,119.55867767334,6,1746500,true,263.538419723511,0.167,4.533,0.006,32.951,8
continuous_dig,149,20.373,4.98899984359741,0.18,1.463,1.687,18.273,0,119.559837341309,6,1746516,false,263.528787612915,0.225,4.595,2.689,32.951,8
continuous_dig,150,13.004,4.89699983596802,0.18,1.463,1.687,18.273,0,119.559837341309,6,1746516,false,263.537088394165,0.225,4.595,0.005,33.026,8
continuous_dig,151,16.953,5.30299997329712,0.18,1.463,1.687,18.273,0,119.559837341309,6,1746516,false,263.536241531372,0.225,4.595,0.011,33.026,8
continuous_dig,152,17.641,5.91499996185303,0.18,1.463,1.687,18.273,0,119.559837341309,6,1746516,false,263.536241531372,0.225,4.595,0.013,33.026,8
continuous_dig,153,16.268,5.30600023269653,0.18,1.463,1.687,18.273,0,119.559837341309,6,1746516,false,263.536241531372,0.225,4.595,0.012,33.026,8
continuous_dig,154,17.457,5.59899997711182,0.18,1.463,1.687,18.273,0,119.559837341309,6,1746516,false,263.536241531372,0.225,4.595,0.013,33.026,8
continuous_dig,155,15.327,4.94000005722046,0.18,1.463,1.687,18.273,0,119.559837341309,6,1746516,false,263.536241531372,0.225,4.595,0.007,33.026,8
continuous_dig,156,19.427,5.27600002288818,0.18,1.463,1.687,18.273,0,119.559837341309,6,1746516,false,263.542409896851,0.225,4.595,0.009,33.026,8
continuous_dig,157,14.063,4.92500019073486,0.18,1.463,1.687,18.273,1,119.559837341309,6,1746516,true,263.555131912231,0.225,4.595,0.013,33.026,8
continuous_dig,158,19.691,4.62099981307983,0.244,3.696,1.6,18.273,0,119.559837341309,6,1746516,true,263.853754043579,0.534,14.72,2.54,33.026,8
continuous_dig,159,21.707,4.54199981689453,0.244,4.472,4.516,35.669,0,119.560417175293,6,1746524,false,263.538789749146,0.534,14.72,4.928,33.026,8
continuous_dig,160,9.254,4.5479998588562,0.244,4.472,4.516,35.669,0,119.560417175293,6,1746524,false,263.545377731323,0.534,14.72,0.012,49.458,8
continuous_dig,161,16.166,4.5,0.244,4.472,4.516,35.669,0,119.560417175293,6,1746524,false,263.54448890686,0.534,14.72,0.013,49.458,8
continuous_dig,162,16.763,4.46600008010864,0.244,4.472,4.516,35.669,0,119.560417175293,6,1746524,false,263.544538497925,0.534,14.72,0.012,49.458,8
continuous_dig,163,17.965,5.79699993133545,0.244,4.472,4.516,35.669,0,119.560417175293,6,1746524,false,263.550706863403,0.534,14.72,0.012,49.458,8
continuous_dig,164,15.125,4.83199977874756,0.244,4.472,4.516,35.669,0,119.560417175293,6,1746524,false,263.550706863403,0.534,14.72,0.012,49.458,8
continuous_dig,165,16.915,5.40700006484985,0.244,4.472,4.516,35.669,0,119.560417175293,6,1746524,false,263.550706863403,0.534,14.72,0.013,49.458,8
continuous_dig,166,19.916,5.22599983215332,0.244,4.472,4.516,35.669,0,119.560417175293,6,1746524,false,263.550706863403,0.534,14.72,0.012,49.458,8
continuous_dig,167,13.663,5.83099985122681,0.244,4.472,4.516,35.669,0,119.560417175293,6,1746524,false,263.550462722778,0.534,14.72,0.009,49.458,8
continuous_dig,168,15.565,4.33199977874756,0.244,4.472,4.516,35.669,1,119.560417175293,6,1746524,true,263.562761306763,0.534,14.72,0.008,49.458,8
continuous_dig,169,22.514,5.28000020980835,0.209,2.427,2.813,19.68,0,119.560707092285,6,1746528,false,263.544134140015,0.196,8.904,3.53,49.458,8
continuous_dig,170,11.567,4.93699979782104,0.209,2.427,2.813,19.68,0,119.560707092285,6,1746528,false,263.558603286743,0.196,8.904,0.007,33.35,8
continuous_dig,171,16.796,5.81400012969971,0.209,2.427,2.813,19.68,0,119.560707092285,6,1746528,false,263.55775642395,0.196,8.904,0.009,33.35,8
continuous_dig,172,16.528,4.93699979782104,0.209,2.427,2.813,19.68,0,119.560707092285,6,1746528,false,263.55775642395,0.196,8.904,0.012,33.35,8
continuous_dig,173,17.066,5.5939998626709,0.209,2.427,2.813,19.68,0,119.560707092285,6,1746528,false,263.557752609253,0.196,8.904,0.011,33.35,8
continuous_dig,174,16.647,5.59600019454956,0.209,2.427,2.813,19.68,0,119.560707092285,6,1746528,false,263.55775642395,0.196,8.904,0.013,33.35,8
continuous_dig,175,17.599,5.87599992752075,0.209,2.427,2.813,19.68,0,119.560707092285,6,1746528,false,263.557825088501,0.196,8.904,0.012,33.35,8
continuous_dig,176,18.166,4.55600023269653,0.209,2.427,2.813,19.68,0,119.560707092285,6,1746528,false,263.55775642395,0.196,8.904,0.011,33.35,8
continuous_dig,177,14.647,5.66200017929077,0.209,2.427,2.813,19.68,1,119.560707092285,6,1746528,true,263.576768875122,0.196,8.904,0.012,33.35,8
continuous_dig,178,19.234,5.59700012207031,0.337,4.231,1.583,19.68,0,119.560707092285,6,1746528,true,263.869737625122,0.313,0.0,2.468,33.35,8
continuous_dig,179,19.923,5.63199996948242,0.337,3.484,2.753,34.149,0,119.559837341309,6,1746516,false,263.554815292358,0.313,16.241,3.096,33.35,8
continuous_dig,180,10.074,5.22100019454956,0.337,3.484,2.753,34.149,0,119.559837341309,6,1746516,false,263.561479568481,0.313,16.241,0.011,48.518,8
continuous_dig,181,17.644,5.6560001373291,0.337,3.484,2.753,34.149,0,119.559837341309,6,1746516,false,263.560628890991,0.313,16.241,0.012,48.518,8
continuous_dig,182,16.074,4.82499980926514,0.337,3.484,2.753,34.149,0,119.559837341309,6,1746516,false,263.560632705688,0.313,16.241,0.013,48.518,8
continuous_dig,183,17.142,5.53299999237061,0.337,3.484,2.753,34.149,0,119.559837341309,6,1746516,false,263.560632705688,0.313,16.241,0.012,48.518,8
continuous_dig,184,16.74,5.09600019454956,0.337,3.484,2.753,34.149,0,119.559837341309,6,1746516,false,263.566431045532,0.313,16.241,0.012,48.518,8
continuous_dig,185,15.839,5.20300006866455,0.337,3.484,2.753,34.149,0,119.559837341309,6,1746516,false,263.566434860229,0.313,16.241,0.013,48.518,8
continuous_dig,186,19.141,4.45300006866455,0.337,3.484,2.753,34.149,0,119.559837341309,6,1746516,false,263.566434860229,0.313,16.241,0.012,48.518,8
continuous_dig,187,15.064,5.53900003433228,0.337,3.484,2.753,34.149,0,119.559837341309,6,1746516,false,263.566434860229,0.313,16.241,0.012,48.518,8
continuous_dig,188,16.029,5.2020001411438,0.337,3.484,2.753,34.149,1,119.559837341309,6,1746516,true,263.578344345093,0.313,16.241,0.013,48.518,8
continuous_dig,189,19.58,5.44500017166138,0.24,4.308,1.66,34.149,0,119.559837341309,6,1746516,true,263.873140335083,0.33,0.0,2.608,48.518,8
continuous_dig,190,18.263,4.42999982833862,0.24,3.737,2.338,33.325,0,119.559837341309,6,1746516,false,263.560865402222,0.33,15.984,2.629,48.518,8
continuous_dig,191,12.944,5.36999988555908,0.24,3.737,2.338,33.325,0,119.559837341309,6,1746516,false,263.573766708374,0.33,15.984,0.011,49.45,8
continuous_dig,192,16.107,4.49900007247925,0.24,3.737,2.338,33.325,0,119.559837341309,6,1746516,false,263.57285118103,0.33,15.984,0.013,49.45,8
continuous_dig,193,16.906,5.6710000038147,0.24,3.737,2.338,33.325,0,119.559837341309,6,1746516,false,263.572847366333,0.33,15.984,0.012,49.45,8
continuous_dig,194,15.056,3.90599989891052,0.24,3.737,2.338,33.325,0,119.559837341309,6,1746516,false,263.57285118103,0.33,15.984,0.013,49.45,8
continuous_dig,195,17.617,5.17000007629395,0.24,3.737,2.338,33.325,0,119.559837341309,6,1746516,false,263.57285118103,0.33,15.984,0.012,49.45,8
continuous_dig,196,17.83,6.33099985122681,0.24,3.737,2.338,33.325,0,119.559837341309,6,1746516,false,263.572847366333,0.33,15.984,0.014,49.45,8
continuous_dig,197,20.348,5.6560001373291,0.24,3.737,2.338,33.325,0,119.559837341309,6,1746516,false,263.572847366333,0.33,15.984,0.012,49.45,8
continuous_dig,198,11.531,4.52199983596802,0.24,3.737,2.338,33.325,0,119.559837341309,6,1746516,false,263.579019546509,0.33,15.984,0.012,49.45,8
continuous_dig,199,16.508,4.98299980163574,0.24,3.737,2.338,33.325,1,119.559837341309,6,1746516,true,263.59174156189,0.33,15.984,0.013,49.45,8
continuous_dig,200,22.353,4.5310001373291,0.253,4.227,2.965,19.248,0,119.561866760254,6,1746544,false,263.579103469849,0.425,13.291,4.435,49.45,8
continuous_dig,201,11.29,4.8769998550415,0.253,4.227,2.965,19.248,0,119.561866760254,6,1746544,false,263.587400436401,0.425,13.291,0.011,32.939,8
continuous_dig,202,16.031,4.44399976730347,0.253,4.227,2.965,19.248,0,119.561866760254,6,1746544,false,263.586561203003,0.425,13.291,0.01,32.939,8
continuous_dig,203,17.153,4.82800006866455,0.253,4.227,2.965,19.248,0,119.561866760254,6,1746544,false,263.586561203003,0.425,13.291,0.012,32.939,8
continuous_dig,204,16.275,4.48799991607666,0.253,4.227,2.965,19.248,0,119.561866760254,6,1746544,false,263.586561203003,0.425,13.291,0.012,32.939,8
continuous_dig,205,16.895,4.81599998474121,0.253,4.227,2.965,19.248,0,119.561866760254,6,1746544,false,263.592729568481,0.425,13.291,0.009,32.939,8
continuous_dig,206,16.327,4.5789999961853,0.253,4.227,2.965,19.248,0,119.561866760254,6,1746544,false,263.592725753784,0.425,13.291,0.012,32.939,8
continuous_dig,207,20.057,4.24599981307983,0.253,4.227,2.965,19.248,0,119.561866760254,6,1746544,false,263.592798233032,0.425,13.291,0.011,32.939,8
continuous_dig,208,14.202,3.84100008010864,0.253,4.227,2.965,19.248,1,119.561866760254,6,1746544,true,263.605451583862,0.425,13.291,0.007,32.939,8
continuous_dig,209,22.143,5.77099990844727,0.204,2.07,2.465,18.77,0,119.563026428223,6,1746560,false,263.589647293091,0.208,7.06,3.052,32.939,8
continuous_dig,210,11.299,5.18900012969971,0.204,2.07,2.465,18.77,0,119.563026428223,6,1746560,false,263.597948074341,0.208,7.06,0.007,32.968,8
continuous_dig,211,15.872,4.69600009918213,0.204,2.07,2.465,18.77,0,119.563026428223,6,1746560,false,263.601907730103,0.208,7.06,0.01,32.968,8
continuous_dig,212,17.753,5.94299983978271,0.204,2.07,2.465,18.77,0,119.563026428223,6,1746560,false,263.608076095581,0.208,7.06,0.009,32.968,8
continuous_dig,213,15.032,4.56699991226196,0.204,2.07,2.465,18.77,0,119.563026428223,6,1746560,false,263.608076095581,0.208,7.06,0.009,32.968,8
continuous_dig,214,18.019,4.85099983215332,0.204,2.07,2.465,18.77,0,119.563026428223,6,1746560,false,263.608076095581,0.208,7.06,0.012,32.968,8
continuous_dig,215,15.688,4.58300018310547,0.204,2.07,2.465,18.77,0,119.563026428223,6,1746560,false,263.608076095581,0.208,7.06,0.01,32.968,8
continuous_dig,216,21.821,3.95000004768372,0.204,2.07,2.465,18.77,0,119.563026428223,6,1746560,false,263.608076095581,0.208,7.06,0.012,32.968,8
continuous_dig,217,11.602,4.55299997329712,0.204,2.07,2.465,18.77,0,119.563026428223,6,1746560,false,263.608076095581,0.208,7.06,0.012,32.968,8
continuous_dig,218,17.286,5.12599992752075,0.204,2.07,2.465,18.77,1,119.563026428223,6,1746560,true,263.620798110962,0.208,7.06,0.013,32.968,8
continuous_dig,219,17.253,3.92600011825562,0.332,4.78,1.128,18.77,0,119.563026428223,6,1746560,true,263.929655075073,0.456,0.0,1.863,32.968,8
continuous_dig,220,20.835,4.57200002670288,0.332,2.65,2.383,33.129,0,119.563026428223,6,1746560,false,263.60838508606,0.456,14.755,2.649,32.968,8
continuous_dig,221,12.016,4.5770001411438,0.332,2.65,2.383,33.129,0,119.563026428223,6,1746560,false,263.615045547485,0.456,14.755,0.012,49.17,8
continuous_dig,222,16.374,4.77799987792969,0.332,2.65,2.383,33.129,0,119.563026428223,6,1746560,false,263.61420249939,0.456,14.755,0.011,49.17,8
continuous_dig,223,16.393,4.85300016403198,0.332,2.65,2.383,33.129,0,119.563026428223,6,1746560,false,263.61427116394,0.456,14.755,0.01,49.17,8
continuous_dig,224,16.191,4.45499992370605,0.332,2.65,2.383,33.129,0,119.563026428223,6,1746560,false,263.61420249939,0.456,14.755,0.013,49.17,8
continuous_dig,225,19.913,3.8050000667572,0.332,2.65,2.383,33.129,0,119.563026428223,6,1746560,false,263.614198684692,0.456,14.755,0.007,49.17,8
continuous_dig,226,13.636,4.53299999237061,0.332,2.65,2.383,33.129,0,119.563026428223,6,1746560,false,263.620370864868,0.456,14.755,0.007,49.17,8
continuous_dig,227,18.076,4.49399995803833,0.332,2.65,2.383,33.129,0,119.563026428223,6,1746560,false,263.620370864868,0.456,14.755,0.008,49.17,8
continuous_dig,228,14.895,4.72300004959106,0.332,2.65,2.383,33.129,0,119.563026428223,6,1746560,false,263.620370864868,0.456,14.755,0.006,49.17,8
continuous_dig,229,16.702,3.84400010108948,0.332,2.65,2.383,33.129,1,119.563026428223,6,1746560,true,263.632406234741,0.456,14.755,0.109,49.17,8
continuous_dig,230,26.536,3.84599995613098,0.425,3.527,5.279,21.468,0,119.563026428223,6,1746560,false,263.612966537476,0.318,12.538,6.941,49.17,8
continuous_dig,231,7.838,4.50099992752075,0.425,3.527,5.279,21.468,0,119.563026428223,6,1746560,false,263.621263504028,0.318,12.538,0.014,33.309,8
continuous_dig,232,16.021,4.60099983215332,0.425,3.527,5.279,21.468,0,119.563026428223,6,1746560,false,263.620420455933,0.318,12.538,0.012,33.309,8
continuous_dig,233,15.739,3.9909999370575,0.425,3.527,5.279,21.468,0,119.563026428223,6,1746560,false,263.626585006714,0.318,12.538,0.008,33.309,8
continuous_dig,234,18.06,5.44600009918213,0.425,3.527,5.279,21.468,0,119.563026428223,6,1746560,false,263.626585006714,0.318,12.538,0.009,33.309,8
continuous_dig,235,15.865,4.97300004959106,0.425,3.527,5.279,21.468,0,119.563026428223,6,1746560,false,263.626588821411,0.318,12.538,0.007,33.309,8
continuous_dig,236,17.203,5.53499984741211,0.425,3.527,5.279,21.468,0,119.563026428223,6,1746560,false,263.626588821411,0.318,12.538,0.007,33.309,8
continuous_dig,237,17.968,4.96000003814697,0.425,3.527,5.279,21.468,0,119.563026428223,6,1746560,false,263.6178150177,0.318,12.538,0.006,33.309,8
continuous_dig,238,15.445,4.59800004959106,0.425,3.527,5.279,21.468,1,119.563026428223,6,1746560,true,263.630537033081,0.318,12.538,0.012,33.309,8
continuous_dig,239,24.543,5.39400005340576,0.237,2.817,3.702,21.227,0,119.564765930176,6,1746584,false,263.616884231567,0.407,8.145,5.149,33.309,8
continuous_dig,240,8.625,4.66499996185303,0.237,2.817,3.702,21.227,0,119.564765930176,6,1746584,false,263.631280899048,0.407,8.145,0.006,32.595,8
continuous_dig,241,16.699,4.88500022888184,0.237,2.817,3.702,21.227,0,119.564765930176,6,1746584,false,263.630437850952,0.407,8.145,0.006,32.595,8
continuous_dig,242,19.057,5.7039999961853,0.237,2.817,3.702,21.227,0,119.564765930176,6,1746584,false,263.630434036255,0.407,8.145,0.006,32.595,8
continuous_dig,243,14.408,4.48799991607666,0.237,2.817,3.702,21.227,0,119.564765930176,6,1746584,false,263.630437850952,0.407,8.145,0.007,32.595,8
continuous_dig,244,16.29,4.88800001144409,0.237,2.817,3.702,21.227,0,119.564765930176,6,1746584,false,263.630434036255,0.407,8.145,0.007,32.595,8
continuous_dig,245,17.788,5.41499996185303,0.237,2.817,3.702,21.227,0,119.564765930176,6,1746584,false,263.630437850952,0.407,8.145,0.012,32.595,8
continuous_dig,246,17.179,4.79699993133545,0.237,2.817,3.702,21.227,0,119.564765930176,6,1746584,false,263.630437850952,0.407,8.145,0.007,32.595,8
continuous_dig,247,15.088,4.78700017929077,0.237,2.817,3.702,21.227,0,119.564765930176,6,1746584,false,263.636606216431,0.407,8.145,0.012,32.595,8
continuous_dig,248,16.102,4.78800010681152,0.237,2.817,3.702,21.227,0,119.564765930176,6,1746584,true,263.648443222046,0.407,8.145,0.007,32.595,8
continuous_dig,249,23.628,5.09000015258789,0.108,2.3,2.637,20.016,0,119.565925598145,6,1746600,false,263.63352394104,0.163,7.132,3.243,32.595,8
continuous_dig,250,10.547,4.37599992752075,0.108,2.3,2.637,20.016,0,119.565925598145,6,1746600,false,263.64182472229,0.163,7.132,0.01,32.938,8
continuous_dig,251,17.299,4.90100002288818,0.108,2.3,2.637,20.016,0,119.565925598145,6,1746600,false,263.640977859497,0.163,7.132,0.016,32.938,8
continuous_dig,252,16.417,5.23000001907349,0.108,2.3,2.637,20.016,0,119.565925598145,6,1746600,false,263.640977859497,0.163,7.132,0.006,32.938,8
continuous_dig,253,15.889,4.62400007247925,0.108,2.3,2.637,20.016,0,119.565925598145,6,1746600,false,263.640977859497,0.163,7.132,0.007,32.938,8
continuous_dig,254,17.7,5.27299976348877,0.108,2.3,2.637,20.016,0,119.565925598145,6,1746600,false,263.647138595581,0.163,7.132,0.011,32.938,8
continuous_dig,255,18.104,5.58599996566772,0.108,2.3,2.637,20.016,0,119.565925598145,6,1746600,false,263.647214889526,0.163,7.132,0.012,32.938,8
continuous_dig,256,18.019,4.86899995803833,0.108,2.3,2.637,20.016,0,119.565925598145,6,1746600,false,263.647146224976,0.163,7.132,0.011,32.938,8
continuous_dig,257,13.809,5.23400020599365,0.108,2.3,2.637,20.016,1,119.565925598145,6,1746600,true,263.659868240356,0.163,7.132,0.012,32.938,8
continuous_dig,258,19.355,5.54199981689453,0.315,4.626,1.461,20.016,0,119.565925598145,6,1746600,true,263.970499038696,0.378,0.0,2.178,32.938,8
continuous_dig,259,20.243,5.57499980926514,0.315,3.01,2.398,34.769,0,119.565925598145,6,1746600,false,263.641286849976,0.378,15.53,2.674,32.938,8
continuous_dig,260,9.692,4.57600021362305,0.315,3.01,2.398,34.769,0,119.565925598145,6,1746600,false,263.647947311401,0.378,15.53,0.011,48.562,8
continuous_dig,261,17.474,5.05900001525879,0.315,3.01,2.398,34.769,0,119.565925598145,6,1746600,false,263.653272628784,0.378,15.53,0.012,48.562,8
continuous_dig,262,17.417,5.14400005340576,0.315,3.01,2.398,34.769,0,119.565925598145,6,1746600,false,263.653272628784,0.378,15.53,0.013,48.562,8
continuous_dig,263,16.001,5.14099979400635,0.315,3.01,2.398,34.769,0,119.565925598145,6,1746600,false,263.653272628784,0.378,15.53,0.017,48.562,8
continuous_dig,264,15.963,5.12799978256226,0.315,3.01,2.398,34.769,0,119.565925598145,6,1746600,false,263.653272628784,0.378,15.53,0.01,48.562,8
continuous_dig,265,16.3,4.48899984359741,0.315,3.01,2.398,34.769,0,119.565925598145,6,1746600,false,263.65326499939,0.378,15.53,0.013,48.562,8
continuous_dig,266,20.469,5.43499994277954,0.315,3.01,2.398,34.769,0,119.565925598145,6,1746600,false,263.653272628784,0.378,15.53,0.012,48.562,8
continuous_dig,267,13.735,5.07399988174438,0.315,3.01,2.398,34.769,0,119.565925598145,6,1746600,false,263.653272628784,0.378,15.53,0.012,48.562,8
continuous_dig,268,16.46,4.8899998664856,0.315,3.01,2.398,34.769,1,119.565925598145,6,1746600,true,263.672155380249,0.378,15.53,0.012,48.562,8
continuous_dig,269,25.774,5.44799995422363,0.195,4.456,4.533,20.951,0,119.566795349121,6,1746612,false,263.655408859253,0.355,14.288,5.684,48.562,8
continuous_dig,270,8.024,5.11600017547607,0.195,4.456,4.533,20.951,0,119.566795349121,6,1746612,false,263.663705825806,0.355,14.288,0.012,33.051,8
continuous_dig,271,16.366,4.49700021743774,0.195,4.456,4.533,20.951,0,119.566795349121,6,1746612,false,263.662931442261,0.355,14.288,0.011,33.051,8
continuous_dig,272,15.828,4.49599981307983,0.195,4.456,4.533,20.951,0,119.566795349121,6,1746612,false,263.66286277771,0.355,14.288,0.01,33.051,8
continuous_dig,273,18.741,5.96700000762939,0.195,4.456,4.533,20.951,0,119.566795349121,6,1746612,false,263.66286277771,0.355,14.288,0.012,33.051,8
continuous_dig,274,15.493,5.22900009155273,0.195,4.456,4.533,20.951,0,119.566795349121,6,1746612,false,263.66286277771,0.355,14.288,0.012,33.051,8
continuous_dig,275,17.075,5.48299980163574,0.195,4.456,4.533,20.951,0,119.566795349121,6,1746612,false,263.669031143188,0.355,14.288,0.012,33.051,8
continuous_dig,276,18.676,4.85699987411499,0.195,4.456,4.533,20.951,0,119.566795349121,6,1746612,false,263.669031143188,0.355,14.288,0.011,33.051,8
continuous_dig,277,13.695,4.53399991989136,0.195,4.456,4.533,20.951,0,119.566795349121,6,1746612,false,263.669031143188,0.355,14.288,0.012,33.051,8
continuous_dig,278,16.716,4.56500005722046,0.195,4.456,4.533,20.951,1,119.566795349121,6,1746612,true,263.681154251099,0.355,14.288,0.013,33.051,8
continuous_dig,279,19.692,4.56699991226196,0.473,5.232,1.932,20.951,0,119.566795349121,6,1746612,true,263.995840072632,0.339,0.0,2.881,33.051,8
continuous_dig,280,18.285,5.07999992370605,0.473,3.073,2.125,35.094,0,119.567085266113,6,1746616,false,263.664571762085,0.339,16.769,2.844,33.051,8
continuous_dig,281,12.063,4.51700019836426,0.473,3.073,2.125,35.094,0,119.567085266113,6,1746616,false,263.671236038208,0.339,16.769,0.013,49.025,8
continuous_dig,282,18.104,6.88100004196167,0.473,3.073,2.125,35.094,0,119.567085266113,6,1746616,false,263.676557540894,0.339,16.769,0.007,49.025,8
continuous_dig,283,14.053,4.08199977874756,0.473,3.073,2.125,35.094,0,119.567085266113,6,1746616,false,263.676557540894,0.339,16.769,0.012,49.025,8
continuous_dig,284,17.104,4.66599988937378,0.473,3.073,2.125,35.094,0,119.567085266113,6,1746616,false,263.676557540894,0.339,16.769,0.007,49.025,8
continuous_dig,285,17.421,5.24700021743774,0.473,3.073,2.125,35.094,0,119.567085266113,6,1746616,false,263.676557540894,0.339,16.769,0.009,49.025,8
continuous_dig,286,16.407,4.59800004959106,0.473,3.073,2.125,35.094,0,119.567085266113,6,1746616,false,263.676313400269,0.339,16.769,0.006,49.025,8
continuous_dig,287,19.153,4.49499988555908,0.473,3.073,2.125,35.094,0,119.567085266113,6,1746616,false,263.676382064819,0.339,16.769,0.008,49.025,8
continuous_dig,288,14.353,4.55299997329712,0.473,3.073,2.125,35.094,0,119.567085266113,6,1746616,false,263.676313400269,0.339,16.769,0.006,49.025,8
continuous_dig,289,17.423,4.81300020217896,0.473,3.073,2.125,35.094,1,119.567085266113,6,1746616,true,263.69532585144,0.339,16.769,0.012,49.025,8
continuous_dig,290,18.231,5.03599977493286,0.37,6.051,0.965,35.094,0,119.567085266113,6,1746616,true,264.012277603149,0.352,0.0,1.791,49.025,8
continuous_dig,291,17.288,4.99499988555908,0.37,1.95,1.411,32.987,0,119.56795501709,6,1746628,false,263.679944992065,0.352,15.984,1.589,49.025,8
continuous_dig,292,13.064,4.39599990844727,0.37,1.95,1.411,32.987,0,119.56795501709,6,1746628,false,263.686609268188,0.352,15.984,0.007,48.113,8
continuous_dig,293,17.785,5.0310001373291,0.37,1.95,1.411,32.987,0,119.56795501709,6,1746628,false,263.685758590698,0.352,15.984,0.008,48.113,8
continuous_dig,294,16.442,4.77199983596802,0.37,1.95,1.411,32.987,0,119.56795501709,6,1746628,false,263.685762405396,0.352,15.984,0.007,48.113,8
continuous_dig,295,16.537,4.71099996566772,0.37,1.95,1.411,32.987,0,119.56795501709,6,1746628,false,263.685762405396,0.352,15.984,0.008,48.113,8
continuous_dig,296,16.691,5.01399993896484,0.37,1.95,1.411,32.987,0,119.56795501709,6,1746628,false,263.691930770874,0.352,15.984,0.008,48.113,8
continuous_dig,297,16.716,5.01399993896484,0.37,1.95,1.411,32.987,0,119.56795501709,6,1746628,false,263.691930770874,0.352,15.984,0.012,48.113,8
continuous_dig,298,19.452,5.05600023269653,0.37,1.95,1.411,32.987,0,119.56795501709,6,1746628,false,263.691930770874,0.352,15.984,0.007,48.113,8
continuous_dig,299,13.088,4.80200004577637,0.37,1.95,1.411,32.987,0,119.56795501709,6,1746628,false,263.691930770874,0.352,15.984,0.008,48.113,8
continuous_dig,300,17.005,5.43100023269653,0.37,1.95,1.411,32.987,1,119.56795501709,6,1746628,true,263.704652786255,0.352,15.984,0.009,48.113,8
continuous_dig,301,21.376,4.77699995040894,0.108,3.938,2.617,18.664,0,119.569114685059,6,1746644,false,263.688779830933,0.261,9.089,3.271,48.113,8
post_dig,1,14.066,5.42199993133545,0.108,3.938,2.617,18.664,0,119.569114685059,6,1746644,false,263.918134689331,0.261,9.089,0.012,32.383,10
post_dig,2,16.827,5.48000001907349,0.108,3.938,2.617,18.664,0,119.569114685059,6,1746644,false,263.918867111206,0.261,9.089,0.013,32.383,10
post_dig,3,16.413,5.46500015258789,0.108,3.938,2.617,18.664,0,119.569114685059,6,1746644,false,263.918912887573,0.261,9.089,0.012,32.383,10
post_dig,4,17.24,6.26100015640259,0.108,3.938,2.617,18.664,0,119.569114685059,6,1746644,false,263.918634414673,0.261,9.089,0.012,32.383,10
post_dig,5,19.327,5.10900020599365,0.108,3.938,2.617,18.664,0,119.569114685059,6,1746644,false,263.924806594849,0.261,9.089,0.012,32.383,10
post_dig,6,13.579,5.73999977111816,0.108,3.938,2.617,18.664,0,119.569114685059,6,1746644,false,263.92494392395,0.261,9.089,0.011,32.383,10
post_dig,7,17.057,5.7649998664856,0.108,3.938,2.617,18.664,0,119.569114685059,6,1746644,false,263.924940109253,0.261,9.089,0.013,32.383,10
post_dig,8,16.561,5.92600011825562,0.108,3.938,2.617,18.664,0,119.569114685059,6,1746644,false,263.92494392395,0.261,9.089,0.013,32.383,10
post_dig,9,16.479,5.74399995803833,0.108,3.938,2.617,18.664,0,119.569114685059,6,1746644,false,263.925127029419,0.261,9.089,0.013,32.383,10
post_dig,10,16.131,5.2519998550415,0.108,3.938,2.617,18.664,0,119.569114685059,6,1746644,false,263.925127029419,0.261,9.089,0.011,32.383,10
post_dig,11,16.773,5.71999979019165,0.108,3.938,2.617,18.664,0,119.569114685059,6,1746644,false,263.925199508667,0.261,9.089,0.01,32.383,10
post_dig,12,20.811,5.94399976730347,0.108,3.938,2.617,18.664,0,119.569114685059,6,1746644,false,263.931299209595,0.261,9.089,0.012,32.383,10
post_dig,13,12.419,5.15000009536743,0.108,3.938,2.617,18.664,0,119.569114685059,6,1746644,false,263.931573867798,0.261,9.089,0.012,32.383,10
post_dig,14,17.101,5.67600011825562,0.108,3.938,2.617,18.664,0,119.569114685059,6,1746644,false,263.931573867798,0.261,9.089,0.013,32.383,10
post_dig,15,16.573,5.7480001449585,0.108,3.938,2.617,18.664,0,119.569114685059,6,1746644,false,263.931570053101,0.261,9.089,0.013,32.383,10
post_dig,16,16.897,6.22499990463257,0.108,3.938,2.617,18.664,0,119.569114685059,6,1746644,false,263.93177986145,0.261,9.089,0.01,32.383,10
post_dig,17,16.645,5.72499990463257,0.108,3.938,2.617,18.664,0,119.569114685059,6,1746644,false,263.931573867798,0.261,9.089,0.011,32.383,10
post_dig,18,16.268,5.24499988555908,0.108,3.938,2.617,18.664,0,119.569114685059,6,1746644,false,263.931573867798,0.261,9.089,0.011,32.383,10
post_dig,19,19.943,5.60900020599365,0.108,3.938,2.617,18.664,0,119.569114685059,6,1746644,false,263.938154220581,0.261,9.089,0.013,32.383,10
post_dig,20,14.266,5.95100021362305,0.108,3.938,2.617,18.664,0,119.569114685059,6,1746644,false,263.938154220581,0.261,9.089,0.012,32.383,10
post_dig,21,15.742,5.23400020599365,0.108,3.938,2.617,18.664,0,119.569114685059,6,1746644,false,263.938154220581,0.261,9.089,0.012,32.383,10
post_dig,22,17.209,5.65000009536743,0.108,3.938,2.617,18.664,0,119.569114685059,6,1746644,false,263.938154220581,0.261,9.089,0.012,32.383,10
post_dig,23,16.852,5.19799995422363,0.108,3.938,2.617,18.664,0,119.569114685059,6,1746644,false,263.938154220581,0.261,9.089,0.012,32.383,10
post_dig,24,16.236,5.28299999237061,0.108,3.938,2.617,18.664,0,119.569114685059,6,1746644,false,263.938154220581,0.261,9.089,0.014,32.383,10
post_dig,25,16.426,5.17199993133545,0.108,3.938,2.617,18.664,0,119.569114685059,6,1746644,false,263.938154220581,0.261,9.089,0.013,32.383,10
post_dig,26,20.44,6.02600002288818,0.108,3.938,2.617,18.664,0,119.569114685059,6,1746644,false,263.944387435913,0.261,9.089,0.011,32.383,10
post_dig,27,13.384,6.03499984741211,0.108,3.938,2.617,18.664,0,119.569114685059,6,1746644,false,263.94432258606,0.261,9.089,0.011,32.383,10
post_dig,28,17.038,6.1269998550415,0.108,3.938,2.617,18.664,0,119.569114685059,6,1746644,false,263.944959640503,0.261,9.089,0.012,32.383,10
post_dig,29,16.548,6.21799993515015,0.108,3.938,2.617,18.664,0,119.569114685059,6,1746644,false,263.9449634552,0.261,9.089,0.012,32.383,10
post_dig,30,16.866,6.08400011062622,0.108,3.938,2.617,18.664,0,119.569114685059,6,1746644,false,263.9449634552,0.261,9.089,0.013,32.383,10
post_dig,31,16.283,6.09600019454956,0.108,3.938,2.617,18.664,0,119.569114685059,6,1746644,false,263.9449634552,0.261,9.089,0.013,32.383,10
post_dig,32,20.858,6.26800012588501,0.108,3.938,2.617,18.664,0,119.569114685059,6,1746644,false,263.951131820679,0.261,9.089,0.013,32.383,10
post_dig,33,12.7,6.09100008010864,0.108,3.938,2.617,18.664,0,119.569114685059,6,1746644,false,263.951124191284,0.261,9.089,0.012,32.383,10
post_dig,34,16.651,6.2960000038147,0.108,3.938,2.617,18.664,0,119.569114685059,6,1746644,false,263.951128005981,0.261,9.089,0.013,32.383,10
post_dig,35,16.479,5.8899998664856,0.108,3.938,2.617,18.664,0,119.569114685059,6,1746644,false,263.951128005981,0.261,9.089,0.012,32.383,10
post_dig,36,16.928,6.24300003051758,0.108,3.938,2.617,18.664,0,119.569114685059,6,1746644,false,263.951131820679,0.261,9.089,0.013,32.383,10
post_dig,37,16.62,6.21799993515015,0.108,3.938,2.617,18.664,0,119.569114685059,6,1746644,false,263.951128005981,0.261,9.089,0.013,32.383,10
post_dig,38,16.579,6.21600008010864,0.108,3.938,2.617,18.664,0,119.569114685059,6,1746644,false,263.951131820679,0.261,9.089,0.012,32.383,10
post_dig,39,20.14,6.43900012969971,0.108,3.938,2.617,18.664,0,119.569114685059,6,1746644,false,263.95729637146,0.261,9.089,0.012,32.383,10
post_dig,40,13.103,6.1269998550415,0.108,3.938,2.617,18.664,0,119.569114685059,6,1746644,false,263.95729637146,0.261,9.089,0.013,32.383,10
post_dig,41,17.076,5.78900003433228,0.108,3.938,2.617,18.664,0,119.569114685059,6,1746644,false,263.957368850708,0.261,9.089,0.011,32.383,10
post_dig,42,15.421,5.21000003814697,0.108,3.938,2.617,18.664,0,119.569114685059,6,1746644,false,263.958261489868,0.261,9.089,0.012,32.383,10
post_dig,43,17.532,5.85200023651123,0.108,3.938,2.617,18.664,0,119.569114685059,6,1746644,false,263.958261489868,0.261,9.089,0.013,32.383,10
post_dig,44,16.864,6.34100008010864,0.108,3.938,2.617,18.664,0,119.569114685059,6,1746644,false,263.958261489868,0.261,9.089,0.011,32.383,10
post_dig,45,16.282,5.72900009155273,0.108,3.938,2.617,18.664,0,119.569114685059,6,1746644,false,263.958261489868,0.261,9.089,0.011,32.383,10
post_dig,46,19.958,6.07299995422363,0.108,3.938,2.617,18.664,0,119.569114685059,6,1746644,false,263.964429855347,0.261,9.089,0.013,32.383,10
post_dig,47,13.397,5.8899998664856,0.108,3.938,2.617,18.664,0,119.569114685059,6,1746644,false,263.964426040649,0.261,9.089,0.012,32.383,10
post_dig,48,15.845,5.23099994659424,0.108,3.938,2.617,18.664,0,119.569114685059,6,1746644,false,263.964429855347,0.261,9.089,0.011,32.383,10
post_dig,49,17.039,5.16800022125244,0.108,3.938,2.617,18.664,0,119.569114685059,6,1746644,false,263.964429855347,0.261,9.089,0.014,32.383,10
post_dig,50,17.36,6.13399982452393,0.108,3.938,2.617,18.664,0,119.569114685059,6,1746644,false,263.964426040649,0.261,9.089,0.062,32.383,10
post_dig,51,15.543,5.13100004196167,0.108,3.938,2.617,18.664,0,119.569114685059,6,1746644,false,263.964429855347,0.261,9.089,0.011,32.383,10
post_dig,52,20.551,5.89099979400635,0.108,3.938,2.617,18.664,0,119.569114685059,6,1746644,false,263.970598220825,0.261,9.089,0.011,32.383,10
post_dig,53,13.1,5.19199991226196,0.108,3.938,2.617,18.664,0,119.569114685059,6,1746644,false,263.970590591431,0.261,9.089,0.013,32.383,10
post_dig,54,16.448,5.21000003814697,0.108,3.938,2.617,18.664,0,119.569114685059,6,1746644,false,263.970598220825,0.261,9.089,0.012,32.383,10
post_dig,55,17.505,5.71400022506714,0.108,3.938,2.617,18.664,0,119.569114685059,6,1746644,false,263.970598220825,0.261,9.089,0.012,32.383,10
post_dig,56,17.404,6.15999984741211,0.108,3.938,2.617,18.664,0,119.569114685059,6,1746644,false,263.970666885376,0.261,9.089,0.013,32.383,10
post_dig,57,15.507,5.72100019454956,0.108,3.938,2.617,18.664,0,119.569114685059,6,1746644,false,263.970598220825,0.261,9.089,0.011,32.383,10
post_dig,58,19.499,5.66599988937378,0.108,3.938,2.617,18.664,0,119.569114685059,6,1746644,false,263.976766586304,0.261,9.089,0.009,32.383,10
post_dig,59,13.443,5.16300010681152,0.108,3.938,2.617,18.664,0,119.569114685059,6,1746644,false,263.976766586304,0.261,9.089,0.011,32.383,10
post_dig,60,17.162,5.53499984741211,0.108,3.938,2.617,18.664,0,119.569114685059,6,1746644,false,263.976766586304,0.261,9.089,0.012,32.383,10
post_dig,61,17.429,6.03200006484985,0.108,3.938,2.617,18.664,0,119.569114685059,6,1746644,false,263.976766586304,0.261,9.089,0.009,32.383,10
post_dig,62,15.92,5.95100021362305,0.108,3.938,2.617,18.664,0,119.569114685059,6,1746644,false,263.976762771606,0.261,9.089,0.013,32.383,10
post_dig,63,16.984,5.85599994659424,0.108,3.938,2.617,18.664,0,119.569114685059,6,1746644,false,263.978185653687,0.261,9.089,0.012,32.383,10
post_dig,64,16.531,5.58799982070923,0.108,3.938,2.617,18.664,0,119.569114685059,6,1746644,false,263.978185653687,0.261,9.089,0.013,32.383,10
post_dig,65,20.082,5.56099987030029,0.108,3.938,2.617,18.664,0,119.569114685059,6,1746644,false,263.984354019165,0.261,9.089,0.013,32.383,10
post_dig,66,13.826,6.14699983596802,0.108,3.938,2.617,18.664,0,119.569114685059,6,1746644,false,263.984354019165,0.261,9.089,0.012,32.383,10
post_dig,67,16.566,5.99599981307983,0.108,3.938,2.617,18.664,0,119.569114685059,6,1746644,false,263.984354019165,0.261,9.089,0.013,32.383,10
post_dig,68,16.164,5.61600017547607,0.108,3.938,2.617,18.664,0,119.569114685059,6,1746644,false,263.984354019165,0.261,9.089,0.014,32.383,10
post_dig,69,16.936,5.71199989318848,0.108,3.938,2.617,18.664,0,119.569114685059,6,1746644,false,263.984354019165,0.261,9.089,0.012,32.383,10
post_dig,70,16.102,5.61100006103516,0.108,3.938,2.617,18.664,0,119.569114685059,6,1746644,false,263.984354019165,0.261,9.089,0.013,32.383,10
post_dig,71,17.3,5.8769998550415,0.108,3.938,2.617,18.664,0,119.569114685059,6,1746644,false,263.984342575073,0.261,9.089,0.012,32.383,10
post_dig,72,20.462,5.88100004196167,0.108,3.938,2.617,18.664,0,119.569114685059,6,1746644,false,263.990591049194,0.261,9.089,0.013,32.383,10
post_dig,73,13.359,5.8289999961853,0.108,3.938,2.617,18.664,0,119.569114685059,6,1746644,false,263.990518569946,0.261,9.089,0.012,32.383,10
post_dig,74,16.174,5.94099998474121,0.108,3.938,2.617,18.664,0,119.569114685059,6,1746644,false,263.990522384644,0.261,9.089,0.013,32.383,10
post_dig,75,16.223,5.71500015258789,0.108,3.938,2.617,18.664,0,119.569114685059,6,1746644,false,263.990522384644,0.261,9.089,0.013,32.383,10
post_dig,76,16.812,5.73999977111816,0.108,3.938,2.617,18.664,0,119.569114685059,6,1746644,false,263.990522384644,0.261,9.089,0.013,32.383,10
post_dig,77,16.052,5.53299999237061,0.108,3.938,2.617,18.664,0,119.569114685059,6,1746644,false,263.990522384644,0.261,9.089,0.014,32.383,10
post_dig,78,16.22,5.22599983215332,0.108,3.938,2.617,18.664,0,119.569114685059,6,1746644,false,263.990724563599,0.261,9.089,0.007,32.383,10
post_dig,79,19.409,6.28700017929077,0.108,3.938,2.617,18.664,0,119.569114685059,6,1746644,false,263.996690750122,0.261,9.089,0.006,32.383,10
post_dig,80,13.724,5.55200004577637,0.108,3.938,2.617,18.664,0,119.569114685059,6,1746644,false,263.99705696106,0.261,9.089,0.006,32.383,10
post_dig,81,16.882,5.18599987030029,0.108,3.938,2.617,18.664,0,119.569114685059,6,1746644,false,263.99705696106,0.261,9.089,0.007,32.383,10
post_dig,82,17.507,6.02099990844727,0.108,3.938,2.617,18.664,0,119.569114685059,6,1746644,false,263.99705696106,0.261,9.089,0.014,32.383,10
post_dig,83,17.153,5.92199993133545,0.108,3.938,2.617,18.664,0,119.569114685059,6,1746644,false,263.99705696106,0.261,9.089,0.007,32.383,10
post_dig,84,16.586,5.96600008010864,0.108,3.938,2.617,18.664,0,119.569114685059,6,1746644,false,263.99705696106,0.261,9.089,0.007,32.383,10
post_dig,85,16.385,5.16300010681152,0.108,3.938,2.617,18.664,0,119.569114685059,6,1746644,false,263.99705696106,0.261,9.089,0.013,32.383,10
post_dig,86,20.043,6.08500003814697,0.108,3.938,2.617,18.664,0,119.569114685059,6,1746644,false,264.003225326538,0.261,9.089,0.007,32.383,10
post_dig,87,12.927,6.02600002288818,0.108,3.938,2.617,18.664,0,119.569114685059,6,1746644,false,264.003225326538,0.261,9.089,0.006,32.383,10
post_dig,88,17.764,5.78999996185303,0.108,3.938,2.617,18.664,0,119.569114685059,6,1746644,false,264.003293991089,0.261,9.089,0.015,32.383,10
post_dig,89,15.141,5.61700010299683,0.108,3.938,2.617,18.664,0,119.569114685059,6,1746644,false,264.003225326538,0.261,9.089,0.008,32.383,10
post_dig,90,16.707,5.24200010299683,0.108,3.938,2.617,18.664,0,119.569114685059,6,1746644,false,264.003225326538,0.261,9.089,0.013,32.383,10
post_dig,91,17.392,5.73899984359741,0.108,3.938,2.617,18.664,0,119.569114685059,6,1746644,false,264.003225326538,0.261,9.089,0.014,32.383,10
post_dig,92,15.416,5.1710000038147,0.108,3.938,2.617,18.664,0,119.569114685059,6,1746644,false,264.003221511841,0.261,9.089,0.009,32.383,10
post_dig,93,21.457,5.84100008010864,0.108,3.938,2.617,18.664,0,119.569114685059,6,1746644,false,264.009393692017,0.261,9.089,0.011,32.383,10
post_dig,94,13.037,5.66200017929077,0.108,3.938,2.617,18.664,0,119.569114685059,6,1746644,false,264.011545181274,0.261,9.089,0.013,32.383,10
post_dig,95,16.036,5.17999982833862,0.108,3.938,2.617,18.664,0,119.569114685059,6,1746644,false,264.011545181274,0.261,9.089,0.011,32.383,10
post_dig,96,17.335,5.53299999237061,0.108,3.938,2.617,18.664,0,119.569114685059,6,1746644,false,264.011545181274,0.261,9.089,0.011,32.383,10
post_dig,97,16.743,5.84700012207031,0.108,3.938,2.617,18.664,0,119.569114685059,6,1746644,false,264.011056900024,0.261,9.089,0.012,32.383,10
post_dig,98,16.563,5.16800022125244,0.108,3.938,2.617,18.664,0,119.569114685059,6,1746644,false,264.011056900024,0.261,9.089,0.011,32.383,10
post_dig,99,16.861,5.77400016784668,0.108,3.938,2.617,18.664,0,119.569114685059,6,1746644,false,264.011056900024,0.261,9.089,0.012,32.383,10
post_dig,100,20.35,6.08500003814697,0.108,3.938,2.617,18.664,0,119.569114685059,6,1746644,false,264.017225265503,0.261,9.089,0.013,32.383,10
post_dig,101,13.261,5.76300001144409,0.108,3.938,2.617,18.664,0,119.569114685059,6,1746644,false,264.0172290802,0.261,9.089,0.012,32.383,10
post_dig,102,16.317,5.63299989700317,0.108,3.938,2.617,18.664,0,119.569114685059,6,1746644,false,264.0172290802,0.261,9.089,0.012,32.383,10
post_dig,103,16.736,5.19299983978271,0.108,3.938,2.617,18.664,0,119.569114685059,6,1746644,false,264.0172290802,0.261,9.089,0.012,32.383,10
post_dig,104,17.509,6.28200006484985,0.108,3.938,2.617,18.664,0,119.569114685059,6,1746644,false,264.017297744751,0.261,9.089,0.012,32.383,10
post_dig,105,14.949,5.15500020980835,0.108,3.938,2.617,18.664,0,119.569114685059,6,1746644,false,264.0172290802,0.261,9.089,0.014,32.383,10
post_dig,106,17.391,5.79500007629395,0.108,3.938,2.617,18.664,0,119.569114685059,6,1746644,false,264.0172290802,0.261,9.089,0.01,32.383,10
post_dig,107,19.573,5.95599985122681,0.108,3.938,2.617,18.664,0,119.569114685059,6,1746644,false,264.023397445679,0.261,9.089,0.012,32.383,10
post_dig,108,13.71,5.95499992370605,0.108,3.938,2.617,18.664,0,119.569114685059,6,1746644,false,264.023393630981,0.261,9.089,0.012,32.383,10
post_dig,109,17.023,5.93699979782104,0.108,3.938,2.617,18.664,0,119.569114685059,6,1746644,false,264.023397445679,0.261,9.089,0.011,32.383,10
post_dig,110,15.882,5.21799993515015,0.108,3.938,2.617,18.664,0,119.569114685059,6,1746644,false,264.023397445679,0.261,9.089,0.009,32.383,10
post_dig,111,17.199,5.75500011444092,0.108,3.938,2.617,18.664,0,119.569114685059,6,1746644,false,264.023397445679,0.261,9.089,0.013,32.383,10
post_dig,112,16.476,5.18300008773804,0.108,3.938,2.617,18.664,0,119.569114685059,6,1746644,false,264.023397445679,0.261,9.089,0.013,32.383,10
post_dig,113,16.506,5.19000005722046,0.108,3.938,2.617,18.664,0,119.569114685059,6,1746644,false,264.023397445679,0.261,9.089,0.012,32.383,10
post_dig,114,20.205,5.67899990081787,0.108,3.938,2.617,18.664,0,119.569114685059,6,1746644,false,264.029565811157,0.261,9.089,0.013,32.383,10
post_dig,115,13.046,5.69899988174438,0.108,3.938,2.617,18.664,0,119.569114685059,6,1746644,false,264.029565811157,0.261,9.089,0.011,32.383,10
post_dig,116,17.942,6.15899991989136,0.108,3.938,2.617,18.664,0,119.569114685059,6,1746644,false,264.029565811157,0.261,9.089,0.012,32.383,10
post_dig,117,15.137,5.15199995040894,0.108,3.938,2.617,18.664,0,119.569114685059,6,1746644,false,264.029565811157,0.261,9.089,0.012,32.383,10
post_dig,118,17.486,5.20300006866455,0.108,3.938,2.617,18.664,0,119.569114685059,6,1746644,false,264.029565811157,0.261,9.089,0.013,32.383,10
post_dig,119,16.452,5.81300020217896,0.108,3.938,2.617,18.664,0,119.569114685059,6,1746644,false,264.029565811157,0.261,9.089,0.014,32.383,10
post_dig,120,17.231,5.7020001411438,0.108,3.938,2.617,18.664,0,119.569114685059,6,1746644,false,264.029630661011,0.261,9.089,0.012,32.383,10
post_dig,121,19.43,6.18300008773804,0.108,3.938,2.617,18.664,0,119.569114685059,6,1746644,false,264.035730361938,0.261,9.089,0.012,32.383,10
post_dig,122,13.571,5.72499990463257,0.108,3.938,2.617,18.664,0,119.569114685059,6,1746644,false,264.035734176636,0.261,9.089,0.012,32.383,10
post_dig,123,16.37,5.71299982070923,0.108,3.938,2.617,18.664,0,119.569114685059,6,1746644,false,264.035730361938,0.261,9.089,0.012,32.383,10
post_dig,124,17.164,6.07100009918213,0.108,3.938,2.617,18.664,0,119.569114685059,6,1746644,false,264.035734176636,0.261,9.089,0.013,32.383,10
post_dig,125,16.425,5.69199991226196,0.108,3.938,2.617,18.664,0,119.569114685059,6,1746644,false,264.035734176636,0.261,9.089,0.012,32.383,10
post_dig,126,16.686,5.53900003433228,0.108,3.938,2.617,18.664,0,119.569114685059,6,1746644,false,264.035734176636,0.261,9.089,0.013,32.383,10
post_dig,127,16.569,5.5019998550415,0.108,3.938,2.617,18.664,0,119.569114685059,6,1746644,false,264.035730361938,0.261,9.089,0.013,32.383,10
post_dig,128,19.361,5.18100023269653,0.108,3.938,2.617,18.664,0,119.569114685059,6,1746644,false,264.041902542114,0.261,9.089,0.011,32.383,10
post_dig,129,13.951,5.53999996185303,0.108,3.938,2.617,18.664,0,119.569114685059,6,1746644,false,264.041902542114,0.261,9.089,0.011,32.383,10
post_dig,130,16.781,5.56099987030029,0.108,3.938,2.617,18.664,0,119.569114685059,6,1746644,false,264.041902542114,0.261,9.089,0.013,32.383,10
post_dig,131,16.157,5.52899980545044,0.108,3.938,2.617,18.664,0,119.569114685059,6,1746644,false,264.041902542114,0.261,9.089,0.012,32.383,10
post_dig,132,16.634,5.17700004577637,0.108,3.938,2.617,18.664,0,119.569114685059,6,1746644,false,264.041902542114,0.261,9.089,0.012,32.383,10
post_dig,133,17.04,5.53000020980835,0.108,3.938,2.617,18.664,0,119.569114685059,6,1746644,false,264.041898727417,0.261,9.089,0.012,32.383,10
post_dig,134,16.52,5.54300022125244,0.108,3.938,2.617,18.664,0,119.569114685059,6,1746644,false,264.041898727417,0.261,9.089,0.013,32.383,10
post_dig,135,19.889,5.7039999961853,0.108,3.938,2.617,18.664,0,119.569114685059,6,1746644,false,264.048067092896,0.261,9.089,0.011,32.383,10
post_dig,136,14.66,6.10699987411499,0.108,3.938,2.617,18.664,0,119.569114685059,6,1746644,false,264.048135757446,0.261,9.089,0.012,32.383,10
post_dig,137,15.786,5.69199991226196,0.108,3.938,2.617,18.664,0,119.569114685059,6,1746644,false,264.048070907593,0.261,9.089,0.013,32.383,10
post_dig,138,17.01,5.59700012207031,0.108,3.938,2.617,18.664,0,119.569114685059,6,1746644,false,264.048067092896,0.261,9.089,0.012,32.383,10
post_dig,139,16.264,5.54899978637695,0.108,3.938,2.617,18.664,0,119.569114685059,6,1746644,false,264.048070907593,0.261,9.089,0.013,32.383,10
post_dig,140,16.918,5.86700010299683,0.108,3.938,2.617,18.664,0,119.569114685059,6,1746644,false,264.048070907593,0.261,9.089,0.012,32.383,10
post_dig,141,15.957,5.69199991226196,0.108,3.938,2.617,18.664,0,119.569114685059,6,1746644,false,264.051275253296,0.261,9.089,0.011,32.383,10
post_dig,142,20.023,5.20499992370605,0.108,3.938,2.617,18.664,0,119.569114685059,6,1746644,false,264.057443618774,0.261,9.089,0.013,32.383,10
post_dig,143,13.955,5.51599979400635,0.108,3.938,2.617,18.664,0,119.569114685059,6,1746644,false,264.057443618774,0.261,9.089,0.013,32.383,10
post_dig,144,16.484,5.88000011444092,0.108,3.938,2.617,18.664,0,119.569114685059,6,1746644,false,264.057443618774,0.261,9.089,0.012,32.383,10
post_dig,145,16.31,5.68599987030029,0.108,3.938,2.617,18.664,0,119.569114685059,6,1746644,false,264.057439804077,0.261,9.089,0.012,32.383,10
post_dig,146,17.634,5.89699983596802,0.108,3.938,2.617,18.664,0,119.569114685059,6,1746644,false,264.057443618774,0.261,9.089,0.014,32.383,10
post_dig,147,15.635,5.16499996185303,0.108,3.938,2.617,18.664,0,119.569114685059,6,1746644,false,264.057443618774,0.261,9.089,0.012,32.383,10
post_dig,148,16.582,5.18800020217896,0.108,3.938,2.617,18.664,0,119.569114685059,6,1746644,false,264.057443618774,0.261,9.089,0.012,32.383,10
post_dig,149,20.177,5.5770001411438,0.108,3.938,2.617,18.664,0,119.569114685059,6,1746644,false,264.063608169556,0.261,9.089,0.013,32.383,10
post_dig,150,13.772,5.79500007629395,0.108,3.938,2.617,18.664,0,119.569114685059,6,1746644,false,264.063611984253,0.261,9.089,0.012,32.383,10
post_dig,151,16.196,5.47300004959106,0.108,3.938,2.617,18.664,0,119.569114685059,6,1746644,false,264.063611984253,0.261,9.089,0.013,32.383,10
post_dig,152,17.6,6.36399984359741,0.108,3.938,2.617,18.664,0,119.569114685059,6,1746644,false,264.063673019409,0.261,9.089,0.007,32.383,10
post_dig,153,15.597,5.73799991607666,0.108,3.938,2.617,18.664,0,119.569114685059,6,1746644,false,264.063611984253,0.261,9.089,0.007,32.383,10
post_dig,154,16.296,5.40899991989136,0.108,3.938,2.617,18.664,0,119.569114685059,6,1746644,false,264.063611984253,0.261,9.089,0.007,32.383,10
post_dig,155,16.878,5.40999984741211,0.108,3.938,2.617,18.664,0,119.569114685059,6,1746644,false,264.063611984253,0.261,9.089,0.008,32.383,10
post_dig,156,20.148,5.80700016021729,0.108,3.938,2.617,18.664,0,119.569114685059,6,1746644,false,264.069780349731,0.261,9.089,0.012,32.383,10
post_dig,157,14.18,5.75500011444092,0.108,3.938,2.617,18.664,0,119.569114685059,6,1746644,false,264.069776535034,0.261,9.089,0.01,32.383,10
post_dig,158,16.418,5.94799995422363,0.108,3.938,2.617,18.664,0,119.569114685059,6,1746644,false,264.069780349731,0.261,9.089,0.013,32.383,10
post_dig,159,16.406,5.74200010299683,0.108,3.938,2.617,18.664,0,119.569114685059,6,1746644,false,264.069780349731,0.261,9.089,0.012,32.383,10
post_dig,160,16.946,6.22100019454956,0.108,3.938,2.617,18.664,0,119.569114685059,6,1746644,false,264.069780349731,0.261,9.089,0.011,32.383,10
post_dig,161,17.767,5.93499994277954,0.108,3.938,2.617,18.664,0,119.569114685059,6,1746644,false,264.069780349731,0.261,9.089,0.012,32.383,10
post_dig,162,15.356,5.94899988174438,0.108,3.938,2.617,18.664,0,119.569114685059,6,1746644,false,264.069780349731,0.261,9.089,0.01,32.383,10
post_dig,163,20.092,5.94299983978271,0.108,3.938,2.617,18.664,0,119.569114685059,6,1746644,false,264.07594871521,0.261,9.089,0.013,32.383,10
post_dig,164,13.864,5.96299982070923,0.108,3.938,2.617,18.664,0,119.569114685059,6,1746644,false,264.07594871521,0.261,9.089,0.012,32.383,10
post_dig,165,15.688,5.37099981307983,0.108,3.938,2.617,18.664,0,119.569114685059,6,1746644,false,264.07594871521,0.261,9.089,0.011,32.383,10
post_dig,166,17.027,5.79400014877319,0.108,3.938,2.617,18.664,0,119.569114685059,6,1746644,false,264.07594871521,0.261,9.089,0.012,32.383,10
post_dig,167,16.935,5.94399976730347,0.108,3.938,2.617,18.664,0,119.569114685059,6,1746644,false,264.075704574585,0.261,9.089,0.012,32.383,10
post_dig,168,17.635,5.82000017166138,0.108,3.938,2.617,18.664,0,119.569114685059,6,1746644,false,264.075773239136,0.261,9.089,0.011,32.383,10
post_dig,169,16.921,7.25799989700317,0.108,3.938,2.617,18.664,0,119.569114685059,6,1746644,false,264.075704574585,0.261,9.089,0.009,32.383,10
post_dig,170,18.485,5.39099979400635,0.108,3.938,2.617,18.664,0,119.569114685059,6,1746644,false,264.081872940063,0.261,9.089,0.012,32.383,10
post_dig,171,13.549,5.94199991226196,0.108,3.938,2.617,18.664,0,119.569114685059,6,1746644,false,264.081872940063,0.261,9.089,0.011,32.383,10
post_dig,172,16.535,5.43699979782104,0.108,3.938,2.617,18.664,0,119.569114685059,6,1746644,false,264.081872940063,0.261,9.089,0.013,32.383,10
post_dig,173,16.215,5.3600001335144,0.108,3.938,2.617,18.664,0,119.569114685059,6,1746644,false,264.081869125366,0.261,9.089,0.012,32.383,10
post_dig,174,17.371,5.81199979782104,0.108,3.938,2.617,18.664,0,119.569114685059,6,1746644,false,264.081872940063,0.261,9.089,0.011,32.383,10
post_dig,175,17.172,6.10300016403198,0.108,3.938,2.617,18.664,0,119.569114685059,6,1746644,false,264.081872940063,0.261,9.089,0.012,32.383,10
post_dig,176,16.431,6.18300008773804,0.108,3.938,2.617,18.664,0,119.569114685059,6,1746644,false,264.081872940063,0.261,9.089,0.012,32.383,10
post_dig,177,19.648,5.3600001335144,0.108,3.938,2.617,18.664,0,119.569114685059,6,1746644,false,264.088037490845,0.261,9.089,0.012,32.383,10
post_dig,178,13.669,6.14900016784668,0.108,3.938,2.617,18.664,0,119.569114685059,6,1746644,false,264.088041305542,0.261,9.089,0.014,32.383,10
post_dig,179,16.733,6.13500022888184,0.108,3.938,2.617,18.664,0,119.569114685059,6,1746644,false,264.088041305542,0.261,9.089,0.013,32.383,10
post_dig,180,15.676,5.43499994277954,0.108,3.938,2.617,18.664,0,119.569114685059,6,1746644,false,264.088041305542,0.261,9.089,0.013,32.383,10
post_dig,181,17.785,6.2810001373291,0.108,3.938,2.617,18.664,0,119.569114685059,6,1746644,false,264.088037490845,0.261,9.089,0.013,32.383,10
post_dig,182,16.473,6.06599998474121,0.108,3.938,2.617,18.664,0,119.569114685059,6,1746644,false,264.088041305542,0.261,9.089,0.009,32.383,10
post_dig,183,16.454,6.07800006866455,0.108,3.938,2.617,18.664,0,119.569114685059,6,1746644,false,264.088041305542,0.261,9.089,0.012,32.383,10
post_dig,184,20.411,5.41800022125244,0.108,3.938,2.617,18.664,0,119.569114685059,6,1746644,false,264.093912124634,0.261,9.089,0.012,32.383,10
post_dig,185,12.893,6.08799982070923,0.108,3.938,2.617,18.664,0,119.569114685059,6,1746644,false,264.093843460083,0.261,9.089,0.012,32.383,10
post_dig,186,17.082,6.18400001525879,0.108,3.938,2.617,18.664,0,119.569114685059,6,1746644,false,264.093843460083,0.261,9.089,0.012,32.383,10
post_dig,187,16.011,5.64499998092651,0.108,3.938,2.617,18.664,0,119.569114685059,6,1746644,false,264.093843460083,0.261,9.089,0.014,32.383,10
post_dig,188,16.96,5.66200017929077,0.108,3.938,2.617,18.664,0,119.569114685059,6,1746644,false,264.093839645386,0.261,9.089,0.012,32.383,10
post_dig,189,15.88,5.23400020599365,0.108,3.938,2.617,18.664,0,119.569114685059,6,1746644,false,264.093839645386,0.261,9.089,0.012,32.383,10
post_dig,190,17.573,6.15299987792969,0.108,3.938,2.617,18.664,0,119.569114685059,6,1746644,false,264.093843460083,0.261,9.089,0.013,32.383,10
post_dig,191,20.158,5.59600019454956,0.108,3.938,2.617,18.664,0,119.569114685059,6,1746644,false,264.100011825562,0.261,9.089,0.013,32.383,10
post_dig,192,13.033,5.7960000038147,0.108,3.938,2.617,18.664,0,119.569114685059,6,1746644,false,264.100008010864,0.261,9.089,0.013,32.383,10
post_dig,193,16.084,5.59200000762939,0.108,3.938,2.617,18.664,0,119.569114685059,6,1746644,false,264.100011825562,0.261,9.089,0.012,32.383,10
post_dig,194,17.196,6.00500011444092,0.108,3.938,2.617,18.664,0,119.569114685059,6,1746644,false,264.100011825562,0.261,9.089,0.012,32.383,10
post_dig,195,15.689,5.16900014877319,0.108,3.938,2.617,18.664,0,119.569114685059,6,1746644,false,264.100011825562,0.261,9.089,0.011,32.383,10
post_dig,196,17.474,5.79500007629395,0.108,3.938,2.617,18.664,0,119.569114685059,6,1746644,false,264.100011825562,0.261,9.089,0.014,32.383,10
post_dig,197,16.277,5.7960000038147,0.108,3.938,2.617,18.664,0,119.569114685059,6,1746644,false,264.100008010864,0.261,9.089,0.012,32.383,10
post_dig,198,20.357,6.14200019836426,0.108,3.938,2.617,18.664,0,119.569114685059,6,1746644,false,264.10618019104,0.261,9.089,0.012,32.383,10
post_dig,199,12.861,5.59200000762939,0.108,3.938,2.617,18.664,0,119.569114685059,6,1746644,false,264.10618019104,0.261,9.089,0.012,32.383,10
post_dig,200,17.592,5.17700004577637,0.108,3.938,2.617,18.664,0,119.569114685059,6,1746644,false,264.106248855591,0.261,9.089,0.012,32.383,10
post_dig,201,16.075,5.75899982452393,0.108,3.938,2.617,18.664,0,119.569114685059,6,1746644,false,264.10618019104,0.261,9.089,0.013,32.383,10
post_dig,202,16.286,5.28999996185303,0.108,3.938,2.617,18.664,0,119.569114685059,6,1746644,false,264.10618019104,0.261,9.089,0.011,32.383,10
post_dig,203,17.21,5.56099987030029,0.108,3.938,2.617,18.664,0,119.569114685059,6,1746644,false,264.106176376343,0.261,9.089,0.012,32.383,10
post_dig,204,16.351,5.59700012207031,0.108,3.938,2.617,18.664,0,119.569114685059,6,1746644,false,264.10618019104,0.261,9.089,0.012,32.383,10
post_dig,205,20.21,5.91400003433228,0.108,3.938,2.617,18.664,0,119.569114685059,6,1746644,false,264.112344741821,0.261,9.089,0.011,32.383,10
post_dig,206,13.308,5.78599977493286,0.108,3.938,2.617,18.664,0,119.569114685059,6,1746644,false,264.112348556519,0.261,9.089,0.012,32.383,10
post_dig,207,16.539,5.78000020980835,0.108,3.938,2.617,18.664,0,119.569114685059,6,1746644,false,264.112348556519,0.261,9.089,0.006,32.383,10
post_dig,208,16.387,5.30100011825562,0.108,3.938,2.617,18.664,0,119.569114685059,6,1746644,false,264.112348556519,0.261,9.089,0.013,32.383,10
post_dig,209,16.919,5.22599983215332,0.108,3.938,2.617,18.664,0,119.569114685059,6,1746644,false,264.112348556519,0.261,9.089,0.013,32.383,10
post_dig,210,17.139,5.61399984359741,0.108,3.938,2.617,18.664,0,119.569114685059,6,1746644,false,264.112348556519,0.261,9.089,0.012,32.383,10
post_dig,211,16.256,5.58699989318848,0.108,3.938,2.617,18.664,0,119.569114685059,6,1746644,false,264.117155075073,0.261,9.089,0.013,32.383,10
post_dig,212,20.932,5.93800020217896,0.108,3.938,2.617,18.664,0,119.569114685059,6,1746644,false,264.123323440552,0.261,9.089,0.011,32.383,10
post_dig,213,11.869,5.15100002288818,0.108,3.938,2.617,18.664,0,119.569114685059,6,1746644,false,264.123323440552,0.261,9.089,0.013,32.383,10
post_dig,214,17.694,5.98400020599365,0.108,3.938,2.617,18.664,0,119.569114685059,6,1746644,false,264.123323440552,0.261,9.089,0.012,32.383,10
post_dig,215,16.447,5.54199981689453,0.108,3.938,2.617,18.664,0,119.569114685059,6,1746644,false,264.123323440552,0.261,9.089,0.012,32.383,10
post_dig,216,17.252,6.1399998664856,0.108,3.938,2.617,18.664,0,119.569114685059,6,1746644,false,264.123388290405,0.261,9.089,0.012,32.383,10
post_dig,217,15.89,5.71400022506714,0.108,3.938,2.617,18.664,0,119.569114685059,6,1746644,false,264.123319625854,0.261,9.089,0.012,32.383,10
post_dig,218,17.124,5.96500015258789,0.108,3.938,2.617,18.664,0,119.569114685059,6,1746644,false,264.123323440552,0.261,9.089,0.009,32.383,10
post_dig,219,18.374,5.73000001907349,0.108,3.938,2.617,18.664,0,119.569114685059,6,1746644,false,264.12949180603,0.261,9.089,0.009,32.383,10
post_dig,220,13.731,5.19799995422363,0.108,3.938,2.617,18.664,0,119.569114685059,6,1746644,false,264.12949180603,0.261,9.089,0.01,32.383,10
post_dig,221,16.988,5.72599983215332,0.108,3.938,2.617,18.664,0,119.569114685059,6,1746644,false,264.12949180603,0.261,9.089,0.007,32.383,10
post_dig,222,16.175,5.21299982070923,0.108,3.938,2.617,18.664,0,119.569114685059,6,1746644,false,264.12949180603,0.261,9.089,0.011,32.383,10
post_dig,223,17.518,5.48899984359741,0.108,3.938,2.617,18.664,0,119.569114685059,6,1746644,false,264.12949180603,0.261,9.089,0.012,32.383,10
post_dig,224,16.858,5.7039999961853,0.108,3.938,2.617,18.664,0,119.569114685059,6,1746644,false,264.129487991333,0.261,9.089,0.012,32.383,10
post_dig,225,16.214,5.13800001144409,0.108,3.938,2.617,18.664,0,119.569114685059,6,1746644,false,264.12949180603,0.261,9.089,0.012,32.383,10
post_dig,226,19.833,5.21400022506714,0.108,3.938,2.617,18.664,0,119.569114685059,6,1746644,false,264.135660171509,0.261,9.089,0.013,32.383,10
post_dig,227,14.098,5.85200023651123,0.108,3.938,2.617,18.664,0,119.569114685059,6,1746644,false,264.135660171509,0.261,9.089,0.012,32.383,10
post_dig,228,16.991,5.88399982452393,0.108,3.938,2.617,18.664,0,119.569114685059,6,1746644,false,264.135660171509,0.261,9.089,0.012,32.383,10
post_dig,229,15.897,5.69999980926514,0.108,3.938,2.617,18.664,0,119.569114685059,6,1746644,false,264.135660171509,0.261,9.089,0.013,32.383,10
post_dig,230,17.064,5.53000020980835,0.108,3.938,2.617,18.664,0,119.569114685059,6,1746644,false,264.135660171509,0.261,9.089,0.013,32.383,10
post_dig,231,16.544,5.50799989700317,0.108,3.938,2.617,18.664,0,119.569114685059,6,1746644,false,264.135660171509,0.261,9.089,0.012,32.383,10
post_dig,232,17.163,5.60300016403198,0.108,3.938,2.617,18.664,0,119.569114685059,6,1746644,false,264.13572883606,0.261,9.089,0.012,32.383,10
post_dig,233,19.095,5.66699981689453,0.108,3.938,2.617,18.664,0,119.569114685059,6,1746644,false,264.141828536987,0.261,9.089,0.012,32.383,10
post_dig,234,13.479,5.65799999237061,0.108,3.938,2.617,18.664,0,119.569114685059,6,1746644,false,264.141828536987,0.261,9.089,0.013,32.383,10
post_dig,235,17.409,6.10400009155273,0.108,3.938,2.617,18.664,0,119.569114685059,6,1746644,false,264.141828536987,0.261,9.089,0.013,32.383,10
post_dig,236,16.534,5.95800018310547,0.108,3.938,2.617,18.664,0,119.569114685059,6,1746644,false,264.141828536987,0.261,9.089,0.012,32.383,10
post_dig,237,16.563,5.64799976348877,0.108,3.938,2.617,18.664,0,119.569114685059,6,1746644,false,264.133054733276,0.261,9.089,0.012,32.383,10
post_dig,238,16.84,6.09100008010864,0.108,3.938,2.617,18.664,0,119.569114685059,6,1746644,false,264.133050918579,0.261,9.089,0.012,32.383,10
post_dig,239,16.263,5.63199996948242,0.108,3.938,2.617,18.664,0,119.569114685059,6,1746644,false,264.133054733276,0.261,9.089,0.012,32.383,10
post_dig,240,20.108,6.01900005340576,0.108,3.938,2.617,18.664,0,119.569114685059,6,1746644,false,264.139223098755,0.261,9.089,0.012,32.383,10
post_dig,241,13.167,5.6269998550415,0.108,3.938,2.617,18.664,0,119.569114685059,6,1746644,false,264.139219284058,0.261,9.089,0.015,32.383,10
post_dig,242,17.49,6.06500005722046,0.108,3.938,2.617,18.664,0,119.569114685059,6,1746644,false,264.139219284058,0.261,9.089,0.012,32.383,10
post_dig,243,15.761,5.70800018310547,0.108,3.938,2.617,18.664,0,119.569114685059,6,1746644,false,264.139223098755,0.261,9.089,0.011,32.383,10
post_dig,244,17.155,6.06500005722046,0.108,3.938,2.617,18.664,0,119.569114685059,6,1746644,false,264.139223098755,0.261,9.089,0.013,32.383,10
post_dig,245,16.329,5.62900018692017,0.108,3.938,2.617,18.664,0,119.569114685059,6,1746644,false,264.139223098755,0.261,9.089,0.012,32.383,10
post_dig,246,16.638,5.82299995422363,0.108,3.938,2.617,18.664,0,119.569114685059,6,1746644,false,264.139223098755,0.261,9.089,0.012,32.383,10
post_dig,247,19.606,5.17700004577637,0.108,3.938,2.617,18.664,0,119.569114685059,6,1746644,false,264.145391464233,0.261,9.089,0.013,32.383,10
post_dig,248,14.993,5.63299989700317,0.108,3.938,2.617,18.664,0,119.569114685059,6,1746644,false,264.145460128784,0.261,9.089,0.012,32.383,10
post_dig,249,15.459,5.51100015640259,0.108,3.938,2.617,18.664,0,119.569114685059,6,1746644,false,264.145391464233,0.261,9.089,0.012,32.383,10
post_dig,250,16.696,5.83599996566772,0.108,3.938,2.617,18.664,0,119.569114685059,6,1746644,false,264.145391464233,0.261,9.089,0.011,32.383,10
post_dig,251,16.647,5.66800022125244,0.108,3.938,2.617,18.664,0,119.569114685059,6,1746644,false,264.145391464233,0.261,9.089,0.013,32.383,10
post_dig,252,16.79,5.77099990844727,0.108,3.938,2.617,18.664,0,119.569114685059,6,1746644,false,264.145387649536,0.261,9.089,0.012,32.383,10
post_dig,253,16.131,5.125,0.108,3.938,2.617,18.664,0,119.569114685059,6,1746644,false,264.145349502563,0.261,9.089,0.017,32.383,10
post_dig,254,20.465,5.7810001373291,0.108,3.938,2.617,18.664,0,119.569114685059,6,1746644,false,264.151556015015,0.261,9.089,0.012,32.383,10
post_dig,255,12.81,5.40100002288818,0.108,3.938,2.617,18.664,0,119.569114685059,6,1746644,false,264.151556015015,0.261,9.089,0.012,32.383,10
post_dig,256,16.54,5.19000005722046,0.108,3.938,2.617,18.664,0,119.569114685059,6,1746644,false,264.151556015015,0.261,9.089,0.012,32.383,10
post_dig,257,17.321,5.94799995422363,0.108,3.938,2.617,18.664,0,119.569114685059,6,1746644,false,264.151559829712,0.261,9.089,0.012,32.383,10
post_dig,258,16.67,5.58900022506714,0.108,3.938,2.617,18.664,0,119.569114685059,6,1746644,false,264.151556015015,0.261,9.089,0.009,32.383,10
post_dig,259,14.976,5.03700017929077,0.108,3.938,2.617,18.664,0,119.569114685059,6,1746644,false,264.151559829712,0.261,9.089,0.006,32.383,10
post_dig,260,17.942,5.69600009918213,0.108,3.938,2.617,18.664,0,119.569114685059,6,1746644,false,264.151559829712,0.261,9.089,0.013,32.383,10
post_dig,261,19.254,4.99200010299683,0.108,3.938,2.617,18.664,0,119.569114685059,6,1746644,false,264.15772819519,0.261,9.089,0.013,32.383,10
post_dig,262,14.216,5.58799982070923,0.108,3.938,2.617,18.664,0,119.569114685059,6,1746644,false,264.15772819519,0.261,9.089,0.009,32.383,10
post_dig,263,16.658,5.39900016784668,0.108,3.938,2.617,18.664,0,119.569114685059,6,1746644,false,264.15772819519,0.261,9.089,0.013,32.383,10
post_dig,264,17.805,5.80600023269653,0.108,3.938,2.617,18.664,0,119.569114685059,6,1746644,false,264.157796859741,0.261,9.089,0.012,32.383,10
post_dig,265,15.88,5.67999982833862,0.108,3.938,2.617,18.664,0,119.569114685059,6,1746644,false,264.157724380493,0.261,9.089,0.012,32.383,10
post_dig,266,16.438,5.71700000762939,0.108,3.938,2.617,18.664,0,119.569114685059,6,1746644,false,264.15772819519,0.261,9.089,0.012,32.383,10
post_dig,267,16.98,5.9539999961853,0.108,3.938,2.617,18.664,0,119.569114685059,6,1746644,false,264.157720565796,0.261,9.089,0.011,32.383,10
post_dig,268,18.784,5.17500019073486,0.108,3.938,2.617,18.664,0,119.569114685059,6,1746644,false,264.163896560669,0.261,9.089,0.011,32.383,10
post_dig,269,14.103,5.52299976348877,0.108,3.938,2.617,18.664,0,119.569114685059,6,1746644,false,264.164018630981,0.261,9.089,0.007,32.383,10
post_dig,270,16.193,5.00600004196167,0.108,3.938,2.617,18.664,0,119.569114685059,6,1746644,false,264.164018630981,0.261,9.089,0.012,32.383,10
post_dig,271,17.214,5.52199983596802,0.108,3.938,2.617,18.664,0,119.569114685059,6,1746644,false,264.164018630981,0.261,9.089,0.012,32.383,10
post_dig,272,17.371,5.68400001525879,0.108,3.938,2.617,18.664,0,119.569114685059,6,1746644,false,264.164018630981,0.261,9.089,0.012,32.383,10
post_dig,273,15.691,5.54099988937378,0.108,3.938,2.617,18.664,0,119.569114685059,6,1746644,false,264.164018630981,0.261,9.089,0.01,32.383,10
post_dig,274,17.12,5.42399978637695,0.108,3.938,2.617,18.664,0,119.569114685059,6,1746644,false,264.164014816284,0.261,9.089,0.013,32.383,10
post_dig,275,19.547,5.04199981689453,0.108,3.938,2.617,18.664,0,119.569114685059,6,1746644,false,264.17018699646,0.261,9.089,0.012,32.383,10
post_dig,276,14.09,5.73799991607666,0.108,3.938,2.617,18.664,0,119.569114685059,6,1746644,false,264.170183181763,0.261,9.089,0.013,32.383,10
post_dig,277,15.96,5.51399993896484,0.108,3.938,2.617,18.664,0,119.569114685059,6,1746644,false,264.170183181763,0.261,9.089,0.013,32.383,10
post_dig,278,16.901,5.54899978637695,0.108,3.938,2.617,18.664,0,119.569114685059,6,1746644,false,264.17018699646,0.261,9.089,0.013,32.383,10
post_dig,279,16.515,5.46700000762939,0.108,3.938,2.617,18.664,0,119.569114685059,6,1746644,false,264.17018699646,0.261,9.089,0.011,32.383,10
post_dig,280,17.116,5.49700021743774,0.108,3.938,2.617,18.664,0,119.569114685059,6,1746644,false,264.170255661011,0.261,9.089,0.012,32.383,10
post_dig,281,16.389,5.40899991989136,0.108,3.938,2.617,18.664,0,119.569114685059,6,1746644,false,264.17018699646,0.261,9.089,0.012,32.383,10
post_dig,282,20.516,5.80999994277954,0.108,3.938,2.617,18.664,0,119.569114685059,6,1746644,false,264.176355361938,0.261,9.089,0.012,32.383,10
post_dig,283,12.19,5.40100002288818,0.108,3.938,2.617,18.664,0,119.569114685059,6,1746644,false,264.176351547241,0.261,9.089,0.013,32.383,10
post_dig,284,16.743,5.41400003433228,0.108,3.938,2.617,18.664,0,119.569114685059,6,1746644,false,264.176355361938,0.261,9.089,0.012,32.383,10
post_dig,285,15.607,4.89699983596802,0.108,3.938,2.617,18.664,0,119.569114685059,6,1746644,false,264.176355361938,0.261,9.089,0.007,32.383,10
post_dig,286,16.703,4.95699977874756,0.108,3.938,2.617,18.664,0,119.569114685059,6,1746644,false,264.176111221313,0.261,9.089,0.006,32.383,10
post_dig,287,17.799,5.41300010681152,0.108,3.938,2.617,18.664,0,119.569114685059,6,1746644,false,264.176111221313,0.261,9.089,0.011,32.383,10
post_dig,288,16.467,5.44099998474121,0.108,3.938,2.617,18.664,0,119.569114685059,6,1746644,false,264.176111221313,0.261,9.089,0.007,32.383,10
post_dig,289,18.12,4.85900020599365,0.108,3.938,2.617,18.664,0,119.569114685059,6,1746644,false,264.182275772095,0.261,9.089,0.007,32.383,10
post_dig,290,14.953,5.23199987411499,0.108,3.938,2.617,18.664,0,119.569114685059,6,1746644,false,264.182279586792,0.261,9.089,0.009,32.383,10
post_dig,291,17.398,5.39900016784668,0.108,3.938,2.617,18.664,0,119.569114685059,6,1746644,false,264.182279586792,0.261,9.089,0.01,32.383,10
post_dig,292,16.652,5.43599987030029,0.108,3.938,2.617,18.664,0,119.569114685059,6,1746644,false,264.182279586792,0.261,9.089,0.014,32.383,10
post_dig,293,16.357,5.27600002288818,0.108,3.938,2.617,18.664,0,119.569114685059,6,1746644,false,264.182279586792,0.261,9.089,0.011,32.383,10
post_dig,294,16.763,5.27799987792969,0.108,3.938,2.617,18.664,0,119.569114685059,6,1746644,false,264.182279586792,0.261,9.089,0.012,32.383,10
post_dig,295,17.286,5.21600008010864,0.108,3.938,2.617,18.664,0,119.569114685059,6,1746644,false,264.182432174683,0.261,9.089,0.02,32.383,10
post_dig,296,20.52,6.00400018692017,0.108,3.938,2.617,18.664,0,119.569114685059,6,1746644,false,264.18625831604,0.261,9.089,0.013,32.383,10
post_dig,297,13.157,5.72300004959106,0.108,3.938,2.617,18.664,0,119.569114685059,6,1746644,false,264.186193466187,0.261,9.089,0.011,32.383,10
post_dig,298,15.136,5.28000020980835,0.108,3.938,2.617,18.664,0,119.569114685059,6,1746644,false,264.186193466187,0.261,9.089,0.01,32.383,10
post_dig,299,17.69,5.65000009536743,0.108,3.938,2.617,18.664,0,119.569114685059,6,1746644,false,264.186189651489,0.261,9.089,0.012,32.383,10
post_dig,300,15.944,5.30499982833862,0.108,3.938,2.617,18.664,0,119.569114685059,6,1746644,false,264.186193466187,0.261,9.089,0.01,32.383,10
post_dig,301,16.23,5.07800006866455,0.108,3.938,2.617,18.664,0,119.569114685059,6,1746644,false,264.186189651489,0.261,9.089,0.008,32.383,10
whole_map,1,12.88,5.01999998092651,0.108,190.636,0.066,18.664,0,119.972938537598,6,1304646,false,261.159644126892,0.261,9.089,0.012,32.383,10
whole_map,2,16.186,5.01900005340576,0.108,190.636,0.066,18.664,0,119.972938537598,6,1304646,false,261.159647941589,0.261,9.089,0.013,32.383,10
whole_map,3,16.8,4.98199987411499,0.108,190.636,0.066,18.664,0,119.972938537598,6,1304646,false,261.159686088562,0.261,9.089,0.013,32.383,10
whole_map,4,16.621,5.01800012588501,0.108,190.636,0.066,18.664,0,119.972938537598,6,1304646,false,261.159785270691,0.261,9.089,0.012,32.383,10
whole_map,5,19.099,5.35599994659424,0.108,190.636,0.066,18.664,0,119.972938537598,6,1304646,false,261.165953636169,0.261,9.089,0.013,32.383,10
whole_map,6,14.226,5.04199981689453,0.108,190.636,0.066,18.664,0,119.972938537598,6,1304646,false,261.166090965271,0.261,9.089,0.012,32.383,10
whole_map,7,16.064,4.99599981307983,0.108,190.636,0.066,18.664,0,119.972938537598,6,1304646,false,261.166090965271,0.261,9.089,0.012,32.383,10
whole_map,8,17.695,5.39900016784668,0.108,190.636,0.066,18.664,0,119.972938537598,6,1304646,false,261.166090965271,0.261,9.089,0.017,32.383,10
whole_map,9,16.12,4.9850001335144,0.108,190.636,0.066,18.664,0,119.972938537598,6,1304646,false,261.166266441345,0.261,9.089,0.013,32.383,10
whole_map,10,17.4,5.48899984359741,0.108,190.636,0.066,18.664,0,119.972938537598,6,1304646,false,261.166270256042,0.261,9.089,0.012,32.383,10
whole_map,11,16.428,4.99900007247925,0.108,190.636,0.066,18.664,0,119.972938537598,6,1304646,false,261.166346549988,0.261,9.089,0.013,32.383,10
whole_map,12,18.977,5.00500011444092,0.108,190.636,0.066,18.664,0,119.972938537598,6,1304646,false,261.172446250916,0.261,9.089,0.012,32.383,10
whole_map,13,13.886,4.98099994659424,0.108,190.636,0.066,18.664,0,119.972938537598,6,1304646,false,261.172720909119,0.261,9.089,0.012,32.383,10
whole_map,14,17.114,5.02799987792969,0.108,190.636,0.066,18.664,0,119.972938537598,6,1304646,false,261.172720909119,0.261,9.089,0.012,32.383,10
whole_map,15,16.572,5.53299999237061,0.108,190.636,0.066,18.664,0,119.972938537598,6,1304646,false,261.172720909119,0.261,9.089,0.013,32.383,10
whole_map,16,16.668,5.02799987792969,0.108,190.636,0.066,18.664,0,119.972938537598,6,1304646,false,261.172720909119,0.261,9.089,0.012,32.383,10
whole_map,17,16.884,5.36999988555908,0.108,190.636,0.066,18.664,0,119.972938537598,6,1304646,false,261.172720909119,0.261,9.089,0.012,32.383,10
whole_map,18,16.229,5.02600002288818,0.108,190.636,0.066,18.664,0,119.972938537598,6,1304646,false,261.172720909119,0.261,9.089,0.012,32.383,10
whole_map,19,19.161,5.35599994659424,0.108,190.636,0.066,18.664,0,119.972938537598,6,1304646,false,261.179301261902,0.261,9.089,0.011,32.383,10
whole_map,20,14.497,5.24700021743774,0.108,190.636,0.066,18.664,0,119.972938537598,6,1304646,false,261.179301261902,0.261,9.089,0.013,32.383,10
whole_map,21,16.368,4.9689998626709,0.108,190.636,0.066,18.664,0,119.972938537598,6,1304646,false,261.179297447205,0.261,9.089,0.012,32.383,10
whole_map,22,16.792,5.55200004577637,0.108,190.636,0.066,18.664,0,119.972938537598,6,1304646,false,261.179301261902,0.261,9.089,0.011,32.383,10
whole_map,23,16.75,5.46000003814697,0.108,190.636,0.066,18.664,0,119.972938537598,6,1304646,false,261.179297447205,0.261,9.089,0.013,32.383,10
whole_map,24,16.339,5.1269998550415,0.108,190.636,0.066,18.664,0,119.972938537598,6,1304646,false,261.179297447205,0.261,9.089,0.009,32.383,10
whole_map,25,17.108,5.47399997711182,0.108,190.636,0.066,18.664,0,119.972938537598,6,1304646,false,261.179301261902,0.261,9.089,0.012,32.383,10
whole_map,26,17.052,5.35500001907349,0.108,190.636,0.066,18.664,0,119.972938537598,6,1304646,false,261.18546962738,0.261,9.089,0.007,32.383,10
whole_map,27,15.583,5.06799983978271,0.108,190.636,0.066,18.664,0,119.972938537598,6,1304646,false,261.185538291931,0.261,9.089,0.007,32.383,10
whole_map,28,16.378,5.15000009536743,0.108,190.636,0.066,18.664,0,119.972938537598,6,1304646,false,261.186110496521,0.261,9.089,0.009,32.383,10
whole_map,29,16.859,5.08599996566772,0.108,190.636,0.066,18.664,0,119.972938537598,6,1304646,false,261.186110496521,0.261,9.089,0.013,32.383,10
whole_map,30,17.888,6.11299991607666,0.108,190.636,0.066,18.664,0,119.972938537598,6,1304646,false,261.186110496521,0.261,9.089,0.013,32.383,10
whole_map,31,16.005,5.08699989318848,0.108,190.636,0.066,18.664,0,119.972938537598,6,1304646,false,261.186110496521,0.261,9.089,0.013,32.383,10
whole_map,32,16.71,5.13800001144409,0.108,190.636,0.066,18.664,0,119.972938537598,6,1304646,false,261.186106681824,0.261,9.089,0.014,32.383,10
whole_map,33,19.288,5.47100019454956,0.108,190.636,0.066,18.664,0,119.972938537598,6,1304646,false,261.192278862,0.261,9.089,0.013,32.383,10
whole_map,34,13.429,5.14300012588501,0.108,190.636,0.066,18.664,0,119.972938537598,6,1304646,false,261.192278862,0.261,9.089,0.012,32.383,10
whole_map,35,17.192,5.11199998855591,0.108,190.636,0.066,18.664,0,119.972938537598,6,1304646,false,261.192278862,0.261,9.089,0.013,32.383,10
whole_map,36,17.342,5.94899988174438,0.108,190.636,0.066,18.664,0,119.972938537598,6,1304646,false,261.192278862,0.261,9.089,0.012,32.383,10
whole_map,37,16.768,6.05999994277954,0.108,190.636,0.066,18.664,0,119.972938537598,6,1304646,false,261.192278862,0.261,9.089,0.012,32.383,10
whole_map,38,15.636,5.16900014877319,0.108,190.636,0.066,18.664,0,119.972938537598,6,1304646,false,261.192278862,0.261,9.089,0.013,32.383,10
whole_map,39,17.531,5.45599985122681,0.108,190.636,0.066,18.664,0,119.972938537598,6,1304646,false,261.192278862,0.261,9.089,0.012,32.383,10
whole_map,40,20.509,5.11800003051758,0.108,190.636,0.066,18.664,0,119.972938537598,6,1304646,false,261.198447227478,0.261,9.089,0.012,32.383,10
whole_map,41,12.214,5.06899976730347,0.108,190.636,0.066,18.664,0,119.972938537598,6,1304646,false,261.198447227478,0.261,9.089,0.013,32.383,10
whole_map,42,16.519,5.0939998626709,0.108,190.636,0.066,18.664,0,119.972938537598,6,1304646,false,261.199404716492,0.261,9.089,0.012,32.383,10
whole_map,43,16.959,5.07100009918213,0.108,190.636,0.066,18.664,0,119.972938537598,6,1304646,false,261.19947719574,0.261,9.089,0.007,32.383,10
whole_map,44,15.887,5.1230001449585,0.108,190.636,0.066,18.664,0,119.972938537598,6,1304646,false,261.199404716492,0.261,9.089,0.011,32.383,10
whole_map,45,16.937,5.06799983978271,0.108,190.636,0.066,18.664,0,119.972938537598,6,1304646,false,261.199408531189,0.261,9.089,0.007,32.383,10
whole_map,46,16.742,5.11999988555908,0.108,190.636,0.066,18.664,0,119.972938537598,6,1304646,false,261.199408531189,0.261,9.089,0.011,32.383,10
whole_map,47,18.982,5.07999992370605,0.108,190.636,0.066,18.664,0,119.972938537598,6,1304646,false,261.205576896667,0.261,9.089,0.012,32.383,10
whole_map,48,14.473,5.11399984359741,0.108,190.636,0.066,18.664,0,119.972938537598,6,1304646,false,261.205576896667,0.261,9.089,0.011,32.383,10
whole_map,49,16.343,5.0939998626709,0.108,190.636,0.066,18.664,0,119.972938537598,6,1304646,false,261.20557308197,0.261,9.089,0.007,32.383,10
whole_map,50,17.325,4.8600001335144,0.108,190.636,0.066,18.664,0,119.972938537598,6,1304646,false,261.20557308197,0.261,9.089,0.008,32.383,10
whole_map,51,16.946,5.48099994659424,0.108,190.636,0.066,18.664,0,119.972938537598,6,1304646,false,261.205576896667,0.261,9.089,0.013,32.383,10
whole_map,52,16.332,5.15500020980835,0.108,190.636,0.066,18.664,0,119.972938537598,6,1304646,false,261.205576896667,0.261,9.089,0.013,32.383,10
whole_map,53,16.859,5.44500017166138,0.108,190.636,0.066,18.664,0,119.972938537598,6,1304646,false,261.205576896667,0.261,9.089,0.012,32.383,10
whole_map,54,18.47,5.1269998550415,0.108,190.636,0.066,18.664,0,119.972938537598,6,1304646,false,261.211737632751,0.261,9.089,0.012,32.383,10
whole_map,55,14.842,5.48899984359741,0.108,190.636,0.066,18.664,0,119.972938537598,6,1304646,false,261.211745262146,0.261,9.089,0.012,32.383,10
whole_map,56,16.403,5.12599992752075,0.108,190.636,0.066,18.664,0,119.972938537598,6,1304646,false,261.211745262146,0.261,9.089,0.013,32.383,10
whole_map,57,16.421,5.07600021362305,0.108,190.636,0.066,18.664,0,119.972938537598,6,1304646,false,261.211745262146,0.261,9.089,0.012,32.383,10
whole_map,58,17.96,5.99399995803833,0.108,190.636,0.066,18.664,0,119.972938537598,6,1304646,false,261.211741447449,0.261,9.089,0.012,32.383,10
whole_map,59,16.375,5.57499980926514,0.108,190.636,0.066,18.664,0,119.972938537598,6,1304646,false,261.211813926697,0.261,9.089,0.014,32.383,10
whole_map,60,16.386,5.65999984741211,0.108,190.636,0.066,18.664,0,119.972938537598,6,1304646,false,261.211745262146,0.261,9.089,0.013,32.383,10
whole_map,61,18.551,5.17600011825562,0.108,190.636,0.066,18.664,0,119.972938537598,6,1304646,false,261.217913627625,0.261,9.089,0.012,32.383,10
whole_map,62,14.845,6.02699995040894,0.108,190.636,0.066,18.664,0,119.972938537598,6,1304646,false,261.217913627625,0.261,9.089,0.012,32.383,10
whole_map,63,16.493,5.56699991226196,0.108,190.636,0.066,18.664,0,119.972938537598,6,1304646,false,261.219332695007,0.261,9.089,0.012,32.383,10
whole_map,64,16.954,5.6100001335144,0.108,190.636,0.066,18.664,0,119.972938537598,6,1304646,false,261.21932888031,0.261,9.089,0.013,32.383,10
whole_map,65,16.221,5.16400003433228,0.108,190.636,0.066,18.664,0,119.972938537598,6,1304646,false,261.219332695007,0.261,9.089,0.013,32.383,10
whole_map,66,16.933,5.62900018692017,0.108,190.636,0.066,18.664,0,119.972938537598,6,1304646,false,261.219332695007,0.261,9.089,0.013,32.383,10
whole_map,67,16.257,5.18499994277954,0.108,190.636,0.066,18.664,0,119.972938537598,6,1304646,false,261.219332695007,0.261,9.089,0.012,32.383,10
whole_map,68,18.406,5.24499988555908,0.108,190.636,0.066,18.664,0,119.972938537598,6,1304646,false,261.225501060486,0.261,9.089,0.012,32.383,10
whole_map,69,14.699,5.18800020217896,0.108,190.636,0.066,18.664,0,119.972938537598,6,1304646,false,261.225501060486,0.261,9.089,0.012,32.383,10
whole_map,70,16.954,5.21799993515015,0.108,190.636,0.066,18.664,0,119.972938537598,6,1304646,false,261.225501060486,0.261,9.089,0.012,32.383,10
whole_map,71,17.118,5.95499992370605,0.108,190.636,0.066,18.664,0,119.972938537598,6,1304646,false,261.225501060486,0.261,9.089,0.011,32.383,10
whole_map,72,16.276,5.22599983215332,0.108,190.636,0.066,18.664,0,119.972938537598,6,1304646,false,261.225501060486,0.261,9.089,0.011,32.383,10
whole_map,73,16.832,5.97100019454956,0.108,190.636,0.066,18.664,0,119.972938537598,6,1304646,false,261.225501060486,0.261,9.089,0.01,32.383,10
whole_map,74,16.775,5.85900020599365,0.108,190.636,0.066,18.664,0,119.972938537598,6,1304646,false,261.225501060486,0.261,9.089,0.011,32.383,10
whole_map,75,19.235,5.79899978637695,0.108,190.636,0.066,18.664,0,119.972938537598,6,1304646,false,261.231738090515,0.261,9.089,0.01,32.383,10
whole_map,76,13.258,5.23000001907349,0.108,190.636,0.066,18.664,0,119.972938537598,6,1304646,false,261.231669425964,0.261,9.089,0.011,32.383,10
whole_map,77,16.659,5.20900011062622,0.108,190.636,0.066,18.664,0,119.972938537598,6,1304646,false,261.231669425964,0.261,9.089,0.01,32.383,10
whole_map,78,17.58,5.22399997711182,0.108,190.636,0.066,18.664,0,119.972938537598,6,1304646,false,261.231665611267,0.261,9.089,0.012,32.383,10
whole_map,79,16.193,5.17899990081787,0.108,190.636,0.066,18.664,0,119.972938537598,6,1304646,false,261.231669425964,0.261,9.089,0.011,32.383,10
whole_map,80,17.253,5.21500015258789,0.108,190.636,0.066,18.664,0,119.972938537598,6,1304646,false,261.231669425964,0.261,9.089,0.013,32.383,10
whole_map,81,16.587,5.55999994277954,0.108,190.636,0.066,18.664,0,119.972938537598,6,1304646,false,261.231669425964,0.261,9.089,0.011,32.383,10
whole_map,82,18.374,5.20900011062622,0.108,190.636,0.066,18.664,0,119.972938537598,6,1304646,false,261.237837791443,0.261,9.089,0.012,32.383,10
whole_map,83,14.578,5.17399978637695,0.108,190.636,0.066,18.664,0,119.972938537598,6,1304646,false,261.237837791443,0.261,9.089,0.013,32.383,10
whole_map,84,16.5,5.28200006484985,0.108,190.636,0.066,18.664,0,119.972938537598,6,1304646,false,261.237830162048,0.261,9.089,0.012,32.383,10
whole_map,85,16.675,5.19799995422363,0.108,190.636,0.066,18.664,0,119.972938537598,6,1304646,false,261.237837791443,0.261,9.089,0.013,32.383,10
whole_map,86,16.835,5.6399998664856,0.108,190.636,0.066,18.664,0,119.972938537598,6,1304646,false,261.237833976746,0.261,9.089,0.014,32.383,10
whole_map,87,16.88,5.58699989318848,0.108,190.636,0.066,18.664,0,119.972938537598,6,1304646,false,261.237833976746,0.261,9.089,0.012,32.383,10
whole_map,88,16.523,5.24300003051758,0.108,190.636,0.066,18.664,0,119.972938537598,6,1304646,false,261.237837791443,0.261,9.089,0.012,32.383,10
whole_map,89,18.401,5.16099977493286,0.108,190.636,0.066,18.664,0,119.972938537598,6,1304646,false,261.244006156921,0.261,9.089,0.012,32.383,10
whole_map,90,14.74,5.23199987411499,0.108,190.636,0.066,18.664,0,119.972938537598,6,1304646,false,261.244002342224,0.261,9.089,0.013,32.383,10
whole_map,91,17.21,5.18100023269653,0.108,190.636,0.066,18.664,0,119.972938537598,6,1304646,false,261.244071006775,0.261,9.089,0.012,32.383,10
whole_map,92,15.276,5.25299978256226,0.108,190.636,0.066,18.664,0,119.972938537598,6,1304646,false,261.244006156921,0.261,9.089,0.009,32.383,10
whole_map,93,17.394,5.18699979782104,0.108,190.636,0.066,18.664,0,119.972938537598,6,1304646,false,261.244006156921,0.261,9.089,0.012,32.383,10
whole_map,94,16.335,5.19999980926514,0.108,190.636,0.066,18.664,0,119.972938537598,6,1304646,false,261.246157646179,0.261,9.089,0.012,32.383,10
whole_map,95,17.466,5.60300016403198,0.108,190.636,0.066,18.664,0,119.972938537598,6,1304646,false,261.246157646179,0.261,9.089,0.012,32.383,10
whole_map,96,18.448,5.22599983215332,0.108,190.636,0.066,18.664,0,119.972938537598,6,1304646,false,261.252326011658,0.261,9.089,0.012,32.383,10
whole_map,97,14.835,5.59999990463257,0.108,190.636,0.066,18.664,0,119.972938537598,6,1304646,false,261.252326011658,0.261,9.089,0.013,32.383,10
whole_map,98,16.396,5.2480001449585,0.108,190.636,0.066,18.664,0,119.972938537598,6,1304646,false,261.25232219696,0.261,9.089,0.031,32.383,10
whole_map,99,16.462,5.20800018310547,0.108,190.636,0.066,18.664,0,119.972938537598,6,1304646,false,261.252326011658,0.261,9.089,0.036,32.383,10
whole_map,100,17.512,5.63299989700317,0.108,190.636,0.066,18.664,0,119.972938537598,6,1304646,false,261.252329826355,0.261,9.089,0.013,32.383,10
whole_map,101,16.079,5.18300008773804,0.108,190.636,0.066,18.664,0,119.972938537598,6,1304646,false,261.252329826355,0.261,9.089,0.012,32.383,10
whole_map,102,16.709,5.61899995803833,0.108,190.636,0.066,18.664,0,119.972938537598,6,1304646,false,261.252329826355,0.261,9.089,0.013,32.383,10
whole_map,103,18.607,5.18200016021729,0.108,190.636,0.066,18.664,0,119.972938537598,6,1304646,false,261.258498191834,0.261,9.089,0.012,32.383,10
whole_map,104,14.614,5.84100008010864,0.108,190.636,0.066,18.664,0,119.972938537598,6,1304646,false,261.258498191834,0.261,9.089,0.01,32.383,10
whole_map,105,16.198,5.16099977493286,0.108,190.636,0.066,18.664,0,119.972938537598,6,1304646,false,261.258498191834,0.261,9.089,0.012,32.383,10
whole_map,106,17.307,5.73699998855591,0.108,190.636,0.066,18.664,0,119.972938537598,6,1304646,false,261.258498191834,0.261,9.089,0.012,32.383,10
whole_map,107,17.776,5.67700004577637,0.108,190.636,0.066,18.664,0,119.972938537598,6,1304646,false,261.258566856384,0.261,9.089,0.013,32.383,10
whole_map,108,15.844,5.75500011444092,0.108,190.636,0.066,18.664,0,119.972938537598,6,1304646,false,261.258498191834,0.261,9.089,0.012,32.383,10
whole_map,109,16.382,5.29300022125244,0.108,190.636,0.066,18.664,0,119.972938537598,6,1304646,false,261.258498191834,0.261,9.089,0.013,32.383,10
whole_map,110,18.953,5.78700017929077,0.108,190.636,0.066,18.664,0,119.972938537598,6,1304646,false,261.264666557312,0.261,9.089,0.013,32.383,10
whole_map,111,15.148,6.0789999961853,0.108,190.636,0.066,18.664,0,119.972938537598,6,1304646,false,261.264662742615,0.261,9.089,0.012,32.383,10
whole_map,112,16.529,5.81599998474121,0.108,190.636,0.066,18.664,0,119.972938537598,6,1304646,false,261.264666557312,0.261,9.089,0.013,32.383,10
whole_map,113,16.385,5.70599985122681,0.108,190.636,0.066,18.664,0,119.972938537598,6,1304646,false,261.264666557312,0.261,9.089,0.013,32.383,10
whole_map,114,16.686,5.78200006484985,0.108,190.636,0.066,18.664,0,119.972938537598,6,1304646,false,261.264666557312,0.261,9.089,0.011,32.383,10
whole_map,115,16.767,5.69600009918213,0.108,190.636,0.066,18.664,0,119.972938537598,6,1304646,false,261.264666557312,0.261,9.089,0.013,32.383,10
whole_map,116,15.969,5.35699987411499,0.108,190.636,0.066,18.664,0,119.972938537598,6,1304646,false,261.264666557312,0.261,9.089,0.012,32.383,10
whole_map,117,19.982,5.28900003433228,0.108,190.636,0.066,18.664,0,119.972938537598,6,1304646,false,261.270834922791,0.261,9.089,0.012,32.383,10
whole_map,118,14.014,5.73400020599365,0.108,190.636,0.066,18.664,0,119.972938537598,6,1304646,false,261.270834922791,0.261,9.089,0.013,32.383,10
whole_map,119,16.49,5.69099998474121,0.108,190.636,0.066,18.664,0,119.972938537598,6,1304646,false,261.270831108093,0.261,9.089,0.012,32.383,10
whole_map,120,16.533,5.35099983215332,0.108,190.636,0.066,18.664,0,119.972938537598,6,1304646,false,261.270834922791,0.261,9.089,0.012,32.383,10
whole_map,121,17.535,5.69000005722046,0.108,190.636,0.066,18.664,0,119.972938537598,6,1304646,false,261.270834922791,0.261,9.089,0.012,32.383,10
whole_map,122,15.667,5.76399993896484,0.108,190.636,0.066,18.664,0,119.972938537598,6,1304646,false,261.270834922791,0.261,9.089,0.014,32.383,10
whole_map,123,17.328,5.30900001525879,0.108,190.636,0.066,18.664,0,119.972938537598,6,1304646,false,261.270903587341,0.261,9.089,0.012,32.383,10
whole_map,124,18.281,5.3600001335144,0.108,190.636,0.066,18.664,0,119.972938537598,6,1304646,false,261.276999473572,0.261,9.089,0.013,32.383,10
whole_map,125,14.359,5.27799987792969,0.108,190.636,0.066,18.664,0,119.972938537598,6,1304646,false,261.277003288269,0.261,9.089,0.013,32.383,10
whole_map,126,16.878,5.32100009918213,0.108,190.636,0.066,18.664,0,119.972938537598,6,1304646,false,261.277003288269,0.261,9.089,0.012,32.383,10
whole_map,127,17.483,6.45499992370605,0.108,190.636,0.066,18.664,0,119.972938537598,6,1304646,false,261.277003288269,0.261,9.089,0.013,32.383,10
whole_map,128,16.224,6.33900022506714,0.108,190.636,0.066,18.664,0,119.972938537598,6,1304646,false,261.277003288269,0.261,9.089,0.012,32.383,10
whole_map,129,16.598,5.69700002670288,0.108,190.636,0.066,18.664,0,119.972938537598,6,1304646,false,261.277003288269,0.261,9.089,0.013,32.383,10
whole_map,130,16.632,5.74599981307983,0.108,190.636,0.066,18.664,0,119.972938537598,6,1304646,false,261.277003288269,0.261,9.089,0.012,32.383,10
whole_map,131,17.146,5.29500007629395,0.108,190.636,0.066,18.664,0,119.972938537598,6,1304646,false,261.283171653748,0.261,9.089,0.009,32.383,10
whole_map,132,15.677,5.92399978637695,0.108,190.636,0.066,18.664,0,119.972938537598,6,1304646,false,261.283171653748,0.261,9.089,0.007,32.383,10
whole_map,133,16.189,5.28999996185303,0.108,190.636,0.066,18.664,0,119.972938537598,6,1304646,false,261.283171653748,0.261,9.089,0.008,32.383,10
whole_map,134,17.746,5.34100008010864,0.108,190.636,0.066,18.664,0,119.972938537598,6,1304646,false,261.283171653748,0.261,9.089,0.013,32.383,10
whole_map,135,17.132,6.33199977874756,0.108,190.636,0.066,18.664,0,119.972938537598,6,1304646,false,261.283171653748,0.261,9.089,0.013,32.383,10
whole_map,136,15.786,5.78800010681152,0.108,190.636,0.066,18.664,0,119.972938537598,6,1304646,false,261.283171653748,0.261,9.089,0.013,32.383,10
whole_map,137,16.153,5.32499980926514,0.108,190.636,0.066,18.664,0,119.972938537598,6,1304646,false,261.283171653748,0.261,9.089,0.015,32.383,10
whole_map,138,19.312,5.3600001335144,0.108,190.636,0.066,18.664,0,119.972938537598,6,1304646,false,261.289336204529,0.261,9.089,0.014,32.383,10
whole_map,139,14.412,5.31500005722046,0.108,190.636,0.066,18.664,0,119.972938537598,6,1304646,false,261.289408683777,0.261,9.089,0.012,32.383,10
whole_map,140,16.751,5.75500011444092,0.108,190.636,0.066,18.664,0,119.972938537598,6,1304646,false,261.289340019226,0.261,9.089,0.012,32.383,10
whole_map,141,16.282,5.31400012969971,0.108,190.636,0.066,18.664,0,119.972938537598,6,1304646,false,261.292544364929,0.261,9.089,0.013,32.383,10
whole_map,142,16.837,5.36100006103516,0.108,190.636,0.066,18.664,0,119.972938537598,6,1304646,false,261.292544364929,0.261,9.089,0.012,32.383,10
whole_map,143,17.181,6.08699989318848,0.108,190.636,0.066,18.664,0,119.972938537598,6,1304646,false,261.292544364929,0.261,9.089,0.013,32.383,10
whole_map,144,16.576,5.95499992370605,0.108,190.636,0.066,18.664,0,119.972938537598,6,1304646,false,261.292544364929,0.261,9.089,0.013,32.383,10
whole_map,145,18.592,5.30800008773804,0.108,190.636,0.066,18.664,0,119.972938537598,6,1304646,false,261.298712730408,0.261,9.089,0.013,32.383,10
whole_map,146,14.245,5.36899995803833,0.108,190.636,0.066,18.664,0,119.972938537598,6,1304646,false,261.298712730408,0.261,9.089,0.012,32.383,10
whole_map,147,17.354,5.69899988174438,0.108,190.636,0.066,18.664,0,119.972938537598,6,1304646,false,261.298712730408,0.261,9.089,0.013,32.383,10
whole_map,148,16.058,5.36700010299683,0.108,190.636,0.066,18.664,0,119.972938537598,6,1304646,false,261.298712730408,0.261,9.089,0.013,32.383,10
whole_map,149,17.391,5.68800020217896,0.108,190.636,0.066,18.664,0,119.972938537598,6,1304646,false,261.298712730408,0.261,9.089,0.014,32.383,10
whole_map,150,16.489,5.78499984741211,0.108,190.636,0.066,18.664,0,119.972938537598,6,1304646,false,261.298712730408,0.261,9.089,0.013,32.383,10
whole_map,151,16.636,5.68599987030029,0.108,190.636,0.066,18.664,0,119.972938537598,6,1304646,false,261.298712730408,0.261,9.089,0.012,32.383,10
whole_map,152,18.158,5.34100008010864,0.108,190.636,0.066,18.664,0,119.972938537598,6,1304646,false,261.304881095886,0.261,9.089,0.013,32.383,10
whole_map,153,14.899,5.30999994277954,0.108,190.636,0.066,18.664,0,119.972938537598,6,1304646,false,261.304881095886,0.261,9.089,0.013,32.383,10
whole_map,154,16.301,5.35699987411499,0.108,190.636,0.066,18.664,0,119.972938537598,6,1304646,false,261.304881095886,0.261,9.089,0.011,32.383,10
whole_map,155,17.333,5.34700012207031,0.108,190.636,0.066,18.664,0,119.972938537598,6,1304646,false,261.304949760437,0.261,9.089,0.012,32.383,10
whole_map,156,16.244,5.34800004959106,0.108,190.636,0.066,18.664,0,119.972938537598,6,1304646,false,261.304881095886,0.261,9.089,0.008,32.383,10
whole_map,157,16.237,5.29500007629395,0.108,190.636,0.066,18.664,0,119.972938537598,6,1304646,false,261.304881095886,0.261,9.089,0.007,32.383,10
whole_map,158,16.22,5.36199998855591,0.108,190.636,0.066,18.664,0,119.972938537598,6,1304646,false,261.304877281189,0.261,9.089,0.007,32.383,10
whole_map,159,18.157,5.31599998474121,0.108,190.636,0.066,18.664,0,119.972938537598,6,1304646,false,261.311049461365,0.261,9.089,0.007,32.383,10
whole_map,160,15.666,5.34499979019165,0.108,190.636,0.066,18.664,0,119.972938537598,6,1304646,false,261.311049461365,0.261,9.089,0.008,32.383,10
whole_map,161,17.205,5.69099998474121,0.108,190.636,0.066,18.664,0,119.972938537598,6,1304646,false,261.311049461365,0.261,9.089,0.013,32.383,10
whole_map,162,16.113,5.35900020599365,0.108,190.636,0.066,18.664,0,119.972938537598,6,1304646,false,261.311049461365,0.261,9.089,0.012,32.383,10
whole_map,163,16.927,5.29899978637695,0.108,190.636,0.066,18.664,0,119.972938537598,6,1304646,false,261.311049461365,0.261,9.089,0.012,32.383,10
whole_map,164,16.438,5.34899997711182,0.108,190.636,0.066,18.664,0,119.972938537598,6,1304646,false,261.311049461365,0.261,9.089,0.011,32.383,10
whole_map,165,16.986,5.27600002288818,0.108,190.636,0.066,18.664,0,119.972938537598,6,1304646,false,261.311049461365,0.261,9.089,0.012,32.383,10
whole_map,166,18.89,5.34899997711182,0.108,190.636,0.066,18.664,0,119.972938537598,6,1304646,false,261.317214012146,0.261,9.089,0.012,32.383,10
whole_map,167,14.381,5.28599977493286,0.108,190.636,0.066,18.664,0,119.972938537598,6,1304646,false,261.317217826843,0.261,9.089,0.012,32.383,10
whole_map,168,16.744,5.35799980163574,0.108,190.636,0.066,18.664,0,119.972938537598,6,1304646,false,261.317217826843,0.261,9.089,0.012,32.383,10
whole_map,169,16.662,5.30299997329712,0.108,190.636,0.066,18.664,0,119.972938537598,6,1304646,false,261.317217826843,0.261,9.089,0.011,32.383,10
whole_map,170,16.089,5.34600019454956,0.108,190.636,0.066,18.664,0,119.972938537598,6,1304646,false,261.317217826843,0.261,9.089,0.013,32.383,10
whole_map,171,18.087,5.28399991989136,0.108,190.636,0.066,18.664,0,119.972938537598,6,1304646,false,261.317286491394,0.261,9.089,0.012,32.383,10
whole_map,172,15.681,5.3289999961853,0.108,190.636,0.066,18.664,0,119.972938537598,6,1304646,false,261.317214012146,0.261,9.089,0.012,32.383,10
whole_map,173,19.181,5.2810001373291,0.108,190.636,0.066,18.664,0,119.972938537598,6,1304646,false,261.323382377625,0.261,9.089,0.012,32.383,10
whole_map,174,15.024,5.73699998855591,0.108,190.636,0.066,18.664,0,119.972938537598,6,1304646,false,261.323386192322,0.261,9.089,0.013,32.383,10
whole_map,175,16.427,5.69399976730347,0.108,190.636,0.066,18.664,0,119.972938537598,6,1304646,false,261.323386192322,0.261,9.089,0.012,32.383,10
whole_map,176,16.248,5.74499988555908,0.108,190.636,0.066,18.664,0,119.972938537598,6,1304646,false,261.323386192322,0.261,9.089,0.013,32.383,10
whole_map,177,16.741,5.30600023269653,0.108,190.636,0.066,18.664,0,119.972938537598,6,1304646,false,261.323386192322,0.261,9.089,0.012,32.383,10
whole_map,178,16.968,5.46700000762939,0.108,190.636,0.066,18.664,0,119.972938537598,6,1304646,false,261.323386192322,0.261,9.089,0.013,32.383,10
whole_map,179,16.273,5.40999984741211,0.108,190.636,0.066,18.664,0,119.972938537598,6,1304646,false,261.323386192322,0.261,9.089,0.013,32.383,10
whole_map,180,19.044,5.46299982070923,0.108,190.636,0.066,18.664,0,119.972938537598,6,1304646,false,261.3295545578,0.261,9.089,0.013,32.383,10
whole_map,181,14.779,5.41900014877319,0.108,190.636,0.066,18.664,0,119.972938537598,6,1304646,false,261.3295545578,0.261,9.089,0.014,32.383,10
whole_map,182,16.025,5.48199987411499,0.108,190.636,0.066,18.664,0,119.972938537598,6,1304646,false,261.3295545578,0.261,9.089,0.012,32.383,10
whole_map,183,16.942,5.41300010681152,0.108,190.636,0.066,18.664,0,119.972938537598,6,1304646,false,261.3295545578,0.261,9.089,0.012,32.383,10
whole_map,184,16.591,5.47399997711182,0.108,190.636,0.066,18.664,0,119.972938537598,6,1304646,false,261.3295545578,0.261,9.089,0.013,32.383,10
whole_map,185,16.504,5.43599987030029,0.108,190.636,0.066,18.664,0,119.972938537598,6,1304646,false,261.3295545578,0.261,9.089,0.014,32.383,10
whole_map,186,16.932,5.44799995422363,0.108,190.636,0.066,18.664,0,119.972938537598,6,1304646,false,261.3295545578,0.261,9.089,0.012,32.383,10
whole_map,187,18.976,5.42899990081787,0.108,190.636,0.066,18.664,0,119.972938537598,6,1304646,false,261.33579158783,0.261,9.089,0.013,32.383,10
whole_map,188,13.738,5.46500015258789,0.108,190.636,0.066,18.664,0,119.972938537598,6,1304646,false,261.335722923279,0.261,9.089,0.012,32.383,10
whole_map,189,17.028,5.41300010681152,0.108,190.636,0.066,18.664,0,119.972938537598,6,1304646,false,261.335722923279,0.261,9.089,0.011,32.383,10
whole_map,190,17.101,5.86199998855591,0.108,190.636,0.066,18.664,0,119.972938537598,6,1304646,false,261.335722923279,0.261,9.089,0.011,32.383,10
whole_map,191,16.869,5.81899976730347,0.108,190.636,0.066,18.664,0,119.972938537598,6,1304646,false,261.335722923279,0.261,9.089,0.013,32.383,10
whole_map,192,16.164,5.45499992370605,0.108,190.636,0.066,18.664,0,119.972938537598,6,1304646,false,261.335722923279,0.261,9.089,0.011,32.383,10
whole_map,193,16.532,5.4060001373291,0.108,190.636,0.066,18.664,0,119.972938537598,6,1304646,false,261.335719108582,0.261,9.089,0.012,32.383,10
whole_map,194,18.728,5.45499992370605,0.108,190.636,0.066,18.664,0,119.972938537598,6,1304646,false,261.341891288757,0.261,9.089,0.013,32.383,10
whole_map,195,14.806,5.39699983596802,0.108,190.636,0.066,18.664,0,119.972938537598,6,1304646,false,261.341891288757,0.261,9.089,0.012,32.383,10
whole_map,196,17.254,5.87200021743774,0.108,190.636,0.066,18.664,0,119.972938537598,6,1304646,false,261.341891288757,0.261,9.089,0.011,32.383,10
whole_map,197,16.225,5.41300010681152,0.108,190.636,0.066,18.664,0,119.972938537598,6,1304646,false,261.341891288757,0.261,9.089,0.013,32.383,10
whole_map,198,16.693,5.44899988174438,0.108,190.636,0.066,18.664,0,119.972938537598,6,1304646,false,261.341891288757,0.261,9.089,0.013,32.383,10
whole_map,199,16.495,5.40899991989136,0.108,190.636,0.066,18.664,0,119.972938537598,6,1304646,false,261.341891288757,0.261,9.089,0.014,32.383,10
whole_map,200,17.165,6.24900007247925,0.108,190.636,0.066,18.664,0,119.972938537598,6,1304646,false,261.341891288757,0.261,9.089,0.012,32.383,10
whole_map,201,18.819,5.39900016784668,0.108,190.636,0.066,18.664,0,119.972938537598,6,1304646,false,261.348059654236,0.261,9.089,0.011,32.383,10
whole_map,202,14.162,5.47399997711182,0.108,190.636,0.066,18.664,0,119.972938537598,6,1304646,false,261.348059654236,0.261,9.089,0.013,32.383,10
whole_map,203,17.141,5.40299987792969,0.108,190.636,0.066,18.664,0,119.972938537598,6,1304646,false,261.348128318787,0.261,9.089,0.011,32.383,10
whole_map,204,16.164,5.45800018310547,0.108,190.636,0.066,18.664,0,119.972938537598,6,1304646,false,261.348059654236,0.261,9.089,0.012,32.383,10
whole_map,205,16.646,5.41300010681152,0.108,190.636,0.066,18.664,0,119.972938537598,6,1304646,false,261.348059654236,0.261,9.089,0.013,32.383,10
whole_map,206,16.707,5.43400001525879,0.108,190.636,0.066,18.664,0,119.972938537598,6,1304646,false,261.348059654236,0.261,9.089,0.013,32.383,10
whole_map,207,16.209,5.42999982833862,0.108,190.636,0.066,18.664,0,119.972938537598,6,1304646,false,261.348059654236,0.261,9.089,0.013,32.383,10
whole_map,208,19.118,5.45699977874756,0.108,190.636,0.066,18.664,0,119.972938537598,6,1304646,false,261.354228019714,0.261,9.089,0.012,32.383,10
whole_map,209,15.241,5.83199977874756,0.108,190.636,0.066,18.664,0,119.972938537598,6,1304646,false,261.354228019714,0.261,9.089,0.013,32.383,10
whole_map,210,16.294,5.89499998092651,0.108,190.636,0.066,18.664,0,119.972938537598,6,1304646,false,261.354228019714,0.261,9.089,0.012,32.383,10
whole_map,211,16.269,5.39499998092651,0.108,190.636,0.066,18.664,0,119.972938537598,6,1304646,false,261.359034538269,0.261,9.089,0.009,32.383,10
whole_map,212,15.947,5.47499990463257,0.108,190.636,0.066,18.664,0,119.972938537598,6,1304646,false,261.359034538269,0.261,9.089,0.01,32.383,10
whole_map,213,18.402,5.59499979019165,0.108,190.636,0.066,18.664,0,119.972938537598,6,1304646,false,261.359034538269,0.261,9.089,0.013,32.383,10
whole_map,214,15.979,5.88500022888184,0.108,190.636,0.066,18.664,0,119.972938537598,6,1304646,false,261.359034538269,0.261,9.089,0.012,32.383,10
whole_map,215,19.304,5.81599998474121,0.108,190.636,0.066,18.664,0,119.972938537598,6,1304646,false,261.365202903748,0.261,9.089,0.013,32.383,10
whole_map,216,14.29,5.87599992752075,0.108,190.636,0.066,18.664,0,119.972938537598,6,1304646,false,261.36519908905,0.261,9.089,0.012,32.383,10
whole_map,217,16.27,5.43200016021729,0.108,190.636,0.066,18.664,0,119.972938537598,6,1304646,false,261.36519908905,0.261,9.089,0.013,32.383,10
whole_map,218,16.635,5.43200016021729,0.108,190.636,0.066,18.664,0,119.972938537598,6,1304646,false,261.365202903748,0.261,9.089,0.014,32.383,10
whole_map,219,17.491,6.0479998588562,0.108,190.636,0.066,18.664,0,119.972938537598,6,1304646,false,261.365267753601,0.261,9.089,0.012,32.383,10
whole_map,220,15.961,5.45599985122681,0.108,190.636,0.066,18.664,0,119.972938537598,6,1304646,false,261.365202903748,0.261,9.089,0.012,32.383,10
whole_map,221,16.156,5.42600011825562,0.108,190.636,0.066,18.664,0,119.972938537598,6,1304646,false,261.365202903748,0.261,9.089,0.012,32.383,10
whole_map,222,18.984,5.46099996566772,0.108,190.636,0.066,18.664,0,119.972938537598,6,1304646,false,261.371371269226,0.261,9.089,0.011,32.383,10
whole_map,223,15.294,5.40700006484985,0.108,190.636,0.066,18.664,0,119.972938537598,6,1304646,false,261.371371269226,0.261,9.089,0.012,32.383,10
whole_map,224,16.374,5.44999980926514,0.108,190.636,0.066,18.664,0,119.972938537598,6,1304646,false,261.371371269226,0.261,9.089,0.008,32.383,10
whole_map,225,15.825,5.39599990844727,0.108,190.636,0.066,18.664,0,119.972938537598,6,1304646,false,261.371371269226,0.261,9.089,0.007,32.383,10
whole_map,226,16.516,5.43900012969971,0.108,190.636,0.066,18.664,0,119.972938537598,6,1304646,false,261.371371269226,0.261,9.089,0.009,32.383,10
whole_map,227,17.159,5.41699981689453,0.108,190.636,0.066,18.664,0,119.972938537598,6,1304646,false,261.371371269226,0.261,9.089,0.012,32.383,10
whole_map,228,16.425,5.48099994659424,0.108,190.636,0.066,18.664,0,119.972938537598,6,1304646,false,261.371371269226,0.261,9.089,0.012,32.383,10
whole_map,229,19.374,5.41200017929077,0.108,190.636,0.066,18.664,0,119.972938537598,6,1304646,false,261.377539634705,0.261,9.089,0.013,32.383,10
whole_map,230,14.65,5.87900018692017,0.108,190.636,0.066,18.664,0,119.972938537598,6,1304646,false,261.377535820007,0.261,9.089,0.012,32.383,10
whole_map,231,17.053,6.50600004196167,0.108,190.636,0.066,18.664,0,119.972938537598,6,1304646,false,261.377539634705,0.261,9.089,0.012,32.383,10
whole_map,232,16.71,6.07800006866455,0.108,190.636,0.066,18.664,0,119.972938537598,6,1304646,false,261.377535820007,0.261,9.089,0.013,32.383,10
whole_map,233,16.453,6.01100015640259,0.108,190.636,0.066,18.664,0,119.972938537598,6,1304646,false,261.377539634705,0.261,9.089,0.012,32.383,10
whole_map,234,17.707,6.4980001449585,0.108,190.636,0.066,18.664,0,119.972938537598,6,1304646,false,261.377535820007,0.261,9.089,0.013,32.383,10
whole_map,235,16.747,6.03499984741211,0.108,190.636,0.066,18.664,0,119.972938537598,6,1304646,false,261.377608299255,0.261,9.089,0.012,32.383,10
whole_map,236,16.668,5.78000020980835,0.108,190.636,0.066,18.664,0,119.972938537598,6,1304646,false,261.383708000183,0.261,9.089,0.01,32.383,10
whole_map,237,15.033,5.75,0.108,190.636,0.066,18.664,0,119.972938537598,6,1304646,false,261.383662223816,0.261,9.089,0.01,32.383,10
whole_map,238,16.72,6.0770001411438,0.108,190.636,0.066,18.664,0,119.972938537598,6,1304646,false,261.383700370789,0.261,9.089,0.009,32.383,10
whole_map,239,17.16,6.00899982452393,0.108,190.636,0.066,18.664,0,119.972938537598,6,1304646,false,261.383704185486,0.261,9.089,0.013,32.383,10
whole_map,240,16.581,5.76800012588501,0.108,190.636,0.066,18.664,0,119.972938537598,6,1304646,false,261.383708000183,0.261,9.089,0.013,32.383,10
whole_map,241,17.367,6.13500022888184,0.108,190.636,0.066,18.664,0,119.972938537598,6,1304646,false,261.383708000183,0.261,9.089,0.012,32.383,10
whole_map,242,15.891,5.78499984741211,0.108,190.636,0.066,18.664,0,119.972938537598,6,1304646,false,261.383708000183,0.261,9.089,0.012,32.383,10
whole_map,243,19.226,6.35500001907349,0.108,190.636,0.066,18.664,0,119.972938537598,6,1304646,false,261.389876365662,0.261,9.089,0.012,32.383,10
whole_map,244,14.665,5.76999998092651,0.108,190.636,0.066,18.664,0,119.972938537598,6,1304646,false,261.389876365662,0.261,9.089,0.01,32.383,10
whole_map,245,16.813,6.34600019454956,0.108,190.636,0.066,18.664,0,119.972938537598,6,1304646,false,261.389876365662,0.261,9.089,0.011,32.383,10
whole_map,246,15.893,5.7979998588562,0.108,190.636,0.066,18.664,0,119.972938537598,6,1304646,false,261.389872550964,0.261,9.089,0.011,32.383,10
whole_map,247,16.851,5.98899984359741,0.108,190.636,0.066,18.664,0,119.972938537598,6,1304646,false,261.389876365662,0.261,9.089,0.012,32.383,10
whole_map,248,16.387,5.78000020980835,0.108,190.636,0.066,18.664,0,119.972938537598,6,1304646,false,261.389876365662,0.261,9.089,0.011,32.383,10
whole_map,249,17.296,5.9520001411438,0.108,190.636,0.066,18.664,0,119.972938537598,6,1304646,false,261.389872550964,0.261,9.089,0.013,32.383,10
whole_map,250,18.773,5.75099992752075,0.108,190.636,0.066,18.664,0,119.972938537598,6,1304646,false,261.39604473114,0.261,9.089,0.012,32.383,10
whole_map,251,14.637,5.97800016403198,0.108,190.636,0.066,18.664,0,119.972938537598,6,1304646,false,261.396113395691,0.261,9.089,0.012,32.383,10
whole_map,252,16.356,5.76599979400635,0.108,190.636,0.066,18.664,0,119.972938537598,6,1304646,false,261.39604473114,0.261,9.089,0.013,32.383,10
whole_map,253,16.551,5.97599983215332,0.108,190.636,0.066,18.664,0,119.972938537598,6,1304646,false,261.39604473114,0.261,9.089,0.012,32.383,10
whole_map,254,16.706,6.03700017929077,0.108,190.636,0.066,18.664,0,119.972938537598,6,1304646,false,261.39604473114,0.261,9.089,0.011,32.383,10
whole_map,255,16.958,6.61899995803833,0.108,190.636,0.066,18.664,0,119.972938537598,6,1304646,false,261.39604473114,0.261,9.089,0.012,32.383,10
whole_map,256,16.063,5.94700002670288,0.108,190.636,0.066,18.664,0,119.972938537598,6,1304646,false,261.39604473114,0.261,9.089,0.012,32.383,10
whole_map,257,18.739,5.70499992370605,0.108,190.636,0.066,18.664,0,119.972938537598,6,1304646,false,261.402213096619,0.261,9.089,0.011,32.383,10
whole_map,258,14.853,5.79400014877319,0.108,190.636,0.066,18.664,0,119.972938537598,6,1304646,false,261.402213096619,0.261,9.089,0.025,32.383,10
whole_map,259,16.465,5.95699977874756,0.108,190.636,0.066,18.664,0,119.972938537598,6,1304646,false,261.402213096619,0.261,9.089,0.011,32.383,10
whole_map,260,17.47,5.76200008392334,0.108,190.636,0.066,18.664,0,119.972938537598,6,1304646,false,261.402209281921,0.261,9.089,0.011,32.383,10
whole_map,261,16.275,5.71999979019165,0.108,190.636,0.066,18.664,0,119.972938537598,6,1304646,false,261.402213096619,0.261,9.089,0.012,32.383,10
whole_map,262,16.501,5.75699996948242,0.108,190.636,0.066,18.664,0,119.972938537598,6,1304646,false,261.402213096619,0.261,9.089,0.012,32.383,10
whole_map,263,16.649,5.9689998626709,0.108,190.636,0.066,18.664,0,119.972938537598,6,1304646,false,261.402209281921,0.261,9.089,0.011,32.383,10
whole_map,264,18.983,5.76800012588501,0.108,190.636,0.066,18.664,0,119.972938537598,6,1304646,false,261.408381462097,0.261,9.089,0.012,32.383,10
whole_map,265,14.314,5.97700023651123,0.108,190.636,0.066,18.664,0,119.972938537598,6,1304646,false,261.408381462097,0.261,9.089,0.012,32.383,10
whole_map,266,17.046,6.16599988937378,0.108,190.636,0.066,18.664,0,119.972938537598,6,1304646,false,261.408381462097,0.261,9.089,0.012,32.383,10
whole_map,267,17.515,6.36299991607666,0.108,190.636,0.066,18.664,0,119.972938537598,6,1304646,false,261.408450126648,0.261,9.089,0.013,32.383,10
whole_map,268,16.251,5.78900003433228,0.108,190.636,0.066,18.664,0,119.972938537598,6,1304646,false,261.408381462097,0.261,9.089,0.013,32.383,10
whole_map,269,16.038,5.96600008010864,0.108,190.636,0.066,18.664,0,119.972938537598,6,1304646,false,261.408381462097,0.261,9.089,0.012,32.383,10
whole_map,270,16.678,5.77500009536743,0.108,190.636,0.066,18.664,0,119.972938537598,6,1304646,false,261.408381462097,0.261,9.089,0.012,32.383,10
whole_map,271,18.927,6.16499996185303,0.108,190.636,0.066,18.664,0,119.972938537598,6,1304646,false,261.414549827576,0.261,9.089,0.012,32.383,10
whole_map,272,13.993,5.75299978256226,0.108,190.636,0.066,18.664,0,119.972938537598,6,1304646,false,261.414549827576,0.261,9.089,0.012,32.383,10
whole_map,273,16.933,5.98299980163574,0.108,190.636,0.066,18.664,0,119.972938537598,6,1304646,false,261.414549827576,0.261,9.089,0.013,32.383,10
whole_map,274,16.946,5.75899982452393,0.108,190.636,0.066,18.664,0,119.972938537598,6,1304646,false,261.414549827576,0.261,9.089,0.011,32.383,10
whole_map,275,16.526,6.00099992752075,0.108,190.636,0.066,18.664,0,119.972938537598,6,1304646,false,261.414549827576,0.261,9.089,0.011,32.383,10
whole_map,276,16.432,5.74900007247925,0.108,190.636,0.066,18.664,0,119.972938537598,6,1304646,false,261.414549827576,0.261,9.089,0.012,32.383,10
whole_map,277,17.279,5.72200012207031,0.108,190.636,0.066,18.664,0,119.972938537598,6,1304646,false,261.414549827576,0.261,9.089,0.012,32.383,10
whole_map,278,18.301,6.06500005722046,0.108,190.636,0.066,18.664,0,119.972938537598,6,1304646,false,261.420718193054,0.261,9.089,0.012,32.383,10
whole_map,279,14.692,6.3769998550415,0.108,190.636,0.066,18.664,0,119.972938537598,6,1304646,false,261.420714378357,0.261,9.089,0.013,32.383,10
whole_map,280,16.638,6.0460000038147,0.108,190.636,0.066,18.664,0,119.972938537598,6,1304646,false,261.420714378357,0.261,9.089,0.012,32.383,10
whole_map,281,17.693,5.98199987411499,0.108,190.636,0.066,18.664,0,119.972938537598,6,1304646,false,261.420718193054,0.261,9.089,0.013,32.383,10
whole_map,282,15.329,6.0460000038147,0.108,190.636,0.066,18.664,0,119.972938537598,6,1304646,false,261.420714378357,0.261,9.089,0.01,32.383,10
whole_map,283,16.876,5.72300004959106,0.108,190.636,0.066,18.664,0,119.972938537598,6,1304646,false,261.420786857605,0.261,9.089,0.011,32.383,10
whole_map,284,16.678,5.76000022888184,0.108,190.636,0.066,18.664,0,119.972938537598,6,1304646,false,261.420718193054,0.261,9.089,0.009,32.383,10
whole_map,285,18.868,6.0,0.108,190.636,0.066,18.664,0,119.972938537598,6,1304646,false,261.426836967468,0.261,9.089,0.009,32.383,10
whole_map,286,13.414,6.03599977493286,0.108,190.636,0.066,18.664,0,119.972938537598,6,1304646,false,261.426886558533,0.261,9.089,0.008,32.383,10
whole_map,287,17.174,6.0,0.108,190.636,0.066,18.664,0,119.972938537598,6,1304646,false,261.426836967468,0.261,9.089,0.007,32.383,10
whole_map,288,17.223,6.22300004959106,0.108,190.636,0.066,18.664,0,119.972938537598,6,1304646,false,261.426886558533,0.261,9.089,0.01,32.383,10
whole_map,289,16.288,5.98799991607666,0.108,190.636,0.066,18.664,0,119.972938537598,6,1304646,false,261.426886558533,0.261,9.089,0.012,32.383,10
whole_map,290,16.612,5.77299976348877,0.108,190.636,0.066,18.664,0,119.972938537598,6,1304646,false,261.426886558533,0.261,9.089,0.013,32.383,10
whole_map,291,17.061,5.98000001907349,0.108,190.636,0.066,18.664,0,119.972938537598,6,1304646,false,261.426886558533,0.261,9.089,0.013,32.383,10
whole_map,292,16.893,5.75899982452393,0.108,190.636,0.066,18.664,0,119.972938537598,6,1304646,false,261.433054924011,0.261,9.089,0.006,32.383,10
whole_map,293,15.876,5.96400022506714,0.108,190.636,0.066,18.664,0,119.972938537598,6,1304646,false,261.433054924011,0.261,9.089,0.007,32.383,10
whole_map,294,16.535,6.01100015640259,0.108,190.636,0.066,18.664,0,119.972938537598,6,1304646,false,261.433054924011,0.261,9.089,0.008,32.383,10
whole_map,295,16.353,5.98000001907349,0.108,190.636,0.066,18.664,0,119.972938537598,6,1304646,false,261.433054924011,0.261,9.089,0.007,32.383,10
whole_map,296,16.267,5.78499984741211,0.108,190.636,0.066,18.664,0,119.972938537598,6,1304646,false,261.433054924011,0.261,9.089,0.007,32.383,10
whole_map,297,17.549,5.95900011062622,0.108,190.636,0.066,18.664,0,119.972938537598,6,1304646,false,261.433054924011,0.261,9.089,0.009,32.383,10
whole_map,298,16.809,5.78000020980835,0.108,190.636,0.066,18.664,0,119.972938537598,6,1304646,false,261.433054924011,0.261,9.089,0.01,32.383,10
whole_map,299,19.658,6.1269998550415,0.108,190.636,0.066,18.664,0,119.972938537598,6,1304646,false,261.439288139343,0.261,9.089,0.013,32.383,10
whole_map,300,13.973,6.01599979400635,0.108,190.636,0.066,18.664,0,119.972938537598,6,1304646,false,261.43922328949,0.261,9.089,0.011,32.383,10
