phase,sample,frame_ms,viewport_gpu_ms,worker_edit_ms,worker_patch_ms,main_publish_ms,edit_to_publish_ms,queued_jobs,cache_mib,pages,triangles,pending_edit,engine_static_memory_mib,worker_queue_ms,all_patch_builds_ms,publish_frame_ms,edit_to_draw_callback_ms,wall_hitches_over_50ms
display_only_control,1,9.56,3.49699997901917,0.0,9.353,0.049,0.0,0,106.950790405273,0,1756764,false,280.168249130249,0.0,0.0,0.007,0.0,1
display_only_control,2,16.659,3.49300003051758,0.0,9.353,0.049,0.0,0,106.950790405273,0,1756764,false,280.168256759644,0.0,0.0,0.007,0.0,1
display_only_control,3,16.806,3.49399995803833,0.0,9.353,0.049,0.0,0,106.950790405273,0,1756764,false,280.168302536011,0.0,0.0,0.012,0.0,1
display_only_control,4,16.664,3.58899998664856,0.0,9.353,0.049,0.0,0,106.950790405273,0,1756764,false,280.168394088745,0.0,0.0,0.013,0.0,1
display_only_control,5,16.606,4.09899997711182,0.0,9.353,0.049,0.0,0,106.950790405273,0,1756764,false,280.168394088745,0.0,0.0,0.009,0.0,1
display_only_control,6,17.171,3.60500001907349,0.0,9.353,0.049,0.0,0,106.950790405273,0,1756764,false,280.168600082397,0.0,0.0,0.01,0.0,1
display_only_control,7,18.574,3.59400010108948,0.0,9.353,0.049,0.0,0,106.950790405273,0,1756764,false,280.174699783325,0.0,0.0,0.011,0.0,1
display_only_control,8,14.275,3.58800005912781,0.0,9.353,0.049,0.0,0,106.950790405273,0,1756764,false,280.174699783325,0.0,0.0,0.012,0.0,1
display_only_control,9,17.015,3.58999991416931,0.0,9.353,0.049,0.0,0,106.950790405273,0,1756764,false,280.174882888794,0.0,0.0,0.011,0.0,1
display_only_control,10,16.355,3.60500001907349,0.0,9.353,0.049,0.0,0,106.950790405273,0,1756764,false,280.174886703491,0.0,0.0,0.012,0.0,1
display_only_control,11,16.539,3.59500002861023,0.0,9.353,0.049,0.0,0,106.950790405273,0,1756764,false,280.174886703491,0.0,0.0,0.007,0.0,1
display_only_control,12,16.81,4.15899991989136,0.0,9.353,0.049,0.0,0,106.950790405273,0,1756764,false,280.174882888794,0.0,0.0,0.011,0.0,1
display_only_control,13,16.656,3.59599995613098,0.0,9.353,0.049,0.0,0,106.950790405273,0,1756764,false,280.175161361694,0.0,0.0,0.012,0.0,1
display_only_control,14,19.056,3.58999991416931,0.0,9.353,0.049,0.0,0,106.950790405273,0,1756764,false,280.181329727173,0.0,0.0,0.012,0.0,1
display_only_control,15,14.291,3.6010000705719,0.0,9.353,0.049,0.0,0,106.950790405273,0,1756764,false,280.181325912476,0.0,0.0,0.013,0.0,1
display_only_control,16,16.504,3.69199991226196,0.0,9.353,0.049,0.0,0,106.950790405273,0,1756764,false,280.181329727173,0.0,0.0,0.007,0.0,1
display_only_control,17,16.815,3.69600009918213,0.0,9.353,0.049,0.0,0,106.950790405273,0,1756764,false,280.181329727173,0.0,0.0,0.012,0.0,1
display_only_control,18,16.667,3.69799995422363,0.0,9.353,0.049,0.0,0,106.950790405273,0,1756764,false,280.181329727173,0.0,0.0,0.012,0.0,1
display_only_control,19,16.668,3.68899989128113,0.0,9.353,0.049,0.0,0,106.950790405273,0,1756764,false,280.181741714478,0.0,0.0,0.011,0.0,1
display_only_control,20,16.643,3.70000004768372,0.0,9.353,0.049,0.0,0,106.950790405273,0,1756764,false,280.181741714478,0.0,0.0,0.011,0.0,1
display_only_control,21,19.081,3.69099998474121,0.0,9.353,0.049,0.0,0,106.950790405273,0,1756764,false,280.187910079956,0.0,0.0,0.007,0.0,1
display_only_control,22,14.818,3.69400000572205,0.0,9.353,0.049,0.0,0,106.950790405273,0,1756764,false,280.187978744507,0.0,0.0,0.011,0.0,1
display_only_control,23,15.965,3.69799995422363,0.0,9.353,0.049,0.0,0,106.950790405273,0,1756764,false,280.187910079956,0.0,0.0,0.006,0.0,1
display_only_control,24,16.8,3.6949999332428,0.0,9.353,0.049,0.0,0,106.950790405273,0,1756764,false,280.187898635864,0.0,0.0,0.01,0.0,1
display_only_control,25,16.697,3.70099997520447,0.0,9.353,0.049,0.0,0,106.950790405273,0,1756764,false,280.187910079956,0.0,0.0,0.012,0.0,1
display_only_control,26,16.682,3.69600009918213,0.0,9.353,0.049,0.0,0,106.950790405273,0,1756764,false,280.187910079956,0.0,0.0,0.012,0.0,1
display_only_control,27,16.617,3.70099997520447,0.0,9.353,0.049,0.0,0,106.950790405273,0,1756764,false,280.187910079956,0.0,0.0,0.01,0.0,1
display_only_control,28,18.947,3.8050000667572,0.0,9.353,0.049,0.0,0,106.950790405273,0,1756764,false,280.194715499878,0.0,0.0,0.01,0.0,1
display_only_control,29,14.405,3.81100010871887,0.0,9.353,0.049,0.0,0,106.950790405273,0,1756764,false,280.194719314575,0.0,0.0,0.012,0.0,1
display_only_control,30,16.686,3.81900000572205,0.0,9.353,0.049,0.0,0,106.950790405273,0,1756764,false,280.194719314575,0.0,0.0,0.012,0.0,1
display_only_control,31,16.642,3.80200004577637,0.0,9.353,0.049,0.0,0,106.950790405273,0,1756764,false,280.194719314575,0.0,0.0,0.012,0.0,1
display_only_control,32,16.739,3.80599999427795,0.0,9.353,0.049,0.0,0,106.950790405273,0,1756764,false,280.194719314575,0.0,0.0,0.013,0.0,1
display_only_control,33,16.453,3.80399990081787,0.0,9.353,0.049,0.0,0,106.950790405273,0,1756764,false,280.194719314575,0.0,0.0,0.007,0.0,1
display_only_control,34,16.808,3.80100011825562,0.0,9.353,0.049,0.0,0,106.950790405273,0,1756764,false,280.194719314575,0.0,0.0,0.012,0.0,1
display_only_control,35,19.244,3.80399990081787,0.0,9.353,0.049,0.0,0,106.950790405273,0,1756764,false,280.200887680054,0.0,0.0,0.008,0.0,1
display_only_control,36,13.951,3.79900002479553,0.0,9.353,0.049,0.0,0,106.950790405273,0,1756764,false,280.200887680054,0.0,0.0,0.008,0.0,1
display_only_control,37,16.656,3.79800009727478,0.0,9.353,0.049,0.0,0,106.950790405273,0,1756764,false,280.200887680054,0.0,0.0,0.007,0.0,1
display_only_control,38,17.288,3.82500004768372,0.0,9.353,0.049,0.0,0,106.950790405273,0,1756764,false,280.200956344604,0.0,0.0,0.012,0.0,1
display_only_control,39,16.188,3.80200004577637,0.0,9.353,0.049,0.0,0,106.950790405273,0,1756764,false,280.200887680054,0.0,0.0,0.012,0.0,1
display_only_control,40,16.67,3.79699993133545,0.0,9.353,0.049,0.0,0,106.950790405273,0,1756764,false,280.200883865356,0.0,0.0,0.012,0.0,1
display_only_control,41,16.524,3.81599998474121,0.0,9.353,0.049,0.0,0,106.950790405273,0,1756764,false,280.200887680054,0.0,0.0,0.007,0.0,1
display_only_control,42,19.251,3.80699992179871,0.0,9.353,0.049,0.0,0,106.950790405273,0,1756764,false,280.208017349243,0.0,0.0,0.011,0.0,1
display_only_control,43,14.228,3.80999994277954,0.0,9.353,0.049,0.0,0,106.950790405273,0,1756764,false,280.208017349243,0.0,0.0,0.012,0.0,1
display_only_control,44,16.682,3.81200003623962,0.0,9.353,0.049,0.0,0,106.950790405273,0,1756764,false,280.208017349243,0.0,0.0,0.011,0.0,1
display_only_control,45,16.55,3.80100011825562,0.0,9.353,0.049,0.0,0,106.950790405273,0,1756764,false,280.208013534546,0.0,0.0,0.008,0.0,1
display_only_control,46,16.656,3.80599999427795,0.0,9.353,0.049,0.0,0,106.950790405273,0,1756764,false,280.208017349243,0.0,0.0,0.007,0.0,1
display_only_control,47,16.794,3.82200002670288,0.0,9.353,0.049,0.0,0,106.950790405273,0,1756764,false,280.208017349243,0.0,0.0,0.012,0.0,1
display_only_control,48,16.64,3.80599999427795,0.0,9.353,0.049,0.0,0,106.950790405273,0,1756764,false,280.208013534546,0.0,0.0,0.012,0.0,1
display_only_control,49,19.158,3.8199999332428,0.0,9.353,0.049,0.0,0,106.950790405273,0,1756764,false,280.214181900024,0.0,0.0,0.011,0.0,1
display_only_control,50,14.023,3.92799997329712,0.0,9.353,0.049,0.0,0,106.950790405273,0,1756764,false,280.214185714722,0.0,0.0,0.007,0.0,1
display_only_control,51,16.746,3.92499995231628,0.0,9.353,0.049,0.0,0,106.950790405273,0,1756764,false,280.214185714722,0.0,0.0,0.009,0.0,1
display_only_control,52,16.662,3.93499994277954,0.0,9.353,0.049,0.0,0,106.950790405273,0,1756764,false,280.214185714722,0.0,0.0,0.008,0.0,1
display_only_control,53,16.975,3.97199988365173,0.0,9.353,0.049,0.0,0,106.950790405273,0,1756764,false,280.214185714722,0.0,0.0,0.014,0.0,1
display_only_control,54,16.739,3.93899989128113,0.0,9.353,0.049,0.0,0,106.950790405273,0,1756764,false,280.214254379272,0.0,0.0,0.01,0.0,1
display_only_control,55,16.353,3.93300008773804,0.0,9.353,0.049,0.0,0,106.950790405273,0,1756764,false,280.214185714722,0.0,0.0,0.011,0.0,1
display_only_control,56,19.689,3.93799996376038,0.0,9.353,0.049,0.0,0,106.950790405273,0,1756764,false,280.2203540802,0.0,0.0,0.012,0.0,1
display_only_control,57,14.084,3.92600011825562,0.0,9.353,0.049,0.0,0,106.950790405273,0,1756764,false,280.2203540802,0.0,0.0,0.033,0.0,1
display_only_control,58,16.152,3.92899990081787,0.0,9.353,0.049,0.0,0,106.950790405273,0,1756764,false,280.2203540802,0.0,0.0,0.009,0.0,1
display_only_control,59,16.662,3.92799997329712,0.0,9.353,0.049,0.0,0,106.950790405273,0,1756764,false,280.2203540802,0.0,0.0,0.009,0.0,1
display_only_control,60,16.603,3.93400001525879,0.0,9.353,0.049,0.0,0,106.950790405273,0,1756764,false,280.2203540802,0.0,0.0,0.006,0.0,1
display_only_control,61,16.668,3.92600011825562,0.0,9.353,0.049,0.0,0,106.950790405273,0,1756764,false,280.2203540802,0.0,0.0,0.007,0.0,1
display_only_control,62,16.729,3.95499992370605,0.0,9.353,0.049,0.0,0,106.950790405273,0,1756764,false,280.2203540802,0.0,0.0,0.015,0.0,1
display_only_control,63,18.15,3.94199991226196,0.0,9.353,0.049,0.0,0,106.950790405273,0,1756764,false,280.227937698364,0.0,0.0,0.007,0.0,1
display_only_control,64,15.158,3.93700003623962,0.0,9.353,0.049,0.0,0,106.950790405273,0,1756764,false,280.227941513062,0.0,0.0,0.009,0.0,1
display_only_control,65,16.727,3.92899990081787,0.0,9.353,0.049,0.0,0,106.950790405273,0,1756764,false,280.227941513062,0.0,0.0,0.01,0.0,1
display_only_control,66,16.729,3.93199992179871,0.0,9.353,0.049,0.0,0,106.950790405273,0,1756764,false,280.227941513062,0.0,0.0,0.012,0.0,1
display_only_control,67,16.674,3.93600010871887,0.0,9.353,0.049,0.0,0,106.950790405273,0,1756764,false,280.227941513062,0.0,0.0,0.011,0.0,1
display_only_control,68,16.627,3.9300000667572,0.0,9.353,0.049,0.0,0,106.950790405273,0,1756764,false,280.227937698364,0.0,0.0,0.011,0.0,1
display_only_control,69,16.787,3.93199992179871,0.0,9.353,0.049,0.0,0,106.950790405273,0,1756764,false,280.227941513062,0.0,0.0,0.006,0.0,1
display_only_control,70,19.357,3.92799997329712,0.0,9.353,0.049,0.0,0,106.950790405273,0,1756764,false,280.234178543091,0.0,0.0,0.012,0.0,1
display_only_control,71,13.867,3.92300009727478,0.0,9.353,0.049,0.0,0,106.950790405273,0,1756764,false,280.23410987854,0.0,0.0,0.011,0.0,1
display_only_control,72,16.664,3.93300008773804,0.0,9.353,0.049,0.0,0,106.950790405273,0,1756764,false,280.23410987854,0.0,0.0,0.012,0.0,1
display_only_control,73,16.663,3.93899989128113,0.0,9.353,0.049,0.0,0,106.950790405273,0,1756764,false,280.23410987854,0.0,0.0,0.011,0.0,1
display_only_control,74,16.551,5.17399978637695,0.0,9.353,0.049,0.0,0,106.950790405273,0,1756764,false,280.23410987854,0.0,0.0,0.007,0.0,1
display_only_control,75,16.802,4.05600023269653,0.0,9.353,0.049,0.0,0,106.950790405273,0,1756764,false,280.23410987854,0.0,0.0,0.012,0.0,1
display_only_control,76,16.517,4.05499982833862,0.0,9.353,0.049,0.0,0,106.950790405273,0,1756764,false,280.23410987854,0.0,0.0,0.007,0.0,1
display_only_control,77,18.519,4.07000017166138,0.0,9.353,0.049,0.0,0,106.950790405273,0,1756764,false,280.240278244019,0.0,0.0,0.012,0.0,1
display_only_control,78,14.821,4.05100011825562,0.0,9.353,0.049,0.0,0,106.950790405273,0,1756764,false,280.240278244019,0.0,0.0,0.007,0.0,1
display_only_control,79,16.792,4.06300020217896,0.0,9.353,0.049,0.0,0,106.950790405273,0,1756764,false,280.240278244019,0.0,0.0,0.012,0.0,1
display_only_control,80,16.52,4.05600023269653,0.0,9.353,0.049,0.0,0,106.950790405273,0,1756764,false,280.240274429321,0.0,0.0,0.007,0.0,1
display_only_control,81,16.669,4.0460000038147,0.0,9.353,0.049,0.0,0,106.950790405273,0,1756764,false,280.240274429321,0.0,0.0,0.007,0.0,1
display_only_control,82,16.658,4.06099987030029,0.0,9.353,0.049,0.0,0,106.950790405273,0,1756764,false,280.240278244019,0.0,0.0,0.008,0.0,1
display_only_control,83,16.735,4.05600023269653,0.0,9.353,0.049,0.0,0,106.950790405273,0,1756764,false,280.240278244019,0.0,0.0,0.007,0.0,1
display_only_control,84,17.983,4.05000019073486,0.0,9.353,0.049,0.0,0,106.950790405273,0,1756764,false,280.246446609497,0.0,0.0,0.008,0.0,1
display_only_control,85,15.295,4.04699993133545,0.0,9.353,0.049,0.0,0,106.950790405273,0,1756764,false,280.246446609497,0.0,0.0,0.006,0.0,1
display_only_control,86,17.267,4.06599998474121,0.0,9.353,0.049,0.0,0,106.950790405273,0,1756764,false,280.246515274048,0.0,0.0,0.011,0.0,1
display_only_control,87,16.217,4.05600023269653,0.0,9.353,0.049,0.0,0,106.950790405273,0,1756764,false,280.246446609497,0.0,0.0,0.012,0.0,1
display_only_control,88,16.524,4.06400012969971,0.0,9.353,0.049,0.0,0,106.950790405273,0,1756764,false,280.246446609497,0.0,0.0,0.007,0.0,1
display_only_control,89,16.746,4.05900001525879,0.0,9.353,0.049,0.0,0,106.950790405273,0,1756764,false,280.246446609497,0.0,0.0,0.014,0.0,1
display_only_control,90,16.748,4.05900001525879,0.0,9.353,0.049,0.0,0,106.950790405273,0,1756764,false,280.246446609497,0.0,0.0,0.013,0.0,1
display_only_control,91,18.179,4.04899978637695,0.0,9.353,0.049,0.0,0,106.950790405273,0,1756764,false,280.252614974976,0.0,0.0,0.007,0.0,1
display_only_control,92,15.109,4.05100011825562,0.0,9.353,0.049,0.0,0,106.950790405273,0,1756764,false,280.252614974976,0.0,0.0,0.025,0.0,1
display_only_control,93,16.663,4.06199979782104,0.0,9.353,0.049,0.0,0,106.950790405273,0,1756764,false,280.252614974976,0.0,0.0,0.011,0.0,1
display_only_control,94,16.552,4.05200004577637,0.0,9.353,0.049,0.0,0,106.950790405273,0,1756764,false,280.254766464233,0.0,0.0,0.007,0.0,1
display_only_control,95,16.782,4.06699991226196,0.0,9.353,0.049,0.0,0,106.950790405273,0,1756764,false,280.254766464233,0.0,0.0,0.011,0.0,1
display_only_control,96,16.528,4.05600023269653,0.0,9.353,0.049,0.0,0,106.950790405273,0,1756764,false,280.254766464233,0.0,0.0,0.007,0.0,1
display_only_control,97,16.835,4.05100011825562,0.0,9.353,0.049,0.0,0,106.950790405273,0,1756764,false,280.254766464233,0.0,0.0,0.013,0.0,1
display_only_control,98,18.905,6.40100002288818,0.0,9.353,0.049,0.0,0,106.950790405273,0,1756764,false,280.260934829712,0.0,0.0,0.021,0.0,1
display_only_control,99,14.554,6.54199981689453,0.0,9.353,0.049,0.0,0,106.950790405273,0,1756764,false,280.260934829712,0.0,0.0,0.012,0.0,1
display_only_control,100,16.525,6.55800008773804,0.0,9.353,0.049,0.0,0,106.950790405273,0,1756764,false,280.260938644409,0.0,0.0,0.012,0.0,1
display_only_control,101,16.693,6.66300010681152,0.0,9.353,0.049,0.0,0,106.950790405273,0,1756764,false,280.260938644409,0.0,0.0,0.013,0.0,1
display_only_control,102,17.123,6.625,0.0,9.353,0.049,0.0,0,106.950790405273,0,1756764,false,280.26096534729,0.0,0.0,0.012,0.0,1
display_only_control,103,16.18,6.5939998626709,0.0,9.353,0.049,0.0,0,106.950790405273,0,1756764,false,280.260931015015,0.0,0.0,0.012,0.0,1
display_only_control,104,16.67,6.55399990081787,0.0,9.353,0.049,0.0,0,106.950790405273,0,1756764,false,280.260934829712,0.0,0.0,0.012,0.0,1
display_only_control,105,19.138,6.5,0.0,9.353,0.049,0.0,0,106.950790405273,0,1756764,false,280.267057418823,0.0,0.0,0.011,0.0,1
display_only_control,106,14.368,6.66400003433228,0.0,9.353,0.049,0.0,0,106.950790405273,0,1756764,false,280.267107009888,0.0,0.0,0.013,0.0,1
display_only_control,107,16.476,6.56199979782104,0.0,9.353,0.049,0.0,0,106.950790405273,0,1756764,false,280.267107009888,0.0,0.0,0.011,0.0,1
display_only_control,108,16.858,6.58900022506714,0.0,9.353,0.049,0.0,0,106.950790405273,0,1756764,false,280.267107009888,0.0,0.0,0.012,0.0,1
display_only_control,109,16.373,6.5770001411438,0.0,9.353,0.049,0.0,0,106.950790405273,0,1756764,false,280.26710319519,0.0,0.0,0.008,0.0,1
display_only_control,110,16.77,6.41800022125244,0.0,9.353,0.049,0.0,0,106.950790405273,0,1756764,false,280.26710319519,0.0,0.0,0.012,0.0,1
display_only_control,111,16.657,6.04099988937378,0.0,9.353,0.049,0.0,0,106.950790405273,0,1756764,false,280.267107009888,0.0,0.0,0.011,0.0,1
display_only_control,112,19.495,6.10900020599365,0.0,9.353,0.049,0.0,0,106.950790405273,0,1756764,false,280.273275375366,0.0,0.0,0.007,0.0,1
display_only_control,113,13.998,7.35900020599365,0.0,9.353,0.049,0.0,0,106.950790405273,0,1756764,false,280.273275375366,0.0,0.0,0.012,0.0,1
display_only_control,114,16.539,6.09999990463257,0.0,9.353,0.049,0.0,0,106.950790405273,0,1756764,false,280.273275375366,0.0,0.0,0.012,0.0,1
display_only_control,115,16.704,5.97499990463257,0.0,9.353,0.049,0.0,0,106.950790405273,0,1756764,false,280.273275375366,0.0,0.0,0.007,0.0,1
display_only_control,116,16.593,5.88600015640259,0.0,9.353,0.049,0.0,0,106.950790405273,0,1756764,false,280.273275375366,0.0,0.0,0.011,0.0,1
display_only_control,117,16.528,6.02899980545044,0.0,9.353,0.049,0.0,0,106.950790405273,0,1756764,false,280.273275375366,0.0,0.0,0.007,0.0,1
display_only_control,118,17.254,5.76200008392334,0.0,9.353,0.049,0.0,0,106.950790405273,0,1756764,false,280.273344039917,0.0,0.0,0.011,0.0,1
display_only_control,119,18.212,5.77699995040894,0.0,9.353,0.049,0.0,0,106.950790405273,0,1756764,false,280.279443740845,0.0,0.0,0.011,0.0,1
display_only_control,120,14.611,6.0,0.0,9.353,0.049,0.0,0,106.950790405273,0,1756764,false,280.27939414978,0.0,0.0,0.011,0.0,1
display_only_control,121,16.712,6.03999996185303,0.0,9.353,0.049,0.0,0,106.950790405273,0,1756764,false,280.279443740845,0.0,0.0,0.01,0.0,1
display_only_control,122,16.559,6.49300003051758,0.0,9.353,0.049,0.0,0,106.950790405273,0,1756764,false,280.279443740845,0.0,0.0,0.007,0.0,1
display_only_control,123,16.78,5.63100004196167,0.0,9.353,0.049,0.0,0,106.950790405273,0,1756764,false,280.279439926147,0.0,0.0,0.01,0.0,1
display_only_control,124,16.586,6.68300008773804,0.0,9.353,0.049,0.0,0,106.950790405273,0,1756764,false,280.279443740845,0.0,0.0,0.008,0.0,1
display_only_control,125,16.66,5.66400003433228,0.0,9.353,0.049,0.0,0,106.950790405273,0,1756764,false,280.279439926147,0.0,0.0,0.008,0.0,1
display_only_control,126,18.02,5.56699991226196,0.0,9.353,0.049,0.0,0,106.950790405273,0,1756764,false,280.285608291626,0.0,0.0,0.007,0.0,1
display_only_control,127,15.36,5.44999980926514,0.0,9.353,0.049,0.0,0,106.950790405273,0,1756764,false,280.285608291626,0.0,0.0,0.008,0.0,1
display_only_control,128,16.692,5.59800004959106,0.0,9.353,0.049,0.0,0,106.950790405273,0,1756764,false,280.285612106323,0.0,0.0,0.011,0.0,1
display_only_control,129,17.065,5.56500005722046,0.0,9.353,0.049,0.0,0,106.950790405273,0,1756764,false,280.285612106323,0.0,0.0,0.012,0.0,1
display_only_control,130,16.261,6.7039999961853,0.0,9.353,0.049,0.0,0,106.950790405273,0,1756764,false,280.285608291626,0.0,0.0,0.009,0.0,1
display_only_control,131,16.602,5.60799980163574,0.0,9.353,0.049,0.0,0,106.950790405273,0,1756764,false,280.285612106323,0.0,0.0,0.007,0.0,1
display_only_control,132,16.615,5.60300016403198,0.0,9.353,0.049,0.0,0,106.950790405273,0,1756764,false,280.285612106323,0.0,0.0,0.007,0.0,1
display_only_control,133,18.221,5.61100006103516,0.0,9.353,0.049,0.0,0,106.950790405273,0,1756764,false,280.291780471802,0.0,0.0,0.006,0.0,1
display_only_control,134,15.74,5.47800016403198,0.0,9.353,0.049,0.0,0,106.950790405273,0,1756764,false,280.291845321655,0.0,0.0,0.012,0.0,1
display_only_control,135,16.121,5.53800010681152,0.0,9.353,0.049,0.0,0,106.950790405273,0,1756764,false,280.291780471802,0.0,0.0,0.009,0.0,1
display_only_control,136,16.703,5.56400012969971,0.0,9.353,0.049,0.0,0,106.950790405273,0,1756764,false,280.291780471802,0.0,0.0,0.01,0.0,1
display_only_control,137,16.723,5.36600017547607,0.0,9.353,0.049,0.0,0,106.950790405273,0,1756764,false,280.291780471802,0.0,0.0,0.013,0.0,1
display_only_control,138,16.668,5.53800010681152,0.0,9.353,0.049,0.0,0,106.950790405273,0,1756764,false,280.291780471802,0.0,0.0,0.013,0.0,1
display_only_control,139,16.624,5.43699979782104,0.0,9.353,0.049,0.0,0,106.950790405273,0,1756764,false,280.291780471802,0.0,0.0,0.012,0.0,1
display_only_control,140,18.281,5.40399980545044,0.0,9.353,0.049,0.0,0,106.950790405273,0,1756764,false,280.29794883728,0.0,0.0,0.007,0.0,1
display_only_control,141,15.095,5.44700002670288,0.0,9.353,0.049,0.0,0,106.950790405273,0,1756764,false,280.301153182983,0.0,0.0,0.012,0.0,1
display_only_control,142,16.639,5.5479998588562,0.0,9.353,0.049,0.0,0,106.950790405273,0,1756764,false,280.301149368286,0.0,0.0,0.011,0.0,1
display_only_control,143,16.527,5.46400022506714,0.0,9.353,0.049,0.0,0,106.950790405273,0,1756764,false,280.301153182983,0.0,0.0,0.007,0.0,1
display_only_control,144,16.803,5.53399991989136,0.0,9.353,0.049,0.0,0,106.950790405273,0,1756764,false,280.301153182983,0.0,0.0,0.012,0.0,1
display_only_control,145,16.519,5.41699981689453,0.0,9.353,0.049,0.0,0,106.950790405273,0,1756764,false,280.301153182983,0.0,0.0,0.006,0.0,1
display_only_control,146,16.836,5.40700006484985,0.0,9.353,0.049,0.0,0,106.950790405273,0,1756764,false,280.301153182983,0.0,0.0,0.01,0.0,1
display_only_control,147,18.144,5.48699998855591,0.0,9.353,0.049,0.0,0,106.950790405273,0,1756764,false,280.307321548462,0.0,0.0,0.011,0.0,1
display_only_control,148,15.13,5.39499998092651,0.0,9.353,0.049,0.0,0,106.950790405273,0,1756764,false,280.307317733765,0.0,0.0,0.012,0.0,1
display_only_control,149,16.72,5.51900005340576,0.0,9.353,0.049,0.0,0,106.950790405273,0,1756764,false,280.307317733765,0.0,0.0,0.012,0.0,1
display_only_control,150,16.961,5.43400001525879,0.0,9.353,0.049,0.0,0,106.950790405273,0,1756764,false,280.307390213013,0.0,0.0,0.011,0.0,1
display_only_control,151,16.404,5.26900005340576,0.0,9.353,0.049,0.0,0,106.950790405273,0,1756764,false,280.307321548462,0.0,0.0,0.036,0.0,1
display_only_control,152,16.623,5.48000001907349,0.0,9.353,0.049,0.0,0,106.950790405273,0,1756764,false,280.307321548462,0.0,0.0,0.012,0.0,1
display_only_control,153,16.632,5.48699998855591,0.0,9.353,0.049,0.0,0,106.950790405273,0,1756764,false,280.307321548462,0.0,0.0,0.011,0.0,1
display_only_control,154,18.324,5.50400018692017,0.0,9.353,0.049,0.0,0,106.950790405273,0,1756764,false,280.31348991394,0.0,0.0,0.013,0.0,1
display_only_control,155,15.164,5.5479998588562,0.0,9.353,0.049,0.0,0,106.950790405273,0,1756764,false,280.313486099243,0.0,0.0,0.016,0.0,1
display_only_control,156,16.619,5.44799995422363,0.0,9.353,0.049,0.0,0,106.950790405273,0,1756764,false,280.31348991394,0.0,0.0,0.012,0.0,1
display_only_control,157,16.585,5.42700004577637,0.0,9.353,0.049,0.0,0,106.950790405273,0,1756764,false,280.31348991394,0.0,0.0,0.011,0.0,1
display_only_control,158,16.667,5.35900020599365,0.0,9.353,0.049,0.0,0,106.950790405273,0,1756764,false,280.31348991394,0.0,0.0,0.013,0.0,1
display_only_control,159,16.691,5.51399993896484,0.0,9.353,0.049,0.0,0,106.950790405273,0,1756764,false,280.31348991394,0.0,0.0,0.012,0.0,1
display_only_control,160,16.517,5.40999984741211,0.0,9.353,0.049,0.0,0,106.950790405273,0,1756764,false,280.31348991394,0.0,0.0,0.007,0.0,1
display_only_control,161,19.811,5.5019998550415,0.0,9.353,0.049,0.0,0,106.950790405273,0,1756764,false,280.319654464722,0.0,0.0,0.013,0.0,1
display_only_control,162,13.737,5.52199983596802,0.0,9.353,0.049,0.0,0,106.950790405273,0,1756764,false,280.319658279419,0.0,0.0,0.014,0.0,1
display_only_control,163,16.596,5.38399982452393,0.0,9.353,0.049,0.0,0,106.950790405273,0,1756764,false,280.319658279419,0.0,0.0,0.013,0.0,1
display_only_control,164,16.49,5.36999988555908,0.0,9.353,0.049,0.0,0,106.950790405273,0,1756764,false,280.319654464722,0.0,0.0,0.007,0.0,1
display_only_control,165,16.743,5.47900009155273,0.0,9.353,0.049,0.0,0,106.950790405273,0,1756764,false,280.319658279419,0.0,0.0,0.009,0.0,1
display_only_control,166,17.157,7.25400018692017,0.0,9.353,0.049,0.0,0,106.950790405273,0,1756764,false,280.31972694397,0.0,0.0,0.011,0.0,1
display_only_control,167,16.346,5.51900005340576,0.0,9.353,0.049,0.0,0,106.950790405273,0,1756764,false,280.319658279419,0.0,0.0,0.011,0.0,1
display_only_control,168,17.896,5.45900011062622,0.0,9.353,0.049,0.0,0,106.950790405273,0,1756764,false,280.325826644897,0.0,0.0,0.008,0.0,1
display_only_control,169,15.219,5.5149998664856,0.0,9.353,0.049,0.0,0,106.950790405273,0,1756764,false,280.3258228302,0.0,0.0,0.009,0.0,1
display_only_control,170,16.717,5.42899990081787,0.0,9.353,0.049,0.0,0,106.950790405273,0,1756764,false,280.325826644897,0.0,0.0,0.011,0.0,1
display_only_control,171,17.106,5.43300008773804,0.0,9.353,0.049,0.0,0,106.950790405273,0,1756764,false,280.325826644897,0.0,0.0,0.012,0.0,1
display_only_control,172,16.306,5.40100002288818,0.0,9.353,0.049,0.0,0,106.950790405273,0,1756764,false,280.325826644897,0.0,0.0,0.012,0.0,1
display_only_control,173,16.567,5.36899995803833,0.0,9.353,0.049,0.0,0,106.950790405273,0,1756764,false,280.325826644897,0.0,0.0,0.007,0.0,1
display_only_control,174,16.758,5.41300010681152,0.0,9.353,0.049,0.0,0,106.950790405273,0,1756764,false,280.325826644897,0.0,0.0,0.012,0.0,1
display_only_control,175,17.921,6.49399995803833,0.0,9.353,0.049,0.0,0,106.950790405273,0,1756764,false,280.331995010376,0.0,0.0,0.007,0.0,1
display_only_control,176,15.384,5.06400012969971,0.0,9.353,0.049,0.0,0,106.950790405273,0,1756764,false,280.331995010376,0.0,0.0,0.012,0.0,1
display_only_control,177,16.603,5.42899990081787,0.0,9.353,0.049,0.0,0,106.950790405273,0,1756764,false,280.331995010376,0.0,0.0,0.007,0.0,1
display_only_control,178,16.753,5.00600004196167,0.0,9.353,0.049,0.0,0,106.950790405273,0,1756764,false,280.331995010376,0.0,0.0,0.012,0.0,1
display_only_control,179,16.678,5.10699987411499,0.0,9.353,0.049,0.0,0,106.950790405273,0,1756764,false,280.331995010376,0.0,0.0,0.011,0.0,1
display_only_control,180,16.676,5.43200016021729,0.0,9.353,0.049,0.0,0,106.950790405273,0,1756764,false,280.331995010376,0.0,0.0,0.011,0.0,1
display_only_control,181,16.532,5.32200002670288,0.0,9.353,0.049,0.0,0,106.950790405273,0,1756764,false,280.331995010376,0.0,0.0,0.007,0.0,1
display_only_control,182,19.15,5.21199989318848,0.0,9.353,0.049,0.0,0,106.950790405273,0,1756764,false,280.338228225708,0.0,0.0,0.01,0.0,1
display_only_control,183,14.279,5.4210000038147,0.0,9.353,0.049,0.0,0,106.950790405273,0,1756764,false,280.338159561157,0.0,0.0,0.011,0.0,1
display_only_control,184,16.672,5.18900012969971,0.0,9.353,0.049,0.0,0,106.950790405273,0,1756764,false,280.338163375854,0.0,0.0,0.011,0.0,1
display_only_control,185,16.547,5.37799978256226,0.0,9.353,0.049,0.0,0,106.950790405273,0,1756764,false,280.338163375854,0.0,0.0,0.008,0.0,1
display_only_control,186,16.667,5.27099990844727,0.0,9.353,0.049,0.0,0,106.950790405273,0,1756764,false,280.338163375854,0.0,0.0,0.007,0.0,1
display_only_control,187,16.681,5.29899978637695,0.0,9.353,0.049,0.0,0,106.950790405273,0,1756764,false,280.338163375854,0.0,0.0,0.007,0.0,1
display_only_control,188,16.649,5.2039999961853,0.0,9.353,0.049,0.0,0,106.950790405273,0,1756764,false,280.338159561157,0.0,0.0,0.007,0.0,1
display_only_control,189,19.512,5.40100002288818,0.0,9.353,0.049,0.0,0,106.950790405273,0,1756764,false,280.344331741333,0.0,0.0,0.01,0.0,1
display_only_control,190,13.94,6.29400014877319,0.0,9.353,0.049,0.0,0,106.950790405273,0,1756764,false,280.344327926636,0.0,0.0,0.012,0.0,1
display_only_control,191,16.668,5.32600021362305,0.0,9.353,0.049,0.0,0,106.950790405273,0,1756764,false,280.344331741333,0.0,0.0,0.011,0.0,1
display_only_control,192,16.688,5.29199981689453,0.0,9.353,0.049,0.0,0,106.950790405273,0,1756764,false,280.344331741333,0.0,0.0,0.012,0.0,1
display_only_control,193,16.649,5.35900020599365,0.0,9.353,0.049,0.0,0,106.950790405273,0,1756764,false,280.344331741333,0.0,0.0,0.012,0.0,1
display_only_control,194,16.507,5.25,0.0,9.353,0.049,0.0,0,106.950790405273,0,1756764,false,280.344285964966,0.0,0.0,0.007,0.0,1
display_only_control,195,16.669,5.32999992370605,0.0,9.353,0.049,0.0,0,106.950790405273,0,1756764,false,280.344331741333,0.0,0.0,0.007,0.0,1
display_only_control,196,18.011,5.34700012207031,0.0,9.353,0.049,0.0,0,106.950790405273,0,1756764,false,280.350500106812,0.0,0.0,0.007,0.0,1
display_only_control,197,15.433,5.34200000762939,0.0,9.353,0.049,0.0,0,106.950790405273,0,1756764,false,280.350500106812,0.0,0.0,0.011,0.0,1
display_only_control,198,17.169,5.38500022888184,0.0,9.353,0.049,0.0,0,106.950790405273,0,1756764,false,280.350568771362,0.0,0.0,0.012,0.0,1
display_only_control,199,16.153,5.36899995803833,0.0,9.353,0.049,0.0,0,106.950790405273,0,1756764,false,280.350500106812,0.0,0.0,0.014,0.0,1
display_only_control,200,16.585,5.23899984359741,0.0,9.353,0.049,0.0,0,106.950790405273,0,1756764,false,280.350500106812,0.0,0.0,0.013,0.0,1
display_only_control,201,17.611,5.32600021362305,0.0,9.353,0.049,0.0,0,106.950790405273,0,1756764,false,280.350500106812,0.0,0.0,0.007,0.0,1
display_only_control,202,15.854,5.33199977874756,0.0,9.353,0.049,0.0,0,106.950790405273,0,1756764,false,280.350500106812,0.0,0.0,0.012,0.0,1
display_only_control,203,19.158,5.35500001907349,0.0,9.353,0.049,0.0,0,106.950790405273,0,1756764,false,280.35666847229,0.0,0.0,0.01,0.0,1
display_only_control,204,14.179,6.08500003814697,0.0,9.353,0.049,0.0,0,106.950790405273,0,1756764,false,280.35666847229,0.0,0.0,0.012,0.0,1
display_only_control,205,16.523,5.39499998092651,0.0,9.353,0.049,0.0,0,106.950790405273,0,1756764,false,280.35666847229,0.0,0.0,0.007,0.0,1
display_only_control,206,16.731,6.39300012588501,0.0,9.353,0.049,0.0,0,106.950790405273,0,1756764,false,280.35666847229,0.0,0.0,0.007,0.0,1
display_only_control,207,16.615,5.36499977111816,0.0,9.353,0.049,0.0,0,106.950790405273,0,1756764,false,280.35666847229,0.0,0.0,0.007,0.0,1
display_only_control,208,16.8,5.20499992370605,0.0,9.353,0.049,0.0,0,106.950790405273,0,1756764,false,280.356660842896,0.0,0.0,0.007,0.0,1
display_only_control,209,16.561,5.29099988937378,0.0,9.353,0.049,0.0,0,106.950790405273,0,1756764,false,280.35666847229,0.0,0.0,0.008,0.0,1
display_only_control,210,19.43,6.23299980163574,0.0,9.353,0.049,0.0,0,106.950790405273,0,1756764,false,280.362833023071,0.0,0.0,0.013,0.0,1
display_only_control,211,13.939,5.26000022888184,0.0,9.353,0.049,0.0,0,106.950790405273,0,1756764,false,280.367643356323,0.0,0.0,0.016,0.0,1
display_only_control,212,16.72,5.23799991607666,0.0,9.353,0.049,0.0,0,106.950790405273,0,1756764,false,280.367639541626,0.0,0.0,0.011,0.0,1
display_only_control,213,16.53,5.39099979400635,0.0,9.353,0.049,0.0,0,106.950790405273,0,1756764,false,280.367639541626,0.0,0.0,0.007,0.0,1
display_only_control,214,17.218,5.42500019073486,0.0,9.353,0.049,0.0,0,106.950790405273,0,1756764,false,280.367712020874,0.0,0.0,0.011,0.0,1
display_only_control,215,16.287,5.37900018692017,0.0,9.353,0.049,0.0,0,106.950790405273,0,1756764,false,280.367643356323,0.0,0.0,0.012,0.0,1
display_only_control,216,16.661,5.30999994277954,0.0,9.353,0.049,0.0,0,106.950790405273,0,1756764,false,280.367643356323,0.0,0.0,0.013,0.0,1
display_only_control,217,18.245,5.3289999961853,0.0,9.353,0.049,0.0,0,106.950790405273,0,1756764,false,280.373807907104,0.0,0.0,0.011,0.0,1
display_only_control,218,14.939,5.22599983215332,0.0,9.353,0.049,0.0,0,106.950790405273,0,1756764,false,280.373811721802,0.0,0.0,0.006,0.0,1
display_only_control,219,16.784,5.41699981689453,0.0,9.353,0.049,0.0,0,106.950790405273,0,1756764,false,280.373811721802,0.0,0.0,0.012,0.0,1
display_only_control,220,17.099,6.19700002670288,0.0,9.353,0.049,0.0,0,106.950790405273,0,1756764,false,280.373811721802,0.0,0.0,0.009,0.0,1
display_only_control,221,16.092,5.40000009536743,0.0,9.353,0.049,0.0,0,106.950790405273,0,1756764,false,280.373811721802,0.0,0.0,0.007,0.0,1
display_only_control,222,16.813,5.0149998664856,0.0,9.353,0.049,0.0,0,106.950790405273,0,1756764,false,280.373807907104,0.0,0.0,0.012,0.0,1
display_only_control,223,16.512,5.33900022506714,0.0,9.353,0.049,0.0,0,106.950790405273,0,1756764,false,280.373811721802,0.0,0.0,0.006,0.0,1
display_only_control,224,18.282,5.03700017929077,0.0,9.353,0.049,0.0,0,106.950790405273,0,1756764,false,280.37998008728,0.0,0.0,0.007,0.0,1
display_only_control,225,15.344,5.29899978637695,0.0,9.353,0.049,0.0,0,106.950790405273,0,1756764,false,280.37998008728,0.0,0.0,0.008,0.0,1
display_only_control,226,16.526,6.2480001449585,0.0,9.353,0.049,0.0,0,106.950790405273,0,1756764,false,280.379976272583,0.0,0.0,0.011,0.0,1
display_only_control,227,16.786,5.24900007247925,0.0,9.353,0.049,0.0,0,106.950790405273,0,1756764,false,280.37998008728,0.0,0.0,0.014,0.0,1
display_only_control,228,16.574,5.34999990463257,0.0,9.353,0.049,0.0,0,106.950790405273,0,1756764,false,280.37998008728,0.0,0.0,0.012,0.0,1
display_only_control,229,16.661,5.28499984741211,0.0,9.353,0.049,0.0,0,106.950790405273,0,1756764,false,280.37998008728,0.0,0.0,0.013,0.0,1
display_only_control,230,17.139,5.12099981307983,0.0,9.353,0.049,0.0,0,106.950790405273,0,1756764,false,280.380048751831,0.0,0.0,0.011,0.0,1
display_only_control,231,18.497,5.33099985122681,0.0,9.353,0.049,0.0,0,106.950790405273,0,1756764,false,280.386148452759,0.0,0.0,0.01,0.0,1
display_only_control,232,14.358,7.04699993133545,0.0,9.353,0.049,0.0,0,106.950790405273,0,1756764,false,280.386148452759,0.0,0.0,0.012,0.0,1
display_only_control,233,16.666,5.40899991989136,0.0,9.353,0.049,0.0,0,106.950790405273,0,1756764,false,280.386148452759,0.0,0.0,0.012,0.0,1
display_only_control,234,16.656,6.28700017929077,0.0,9.353,0.049,0.0,0,106.950790405273,0,1756764,false,280.386148452759,0.0,0.0,0.011,0.0,1
display_only_control,235,16.569,6.1230001449585,0.0,9.353,0.049,0.0,0,106.950790405273,0,1756764,false,280.386144638062,0.0,0.0,0.009,0.0,1
display_only_control,236,16.688,5.01700019836426,0.0,9.353,0.049,0.0,0,106.950790405273,0,1756764,false,280.386148452759,0.0,0.0,0.008,0.0,1
display_only_control,237,16.757,5.39200019836426,0.0,9.353,0.049,0.0,0,106.950790405273,0,1756764,false,280.386148452759,0.0,0.0,0.013,0.0,1
display_only_control,238,18.442,6.07200002670288,0.0,9.353,0.049,0.0,0,106.950790405273,0,1756764,false,280.392316818237,0.0,0.0,0.01,0.0,1
display_only_control,239,15.002,5.24700021743774,0.0,9.353,0.049,0.0,0,106.950790405273,0,1756764,false,280.392316818237,0.0,0.0,0.013,0.0,1
display_only_control,240,16.387,5.11399984359741,0.0,9.353,0.049,0.0,0,106.950790405273,0,1756764,false,280.392316818237,0.0,0.0,0.007,0.0,1
display_only_control,241,16.66,4.78200006484985,0.0,9.353,0.049,0.0,0,106.950790405273,0,1756764,false,280.39231300354,0.0,0.0,0.007,0.0,1
display_only_control,242,16.674,5.35400009155273,0.0,9.353,0.049,0.0,0,106.950790405273,0,1756764,false,280.392316818237,0.0,0.0,0.007,0.0,1
display_only_control,243,17.603,5.15700006484985,0.0,9.353,0.049,0.0,0,106.950790405273,0,1756764,false,280.392316818237,0.0,0.0,0.007,0.0,1
display_only_control,244,15.713,5.22499990463257,0.0,9.353,0.049,0.0,0,106.950790405273,0,1756764,false,280.392316818237,0.0,0.0,0.007,0.0,1
display_only_control,245,19.164,5.44199991226196,0.0,9.353,0.049,0.0,0,106.950790405273,0,1756764,false,280.398485183716,0.0,0.0,0.011,0.0,1
display_only_control,246,14.822,5.59499979019165,0.0,9.353,0.049,0.0,0,106.950790405273,0,1756764,false,280.398553848267,0.0,0.0,0.012,0.0,1
display_only_control,247,16.026,5.14799976348877,0.0,9.353,0.049,0.0,0,106.950790405273,0,1756764,false,280.398485183716,0.0,0.0,0.007,0.0,1
display_only_control,248,16.66,5.28599977493286,0.0,9.353,0.049,0.0,0,106.950790405273,0,1756764,false,280.398481369019,0.0,0.0,0.008,0.0,1
display_only_control,249,17.104,5.33300018310547,0.0,9.353,0.049,0.0,0,106.950790405273,0,1756764,false,280.398485183716,0.0,0.0,0.011,0.0,1
display_only_control,250,16.234,5.14300012588501,0.0,9.353,0.049,0.0,0,106.950790405273,0,1756764,false,280.398485183716,0.0,0.0,0.006,0.0,1
display_only_control,251,16.649,5.33799982070923,0.0,9.353,0.049,0.0,0,106.950790405273,0,1756764,false,280.398485183716,0.0,0.0,0.007,0.0,1
display_only_control,252,19.575,5.1710000038147,0.0,9.353,0.049,0.0,0,106.950790405273,0,1756764,false,280.404649734497,0.0,0.0,0.012,0.0,1
display_only_control,253,13.913,5.20800018310547,0.0,9.353,0.049,0.0,0,106.950790405273,0,1756764,false,280.404653549194,0.0,0.0,0.012,0.0,1
display_only_control,254,16.68,5.18699979782104,0.0,9.353,0.049,0.0,0,106.950790405273,0,1756764,false,280.404649734497,0.0,0.0,0.013,0.0,1
display_only_control,255,16.703,5.32100009918213,0.0,9.353,0.049,0.0,0,106.950790405273,0,1756764,false,280.404653549194,0.0,0.0,0.013,0.0,1
display_only_control,256,18.006,6.16599988937378,0.0,9.353,0.049,0.0,0,106.950790405273,0,1756764,false,280.404653549194,0.0,0.0,0.013,0.0,1
display_only_control,257,17.488,5.18400001525879,0.0,9.353,0.049,0.0,0,106.950790405273,0,1756764,false,280.404653549194,0.0,0.0,0.013,0.0,1
display_only_control,258,14.318,5.10699987411499,0.0,9.353,0.049,0.0,0,106.950790405273,0,1756764,false,280.404653549194,0.0,0.0,0.006,0.0,1
display_only_control,259,19.42,5.21000003814697,0.0,9.353,0.049,0.0,0,106.950790405273,0,1756764,false,280.410818099976,0.0,0.0,0.012,0.0,1
display_only_control,260,14.635,5.22399997711182,0.0,9.353,0.049,0.0,0,106.950790405273,0,1756764,false,280.410821914673,0.0,0.0,0.013,0.0,1
display_only_control,261,16.119,5.32800006866455,0.0,9.353,0.049,0.0,0,106.950790405273,0,1756764,false,280.410821914673,0.0,0.0,0.013,0.0,1
display_only_control,262,16.748,5.32299995422363,0.0,9.353,0.049,0.0,0,106.950790405273,0,1756764,false,280.410890579224,0.0,0.0,0.006,0.0,1
display_only_control,263,16.404,5.28000020980835,0.0,9.353,0.049,0.0,0,106.950790405273,0,1756764,false,280.410821914673,0.0,0.0,0.007,0.0,1
display_only_control,264,16.715,5.30999994277954,0.0,9.353,0.049,0.0,0,106.950790405273,0,1756764,false,280.410821914673,0.0,0.0,0.008,0.0,1
display_only_control,265,16.783,5.23799991607666,0.0,9.353,0.049,0.0,0,106.950790405273,0,1756764,false,280.410821914673,0.0,0.0,0.012,0.0,1
display_only_control,266,19.409,5.07999992370605,0.0,9.353,0.049,0.0,0,106.950790405273,0,1756764,false,280.416990280151,0.0,0.0,0.012,0.0,1
display_only_control,267,13.902,5.23799991607666,0.0,9.353,0.049,0.0,0,106.950790405273,0,1756764,false,280.416990280151,0.0,0.0,0.013,0.0,1
display_only_control,268,16.662,5.13199996948242,0.0,9.353,0.049,0.0,0,106.950790405273,0,1756764,false,280.416990280151,0.0,0.0,0.012,0.0,1
display_only_control,269,16.718,5.20100021362305,0.0,9.353,0.049,0.0,0,106.950790405273,0,1756764,false,280.416990280151,0.0,0.0,0.012,0.0,1
display_only_control,270,16.794,5.23999977111816,0.0,9.353,0.049,0.0,0,106.950790405273,0,1756764,false,280.416990280151,0.0,0.0,0.013,0.0,1
display_only_control,271,16.515,5.06500005722046,0.0,9.353,0.049,0.0,0,106.950790405273,0,1756764,false,280.416990280151,0.0,0.0,0.013,0.0,1
display_only_control,272,16.66,5.21099996566772,0.0,9.353,0.049,0.0,0,106.950790405273,0,1756764,false,280.416986465454,0.0,0.0,0.013,0.0,1
display_only_control,273,19.269,5.32299995422363,0.0,9.353,0.049,0.0,0,106.950790405273,0,1756764,false,280.42315864563,0.0,0.0,0.011,0.0,1
display_only_control,274,15.213,5.2480001449585,0.0,9.353,0.049,0.0,0,106.950790405273,0,1756764,false,280.423154830933,0.0,0.0,0.011,0.0,1
display_only_control,275,17.686,5.32200002670288,0.0,9.353,0.049,0.0,0,106.950790405273,0,1756764,false,280.42315864563,0.0,0.0,0.011,0.0,1
display_only_control,276,14.49,5.16200017929077,0.0,9.353,0.049,0.0,0,106.950790405273,0,1756764,false,280.423154830933,0.0,0.0,0.012,0.0,1
display_only_control,277,16.608,5.30100011825562,0.0,9.353,0.049,0.0,0,106.950790405273,0,1756764,false,280.42315864563,0.0,0.0,0.01,0.0,1
display_only_control,278,16.934,5.10799980163574,0.0,9.353,0.049,0.0,0,106.950790405273,0,1756764,false,280.423227310181,0.0,0.0,0.008,0.0,1
display_only_control,279,17.015,5.29899978637695,0.0,9.353,0.049,0.0,0,106.950790405273,0,1756764,false,280.42315864563,0.0,0.0,0.011,0.0,1
display_only_control,280,18.77,5.32800006866455,0.0,9.353,0.049,0.0,0,106.950790405273,0,1756764,false,280.429323196411,0.0,0.0,0.01,0.0,1
display_only_control,281,13.967,5.32600021362305,0.0,9.353,0.049,0.0,0,106.950790405273,0,1756764,false,280.429327011108,0.0,0.0,0.011,0.0,1
display_only_control,282,16.683,5.27199983596802,0.0,9.353,0.049,0.0,0,106.950790405273,0,1756764,false,280.429327011108,0.0,0.0,0.012,0.0,1
display_only_control,283,16.681,5.28000020980835,0.0,9.353,0.049,0.0,0,106.950790405273,0,1756764,false,280.429327011108,0.0,0.0,0.012,0.0,1
display_only_control,284,16.654,5.09800004959106,0.0,9.353,0.049,0.0,0,106.950790405273,0,1756764,false,280.429327011108,0.0,0.0,0.011,0.0,1
display_only_control,285,16.67,5.25799989700317,0.0,9.353,0.049,0.0,0,106.950790405273,0,1756764,false,280.429323196411,0.0,0.0,0.013,0.0,1
display_only_control,286,16.642,5.31799983978271,0.0,9.353,0.049,0.0,0,106.950790405273,0,1756764,false,280.429327011108,0.0,0.0,0.011,0.0,1
display_only_control,287,19.343,5.28800010681152,0.0,9.353,0.049,0.0,0,106.950790405273,0,1756764,false,280.435495376587,0.0,0.0,0.012,0.0,1
display_only_control,288,14.007,5.27799987792969,0.0,9.353,0.049,0.0,0,106.950790405273,0,1756764,false,280.435495376587,0.0,0.0,0.012,0.0,1
display_only_control,289,16.691,5.16499996185303,0.0,9.353,0.049,0.0,0,106.950790405273,0,1756764,false,280.435495376587,0.0,0.0,0.013,0.0,1
display_only_control,290,16.718,5.19899988174438,0.0,9.353,0.049,0.0,0,106.950790405273,0,1756764,false,280.435495376587,0.0,0.0,0.013,0.0,1
display_only_control,291,16.596,5.23199987411499,0.0,9.353,0.049,0.0,0,106.950790405273,0,1756764,false,280.435495376587,0.0,0.0,0.012,0.0,1
display_only_control,292,16.663,5.31699991226196,0.0,9.353,0.049,0.0,0,106.950790405273,0,1756764,false,280.435495376587,0.0,0.0,0.011,0.0,1
display_only_control,293,16.761,6.32600021362305,0.0,9.353,0.049,0.0,0,106.950790405273,0,1756764,false,280.435495376587,0.0,0.0,0.011,0.0,1
display_only_control,294,18.12,5.85200023651123,0.0,9.353,0.049,0.0,0,106.950790405273,0,1756764,false,280.441728591919,0.0,0.0,0.007,0.0,1
display_only_control,295,15.169,4.63399982452393,0.0,9.353,0.049,0.0,0,106.950790405273,0,1756764,false,280.441663742065,0.0,0.0,0.012,0.0,1
display_only_control,296,16.65,4.80999994277954,0.0,9.353,0.049,0.0,0,106.950790405273,0,1756764,false,280.441659927368,0.0,0.0,0.012,0.0,1
display_only_control,297,16.6,5.33799982070923,0.0,9.353,0.049,0.0,0,106.950790405273,0,1756764,false,280.441656112671,0.0,0.0,0.009,0.0,1
display_only_control,298,16.556,4.98999977111816,0.0,9.353,0.049,0.0,0,106.950790405273,0,1756764,false,280.441663742065,0.0,0.0,0.007,0.0,1
display_only_control,299,16.651,4.89200019836426,0.0,9.353,0.049,0.0,0,106.950790405273,0,1756764,false,280.441663742065,0.0,0.0,0.007,0.0,1
display_only_control,300,16.827,5.0,0.0,9.353,0.049,0.0,0,106.950790405273,0,1756764,false,280.441614151001,0.0,0.0,0.011,0.0,1
display_only_control,301,19.27,0.99099999666214,0.0,9.353,0.049,0.0,0,106.950790405273,0,1756764,false,280.447828292847,0.0,0.0,0.012,0.0,1
moving_surface,1,16.176,4.40500020980835,0.0,9.353,0.049,0.0,0,106.950790405273,0,1750430,false,281.035617828369,0.0,0.0,0.303,0.0,1
moving_surface,2,14.196,4.40999984741211,0.0,9.353,0.049,0.0,0,106.950790405273,0,1750430,false,281.044212341309,0.0,0.0,0.012,0.0,1
moving_surface,3,16.305,4.38199996948242,0.0,9.353,0.049,0.0,0,106.950790405273,0,1750430,false,281.044258117676,0.0,0.0,0.012,0.0,1
moving_surface,4,17.248,4.38100004196167,0.0,9.353,0.049,0.0,0,106.950790405273,0,1750430,false,281.044418334961,0.0,0.0,0.013,0.0,1
moving_surface,5,16.031,4.39499998092651,0.0,9.353,0.049,0.0,0,106.950790405273,0,1750430,false,281.04434967041,0.0,0.0,0.012,0.0,1
moving_surface,6,16.888,4.47100019454956,0.0,9.353,0.049,0.0,0,106.950790405273,0,1750430,false,281.05065536499,0.0,0.0,0.013,0.0,1
moving_surface,7,16.843,4.46199989318848,0.0,9.353,0.049,0.0,0,106.950790405273,0,1750430,false,281.05065536499,0.0,0.0,0.013,0.0,1
moving_surface,8,19.052,4.43200016021729,0.0,9.353,0.049,0.0,0,106.950790405273,0,1750430,false,281.05065536499,0.0,0.0,0.013,0.0,1
moving_surface,9,13.895,4.43699979782104,0.0,9.353,0.049,0.0,0,106.950790405273,0,1750430,false,281.050838470459,0.0,0.0,0.012,0.0,1
moving_surface,10,16.657,4.46099996566772,0.0,9.353,0.049,0.0,0,106.950790405273,0,1750430,false,281.050842285156,0.0,0.0,0.013,0.0,1
moving_surface,11,17.074,3.83999991416931,0.0,9.353,0.049,0.0,0,106.950790405273,0,1750430,false,281.050842285156,0.0,0.0,0.012,0.0,1
moving_surface,12,16.279,4.45499992370605,0.0,9.353,0.049,0.0,0,106.950790405273,0,1750430,false,281.050842285156,0.0,0.0,0.014,0.0,1
moving_surface,13,17.192,3.83999991416931,0.0,9.353,0.049,0.0,0,106.950790405273,0,1750430,false,281.057285308838,0.0,0.0,0.014,0.0,1
moving_surface,14,16.484,4.44099998474121,0.0,9.353,0.049,0.0,0,106.950790405273,0,1750430,false,281.057285308838,0.0,0.0,0.012,0.0,1
moving_surface,15,18.667,4.45499992370605,0.0,9.353,0.049,0.0,0,106.950790405273,0,1750430,false,281.057285308838,0.0,0.0,0.012,0.0,1
moving_surface,16,14.31,4.44500017166138,0.0,9.353,0.049,0.0,0,106.950790405273,0,1750430,false,281.057281494141,0.0,0.0,0.013,0.0,1
moving_surface,17,16.685,4.45100021362305,0.0,9.353,0.049,0.0,0,106.950790405273,0,1750430,false,281.057285308838,0.0,0.0,0.012,0.0,1
moving_surface,18,16.666,3.93799996376038,0.0,9.353,0.049,0.0,0,106.950790405273,0,1750430,false,281.057285308838,0.0,0.0,0.012,0.0,1
moving_surface,19,16.68,4.69299983978271,0.0,9.353,0.049,0.0,0,106.950790405273,0,1750430,false,281.057693481445,0.0,0.0,0.014,0.0,1
moving_surface,20,17.305,4.58400011062622,0.0,9.353,0.049,0.0,0,106.950790405273,0,1750430,false,281.063934326172,0.0,0.0,0.012,0.0,1
moving_surface,21,15.993,4.5479998588562,0.0,9.353,0.049,0.0,0,106.950790405273,0,1750430,false,281.063861846924,0.0,0.0,0.012,0.0,1
moving_surface,22,19.499,4.57800006866455,0.0,9.353,0.049,0.0,0,106.950790405273,0,1750430,false,281.063865661621,0.0,0.0,0.013,0.0,1
moving_surface,23,13.899,4.54899978637695,0.0,9.353,0.049,0.0,0,106.950790405273,0,1750430,false,281.063865661621,0.0,0.0,0.015,0.0,1
moving_surface,24,17.012,4.54500007629395,0.0,9.353,0.049,0.0,0,106.950790405273,0,1750430,false,281.063865661621,0.0,0.0,0.013,0.0,1
moving_surface,25,16.326,4.53800010681152,0.0,9.353,0.049,0.0,0,106.950790405273,0,1750430,false,281.063865661621,0.0,0.0,0.008,0.0,1
moving_surface,26,16.526,4.55299997329712,0.0,9.353,0.049,0.0,0,106.950790405273,0,1750430,false,281.063865661621,0.0,0.0,0.012,0.0,1
moving_surface,27,17.57,4.58699989318848,0.0,9.353,0.049,0.0,0,106.950790405273,0,1750430,false,281.070030212402,0.0,0.0,0.011,0.0,1
moving_surface,28,15.692,4.58099985122681,0.0,9.353,0.049,0.0,0,106.950790405273,0,1750430,false,281.07067489624,0.0,0.0,0.007,0.0,1
moving_surface,29,18.135,4.70100021362305,0.0,9.353,0.049,0.0,0,106.950790405273,0,1750430,false,281.07067489624,0.0,0.0,0.007,0.0,1
moving_surface,30,15.164,4.69700002670288,0.0,9.353,0.049,0.0,0,106.950790405273,0,1750430,false,281.07067489624,0.0,0.0,0.007,0.0,1
moving_surface,31,16.818,4.69799995422363,0.0,9.353,0.049,0.0,0,106.950790405273,0,1750430,false,281.07067489624,0.0,0.0,0.011,0.0,1
moving_surface,32,16.655,4.02500009536743,0.0,9.353,0.049,0.0,0,106.950790405273,0,1750430,false,281.07067489624,0.0,0.0,0.011,0.0,1
moving_surface,33,16.503,4.02899980545044,0.0,9.353,0.049,0.0,0,106.950790405273,0,1750430,false,281.07067489624,0.0,0.0,0.007,0.0,1
moving_surface,34,16.891,4.03599977493286,0.0,9.353,0.049,0.0,0,106.950790405273,0,1750430,false,281.076843261719,0.0,0.0,0.011,0.0,1
moving_surface,35,16.769,4.3600001335144,0.0,9.353,0.049,0.0,0,106.950790405273,0,1750430,false,281.076839447021,0.0,0.0,0.009,0.0,1
moving_surface,36,19.422,4.69700002670288,0.0,9.353,0.049,0.0,0,106.950790405273,0,1750430,false,281.07691192627,0.0,0.0,0.009,0.0,1
moving_surface,37,13.65,4.03499984741211,0.0,9.353,0.049,0.0,0,106.950790405273,0,1750430,false,281.076839447021,0.0,0.0,0.008,0.0,1
moving_surface,38,16.752,4.36700010299683,0.0,9.353,0.049,0.0,0,106.950790405273,0,1750430,false,281.076843261719,0.0,0.0,0.011,0.0,1
moving_surface,39,16.622,4.02099990844727,0.0,9.353,0.049,0.0,0,106.950790405273,0,1750430,false,281.076843261719,0.0,0.0,0.01,0.0,1
moving_surface,40,16.707,4.02299976348877,0.0,9.353,0.049,0.0,0,106.950790405273,0,1750430,false,281.076843261719,0.0,0.0,0.012,0.0,1
moving_surface,41,16.78,4.69000005722046,0.0,9.353,0.049,0.0,0,106.950790405273,0,1750430,false,281.0830078125,0.0,0.0,0.011,0.0,1
moving_surface,42,16.558,4.72200012207031,0.0,9.353,0.049,0.0,0,106.950790405273,0,1750430,false,281.083972930908,0.0,0.0,0.012,0.0,1
moving_surface,43,18.377,4.73199987411499,0.0,9.353,0.049,0.0,0,106.950790405273,0,1750430,false,281.083972930908,0.0,0.0,0.007,0.0,1
moving_surface,44,15.259,4.71700000762939,0.0,9.353,0.049,0.0,0,106.950790405273,0,1750430,false,281.083972930908,0.0,0.0,0.011,0.0,1
moving_surface,45,16.373,4.7649998664856,0.0,9.353,0.049,0.0,0,106.950790405273,0,1750430,false,281.083969116211,0.0,0.0,0.012,0.0,1
moving_surface,46,16.698,4.76300001144409,0.0,9.353,0.049,0.0,0,106.950790405273,0,1750430,false,281.083972930908,0.0,0.0,0.013,0.0,1
moving_surface,47,16.634,4.3899998664856,0.0,9.353,0.049,0.0,0,106.950790405273,0,1750430,false,281.083480834961,0.0,0.0,0.013,0.0,1
moving_surface,48,16.872,4.07999992370605,0.0,9.353,0.049,0.0,0,106.950790405273,0,1750430,false,281.089653015137,0.0,0.0,0.012,0.0,1
moving_surface,49,16.68,4.72599983215332,0.0,9.353,0.049,0.0,0,106.950790405273,0,1750430,false,281.089649200439,0.0,0.0,0.022,0.0,1
moving_surface,50,18.649,4.75799989700317,0.0,9.353,0.049,0.0,0,106.950790405273,0,1750430,false,281.089653015137,0.0,0.0,0.014,0.0,1
moving_surface,51,14.875,4.71700000762939,0.0,9.353,0.049,0.0,0,106.950790405273,0,1750430,false,281.089653015137,0.0,0.0,0.012,0.0,1
moving_surface,52,16.363,4.72800016403198,0.0,9.353,0.049,0.0,0,106.950790405273,0,1750430,false,281.089721679688,0.0,0.0,0.007,0.0,1
moving_surface,53,16.56,4.18300008773804,0.0,9.353,0.049,0.0,0,106.950790405273,0,1750430,false,281.089649200439,0.0,0.0,0.011,0.0,1
moving_surface,54,16.576,4.19799995422363,0.0,9.353,0.049,0.0,0,106.950790405273,0,1750430,false,281.089653015137,0.0,0.0,0.007,0.0,1
moving_surface,55,16.887,4.19299983978271,0.0,9.353,0.049,0.0,0,106.950790405273,0,1750430,false,281.095821380615,0.0,0.0,0.006,0.0,1
moving_surface,56,16.393,4.85900020599365,0.0,9.353,0.049,0.0,0,106.950790405273,0,1750430,false,281.095821380615,0.0,0.0,0.011,0.0,1
moving_surface,57,18.2,4.19799995422363,0.0,9.353,0.049,0.0,0,106.950790405273,0,1750430,false,281.095813751221,0.0,0.0,0.007,0.0,1
moving_surface,58,15.135,4.19999980926514,0.0,9.353,0.049,0.0,0,106.950790405273,0,1750430,false,281.095821380615,0.0,0.0,0.008,0.0,1
moving_surface,59,17.052,4.18699979782104,0.0,9.353,0.049,0.0,0,106.950790405273,0,1750430,false,281.095821380615,0.0,0.0,0.01,0.0,1
moving_surface,60,16.253,4.86399984359741,0.0,9.353,0.049,0.0,0,106.950790405273,0,1750430,false,281.095821380615,0.0,0.0,0.007,0.0,1
moving_surface,61,16.677,4.8730001449585,0.0,9.353,0.049,0.0,0,106.950790405273,0,1750430,false,281.095817565918,0.0,0.0,0.007,0.0,1
moving_surface,62,16.749,4.19199991226196,0.0,9.353,0.049,0.0,0,106.950790405273,0,1750430,false,281.101989746094,0.0,0.0,0.007,0.0,1
moving_surface,63,16.569,4.21000003814697,0.0,9.353,0.049,0.0,0,106.950790405273,0,1750430,false,281.103408813477,0.0,0.0,0.007,0.0,1
moving_surface,64,17.959,4.19199991226196,0.0,9.353,0.049,0.0,0,106.950790405273,0,1750430,false,281.102798461914,0.0,0.0,0.007,0.0,1
moving_surface,65,15.406,4.19500017166138,0.0,9.353,0.049,0.0,0,106.950790405273,0,1750430,false,281.102798461914,0.0,0.0,0.007,0.0,1
moving_surface,66,16.698,4.24599981307983,0.0,9.353,0.049,0.0,0,106.950790405273,0,1750430,false,281.102798461914,0.0,0.0,0.007,0.0,1
moving_surface,67,16.604,4.25500011444092,0.0,9.353,0.049,0.0,0,106.950790405273,0,1750430,false,281.102798461914,0.0,0.0,0.006,0.0,1
moving_surface,68,16.931,4.2649998664856,0.0,9.353,0.049,0.0,0,106.950790405273,0,1750430,false,281.102863311768,0.0,0.0,0.007,0.0,1
moving_surface,69,16.493,4.26200008392334,0.0,9.353,0.049,0.0,0,106.950790405273,0,1750430,false,281.108966827393,0.0,0.0,0.006,0.0,1
moving_surface,70,16.581,4.9539999961853,0.0,9.353,0.049,0.0,0,106.950790405273,0,1750430,false,281.108963012695,0.0,0.0,0.007,0.0,1
moving_surface,71,18.501,4.25799989700317,0.0,9.353,0.049,0.0,0,106.950790405273,0,1750430,false,281.108966827393,0.0,0.0,0.012,0.0,1
moving_surface,72,14.967,4.60400009155273,0.0,9.353,0.049,0.0,0,106.950790405273,0,1750430,false,281.108966827393,0.0,0.0,0.011,0.0,1
moving_surface,73,16.575,4.94299983978271,0.0,9.353,0.049,0.0,0,106.950790405273,0,1750430,false,281.108966827393,0.0,0.0,0.009,0.0,1
moving_surface,74,16.69,4.2810001373291,0.0,9.353,0.049,0.0,0,106.950790405273,0,1750430,false,281.108959197998,0.0,0.0,0.009,0.0,1
moving_surface,75,16.718,4.26700019836426,0.0,9.353,0.049,0.0,0,106.950790405273,0,1750430,false,281.108966827393,0.0,0.0,0.011,0.0,1
moving_surface,76,16.656,4.97900009155273,0.0,9.353,0.049,0.0,0,106.950790405273,0,1750430,false,281.115135192871,0.0,0.0,0.007,0.0,1
moving_surface,77,16.56,4.39400005340576,0.0,9.353,0.049,0.0,0,106.950790405273,0,1750430,false,281.115131378174,0.0,0.0,0.006,0.0,1
moving_surface,78,18.368,4.38700008392334,0.0,9.353,0.049,0.0,0,106.950790405273,0,1750430,false,281.115135192871,0.0,0.0,0.009,0.0,1
moving_surface,79,15.107,4.39300012588501,0.0,9.353,0.049,0.0,0,106.950790405273,0,1750430,false,281.115135192871,0.0,0.0,0.011,0.0,1
moving_surface,80,16.509,5.12099981307983,0.0,9.353,0.049,0.0,0,106.950790405273,0,1750430,false,281.115135192871,0.0,0.0,0.006,0.0,1
moving_surface,81,16.667,4.39400005340576,0.0,9.353,0.049,0.0,0,106.950790405273,0,1750430,false,281.115135192871,0.0,0.0,0.007,0.0,1
moving_surface,82,16.803,4.3899998664856,0.0,9.353,0.049,0.0,0,106.950790405273,0,1750430,false,281.115131378174,0.0,0.0,0.01,0.0,1
moving_surface,83,16.905,5.09200000762939,0.0,9.353,0.049,0.0,0,106.950790405273,0,1750430,false,281.12130355835,0.0,0.0,0.012,0.0,1
moving_surface,84,17.225,5.10799980163574,0.0,9.353,0.049,0.0,0,106.950790405273,0,1750430,false,281.1213722229,0.0,0.0,0.012,0.0,1
moving_surface,85,20.472,5.09499979019165,0.0,9.353,0.049,0.0,0,106.950790405273,0,1750430,false,281.12130355835,0.0,0.0,0.016,0.0,1
moving_surface,86,12.143,4.41699981689453,0.0,9.353,0.049,0.0,0,106.950790405273,0,1750430,false,281.12130355835,0.0,0.0,0.013,0.0,1
moving_surface,87,16.625,5.08799982070923,0.0,9.353,0.049,0.0,0,106.950790405273,0,1750430,false,281.12130355835,0.0,0.0,0.011,0.0,1
moving_surface,88,16.736,4.74300003051758,0.0,9.353,0.049,0.0,0,106.950790405273,0,1750430,false,281.12130355835,0.0,0.0,0.009,0.0,1
moving_surface,89,16.702,5.10900020599365,0.0,9.353,0.049,0.0,0,106.950790405273,0,1750430,false,281.12130355835,0.0,0.0,0.012,0.0,1
moving_surface,90,16.575,4.82399988174438,0.0,9.353,0.049,0.0,0,106.950790405273,0,1750430,false,281.127471923828,0.0,0.0,0.007,0.0,1
moving_surface,91,16.498,4.47700023651123,0.0,9.353,0.049,0.0,0,106.950790405273,0,1750430,false,281.127471923828,0.0,0.0,0.007,0.0,1
moving_surface,92,19.613,4.46600008010864,0.0,9.353,0.049,0.0,0,106.950790405273,0,1750430,false,281.120891571045,0.0,0.0,0.012,0.0,1
moving_surface,93,13.869,4.45499992370605,0.0,9.353,0.049,0.0,0,106.950790405273,0,1750430,false,281.120830535889,0.0,0.0,0.012,0.0,1
moving_surface,94,16.786,5.16400003433228,0.0,9.353,0.049,0.0,0,106.950790405273,0,1750430,false,281.122982025146,0.0,0.0,0.014,0.0,1
moving_surface,95,16.545,5.1710000038147,0.0,9.353,0.049,0.0,0,106.950790405273,0,1750430,false,281.122978210449,0.0,0.0,0.013,0.0,1
moving_surface,96,17.106,5.17999982833862,0.0,9.353,0.049,0.0,0,106.950790405273,0,1750430,false,281.122982025146,0.0,0.0,0.013,0.0,1
moving_surface,97,16.487,5.1560001373291,0.0,9.353,0.049,0.0,0,106.950790405273,0,1750430,false,281.129146575928,0.0,0.0,0.013,0.0,1
moving_surface,98,16.411,5.15999984741211,0.0,9.353,0.049,0.0,0,106.950790405273,0,1750430,false,281.129150390625,0.0,0.0,0.012,0.0,1
moving_surface,99,19.026,5.15899991989136,0.0,9.353,0.049,0.0,0,106.950790405273,0,1750430,false,281.129150390625,0.0,0.0,0.012,0.0,1
moving_surface,100,14.865,5.16599988937378,0.0,9.353,0.049,0.0,0,106.950790405273,0,1750430,false,281.129222869873,0.0,0.0,0.013,0.0,1
moving_surface,101,16.11,5.2519998550415,0.0,9.353,0.049,0.0,0,106.950790405273,0,1750430,false,281.129146575928,0.0,0.0,0.012,0.0,1
moving_surface,102,16.664,5.26599979400635,0.0,9.353,0.049,0.0,0,106.950790405273,0,1750430,false,281.129154205322,0.0,0.0,0.012,0.0,1
moving_surface,103,16.666,5.27199983596802,0.0,9.353,0.049,0.0,0,106.950790405273,0,1750430,false,281.129154205322,0.0,0.0,0.012,0.0,1
moving_surface,104,16.87,5.26900005340576,0.0,9.353,0.049,0.0,0,106.950790405273,0,1750430,false,281.135318756104,0.0,0.0,0.013,0.0,1
moving_surface,105,16.48,4.53200006484985,0.0,9.353,0.049,0.0,0,106.950790405273,0,1750430,false,281.135318756104,0.0,0.0,0.012,0.0,1
moving_surface,106,19.831,5.30399990081787,0.0,9.353,0.049,0.0,0,106.950790405273,0,1750430,false,281.135322570801,0.0,0.0,0.015,0.0,1
moving_surface,107,13.479,5.26200008392334,0.0,9.353,0.049,0.0,0,106.950790405273,0,1750430,false,281.135322570801,0.0,0.0,0.013,0.0,1
moving_surface,108,16.702,4.89900016784668,0.0,9.353,0.049,0.0,0,106.950790405273,0,1750430,false,281.135322570801,0.0,0.0,0.013,0.0,1
moving_surface,109,16.617,4.89099979400635,0.0,9.353,0.049,0.0,0,106.950790405273,0,1750430,false,281.135322570801,0.0,0.0,0.013,0.0,1
moving_surface,110,16.678,5.29500007629395,0.0,9.353,0.049,0.0,0,106.950790405273,0,1750430,false,281.134834289551,0.0,0.0,0.012,0.0,1
moving_surface,111,16.828,5.28000020980835,0.0,9.353,0.049,0.0,0,106.950790405273,0,1750430,false,281.141002655029,0.0,0.0,0.013,0.0,1
moving_surface,112,16.526,5.27699995040894,0.0,9.353,0.049,0.0,0,106.950790405273,0,1750430,false,281.141002655029,0.0,0.0,0.013,0.0,1
moving_surface,113,19.104,4.95900011062622,0.0,9.353,0.049,0.0,0,106.950790405273,0,1750430,false,281.141002655029,0.0,0.0,0.012,0.0,1
moving_surface,114,14.216,5.33300018310547,0.0,9.353,0.049,0.0,0,106.950790405273,0,1750430,false,281.141002655029,0.0,0.0,0.013,0.0,1
moving_surface,115,16.645,5.30900001525879,0.0,9.353,0.049,0.0,0,106.950790405273,0,1750430,false,281.141002655029,0.0,0.0,0.011,0.0,1
moving_surface,116,16.87,5.35200023651123,0.0,9.353,0.049,0.0,0,106.950790405273,0,1750430,false,281.141067504883,0.0,0.0,0.008,0.0,1
moving_surface,117,16.433,4.94099998474121,0.0,9.353,0.049,0.0,0,106.950790405273,0,1750430,false,281.141002655029,0.0,0.0,0.011,0.0,1
moving_surface,118,16.852,5.31799983978271,0.0,9.353,0.049,0.0,0,106.950790405273,0,1750430,false,281.147171020508,0.0,0.0,0.012,0.0,1
moving_surface,119,16.529,4.59499979019165,0.0,9.353,0.049,0.0,0,106.950790405273,0,1750430,false,281.147171020508,0.0,0.0,0.013,0.0,1
moving_surface,120,18.047,5.30600023269653,0.0,9.353,0.049,0.0,0,106.950790405273,0,1750430,false,281.147171020508,0.0,0.0,0.012,0.0,1
moving_surface,121,15.315,5.33199977874756,0.0,9.353,0.049,0.0,0,106.950790405273,0,1750430,false,281.147171020508,0.0,0.0,0.012,0.0,1
moving_surface,122,16.543,4.59999990463257,0.0,9.353,0.049,0.0,0,106.950790405273,0,1750430,false,281.147171020508,0.0,0.0,0.015,0.0,1
moving_surface,123,16.786,4.58199977874756,0.0,9.353,0.049,0.0,0,106.950790405273,0,1750430,false,281.147171020508,0.0,0.0,0.012,0.0,1
moving_surface,124,16.816,5.38700008392334,0.0,9.353,0.049,0.0,0,106.950790405273,0,1750430,false,281.147171020508,0.0,0.0,0.013,0.0,1
moving_surface,125,16.66,4.63500022888184,0.0,9.353,0.049,0.0,0,106.950790405273,0,1750430,false,281.153335571289,0.0,0.0,0.013,0.0,1
moving_surface,126,16.496,4.61899995803833,0.0,9.353,0.049,0.0,0,106.950790405273,0,1750430,false,281.153339385986,0.0,0.0,0.013,0.0,1
moving_surface,127,19.446,4.96600008010864,0.0,9.353,0.049,0.0,0,106.950790405273,0,1750430,false,281.153339385986,0.0,0.0,0.012,0.0,1
moving_surface,128,13.973,5.33699989318848,0.0,9.353,0.049,0.0,0,106.950790405273,0,1750430,false,281.153339385986,0.0,0.0,0.013,0.0,1
moving_surface,129,16.633,5.3600001335144,0.0,9.353,0.049,0.0,0,106.950790405273,0,1750430,false,281.153335571289,0.0,0.0,0.013,0.0,1
moving_surface,130,16.629,5.35200023651123,0.0,9.353,0.049,0.0,0,106.950790405273,0,1750430,false,281.153339385986,0.0,0.0,0.013,0.0,1
moving_surface,131,16.482,5.36899995803833,0.0,9.353,0.049,0.0,0,106.950790405273,0,1750430,false,281.153339385986,0.0,0.0,0.007,0.0,1
moving_surface,132,17.431,5.33599996566772,0.0,9.353,0.049,0.0,0,106.950790405273,0,1750430,false,281.159576416016,0.0,0.0,0.013,0.0,1
moving_surface,133,16.073,5.34200000762939,0.0,9.353,0.049,0.0,0,106.950790405273,0,1750430,false,281.159507751465,0.0,0.0,0.013,0.0,1
moving_surface,134,19.392,4.60200023651123,0.0,9.353,0.049,0.0,0,106.950790405273,0,1750430,false,281.159507751465,0.0,0.0,0.011,0.0,1
moving_surface,135,13.922,4.61100006103516,0.0,9.353,0.049,0.0,0,106.950790405273,0,1750430,false,281.159507751465,0.0,0.0,0.012,0.0,1
moving_surface,136,16.764,5.3270001411438,0.0,9.353,0.049,0.0,0,106.950790405273,0,1750430,false,281.159503936768,0.0,0.0,0.013,0.0,1
moving_surface,137,16.57,5.39099979400635,0.0,9.353,0.049,0.0,0,106.950790405273,0,1750430,false,281.159503936768,0.0,0.0,0.012,0.0,1
moving_surface,138,16.671,5.38800001144409,0.0,9.353,0.049,0.0,0,106.950790405273,0,1750430,false,281.159507751465,0.0,0.0,0.012,0.0,1
moving_surface,139,16.816,5.41099977493286,0.0,9.353,0.049,0.0,0,106.950790405273,0,1750430,false,281.165676116943,0.0,0.0,0.012,0.0,1
moving_surface,140,16.519,5.41200017929077,0.0,9.353,0.049,0.0,0,106.950790405273,0,1750430,false,281.165676116943,0.0,0.0,0.012,0.0,1
moving_surface,141,19.7,5.43400001525879,0.0,9.353,0.049,0.0,0,106.950790405273,0,1750430,false,281.168872833252,0.0,0.0,0.014,0.0,1
moving_surface,142,13.749,5.40299987792969,0.0,9.353,0.049,0.0,0,106.950790405273,0,1750430,false,281.168880462646,0.0,0.0,0.014,0.0,1
moving_surface,143,16.538,5.41300010681152,0.0,9.353,0.049,0.0,0,106.950790405273,0,1750430,false,281.168880462646,0.0,0.0,0.012,0.0,1
moving_surface,144,16.682,4.66800022125244,0.0,9.353,0.049,0.0,0,106.950790405273,0,1750430,false,281.168880462646,0.0,0.0,0.012,0.0,1
moving_surface,145,16.656,5.39400005340576,0.0,9.353,0.049,0.0,0,106.950790405273,0,1750430,false,281.168880462646,0.0,0.0,0.012,0.0,1
moving_surface,146,16.807,5.40999984741211,0.0,9.353,0.049,0.0,0,106.950790405273,0,1750430,false,281.175048828125,0.0,0.0,0.012,0.0,1
moving_surface,147,16.532,4.69500017166138,0.0,9.353,0.049,0.0,0,106.950790405273,0,1750430,false,281.175048828125,0.0,0.0,0.011,0.0,1
moving_surface,148,20.45,5.38399982452393,0.0,9.353,0.049,0.0,0,106.950790405273,0,1750430,false,281.175113677979,0.0,0.0,0.012,0.0,1
moving_surface,149,12.868,5.47900009155273,0.0,9.353,0.049,0.0,0,106.950790405273,0,1750430,false,281.175048828125,0.0,0.0,0.013,0.0,1
moving_surface,150,16.659,4.73799991607666,0.0,9.353,0.049,0.0,0,106.950790405273,0,1750430,false,281.175048828125,0.0,0.0,0.011,0.0,1
moving_surface,151,16.761,5.48999977111816,0.0,9.353,0.049,0.0,0,106.950790405273,0,1750430,false,281.175048828125,0.0,0.0,0.012,0.0,1
moving_surface,152,16.735,4.74100017547607,0.0,9.353,0.049,0.0,0,106.950790405273,0,1750430,false,281.175048828125,0.0,0.0,0.013,0.0,1
moving_surface,153,16.678,5.51100015640259,0.0,9.353,0.049,0.0,0,106.950790405273,0,1750430,false,281.181217193604,0.0,0.0,0.012,0.0,1
moving_surface,154,16.604,5.48299980163574,0.0,9.353,0.049,0.0,0,106.950790405273,0,1750430,false,281.181217193604,0.0,0.0,0.013,0.0,1
moving_surface,155,18.919,4.73999977111816,0.0,9.353,0.049,0.0,0,106.950790405273,0,1750430,false,281.181217193604,0.0,0.0,0.012,0.0,1
moving_surface,156,14.564,5.47399997711182,0.0,9.353,0.049,0.0,0,106.950790405273,0,1750430,false,281.181217193604,0.0,0.0,0.011,0.0,1
moving_surface,157,16.5,4.7189998626709,0.0,9.353,0.049,0.0,0,106.950790405273,0,1750430,false,281.180717468262,0.0,0.0,0.012,0.0,1
moving_surface,158,16.573,5.47900009155273,0.0,9.353,0.049,0.0,0,106.950790405273,0,1750430,false,281.180728912354,0.0,0.0,0.012,0.0,1
moving_surface,159,16.792,4.72499990463257,0.0,9.353,0.049,0.0,0,106.950790405273,0,1750430,false,281.180881500244,0.0,0.0,0.013,0.0,1
moving_surface,160,16.752,5.49399995803833,0.0,9.353,0.049,0.0,0,106.950790405273,0,1750430,false,281.184642791748,0.0,0.0,0.014,0.0,1
moving_surface,161,16.458,4.72499990463257,0.0,9.353,0.049,0.0,0,106.950790405273,0,1750430,false,281.184642791748,0.0,0.0,0.013,0.0,1
moving_surface,162,18.959,4.74200010299683,0.0,9.353,0.049,0.0,0,106.950790405273,0,1750430,false,281.184642791748,0.0,0.0,0.012,0.0,1
moving_surface,163,14.43,5.49499988555908,0.0,9.353,0.049,0.0,0,106.950790405273,0,1750430,false,281.184638977051,0.0,0.0,0.012,0.0,1
moving_surface,164,17.128,4.76399993896484,0.0,9.353,0.049,0.0,0,106.950790405273,0,1750430,false,281.184711456299,0.0,0.0,0.012,0.0,1
moving_surface,165,16.159,5.08699989318848,0.0,9.353,0.049,0.0,0,106.950790405273,0,1750430,false,281.184642791748,0.0,0.0,0.012,0.0,1
moving_surface,166,16.812,5.48299980163574,0.0,9.353,0.049,0.0,0,106.950790405273,0,1750430,false,281.184642791748,0.0,0.0,0.015,0.0,1
moving_surface,167,16.675,5.10699987411499,0.0,9.353,0.049,0.0,0,106.950790405273,0,1750430,false,281.190811157227,0.0,0.0,0.013,0.0,1
moving_surface,168,16.507,5.07800006866455,0.0,9.353,0.049,0.0,0,106.950790405273,0,1750430,false,281.190811157227,0.0,0.0,0.012,0.0,1
moving_surface,169,20.155,5.49200010299683,0.0,9.353,0.049,0.0,0,106.950790405273,0,1750430,false,281.190811157227,0.0,0.0,0.013,0.0,1
moving_surface,170,13.141,5.45599985122681,0.0,9.353,0.049,0.0,0,106.950790405273,0,1750430,false,281.190811157227,0.0,0.0,0.011,0.0,1
moving_surface,171,16.694,5.4539999961853,0.0,9.353,0.049,0.0,0,106.950790405273,0,1750430,false,281.190807342529,0.0,0.0,0.012,0.0,1
moving_surface,172,16.694,5.47800016403198,0.0,9.353,0.049,0.0,0,106.950790405273,0,1750430,false,281.190811157227,0.0,0.0,0.014,0.0,1
moving_surface,173,16.654,5.53499984741211,0.0,9.353,0.049,0.0,0,106.950790405273,0,1750430,false,281.190811157227,0.0,0.0,0.013,0.0,1
moving_surface,174,16.817,5.52899980545044,0.0,9.353,0.049,0.0,0,106.950790405273,0,1750430,false,281.196979522705,0.0,0.0,0.012,0.0,1
moving_surface,175,16.658,5.51100015640259,0.0,9.353,0.049,0.0,0,106.950790405273,0,1750430,false,281.196979522705,0.0,0.0,0.013,0.0,1
moving_surface,176,18.83,5.53200006484985,0.0,9.353,0.049,0.0,0,106.950790405273,0,1750430,false,281.196975708008,0.0,0.0,0.013,0.0,1
moving_surface,177,14.389,5.54699993133545,0.0,9.353,0.049,0.0,0,106.950790405273,0,1750430,false,281.196979522705,0.0,0.0,0.013,0.0,1
moving_surface,178,16.731,5.53399991989136,0.0,9.353,0.049,0.0,0,106.950790405273,0,1750430,false,281.196979522705,0.0,0.0,0.017,0.0,1
moving_surface,179,16.551,5.5,0.0,9.353,0.049,0.0,0,106.950790405273,0,1750430,false,281.196929931641,0.0,0.0,0.012,0.0,1
moving_surface,180,17.194,4.74200010299683,0.0,9.353,0.049,0.0,0,106.950790405273,0,1750430,false,281.197048187256,0.0,0.0,0.013,0.0,1
moving_surface,181,16.158,5.51800012588501,0.0,9.353,0.049,0.0,0,106.950790405273,0,1750430,false,281.203147888184,0.0,0.0,0.008,0.0,1
moving_surface,182,16.562,4.78700017929077,0.0,9.353,0.049,0.0,0,106.950790405273,0,1750430,false,281.203147888184,0.0,0.0,0.009,0.0,1
moving_surface,183,18.664,5.51200008392334,0.0,9.353,0.049,0.0,0,106.950790405273,0,1750430,false,281.203147888184,0.0,0.0,0.01,0.0,1
moving_surface,184,14.74,5.48899984359741,0.0,9.353,0.049,0.0,0,106.950790405273,0,1750430,false,281.203144073486,0.0,0.0,0.008,0.0,1
moving_surface,185,16.615,4.84800004959106,0.0,9.353,0.049,0.0,0,106.950790405273,0,1750430,false,281.203147888184,0.0,0.0,0.007,0.0,1
moving_surface,186,16.776,4.84700012207031,0.0,9.353,0.049,0.0,0,106.950790405273,0,1750430,false,281.187793731689,0.0,0.0,0.007,0.0,1
moving_surface,187,16.72,4.86700010299683,0.0,9.353,0.049,0.0,0,106.950790405273,0,1750430,false,281.187789916992,0.0,0.0,0.012,0.0,1
moving_surface,188,16.735,5.62099981307983,0.0,9.353,0.049,0.0,0,106.950790405273,0,1750430,false,281.194267272949,0.0,0.0,0.013,0.0,1
moving_surface,189,16.562,5.24300003051758,0.0,9.353,0.049,0.0,0,106.950790405273,0,1750430,false,281.194267272949,0.0,0.0,0.013,0.0,1
moving_surface,190,19.315,4.86899995803833,0.0,9.353,0.049,0.0,0,106.950790405273,0,1750430,false,281.194267272949,0.0,0.0,0.013,0.0,1
moving_surface,191,14.087,5.69500017166138,0.0,9.353,0.049,0.0,0,106.950790405273,0,1750430,false,281.194267272949,0.0,0.0,0.012,0.0,1
moving_surface,192,16.583,5.60599994659424,0.0,9.353,0.049,0.0,0,106.950790405273,0,1750430,false,281.194267272949,0.0,0.0,0.011,0.0,1
moving_surface,193,16.644,4.8769998550415,0.0,9.353,0.049,0.0,0,106.950790405273,0,1750430,false,281.194263458252,0.0,0.0,0.013,0.0,1
moving_surface,194,16.614,5.7039999961853,0.0,9.353,0.049,0.0,0,106.950790405273,0,1750430,false,281.194263458252,0.0,0.0,0.012,0.0,1
moving_surface,195,16.86,4.84999990463257,0.0,9.353,0.049,0.0,0,106.950790405273,0,1750430,false,281.20043182373,0.0,0.0,0.012,0.0,1
moving_surface,196,17.074,5.61399984359741,0.0,9.353,0.049,0.0,0,106.950790405273,0,1750430,false,281.200504302979,0.0,0.0,0.013,0.0,1
moving_surface,197,18.47,5.67500019073486,0.0,9.353,0.049,0.0,0,106.950790405273,0,1750430,false,281.20043182373,0.0,0.0,0.012,0.0,1
moving_surface,198,14.302,4.85400009155273,0.0,9.353,0.049,0.0,0,106.950790405273,0,1750430,false,281.200435638428,0.0,0.0,0.013,0.0,1
moving_surface,199,16.649,5.68100023269653,0.0,9.353,0.049,0.0,0,106.950790405273,0,1750430,false,281.200435638428,0.0,0.0,0.013,0.0,1
moving_surface,200,16.702,5.22200012207031,0.0,9.353,0.049,0.0,0,106.950790405273,0,1750430,false,281.200435638428,0.0,0.0,0.038,0.0,1
moving_surface,201,16.67,5.62900018692017,0.0,9.353,0.049,0.0,0,106.950790405273,0,1750430,false,281.20043182373,0.0,0.0,0.012,0.0,1
moving_surface,202,16.862,4.84299993515015,0.0,9.353,0.049,0.0,0,106.950790405273,0,1750430,false,281.206604003906,0.0,0.0,0.013,0.0,1
moving_surface,203,16.431,5.61800003051758,0.0,9.353,0.049,0.0,0,106.950790405273,0,1750430,false,281.206604003906,0.0,0.0,0.012,0.0,1
moving_surface,204,18.582,4.84600019454956,0.0,9.353,0.049,0.0,0,106.950790405273,0,1750430,false,281.206604003906,0.0,0.0,0.015,0.0,1
moving_surface,205,14.738,4.84999990463257,0.0,9.353,0.049,0.0,0,106.950790405273,0,1750430,false,281.205993652344,0.0,0.0,0.012,0.0,1
moving_surface,206,16.661,4.8439998626709,0.0,9.353,0.049,0.0,0,106.950790405273,0,1750430,false,281.205989837646,0.0,0.0,0.012,0.0,1
moving_surface,207,16.667,4.83699989318848,0.0,9.353,0.049,0.0,0,106.950790405273,0,1750430,false,281.205993652344,0.0,0.0,0.012,0.0,1
moving_surface,208,16.711,5.57000017166138,0.0,9.353,0.049,0.0,0,106.950790405273,0,1750430,false,281.205993652344,0.0,0.0,0.012,0.0,1
moving_surface,209,16.806,5.67999982833862,0.0,9.353,0.049,0.0,0,106.950790405273,0,1750430,false,281.212162017822,0.0,0.0,0.013,0.0,1
moving_surface,210,16.548,4.91300010681152,0.0,9.353,0.049,0.0,0,106.950790405273,0,1750430,false,281.212162017822,0.0,0.0,0.013,0.0,1
moving_surface,211,19.144,5.67700004577637,0.0,9.353,0.049,0.0,0,106.950790405273,0,1750430,false,281.216968536377,0.0,0.0,0.013,0.0,1
moving_surface,212,14.744,4.90500020980835,0.0,9.353,0.049,0.0,0,106.950790405273,0,1750430,false,281.217037200928,0.0,0.0,0.013,0.0,1
moving_surface,213,16.123,5.78499984741211,0.0,9.353,0.049,0.0,0,106.950790405273,0,1750430,false,281.216968536377,0.0,0.0,0.014,0.0,1
moving_surface,214,16.761,5.69500017166138,0.0,9.353,0.049,0.0,0,106.950790405273,0,1750430,false,281.216968536377,0.0,0.0,0.014,0.0,1
moving_surface,215,16.525,4.91400003433228,0.0,9.353,0.049,0.0,0,106.950790405273,0,1750430,false,281.216968536377,0.0,0.0,0.013,0.0,1
moving_surface,216,18.113,5.28900003433228,0.0,9.353,0.049,0.0,0,106.950790405273,0,1750430,false,281.223136901855,0.0,0.0,0.337,0.0,1
moving_surface,217,15.211,5.75299978256226,0.0,9.353,0.049,0.0,0,106.950790405273,0,1750430,false,281.223136901855,0.0,0.0,0.013,0.0,1
moving_surface,218,19.086,5.72200012207031,0.0,9.353,0.049,0.0,0,106.950790405273,0,1750430,false,281.223136901855,0.0,0.0,0.012,0.0,1
moving_surface,219,14.238,5.66099977493286,0.0,9.353,0.049,0.0,0,106.950790405273,0,1750430,false,281.223136901855,0.0,0.0,0.012,0.0,1
moving_surface,220,16.658,5.27299976348877,0.0,9.353,0.049,0.0,0,106.950790405273,0,1750430,false,281.223136901855,0.0,0.0,0.012,0.0,1
moving_surface,221,16.771,4.91200017929077,0.0,9.353,0.049,0.0,0,106.950790405273,0,1750430,false,281.223136901855,0.0,0.0,0.012,0.0,1
moving_surface,222,16.572,4.91400003433228,0.0,9.353,0.049,0.0,0,106.950790405273,0,1750430,false,281.223136901855,0.0,0.0,0.013,0.0,1
moving_surface,223,16.839,5.77299976348877,0.0,9.353,0.049,0.0,0,106.950790405273,0,1750430,false,281.229305267334,0.0,0.0,0.013,0.0,1
moving_surface,224,16.521,5.28399991989136,0.0,9.353,0.049,0.0,0,106.950790405273,0,1750430,false,281.229305267334,0.0,0.0,0.012,0.0,1
moving_surface,225,19.044,4.92600011825562,0.0,9.353,0.049,0.0,0,106.950790405273,0,1750430,false,281.229305267334,0.0,0.0,0.012,0.0,1
moving_surface,226,14.279,4.91300010681152,0.0,9.353,0.049,0.0,0,106.950790405273,0,1750430,false,281.229305267334,0.0,0.0,0.013,0.0,1
moving_surface,227,16.636,4.90899991989136,0.0,9.353,0.049,0.0,0,106.950790405273,0,1750430,false,281.229305267334,0.0,0.0,0.012,0.0,1
moving_surface,228,17.248,5.32800006866455,0.0,9.353,0.049,0.0,0,106.950790405273,0,1750430,false,281.229373931885,0.0,0.0,0.013,0.0,1
moving_surface,229,16.232,4.91599988937378,0.0,9.353,0.049,0.0,0,106.950790405273,0,1750430,false,281.229305267334,0.0,0.0,0.012,0.0,1
moving_surface,230,16.701,4.91099977493286,0.0,9.353,0.049,0.0,0,106.950790405273,0,1750430,false,281.235473632813,0.0,0.0,0.013,0.0,1
moving_surface,231,16.494,4.91599988937378,0.0,9.353,0.049,0.0,0,106.950790405273,0,1750430,false,281.235473632813,0.0,0.0,0.013,0.0,1
moving_surface,232,19.309,4.90899991989136,0.0,9.353,0.049,0.0,0,106.950790405273,0,1750430,false,281.235473632813,0.0,0.0,0.013,0.0,1
moving_surface,233,14.014,4.91699981689453,0.0,9.353,0.049,0.0,0,106.950790405273,0,1750430,false,281.235473632813,0.0,0.0,0.012,0.0,1
moving_surface,234,16.683,4.98999977111816,0.0,9.353,0.049,0.0,0,106.950790405273,0,1750430,false,281.235473632813,0.0,0.0,0.013,0.0,1
moving_surface,235,16.666,4.98199987411499,0.0,9.353,0.049,0.0,0,106.950790405273,0,1750430,false,281.235473632813,0.0,0.0,0.013,0.0,1
moving_surface,236,16.669,4.98799991607666,0.0,9.353,0.049,0.0,0,106.950790405273,0,1750430,false,281.235473632813,0.0,0.0,0.012,0.0,1
moving_surface,237,16.839,4.9850001335144,0.0,9.353,0.049,0.0,0,106.950790405273,0,1750430,false,281.241638183594,0.0,0.0,0.012,0.0,1
moving_surface,238,16.481,4.97599983215332,0.0,9.353,0.049,0.0,0,106.950790405273,0,1750430,false,281.24231338501,0.0,0.0,0.013,0.0,1
moving_surface,239,19.275,4.9850001335144,0.0,9.353,0.049,0.0,0,106.950790405273,0,1750430,false,281.242309570313,0.0,0.0,0.014,0.0,1
moving_surface,240,14.077,4.97200012207031,0.0,9.353,0.049,0.0,0,106.950790405273,0,1750430,false,281.24231338501,0.0,0.0,0.014,0.0,1
moving_surface,241,16.647,4.9689998626709,0.0,9.353,0.049,0.0,0,106.950790405273,0,1750430,false,281.242309570313,0.0,0.0,0.012,0.0,1
moving_surface,242,16.773,4.98799991607666,0.0,9.353,0.049,0.0,0,106.950790405273,0,1750430,false,281.24231338501,0.0,0.0,0.013,0.0,1
moving_surface,243,16.516,4.97100019454956,0.0,9.353,0.049,0.0,0,106.950790405273,0,1750430,false,281.24231338501,0.0,0.0,0.012,0.0,1
moving_surface,244,17.322,4.97900009155273,0.0,9.353,0.049,0.0,0,106.950790405273,0,1750430,false,281.248550415039,0.0,0.0,0.012,0.0,1
moving_surface,245,16.061,4.99700021743774,0.0,9.353,0.049,0.0,0,106.950790405273,0,1750430,false,281.248481750488,0.0,0.0,0.013,0.0,1
moving_surface,246,19.035,5.8270001411438,0.0,9.353,0.049,0.0,0,106.950790405273,0,1750430,false,281.248477935791,0.0,0.0,0.013,0.0,1
moving_surface,247,14.261,5.07200002670288,0.0,9.353,0.049,0.0,0,106.950790405273,0,1750430,false,281.248481750488,0.0,0.0,0.012,0.0,1
moving_surface,248,16.693,5.06500005722046,0.0,9.353,0.049,0.0,0,106.950790405273,0,1750430,false,281.248481750488,0.0,0.0,0.012,0.0,1
moving_surface,249,16.686,5.07299995422363,0.0,9.353,0.049,0.0,0,106.950790405273,0,1750430,false,281.248481750488,0.0,0.0,0.012,0.0,1
moving_surface,250,16.79,5.81899976730347,0.0,9.353,0.049,0.0,0,106.950790405273,0,1750430,false,281.248477935791,0.0,0.0,0.012,0.0,1
moving_surface,251,16.68,5.05700016021729,0.0,9.353,0.049,0.0,0,106.950790405273,0,1750430,false,281.25464630127,0.0,0.0,0.013,0.0,1
moving_surface,252,16.577,5.05600023269653,0.0,9.353,0.049,0.0,0,106.950790405273,0,1750430,false,281.254650115967,0.0,0.0,0.012,0.0,1
moving_surface,253,18.748,5.05200004577637,0.0,9.353,0.049,0.0,0,106.950790405273,0,1750430,false,281.254650115967,0.0,0.0,0.012,0.0,1
moving_surface,254,14.54,5.05900001525879,0.0,9.353,0.049,0.0,0,106.950790405273,0,1750430,false,281.25464630127,0.0,0.0,0.012,0.0,1
moving_surface,255,16.626,5.03800010681152,0.0,9.353,0.049,0.0,0,106.950790405273,0,1750430,false,281.253589630127,0.0,0.0,0.012,0.0,1
moving_surface,256,16.79,5.05600023269653,0.0,9.353,0.049,0.0,0,106.950790405273,0,1750430,false,281.25358581543,0.0,0.0,0.011,0.0,1
moving_surface,257,16.504,5.04099988937378,0.0,9.353,0.049,0.0,0,106.950790405273,0,1750430,false,281.253589630127,0.0,0.0,0.011,0.0,1
moving_surface,258,16.855,5.90100002288818,0.0,9.353,0.049,0.0,0,106.950790405273,0,1750430,false,281.259757995605,0.0,0.0,0.011,0.0,1
moving_surface,259,16.732,5.13600015640259,0.0,9.353,0.049,0.0,0,106.950790405273,0,1750430,false,281.259757995605,0.0,0.0,0.013,0.0,1
moving_surface,260,18.804,5.13000011444092,0.0,9.353,0.049,0.0,0,106.950790405273,0,1750430,false,281.259826660156,0.0,0.0,0.009,0.0,1
moving_surface,261,14.323,5.05100011825562,0.0,9.353,0.049,0.0,0,106.950790405273,0,1750430,false,281.259757995605,0.0,0.0,0.012,0.0,1
moving_surface,262,16.671,5.10099983215332,0.0,9.353,0.049,0.0,0,106.950790405273,0,1750430,false,281.259757995605,0.0,0.0,0.013,0.0,1
moving_surface,263,16.7,5.05800008773804,0.0,9.353,0.049,0.0,0,106.950790405273,0,1750430,false,281.259750366211,0.0,0.0,0.013,0.0,1
moving_surface,264,16.529,5.80800008773804,0.0,9.353,0.049,0.0,0,106.950790405273,0,1750430,false,281.259757995605,0.0,0.0,0.009,0.0,1
moving_surface,265,16.967,5.04899978637695,0.0,9.353,0.049,0.0,0,106.950790405273,0,1750430,false,281.265926361084,0.0,0.0,0.013,0.0,1
moving_surface,266,16.393,5.88600015640259,0.0,9.353,0.049,0.0,0,106.950790405273,0,1750430,false,281.265926361084,0.0,0.0,0.01,0.0,1
moving_surface,267,19.25,5.07200002670288,0.0,9.353,0.049,0.0,0,106.950790405273,0,1750430,false,281.265922546387,0.0,0.0,0.013,0.0,1
moving_surface,268,14.148,5.05299997329712,0.0,9.353,0.049,0.0,0,106.950790405273,0,1750430,false,281.265926361084,0.0,0.0,0.013,0.0,1
moving_surface,269,16.673,5.11600017547607,0.0,9.353,0.049,0.0,0,106.950790405273,0,1750430,false,281.265926361084,0.0,0.0,0.012,0.0,1
moving_surface,270,16.782,5.05299997329712,0.0,9.353,0.049,0.0,0,106.950790405273,0,1750430,false,281.265926361084,0.0,0.0,0.012,0.0,1
moving_surface,271,16.551,5.04400014877319,0.0,9.353,0.049,0.0,0,106.950790405273,0,1750430,false,281.265926361084,0.0,0.0,0.011,0.0,1
moving_surface,272,16.864,5.03499984741211,0.0,9.353,0.049,0.0,0,106.950790405273,0,1750430,false,281.272094726563,0.0,0.0,0.013,0.0,1
moving_surface,273,16.484,5.83699989318848,0.0,9.353,0.049,0.0,0,106.950790405273,0,1750430,false,281.272094726563,0.0,0.0,0.013,0.0,1
moving_surface,274,19.262,5.90000009536743,0.0,9.353,0.049,0.0,0,106.950790405273,0,1750430,false,281.272094726563,0.0,0.0,0.013,0.0,1
moving_surface,275,14.06,5.03700017929077,0.0,9.353,0.049,0.0,0,106.950790405273,0,1750430,false,281.272090911865,0.0,0.0,0.012,0.0,1
moving_surface,276,17.785,5.51599979400635,0.0,9.353,0.049,0.0,0,106.950790405273,0,1750430,false,281.272163391113,0.0,0.0,0.012,0.0,1
moving_surface,277,15.553,5.04199981689453,0.0,9.353,0.049,0.0,0,106.950790405273,0,1750430,false,281.272094726563,0.0,0.0,0.012,0.0,1
moving_surface,278,16.654,5.05900001525879,0.0,9.353,0.049,0.0,0,106.950790405273,0,1750430,false,281.272094726563,0.0,0.0,0.012,0.0,1
moving_surface,279,16.859,5.04099988937378,0.0,9.353,0.049,0.0,0,106.950790405273,0,1750430,false,281.278263092041,0.0,0.0,0.012,0.0,1
moving_surface,280,16.654,5.04500007629395,0.0,9.353,0.049,0.0,0,106.950790405273,0,1750430,false,281.278263092041,0.0,0.0,0.013,0.0,1
moving_surface,281,19.048,5.07600021362305,0.0,9.353,0.049,0.0,0,106.950790405273,0,1750430,false,281.278263092041,0.0,0.0,0.013,0.0,1
moving_surface,282,14.111,5.1230001449585,0.0,9.353,0.049,0.0,0,106.950790405273,0,1750430,false,281.278259277344,0.0,0.0,0.013,0.0,1
moving_surface,283,16.771,5.12400007247925,0.0,9.353,0.049,0.0,0,106.950790405273,0,1750430,false,281.278263092041,0.0,0.0,0.012,0.0,1
moving_surface,284,16.573,5.11399984359741,0.0,9.353,0.049,0.0,0,106.950790405273,0,1750430,false,281.278263092041,0.0,0.0,0.013,0.0,1
moving_surface,285,16.667,5.125,0.0,9.353,0.049,0.0,0,106.950790405273,0,1750430,false,281.278221130371,0.0,0.0,0.013,0.0,1
moving_surface,286,16.8,5.12200021743774,0.0,9.353,0.049,0.0,0,106.950790405273,0,1750430,false,281.284423828125,0.0,0.0,0.012,0.0,1
moving_surface,287,16.534,5.90700006484985,0.0,9.353,0.049,0.0,0,106.950790405273,0,1750430,false,281.28443145752,0.0,0.0,0.013,0.0,1
moving_surface,288,19.08,5.93400001525879,0.0,9.353,0.049,0.0,0,106.950790405273,0,1750430,false,281.284427642822,0.0,0.0,0.012,0.0,1
moving_surface,289,14.596,5.12400007247925,0.0,9.353,0.049,0.0,0,106.950790405273,0,1750430,false,281.277851104736,0.0,0.0,0.013,0.0,1
moving_surface,290,16.357,5.11800003051758,0.0,9.353,0.049,0.0,0,106.950790405273,0,1750430,false,281.277851104736,0.0,0.0,0.014,0.0,1
moving_surface,291,16.633,5.11899995803833,0.0,9.353,0.049,0.0,0,106.950790405273,0,1750430,false,281.277851104736,0.0,0.0,0.014,0.0,1
moving_surface,292,17.388,5.13700008392334,0.0,9.353,0.049,0.0,0,106.950790405273,0,1750430,false,281.278285980225,0.0,0.0,0.012,0.0,1
moving_surface,293,16.115,5.13199996948242,0.0,9.353,0.049,0.0,0,106.950790405273,0,1750430,false,281.284385681152,0.0,0.0,0.013,0.0,1
moving_surface,294,16.485,5.11199998855591,0.0,9.353,0.049,0.0,0,106.950790405273,0,1750430,false,281.284385681152,0.0,0.0,0.013,0.0,1
moving_surface,295,19.216,5.12400007247925,0.0,9.353,0.049,0.0,0,106.950790405273,0,1750430,false,281.284385681152,0.0,0.0,0.013,0.0,1
moving_surface,296,14.17,5.11899995803833,0.0,9.353,0.049,0.0,0,106.950790405273,0,1750430,false,281.284381866455,0.0,0.0,0.013,0.0,1
moving_surface,297,16.616,5.13600015640259,0.0,9.353,0.049,0.0,0,106.950790405273,0,1750430,false,281.284385681152,0.0,0.0,0.013,0.0,1
moving_surface,298,16.644,5.12400007247925,0.0,9.353,0.049,0.0,0,106.950790405273,0,1750430,false,281.284385681152,0.0,0.0,0.013,0.0,1
moving_surface,299,16.649,5.13800001144409,0.0,9.353,0.049,0.0,0,106.950790405273,0,1750430,false,281.284385681152,0.0,0.0,0.012,0.0,1
moving_surface,300,16.899,5.5019998550415,0.0,9.353,0.049,0.0,0,106.950790405273,0,1750430,false,281.290550231934,0.0,0.0,0.013,0.0,1
moving_surface,301,16.484,5.16200017929077,0.0,9.353,0.049,0.0,0,106.950790405273,0,1750430,false,281.290554046631,0.0,0.0,0.012,0.0,1
underground,1,14.27,5.48899984359741,0.0,48.338,0.035,0.0,0,131.019813537598,0,1715040,false,349.313737869263,0.0,0.0,0.014,0.0,1
underground,2,16.488,5.48999977111816,0.0,48.338,0.035,0.0,0,131.019813537598,0,1715040,false,349.314435958862,0.0,0.0,0.011,0.0,1
underground,3,16.902,5.51300001144409,0.0,48.338,0.035,0.0,0,131.019813537598,0,1715040,false,349.31455039978,0.0,0.0,0.009,0.0,1
underground,4,16.222,5.43900012969971,0.0,48.338,0.035,0.0,0,131.019813537598,0,1715040,false,349.314573287964,0.0,0.0,0.007,0.0,1
underground,5,19.494,5.44799995422363,0.0,48.338,0.035,0.0,0,131.019813537598,0,1715040,false,349.320741653442,0.0,0.0,0.009,0.0,1
underground,6,13.9,6.36600017547607,0.0,48.338,0.035,0.0,0,131.019813537598,0,1715040,false,349.320871353149,0.0,0.0,0.008,0.0,1
underground,7,16.65,5.45499992370605,0.0,48.338,0.035,0.0,0,131.019813537598,0,1715040,false,349.320875167847,0.0,0.0,0.01,0.0,1
underground,8,16.689,5.44500017166138,0.0,48.338,0.035,0.0,0,131.019813537598,0,1715040,false,349.320878982544,0.0,0.0,0.009,0.0,1
underground,9,16.592,5.4520001411438,0.0,48.338,0.035,0.0,0,131.019813537598,0,1715040,false,349.321058273315,0.0,0.0,0.007,0.0,1
underground,10,16.661,5.45499992370605,0.0,48.338,0.035,0.0,0,131.019813537598,0,1715040,false,349.32106590271,0.0,0.0,0.007,0.0,1
underground,11,16.973,5.44600009918213,0.0,48.338,0.035,0.0,0,131.019813537598,0,1715040,false,349.32106590271,0.0,0.0,0.01,0.0,1
underground,12,19.269,5.49399995803833,0.0,48.338,0.035,0.0,0,131.019813537598,0,1715040,false,349.327234268188,0.0,0.0,0.011,0.0,1
underground,13,14.044,5.43699979782104,0.0,48.338,0.035,0.0,0,131.019813537598,0,1715040,false,349.327508926392,0.0,0.0,0.012,0.0,1
underground,14,16.629,5.44899988174438,0.0,48.338,0.035,0.0,0,131.019813537598,0,1715040,false,349.327508926392,0.0,0.0,0.013,0.0,1
underground,15,16.917,5.44600009918213,0.0,48.338,0.035,0.0,0,131.019813537598,0,1715040,false,349.327508926392,0.0,0.0,0.012,0.0,1
underground,16,16.685,5.44999980926514,0.0,48.338,0.035,0.0,0,131.019813537598,0,1715040,false,349.327508926392,0.0,0.0,0.014,0.0,1
underground,17,16.43,5.44700002670288,0.0,48.338,0.035,0.0,0,131.019813537598,0,1715040,false,349.327505111694,0.0,0.0,0.013,0.0,1
underground,18,16.906,5.44199991226196,0.0,48.338,0.035,0.0,0,131.019813537598,0,1715040,false,349.327508926392,0.0,0.0,0.013,0.0,1
underground,19,19.925,5.44099998474121,0.0,48.338,0.035,0.0,0,131.019813537598,0,1715040,false,349.334157943726,0.0,0.0,0.012,0.0,1
underground,20,13.672,5.44799995422363,0.0,48.338,0.035,0.0,0,131.019813537598,0,1715040,false,349.334089279175,0.0,0.0,0.012,0.0,1
underground,21,16.104,5.43100023269653,0.0,48.338,0.035,0.0,0,131.019813537598,0,1715040,false,349.334089279175,0.0,0.0,0.012,0.0,1
underground,22,16.673,5.44799995422363,0.0,48.338,0.035,0.0,0,131.019813537598,0,1715040,false,349.334089279175,0.0,0.0,0.012,0.0,1
underground,23,16.775,5.44899988174438,0.0,48.338,0.035,0.0,0,131.019813537598,0,1715040,false,349.334089279175,0.0,0.0,0.011,0.0,1
underground,24,16.562,5.47100019454956,0.0,48.338,0.035,0.0,0,131.019813537598,0,1715040,false,349.334089279175,0.0,0.0,0.013,0.0,1
underground,25,16.718,5.44999980926514,0.0,48.338,0.035,0.0,0,131.019813537598,0,1715040,false,349.334089279175,0.0,0.0,0.013,0.0,1
underground,26,20.129,5.45699977874756,0.0,48.338,0.035,0.0,0,131.019813537598,0,1715040,false,349.340257644653,0.0,0.0,0.012,0.0,1
underground,27,13.276,5.44299983978271,0.0,48.338,0.035,0.0,0,131.019813537598,0,1715040,false,349.340257644653,0.0,0.0,0.013,0.0,1
underground,28,16.561,5.45800018310547,0.0,48.338,0.035,0.0,0,131.019813537598,0,1715040,false,349.340898513794,0.0,0.0,0.012,0.0,1
underground,29,16.751,5.45800018310547,0.0,48.338,0.035,0.0,0,131.019813537598,0,1715040,false,349.340898513794,0.0,0.0,0.013,0.0,1
underground,30,16.842,6.34800004959106,0.0,48.338,0.035,0.0,0,131.019813537598,0,1715040,false,349.340898513794,0.0,0.0,0.013,0.0,1
underground,31,16.5,5.46000003814697,0.0,48.338,0.035,0.0,0,131.019813537598,0,1715040,false,349.340890884399,0.0,0.0,0.013,0.0,1
underground,32,16.756,5.44199991226196,0.0,48.338,0.035,0.0,0,131.019813537598,0,1715040,false,349.340898513794,0.0,0.0,0.013,0.0,1
underground,33,19.722,5.46999979019165,0.0,48.338,0.035,0.0,0,131.019813537598,0,1715040,false,349.347066879272,0.0,0.0,0.012,0.0,1
underground,34,13.375,5.45100021362305,0.0,48.338,0.035,0.0,0,131.019813537598,0,1715040,false,349.347066879272,0.0,0.0,0.013,0.0,1
underground,35,17.17,5.4539999961853,0.0,48.338,0.035,0.0,0,131.019813537598,0,1715040,false,349.347127914429,0.0,0.0,0.012,0.0,1
underground,36,16.331,5.48600006103516,0.0,48.338,0.035,0.0,0,131.019813537598,0,1715040,false,349.347066879272,0.0,0.0,0.012,0.0,1
underground,37,16.581,5.46700000762939,0.0,48.338,0.035,0.0,0,131.019813537598,0,1715040,false,349.347066879272,0.0,0.0,0.013,0.0,1
underground,38,16.573,5.96700000762939,0.0,48.338,0.035,0.0,0,131.019813537598,0,1715040,false,349.347066879272,0.0,0.0,0.013,0.0,1
underground,39,16.915,5.44700002670288,0.0,48.338,0.035,0.0,0,131.019813537598,0,1715040,false,349.347066879272,0.0,0.0,0.013,0.0,1
underground,40,19.701,5.44399976730347,0.0,48.338,0.035,0.0,0,131.019813537598,0,1715040,false,349.353235244751,0.0,0.0,0.013,0.0,1
underground,41,13.413,5.44299983978271,0.0,48.338,0.035,0.0,0,131.019813537598,0,1715040,false,349.353235244751,0.0,0.0,0.011,0.0,1
underground,42,16.745,6.31099987030029,0.0,48.338,0.035,0.0,0,131.019813537598,0,1715040,false,349.354196548462,0.0,0.0,0.01,0.0,1
underground,43,16.419,5.43800020217896,0.0,48.338,0.035,0.0,0,131.019813537598,0,1715040,false,349.354196548462,0.0,0.0,0.008,0.0,1
underground,44,16.964,5.44399976730347,0.0,48.338,0.035,0.0,0,131.019813537598,0,1715040,false,349.354196548462,0.0,0.0,0.009,0.0,1
underground,45,16.701,6.33199977874756,0.0,48.338,0.035,0.0,0,131.019813537598,0,1715040,false,349.354196548462,0.0,0.0,0.012,0.0,1
underground,46,16.642,5.43300008773804,0.0,48.338,0.035,0.0,0,131.019813537598,0,1715040,false,349.354196548462,0.0,0.0,0.012,0.0,1
underground,47,18.272,5.44000005722046,0.0,48.338,0.035,0.0,0,131.019813537598,0,1715040,false,349.36036491394,0.0,0.0,0.009,0.0,1
underground,48,14.909,5.45599985122681,0.0,48.338,0.035,0.0,0,131.019813537598,0,1715040,false,349.36036491394,0.0,0.0,0.015,0.0,1
underground,49,16.696,5.45100021362305,0.0,48.338,0.035,0.0,0,131.019813537598,0,1715040,false,349.36036491394,0.0,0.0,0.012,0.0,1
underground,50,16.754,6.02699995040894,0.0,48.338,0.035,0.0,0,131.019813537598,0,1715040,false,349.36036491394,0.0,0.0,0.013,0.0,1
underground,51,17.3,5.86899995803833,0.0,48.338,0.035,0.0,0,131.019813537598,0,1715040,false,349.360425949097,0.0,0.0,0.013,0.0,1
underground,52,16.465,5.46500015258789,0.0,48.338,0.035,0.0,0,131.019813537598,0,1715040,false,349.36036491394,0.0,0.0,0.013,0.0,1
underground,53,16.097,5.45900011062622,0.0,48.338,0.035,0.0,0,131.019813537598,0,1715040,false,349.36036491394,0.0,0.0,0.013,0.0,1
underground,54,19.662,5.45900011062622,0.0,48.338,0.035,0.0,0,131.019813537598,0,1715040,false,349.366533279419,0.0,0.0,0.013,0.0,1
underground,55,13.779,5.46000003814697,0.0,48.338,0.035,0.0,0,131.019813537598,0,1715040,false,349.366533279419,0.0,0.0,0.012,0.0,1
underground,56,16.564,5.44500017166138,0.0,48.338,0.035,0.0,0,131.019813537598,0,1715040,false,349.366533279419,0.0,0.0,0.013,0.0,1
underground,57,16.749,6.39599990844727,0.0,48.338,0.035,0.0,0,131.019813537598,0,1715040,false,349.366533279419,0.0,0.0,0.014,0.0,1
underground,58,16.651,5.46099996566772,0.0,48.338,0.035,0.0,0,131.019813537598,0,1715040,false,349.366533279419,0.0,0.0,0.013,0.0,1
underground,59,16.58,5.44299983978271,0.0,48.338,0.035,0.0,0,131.019813537598,0,1715040,false,349.366529464722,0.0,0.0,0.013,0.0,1
underground,60,16.746,5.44600009918213,0.0,48.338,0.035,0.0,0,131.019813537598,0,1715040,false,349.366533279419,0.0,0.0,0.012,0.0,1
underground,61,19.803,6.3289999961853,0.0,48.338,0.035,0.0,0,131.019813537598,0,1715040,false,349.3726978302,0.0,0.0,0.013,0.0,1
underground,62,13.466,5.45900011062622,0.0,48.338,0.035,0.0,0,131.019813537598,0,1715040,false,349.372701644897,0.0,0.0,0.012,0.0,1
underground,63,17.092,6.41900014877319,0.0,48.338,0.035,0.0,0,131.019813537598,0,1715040,false,349.37412071228,0.0,0.0,0.013,0.0,1
underground,64,16.249,5.45900011062622,0.0,48.338,0.035,0.0,0,131.019813537598,0,1715040,false,349.37412071228,0.0,0.0,0.012,0.0,1
underground,65,16.765,5.45499992370605,0.0,48.338,0.035,0.0,0,131.019813537598,0,1715040,false,349.37412071228,0.0,0.0,0.013,0.0,1
underground,66,16.698,5.44999980926514,0.0,48.338,0.035,0.0,0,131.019813537598,0,1715040,false,349.37412071228,0.0,0.0,0.013,0.0,1
underground,67,17.547,5.44899988174438,0.0,48.338,0.035,0.0,0,131.019813537598,0,1715040,false,349.374189376831,0.0,0.0,0.012,0.0,1
underground,68,18.595,5.45100021362305,0.0,48.338,0.035,0.0,0,131.019813537598,0,1715040,false,349.380289077759,0.0,0.0,0.013,0.0,1
underground,69,13.754,6.39699983596802,0.0,48.338,0.035,0.0,0,131.019813537598,0,1715040,false,349.380289077759,0.0,0.0,0.013,0.0,1
underground,70,16.766,5.45100021362305,0.0,48.338,0.035,0.0,0,131.019813537598,0,1715040,false,349.380289077759,0.0,0.0,0.013,0.0,1
underground,71,16.763,5.46099996566772,0.0,48.338,0.035,0.0,0,131.019813537598,0,1715040,false,349.380289077759,0.0,0.0,0.012,0.0,1
underground,72,17.194,5.45300006866455,0.0,48.338,0.035,0.0,0,131.019813537598,0,1715040,false,349.380289077759,0.0,0.0,0.013,0.0,1
underground,73,15.989,5.45800018310547,0.0,48.338,0.035,0.0,0,131.019813537598,0,1715040,false,349.380289077759,0.0,0.0,0.013,0.0,1
underground,74,16.681,5.44899988174438,0.0,48.338,0.035,0.0,0,131.019813537598,0,1715040,false,349.380289077759,0.0,0.0,0.013,0.0,1
underground,75,19.896,5.46400022506714,0.0,48.338,0.035,0.0,0,131.019813537598,0,1715040,false,349.386457443237,0.0,0.0,0.012,0.0,1
underground,76,13.682,5.46000003814697,0.0,48.338,0.035,0.0,0,131.019813537598,0,1715040,false,349.386457443237,0.0,0.0,0.012,0.0,1
underground,77,16.577,5.44999980926514,0.0,48.338,0.035,0.0,0,131.019813537598,0,1715040,false,349.386457443237,0.0,0.0,0.012,0.0,1
underground,78,16.444,5.46000003814697,0.0,48.338,0.035,0.0,0,131.019813537598,0,1715040,false,349.386457443237,0.0,0.0,0.013,0.0,1
underground,79,16.59,5.46299982070923,0.0,48.338,0.035,0.0,0,131.019813537598,0,1715040,false,349.38645362854,0.0,0.0,0.012,0.0,1
underground,80,17.261,5.46400022506714,0.0,48.338,0.035,0.0,0,131.019813537598,0,1715040,false,349.386457443237,0.0,0.0,0.012,0.0,1
underground,81,16.214,5.46299982070923,0.0,48.338,0.035,0.0,0,131.019813537598,0,1715040,false,349.386457443237,0.0,0.0,0.012,0.0,1
underground,82,19.958,5.45699977874756,0.0,48.338,0.035,0.0,0,131.019813537598,0,1715040,false,349.392625808716,0.0,0.0,0.012,0.0,1
underground,83,13.945,5.46099996566772,0.0,48.338,0.035,0.0,0,131.019813537598,0,1715040,false,349.392694473267,0.0,0.0,0.012,0.0,1
underground,84,15.95,5.46600008010864,0.0,48.338,0.035,0.0,0,131.019813537598,0,1715040,false,349.392621994019,0.0,0.0,0.013,0.0,1
underground,85,16.728,5.47499990463257,0.0,48.338,0.035,0.0,0,131.019813537598,0,1715040,false,349.392625808716,0.0,0.0,0.013,0.0,1
underground,86,16.735,5.47200012207031,0.0,48.338,0.035,0.0,0,131.019813537598,0,1715040,false,349.392625808716,0.0,0.0,0.013,0.0,1
underground,87,16.581,5.8730001449585,0.0,48.338,0.035,0.0,0,131.019813537598,0,1715040,false,349.392621994019,0.0,0.0,0.013,0.0,1
underground,88,16.62,5.46799993515015,0.0,48.338,0.035,0.0,0,131.019813537598,0,1715040,false,349.392621994019,0.0,0.0,0.012,0.0,1
underground,89,19.486,5.46799993515015,0.0,48.338,0.035,0.0,0,131.019813537598,0,1715040,false,349.398794174194,0.0,0.0,0.011,0.0,1
underground,90,13.962,5.46299982070923,0.0,48.338,0.035,0.0,0,131.019813537598,0,1715040,false,349.398794174194,0.0,0.0,0.013,0.0,1
underground,91,16.817,5.46400022506714,0.0,48.338,0.035,0.0,0,131.019813537598,0,1715040,false,349.398794174194,0.0,0.0,0.013,0.0,1
underground,92,16.505,5.45100021362305,0.0,48.338,0.035,0.0,0,131.019813537598,0,1715040,false,349.398794174194,0.0,0.0,0.012,0.0,1
underground,93,16.616,5.46099996566772,0.0,48.338,0.035,0.0,0,131.019813537598,0,1715040,false,349.398794174194,0.0,0.0,0.012,0.0,1
underground,94,16.744,5.89300012588501,0.0,48.338,0.035,0.0,0,131.019813537598,0,1715040,false,349.400945663452,0.0,0.0,0.013,0.0,1
underground,95,16.848,5.44600009918213,0.0,48.338,0.035,0.0,0,131.019813537598,0,1715040,false,349.400945663452,0.0,0.0,0.013,0.0,1
underground,96,19.487,5.45100021362305,0.0,48.338,0.035,0.0,0,131.019813537598,0,1715040,false,349.407114028931,0.0,0.0,0.013,0.0,1
underground,97,13.656,5.46000003814697,0.0,48.338,0.035,0.0,0,131.019813537598,0,1715040,false,349.407114028931,0.0,0.0,0.013,0.0,1
underground,98,16.651,5.44700002670288,0.0,48.338,0.035,0.0,0,131.019813537598,0,1715040,false,349.407114028931,0.0,0.0,0.013,0.0,1
underground,99,17.27,5.45499992370605,0.0,48.338,0.035,0.0,0,131.019813537598,0,1715040,false,349.407178878784,0.0,0.0,0.012,0.0,1
underground,100,16.014,5.44799995422363,0.0,48.338,0.035,0.0,0,131.019813537598,0,1715040,false,349.407117843628,0.0,0.0,0.012,0.0,1
underground,101,16.738,5.44000005722046,0.0,48.338,0.035,0.0,0,131.019813537598,0,1715040,false,349.406423568726,0.0,0.0,0.012,0.0,1
underground,102,16.583,5.4539999961853,0.0,48.338,0.035,0.0,0,131.019813537598,0,1715040,false,349.406419754028,0.0,0.0,0.012,0.0,1
underground,103,19.749,5.44399976730347,0.0,48.338,0.035,0.0,0,131.019813537598,0,1715040,false,349.412591934204,0.0,0.0,0.013,0.0,1
underground,104,13.873,5.45800018310547,0.0,48.338,0.035,0.0,0,131.019813537598,0,1715040,false,349.412591934204,0.0,0.0,0.014,0.0,1
underground,105,16.836,5.45800018310547,0.0,48.338,0.035,0.0,0,131.019813537598,0,1715040,false,349.412591934204,0.0,0.0,0.013,0.0,1
underground,106,16.36,5.43900012969971,0.0,48.338,0.035,0.0,0,131.019813537598,0,1715040,false,349.412588119507,0.0,0.0,0.014,0.0,1
underground,107,16.544,5.46400022506714,0.0,48.338,0.035,0.0,0,131.019813537598,0,1715040,false,349.412591934204,0.0,0.0,0.011,0.0,1
underground,108,17.028,5.47499990463257,0.0,48.338,0.035,0.0,0,131.019813537598,0,1715040,false,349.412591934204,0.0,0.0,0.013,0.0,1
underground,109,16.473,5.44799995422363,0.0,48.338,0.035,0.0,0,131.019813537598,0,1715040,false,349.412591934204,0.0,0.0,0.013,0.0,1
underground,110,18.454,5.43599987030029,0.0,48.338,0.035,0.0,0,131.019813537598,0,1715040,false,349.418760299683,0.0,0.0,0.01,0.0,1
underground,111,14.877,5.44999980926514,0.0,48.338,0.035,0.0,0,131.019813537598,0,1715040,false,349.418760299683,0.0,0.0,0.012,0.0,1
underground,112,16.384,5.45300006866455,0.0,48.338,0.035,0.0,0,131.019813537598,0,1715040,false,349.418760299683,0.0,0.0,0.011,0.0,1
underground,113,16.576,5.47700023651123,0.0,48.338,0.035,0.0,0,131.019813537598,0,1715040,false,349.418760299683,0.0,0.0,0.008,0.0,1
underground,114,16.929,5.45800018310547,0.0,48.338,0.035,0.0,0,131.019813537598,0,1715040,false,349.418760299683,0.0,0.0,0.013,0.0,1
underground,115,17.416,5.44099998474121,0.0,48.338,0.035,0.0,0,131.019813537598,0,1715040,false,349.418828964233,0.0,0.0,0.012,0.0,1
underground,116,16.138,5.46700000762939,0.0,48.338,0.035,0.0,0,131.019813537598,0,1715040,false,349.418760299683,0.0,0.0,0.013,0.0,1
underground,117,19.216,5.45300006866455,0.0,48.338,0.035,0.0,0,131.019813537598,0,1715040,false,349.424928665161,0.0,0.0,0.012,0.0,1
underground,118,13.826,5.45100021362305,0.0,48.338,0.035,0.0,0,131.019813537598,0,1715040,false,349.424928665161,0.0,0.0,0.012,0.0,1
underground,119,16.886,5.46600008010864,0.0,48.338,0.035,0.0,0,131.019813537598,0,1715040,false,349.424928665161,0.0,0.0,0.013,0.0,1
underground,120,16.596,5.44199991226196,0.0,48.338,0.035,0.0,0,131.019813537598,0,1715040,false,349.424928665161,0.0,0.0,0.013,0.0,1
underground,121,16.567,5.86299991607666,0.0,48.338,0.035,0.0,0,131.019813537598,0,1715040,false,349.424928665161,0.0,0.0,0.013,0.0,1
underground,122,16.791,5.44899988174438,0.0,48.338,0.035,0.0,0,131.019813537598,0,1715040,false,349.424928665161,0.0,0.0,0.014,0.0,1
underground,123,16.596,5.44799995422363,0.0,48.338,0.035,0.0,0,131.019813537598,0,1715040,false,349.424928665161,0.0,0.0,0.013,0.0,1
underground,124,20.389,5.43699979782104,0.0,48.338,0.035,0.0,0,131.019813537598,0,1715040,false,349.43109703064,0.0,0.0,0.013,0.0,1
underground,125,12.883,5.44999980926514,0.0,48.338,0.035,0.0,0,131.019813537598,0,1715040,false,349.43109703064,0.0,0.0,0.012,0.0,1
underground,126,16.706,5.44099998474121,0.0,48.338,0.035,0.0,0,131.019813537598,0,1715040,false,349.43109703064,0.0,0.0,0.012,0.0,1
underground,127,16.566,5.44799995422363,0.0,48.338,0.035,0.0,0,131.019813537598,0,1715040,false,349.43109703064,0.0,0.0,0.012,0.0,1
underground,128,16.686,5.44199991226196,0.0,48.338,0.035,0.0,0,131.019813537598,0,1715040,false,349.43109703064,0.0,0.0,0.012,0.0,1
underground,129,16.637,5.44899988174438,0.0,48.338,0.035,0.0,0,131.019813537598,0,1715040,false,349.43109703064,0.0,0.0,0.012,0.0,1
underground,130,16.792,5.4520001411438,0.0,48.338,0.035,0.0,0,131.019813537598,0,1715040,false,349.431093215942,0.0,0.0,0.013,0.0,1
underground,131,20.82,5.44700002670288,0.0,48.338,0.035,0.0,0,131.019813537598,0,1715040,false,349.437330245972,0.0,0.0,0.011,0.0,1
underground,132,12.408,5.45499992370605,0.0,48.338,0.035,0.0,0,131.019813537598,0,1715040,false,349.437265396118,0.0,0.0,0.014,0.0,1
underground,133,16.602,5.57800006866455,0.0,48.338,0.035,0.0,0,131.019813537598,0,1715040,false,349.437265396118,0.0,0.0,0.012,0.0,1
underground,134,16.661,5.57800006866455,0.0,48.338,0.035,0.0,0,131.019813537598,0,1715040,false,349.437265396118,0.0,0.0,0.012,0.0,1
underground,135,17.009,5.5789999961853,0.0,48.338,0.035,0.0,0,131.019813537598,0,1715040,false,349.437261581421,0.0,0.0,0.013,0.0,1
underground,136,16.456,5.57600021362305,0.0,48.338,0.035,0.0,0,131.019813537598,0,1715040,false,349.437265396118,0.0,0.0,0.013,0.0,1
underground,137,16.581,5.57600021362305,0.0,48.338,0.035,0.0,0,131.019813537598,0,1715040,false,349.437265396118,0.0,0.0,0.012,0.0,1
underground,138,19.661,5.5770001411438,0.0,48.338,0.035,0.0,0,131.019813537598,0,1715040,false,349.443429946899,0.0,0.0,0.013,0.0,1
underground,139,13.8,5.56500005722046,0.0,48.338,0.035,0.0,0,131.019813537598,0,1715040,false,349.443426132202,0.0,0.0,0.012,0.0,1
underground,140,17.044,5.57200002670288,0.0,48.338,0.035,0.0,0,131.019813537598,0,1715040,false,349.443433761597,0.0,0.0,0.012,0.0,1
underground,141,16.164,5.57499980926514,0.0,48.338,0.035,0.0,0,131.019813537598,0,1715040,false,349.4466381073,0.0,0.0,0.012,0.0,1
underground,142,16.669,6.02199983596802,0.0,48.338,0.035,0.0,0,131.019813537598,0,1715040,false,349.4466381073,0.0,0.0,0.012,0.0,1
underground,143,16.606,5.56599998474121,0.0,48.338,0.035,0.0,0,131.019813537598,0,1715040,false,349.4466381073,0.0,0.0,0.011,0.0,1
underground,144,16.707,5.57100009918213,0.0,48.338,0.035,0.0,0,131.019813537598,0,1715040,false,349.4466381073,0.0,0.0,0.011,0.0,1
underground,145,19.339,5.58099985122681,0.0,48.338,0.035,0.0,0,131.019813537598,0,1715040,false,349.452806472778,0.0,0.0,0.012,0.0,1
underground,146,13.952,5.58900022506714,0.0,48.338,0.035,0.0,0,131.019813537598,0,1715040,false,349.452806472778,0.0,0.0,0.027,0.0,1
underground,147,17.357,5.57299995422363,0.0,48.338,0.035,0.0,0,131.019813537598,0,1715040,false,349.452875137329,0.0,0.0,0.017,0.0,1
underground,148,16.118,5.5789999961853,0.0,48.338,0.035,0.0,0,131.019813537598,0,1715040,false,349.452802658081,0.0,0.0,0.014,0.0,1
underground,149,16.545,5.5770001411438,0.0,48.338,0.035,0.0,0,131.019813537598,0,1715040,false,349.452802658081,0.0,0.0,0.012,0.0,1
underground,150,16.778,5.59299993515015,0.0,48.338,0.035,0.0,0,131.019813537598,0,1715040,false,349.452806472778,0.0,0.0,0.014,0.0,1
underground,151,16.812,5.57600021362305,0.0,48.338,0.035,0.0,0,131.019813537598,0,1715040,false,349.452806472778,0.0,0.0,0.014,0.0,1
underground,152,19.644,5.57100009918213,0.0,48.338,0.035,0.0,0,131.019813537598,0,1715040,false,349.458974838257,0.0,0.0,0.012,0.0,1
underground,153,13.51,5.58300018310547,0.0,48.338,0.035,0.0,0,131.019813537598,0,1715040,false,349.45897102356,0.0,0.0,0.012,0.0,1
underground,154,16.693,5.63100004196167,0.0,48.338,0.035,0.0,0,131.019813537598,0,1715040,false,349.458974838257,0.0,0.0,0.013,0.0,1
underground,155,16.461,5.58599996566772,0.0,48.338,0.035,0.0,0,131.019813537598,0,1715040,false,349.458974838257,0.0,0.0,0.009,0.0,1
underground,156,17.076,5.61299991607666,0.0,48.338,0.035,0.0,0,131.019813537598,0,1715040,false,349.458974838257,0.0,0.0,0.014,0.0,1
underground,157,16.305,5.59499979019165,0.0,48.338,0.035,0.0,0,131.019813537598,0,1715040,false,349.458974838257,0.0,0.0,0.012,0.0,1
underground,158,17.385,5.56799983978271,0.0,48.338,0.035,0.0,0,131.019813537598,0,1715040,false,349.458974838257,0.0,0.0,0.013,0.0,1
underground,159,19.392,5.57800006866455,0.0,48.338,0.035,0.0,0,131.019813537598,0,1715040,false,349.465143203735,0.0,0.0,0.011,0.0,1
underground,160,13.537,5.57299995422363,0.0,48.338,0.035,0.0,0,131.019813537598,0,1715040,false,349.465143203735,0.0,0.0,0.013,0.0,1
underground,161,16.412,5.58300018310547,0.0,48.338,0.035,0.0,0,131.019813537598,0,1715040,false,349.465143203735,0.0,0.0,0.012,0.0,1
underground,162,16.818,5.58400011062622,0.0,48.338,0.035,0.0,0,131.019813537598,0,1715040,false,349.465143203735,0.0,0.0,0.011,0.0,1
underground,163,16.996,5.57399988174438,0.0,48.338,0.035,0.0,0,131.019813537598,0,1715040,false,349.465211868286,0.0,0.0,0.012,0.0,1
underground,164,16.403,5.57299995422363,0.0,48.338,0.035,0.0,0,131.019813537598,0,1715040,false,349.465143203735,0.0,0.0,0.014,0.0,1
underground,165,16.646,5.56699991226196,0.0,48.338,0.035,0.0,0,131.019813537598,0,1715040,false,349.465143203735,0.0,0.0,0.013,0.0,1
underground,166,17.751,5.59700012207031,0.0,48.338,0.035,0.0,0,131.019813537598,0,1715040,false,349.471311569214,0.0,0.0,0.007,0.0,1
underground,167,15.41,5.60699987411499,0.0,48.338,0.035,0.0,0,131.019813537598,0,1715040,false,349.471307754517,0.0,0.0,0.007,0.0,1
underground,168,16.72,6.00500011444092,0.0,48.338,0.035,0.0,0,131.019813537598,0,1715040,false,349.471307754517,0.0,0.0,0.014,0.0,1
underground,169,16.916,5.60699987411499,0.0,48.338,0.035,0.0,0,131.019813537598,0,1715040,false,349.471311569214,0.0,0.0,0.013,0.0,1
underground,170,16.382,5.58400011062622,0.0,48.338,0.035,0.0,0,131.019813537598,0,1715040,false,349.471311569214,0.0,0.0,0.013,0.0,1
underground,171,16.612,5.57999992370605,0.0,48.338,0.035,0.0,0,131.019813537598,0,1715040,false,349.471311569214,0.0,0.0,0.012,0.0,1
underground,172,17.533,6.05399990081787,0.0,48.338,0.035,0.0,0,131.019813537598,0,1715040,false,349.471311569214,0.0,0.0,0.013,0.0,1
underground,173,19.17,5.58199977874756,0.0,48.338,0.035,0.0,0,131.019813537598,0,1715040,false,349.477476119995,0.0,0.0,0.013,0.0,1
underground,174,13.321,5.59100008010864,0.0,48.338,0.035,0.0,0,131.019813537598,0,1715040,false,349.477479934692,0.0,0.0,0.012,0.0,1
underground,175,16.664,5.61299991607666,0.0,48.338,0.035,0.0,0,131.019813537598,0,1715040,false,349.477479934692,0.0,0.0,0.009,0.0,1
underground,176,16.824,5.59100008010864,0.0,48.338,0.035,0.0,0,131.019813537598,0,1715040,false,349.477479934692,0.0,0.0,0.012,0.0,1
underground,177,16.674,5.56400012969971,0.0,48.338,0.035,0.0,0,131.019813537598,0,1715040,false,349.477479934692,0.0,0.0,0.012,0.0,1
underground,178,16.809,5.59299993515015,0.0,48.338,0.035,0.0,0,131.019813537598,0,1715040,false,349.477479934692,0.0,0.0,0.013,0.0,1
underground,179,17.163,6.0149998664856,0.0,48.338,0.035,0.0,0,131.019813537598,0,1715040,false,349.477544784546,0.0,0.0,0.013,0.0,1
underground,180,18.85,5.60900020599365,0.0,48.338,0.035,0.0,0,131.019813537598,0,1715040,false,349.483644485474,0.0,0.0,0.013,0.0,1
underground,181,13.73,5.59899997711182,0.0,48.338,0.035,0.0,0,131.019813537598,0,1715040,false,349.483644485474,0.0,0.0,0.012,0.0,1
underground,182,16.738,5.60200023651123,0.0,48.338,0.035,0.0,0,131.019813537598,0,1715040,false,349.483648300171,0.0,0.0,0.014,0.0,1
underground,183,16.625,5.59100008010864,0.0,48.338,0.035,0.0,0,131.019813537598,0,1715040,false,349.483648300171,0.0,0.0,0.012,0.0,1
underground,184,17.106,5.59899997711182,0.0,48.338,0.035,0.0,0,131.019813537598,0,1715040,false,349.483648300171,0.0,0.0,0.013,0.0,1
underground,185,16.272,5.59800004959106,0.0,48.338,0.035,0.0,0,131.019813537598,0,1715040,false,349.483648300171,0.0,0.0,0.013,0.0,1
underground,186,16.566,5.58500003814697,0.0,48.338,0.035,0.0,0,131.019813537598,0,1715040,false,349.483648300171,0.0,0.0,0.013,0.0,1
underground,187,20.053,5.58799982070923,0.0,48.338,0.035,0.0,0,131.019813537598,0,1715040,false,349.489816665649,0.0,0.0,0.012,0.0,1
underground,188,13.225,5.59100008010864,0.0,48.338,0.035,0.0,0,131.019813537598,0,1715040,false,349.489816665649,0.0,0.0,0.011,0.0,1
underground,189,16.47,5.58099985122681,0.0,48.338,0.035,0.0,0,131.019813537598,0,1715040,false,349.489812850952,0.0,0.0,0.007,0.0,1
underground,190,16.823,5.60200023651123,0.0,48.338,0.035,0.0,0,131.019813537598,0,1715040,false,349.489816665649,0.0,0.0,0.011,0.0,1
underground,191,16.654,5.6100001335144,0.0,48.338,0.035,0.0,0,131.019813537598,0,1715040,false,349.489812850952,0.0,0.0,0.012,0.0,1
underground,192,16.619,5.59200000762939,0.0,48.338,0.035,0.0,0,131.019813537598,0,1715040,false,349.489816665649,0.0,0.0,0.008,0.0,1
underground,193,16.998,5.58799982070923,0.0,48.338,0.035,0.0,0,131.019813537598,0,1715040,false,349.489816665649,0.0,0.0,0.012,0.0,1
underground,194,19.569,5.59600019454956,0.0,48.338,0.035,0.0,0,131.019813537598,0,1715040,false,349.495985031128,0.0,0.0,0.014,0.0,1
underground,195,14.201,5.57000017166138,0.0,48.338,0.035,0.0,0,131.019813537598,0,1715040,false,349.496053695679,0.0,0.0,0.014,0.0,1
underground,196,16.235,5.59800004959106,0.0,48.338,0.035,0.0,0,131.019813537598,0,1715040,false,349.495985031128,0.0,0.0,0.013,0.0,1
underground,197,16.809,5.58099985122681,0.0,48.338,0.035,0.0,0,131.019813537598,0,1715040,false,349.495985031128,0.0,0.0,0.012,0.0,1
underground,198,16.388,5.57200002670288,0.0,48.338,0.035,0.0,0,131.019813537598,0,1715040,false,349.495985031128,0.0,0.0,0.012,0.0,1
underground,199,16.589,5.58599996566772,0.0,48.338,0.035,0.0,0,131.019813537598,0,1715040,false,349.495985031128,0.0,0.0,0.012,0.0,1
underground,200,17.162,5.57999992370605,0.0,48.338,0.035,0.0,0,131.019813537598,0,1715040,false,349.495985031128,0.0,0.0,0.012,0.0,1
underground,201,20.161,5.58199977874756,0.0,48.338,0.035,0.0,0,131.019813537598,0,1715040,false,349.502153396606,0.0,0.0,0.013,0.0,1
underground,202,12.778,5.60200023651123,0.0,48.338,0.035,0.0,0,131.019813537598,0,1715040,false,349.502153396606,0.0,0.0,0.014,0.0,1
underground,203,16.844,5.57999992370605,0.0,48.338,0.035,0.0,0,131.019813537598,0,1715040,false,349.502153396606,0.0,0.0,0.013,0.0,1
underground,204,16.384,5.57999992370605,0.0,48.338,0.035,0.0,0,131.019813537598,0,1715040,false,349.502153396606,0.0,0.0,0.014,0.0,1
underground,205,16.756,5.59100008010864,0.0,48.338,0.035,0.0,0,131.019813537598,0,1715040,false,349.502153396606,0.0,0.0,0.013,0.0,1
underground,206,16.546,5.59700012207031,0.0,48.338,0.035,0.0,0,131.019813537598,0,1715040,false,349.502153396606,0.0,0.0,0.012,0.0,1
underground,207,16.748,5.58400011062622,0.0,48.338,0.035,0.0,0,131.019813537598,0,1715040,false,349.502153396606,0.0,0.0,0.012,0.0,1
underground,208,20.051,5.59200000762939,0.0,48.338,0.035,0.0,0,131.019813537598,0,1715040,false,349.508321762085,0.0,0.0,0.013,0.0,1
underground,209,13.183,5.59800004959106,0.0,48.338,0.035,0.0,0,131.019813537598,0,1715040,false,349.508321762085,0.0,0.0,0.013,0.0,1
underground,210,16.687,5.59499979019165,0.0,48.338,0.035,0.0,0,131.019813537598,0,1715040,false,349.508321762085,0.0,0.0,0.012,0.0,1
underground,211,16.978,5.59299993515015,0.0,48.338,0.035,0.0,0,131.019813537598,0,1715040,false,349.51319694519,0.0,0.0,0.012,0.0,1
underground,212,16.367,5.60200023651123,0.0,48.338,0.035,0.0,0,131.019813537598,0,1715040,false,349.51312828064,0.0,0.0,0.01,0.0,1
underground,213,16.638,5.58900022506714,0.0,48.338,0.035,0.0,0,131.019813537598,0,1715040,false,349.51312828064,0.0,0.0,0.011,0.0,1
underground,214,16.867,5.61899995803833,0.0,48.338,0.035,0.0,0,131.019813537598,0,1715040,false,349.51312828064,0.0,0.0,0.013,0.0,1
underground,215,19.296,5.59999990463257,0.0,48.338,0.035,0.0,0,131.019813537598,0,1715040,false,349.519296646118,0.0,0.0,0.012,0.0,1
underground,216,13.943,5.58599996566772,0.0,48.338,0.035,0.0,0,131.019813537598,0,1715040,false,349.519296646118,0.0,0.0,0.012,0.0,1
underground,217,16.661,5.58799982070923,0.0,48.338,0.035,0.0,0,131.019813537598,0,1715040,false,349.519296646118,0.0,0.0,0.012,0.0,1
underground,218,16.738,5.57100009918213,0.0,48.338,0.035,0.0,0,131.019813537598,0,1715040,false,349.519296646118,0.0,0.0,0.014,0.0,1
underground,219,16.573,5.59899997711182,0.0,48.338,0.035,0.0,0,131.019813537598,0,1715040,false,349.519296646118,0.0,0.0,0.013,0.0,1
underground,220,16.824,6.01599979400635,0.0,48.338,0.035,0.0,0,131.019813537598,0,1715040,false,349.519296646118,0.0,0.0,0.013,0.0,1
underground,221,16.472,5.58699989318848,0.0,48.338,0.035,0.0,0,131.019813537598,0,1715040,false,349.519296646118,0.0,0.0,0.012,0.0,1
underground,222,19.568,5.59899997711182,0.0,48.338,0.035,0.0,0,131.019813537598,0,1715040,false,349.525465011597,0.0,0.0,0.014,0.0,1
underground,223,13.764,5.58400011062622,0.0,48.338,0.035,0.0,0,131.019813537598,0,1715040,false,349.525465011597,0.0,0.0,0.012,0.0,1
underground,224,16.71,5.60300016403198,0.0,48.338,0.035,0.0,0,131.019813537598,0,1715040,false,349.525461196899,0.0,0.0,0.013,0.0,1
underground,225,16.581,5.59999990463257,0.0,48.338,0.035,0.0,0,131.019813537598,0,1715040,false,349.525465011597,0.0,0.0,0.012,0.0,1
underground,226,16.713,5.59600019454956,0.0,48.338,0.035,0.0,0,131.019813537598,0,1715040,false,349.525465011597,0.0,0.0,0.013,0.0,1
underground,227,17.428,5.60599994659424,0.0,48.338,0.035,0.0,0,131.019813537598,0,1715040,false,349.525533676147,0.0,0.0,0.012,0.0,1
underground,228,16.089,5.59200000762939,0.0,48.338,0.035,0.0,0,131.019813537598,0,1715040,false,349.527032852173,0.0,0.0,0.012,0.0,1
underground,229,19.923,5.6100001335144,0.0,48.338,0.035,0.0,0,131.019813537598,0,1715040,false,349.533197402954,0.0,0.0,0.013,0.0,1
underground,230,13.21,5.58799982070923,0.0,48.338,0.035,0.0,0,131.019813537598,0,1715040,false,349.533197402954,0.0,0.0,0.013,0.0,1
underground,231,16.757,5.59200000762939,0.0,48.338,0.035,0.0,0,131.019813537598,0,1715040,false,349.533201217651,0.0,0.0,0.013,0.0,1
underground,232,16.89,6.13500022888184,0.0,48.338,0.035,0.0,0,131.019813537598,0,1715040,false,349.533197402954,0.0,0.0,0.013,0.0,1
underground,233,16.41,5.59299993515015,0.0,48.338,0.035,0.0,0,131.019813537598,0,1715040,false,349.533197402954,0.0,0.0,0.013,0.0,1
underground,234,16.587,6.01700019836426,0.0,48.338,0.035,0.0,0,131.019813537598,0,1715040,false,349.533201217651,0.0,0.0,0.013,0.0,1
underground,235,16.663,5.59000015258789,0.0,48.338,0.035,0.0,0,131.019813537598,0,1715040,false,349.533201217651,0.0,0.0,0.013,0.0,1
underground,236,19.719,5.58599996566772,0.0,48.338,0.035,0.0,0,131.019813537598,0,1715040,false,349.53936958313,0.0,0.0,0.013,0.0,1
underground,237,13.757,5.61299991607666,0.0,48.338,0.035,0.0,0,131.019813537598,0,1715040,false,349.53936958313,0.0,0.0,0.014,0.0,1
underground,238,16.656,5.59800004959106,0.0,48.338,0.035,0.0,0,131.019813537598,0,1715040,false,349.53936958313,0.0,0.0,0.012,0.0,1
underground,239,16.797,5.62400007247925,0.0,48.338,0.035,0.0,0,131.019813537598,0,1715040,false,349.53936958313,0.0,0.0,0.014,0.0,1
underground,240,16.402,5.59800004959106,0.0,48.338,0.035,0.0,0,131.019813537598,0,1715040,false,349.53936958313,0.0,0.0,0.012,0.0,1
underground,241,16.53,5.60400009155273,0.0,48.338,0.035,0.0,0,131.019813537598,0,1715040,false,349.539365768433,0.0,0.0,0.009,0.0,1
underground,242,16.724,5.61800003051758,0.0,48.338,0.035,0.0,0,131.019813537598,0,1715040,false,349.53936958313,0.0,0.0,0.01,0.0,1
underground,243,18.411,5.64300012588501,0.0,48.338,0.035,0.0,0,131.019813537598,0,1715040,false,349.545606613159,0.0,0.0,0.007,0.0,1
underground,244,15.075,5.59700012207031,0.0,48.338,0.035,0.0,0,131.019813537598,0,1715040,false,349.545537948608,0.0,0.0,0.009,0.0,1
underground,245,16.68,5.5939998626709,0.0,48.338,0.035,0.0,0,131.019813537598,0,1715040,false,349.545530319214,0.0,0.0,0.01,0.0,1
underground,246,16.681,6.49300003051758,0.0,48.338,0.035,0.0,0,131.019813537598,0,1715040,false,349.545537948608,0.0,0.0,0.012,0.0,1
underground,247,16.568,5.61800003051758,0.0,48.338,0.035,0.0,0,131.019813537598,0,1715040,false,349.545537948608,0.0,0.0,0.013,0.0,1
underground,248,16.688,5.60200023651123,0.0,48.338,0.035,0.0,0,131.019813537598,0,1715040,false,349.545537948608,0.0,0.0,0.013,0.0,1
underground,249,16.715,5.6100001335144,0.0,48.338,0.035,0.0,0,131.019813537598,0,1715040,false,349.545534133911,0.0,0.0,0.014,0.0,1
underground,250,18.01,5.59999990463257,0.0,48.338,0.035,0.0,0,131.019813537598,0,1715040,false,349.55170249939,0.0,0.0,0.007,0.0,1
underground,251,15.139,5.59999990463257,0.0,48.338,0.035,0.0,0,131.019813537598,0,1715040,false,349.551706314087,0.0,0.0,0.009,0.0,1
underground,252,16.693,5.59200000762939,0.0,48.338,0.035,0.0,0,131.019813537598,0,1715040,false,349.551706314087,0.0,0.0,0.011,0.0,1
underground,253,16.749,5.35500001907349,0.0,48.338,0.035,0.0,0,131.019813537598,0,1715040,false,349.551706314087,0.0,0.0,0.012,0.0,1
underground,254,16.841,5.35300016403198,0.0,48.338,0.035,0.0,0,131.019813537598,0,1715040,false,349.551706314087,0.0,0.0,0.013,0.0,1
underground,255,16.565,5.34899997711182,0.0,48.338,0.035,0.0,0,131.019813537598,0,1715040,false,349.551706314087,0.0,0.0,0.012,0.0,1
underground,256,16.846,5.36700010299683,0.0,48.338,0.035,0.0,0,131.019813537598,0,1715040,false,349.551706314087,0.0,0.0,0.013,0.0,1
underground,257,19.817,5.36100006103516,0.0,48.338,0.035,0.0,0,131.019813537598,0,1715040,false,349.557874679565,0.0,0.0,0.012,0.0,1
underground,258,13.412,5.38100004196167,0.0,48.338,0.035,0.0,0,131.019813537598,0,1715040,false,349.557874679565,0.0,0.0,0.012,0.0,1
underground,259,17.19,5.34700012207031,0.0,48.338,0.035,0.0,0,131.019813537598,0,1715040,false,349.557939529419,0.0,0.0,0.011,0.0,1
underground,260,17.677,5.35099983215332,0.0,48.338,0.035,0.0,0,131.019813537598,0,1715040,false,349.557874679565,0.0,0.0,0.01,0.0,1
underground,261,15.165,5.37200021743774,0.0,48.338,0.035,0.0,0,131.019813537598,0,1715040,false,349.557874679565,0.0,0.0,0.013,0.0,1
underground,262,17.191,5.36899995803833,0.0,48.338,0.035,0.0,0,131.019813537598,0,1715040,false,349.557874679565,0.0,0.0,0.014,0.0,1
underground,263,16.353,5.36499977111816,0.0,48.338,0.035,0.0,0,131.019813537598,0,1715040,false,349.557874679565,0.0,0.0,0.012,0.0,1
underground,264,19.621,5.35799980163574,0.0,48.338,0.035,0.0,0,131.019813537598,0,1715040,false,349.564043045044,0.0,0.0,0.012,0.0,1
underground,265,13.361,5.35300016403198,0.0,48.338,0.035,0.0,0,131.019813537598,0,1715040,false,349.564043045044,0.0,0.0,0.013,0.0,1
underground,266,16.828,5.34800004959106,0.0,48.338,0.035,0.0,0,131.019813537598,0,1715040,false,349.564043045044,0.0,0.0,0.012,0.0,1
underground,267,16.442,5.91800022125244,0.0,48.338,0.035,0.0,0,131.019813537598,0,1715040,false,349.564043045044,0.0,0.0,0.011,0.0,1
underground,268,16.894,5.36199998855591,0.0,48.338,0.035,0.0,0,131.019813537598,0,1715040,false,349.564043045044,0.0,0.0,0.013,0.0,1
underground,269,16.539,5.34999990463257,0.0,48.338,0.035,0.0,0,131.019813537598,0,1715040,false,349.564043045044,0.0,0.0,0.012,0.0,1
underground,270,16.781,5.35099983215332,0.0,48.338,0.035,0.0,0,131.019813537598,0,1715040,false,349.564043045044,0.0,0.0,0.012,0.0,1
underground,271,19.889,5.35599994659424,0.0,48.338,0.035,0.0,0,131.019813537598,0,1715040,false,349.570211410522,0.0,0.0,0.013,0.0,1
underground,272,13.488,5.3769998550415,0.0,48.338,0.035,0.0,0,131.019813537598,0,1715040,false,349.570207595825,0.0,0.0,0.014,0.0,1
underground,273,16.546,5.35799980163574,0.0,48.338,0.035,0.0,0,131.019813537598,0,1715040,false,349.570211410522,0.0,0.0,0.013,0.0,1
underground,274,16.668,5.37099981307983,0.0,48.338,0.035,0.0,0,131.019813537598,0,1715040,false,349.570211410522,0.0,0.0,0.013,0.0,1
underground,275,17.298,5.34999990463257,0.0,48.338,0.035,0.0,0,131.019813537598,0,1715040,false,349.570280075073,0.0,0.0,0.012,0.0,1
underground,276,15.908,5.35599994659424,0.0,48.338,0.035,0.0,0,131.019813537598,0,1715040,false,349.570211410522,0.0,0.0,0.012,0.0,1
underground,277,16.864,5.36600017547607,0.0,48.338,0.035,0.0,0,131.019813537598,0,1715040,false,349.570211410522,0.0,0.0,0.012,0.0,1
underground,278,19.706,5.36800003051758,0.0,48.338,0.035,0.0,0,131.019813537598,0,1715040,false,349.576379776001,0.0,0.0,0.014,0.0,1
underground,279,13.462,5.3600001335144,0.0,48.338,0.035,0.0,0,131.019813537598,0,1715040,false,349.576375961304,0.0,0.0,0.012,0.0,1
underground,280,16.984,5.35300016403198,0.0,48.338,0.035,0.0,0,131.019813537598,0,1715040,false,349.576379776001,0.0,0.0,0.013,0.0,1
underground,281,16.753,5.36199998855591,0.0,48.338,0.035,0.0,0,131.019813537598,0,1715040,false,349.576379776001,0.0,0.0,0.013,0.0,1
underground,282,16.171,5.34999990463257,0.0,48.338,0.035,0.0,0,131.019813537598,0,1715040,false,349.576379776001,0.0,0.0,0.011,0.0,1
underground,283,16.65,5.34899997711182,0.0,48.338,0.035,0.0,0,131.019813537598,0,1715040,false,349.576375961304,0.0,0.0,0.01,0.0,1
underground,284,16.744,5.37799978256226,0.0,48.338,0.035,0.0,0,131.019813537598,0,1715040,false,349.576379776001,0.0,0.0,0.014,0.0,1
underground,285,20.155,5.37200021743774,0.0,48.338,0.035,0.0,0,131.019813537598,0,1715040,false,349.582548141479,0.0,0.0,0.011,0.0,1
underground,286,13.226,5.39200019836426,0.0,48.338,0.035,0.0,0,131.019813537598,0,1715040,false,349.582548141479,0.0,0.0,0.012,0.0,1
underground,287,16.994,5.3600001335144,0.0,48.338,0.035,0.0,0,131.019813537598,0,1715040,false,349.582544326782,0.0,0.0,0.012,0.0,1
underground,288,16.395,5.375,0.0,48.338,0.035,0.0,0,131.019813537598,0,1715040,false,349.58250617981,0.0,0.0,0.013,0.0,1
underground,289,16.549,5.36199998855591,0.0,48.338,0.035,0.0,0,131.019813537598,0,1715040,false,349.582548141479,0.0,0.0,0.011,0.0,1
underground,290,17.175,5.37599992752075,0.0,48.338,0.035,0.0,0,131.019813537598,0,1715040,false,349.582548141479,0.0,0.0,0.013,0.0,1
underground,291,16.804,5.36899995803833,0.0,48.338,0.035,0.0,0,131.019813537598,0,1715040,false,349.58261680603,0.0,0.0,0.012,0.0,1
underground,292,19.448,5.37400007247925,0.0,48.338,0.035,0.0,0,131.019813537598,0,1715040,false,349.588716506958,0.0,0.0,0.013,0.0,1
underground,293,13.275,5.77799987792969,0.0,48.338,0.035,0.0,0,131.019813537598,0,1715040,false,349.588716506958,0.0,0.0,0.013,0.0,1
underground,294,16.692,5.35699987411499,0.0,48.338,0.035,0.0,0,131.019813537598,0,1715040,false,349.588716506958,0.0,0.0,0.013,0.0,1
underground,295,16.509,5.35500001907349,0.0,48.338,0.035,0.0,0,131.019813537598,0,1715040,false,349.588716506958,0.0,0.0,0.011,0.0,1
underground,296,16.857,5.375,0.0,48.338,0.035,0.0,0,131.019813537598,0,1715040,false,349.588674545288,0.0,0.0,0.013,0.0,1
underground,297,16.567,5.36100006103516,0.0,48.338,0.035,0.0,0,131.019813537598,0,1715040,false,349.588716506958,0.0,0.0,0.012,0.0,1
underground,298,16.721,5.36100006103516,0.0,48.338,0.035,0.0,0,131.019813537598,0,1715040,false,349.588716506958,0.0,0.0,0.013,0.0,1
underground,299,19.863,5.36499977111816,0.0,48.338,0.035,0.0,0,131.019813537598,0,1715040,false,349.594884872437,0.0,0.0,0.013,0.0,1
underground,300,13.729,5.37099981307983,0.0,48.338,0.035,0.0,0,131.019813537598,0,1715040,false,349.594884872437,0.0,0.0,0.013,0.0,1
underground,301,16.182,5.37599992752075,0.0,48.338,0.035,0.0,0,131.019813537598,0,1715040,false,349.594884872437,0.0,0.0,0.008,0.0,1
construction,1,11.959,4.64499998092651,0.0,11.482,0.891,0.0,0,129.237365722656,0,1668954,false,342.703765869141,0.0,0.0,0.013,0.0,1
construction,2,16.682,4.64099979400635,0.0,11.482,0.891,0.0,0,129.237365722656,0,1668954,false,342.703765869141,0.0,0.0,0.012,0.0,1
construction,3,20.026,4.50299978256226,0.0,11.482,0.891,0.0,0,129.237365722656,0,1668954,false,342.703880310059,0.0,0.0,0.012,0.0,1
construction,4,13.262,4.61800003051758,0.0,11.482,0.891,0.0,0,129.237365722656,0,1668954,false,342.703903198242,0.0,0.0,0.012,0.0,1
construction,5,16.901,4.61999988555908,0.0,11.482,0.891,0.0,0,129.237365722656,0,1668954,false,342.710071563721,0.0,0.0,0.013,0.0,1
construction,6,16.448,4.61999988555908,0.0,11.482,0.891,0.0,0,129.237365722656,0,1668954,false,342.710208892822,0.0,0.0,0.012,0.0,1
construction,7,16.646,4.61999988555908,0.0,11.482,0.891,0.0,0,129.237365722656,0,1668954,false,342.710208892822,0.0,0.0,0.012,0.0,1
construction,8,16.682,4.62099981307983,0.0,11.482,0.891,0.0,0,129.237365722656,0,1668954,false,342.710208892822,0.0,0.0,0.013,0.0,1
construction,9,16.682,4.625,0.0,11.482,0.891,0.0,0,129.237365722656,0,1668954,false,342.710350036621,0.0,0.0,0.011,0.0,1
construction,10,19.411,5.78000020980835,0.0,11.482,0.891,0.0,0,129.237365722656,0,1668954,false,342.710395812988,0.0,0.0,0.012,0.0,1
construction,11,13.889,4.63899993896484,0.0,11.482,0.891,0.0,0,129.237365722656,0,1668954,false,342.710395812988,0.0,0.0,0.012,0.0,1
construction,12,16.896,4.6399998664856,0.0,11.482,0.891,0.0,0,129.237365722656,0,1668954,false,342.71656036377,0.0,0.0,0.014,0.0,1
construction,13,16.464,4.63700008392334,0.0,11.482,0.891,0.0,0,129.237365722656,0,1668954,false,342.71683883667,0.0,0.0,0.013,0.0,1
construction,14,16.652,4.64099979400635,0.0,11.482,0.891,0.0,0,129.237365722656,0,1668954,false,342.71683883667,0.0,0.0,0.013,0.0,1
construction,15,16.747,4.62099981307983,0.0,11.482,0.891,0.0,0,129.237365722656,0,1668954,false,342.71683883667,0.0,0.0,0.011,0.0,1
construction,16,16.527,4.63899993896484,0.0,11.482,0.891,0.0,0,129.237365722656,0,1668954,false,342.71683883667,0.0,0.0,0.01,0.0,1
construction,17,19.706,4.63000011444092,0.0,11.482,0.891,0.0,0,129.237365722656,0,1668954,false,342.71683883667,0.0,0.0,0.012,0.0,1
construction,18,13.703,4.62900018692017,0.0,11.482,0.891,0.0,0,129.237365722656,0,1668954,false,342.71683883667,0.0,0.0,0.012,0.0,1
construction,19,17.219,4.61199998855591,0.0,11.482,0.891,0.0,0,129.237365722656,0,1668954,false,342.723487854004,0.0,0.0,0.013,0.0,1
construction,20,16.017,4.61499977111816,0.0,11.482,0.891,0.0,0,129.237365722656,0,1668954,false,342.723419189453,0.0,0.0,0.01,0.0,1
construction,21,16.655,4.62099981307983,0.0,11.482,0.891,0.0,0,129.237365722656,0,1668954,false,342.723419189453,0.0,0.0,0.01,0.0,1
construction,22,16.636,4.61299991607666,0.0,11.482,0.891,0.0,0,129.237365722656,0,1668954,false,342.723419189453,0.0,0.0,0.009,0.0,1
construction,23,16.782,4.61299991607666,0.0,11.482,0.891,0.0,0,129.237365722656,0,1668954,false,342.723419189453,0.0,0.0,0.012,0.0,1
construction,24,19.721,4.6269998550415,0.0,11.482,0.891,0.0,0,129.237365722656,0,1668954,false,342.723415374756,0.0,0.0,0.013,0.0,1
construction,25,13.607,4.60900020599365,0.0,11.482,0.891,0.0,0,129.237365722656,0,1668954,false,342.723419189453,0.0,0.0,0.012,0.0,1
construction,26,16.827,4.63800001144409,0.0,11.482,0.891,0.0,0,129.237365722656,0,1668954,false,342.729587554932,0.0,0.0,0.012,0.0,1
construction,27,16.538,5.73199987411499,0.0,11.482,0.891,0.0,0,129.237365722656,0,1668954,false,342.729587554932,0.0,0.0,0.039,0.0,1
construction,28,16.646,4.6100001335144,0.0,11.482,0.891,0.0,0,129.237365722656,0,1668954,false,342.730224609375,0.0,0.0,0.013,0.0,1
construction,29,16.659,4.62099981307983,0.0,11.482,0.891,0.0,0,129.237365722656,0,1668954,false,342.730228424072,0.0,0.0,0.013,0.0,1
construction,30,16.685,4.61499977111816,0.0,11.482,0.891,0.0,0,129.237365722656,0,1668954,false,342.730228424072,0.0,0.0,0.013,0.0,1
construction,31,19.687,5.24399995803833,0.0,11.482,0.891,0.0,0,129.237365722656,0,1668954,false,342.730228424072,0.0,0.0,0.014,0.0,1
construction,32,13.631,4.61800003051758,0.0,11.482,0.891,0.0,0,129.237365722656,0,1668954,false,342.730228424072,0.0,0.0,0.012,0.0,1
construction,33,16.866,4.61700010299683,0.0,11.482,0.891,0.0,0,129.237365722656,0,1668954,false,342.736396789551,0.0,0.0,0.012,0.0,1
construction,34,16.529,4.63700008392334,0.0,11.482,0.891,0.0,0,129.237365722656,0,1668954,false,342.736396789551,0.0,0.0,0.012,0.0,1
construction,35,17.064,4.625,0.0,11.482,0.891,0.0,0,129.237365722656,0,1668954,false,342.736423492432,0.0,0.0,0.012,0.0,1
construction,36,16.178,4.60400009155273,0.0,11.482,0.891,0.0,0,129.237365722656,0,1668954,false,342.736396789551,0.0,0.0,0.012,0.0,1
construction,37,16.663,4.61700010299683,0.0,11.482,0.891,0.0,0,129.237365722656,0,1668954,false,342.736396789551,0.0,0.0,0.011,0.0,1
construction,38,19.552,4.62400007247925,0.0,11.482,0.891,0.0,0,129.237365722656,0,1668954,false,342.736396789551,0.0,0.0,0.012,0.0,1
construction,39,13.833,4.6399998664856,0.0,11.482,0.891,0.0,0,129.237365722656,0,1668954,false,342.736392974854,0.0,0.0,0.012,0.0,1
construction,40,16.868,4.77299976348877,0.0,11.482,0.891,0.0,0,129.237365722656,0,1668954,false,342.742565155029,0.0,0.0,0.014,0.0,1
construction,41,16.453,4.76300001144409,0.0,11.482,0.891,0.0,0,129.237365722656,0,1668954,false,342.742565155029,0.0,0.0,0.01,0.0,1
construction,42,16.67,4.76700019836426,0.0,11.482,0.891,0.0,0,129.237365722656,0,1668954,false,342.743522644043,0.0,0.0,0.013,0.0,1
construction,43,16.678,4.74399995803833,0.0,11.482,0.891,0.0,0,129.237365722656,0,1668954,false,342.74352645874,0.0,0.0,0.013,0.0,1
construction,44,16.618,4.74900007247925,0.0,11.482,0.891,0.0,0,129.237365722656,0,1668954,false,342.74352645874,0.0,0.0,0.012,0.0,1
construction,45,19.98,5.84000015258789,0.0,11.482,0.891,0.0,0,129.237365722656,0,1668954,false,342.743522644043,0.0,0.0,0.012,0.0,1
construction,46,13.412,4.75099992752075,0.0,11.482,0.891,0.0,0,129.237365722656,0,1668954,false,342.74352645874,0.0,0.0,0.013,0.0,1
construction,47,16.755,4.75,0.0,11.482,0.891,0.0,0,129.237365722656,0,1668954,false,342.749649047852,0.0,0.0,0.012,0.0,1
construction,48,16.535,4.7480001449585,0.0,11.482,0.891,0.0,0,129.237365722656,0,1668954,false,342.749691009521,0.0,0.0,0.013,0.0,1
construction,49,17.028,4.76900005340576,0.0,11.482,0.891,0.0,0,129.237365722656,0,1668954,false,342.749694824219,0.0,0.0,0.012,0.0,1
construction,50,16.314,4.73899984359741,0.0,11.482,0.891,0.0,0,129.237365722656,0,1668954,false,342.749694824219,0.0,0.0,0.012,0.0,1
construction,51,17.163,5.9060001373291,0.0,11.482,0.891,0.0,0,129.237365722656,0,1668954,false,342.749759674072,0.0,0.0,0.013,0.0,1
construction,52,19.411,4.76599979400635,0.0,11.482,0.891,0.0,0,129.237365722656,0,1668954,false,342.749694824219,0.0,0.0,0.013,0.0,1
construction,53,13.411,4.74599981307983,0.0,11.482,0.891,0.0,0,129.237365722656,0,1668954,false,342.749694824219,0.0,0.0,0.012,0.0,1
construction,54,16.941,4.77199983596802,0.0,11.482,0.891,0.0,0,129.237365722656,0,1668954,false,342.755863189697,0.0,0.0,0.013,0.0,1
construction,55,16.418,4.77899980545044,0.0,11.482,0.891,0.0,0,129.237365722656,0,1668954,false,342.755863189697,0.0,0.0,0.013,0.0,1
construction,56,16.665,4.76399993896484,0.0,11.482,0.891,0.0,0,129.237365722656,0,1668954,false,342.755863189697,0.0,0.0,0.012,0.0,1
construction,57,16.65,4.75899982452393,0.0,11.482,0.891,0.0,0,129.237365722656,0,1668954,false,342.755859375,0.0,0.0,0.013,0.0,1
construction,58,16.683,5.86399984359741,0.0,11.482,0.891,0.0,0,129.237365722656,0,1668954,false,342.755863189697,0.0,0.0,0.013,0.0,1
construction,59,19.709,4.7519998550415,0.0,11.482,0.891,0.0,0,129.237365722656,0,1668954,false,342.755859375,0.0,0.0,0.013,0.0,1
construction,60,13.607,4.75099992752075,0.0,11.482,0.891,0.0,0,129.237365722656,0,1668954,false,342.755863189697,0.0,0.0,0.012,0.0,1
construction,61,16.822,4.76100015640259,0.0,11.482,0.891,0.0,0,129.237365722656,0,1668954,false,342.762031555176,0.0,0.0,0.013,0.0,1
construction,62,16.495,4.77199983596802,0.0,11.482,0.891,0.0,0,129.237365722656,0,1668954,false,342.762031555176,0.0,0.0,0.012,0.0,1
construction,63,16.655,4.76200008392334,0.0,11.482,0.891,0.0,0,129.237365722656,0,1668954,false,342.763450622559,0.0,0.0,0.011,0.0,1
construction,64,16.698,4.75299978256226,0.0,11.482,0.891,0.0,0,129.237365722656,0,1668954,false,342.763450622559,0.0,0.0,0.013,0.0,1
construction,65,16.75,4.76900005340576,0.0,11.482,0.891,0.0,0,129.237365722656,0,1668954,false,342.763446807861,0.0,0.0,0.012,0.0,1
construction,66,19.118,4.75400018692017,0.0,11.482,0.891,0.0,0,129.237365722656,0,1668954,false,342.763450622559,0.0,0.0,0.011,0.0,1
construction,67,14.659,4.7519998550415,0.0,11.482,0.891,0.0,0,129.237365722656,0,1668954,false,342.763515472412,0.0,0.0,0.011,0.0,1
construction,68,16.292,4.78499984741211,0.0,11.482,0.891,0.0,0,129.237365722656,0,1668954,false,342.769618988037,0.0,0.0,0.012,0.0,1
construction,69,16.503,4.80399990081787,0.0,11.482,0.891,0.0,0,129.237365722656,0,1668954,false,342.769618988037,0.0,0.0,0.012,0.0,1
construction,70,16.704,4.79699993133545,0.0,11.482,0.891,0.0,0,129.237365722656,0,1668954,false,342.769618988037,0.0,0.0,0.013,0.0,1
construction,71,16.646,4.78800010681152,0.0,11.482,0.891,0.0,0,129.237365722656,0,1668954,false,342.769618988037,0.0,0.0,0.012,0.0,1
construction,72,16.66,4.77600002288818,0.0,11.482,0.891,0.0,0,129.237365722656,0,1668954,false,342.76961517334,0.0,0.0,0.013,0.0,1
construction,73,19.923,4.77899980545044,0.0,11.482,0.891,0.0,0,129.237365722656,0,1668954,false,342.769618988037,0.0,0.0,0.013,0.0,1
construction,74,13.405,4.80700016021729,0.0,11.482,0.891,0.0,0,129.237365722656,0,1668954,false,342.769618988037,0.0,0.0,0.014,0.0,1
construction,75,16.828,4.79199981689453,0.0,11.482,0.891,0.0,0,129.237365722656,0,1668954,false,342.775787353516,0.0,0.0,0.013,0.0,1
construction,76,16.477,4.94799995422363,0.0,11.482,0.891,0.0,0,129.237365722656,0,1668954,false,342.775787353516,0.0,0.0,0.013,0.0,1
construction,77,16.719,4.94199991226196,0.0,11.482,0.891,0.0,0,129.237365722656,0,1668954,false,342.775787353516,0.0,0.0,0.013,0.0,1
construction,78,16.642,4.96199989318848,0.0,11.482,0.891,0.0,0,129.237365722656,0,1668954,false,342.775787353516,0.0,0.0,0.012,0.0,1
construction,79,16.646,4.96000003814697,0.0,11.482,0.891,0.0,0,129.237365722656,0,1668954,false,342.775787353516,0.0,0.0,0.012,0.0,1
construction,80,19.377,4.94600009918213,0.0,11.482,0.891,0.0,0,129.237365722656,0,1668954,false,342.775787353516,0.0,0.0,0.012,0.0,1
construction,81,13.952,4.94999980926514,0.0,11.482,0.891,0.0,0,129.237365722656,0,1668954,false,342.775787353516,0.0,0.0,0.013,0.0,1
construction,82,16.833,4.95900011062622,0.0,11.482,0.891,0.0,0,129.237365722656,0,1668954,false,342.781955718994,0.0,0.0,0.022,0.0,1
construction,83,16.942,4.99100017547607,0.0,11.482,0.891,0.0,0,129.237365722656,0,1668954,false,342.782024383545,0.0,0.0,0.012,0.0,1
construction,84,16.295,4.95900011062622,0.0,11.482,0.891,0.0,0,129.237365722656,0,1668954,false,342.781955718994,0.0,0.0,0.013,0.0,1
construction,85,16.596,4.95499992370605,0.0,11.482,0.891,0.0,0,129.237365722656,0,1668954,false,342.781955718994,0.0,0.0,0.012,0.0,1
construction,86,16.669,4.95300006866455,0.0,11.482,0.891,0.0,0,129.237365722656,0,1668954,false,342.781955718994,0.0,0.0,0.012,0.0,1
construction,87,19.556,6.0939998626709,0.0,11.482,0.891,0.0,0,129.237365722656,0,1668954,false,342.781951904297,0.0,0.0,0.013,0.0,1
construction,88,13.776,6.11299991607666,0.0,11.482,0.891,0.0,0,129.237365722656,0,1668954,false,342.781955718994,0.0,0.0,0.012,0.0,1
construction,89,16.785,4.99399995803833,0.0,11.482,0.891,0.0,0,129.237365722656,0,1668954,false,342.788124084473,0.0,0.0,0.01,0.0,1
construction,90,16.554,4.96299982070923,0.0,11.482,0.891,0.0,0,129.237365722656,0,1668954,false,342.788124084473,0.0,0.0,0.013,0.0,1
construction,91,16.561,4.95800018310547,0.0,11.482,0.891,0.0,0,129.237365722656,0,1668954,false,342.788124084473,0.0,0.0,0.01,0.0,1
construction,92,16.787,4.97399997711182,0.0,11.482,0.891,0.0,0,129.237365722656,0,1668954,false,342.788124084473,0.0,0.0,0.012,0.0,1
construction,93,16.663,4.98799991607666,0.0,11.482,0.891,0.0,0,129.237365722656,0,1668954,false,342.788124084473,0.0,0.0,0.012,0.0,1
construction,94,20.148,6.08199977874756,0.0,11.482,0.891,0.0,0,129.237365722656,0,1668954,false,342.79027557373,0.0,0.0,0.015,0.0,1
construction,95,13.177,4.96099996566772,0.0,11.482,0.891,0.0,0,129.237365722656,0,1668954,false,342.79027557373,0.0,0.0,0.012,0.0,1
construction,96,16.947,4.96099996566772,0.0,11.482,0.891,0.0,0,129.237365722656,0,1668954,false,342.796443939209,0.0,0.0,0.012,0.0,1
construction,97,16.302,4.96999979019165,0.0,11.482,0.891,0.0,0,129.237365722656,0,1668954,false,342.796443939209,0.0,0.0,0.009,0.0,1
construction,98,16.71,4.9689998626709,0.0,11.482,0.891,0.0,0,129.237365722656,0,1668954,false,342.796436309814,0.0,0.0,0.012,0.0,1
construction,99,16.94,4.97499990463257,0.0,11.482,0.891,0.0,0,129.237365722656,0,1668954,false,342.796508789063,0.0,0.0,0.009,0.0,1
construction,100,16.418,4.96600008010864,0.0,11.482,0.891,0.0,0,129.237365722656,0,1668954,false,342.796447753906,0.0,0.0,0.013,0.0,1
construction,101,19.68,4.97399997711182,0.0,11.482,0.891,0.0,0,129.237365722656,0,1668954,false,342.796443939209,0.0,0.0,0.012,0.0,1
construction,102,13.658,4.98600006103516,0.0,11.482,0.891,0.0,0,129.237365722656,0,1668954,false,342.796447753906,0.0,0.0,0.013,0.0,1
construction,103,16.862,4.97900009155273,0.0,11.482,0.891,0.0,0,129.237365722656,0,1668954,false,342.802616119385,0.0,0.0,0.013,0.0,1
construction,104,16.481,4.99300003051758,0.0,11.482,0.891,0.0,0,129.237365722656,0,1668954,false,342.802616119385,0.0,0.0,0.012,0.0,1
construction,105,16.675,4.97399997711182,0.0,11.482,0.891,0.0,0,129.237365722656,0,1668954,false,342.802616119385,0.0,0.0,0.012,0.0,1
construction,106,16.652,4.96000003814697,0.0,11.482,0.891,0.0,0,129.237365722656,0,1668954,false,342.802616119385,0.0,0.0,0.013,0.0,1
construction,107,16.653,4.99200010299683,0.0,11.482,0.891,0.0,0,129.237365722656,0,1668954,false,342.802616119385,0.0,0.0,0.013,0.0,1
construction,108,19.551,4.99900007247925,0.0,11.482,0.891,0.0,0,129.237365722656,0,1668954,false,342.802616119385,0.0,0.0,0.013,0.0,1
construction,109,14.196,4.97100019454956,0.0,11.482,0.891,0.0,0,129.237365722656,0,1668954,false,342.802616119385,0.0,0.0,0.013,0.0,1
construction,110,16.457,4.97300004959106,0.0,11.482,0.891,0.0,0,129.237365722656,0,1668954,false,342.808784484863,0.0,0.0,0.013,0.0,1
construction,111,16.467,5.17799997329712,0.0,11.482,0.891,0.0,0,129.237365722656,0,1668954,false,342.808784484863,0.0,0.0,0.012,0.0,1
construction,112,16.661,7.64400005340576,0.0,11.482,0.891,0.0,0,129.237365722656,0,1668954,false,342.808784484863,0.0,0.0,0.012,0.0,1
construction,113,16.654,7.76599979400635,0.0,11.482,0.891,0.0,0,129.237365722656,0,1668954,false,342.808784484863,0.0,0.0,0.012,0.0,1
construction,114,16.686,8.62899971008301,0.0,11.482,0.891,0.0,0,129.237365722656,0,1668954,false,342.808784484863,0.0,0.0,0.013,0.0,1
construction,115,19.756,7.75600004196167,0.0,11.482,0.891,0.0,0,129.237365722656,0,1668954,false,342.808853149414,0.0,0.0,0.012,0.0,1
construction,116,13.511,7.75099992752075,0.0,11.482,0.891,0.0,0,129.237365722656,0,1668954,false,342.808784484863,0.0,0.0,0.009,0.0,1
construction,117,16.87,7.81500005722046,0.0,11.482,0.891,0.0,0,129.237365722656,0,1668954,false,342.814949035645,0.0,0.0,0.012,0.0,1
construction,118,16.525,8.77999973297119,0.0,11.482,0.891,0.0,0,129.237365722656,0,1668954,false,342.814952850342,0.0,0.0,0.013,0.0,1
construction,119,17.295,7.63700008392334,0.0,11.482,0.891,0.0,0,129.237365722656,0,1668954,false,342.814952850342,0.0,0.0,0.013,0.0,1
construction,120,16.008,8.80900001525879,0.0,11.482,0.891,0.0,0,129.237365722656,0,1668954,false,342.814952850342,0.0,0.0,0.012,0.0,1
construction,121,16.636,7.71799993515015,0.0,11.482,0.891,0.0,0,129.237365722656,0,1668954,false,342.814952850342,0.0,0.0,0.011,0.0,1
construction,122,19.14,9.02400016784668,0.0,11.482,0.891,0.0,0,129.237365722656,0,1668954,false,342.814949035645,0.0,0.0,0.01,0.0,1
construction,123,16.534,7.74499988555908,0.0,11.482,0.891,0.0,0,129.237365722656,0,1668954,false,342.814952850342,0.0,0.0,0.01,0.0,1
construction,124,14.474,6.8600001335144,0.0,11.482,0.891,0.0,0,129.237365722656,0,1668954,false,342.821117401123,0.0,0.0,0.011,0.0,1
construction,125,16.56,6.82100009918213,0.0,11.482,0.891,0.0,0,129.237365722656,0,1668954,false,342.821117401123,0.0,0.0,0.013,0.0,1
construction,126,16.645,7.75799989700317,0.0,11.482,0.891,0.0,0,129.237365722656,0,1668954,false,342.82112121582,0.0,0.0,0.012,0.0,1
construction,127,17.936,6.82100009918213,0.0,11.482,0.891,0.0,0,129.237365722656,0,1668954,false,342.82112121582,0.0,0.0,0.012,0.0,1
construction,128,16.46,8.13700008392334,0.0,11.482,0.891,0.0,0,129.237365722656,0,1668954,false,342.821117401123,0.0,0.0,0.008,0.0,1
construction,129,17.82,6.82200002670288,0.0,11.482,0.891,0.0,0,129.237365722656,0,1668954,false,342.821117401123,0.0,0.0,0.01,0.0,1
construction,130,14.629,6.6269998550415,0.0,11.482,0.891,0.0,0,129.237365722656,0,1668954,false,342.821117401123,0.0,0.0,0.012,0.0,1
construction,131,17.254,6.68699979782104,0.0,11.482,0.891,0.0,0,129.237365722656,0,1668954,false,342.82735824585,0.0,0.0,0.012,0.0,1
construction,132,15.933,7.57800006866455,0.0,11.482,0.891,0.0,0,129.237365722656,0,1668954,false,342.827289581299,0.0,0.0,0.012,0.0,1
construction,133,16.814,6.79899978637695,0.0,11.482,0.891,0.0,0,129.237365722656,0,1668954,false,342.827289581299,0.0,0.0,0.012,0.0,1
construction,134,16.535,8.10799980163574,0.0,11.482,0.891,0.0,0,129.237365722656,0,1668954,false,342.827289581299,0.0,0.0,0.012,0.0,1
construction,135,18.567,6.81500005722046,0.0,11.482,0.891,0.0,0,129.237365722656,0,1668954,false,342.827289581299,0.0,0.0,0.012,0.0,1
construction,136,17.954,6.40000009536743,0.0,11.482,0.891,0.0,0,129.237365722656,0,1668954,false,342.827289581299,0.0,0.0,0.011,0.0,1
construction,137,14.065,6.33199977874756,0.0,11.482,0.891,0.0,0,129.237365722656,0,1668954,false,342.827289581299,0.0,0.0,0.009,0.0,1
construction,138,16.142,6.29099988937378,0.0,11.482,0.891,0.0,0,129.237365722656,0,1668954,false,342.833457946777,0.0,0.0,0.01,0.0,1
construction,139,16.648,6.48099994659424,0.0,11.482,0.891,0.0,0,129.237365722656,0,1668954,false,342.833457946777,0.0,0.0,0.013,0.0,1
construction,140,16.59,6.41300010681152,0.0,11.482,0.891,0.0,0,129.237365722656,0,1668954,false,342.83345413208,0.0,0.0,0.012,0.0,1
construction,141,16.646,6.37400007247925,0.0,11.482,0.891,0.0,0,129.237365722656,0,1668954,false,342.83666229248,0.0,0.0,0.012,0.0,1
construction,142,16.675,6.42500019073486,0.0,11.482,0.891,0.0,0,129.237365722656,0,1668954,false,342.83666229248,0.0,0.0,0.012,0.0,1
construction,143,19.696,6.68599987030029,0.0,11.482,0.891,0.0,0,129.237365722656,0,1668954,false,342.83666229248,0.0,0.0,0.012,0.0,1
construction,144,14.637,6.58500003814697,0.0,11.482,0.891,0.0,0,129.237365722656,0,1668954,false,342.83666229248,0.0,0.0,0.011,0.0,1
construction,145,15.808,6.70699977874756,0.0,11.482,0.891,0.0,0,129.237365722656,0,1668954,false,342.842830657959,0.0,0.0,0.011,0.0,1
construction,146,16.864,6.63800001144409,0.0,11.482,0.891,0.0,0,129.237365722656,0,1668954,false,342.842830657959,0.0,0.0,0.012,0.0,1
construction,147,20.763,6.59999990463257,0.0,11.482,0.891,0.0,0,129.237365722656,0,1668954,false,342.84289932251,0.0,0.0,0.01,0.0,1
construction,148,12.382,6.12099981307983,0.0,11.482,0.891,0.0,0,129.237365722656,0,1668954,false,342.842830657959,0.0,0.0,0.013,0.0,1
construction,149,16.538,6.16300010681152,0.0,11.482,0.891,0.0,0,129.237365722656,0,1668954,false,342.842830657959,0.0,0.0,0.012,0.0,1
construction,150,19.448,7.63700008392334,0.0,11.482,0.891,0.0,0,129.237365722656,0,1668954,false,342.842830657959,0.0,0.0,0.012,0.0,1
construction,151,13.862,6.11600017547607,0.0,11.482,0.891,0.0,0,129.237365722656,0,1668954,false,342.842830657959,0.0,0.0,0.011,0.0,1
construction,152,16.87,7.16300010681152,0.0,11.482,0.891,0.0,0,129.237365722656,0,1668954,false,342.84899520874,0.0,0.0,0.013,0.0,1
construction,153,16.85,6.94999980926514,0.0,11.482,0.891,0.0,0,129.237365722656,0,1668954,false,342.84899520874,0.0,0.0,0.009,0.0,1
construction,154,16.302,6.94999980926514,0.0,11.482,0.891,0.0,0,129.237365722656,0,1668954,false,342.848999023438,0.0,0.0,0.013,0.0,1
construction,155,16.668,6.01800012588501,0.0,11.482,0.891,0.0,0,129.237365722656,0,1668954,false,342.848999023438,0.0,0.0,0.013,0.0,1
construction,156,16.57,6.92899990081787,0.0,11.482,0.891,0.0,0,129.237365722656,0,1668954,false,342.84899520874,0.0,0.0,0.009,0.0,1
construction,157,21.393,6.32800006866455,0.0,11.482,0.891,0.0,0,129.237365722656,0,1668954,false,342.848999023438,0.0,0.0,0.007,0.0,1
construction,158,20.021,6.22100019454956,0.0,11.482,0.891,0.0,0,129.237365722656,0,1668954,false,342.848999023438,0.0,0.0,0.011,0.0,1
construction,159,16.174,5.76599979400635,0.0,11.482,0.891,0.0,0,129.237365722656,0,1668954,false,342.855167388916,0.0,0.0,0.011,0.0,1
construction,160,9.518,2.28299999237061,0.0,11.482,0.891,0.0,0,129.237365722656,0,1668954,false,342.855163574219,0.0,0.0,0.012,0.0,1
construction,161,16.373,2.27500009536743,0.0,11.482,0.891,0.0,0,129.237365722656,0,1668954,false,342.855167388916,0.0,0.0,0.009,0.0,1
construction,162,17.882,2.72300004959106,0.0,11.482,0.891,0.0,0,129.237365722656,0,1668954,false,342.855167388916,0.0,0.0,0.012,0.0,1
construction,163,16.534,2.2739999294281,0.0,11.482,0.891,0.0,0,129.237365722656,0,1668954,false,342.85523223877,0.0,0.0,0.012,0.0,1
construction,164,19.301,2.2720000743866,0.0,11.482,0.891,0.0,0,129.237365722656,0,1668954,false,342.855163574219,0.0,0.0,0.012,0.0,1
construction,165,13.347,2.29099988937378,0.0,11.482,0.891,0.0,0,129.237365722656,0,1668954,false,342.855167388916,0.0,0.0,0.012,0.0,1
construction,166,17.398,2.71499991416931,0.0,11.482,0.891,0.0,0,129.237365722656,0,1668954,false,342.861335754395,0.0,0.0,0.012,0.0,1
construction,167,16.37,2.71900010108948,0.0,11.482,0.891,0.0,0,129.237365722656,0,1668954,false,342.861331939697,0.0,0.0,0.011,0.0,1
construction,168,16.743,2.72199988365173,0.0,11.482,0.891,0.0,0,129.237365722656,0,1668954,false,342.861335754395,0.0,0.0,0.012,0.0,1
construction,169,17.031,2.72499990463257,0.0,11.482,0.891,0.0,0,129.237365722656,0,1668954,false,342.861335754395,0.0,0.0,0.013,0.0,1
construction,170,16.845,2.63199996948242,0.0,11.482,0.891,0.0,0,129.237365722656,0,1668954,false,342.861335754395,0.0,0.0,0.013,0.0,1
construction,171,18.375,2.2720000743866,0.0,11.482,0.891,0.0,0,129.237365722656,0,1668954,false,342.861331939697,0.0,0.0,0.012,0.0,1
construction,172,13.835,2.27600002288818,0.0,11.482,0.891,0.0,0,129.237365722656,0,1668954,false,342.861335754395,0.0,0.0,0.016,0.0,1
construction,173,17.543,2.71199989318848,0.0,11.482,0.891,0.0,0,129.237365722656,0,1668954,false,342.867504119873,0.0,0.0,0.012,0.0,1
construction,174,16.029,2.27699995040894,0.0,11.482,0.891,0.0,0,129.237365722656,0,1668954,false,342.867504119873,0.0,0.0,0.013,0.0,1
construction,175,16.673,2.2720000743866,0.0,11.482,0.891,0.0,0,129.237365722656,0,1668954,false,342.867500305176,0.0,0.0,0.011,0.0,1
construction,176,16.832,2.26799988746643,0.0,11.482,0.891,0.0,0,129.237365722656,0,1668954,false,342.867504119873,0.0,0.0,0.013,0.0,1
construction,177,16.268,2.26799988746643,0.0,11.482,0.891,0.0,0,129.237365722656,0,1668954,false,342.867504119873,0.0,0.0,0.011,0.0,1
construction,178,19.869,2.27300000190735,0.0,11.482,0.891,0.0,0,129.237365722656,0,1668954,false,342.867504119873,0.0,0.0,0.012,0.0,1
construction,179,14.724,2.64100003242493,0.0,11.482,0.891,0.0,0,129.237365722656,0,1668954,false,342.867572784424,0.0,0.0,0.013,0.0,1
construction,180,16.042,2.71000003814697,0.0,11.482,0.891,0.0,0,129.237365722656,0,1668954,false,342.873672485352,0.0,0.0,0.011,0.0,1
construction,181,16.649,2.71499991416931,0.0,11.482,0.891,0.0,0,129.237365722656,0,1668954,false,342.873672485352,0.0,0.0,0.011,0.0,1
construction,182,16.346,2.27699995040894,0.0,11.482,0.891,0.0,0,129.237365722656,0,1668954,false,342.873672485352,0.0,0.0,0.013,0.0,1
construction,183,17.001,2.70499992370605,0.0,11.482,0.891,0.0,0,129.237365722656,0,1668954,false,342.873672485352,0.0,0.0,0.011,0.0,1
construction,184,16.241,2.53399991989136,0.0,11.482,0.891,0.0,0,129.237365722656,0,1668954,false,342.873672485352,0.0,0.0,0.012,0.0,1
construction,185,20.167,2.62100005149841,0.0,11.482,0.891,0.0,0,129.237365722656,0,1668954,false,342.873672485352,0.0,0.0,0.012,0.0,1
construction,186,13.594,2.62599992752075,0.0,11.482,0.891,0.0,0,129.237365722656,0,1668954,false,342.873672485352,0.0,0.0,0.011,0.0,1
construction,187,16.571,2.6340000629425,0.0,11.482,0.891,0.0,0,129.237365722656,0,1668954,false,342.879837036133,0.0,0.0,0.012,0.0,1
construction,188,16.335,2.62800002098084,0.0,11.482,0.891,0.0,0,129.237365722656,0,1668954,false,342.87984085083,0.0,0.0,0.012,0.0,1
construction,189,16.569,2.25799989700317,0.0,11.482,0.891,0.0,0,129.237365722656,0,1668954,false,342.87984085083,0.0,0.0,0.012,0.0,1
construction,190,16.495,2.25799989700317,0.0,11.482,0.891,0.0,0,129.237365722656,0,1668954,false,342.87984085083,0.0,0.0,0.012,0.0,1
construction,191,17.392,2.63899993896484,0.0,11.482,0.891,0.0,0,129.237365722656,0,1668954,false,342.87984085083,0.0,0.0,0.013,0.0,1
construction,192,19.141,2.63800001144409,0.0,11.482,0.891,0.0,0,129.237365722656,0,1668954,false,342.87984085083,0.0,0.0,0.011,0.0,1
construction,193,13.998,2.63299989700317,0.0,11.482,0.891,0.0,0,129.237365722656,0,1668954,false,342.87984085083,0.0,0.0,0.013,0.0,1
construction,194,16.621,2.26200008392334,0.0,11.482,0.891,0.0,0,129.237365722656,0,1668954,false,342.886009216309,0.0,0.0,0.012,0.0,1
construction,195,16.638,2.2720000743866,0.0,11.482,0.891,0.0,0,129.237365722656,0,1668954,false,342.886074066162,0.0,0.0,0.011,0.0,1
construction,196,16.208,2.2590000629425,0.0,11.482,0.891,0.0,0,129.237365722656,0,1668954,false,342.886005401611,0.0,0.0,0.012,0.0,1
construction,197,17.011,2.625,0.0,11.482,0.891,0.0,0,129.237365722656,0,1668954,false,342.885967254639,0.0,0.0,0.012,0.0,1
construction,198,16.479,2.26200008392334,0.0,11.482,0.891,0.0,0,129.237365722656,0,1668954,false,342.886009216309,0.0,0.0,0.011,0.0,1
construction,199,19.617,2.61800003051758,0.0,11.482,0.891,0.0,0,129.237365722656,0,1668954,false,342.886009216309,0.0,0.0,0.011,0.0,1
construction,200,13.93,2.25999999046326,0.0,11.482,0.891,0.0,0,129.237365722656,0,1668954,false,342.886005401611,0.0,0.0,0.012,0.0,1
construction,201,16.773,2.26300001144409,0.0,11.482,0.891,0.0,0,129.237365722656,0,1668954,false,342.892177581787,0.0,0.0,0.012,0.0,1
construction,202,16.98,2.61700010299683,0.0,11.482,0.891,0.0,0,129.237365722656,0,1668954,false,342.89217376709,0.0,0.0,0.013,0.0,1
construction,203,16.433,2.62800002098084,0.0,11.482,0.891,0.0,0,129.237365722656,0,1668954,false,342.892177581787,0.0,0.0,0.012,0.0,1
construction,204,16.636,2.62700009346008,0.0,11.482,0.891,0.0,0,129.237365722656,0,1668954,false,342.892177581787,0.0,0.0,0.012,0.0,1
construction,205,16.469,2.62899994850159,0.0,11.482,0.891,0.0,0,129.237365722656,0,1668954,false,342.892177581787,0.0,0.0,0.012,0.0,1
construction,206,19.487,2.2720000743866,0.0,11.482,0.891,0.0,0,129.237365722656,0,1668954,false,342.89217376709,0.0,0.0,0.012,0.0,1
construction,207,13.801,2.26200008392334,0.0,11.482,0.891,0.0,0,129.237365722656,0,1668954,false,342.892177581787,0.0,0.0,0.011,0.0,1
construction,208,17.258,2.63499999046326,0.0,11.482,0.891,0.0,0,129.237365722656,0,1668954,false,342.898345947266,0.0,0.0,0.013,0.0,1
construction,209,16.226,2.62299990653992,0.0,11.482,0.891,0.0,0,129.237365722656,0,1668954,false,342.898345947266,0.0,0.0,0.012,0.0,1
construction,210,16.483,2.67300009727478,0.0,11.482,0.891,0.0,0,129.237365722656,0,1668954,false,342.898345947266,0.0,0.0,0.01,0.0,1
construction,211,16.931,2.31399989128113,0.0,11.482,0.891,0.0,0,129.237365722656,0,1668954,false,342.906402587891,0.0,0.0,0.007,0.0,1
construction,212,16.61,2.62899994850159,0.0,11.482,0.891,0.0,0,129.237365722656,0,1668954,false,342.906330108643,0.0,0.0,0.012,0.0,1
construction,213,19.212,2.26200008392334,0.0,11.482,0.891,0.0,0,129.237365722656,0,1668954,false,342.90633392334,0.0,0.0,0.012,0.0,1
construction,214,14.062,2.60999989509583,0.0,11.482,0.891,0.0,0,129.237365722656,0,1668954,false,342.90633392334,0.0,0.0,0.014,0.0,1
construction,215,16.973,2.59999990463257,0.0,11.482,0.891,0.0,0,129.237365722656,0,1668954,false,342.912502288818,0.0,0.0,0.013,0.0,1
construction,216,15.386,2.26099991798401,0.0,11.482,0.891,0.0,0,129.237365722656,0,1668954,false,342.912502288818,0.0,0.0,0.007,0.0,1
construction,217,16.823,2.26600003242493,0.0,11.482,0.891,0.0,0,129.237365722656,0,1668954,false,342.912517547607,0.0,0.0,0.007,0.0,1
construction,218,16.779,2.29999995231628,0.0,11.482,0.891,0.0,0,129.237365722656,0,1668954,false,342.912517547607,0.0,0.0,0.006,0.0,1
construction,219,16.429,2.26500010490417,0.0,11.482,0.891,0.0,0,129.237365722656,0,1668954,false,342.912517547607,0.0,0.0,0.007,0.0,1
construction,220,20.157,2.61700010299683,0.0,11.482,0.891,0.0,0,129.237365722656,0,1668954,false,342.912517547607,0.0,0.0,0.01,0.0,1
construction,221,14.37,2.61800003051758,0.0,11.482,0.891,0.0,0,129.237365722656,0,1668954,false,342.91251373291,0.0,0.0,0.012,0.0,1
construction,222,16.559,2.61999988555908,0.0,11.482,0.891,0.0,0,129.237365722656,0,1668954,false,342.918685913086,0.0,0.0,0.012,0.0,1
construction,223,16.493,2.6159999370575,0.0,11.482,0.891,0.0,0,129.237365722656,0,1668954,false,342.918682098389,0.0,0.0,0.01,0.0,1
construction,224,16.697,2.60199999809265,0.0,11.482,0.891,0.0,0,129.237365722656,0,1668954,false,342.921867370605,0.0,0.0,0.012,0.0,1
construction,225,15.689,2.26600003242493,0.0,11.482,0.891,0.0,0,129.237365722656,0,1668954,false,342.921867370605,0.0,0.0,0.007,0.0,1
construction,226,17.453,2.27500009536743,0.0,11.482,0.891,0.0,0,129.237365722656,0,1668954,false,342.921867370605,0.0,0.0,0.012,0.0,1
construction,227,18.906,2.64199995994568,0.0,11.482,0.891,0.0,0,129.237365722656,0,1668954,false,342.921936035156,0.0,0.0,0.009,0.0,1
construction,228,14.868,2.625,0.0,11.482,0.891,0.0,0,129.237365722656,0,1668954,false,342.921825408936,0.0,0.0,0.012,0.0,1
construction,229,17.339,2.64299988746643,0.0,11.482,0.891,0.0,0,129.237365722656,0,1668954,false,342.928035736084,0.0,0.0,0.011,0.0,1
construction,230,15.8,2.26699995994568,0.0,11.482,0.891,0.0,0,129.237365722656,0,1668954,false,342.928028106689,0.0,0.0,0.012,0.0,1
construction,231,16.627,2.62800002098084,0.0,11.482,0.891,0.0,0,129.237365722656,0,1668954,false,342.928035736084,0.0,0.0,0.011,0.0,1
construction,232,16.805,2.27500009536743,0.0,11.482,0.891,0.0,0,129.237365722656,0,1668954,false,342.928035736084,0.0,0.0,0.012,0.0,1
construction,233,16.557,2.63499999046326,0.0,11.482,0.891,0.0,0,129.237365722656,0,1668954,false,342.928035736084,0.0,0.0,0.013,0.0,1
construction,234,19.446,2.63000011444092,0.0,11.482,0.891,0.0,0,129.237365722656,0,1668954,false,342.928035736084,0.0,0.0,0.012,0.0,1
construction,235,15.05,2.63700008392334,0.0,11.482,0.891,0.0,0,129.237365722656,0,1668954,false,342.928031921387,0.0,0.0,0.01,0.0,1
construction,236,15.584,2.61800003051758,0.0,11.482,0.891,0.0,0,129.237365722656,0,1668954,false,342.934204101563,0.0,0.0,0.011,0.0,1
construction,237,16.463,2.62800002098084,0.0,11.482,0.891,0.0,0,129.237365722656,0,1668954,false,342.934204101563,0.0,0.0,0.012,0.0,1
construction,238,16.972,2.625,0.0,11.482,0.891,0.0,0,129.237365722656,0,1668954,false,342.934162139893,0.0,0.0,0.127,0.0,1
construction,239,16.125,2.27800011634827,0.0,11.482,0.891,0.0,0,129.237365722656,0,1668954,false,342.934204101563,0.0,0.0,0.012,0.0,1
construction,240,16.553,2.2720000743866,0.0,11.482,0.891,0.0,0,129.237365722656,0,1668954,false,342.934200286865,0.0,0.0,0.012,0.0,1
construction,241,19.838,2.63299989700317,0.0,11.482,0.891,0.0,3,129.237365722656,0,1668954,false,342.938507080078,0.0,0.0,0.011,0.0,1
construction,242,15.791,2.63100004196167,0.0,12.529,1.493,0.0,2,129.279514312744,0,1668954,false,343.203475952148,0.0,0.0,1.852,0.0,1
construction,243,17.747,2.63299989700317,0.0,16.042,1.475,0.0,1,129.322303771973,0,1668954,false,343.335847854614,0.0,0.0,1.849,0.0,1
construction,244,15.908,2.64000010490417,0.0,13.35,1.758,0.0,0,129.364742279053,0,1668954,false,343.470132827759,0.0,0.0,2.093,0.0,1
construction,245,14.637,2.62599992752075,0.0,13.994,0.653,0.0,0,129.407615661621,0,1668954,false,343.463508605957,0.0,0.0,0.843,0.0,1
construction,246,16.14,2.28999996185303,0.0,13.994,0.653,0.0,0,129.407615661621,0,1668954,false,343.464126586914,0.0,0.0,0.01,0.0,1
construction,247,17.191,2.26200008392334,0.0,13.994,0.653,0.0,0,129.407615661621,0,1668954,false,343.464130401611,0.0,0.0,0.012,0.0,1
construction,248,20.56,2.26999998092651,0.0,13.994,0.653,0.0,0,128.563575744629,0,1668954,false,342.608474731445,0.0,0.0,0.012,0.0,1
construction,249,12.662,2.27699995040894,0.0,13.994,0.653,0.0,0,128.563575744629,0,1668954,false,342.575107574463,0.0,0.0,0.012,0.0,1
construction,250,16.822,2.63299989700317,0.0,13.994,0.653,0.0,0,128.563575744629,0,1668954,false,342.581275939941,0.0,0.0,0.012,0.0,1
construction,251,16.617,2.63000011444092,0.0,13.994,0.653,0.0,0,128.563575744629,0,1668954,false,342.580429077148,0.0,0.0,0.011,0.0,1
construction,252,16.877,2.62800002098084,0.0,13.994,0.653,0.0,0,128.563575744629,0,1668954,false,342.580429077148,0.0,0.0,0.013,0.0,1
construction,253,16.399,2.63199996948242,0.0,13.994,0.653,0.0,0,128.563575744629,0,1668954,false,342.580429077148,0.0,0.0,0.012,0.0,1
construction,254,16.741,2.60500001907349,0.0,13.994,0.653,0.0,0,128.563575744629,0,1668954,false,342.580429077148,0.0,0.0,0.011,0.0,1
construction,255,19.614,2.26600003242493,0.0,13.994,0.653,0.0,0,128.563575744629,0,1668954,false,342.580429077148,0.0,0.0,0.012,0.0,1
construction,256,13.211,2.27900004386902,0.0,13.994,0.653,0.0,0,128.563575744629,0,1668954,false,342.580429077148,0.0,0.0,0.011,0.0,1
construction,257,17.549,2.62899994850159,0.0,13.994,0.653,0.0,0,128.563575744629,0,1668954,false,342.586597442627,0.0,0.0,0.012,0.0,1
construction,258,16.187,2.2720000743866,0.0,13.994,0.653,0.0,0,128.563575744629,0,1668954,false,342.58659362793,0.0,0.0,0.012,0.0,1
construction,259,17.027,2.60599994659424,0.0,13.994,0.653,0.0,0,128.563575744629,0,1668954,false,342.586666107178,0.0,0.0,0.011,0.0,1
construction,260,16.126,2.26600003242493,0.0,13.994,0.653,0.0,0,128.563575744629,0,1668954,false,342.586597442627,0.0,0.0,0.012,0.0,1
construction,261,16.627,2.62700009346008,0.0,13.994,0.653,0.0,0,128.563575744629,0,1668954,false,342.586597442627,0.0,0.0,0.011,0.0,1
construction,262,19.912,2.61199998855591,0.0,13.994,0.653,0.0,0,128.563575744629,0,1668954,false,342.586597442627,0.0,0.0,0.012,0.0,1
construction,263,13.475,2.25999999046326,0.0,13.994,0.653,0.0,0,128.563575744629,0,1668954,false,342.586597442627,0.0,0.0,0.012,0.0,1
construction,264,17.206,2.62899994850159,0.0,13.994,0.653,0.0,0,128.563575744629,0,1668954,false,342.595947265625,0.0,0.0,0.013,0.0,1
construction,265,16.128,2.62899994850159,0.0,13.994,0.653,0.0,0,128.563575744629,0,1668954,false,342.595947265625,0.0,0.0,0.011,0.0,1
construction,266,16.994,2.62299990653992,0.0,13.994,0.653,0.0,0,128.563575744629,0,1668954,false,342.599128723145,0.0,0.0,0.012,0.0,1
construction,267,17.684,3.56800007820129,0.0,13.994,0.653,0.0,0,128.563575744629,0,1668954,false,342.599128723145,0.0,0.0,0.013,0.0,1
construction,268,17.835,4.7350001335144,0.0,13.994,0.653,0.0,0,128.563575744629,0,1668954,false,342.599124908447,0.0,0.0,0.012,0.0,1
construction,269,18.88,3.74300003051758,0.0,13.994,0.653,0.0,0,128.563575744629,0,1668954,false,342.599124908447,0.0,0.0,0.012,0.0,1
construction,270,13.272,3.7960000038147,0.0,13.994,0.653,0.0,0,128.563575744629,0,1668954,false,342.599124908447,0.0,0.0,0.011,0.0,1
construction,271,17.05,3.72300004959106,0.0,13.994,0.653,0.0,0,128.563575744629,0,1668954,false,342.605293273926,0.0,0.0,0.012,0.0,1
construction,272,17.43,4.63399982452393,0.0,13.994,0.653,0.0,0,128.563575744629,0,1668954,false,342.605293273926,0.0,0.0,0.014,0.0,1
construction,273,16.764,4.69299983978271,0.0,13.994,0.653,0.0,0,128.563575744629,0,1668954,false,342.605297088623,0.0,0.0,0.013,0.0,1
construction,274,16.884,4.6729998588562,0.0,13.994,0.653,0.0,0,128.563575744629,0,1668954,false,342.605293273926,0.0,0.0,0.012,0.0,1
construction,275,16.55,4.17199993133545,0.0,13.994,0.653,0.0,0,128.563575744629,0,1668954,false,342.605361938477,0.0,0.0,0.012,0.0,1
construction,276,19.341,4.66599988937378,0.0,13.994,0.653,0.0,0,128.563575744629,0,1668954,false,342.605297088623,0.0,0.0,0.012,0.0,1
construction,277,12.938,3.72300004959106,0.0,13.994,0.653,0.0,0,128.563575744629,0,1668954,false,342.605297088623,0.0,0.0,0.012,0.0,1
construction,278,16.917,3.73699998855591,0.0,13.994,0.653,0.0,0,128.563575744629,0,1668954,false,342.611465454102,0.0,0.0,0.012,0.0,1
construction,279,16.969,3.74900007247925,0.0,13.994,0.653,0.0,0,128.563575744629,0,1668954,false,342.611465454102,0.0,0.0,0.031,0.0,1
construction,280,16.199,3.72900009155273,0.0,13.994,0.653,0.0,0,128.563575744629,0,1668954,false,342.611465454102,0.0,0.0,0.011,0.0,1
construction,281,16.899,3.74300003051758,0.0,13.994,0.653,0.0,0,128.563575744629,0,1668954,false,342.611465454102,0.0,0.0,0.012,0.0,1
construction,282,16.432,3.7279999256134,0.0,13.994,0.653,0.0,0,128.563575744629,0,1668954,false,342.611461639404,0.0,0.0,0.013,0.0,1
construction,283,19.885,3.74799990653992,0.0,13.994,0.653,0.0,0,128.563575744629,0,1668954,false,342.611465454102,0.0,0.0,0.013,0.0,1
construction,284,13.948,3.71300005912781,0.0,13.994,0.653,0.0,0,128.563575744629,0,1668954,false,342.611465454102,0.0,0.0,0.013,0.0,1
construction,285,15.971,3.7279999256134,0.0,13.994,0.653,0.0,0,128.563575744629,0,1668954,false,342.617630004883,0.0,0.0,0.012,0.0,1
construction,286,16.879,3.73099994659424,0.0,13.994,0.653,0.0,0,128.563575744629,0,1668954,false,342.61763381958,0.0,0.0,0.013,0.0,1
construction,287,16.494,3.73000001907349,0.0,13.994,0.653,0.0,0,128.563575744629,0,1668954,false,342.61763381958,0.0,0.0,0.011,0.0,1
construction,288,16.636,3.72499990463257,0.0,13.994,0.653,0.0,0,128.563575744629,0,1668954,false,342.61763381958,0.0,0.0,0.011,0.0,1
construction,289,18.764,3.73200011253357,0.0,13.994,0.653,0.0,0,128.563575744629,0,1668954,false,342.6208152771,0.0,0.0,0.012,0.0,1
construction,290,17.71,4.30299997329712,0.0,13.994,0.653,0.0,0,128.563575744629,0,1668954,false,342.620811462402,0.0,0.0,0.01,0.0,1
construction,291,14.228,3.87599992752075,0.0,13.994,0.653,0.0,0,128.563575744629,0,1668954,false,342.62088394165,0.0,0.0,0.007,0.0,1
construction,292,15.949,3.93899989128113,0.0,13.994,0.653,0.0,0,128.563575744629,0,1668954,false,342.626983642578,0.0,0.0,0.008,0.0,1
construction,293,16.933,3.94000005722046,0.0,13.994,0.653,0.0,0,128.563575744629,0,1668954,false,342.626983642578,0.0,0.0,0.012,0.0,1
construction,294,16.639,3.95099997520447,0.0,13.994,0.653,0.0,0,128.563575744629,0,1668954,false,342.626983642578,0.0,0.0,0.012,0.0,1
construction,295,16.758,3.94600009918213,0.0,13.994,0.653,0.0,0,128.563575744629,0,1668954,false,342.626983642578,0.0,0.0,0.012,0.0,1
construction,296,16.728,3.94000005722046,0.0,13.994,0.653,0.0,0,128.563575744629,0,1668954,false,342.626983642578,0.0,0.0,0.012,0.0,1
construction,297,19.646,3.93600010871887,0.0,13.994,0.653,0.0,0,128.563575744629,0,1668954,false,342.626983642578,0.0,0.0,0.012,0.0,1
construction,298,13.654,3.94300007820129,0.0,13.994,0.653,0.0,0,128.563575744629,0,1668954,false,342.626983642578,0.0,0.0,0.012,0.0,1
construction,299,17.403,4.42000007629395,0.0,13.994,0.653,0.0,0,128.563575744629,0,1668954,false,342.633152008057,0.0,0.0,0.012,0.0,1
construction,300,15.816,3.94899988174438,0.0,13.994,0.653,0.0,0,128.563575744629,0,1668954,false,342.633152008057,0.0,0.0,0.013,0.0,1
pre_dig,1,14.671,5.66300010681152,0.0,24.077,0.815,0.0,0,119.391227722168,0,1746184,false,325.965982437134,0.0,0.0,0.011,0.0,1
pre_dig,2,17.711,6.45900011062622,0.0,24.077,0.815,0.0,0,119.391227722168,0,1746184,false,325.96678352356,0.0,0.0,0.011,0.0,1
pre_dig,3,15.897,5.77899980545044,0.0,24.077,0.815,0.0,0,119.391227722168,0,1746184,false,325.972562789917,0.0,0.0,0.009,0.0,1
pre_dig,4,16.651,5.76900005340576,0.0,24.077,0.815,0.0,0,119.391227722168,0,1746184,false,325.972654342651,0.0,0.0,0.007,0.0,1
pre_dig,5,18.579,5.81699991226196,0.0,24.077,0.815,0.0,0,119.391227722168,0,1746184,false,325.972654342651,0.0,0.0,0.008,0.0,1
pre_dig,6,14.407,5.81599998474121,0.0,24.077,0.815,0.0,0,119.391227722168,0,1746184,false,325.972791671753,0.0,0.0,0.008,0.0,1
pre_dig,7,16.887,5.77099990844727,0.0,24.077,0.815,0.0,0,119.391227722168,0,1746184,false,325.972791671753,0.0,0.0,0.009,0.0,1
pre_dig,8,17.731,6.55600023269653,0.0,24.077,0.815,0.0,0,119.391227722168,0,1746184,false,325.972791671753,0.0,0.0,0.012,0.0,1
pre_dig,9,16.105,5.75,0.0,24.077,0.815,0.0,0,119.391227722168,0,1746184,false,325.972929000854,0.0,0.0,0.012,0.0,1
pre_dig,10,17.053,5.76700019836426,0.0,24.077,0.815,0.0,0,119.391227722168,0,1746184,false,325.979146957397,0.0,0.0,0.013,0.0,1
pre_dig,11,16.068,5.76999998092651,0.0,24.077,0.815,0.0,0,119.391227722168,0,1746184,false,325.979146957397,0.0,0.0,0.012,0.0,1
pre_dig,12,20.08,5.83099985122681,0.0,24.077,0.815,0.0,0,119.391227722168,0,1746184,false,325.9791431427,0.0,0.0,0.013,0.0,1
pre_dig,13,13.226,5.77500009536743,0.0,24.077,0.815,0.0,0,119.391227722168,0,1746184,false,325.979421615601,0.0,0.0,0.012,0.0,1
pre_dig,14,17.401,6.56300020217896,0.0,24.077,0.815,0.0,0,119.391227722168,0,1746184,false,325.979421615601,0.0,0.0,0.013,0.0,1
pre_dig,15,16.274,5.78700017929077,0.0,24.077,0.815,0.0,0,119.391227722168,0,1746184,false,325.979421615601,0.0,0.0,0.014,0.0,1
pre_dig,16,16.741,5.76900005340576,0.0,24.077,0.815,0.0,0,119.391227722168,0,1746184,false,325.979421615601,0.0,0.0,0.013,0.0,1
pre_dig,17,17.083,5.73999977111816,0.0,24.077,0.815,0.0,0,119.391227722168,0,1746184,false,325.985589981079,0.0,0.0,0.01,0.0,1
pre_dig,18,16.127,5.74499988555908,0.0,24.077,0.815,0.0,0,119.391227722168,0,1746184,false,325.98565864563,0.0,0.0,0.011,0.0,1
pre_dig,19,19.975,5.74700021743774,0.0,24.077,0.815,0.0,0,119.391227722168,0,1746184,false,325.986001968384,0.0,0.0,0.013,0.0,1
pre_dig,20,12.878,5.74100017547607,0.0,24.077,0.815,0.0,0,119.391227722168,0,1746184,false,325.986001968384,0.0,0.0,0.012,0.0,1
pre_dig,21,16.946,5.74499988555908,0.0,24.077,0.815,0.0,0,119.391227722168,0,1746184,false,325.986001968384,0.0,0.0,0.013,0.0,1
pre_dig,22,16.219,5.70800018310547,0.0,24.077,0.815,0.0,0,119.391227722168,0,1746184,false,325.986001968384,0.0,0.0,0.012,0.0,1
pre_dig,23,17.313,5.76900005340576,0.0,24.077,0.815,0.0,0,119.391227722168,0,1746184,false,325.986001968384,0.0,0.0,0.044,0.0,1
pre_dig,24,16.448,5.72300004959106,0.0,24.077,0.815,0.0,0,119.391227722168,0,1746184,false,325.992170333862,0.0,0.0,0.012,0.0,1
pre_dig,25,16.715,5.73400020599365,0.0,24.077,0.815,0.0,0,119.391227722168,0,1746184,false,325.992170333862,0.0,0.0,0.013,0.0,1
pre_dig,26,19.865,5.73099994659424,0.0,24.077,0.815,0.0,0,119.391227722168,0,1746184,false,325.992170333862,0.0,0.0,0.012,0.0,1
pre_dig,27,13.471,5.73600006103516,0.0,24.077,0.815,0.0,0,119.391227722168,0,1746184,false,325.992170333862,0.0,0.0,0.013,0.0,1
pre_dig,28,16.781,5.74399995803833,0.0,24.077,0.815,0.0,0,119.391227722168,0,1746184,false,325.992811203003,0.0,0.0,0.013,0.0,1
pre_dig,29,16.583,5.78900003433228,0.0,24.077,0.815,0.0,0,119.391227722168,0,1746184,false,325.992811203003,0.0,0.0,0.011,0.0,1
pre_dig,30,16.535,5.73600006103516,0.0,24.077,0.815,0.0,0,119.391227722168,0,1746184,false,325.992811203003,0.0,0.0,0.011,0.0,1
pre_dig,31,16.78,5.78800010681152,0.0,24.077,0.815,0.0,0,119.391227722168,0,1746184,false,325.998975753784,0.0,0.0,0.011,0.0,1
pre_dig,32,16.96,5.77099990844727,0.0,24.077,0.815,0.0,0,119.391227722168,0,1746184,false,325.998975753784,0.0,0.0,0.011,0.0,1
pre_dig,33,19.282,5.75600004196167,0.0,24.077,0.815,0.0,0,119.391227722168,0,1746184,false,325.998979568481,0.0,0.0,0.012,0.0,1
pre_dig,34,14.775,5.75400018692017,0.0,24.077,0.815,0.0,0,119.391227722168,0,1746184,false,325.999048233032,0.0,0.0,0.013,0.0,1
pre_dig,35,15.753,5.74700021743774,0.0,24.077,0.815,0.0,0,119.391227722168,0,1746184,false,325.998979568481,0.0,0.0,0.012,0.0,1
pre_dig,36,16.646,5.80200004577637,0.0,24.077,0.815,0.0,0,119.391227722168,0,1746184,false,325.998979568481,0.0,0.0,0.013,0.0,1
pre_dig,37,16.674,5.77299976348877,0.0,24.077,0.815,0.0,0,119.391227722168,0,1746184,false,325.998979568481,0.0,0.0,0.012,0.0,1
pre_dig,38,16.195,5.73899984359741,0.0,24.077,0.815,0.0,0,119.391227722168,0,1746184,false,326.00514793396,0.0,0.0,0.011,0.0,1
pre_dig,39,16.656,5.74499988555908,0.0,24.077,0.815,0.0,0,119.391227722168,0,1746184,false,326.00514793396,0.0,0.0,0.013,0.0,1
pre_dig,40,20.579,5.80399990081787,0.0,24.077,0.815,0.0,0,119.391227722168,0,1746184,false,326.00514793396,0.0,0.0,0.011,0.0,1
pre_dig,41,13.25,5.80999994277954,0.0,24.077,0.815,0.0,0,119.391227722168,0,1746184,false,326.005144119263,0.0,0.0,0.011,0.0,1
pre_dig,42,16.137,5.74900007247925,0.0,24.077,0.815,0.0,0,119.391227722168,0,1746184,false,326.006109237671,0.0,0.0,0.011,0.0,1
pre_dig,43,16.799,5.75899982452393,0.0,24.077,0.815,0.0,0,119.391227722168,0,1746184,false,326.006109237671,0.0,0.0,0.011,0.0,1
pre_dig,44,17.056,5.75,0.0,24.077,0.815,0.0,0,119.391227722168,0,1746184,false,326.006063461304,0.0,0.0,0.013,0.0,1
pre_dig,45,16.746,5.76399993896484,0.0,24.077,0.815,0.0,0,119.391227722168,0,1746184,false,326.012277603149,0.0,0.0,0.013,0.0,1
pre_dig,46,16.773,5.78800010681152,0.0,24.077,0.815,0.0,0,119.391227722168,0,1746184,false,326.012277603149,0.0,0.0,0.013,0.0,1
pre_dig,47,19.671,5.76800012588501,0.0,24.077,0.815,0.0,0,119.391227722168,0,1746184,false,326.012277603149,0.0,0.0,0.013,0.0,1
pre_dig,48,13.964,5.76800012588501,0.0,24.077,0.815,0.0,0,119.391227722168,0,1746184,false,326.012277603149,0.0,0.0,0.013,0.0,1
pre_dig,49,16.152,5.75099992752075,0.0,24.077,0.815,0.0,0,119.391227722168,0,1746184,false,326.012277603149,0.0,0.0,0.013,0.0,1
pre_dig,50,17.0,5.78299999237061,0.0,24.077,0.815,0.0,0,119.391227722168,0,1746184,false,326.012338638306,0.0,0.0,0.011,0.0,1
pre_dig,51,15.792,5.7960000038147,0.0,24.077,0.815,0.0,0,119.391227722168,0,1746184,false,326.012273788452,0.0,0.0,0.012,0.0,1
pre_dig,52,17.485,5.78900003433228,0.0,24.077,0.815,0.0,0,119.391227722168,0,1746184,false,326.018445968628,0.0,0.0,0.013,0.0,1
pre_dig,53,16.386,5.77199983596802,0.0,24.077,0.815,0.0,0,119.391227722168,0,1746184,false,326.018445968628,0.0,0.0,0.012,0.0,1
pre_dig,54,19.746,5.76000022888184,0.0,24.077,0.815,0.0,0,119.391227722168,0,1746184,false,326.018445968628,0.0,0.0,0.013,0.0,1
pre_dig,55,13.605,5.80900001525879,0.0,24.077,0.815,0.0,0,119.391227722168,0,1746184,false,326.018445968628,0.0,0.0,0.013,0.0,1
pre_dig,56,16.642,5.76000022888184,0.0,24.077,0.815,0.0,0,119.391227722168,0,1746184,false,326.018445968628,0.0,0.0,0.011,0.0,1
pre_dig,57,16.53,5.80600023269653,0.0,24.077,0.815,0.0,0,119.391227722168,0,1746184,false,326.018442153931,0.0,0.0,0.012,0.0,1
pre_dig,58,17.295,6.17700004577637,0.0,24.077,0.815,0.0,0,119.391227722168,0,1746184,false,326.018445968628,0.0,0.0,0.013,0.0,1
pre_dig,59,16.433,5.77199983596802,0.0,24.077,0.815,0.0,0,119.391227722168,0,1746184,false,326.024614334106,0.0,0.0,0.012,0.0,1
pre_dig,60,16.023,5.84499979019165,0.0,24.077,0.815,0.0,0,119.391227722168,0,1746184,false,326.024614334106,0.0,0.0,0.012,0.0,1
pre_dig,61,19.871,5.73899984359741,0.0,24.077,0.815,0.0,0,119.391227722168,0,1746184,false,326.024614334106,0.0,0.0,0.011,0.0,1
pre_dig,62,13.83,5.7810001373291,0.0,24.077,0.815,0.0,0,119.391227722168,0,1746184,false,326.024606704712,0.0,0.0,0.012,0.0,1
pre_dig,63,16.37,5.76399993896484,0.0,24.077,0.815,0.0,0,119.391227722168,0,1746184,false,326.026029586792,0.0,0.0,0.011,0.0,1
pre_dig,64,16.615,5.75400018692017,0.0,24.077,0.815,0.0,0,119.391227722168,0,1746184,false,326.026033401489,0.0,0.0,0.012,0.0,1
pre_dig,65,16.874,5.81599998474121,0.0,24.077,0.815,0.0,0,119.391227722168,0,1746184,false,326.026033401489,0.0,0.0,0.011,0.0,1
pre_dig,66,17.808,5.78399991989136,0.0,24.077,0.815,0.0,0,119.391227722168,0,1746184,false,326.032270431519,0.0,0.0,0.012,0.0,1
pre_dig,67,15.715,5.77199983596802,0.0,24.077,0.815,0.0,0,119.391227722168,0,1746184,false,326.032201766968,0.0,0.0,0.011,0.0,1
pre_dig,68,18.925,5.76100015640259,0.0,24.077,0.815,0.0,0,119.391227722168,0,1746184,false,326.032201766968,0.0,0.0,0.007,0.0,1
pre_dig,69,14.027,5.73199987411499,0.0,24.077,0.815,0.0,0,119.391227722168,0,1746184,false,326.032201766968,0.0,0.0,0.013,0.0,1
pre_dig,70,16.994,5.74399995803833,0.0,24.077,0.815,0.0,0,119.391227722168,0,1746184,false,326.032201766968,0.0,0.0,0.012,0.0,1
pre_dig,71,16.418,5.76800012588501,0.0,24.077,0.815,0.0,0,119.391227722168,0,1746184,false,326.032201766968,0.0,0.0,0.011,0.0,1
pre_dig,72,16.507,5.75400018692017,0.0,24.077,0.815,0.0,0,119.391227722168,0,1746184,false,326.032201766968,0.0,0.0,0.012,0.0,1
pre_dig,73,17.761,6.52600002288818,0.0,24.077,0.815,0.0,0,119.391227722168,0,1746184,false,326.038370132446,0.0,0.0,0.007,0.0,1
pre_dig,74,15.932,5.77199983596802,0.0,24.077,0.815,0.0,0,119.391227722168,0,1746184,false,326.038370132446,0.0,0.0,0.013,0.0,1
pre_dig,75,19.92,5.75099992752075,0.0,24.077,0.815,0.0,0,119.391227722168,0,1746184,false,326.038366317749,0.0,0.0,0.012,0.0,1
pre_dig,76,14.155,5.73600006103516,0.0,24.077,0.815,0.0,0,119.391227722168,0,1746184,false,326.038370132446,0.0,0.0,0.012,0.0,1
pre_dig,77,16.464,5.7480001449585,0.0,24.077,0.815,0.0,0,119.391227722168,0,1746184,false,326.038366317749,0.0,0.0,0.012,0.0,1
pre_dig,78,15.946,5.77099990844727,0.0,24.077,0.815,0.0,0,119.391227722168,0,1746184,false,326.038370132446,0.0,0.0,0.013,0.0,1
pre_dig,79,17.167,5.77600002288818,0.0,24.077,0.815,0.0,0,119.391227722168,0,1746184,false,326.038736343384,0.0,0.0,0.013,0.0,1
pre_dig,80,16.814,5.76300001144409,0.0,24.077,0.815,0.0,0,119.391227722168,0,1746184,false,326.044904708862,0.0,0.0,0.012,0.0,1
pre_dig,81,16.377,5.76200008392334,0.0,24.077,0.815,0.0,0,119.391227722168,0,1746184,false,326.044904708862,0.0,0.0,0.014,0.0,1
pre_dig,82,20.503,5.74599981307983,0.0,24.077,0.815,0.0,0,119.391227722168,0,1746184,false,326.044973373413,0.0,0.0,0.013,0.0,1
pre_dig,83,12.828,5.75899982452393,0.0,24.077,0.815,0.0,0,119.391227722168,0,1746184,false,326.044904708862,0.0,0.0,0.014,0.0,1
pre_dig,84,16.479,5.75,0.0,24.077,0.815,0.0,0,119.391227722168,0,1746184,false,326.044858932495,0.0,0.0,0.012,0.0,1
pre_dig,85,16.986,5.78800010681152,0.0,24.077,0.815,0.0,0,119.391227722168,0,1746184,false,326.044904708862,0.0,0.0,0.014,0.0,1
pre_dig,86,16.544,5.7649998664856,0.0,24.077,0.815,0.0,0,119.391227722168,0,1746184,false,326.044900894165,0.0,0.0,0.012,0.0,1
pre_dig,87,16.675,5.74499988555908,0.0,24.077,0.815,0.0,0,119.391227722168,0,1746184,false,326.051073074341,0.0,0.0,0.012,0.0,1
pre_dig,88,16.286,5.73199987411499,0.0,24.077,0.815,0.0,0,119.391227722168,0,1746184,false,326.051073074341,0.0,0.0,0.012,0.0,1
pre_dig,89,19.776,5.73799991607666,0.0,24.077,0.815,0.0,0,119.391227722168,0,1746184,false,326.051073074341,0.0,0.0,0.013,0.0,1
pre_dig,90,13.512,5.77699995040894,0.0,24.077,0.815,0.0,0,119.391227722168,0,1746184,false,326.051073074341,0.0,0.0,0.011,0.0,1
pre_dig,91,17.271,5.77199983596802,0.0,24.077,0.815,0.0,0,119.391227722168,0,1746184,false,326.051073074341,0.0,0.0,0.012,0.0,1
pre_dig,92,16.45,5.74200010299683,0.0,24.077,0.815,0.0,0,119.391227722168,0,1746184,false,326.051069259644,0.0,0.0,0.012,0.0,1
pre_dig,93,16.613,5.7480001449585,0.0,24.077,0.815,0.0,0,119.391227722168,0,1746184,false,326.051069259644,0.0,0.0,0.012,0.0,1
pre_dig,94,17.179,6.12799978256226,0.0,24.077,0.815,0.0,0,119.391227722168,0,1746184,false,326.059392929077,0.0,0.0,0.013,0.0,1
pre_dig,95,16.2,5.71500015258789,0.0,24.077,0.815,0.0,0,119.391227722168,0,1746184,false,326.059385299683,0.0,0.0,0.012,0.0,1
pre_dig,96,19.921,5.71099996566772,0.0,24.077,0.815,0.0,0,119.391227722168,0,1746184,false,326.058904647827,0.0,0.0,0.013,0.0,1
pre_dig,97,13.417,5.7649998664856,0.0,24.077,0.815,0.0,0,119.391227722168,0,1746184,false,326.05890083313,0.0,0.0,0.013,0.0,1
pre_dig,98,16.858,5.75699996948242,0.0,24.077,0.815,0.0,0,119.391227722168,0,1746184,false,326.058973312378,0.0,0.0,0.012,0.0,1
pre_dig,99,15.991,5.81899976730347,0.0,24.077,0.815,0.0,0,119.391227722168,0,1746184,false,326.058904647827,0.0,0.0,0.012,0.0,1
pre_dig,100,17.143,5.76800012588501,0.0,24.077,0.815,0.0,0,119.391227722168,0,1746184,false,326.058908462524,0.0,0.0,0.012,0.0,1
pre_dig,101,16.79,5.77099990844727,0.0,24.077,0.815,0.0,0,119.391227722168,0,1746184,false,326.065073013306,0.0,0.0,0.012,0.0,1
pre_dig,102,16.437,5.80700016021729,0.0,24.077,0.815,0.0,0,119.391227722168,0,1746184,false,326.065076828003,0.0,0.0,0.012,0.0,1
pre_dig,103,19.563,5.76300001144409,0.0,24.077,0.815,0.0,0,119.391227722168,0,1746184,false,326.065076828003,0.0,0.0,0.011,0.0,1
pre_dig,104,13.586,5.77699995040894,0.0,24.077,0.815,0.0,0,119.391227722168,0,1746184,false,326.065076828003,0.0,0.0,0.011,0.0,1
pre_dig,105,16.48,5.76800012588501,0.0,24.077,0.815,0.0,0,119.391227722168,0,1746184,false,326.065073013306,0.0,0.0,0.013,0.0,1
pre_dig,106,16.863,5.80800008773804,0.0,24.077,0.815,0.0,0,119.391227722168,0,1746184,false,326.065076828003,0.0,0.0,0.011,0.0,1
pre_dig,107,16.385,5.89300012588501,0.0,24.077,0.815,0.0,0,119.391227722168,0,1746184,false,326.065076828003,0.0,0.0,0.012,0.0,1
pre_dig,108,16.854,5.81300020217896,0.0,24.077,0.815,0.0,0,119.391227722168,0,1746184,false,326.071245193481,0.0,0.0,0.008,0.0,1
pre_dig,109,17.114,5.82800006866455,0.0,24.077,0.815,0.0,0,119.391227722168,0,1746184,false,326.071245193481,0.0,0.0,0.016,0.0,1
pre_dig,110,19.865,5.79899978637695,0.0,24.077,0.815,0.0,0,119.391227722168,0,1746184,false,326.071245193481,0.0,0.0,0.013,0.0,1
pre_dig,111,13.659,5.82299995422363,0.0,24.077,0.815,0.0,0,119.391227722168,0,1746184,false,326.071245193481,0.0,0.0,0.012,0.0,1
pre_dig,112,16.803,5.82399988174438,0.0,24.077,0.815,0.0,0,119.391227722168,0,1746184,false,326.071245193481,0.0,0.0,0.013,0.0,1
pre_dig,113,16.271,5.7189998626709,0.0,24.077,0.815,0.0,0,119.391227722168,0,1746184,false,326.071241378784,0.0,0.0,0.012,0.0,1
pre_dig,114,17.337,5.72900009155273,0.0,24.077,0.815,0.0,0,119.391227722168,0,1746184,false,326.071313858032,0.0,0.0,0.012,0.0,1
pre_dig,115,15.78,5.75799989700317,0.0,24.077,0.815,0.0,0,119.391227722168,0,1746184,false,326.077409744263,0.0,0.0,0.012,0.0,1
pre_dig,116,16.699,5.74200010299683,0.0,24.077,0.815,0.0,0,119.391227722168,0,1746184,false,326.07741355896,0.0,0.0,0.011,0.0,1
pre_dig,117,19.465,5.73400020599365,0.0,24.077,0.815,0.0,0,119.391227722168,0,1746184,false,326.07741355896,0.0,0.0,0.011,0.0,1
pre_dig,118,14.094,5.72499990463257,0.0,24.077,0.815,0.0,0,119.391227722168,0,1746184,false,326.07741355896,0.0,0.0,0.011,0.0,1
pre_dig,119,16.527,5.70800018310547,0.0,24.077,0.815,0.0,0,119.391227722168,0,1746184,false,326.07741355896,0.0,0.0,0.012,0.0,1
pre_dig,120,16.462,5.71600008010864,0.0,24.077,0.815,0.0,0,119.391227722168,0,1746184,false,326.07741355896,0.0,0.0,0.012,0.0,1
pre_dig,121,17.49,5.73299980163574,0.0,24.077,0.815,0.0,0,119.391227722168,0,1746184,false,326.077409744263,0.0,0.0,0.011,0.0,1
pre_dig,122,16.246,5.68699979782104,0.0,24.077,0.815,0.0,0,119.391227722168,0,1746184,false,326.083581924438,0.0,0.0,0.012,0.0,1
pre_dig,123,16.137,5.73299980163574,0.0,24.077,0.815,0.0,0,119.391227722168,0,1746184,false,326.083581924438,0.0,0.0,0.011,0.0,1
pre_dig,124,19.42,5.73199987411499,0.0,24.077,0.815,0.0,0,119.391227722168,0,1746184,false,326.083578109741,0.0,0.0,0.008,0.0,1
pre_dig,125,14.411,5.76100015640259,0.0,24.077,0.815,0.0,0,119.391227722168,0,1746184,false,326.083581924438,0.0,0.0,0.012,0.0,1
pre_dig,126,16.643,5.72100019454956,0.0,24.077,0.815,0.0,0,119.391227722168,0,1746184,false,326.083581924438,0.0,0.0,0.011,0.0,1
pre_dig,127,16.532,5.68599987030029,0.0,24.077,0.815,0.0,0,119.391227722168,0,1746184,false,326.083581924438,0.0,0.0,0.013,0.0,1
pre_dig,128,17.988,5.70800018310547,0.0,24.077,0.815,0.0,0,119.391227722168,0,1746184,false,326.083581924438,0.0,0.0,0.012,0.0,1
pre_dig,129,15.491,5.75699996948242,0.0,24.077,0.815,0.0,0,119.391227722168,0,1746184,false,326.089750289917,0.0,0.0,0.011,0.0,1
pre_dig,130,16.798,5.73699998855591,0.0,24.077,0.815,0.0,0,119.391227722168,0,1746184,false,326.089818954468,0.0,0.0,0.012,0.0,1
pre_dig,131,19.243,5.73400020599365,0.0,24.077,0.815,0.0,0,119.391227722168,0,1746184,false,326.089750289917,0.0,0.0,0.011,0.0,1
pre_dig,132,13.762,5.72100019454956,0.0,24.077,0.815,0.0,0,119.391227722168,0,1746184,false,326.089750289917,0.0,0.0,0.012,0.0,1
pre_dig,133,16.845,5.75099992752075,0.0,24.077,0.815,0.0,0,119.391227722168,0,1746184,false,326.089750289917,0.0,0.0,0.013,0.0,1
pre_dig,134,16.544,5.72300004959106,0.0,24.077,0.815,0.0,0,119.391227722168,0,1746184,false,326.089750289917,0.0,0.0,0.012,0.0,1
pre_dig,135,16.597,5.71400022506714,0.0,24.077,0.815,0.0,0,119.391227722168,0,1746184,false,326.089750289917,0.0,0.0,0.011,0.0,1
pre_dig,136,16.983,5.75299978256226,0.0,24.077,0.815,0.0,0,119.391227722168,0,1746184,false,326.095918655396,0.0,0.0,0.013,0.0,1
pre_dig,137,16.49,5.74200010299683,0.0,24.077,0.815,0.0,0,119.391227722168,0,1746184,false,326.095914840698,0.0,0.0,0.007,0.0,1
pre_dig,138,18.146,5.74700021743774,0.0,24.077,0.815,0.0,0,119.391227722168,0,1746184,false,326.095918655396,0.0,0.0,0.009,0.0,1
pre_dig,139,14.609,5.73000001907349,0.0,24.077,0.815,0.0,0,119.391227722168,0,1746184,false,326.095918655396,0.0,0.0,0.007,0.0,1
pre_dig,140,17.474,5.73199987411499,0.0,24.077,0.815,0.0,0,119.391227722168,0,1746184,false,326.095918655396,0.0,0.0,0.011,0.0,1
pre_dig,141,16.354,5.68400001525879,0.0,24.077,0.815,0.0,0,119.391227722168,0,1746184,false,326.099123001099,0.0,0.0,0.013,0.0,1
pre_dig,142,16.935,5.70499992370605,0.0,24.077,0.815,0.0,0,119.391227722168,0,1746184,false,326.099123001099,0.0,0.0,0.013,0.0,1
pre_dig,143,16.782,5.76999998092651,0.0,24.077,0.815,0.0,0,119.391227722168,0,1746184,false,326.105291366577,0.0,0.0,0.013,0.0,1
pre_dig,144,16.45,5.76399993896484,0.0,24.077,0.815,0.0,0,119.391227722168,0,1746184,false,326.10528755188,0.0,0.0,0.012,0.0,1
pre_dig,145,19.774,5.77199983596802,0.0,24.077,0.815,0.0,0,119.391227722168,0,1746184,false,326.105291366577,0.0,0.0,0.013,0.0,1
pre_dig,146,13.864,5.72499990463257,0.0,24.077,0.815,0.0,0,119.391227722168,0,1746184,false,326.105360031128,0.0,0.0,0.012,0.0,1
pre_dig,147,16.246,5.69399976730347,0.0,24.077,0.815,0.0,0,119.391227722168,0,1746184,false,326.105291366577,0.0,0.0,0.013,0.0,1
pre_dig,148,16.768,5.71099996566772,0.0,24.077,0.815,0.0,0,119.391227722168,0,1746184,false,326.105291366577,0.0,0.0,0.012,0.0,1
pre_dig,149,16.845,5.74599981307983,0.0,24.077,0.815,0.0,0,119.391227722168,0,1746184,false,326.105291366577,0.0,0.0,0.012,0.0,1
pre_dig,150,16.299,5.74200010299683,0.0,24.077,0.815,0.0,0,119.391227722168,0,1746184,false,326.111459732056,0.0,0.0,0.011,0.0,1
pre_dig,151,16.381,5.71299982070923,0.0,24.077,0.815,0.0,0,119.391227722168,0,1746184,false,326.111459732056,0.0,0.0,0.012,0.0,1
pre_dig,152,20.445,5.73000001907349,0.0,24.077,0.815,0.0,0,119.391227722168,0,1746184,false,326.111459732056,0.0,0.0,0.011,0.0,1
pre_dig,153,13.394,5.7189998626709,0.0,24.077,0.815,0.0,0,119.391227722168,0,1746184,false,326.111455917358,0.0,0.0,0.011,0.0,1
pre_dig,154,16.357,5.73999977111816,0.0,24.077,0.815,0.0,0,119.391227722168,0,1746184,false,326.111459732056,0.0,0.0,0.012,0.0,1
pre_dig,155,16.839,5.72200012207031,0.0,24.077,0.815,0.0,0,119.391227722168,0,1746184,false,326.111459732056,0.0,0.0,0.013,0.0,1
pre_dig,156,16.695,5.73999977111816,0.0,24.077,0.815,0.0,0,119.391227722168,0,1746184,false,326.111459732056,0.0,0.0,0.012,0.0,1
pre_dig,157,16.499,5.70499992370605,0.0,24.077,0.815,0.0,0,119.391227722168,0,1746184,false,326.117628097534,0.0,0.0,0.013,0.0,1
pre_dig,158,16.378,5.72300004959106,0.0,24.077,0.815,0.0,0,119.391227722168,0,1746184,false,326.117628097534,0.0,0.0,0.013,0.0,1
pre_dig,159,20.023,5.76000022888184,0.0,24.077,0.815,0.0,0,119.391227722168,0,1746184,false,326.117628097534,0.0,0.0,0.013,0.0,1
pre_dig,160,13.684,5.71000003814697,0.0,24.077,0.815,0.0,0,119.391227722168,0,1746184,false,326.117628097534,0.0,0.0,0.012,0.0,1
pre_dig,161,16.908,5.72300004959106,0.0,24.077,0.815,0.0,0,119.391227722168,0,1746184,false,326.117628097534,0.0,0.0,0.012,0.0,1
pre_dig,162,16.994,5.74700021743774,0.0,24.077,0.815,0.0,0,119.391227722168,0,1746184,false,326.117696762085,0.0,0.0,0.011,0.0,1
pre_dig,163,16.206,5.71400022506714,0.0,24.077,0.815,0.0,0,119.391227722168,0,1746184,false,326.117628097534,0.0,0.0,0.011,0.0,1
pre_dig,164,16.743,5.70900011062622,0.0,24.077,0.815,0.0,0,119.391227722168,0,1746184,false,326.123796463013,0.0,0.0,0.011,0.0,1
pre_dig,165,16.595,5.67500019073486,0.0,24.077,0.815,0.0,0,119.391227722168,0,1746184,false,326.123796463013,0.0,0.0,0.013,0.0,1
pre_dig,166,19.561,5.69999980926514,0.0,24.077,0.815,0.0,0,119.391227722168,0,1746184,false,326.123552322388,0.0,0.0,0.012,0.0,1
pre_dig,167,13.578,5.75899982452393,0.0,24.077,0.815,0.0,0,119.391227722168,0,1746184,false,326.123552322388,0.0,0.0,0.012,0.0,1
pre_dig,168,16.793,5.74700021743774,0.0,24.077,0.815,0.0,0,119.391227722168,0,1746184,false,326.123552322388,0.0,0.0,0.012,0.0,1
pre_dig,169,16.293,5.71799993515015,0.0,24.077,0.815,0.0,0,119.391227722168,0,1746184,false,326.123552322388,0.0,0.0,0.013,0.0,1
pre_dig,170,17.065,5.67000007629395,0.0,24.077,0.815,0.0,0,119.391227722168,0,1746184,false,326.123552322388,0.0,0.0,0.012,0.0,1
pre_dig,171,16.978,5.72499990463257,0.0,24.077,0.815,0.0,0,119.391227722168,0,1746184,false,326.129720687866,0.0,0.0,0.013,0.0,1
pre_dig,172,16.488,5.65799999237061,0.0,24.077,0.815,0.0,0,119.391227722168,0,1746184,false,326.129720687866,0.0,0.0,0.011,0.0,1
pre_dig,173,19.745,5.64900016784668,0.0,24.077,0.815,0.0,0,119.391227722168,0,1746184,false,326.129720687866,0.0,0.0,0.013,0.0,1
pre_dig,174,13.472,5.65999984741211,0.0,24.077,0.815,0.0,0,119.391227722168,0,1746184,false,326.129720687866,0.0,0.0,0.011,0.0,1
pre_dig,175,16.061,5.68200016021729,0.0,24.077,0.815,0.0,0,119.391227722168,0,1746184,false,326.129720687866,0.0,0.0,0.013,0.0,1
pre_dig,176,16.767,5.6729998588562,0.0,24.077,0.815,0.0,0,119.391227722168,0,1746184,false,326.129716873169,0.0,0.0,0.011,0.0,1
pre_dig,177,17.06,5.69299983978271,0.0,24.077,0.815,0.0,0,119.391227722168,0,1746184,false,326.129716873169,0.0,0.0,0.012,0.0,1
pre_dig,178,17.602,5.67899990081787,0.0,24.077,0.815,0.0,0,119.391227722168,0,1746184,false,326.135957717896,0.0,0.0,0.013,0.0,1
pre_dig,179,15.585,5.65700006484985,0.0,24.077,0.815,0.0,0,119.391227722168,0,1746184,false,326.135889053345,0.0,0.0,0.011,0.0,1
pre_dig,180,20.252,6.11899995803833,0.0,24.077,0.815,0.0,0,119.391227722168,0,1746184,false,326.135889053345,0.0,0.0,0.012,0.0,1
pre_dig,181,13.26,5.66900014877319,0.0,24.077,0.815,0.0,0,119.391227722168,0,1746184,false,326.135885238647,0.0,0.0,0.012,0.0,1
pre_dig,182,16.431,5.64900016784668,0.0,24.077,0.815,0.0,0,119.391227722168,0,1746184,false,326.135889053345,0.0,0.0,0.012,0.0,1
pre_dig,183,16.684,5.6560001373291,0.0,24.077,0.815,0.0,0,119.391227722168,0,1746184,false,326.13551902771,0.0,0.0,0.011,0.0,1
pre_dig,184,16.737,5.64200019836426,0.0,24.077,0.815,0.0,0,119.391227722168,0,1746184,false,326.135522842407,0.0,0.0,0.011,0.0,1
pre_dig,185,16.746,5.66800022125244,0.0,24.077,0.815,0.0,0,119.391227722168,0,1746184,false,326.141691207886,0.0,0.0,0.01,0.0,1
pre_dig,186,17.051,5.69199991226196,0.0,24.077,0.815,0.0,0,119.391227722168,0,1746184,false,326.141691207886,0.0,0.0,0.011,0.0,1
pre_dig,187,19.259,5.63899993896484,0.0,24.077,0.815,0.0,0,119.391227722168,0,1746184,false,326.141691207886,0.0,0.0,0.012,0.0,1
pre_dig,188,13.5,5.66499996185303,0.0,24.077,0.815,0.0,0,119.391227722168,0,1746184,false,326.141683578491,0.0,0.0,0.011,0.0,1
pre_dig,189,16.992,5.62799978256226,0.0,24.077,0.815,0.0,0,119.391227722168,0,1746184,false,326.141691207886,0.0,0.0,0.012,0.0,1
pre_dig,190,17.104,5.63199996948242,0.0,24.077,0.815,0.0,0,119.391227722168,0,1746184,false,326.143304824829,0.0,0.0,0.014,0.0,1
pre_dig,191,15.842,5.61399984359741,0.0,24.077,0.815,0.0,0,119.391227722168,0,1746184,false,326.143304824829,0.0,0.0,0.012,0.0,1
pre_dig,192,17.294,6.05499982833862,0.0,24.077,0.815,0.0,0,119.391227722168,0,1746184,false,326.149473190308,0.0,0.0,0.011,0.0,1
pre_dig,193,15.895,5.63399982452393,0.0,24.077,0.815,0.0,0,119.391227722168,0,1746184,false,326.149473190308,0.0,0.0,0.01,0.0,1
pre_dig,194,20.984,5.6269998550415,0.0,24.077,0.815,0.0,0,119.391227722168,0,1746184,false,326.149538040161,0.0,0.0,0.014,0.0,1
pre_dig,195,13.159,5.63100004196167,0.0,24.077,0.815,0.0,0,119.391227722168,0,1746184,false,326.149473190308,0.0,0.0,0.01,0.0,1
pre_dig,196,15.979,5.63000011444092,0.0,24.077,0.815,0.0,0,119.391227722168,0,1746184,false,326.149473190308,0.0,0.0,0.012,0.0,1
pre_dig,197,17.557,5.66499996185303,0.0,24.077,0.815,0.0,0,119.391227722168,0,1746184,false,326.149473190308,0.0,0.0,0.012,0.0,1
pre_dig,198,16.295,6.05900001525879,0.0,24.077,0.815,0.0,0,119.391227722168,0,1746184,false,326.149473190308,0.0,0.0,0.013,0.0,1
pre_dig,199,16.273,5.64200019836426,0.0,24.077,0.815,0.0,0,119.391227722168,0,1746184,false,326.155641555786,0.0,0.0,0.013,0.0,1
pre_dig,200,16.755,5.61399984359741,0.0,24.077,0.815,0.0,0,119.391227722168,0,1746184,false,326.155641555786,0.0,0.0,0.013,0.0,1
pre_dig,201,18.292,5.63700008392334,0.0,24.077,0.815,0.0,0,119.391227722168,0,1746184,false,326.155641555786,0.0,0.0,0.007,0.0,1
pre_dig,202,14.668,5.60699987411499,0.0,24.077,0.815,0.0,0,119.391227722168,0,1746184,false,326.155641555786,0.0,0.0,0.012,0.0,1
pre_dig,203,16.748,5.66900014877319,0.0,24.077,0.815,0.0,0,119.391227722168,0,1746184,false,326.155641555786,0.0,0.0,0.01,0.0,1
pre_dig,204,16.999,5.62400007247925,0.0,24.077,0.815,0.0,0,119.391227722168,0,1746184,false,326.155641555786,0.0,0.0,0.012,0.0,1
pre_dig,205,16.101,5.6269998550415,0.0,24.077,0.815,0.0,0,119.391227722168,0,1746184,false,326.155637741089,0.0,0.0,0.008,0.0,1
pre_dig,206,17.005,5.59200000762939,0.0,24.077,0.815,0.0,0,119.391227722168,0,1746184,false,326.161809921265,0.0,0.0,0.011,0.0,1
pre_dig,207,17.112,5.61499977111816,0.0,24.077,0.815,0.0,0,119.391227722168,0,1746184,false,326.161809921265,0.0,0.0,0.013,0.0,1
pre_dig,208,19.357,5.64200019836426,0.0,24.077,0.815,0.0,0,119.391227722168,0,1746184,false,326.161809921265,0.0,0.0,0.012,0.0,1
pre_dig,209,14.083,5.62900018692017,0.0,24.077,0.815,0.0,0,119.391227722168,0,1746184,false,326.161809921265,0.0,0.0,0.013,0.0,1
pre_dig,210,16.994,5.61600017547607,0.0,24.077,0.815,0.0,0,119.391227722168,0,1746184,false,326.161878585815,0.0,0.0,0.012,0.0,1
pre_dig,211,16.051,5.63500022888184,0.0,24.077,0.815,0.0,0,119.391227722168,0,1746184,false,326.166616439819,0.0,0.0,0.013,0.0,1
pre_dig,212,17.003,5.60799980163574,0.0,24.077,0.815,0.0,0,119.391227722168,0,1746184,false,326.166616439819,0.0,0.0,0.013,0.0,1
pre_dig,213,16.725,5.62099981307983,0.0,24.077,0.815,0.0,0,119.391227722168,0,1746184,false,326.172784805298,0.0,0.0,0.012,0.0,1
pre_dig,214,16.277,5.59299993515015,0.0,24.077,0.815,0.0,0,119.391227722168,0,1746184,false,326.172784805298,0.0,0.0,0.013,0.0,1
pre_dig,215,19.45,5.60099983215332,0.0,24.077,0.815,0.0,0,119.391227722168,0,1746184,false,326.172780990601,0.0,0.0,0.013,0.0,1
pre_dig,216,13.736,5.61100006103516,0.0,24.077,0.815,0.0,0,119.391227722168,0,1746184,false,326.172784805298,0.0,0.0,0.011,0.0,1
pre_dig,217,16.402,5.56400012969971,0.0,24.077,0.815,0.0,0,119.391227722168,0,1746184,false,326.172784805298,0.0,0.0,0.012,0.0,1
pre_dig,218,16.84,5.59999990463257,0.0,24.077,0.815,0.0,0,119.391227722168,0,1746184,false,326.172780990601,0.0,0.0,0.012,0.0,1
pre_dig,219,16.418,5.61100006103516,0.0,24.077,0.815,0.0,0,119.391227722168,0,1746184,false,326.172784805298,0.0,0.0,0.012,0.0,1
pre_dig,220,17.109,5.56599998474121,0.0,24.077,0.815,0.0,0,119.391227722168,0,1746184,false,326.178953170776,0.0,0.0,0.013,0.0,1
pre_dig,221,17.096,5.60300016403198,0.0,24.077,0.815,0.0,0,119.391227722168,0,1746184,false,326.178953170776,0.0,0.0,0.013,0.0,1
pre_dig,222,19.694,5.59299993515015,0.0,24.077,0.815,0.0,0,119.391227722168,0,1746184,false,326.178953170776,0.0,0.0,0.013,0.0,1
pre_dig,223,13.217,5.66200017929077,0.0,24.077,0.815,0.0,0,119.391227722168,0,1746184,false,326.178953170776,0.0,0.0,0.012,0.0,1
pre_dig,224,16.695,5.64599990844727,0.0,24.077,0.815,0.0,0,119.391227722168,0,1746184,false,326.178953170776,0.0,0.0,0.011,0.0,1
pre_dig,225,16.744,5.66699981689453,0.0,24.077,0.815,0.0,0,119.391227722168,0,1746184,false,326.178953170776,0.0,0.0,0.012,0.0,1
pre_dig,226,17.256,5.6269998550415,0.0,24.077,0.815,0.0,0,119.391227722168,0,1746184,false,326.17901802063,0.0,0.0,0.012,0.0,1
pre_dig,227,16.166,5.64200019836426,0.0,24.077,0.815,0.0,0,119.391227722168,0,1746184,false,326.185121536255,0.0,0.0,0.012,0.0,1
pre_dig,228,16.542,5.63800001144409,0.0,24.077,0.815,0.0,0,119.391227722168,0,1746184,false,326.185121536255,0.0,0.0,0.012,0.0,1
pre_dig,229,19.581,5.61499977111816,0.0,24.077,0.815,0.0,0,119.391227722168,0,1746184,false,326.185121536255,0.0,0.0,0.011,0.0,1
pre_dig,230,13.578,5.66499996185303,0.0,24.077,0.815,0.0,0,119.391227722168,0,1746184,false,326.185121536255,0.0,0.0,0.012,0.0,1
pre_dig,231,16.962,5.63199996948242,0.0,24.077,0.815,0.0,0,119.391227722168,0,1746184,false,326.185121536255,0.0,0.0,0.016,0.0,1
pre_dig,232,16.142,5.67899990081787,0.0,24.077,0.815,0.0,0,119.391227722168,0,1746184,false,326.185121536255,0.0,0.0,0.006,0.0,1
pre_dig,233,17.131,5.66599988937378,0.0,24.077,0.815,0.0,0,119.391227722168,0,1746184,false,326.185121536255,0.0,0.0,0.015,0.0,1
pre_dig,234,16.688,5.63100004196167,0.0,24.077,0.815,0.0,0,119.391227722168,0,1746184,false,326.191289901733,0.0,0.0,0.011,0.0,1
pre_dig,235,16.312,5.60300016403198,0.0,24.077,0.815,0.0,0,119.391227722168,0,1746184,false,326.191289901733,0.0,0.0,0.012,0.0,1
pre_dig,236,17.806,5.59000015258789,0.0,24.077,0.815,0.0,0,119.391227722168,0,1746184,false,326.191289901733,0.0,0.0,0.007,0.0,1
pre_dig,237,15.751,5.63399982452393,0.0,24.077,0.815,0.0,0,119.391227722168,0,1746184,false,326.182516098022,0.0,0.0,0.011,0.0,1
pre_dig,238,16.614,5.62099981307983,0.0,24.077,0.815,0.0,0,119.391227722168,0,1746184,false,326.182516098022,0.0,0.0,0.011,0.0,1
pre_dig,239,16.404,5.59499979019165,0.0,24.077,0.815,0.0,0,119.391227722168,0,1746184,false,326.182516098022,0.0,0.0,0.01,0.0,1
pre_dig,240,17.041,6.08500003814697,0.0,24.077,0.815,0.0,0,119.391227722168,0,1746184,false,326.182516098022,0.0,0.0,0.012,0.0,1
pre_dig,241,16.3,5.56599998474121,0.0,24.077,0.815,0.0,0,119.391227722168,0,1746184,false,326.188676834106,0.0,0.0,0.012,0.0,1
pre_dig,242,16.793,5.6100001335144,0.0,24.077,0.815,0.0,0,119.391227722168,0,1746184,false,326.188749313354,0.0,0.0,0.011,0.0,1
pre_dig,243,18.484,5.61800003051758,0.0,24.077,0.815,0.0,0,119.391227722168,0,1746184,false,326.188684463501,0.0,0.0,0.008,0.0,1
pre_dig,244,14.663,5.58400011062622,0.0,24.077,0.815,0.0,0,119.391227722168,0,1746184,false,326.188684463501,0.0,0.0,0.009,0.0,1
pre_dig,245,16.922,5.60300016403198,0.0,24.077,0.815,0.0,0,119.391227722168,0,1746184,false,326.188684463501,0.0,0.0,0.012,0.0,1
pre_dig,246,16.022,5.54899978637695,0.0,24.077,0.815,0.0,0,119.391227722168,0,1746184,false,326.188684463501,0.0,0.0,0.008,0.0,1
pre_dig,247,17.081,5.56400012969971,0.0,24.077,0.815,0.0,0,119.391227722168,0,1746184,false,326.188684463501,0.0,0.0,0.009,0.0,1
pre_dig,248,17.017,5.58699989318848,0.0,24.077,0.815,0.0,0,119.391227722168,0,1746184,false,326.194852828979,0.0,0.0,0.011,0.0,1
pre_dig,249,16.423,5.53499984741211,0.0,24.077,0.815,0.0,0,119.391227722168,0,1746184,false,326.194852828979,0.0,0.0,0.008,0.0,1
pre_dig,250,18.666,5.55299997329712,0.0,24.077,0.815,0.0,0,119.391227722168,0,1746184,false,326.194852828979,0.0,0.0,0.012,0.0,1
pre_dig,251,14.308,5.51800012588501,0.0,24.077,0.815,0.0,0,119.391227722168,0,1746184,false,326.194852828979,0.0,0.0,0.01,0.0,1
pre_dig,252,16.969,5.52699995040894,0.0,24.077,0.815,0.0,0,119.391227722168,0,1746184,false,326.194852828979,0.0,0.0,0.007,0.0,1
pre_dig,253,16.609,5.52099990844727,0.0,24.077,0.815,0.0,0,119.391227722168,0,1746184,false,326.194852828979,0.0,0.0,0.012,0.0,1
pre_dig,254,16.794,5.51599979400635,0.0,24.077,0.815,0.0,0,119.391227722168,0,1746184,false,326.194852828979,0.0,0.0,0.011,0.0,1
pre_dig,255,16.786,5.5019998550415,0.0,24.077,0.815,0.0,0,119.391227722168,0,1746184,false,326.201017379761,0.0,0.0,0.011,0.0,1
pre_dig,256,16.909,5.48199987411499,0.0,24.077,0.815,0.0,0,119.391227722168,0,1746184,false,326.201021194458,0.0,0.0,0.013,0.0,1
pre_dig,257,20.648,5.48099994659424,0.0,24.077,0.815,0.0,0,119.391227722168,0,1746184,false,326.201021194458,0.0,0.0,0.013,0.0,1
pre_dig,258,12.871,5.49300003051758,0.0,24.077,0.815,0.0,0,119.391227722168,0,1746184,false,326.201089859009,0.0,0.0,0.012,0.0,1
pre_dig,259,16.299,5.49100017547607,0.0,24.077,0.815,0.0,0,119.391227722168,0,1746184,false,326.201021194458,0.0,0.0,0.011,0.0,1
pre_dig,260,16.419,5.48699998855591,0.0,24.077,0.815,0.0,0,119.391227722168,0,1746184,false,326.201021194458,0.0,0.0,0.012,0.0,1
pre_dig,261,16.846,5.48600006103516,0.0,24.077,0.815,0.0,0,119.391227722168,0,1746184,false,326.201021194458,0.0,0.0,0.013,0.0,1
pre_dig,262,17.095,5.44700002670288,0.0,24.077,0.815,0.0,0,119.391227722168,0,1746184,false,326.207189559937,0.0,0.0,0.013,0.0,1
pre_dig,263,16.087,5.48799991607666,0.0,24.077,0.815,0.0,0,119.391227722168,0,1746184,false,326.207189559937,0.0,0.0,0.014,0.0,1
pre_dig,264,20.372,5.46299982070923,0.0,24.077,0.815,0.0,0,119.391227722168,0,1746184,false,326.207189559937,0.0,0.0,0.012,0.0,1
pre_dig,265,13.071,5.46000003814697,0.0,24.077,0.815,0.0,0,119.391227722168,0,1746184,false,326.207189559937,0.0,0.0,0.012,0.0,1
pre_dig,266,16.423,5.44899988174438,0.0,24.077,0.815,0.0,0,119.391227722168,0,1746184,false,326.207189559937,0.0,0.0,0.01,0.0,1
pre_dig,267,16.669,5.46600008010864,0.0,24.077,0.815,0.0,0,119.391227722168,0,1746184,false,326.207189559937,0.0,0.0,0.009,0.0,1
pre_dig,268,16.328,5.41400003433228,0.0,24.077,0.815,0.0,0,119.391227722168,0,1746184,false,326.207311630249,0.0,0.0,0.013,0.0,1
pre_dig,269,16.931,5.43599987030029,0.0,24.077,0.815,0.0,0,119.391227722168,0,1746184,false,326.213479995728,0.0,0.0,0.007,0.0,1
pre_dig,270,16.687,5.81599998474121,0.0,24.077,0.815,0.0,0,119.391227722168,0,1746184,false,326.213479995728,0.0,0.0,0.01,0.0,1
pre_dig,271,18.125,5.55000019073486,0.0,24.077,0.815,0.0,0,119.391227722168,0,1746184,false,326.213479995728,0.0,0.0,0.007,0.0,1
pre_dig,272,15.618,6.01300001144409,0.0,24.077,0.815,0.0,0,119.391227722168,0,1746184,false,326.213479995728,0.0,0.0,0.011,0.0,1
pre_dig,273,16.858,5.49700021743774,0.0,24.077,0.815,0.0,0,119.391227722168,0,1746184,false,326.213479995728,0.0,0.0,0.013,0.0,1
pre_dig,274,17.005,5.50699996948242,0.0,24.077,0.815,0.0,0,119.391227722168,0,1746184,false,326.213548660278,0.0,0.0,0.013,0.0,1
pre_dig,275,16.244,5.52699995040894,0.0,24.077,0.815,0.0,0,119.391227722168,0,1746184,false,326.213479995728,0.0,0.0,0.012,0.0,1
pre_dig,276,17.323,6.04400014877319,0.0,24.077,0.815,0.0,0,119.391227722168,0,1746184,false,326.219648361206,0.0,0.0,0.012,0.0,1
pre_dig,277,15.894,5.49100017547607,0.0,24.077,0.815,0.0,0,119.391227722168,0,1746184,false,326.219648361206,0.0,0.0,0.012,0.0,1
pre_dig,278,19.142,5.48199987411499,0.0,24.077,0.815,0.0,0,119.391227722168,0,1746184,false,326.219648361206,0.0,0.0,0.012,0.0,1
pre_dig,279,14.263,5.49700021743774,0.0,24.077,0.815,0.0,0,119.391227722168,0,1746184,false,326.219648361206,0.0,0.0,0.012,0.0,1
pre_dig,280,16.396,5.4980001449585,0.0,24.077,0.815,0.0,0,119.391227722168,0,1746184,false,326.219644546509,0.0,0.0,0.012,0.0,1
pre_dig,281,17.914,6.26100015640259,0.0,24.077,0.815,0.0,0,119.391227722168,0,1746184,false,326.219648361206,0.0,0.0,0.013,0.0,1
pre_dig,282,15.731,5.50099992752075,0.0,24.077,0.815,0.0,0,119.391227722168,0,1746184,false,326.219648361206,0.0,0.0,0.012,0.0,1
pre_dig,283,16.96,5.48099994659424,0.0,24.077,0.815,0.0,0,119.391227722168,0,1746184,false,326.225812911987,0.0,0.0,0.012,0.0,1
pre_dig,284,16.677,5.48600006103516,0.0,24.077,0.815,0.0,0,119.391227722168,0,1746184,false,326.225816726685,0.0,0.0,0.012,0.0,1
pre_dig,285,19.525,5.45300006866455,0.0,24.077,0.815,0.0,0,119.391227722168,0,1746184,false,326.22557258606,0.0,0.0,0.012,0.0,1
pre_dig,286,13.076,5.4689998626709,0.0,24.077,0.815,0.0,0,119.391227722168,0,1746184,false,326.225568771362,0.0,0.0,0.012,0.0,1
pre_dig,287,16.627,5.47900009155273,0.0,24.077,0.815,0.0,0,119.391227722168,0,1746184,false,326.22557258606,0.0,0.0,0.012,0.0,1
pre_dig,288,17.399,5.91599988937378,0.0,24.077,0.815,0.0,0,119.391227722168,0,1746184,false,326.22557258606,0.0,0.0,0.012,0.0,1
pre_dig,289,16.074,5.39300012588501,0.0,24.077,0.815,0.0,0,119.391227722168,0,1746184,false,326.22557258606,0.0,0.0,0.011,0.0,1
pre_dig,290,17.177,5.40700006484985,0.0,24.077,0.815,0.0,0,119.391227722168,0,1746184,false,326.231809616089,0.0,0.0,0.011,0.0,1
pre_dig,291,15.699,5.41300010681152,0.0,24.077,0.815,0.0,0,119.391227722168,0,1746184,false,326.231740951538,0.0,0.0,0.012,0.0,1
pre_dig,292,20.237,5.37400007247925,0.0,24.077,0.815,0.0,0,119.391227722168,0,1746184,false,326.231740951538,0.0,0.0,0.036,0.0,1
pre_dig,293,13.924,5.38500022888184,0.0,24.077,0.815,0.0,0,119.391227722168,0,1746184,false,326.231740951538,0.0,0.0,0.014,0.0,1
pre_dig,294,16.633,5.82200002670288,0.0,24.077,0.815,0.0,0,119.391227722168,0,1746184,false,326.231740951538,0.0,0.0,0.013,0.0,1
pre_dig,295,16.477,5.39300012588501,0.0,24.077,0.815,0.0,0,119.391227722168,0,1746184,false,326.231740951538,0.0,0.0,0.013,0.0,1
pre_dig,296,16.516,5.3730001449585,0.0,24.077,0.815,0.0,0,119.391227722168,0,1746184,false,326.231737136841,0.0,0.0,0.012,0.0,1
pre_dig,297,16.822,5.37599992752075,0.0,24.077,0.815,0.0,0,119.391227722168,0,1746184,false,326.237909317017,0.0,0.0,0.013,0.0,1
pre_dig,298,16.925,5.83500003814697,0.0,24.077,0.815,0.0,0,119.391227722168,0,1746184,false,326.237909317017,0.0,0.0,0.012,0.0,1
pre_dig,299,19.793,6.31400012969971,0.0,24.077,0.815,0.0,0,119.391227722168,0,1746184,false,326.237909317017,0.0,0.0,0.012,0.0,1
pre_dig,300,13.158,5.39300012588501,0.0,24.077,0.815,0.0,0,119.391227722168,0,1746184,false,326.237909317017,0.0,0.0,0.013,0.0,1
pre_dig,301,16.583,5.34700012207031,0.0,24.077,0.815,0.0,0,119.391227722168,0,1746184,false,326.237909317017,0.0,0.0,0.011,0.0,1
continuous_dig,1,16.602,5.6560001373291,0.0,24.077,0.815,0.0,1,119.391227722168,0,1746184,true,326.457460403442,0.0,0.0,0.012,0.0,1
continuous_dig,2,13.605,5.66699981689453,0.0,24.077,0.815,0.0,0,119.391227722168,0,1746184,true,284.357828140259,0.0,0.0,0.013,0.0,1
continuous_dig,3,19.656,5.81599998474121,0.957,3.219,1.873,0.0,0,119.391227722168,4,1746184,true,263.004144668579,0.318,12.714,2.872,0.0,1
continuous_dig,4,21.065,5.81400012969971,0.957,3.883,4.169,49.154,0,119.409004211426,4,1746416,false,262.739103317261,0.318,12.714,4.522,0.0,1
continuous_dig,5,9.216,5.80399990081787,0.957,3.883,4.169,49.154,0,119.409004211426,4,1746416,false,262.745168685913,0.318,12.714,0.011,62.851,1
continuous_dig,6,16.945,5.88399982452393,0.957,3.883,4.169,49.154,0,119.409004211426,4,1746416,false,262.744462966919,0.318,12.714,0.015,62.851,1
continuous_dig,7,16.365,5.8600001335144,0.957,3.883,4.169,49.154,0,119.409004211426,4,1746416,false,262.744459152222,0.318,12.714,0.008,62.851,1
continuous_dig,8,16.576,5.89799976348877,0.957,3.883,4.169,49.154,0,119.409004211426,4,1746416,false,262.744462966919,0.318,12.714,0.007,62.851,1
continuous_dig,9,16.794,5.87200021743774,0.957,3.883,4.169,49.154,0,119.409004211426,4,1746416,false,262.750814437866,0.318,12.714,0.01,62.851,1
continuous_dig,10,16.728,5.88500022888184,0.957,3.883,4.169,49.154,0,119.409004211426,4,1746416,false,262.750818252563,0.318,12.714,0.012,62.851,1
continuous_dig,11,19.917,5.88600015640259,0.957,3.883,4.169,49.154,0,119.409004211426,4,1746416,false,262.750818252563,0.318,12.714,0.013,62.851,1
continuous_dig,12,13.341,5.87599992752075,0.957,3.883,4.169,49.154,0,119.409004211426,4,1746416,false,262.750818252563,0.318,12.714,0.012,62.851,1
continuous_dig,13,16.717,5.90299987792969,0.957,3.883,4.169,49.154,1,119.409004211426,4,1746416,true,262.763814926147,0.318,12.714,0.012,62.851,1
continuous_dig,14,19.994,6.42799997329712,0.235,3.677,1.839,49.154,0,119.409004211426,4,1746416,true,263.060884475708,0.419,12.911,2.715,62.851,1
continuous_dig,15,20.422,5.90700006484985,0.235,3.61,4.0,35.759,0,119.410217285156,4,1746432,false,262.749628067017,0.419,12.911,4.387,62.851,1
continuous_dig,16,10.118,5.88899993896484,0.235,3.61,4.0,35.759,0,119.410217285156,4,1746432,false,262.762529373169,0.419,12.911,0.011,49.166,1
continuous_dig,17,15.853,5.79500007629395,0.235,3.61,4.0,35.759,0,119.410217285156,4,1746432,false,262.761613845825,0.419,12.911,0.013,49.166,1
continuous_dig,18,17.042,5.83199977874756,0.235,3.61,4.0,35.759,0,119.410217285156,4,1746432,false,262.761613845825,0.419,12.911,0.011,49.166,1
continuous_dig,19,16.355,5.80900001525879,0.235,3.61,4.0,35.759,0,119.410217285156,4,1746432,false,262.76202583313,0.419,12.911,0.011,49.166,1
continuous_dig,20,16.443,5.76200008392334,0.235,3.61,4.0,35.759,0,119.410217285156,4,1746432,false,262.76202583313,0.419,12.911,0.006,49.166,1
continuous_dig,21,17.097,5.77299976348877,0.235,3.61,4.0,35.759,0,119.410217285156,4,1746432,false,262.76202583313,0.419,12.911,0.011,49.166,1
continuous_dig,22,19.534,5.78800010681152,0.235,3.61,4.0,35.759,0,119.410217285156,4,1746432,false,262.76202583313,0.419,12.911,0.012,49.166,1
continuous_dig,23,13.479,5.79899978637695,0.235,3.61,4.0,35.759,0,119.410217285156,4,1746432,false,262.768194198608,0.419,12.911,0.01,49.166,1
continuous_dig,24,17.12,5.77500009536743,0.235,3.61,4.0,35.759,1,119.410217285156,4,1746432,true,262.780912399292,0.419,12.911,0.012,49.166,1
continuous_dig,25,22.96,6.53200006484985,0.495,4.058,2.515,19.991,0,119.410270690918,5,1746432,false,262.76092338562,0.369,12.379,4.625,49.166,1
continuous_dig,26,9.762,5.76700019836426,0.495,4.058,2.515,19.991,0,119.410270690918,5,1746432,false,262.76922416687,0.369,12.379,0.008,32.208,1
continuous_dig,27,17.388,5.84100008010864,0.495,4.058,2.515,19.991,0,119.410270690918,5,1746432,false,262.768381118774,0.369,12.379,0.013,32.208,1
continuous_dig,28,16.056,5.8439998626709,0.495,4.058,2.515,19.991,0,119.410270690918,5,1746432,false,262.769018173218,0.369,12.379,0.012,32.208,1
continuous_dig,29,17.138,5.8289999961853,0.495,4.058,2.515,19.991,0,119.410270690918,5,1746432,false,262.769018173218,0.369,12.379,0.011,32.208,1
continuous_dig,30,16.979,6.31400012969971,0.495,4.058,2.515,19.991,0,119.410270690918,5,1746432,false,262.775190353394,0.369,12.379,0.011,32.208,1
continuous_dig,31,16.277,5.86999988555908,0.495,4.058,2.515,19.991,0,119.410270690918,5,1746432,false,262.775190353394,0.369,12.379,0.012,32.208,1
continuous_dig,32,20.682,5.87400007247925,0.495,4.058,2.515,19.991,0,119.410270690918,5,1746432,false,262.775259017944,0.369,12.379,0.011,32.208,1
continuous_dig,33,12.844,5.89499998092651,0.495,4.058,2.515,19.991,1,119.410270690918,5,1746432,true,262.787912368774,0.369,12.379,0.013,32.208,1
continuous_dig,34,19.798,5.84200000762939,0.295,3.74,2.028,19.991,0,119.410270690918,5,1746432,true,263.082666397095,0.412,13.594,2.917,32.208,1
continuous_dig,35,20.432,5.86499977111816,0.295,4.517,4.045,35.458,0,119.41056060791,5,1746436,false,262.77045249939,0.412,13.594,4.367,32.208,1
continuous_dig,36,9.861,5.84899997711182,0.295,4.517,4.045,35.458,0,119.41056060791,5,1746436,false,262.777112960815,0.412,13.594,0.012,49.242,1
continuous_dig,37,16.78,5.81300020217896,0.295,4.517,4.045,35.458,0,119.41056060791,5,1746436,false,262.782434463501,0.412,13.594,0.011,49.242,1
continuous_dig,38,15.816,5.73099994659424,0.295,4.517,4.045,35.458,0,119.41056060791,5,1746436,false,262.782438278198,0.412,13.594,0.013,49.242,1
continuous_dig,39,16.491,5.72700023651123,0.295,4.517,4.045,35.458,0,119.41056060791,5,1746436,false,262.782438278198,0.412,13.594,0.011,49.242,1
continuous_dig,40,17.152,5.73600006103516,0.295,4.517,4.045,35.458,0,119.41056060791,5,1746436,false,262.782438278198,0.412,13.594,0.011,49.242,1
continuous_dig,41,17.193,5.74700021743774,0.295,4.517,4.045,35.458,0,119.41056060791,5,1746436,false,262.782438278198,0.412,13.594,0.017,49.242,1
continuous_dig,42,19.472,5.72499990463257,0.295,4.517,4.045,35.458,0,119.41056060791,5,1746436,false,262.783399581909,0.412,13.594,0.012,49.242,1
continuous_dig,43,13.409,5.76200008392334,0.295,4.517,4.045,35.458,0,119.41056060791,5,1746436,false,262.783399581909,0.412,13.594,0.012,49.242,1
continuous_dig,44,17.745,6.17199993133545,0.295,4.517,4.045,35.458,1,119.41056060791,5,1746436,true,262.802289962769,0.412,13.594,0.012,49.242,1
continuous_dig,45,18.244,5.73799991607666,0.316,4.153,1.521,35.458,0,119.41056060791,5,1746436,true,263.096075057983,0.385,13.686,2.633,49.242,1
continuous_dig,46,21.253,5.73400020599365,0.316,4.162,4.382,34.176,0,119.410453796387,5,1746436,false,262.783586502075,0.385,13.686,4.715,49.242,1
continuous_dig,47,9.798,6.13000011444092,0.316,4.162,4.382,34.176,0,119.410453796387,5,1746436,false,262.790246963501,0.385,13.686,0.013,48.593,1
continuous_dig,48,17.012,5.87099981307983,0.316,4.162,4.382,34.176,0,119.410453796387,5,1746436,false,262.789472579956,0.385,13.686,0.013,48.593,1
continuous_dig,49,16.091,5.88700008392334,0.316,4.162,4.382,34.176,0,119.410453796387,5,1746436,false,262.789403915405,0.385,13.686,0.012,48.593,1
continuous_dig,50,16.908,6.30299997329712,0.316,4.162,4.382,34.176,0,119.410453796387,5,1746436,false,262.789403915405,0.385,13.686,0.012,48.593,1
continuous_dig,51,16.435,5.86299991607666,0.316,4.162,4.382,34.176,0,119.410453796387,5,1746436,false,262.795572280884,0.385,13.686,0.012,48.593,1
continuous_dig,52,15.989,5.86299991607666,0.316,4.162,4.382,34.176,0,119.410453796387,5,1746436,false,262.795572280884,0.385,13.686,0.012,48.593,1
continuous_dig,53,22.488,5.8730001449585,0.316,4.162,4.382,34.176,0,119.410453796387,5,1746436,false,262.795568466187,0.385,13.686,0.011,48.593,1
continuous_dig,54,11.461,5.84000015258789,0.316,4.162,4.382,34.176,0,119.410453796387,5,1746436,false,262.795572280884,0.385,13.686,0.012,48.593,1
continuous_dig,55,16.195,5.85900020599365,0.316,4.162,4.382,34.176,1,119.410453796387,5,1746436,true,262.808294296265,0.385,13.686,0.012,48.593,1
continuous_dig,56,20.398,6.30000019073486,0.502,3.963,1.859,34.176,0,119.410453796387,6,1746436,true,263.103357315063,0.334,14.272,2.747,48.593,1
continuous_dig,57,19.424,5.86700010299683,0.502,4.062,3.333,35.343,0,119.411560058594,6,1746452,false,262.794004440308,0.334,14.272,3.603,48.593,1
continuous_dig,58,10.787,5.86499977111816,0.502,4.062,3.333,35.343,0,119.411560058594,6,1746452,false,262.806837081909,0.334,14.272,0.011,49.761,1
continuous_dig,59,16.607,5.78499984741211,0.502,4.062,3.333,35.343,0,119.411560058594,6,1746452,false,262.805990219116,0.334,14.272,0.012,49.761,1
continuous_dig,60,16.673,5.78299999237061,0.502,4.062,3.333,35.343,0,119.411560058594,6,1746452,false,262.805990219116,0.334,14.272,0.013,49.761,1
continuous_dig,61,16.819,5.81099987030029,0.502,4.062,3.333,35.343,0,119.411560058594,6,1746452,false,262.805990219116,0.334,14.272,0.011,49.761,1
continuous_dig,62,16.572,5.79199981689453,0.502,4.062,3.333,35.343,0,119.411560058594,6,1746452,false,262.805990219116,0.334,14.272,0.013,49.761,1
continuous_dig,63,16.587,5.77199983596802,0.502,4.062,3.333,35.343,0,119.411560058594,6,1746452,false,262.807409286499,0.334,14.272,0.013,49.761,1
continuous_dig,64,20.134,5.81400012969971,0.502,4.062,3.333,35.343,0,119.411560058594,6,1746452,false,262.80747795105,0.334,14.272,0.248,49.761,1
continuous_dig,65,12.98,5.80999994277954,0.502,4.062,3.333,35.343,0,119.411560058594,6,1746452,false,262.81357383728,0.334,14.272,0.013,49.761,1
continuous_dig,66,16.745,5.80499982833862,0.502,4.062,3.333,35.343,1,119.411560058594,6,1746452,true,262.826299667358,0.334,14.272,0.012,49.761,1
continuous_dig,67,22.923,5.79099988937378,0.208,3.818,2.642,19.91,0,119.412162780762,6,1746464,false,262.808881759644,0.903,13.489,4.793,49.761,1
continuous_dig,68,9.978,5.78499984741211,0.208,3.818,2.642,19.91,0,119.412162780762,6,1746464,false,262.817178726196,0.903,13.489,0.008,32.348,1
continuous_dig,69,17.447,5.85300016403198,0.208,3.818,2.642,19.91,0,119.412162780762,6,1746464,false,262.816335678101,0.903,13.489,0.013,32.348,1
continuous_dig,70,16.524,5.86600017547607,0.208,3.818,2.642,19.91,0,119.412162780762,6,1746464,false,262.816335678101,0.903,13.489,0.012,32.348,1
continuous_dig,71,16.829,5.85599994659424,0.208,3.818,2.642,19.91,0,119.412162780762,6,1746464,false,262.816335678101,0.903,13.489,0.015,32.348,1
continuous_dig,72,16.673,5.84999990463257,0.208,3.818,2.642,19.91,0,119.412162780762,6,1746464,false,262.822504043579,0.903,13.489,0.012,32.348,1
continuous_dig,73,16.615,6.74300003051758,0.208,3.818,2.642,19.91,0,119.412162780762,6,1746464,false,262.822504043579,0.903,13.489,0.013,32.348,1
continuous_dig,74,19.186,5.92199993133545,0.208,3.818,2.642,19.91,0,119.412162780762,6,1746464,false,262.822504043579,0.903,13.489,0.011,32.348,1
continuous_dig,75,14.28,5.86800003051758,0.208,3.818,2.642,19.91,1,119.412162780762,6,1746464,true,262.834413528442,0.903,13.489,0.013,32.348,1
continuous_dig,76,19.385,5.85200023651123,0.257,3.666,1.644,19.91,0,119.412162780762,6,1746464,true,263.1295337677,0.317,14.137,2.827,32.348,1
continuous_dig,77,22.305,5.85599994659424,0.257,4.835,5.118,36.156,0,119.412162780762,6,1746464,false,262.816644668579,0.317,14.137,5.526,32.348,1
continuous_dig,78,7.786,5.88299989700317,0.257,4.835,5.118,36.156,0,119.412162780762,6,1746464,false,262.823305130005,0.317,14.137,0.007,48.845,1
continuous_dig,79,16.836,5.77600002288818,0.257,4.835,5.118,36.156,0,119.412162780762,6,1746464,false,262.828630447388,0.317,14.137,0.01,48.845,1
continuous_dig,80,16.408,5.7960000038147,0.257,4.835,5.118,36.156,0,119.412162780762,6,1746464,false,262.828512191772,0.317,14.137,0.012,48.845,1
continuous_dig,81,16.708,5.68300008773804,0.257,4.835,5.118,36.156,0,119.412162780762,6,1746464,false,262.828447341919,0.317,14.137,0.013,48.845,1
continuous_dig,82,17.038,5.64799976348877,0.257,4.835,5.118,36.156,0,119.412162780762,6,1746464,false,262.828447341919,0.317,14.137,0.011,48.845,1
continuous_dig,83,16.154,5.65399980545044,0.257,4.835,5.118,36.156,0,119.412162780762,6,1746464,false,262.828447341919,0.317,14.137,0.011,48.845,1
continuous_dig,84,19.647,5.65700006484985,0.257,4.835,5.118,36.156,0,119.412162780762,6,1746464,false,262.828447341919,0.317,14.137,0.011,48.845,1
continuous_dig,85,13.634,5.66400003433228,0.257,4.835,5.118,36.156,0,119.412162780762,6,1746464,false,262.828447341919,0.317,14.137,0.011,48.845,1
continuous_dig,86,16.906,5.67600011825562,0.257,4.835,5.118,36.156,1,119.412162780762,6,1746464,true,262.846529006958,0.317,14.137,0.012,48.845,1
continuous_dig,87,19.795,5.65700006484985,0.238,3.788,1.706,36.156,0,119.412162780762,6,1746464,true,263.143999099731,0.284,14.307,2.722,48.845,1
continuous_dig,88,21.204,5.65000009536743,0.238,4.516,4.159,35.796,0,119.41332244873,6,1746480,false,262.833265304565,0.284,14.307,4.501,48.845,1
continuous_dig,89,9.141,5.64599990844727,0.238,4.516,4.159,35.796,0,119.41332244873,6,1746480,false,262.839925765991,0.284,14.307,0.009,49.558,1
continuous_dig,90,16.17,5.76800012588501,0.238,4.516,4.159,35.796,0,119.41332244873,6,1746480,false,262.839078903198,0.284,14.307,0.009,49.558,1
continuous_dig,91,17.088,5.73600006103516,0.238,4.516,4.159,35.796,0,119.41332244873,6,1746480,false,262.839082717896,0.284,14.307,0.011,49.558,1
continuous_dig,92,16.23,5.73299980163574,0.238,4.516,4.159,35.796,0,119.41332244873,6,1746480,false,262.839078903198,0.284,14.307,0.007,49.558,1
continuous_dig,93,17.452,5.75099992752075,0.238,4.516,4.159,35.796,0,119.41332244873,6,1746480,false,262.845251083374,0.284,14.307,0.012,49.558,1
continuous_dig,94,16.412,5.74100017547607,0.238,4.516,4.159,35.796,0,119.41332244873,6,1746480,false,262.847402572632,0.284,14.307,0.012,49.558,1
continuous_dig,95,19.416,5.73099994659424,0.238,4.516,4.159,35.796,0,119.41332244873,6,1746480,false,262.847402572632,0.284,14.307,0.012,49.558,1
continuous_dig,96,14.323,5.7350001335144,0.238,4.516,4.159,35.796,0,119.41332244873,6,1746480,false,262.847467422485,0.284,14.307,0.013,49.558,1
continuous_dig,97,16.616,5.76000022888184,0.238,4.516,4.159,35.796,1,119.41332244873,6,1746480,true,262.858827590942,0.284,14.307,0.013,49.558,1
continuous_dig,98,19.256,5.7480001449585,0.37,3.96,1.609,35.796,0,119.41332244873,6,1746480,true,263.15379524231,0.332,14.35,2.525,49.558,1
continuous_dig,99,21.547,5.77199983596802,0.37,4.512,4.292,35.621,0,119.412925720215,6,1746476,false,262.839754104614,0.332,14.35,4.684,49.558,1
continuous_dig,100,9.667,6.14200019836426,0.37,4.512,4.292,35.621,0,119.412925720215,6,1746476,false,262.852586746216,0.332,14.35,0.012,49.529,1
continuous_dig,101,15.947,5.73299980163574,0.37,4.512,4.292,35.621,0,119.412925720215,6,1746476,false,262.85174369812,0.332,14.35,0.013,49.529,1
continuous_dig,102,16.165,5.71000003814697,0.37,4.512,4.292,35.621,0,119.412925720215,6,1746476,false,262.85174369812,0.332,14.35,0.013,49.529,1
continuous_dig,103,17.292,5.72700023651123,0.37,4.512,4.292,35.621,0,119.412925720215,6,1746476,false,262.85174369812,0.332,14.35,0.013,49.529,1
continuous_dig,104,16.85,5.72300004959106,0.37,4.512,4.292,35.621,0,119.412925720215,6,1746476,false,262.851739883423,0.332,14.35,0.014,49.529,1
continuous_dig,105,16.293,5.71500015258789,0.37,4.512,4.292,35.621,0,119.412925720215,6,1746476,false,262.85174369812,0.332,14.35,0.012,49.529,1
continuous_dig,106,19.616,5.71000003814697,0.37,4.512,4.292,35.621,0,119.412925720215,6,1746476,false,262.85174369812,0.332,14.35,0.012,49.529,1
continuous_dig,107,13.471,5.73400020599365,0.37,4.512,4.292,35.621,0,119.412925720215,6,1746476,false,262.857912063599,0.332,14.35,0.011,49.529,1
continuous_dig,108,16.56,5.73299980163574,0.37,4.512,4.292,35.621,1,119.412925720215,6,1746476,true,262.869821548462,0.332,14.35,0.013,49.529,1
continuous_dig,109,19.813,5.74700021743774,0.261,3.544,1.633,35.621,0,119.412925720215,6,1746476,true,263.167558670044,0.329,14.212,2.553,49.529,1
continuous_dig,110,21.23,5.72700023651123,0.261,4.681,4.452,36.036,0,119.414085388184,6,1746492,false,262.856473922729,0.329,14.212,4.796,49.529,1
continuous_dig,111,9.097,5.76300001144409,0.261,4.681,4.452,36.036,0,119.414085388184,6,1746492,false,262.863138198853,0.329,14.212,0.011,49.465,1
continuous_dig,112,17.209,5.71999979019165,0.261,4.681,4.452,36.036,0,119.414085388184,6,1746492,false,262.862363815308,0.329,14.212,0.011,49.465,1
continuous_dig,113,16.228,5.71500015258789,0.261,4.681,4.452,36.036,0,119.414085388184,6,1746492,false,262.862295150757,0.329,14.212,0.011,49.465,1
continuous_dig,114,16.679,5.69199991226196,0.261,4.681,4.452,36.036,0,119.414085388184,6,1746492,false,262.868463516235,0.329,14.212,0.011,49.465,1
continuous_dig,115,16.492,5.73400020599365,0.261,4.681,4.452,36.036,0,119.414085388184,6,1746492,false,262.868463516235,0.329,14.212,0.012,49.465,1
continuous_dig,116,16.893,5.69000005722046,0.261,4.681,4.452,36.036,0,119.414085388184,6,1746492,false,262.868463516235,0.329,14.212,0.013,49.465,1
continuous_dig,117,19.582,5.71000003814697,0.261,4.681,4.452,36.036,0,119.414085388184,6,1746492,false,262.868463516235,0.329,14.212,0.011,49.465,1
continuous_dig,118,13.896,5.71700000762939,0.261,4.681,4.452,36.036,0,119.414085388184,6,1746492,false,262.868463516235,0.329,14.212,0.011,49.465,1
continuous_dig,119,16.717,5.71400022506714,0.261,4.681,4.452,36.036,0,119.414085388184,6,1746492,true,262.880300521851,0.329,14.212,0.013,49.465,1
continuous_dig,120,25.983,5.72700023651123,0.234,4.723,3.818,21.15,0,119.414665222168,6,1746500,false,262.863126754761,0.321,14.038,6.299,49.465,1
continuous_dig,121,7.421,5.71099996566772,0.234,4.723,3.818,21.15,0,119.414665222168,6,1746500,false,262.877592086792,0.321,14.038,0.012,32.459,1
continuous_dig,122,16.272,5.65100002288818,0.234,4.723,3.818,21.15,0,119.414665222168,6,1746500,false,262.876749038696,0.321,14.038,0.011,32.459,1
continuous_dig,123,16.171,5.65399980545044,0.234,4.723,3.818,21.15,0,119.414665222168,6,1746500,false,262.876749038696,0.321,14.038,0.012,32.459,1
continuous_dig,124,16.913,5.61100006103516,0.234,4.723,3.818,21.15,0,119.414665222168,6,1746500,false,262.876749038696,0.321,14.038,0.011,32.459,1
continuous_dig,125,16.263,5.61499977111816,0.234,4.723,3.818,21.15,0,119.414665222168,6,1746500,false,262.876749038696,0.321,14.038,0.011,32.459,1
continuous_dig,126,17.017,5.63600015640259,0.234,4.723,3.818,21.15,0,119.414665222168,6,1746500,false,262.876749038696,0.321,14.038,0.011,32.459,1
continuous_dig,127,19.553,5.57999992370605,0.234,4.723,3.818,21.15,0,119.414665222168,6,1746500,false,262.876749038696,0.321,14.038,0.011,32.459,1
continuous_dig,128,14.741,5.64699983596802,0.234,4.723,3.818,21.15,1,119.414665222168,6,1746500,true,262.895708084106,0.321,14.038,0.012,32.459,1
continuous_dig,129,19.411,5.6230001449585,0.311,4.215,0.175,21.15,0,119.414665222168,6,1746500,true,263.203622817993,0.42,14.542,2.583,32.459,1
continuous_dig,130,20.392,5.63299989700317,0.311,4.469,4.213,34.601,0,119.41495513916,6,1746504,false,262.878911972046,0.42,14.542,4.225,32.459,1
continuous_dig,131,9.484,5.5939998626709,0.311,4.469,4.213,34.601,0,119.41495513916,6,1746504,false,262.885023117065,0.42,14.542,0.011,48.498,1
continuous_dig,132,16.808,5.69899988174438,0.311,4.469,4.213,34.601,0,119.41495513916,6,1746504,false,262.884183883667,0.42,14.542,0.011,48.498,1
continuous_dig,133,16.998,6.60099983215332,0.311,4.469,4.213,34.601,0,119.41495513916,6,1746504,false,262.884183883667,0.42,14.542,0.013,48.498,1
continuous_dig,134,16.463,5.71799993515015,0.311,4.469,4.213,34.601,0,119.41495513916,6,1746504,false,262.884183883667,0.42,14.542,0.013,48.498,1
continuous_dig,135,16.695,5.76200008392334,0.311,4.469,4.213,34.601,0,119.41495513916,6,1746504,false,262.890352249146,0.42,14.542,0.013,48.498,1
continuous_dig,136,16.651,5.76399993896484,0.311,4.469,4.213,34.601,0,119.41495513916,6,1746504,false,262.890352249146,0.42,14.542,0.012,48.498,1
continuous_dig,137,19.937,5.74900007247925,0.311,4.469,4.213,34.601,0,119.41495513916,6,1746504,false,262.890352249146,0.42,14.542,0.012,48.498,1
continuous_dig,138,13.242,5.71299982070923,0.311,4.469,4.213,34.601,0,119.41495513916,6,1746504,false,262.890352249146,0.42,14.542,0.013,48.498,1
continuous_dig,139,16.298,5.74900007247925,0.311,4.469,4.213,34.601,1,119.41495513916,6,1746504,true,262.903074264526,0.42,14.542,0.012,48.498,1
continuous_dig,140,19.748,5.71999979019165,0.261,3.172,1.497,34.601,0,119.41495513916,6,1746504,true,263.199090957642,0.275,12.031,2.545,48.498,1
continuous_dig,141,20.869,5.72399997711182,0.261,3.034,4.327,35.864,0,119.414665222168,6,1746500,false,262.886613845825,0.275,12.031,4.689,48.498,1
continuous_dig,142,9.879,5.73999977111816,0.261,3.034,4.327,35.864,0,119.414665222168,6,1746500,false,262.899442672729,0.275,12.031,0.011,49.666,1
continuous_dig,143,16.388,5.67899990081787,0.261,3.034,4.327,35.864,0,119.414665222168,6,1746500,false,262.898599624634,0.275,12.031,0.013,49.666,1
continuous_dig,144,16.955,5.64699983596802,0.261,3.034,4.327,35.864,0,119.414665222168,6,1746500,false,262.898668289185,0.275,12.031,0.012,49.666,1
continuous_dig,145,17.015,5.625,0.261,3.034,4.327,35.864,0,119.414665222168,6,1746500,false,262.898557662964,0.275,12.031,0.012,49.666,1
continuous_dig,146,16.207,5.63500022888184,0.261,3.034,4.327,35.864,0,119.414665222168,6,1746500,false,262.898599624634,0.275,12.031,0.011,49.666,1
continuous_dig,147,16.13,5.64900016784668,0.261,3.034,4.327,35.864,0,119.414665222168,6,1746500,false,262.898595809937,0.275,12.031,0.01,49.666,1
continuous_dig,148,19.944,5.64400005340576,0.261,3.034,4.327,35.864,0,119.414665222168,6,1746500,false,262.898599624634,0.275,12.031,0.012,49.666,1
continuous_dig,149,13.992,5.64200019836426,0.261,3.034,4.327,35.864,0,119.414665222168,6,1746500,false,262.904767990112,0.275,12.031,0.012,49.666,1
continuous_dig,150,16.483,5.64499998092651,0.261,3.034,4.327,35.864,1,119.414665222168,6,1746500,true,262.917490005493,0.275,12.031,0.011,49.666,1
continuous_dig,151,19.934,5.66800022125244,0.296,3.256,1.715,35.864,0,119.414665222168,6,1746500,true,263.216150283813,0.383,12.265,2.647,49.666,1
continuous_dig,152,20.885,6.01100015640259,0.296,4.051,4.257,35.857,0,119.415824890137,6,1746516,false,262.903329849243,0.383,12.265,4.578,49.666,1
continuous_dig,153,9.154,5.64400005340576,0.296,4.051,4.257,35.857,0,119.415824890137,6,1746516,false,262.909990310669,0.383,12.265,0.011,49.271,1
continuous_dig,154,16.765,5.71099996566772,0.296,4.051,4.257,35.857,0,119.415824890137,6,1746516,false,262.909147262573,0.383,12.265,0.012,49.271,1
continuous_dig,155,16.554,5.73199987411499,0.296,4.051,4.257,35.857,0,119.415824890137,6,1746516,false,262.909147262573,0.383,12.265,0.011,49.271,1
continuous_dig,156,16.856,5.71199989318848,0.296,4.051,4.257,35.857,0,119.415824890137,6,1746516,false,262.915315628052,0.383,12.265,0.011,49.271,1
continuous_dig,157,16.368,5.71700000762939,0.296,4.051,4.257,35.857,0,119.415824890137,6,1746516,false,262.915315628052,0.383,12.265,0.01,49.271,1
continuous_dig,158,16.216,5.71999979019165,0.296,4.051,4.257,35.857,0,119.415824890137,6,1746516,false,262.915315628052,0.383,12.265,0.007,49.271,1
continuous_dig,159,20.113,5.72200012207031,0.296,4.051,4.257,35.857,0,119.415824890137,6,1746516,false,262.915315628052,0.383,12.265,0.011,49.271,1
continuous_dig,160,14.449,5.72900009155273,0.296,4.051,4.257,35.857,0,119.415824890137,6,1746516,false,262.915384292603,0.383,12.265,0.012,49.271,1
continuous_dig,161,16.216,5.71199989318848,0.296,4.051,4.257,35.857,1,119.415824890137,6,1746516,true,262.927228927612,0.383,12.265,0.012,49.271,1
continuous_dig,162,19.313,5.70599985122681,0.331,3.887,1.57,35.857,0,119.415824890137,6,1746516,true,263.226285934448,0.322,14.268,2.528,49.271,1
continuous_dig,163,21.313,5.70900011062622,0.331,4.797,4.145,35.894,0,119.416114807129,6,1746520,false,262.916063308716,0.322,14.268,4.496,49.271,1
continuous_dig,164,10.444,6.55000019073486,0.331,4.797,4.145,35.894,0,119.416114807129,6,1746520,false,262.922727584839,0.322,14.268,0.012,49.79,1
continuous_dig,165,15.095,5.58500003814697,0.331,4.797,4.145,35.894,0,119.416114807129,6,1746520,false,262.921880722046,0.322,14.268,0.013,49.79,1
continuous_dig,166,16.739,5.59299993515015,0.331,4.797,4.145,35.894,0,119.416114807129,6,1746520,false,262.921880722046,0.322,14.268,0.013,49.79,1
continuous_dig,167,16.595,5.59499979019165,0.331,4.797,4.145,35.894,0,119.416114807129,6,1746520,false,262.92181968689,0.322,14.268,0.012,49.79,1
continuous_dig,168,17.109,5.55700016021729,0.331,4.797,4.145,35.894,0,119.416114807129,6,1746520,false,262.92181968689,0.322,14.268,0.012,49.79,1
continuous_dig,169,16.593,5.54899978637695,0.331,4.797,4.145,35.894,0,119.416114807129,6,1746520,false,262.92181968689,0.322,14.268,0.012,49.79,1
continuous_dig,170,19.69,5.55100011825562,0.331,4.797,4.145,35.894,0,119.416114807129,6,1746520,false,262.927984237671,0.322,14.268,0.012,49.79,1
continuous_dig,171,13.614,5.56799983978271,0.331,4.797,4.145,35.894,0,119.416114807129,6,1746520,false,262.927988052368,0.322,14.268,0.013,49.79,1
continuous_dig,172,16.467,5.53800010681152,0.331,4.797,4.145,35.894,1,119.416114807129,6,1746520,true,262.940710067749,0.322,14.268,0.012,49.79,1
continuous_dig,173,25.562,5.5460000038147,0.22,4.022,4.178,20.243,0,119.416114807129,6,1746520,false,262.920572280884,0.333,13.469,5.303,49.79,1
continuous_dig,174,9.026,6.32999992370605,0.22,4.022,4.178,20.243,0,119.416114807129,6,1746520,false,262.928873062134,0.333,13.469,0.011,33.858,1
continuous_dig,175,15.722,5.71000003814697,0.22,4.022,4.178,20.243,0,119.416114807129,6,1746520,false,262.928030014038,0.333,13.469,0.011,33.858,1
continuous_dig,176,16.679,5.73400020599365,0.22,4.022,4.178,20.243,0,119.416114807129,6,1746520,false,262.928098678589,0.333,13.469,0.011,33.858,1
continuous_dig,177,16.461,5.74499988555908,0.22,4.022,4.178,20.243,0,119.416114807129,6,1746520,false,262.934198379517,0.333,13.469,0.012,33.858,1
continuous_dig,178,16.728,5.72399997711182,0.22,4.022,4.178,20.243,0,119.416114807129,6,1746520,false,262.934198379517,0.333,13.469,0.012,33.858,1
continuous_dig,179,16.831,5.72599983215332,0.22,4.022,4.178,20.243,0,119.416114807129,6,1746520,false,262.934198379517,0.333,13.469,0.011,33.858,1
continuous_dig,180,19.715,5.69999980926514,0.22,4.022,4.178,20.243,0,119.416114807129,6,1746520,false,262.934198379517,0.333,13.469,0.011,33.858,1
continuous_dig,181,13.821,5.70499992370605,0.22,4.022,4.178,20.243,1,119.416114807129,6,1746520,true,262.946920394897,0.333,13.469,0.012,33.858,1
continuous_dig,182,24.563,5.70800018310547,0.405,4.436,3.943,19.762,0,119.415824890137,6,1746516,false,262.925619125366,0.396,13.592,5.181,33.858,1
continuous_dig,183,8.961,5.69000005722046,0.405,4.436,3.943,19.762,0,119.415824890137,6,1746516,false,262.933916091919,0.396,13.592,0.011,32.796,1
continuous_dig,184,16.251,5.63000011444092,0.405,4.436,3.943,19.762,0,119.415824890137,6,1746516,false,262.938875198364,0.396,13.592,0.012,32.796,1
continuous_dig,185,16.49,5.61800003051758,0.405,4.436,3.943,19.762,0,119.415824890137,6,1746516,false,262.938871383667,0.396,13.592,0.011,32.796,1
continuous_dig,186,16.642,5.6230001449585,0.405,4.436,3.943,19.762,0,119.415824890137,6,1746516,false,262.938871383667,0.396,13.592,0.014,32.796,1
continuous_dig,187,16.81,5.63500022888184,0.405,4.436,3.943,19.762,0,119.415824890137,6,1746516,false,262.938871383667,0.396,13.592,0.013,32.796,1
continuous_dig,188,16.52,5.6269998550415,0.405,4.436,3.943,19.762,0,119.415824890137,6,1746516,false,262.93886756897,0.396,13.592,0.013,32.796,1
continuous_dig,189,19.313,5.70900011062622,0.405,4.436,3.943,19.762,0,119.415824890137,6,1746516,false,262.938875198364,0.396,13.592,0.01,32.796,1
continuous_dig,190,13.548,5.69899988174438,0.405,4.436,3.943,19.762,0,119.415824890137,6,1746516,false,262.938875198364,0.396,13.592,0.012,32.796,1
continuous_dig,191,17.196,5.63800001144409,0.405,4.436,3.943,19.762,1,119.415824890137,6,1746516,true,262.957765579224,0.396,13.592,0.013,32.796,1
continuous_dig,192,25.413,5.69600009918213,0.323,4.258,4.221,20.242,0,119.417274475098,6,1746536,false,262.943326950073,0.388,13.347,5.544,32.796,1
continuous_dig,193,8.075,5.68900012969971,0.323,4.258,4.221,20.242,0,119.417274475098,6,1746536,false,262.951761245728,0.388,13.347,0.01,32.623,1
continuous_dig,194,16.715,5.76700019836426,0.323,4.258,4.221,20.242,0,119.417274475098,6,1746536,false,262.951902389526,0.388,13.347,0.013,32.623,1
continuous_dig,195,16.364,5.78399991989136,0.323,4.258,4.221,20.242,0,119.417274475098,6,1746536,false,262.951902389526,0.388,13.347,0.012,32.623,1
continuous_dig,196,16.915,5.80600023269653,0.323,4.258,4.221,20.242,0,119.417274475098,6,1746536,false,262.951902389526,0.388,13.347,0.013,32.623,1
continuous_dig,197,16.911,5.79199981689453,0.323,4.258,4.221,20.242,0,119.417274475098,6,1746536,false,262.951902389526,0.388,13.347,0.014,32.623,1
continuous_dig,198,16.536,5.79099988937378,0.323,4.258,4.221,20.242,0,119.417274475098,6,1746536,false,262.958070755005,0.388,13.347,0.011,32.623,1
continuous_dig,199,19.841,5.76000022888184,0.323,4.258,4.221,20.242,0,119.417274475098,6,1746536,false,262.958070755005,0.388,13.347,0.012,32.623,1
continuous_dig,200,14.118,6.60900020599365,0.323,4.258,4.221,20.242,1,119.417274475098,6,1746536,true,262.969984054565,0.388,13.347,0.013,32.623,1
continuous_dig,201,24.67,5.78800010681152,0.441,4.808,4.574,19.525,0,119.417854309082,6,1746544,false,262.95273399353,0.319,10.485,5.696,32.623,1
continuous_dig,202,8.467,5.81500005722046,0.441,4.808,4.574,19.525,0,119.417854309082,6,1746544,false,262.96103477478,0.319,10.485,0.011,32.225,1
continuous_dig,203,16.146,5.61600017547607,0.441,4.808,4.574,19.525,0,119.417854309082,6,1746544,false,262.960191726685,0.319,10.485,0.013,32.225,1
continuous_dig,204,16.617,5.6269998550415,0.441,4.808,4.574,19.525,0,119.417854309082,6,1746544,false,262.960187911987,0.319,10.485,0.013,32.225,1
continuous_dig,205,16.483,5.60799980163574,0.441,4.808,4.574,19.525,0,119.417854309082,6,1746544,false,262.966360092163,0.319,10.485,0.012,32.225,1
continuous_dig,206,16.935,5.59299993515015,0.441,4.808,4.574,19.525,0,119.417854309082,6,1746544,false,262.966360092163,0.319,10.485,0.011,32.225,1
continuous_dig,207,16.412,5.6100001335144,0.441,4.808,4.574,19.525,0,119.417854309082,6,1746544,false,262.966356277466,0.319,10.485,0.011,32.225,1
continuous_dig,208,19.965,5.59499979019165,0.441,4.808,4.574,19.525,0,119.417854309082,6,1746544,false,262.966428756714,0.319,10.485,0.011,32.225,1
continuous_dig,209,12.78,5.58799982070923,0.441,4.808,4.574,19.525,0,119.417854309082,6,1746544,false,262.966356277466,0.319,10.485,0.011,32.225,1
continuous_dig,210,17.276,5.63500022888184,0.441,4.808,4.574,19.525,1,119.417854309082,6,1746544,true,262.979204177856,0.319,10.485,0.012,32.225,1
continuous_dig,211,24.765,5.59000015258789,0.239,4.543,4.012,20.121,0,119.419303894043,6,1746564,false,262.969175338745,0.32,13.57,5.131,32.225,1
continuous_dig,212,9.025,6.36499977111816,0.239,4.543,4.012,20.121,0,119.419303894043,6,1746564,false,262.983640670776,0.32,13.57,0.011,32.951,1
continuous_dig,213,16.217,5.74700021743774,0.239,4.543,4.012,20.121,0,119.419303894043,6,1746564,false,262.982797622681,0.32,13.57,0.011,32.951,1
continuous_dig,214,16.293,5.78999996185303,0.239,4.543,4.012,20.121,0,119.419303894043,6,1746564,false,262.982797622681,0.32,13.57,0.011,32.951,1
continuous_dig,215,16.863,5.75,0.239,4.543,4.012,20.121,0,119.419303894043,6,1746564,false,262.982751846313,0.32,13.57,0.011,32.951,1
continuous_dig,216,17.578,5.74900007247925,0.239,4.543,4.012,20.121,0,119.419303894043,6,1746564,false,262.982797622681,0.32,13.57,0.013,32.951,1
continuous_dig,217,16.215,5.70800018310547,0.239,4.543,4.012,20.121,0,119.419303894043,6,1746564,false,262.982797622681,0.32,13.57,0.013,32.951,1
continuous_dig,218,20.123,5.72599983215332,0.239,4.543,4.012,20.121,0,119.419303894043,6,1746564,false,262.982797622681,0.32,13.57,0.013,32.951,1
continuous_dig,219,13.164,5.72800016403198,0.239,4.543,4.012,20.121,1,119.419303894043,6,1746564,true,263.00087928772,0.32,13.57,0.011,32.951,1
continuous_dig,220,24.728,5.74399995803833,0.235,4.663,4.579,20.373,0,119.419303894043,6,1746564,false,262.981466293335,0.292,13.924,5.753,32.951,1
continuous_dig,221,8.452,5.71999979019165,0.235,4.663,4.579,20.373,0,119.419303894043,6,1746564,false,262.989763259888,0.292,13.924,0.008,32.693,1
continuous_dig,222,16.721,5.64099979400635,0.235,4.663,4.579,20.373,0,119.419303894043,6,1746564,false,262.988920211792,0.292,13.924,0.013,32.693,1
continuous_dig,223,16.561,5.59800004959106,0.235,4.663,4.579,20.373,0,119.419303894043,6,1746564,false,262.988920211792,0.292,13.924,0.012,32.693,1
continuous_dig,224,17.151,5.59000015258789,0.235,4.663,4.579,20.373,0,119.419303894043,6,1746564,false,262.988988876343,0.292,13.924,0.008,32.693,1
continuous_dig,225,15.742,5.57600021362305,0.235,4.663,4.579,20.373,0,119.419303894043,6,1746564,false,262.988920211792,0.292,13.924,0.012,32.693,1
continuous_dig,226,16.632,5.6269998550415,0.235,4.663,4.579,20.373,0,119.419303894043,6,1746564,false,262.995084762573,0.292,13.924,0.009,32.693,1
continuous_dig,227,19.823,5.57999992370605,0.235,4.663,4.579,20.373,0,119.419303894043,6,1746564,false,262.995088577271,0.292,13.924,0.012,32.693,1
continuous_dig,228,14.036,5.60099983215332,0.235,4.663,4.579,20.373,0,119.419303894043,6,1746564,false,262.995088577271,0.292,13.924,0.011,32.693,1
continuous_dig,229,16.395,5.59100008010864,0.235,4.663,4.579,20.373,1,119.419303894043,6,1746564,true,263.007001876831,0.292,13.924,0.011,32.693,1
continuous_dig,230,19.898,5.57399988174438,0.313,4.36,1.7,20.373,0,119.419303894043,6,1746564,true,263.310232162476,0.298,0.0,2.635,32.693,1
continuous_dig,231,18.342,5.60099983215332,0.313,3.272,1.484,34.101,0,119.419013977051,6,1746560,false,262.988233566284,0.298,15.531,1.668,32.693,1
continuous_dig,232,11.93,5.57499980926514,0.313,3.272,1.484,34.101,0,119.419013977051,6,1746560,false,262.99489402771,0.298,15.531,0.01,49.478,1
continuous_dig,233,17.011,5.68800020217896,0.313,3.272,1.484,34.101,0,119.419013977051,6,1746560,false,263.000219345093,0.298,15.531,0.011,49.478,1
continuous_dig,234,16.648,5.68300008773804,0.313,3.272,1.484,34.101,0,119.419013977051,6,1746560,false,263.000219345093,0.298,15.531,0.012,49.478,1
continuous_dig,235,16.429,5.67899990081787,0.313,3.272,1.484,34.101,0,119.419013977051,6,1746560,false,263.000219345093,0.298,15.531,0.011,49.478,1
continuous_dig,236,16.711,5.6729998588562,0.313,3.272,1.484,34.101,0,119.419013977051,6,1746560,false,263.000215530396,0.298,15.531,0.012,49.478,1
continuous_dig,237,16.693,5.71099996566772,0.313,3.272,1.484,34.101,0,119.419013977051,6,1746560,false,262.991445541382,0.298,15.531,0.012,49.478,1
continuous_dig,238,19.277,5.67899990081787,0.313,3.272,1.484,34.101,0,119.419013977051,6,1746560,false,262.991445541382,0.298,15.531,0.012,49.478,1
continuous_dig,239,14.02,5.66300010681152,0.313,3.272,1.484,34.101,0,119.419013977051,6,1746560,false,262.991441726685,0.298,15.531,0.012,49.478,1
continuous_dig,240,17.296,5.64099979400635,0.313,3.272,1.484,34.101,1,119.419013977051,6,1746560,true,263.010404586792,0.298,15.531,0.012,49.478,1
continuous_dig,241,19.154,5.64300012588501,0.367,4.792,1.841,34.101,0,119.419013977051,6,1746560,true,263.320608139038,0.436,0.0,2.78,49.478,1
continuous_dig,242,18.692,5.6710000038147,0.367,3.104,2.581,33.988,0,119.421043395996,6,1746588,false,262.99933052063,0.436,14.779,2.883,49.478,1
continuous_dig,243,11.725,5.66800022125244,0.367,3.104,2.581,33.988,0,119.421043395996,6,1746588,false,263.00599861145,0.436,14.779,0.011,48.898,1
continuous_dig,244,15.745,5.53000020980835,0.367,3.104,2.581,33.988,0,119.421043395996,6,1746588,false,263.005151748657,0.436,14.779,0.011,48.898,1
continuous_dig,245,16.982,5.51700019836426,0.367,3.104,2.581,33.988,0,119.421043395996,6,1746588,false,263.005151748657,0.436,14.779,0.011,48.898,1
continuous_dig,246,16.708,5.51300001144409,0.367,3.104,2.581,33.988,0,119.421043395996,6,1746588,false,263.005151748657,0.436,14.779,0.012,48.898,1
continuous_dig,247,16.936,5.4850001335144,0.367,3.104,2.581,33.988,0,119.421043395996,6,1746588,false,263.011316299438,0.436,14.779,0.011,48.898,1
continuous_dig,248,16.365,5.47800016403198,0.367,3.104,2.581,33.988,0,119.421043395996,6,1746588,false,263.011320114136,0.436,14.779,0.01,48.898,1
continuous_dig,249,19.834,5.48699998855591,0.367,3.104,2.581,33.988,0,119.421043395996,6,1746588,false,263.011320114136,0.436,14.779,0.01,48.898,1
continuous_dig,250,13.221,5.44399976730347,0.367,3.104,2.581,33.988,0,119.421043395996,6,1746588,false,263.011320114136,0.436,14.779,0.011,48.898,1
continuous_dig,251,16.826,5.46199989318848,0.367,3.104,2.581,33.988,1,119.421043395996,6,1746588,true,263.024042129517,0.436,14.779,0.011,48.898,1
continuous_dig,252,24.285,5.46600008010864,0.224,4.637,3.855,20.628,0,119.421913146973,6,1746600,false,263.007162094116,0.343,14.377,4.999,48.898,1
continuous_dig,253,9.116,5.44199991226196,0.224,4.637,3.855,20.628,0,119.421913146973,6,1746600,false,263.015459060669,0.343,14.377,0.01,32.754,1
continuous_dig,254,17.061,5.59000015258789,0.224,4.637,3.855,20.628,0,119.421913146973,6,1746600,false,263.020784378052,0.343,14.377,0.011,32.754,1
continuous_dig,255,16.859,5.58900022506714,0.224,4.637,3.855,20.628,0,119.421913146973,6,1746600,false,263.020784378052,0.343,14.377,0.012,32.754,1
continuous_dig,256,16.66,5.63100004196167,0.224,4.637,3.855,20.628,0,119.421913146973,6,1746600,false,263.020849227905,0.343,14.377,0.012,32.754,1
continuous_dig,257,16.142,5.57299995422363,0.224,4.637,3.855,20.628,0,119.421913146973,6,1746600,false,263.020784378052,0.343,14.377,0.011,32.754,1
continuous_dig,258,17.025,5.59800004959106,0.224,4.637,3.855,20.628,0,119.421913146973,6,1746600,false,263.020784378052,0.343,14.377,0.011,32.754,1
continuous_dig,259,19.218,5.56799983978271,0.224,4.637,3.855,20.628,0,119.421913146973,6,1746600,false,263.020784378052,0.343,14.377,0.011,32.754,1
continuous_dig,260,13.874,5.57299995422363,0.224,4.637,3.855,20.628,1,119.421913146973,6,1746600,true,263.033506393433,0.343,14.377,0.011,32.754,1
continuous_dig,261,23.986,5.65899991989136,0.112,2.791,3.872,20.353,0,119.42162322998,6,1746596,false,263.018365859985,0.251,10.643,4.939,32.754,1
continuous_dig,262,9.263,5.65000009536743,0.112,2.791,3.872,20.353,0,119.42162322998,6,1746596,false,263.026662826538,0.251,10.643,0.006,32.825,1
continuous_dig,263,16.895,5.47599983215332,0.112,2.791,3.872,20.353,0,119.42162322998,6,1746596,false,263.025819778442,0.251,10.643,0.012,32.825,1
continuous_dig,264,16.047,5.41400003433228,0.112,2.791,3.872,20.353,0,119.42162322998,6,1746596,false,263.025819778442,0.251,10.643,0.011,32.825,1
continuous_dig,265,17.147,5.45699977874756,0.112,2.791,3.872,20.353,0,119.42162322998,6,1746596,false,263.025819778442,0.251,10.643,0.011,32.825,1
continuous_dig,266,16.594,5.43400001525879,0.112,2.791,3.872,20.353,0,119.42162322998,6,1746596,false,263.025819778442,0.251,10.643,0.011,32.825,1
continuous_dig,267,17.016,5.46500015258789,0.112,2.791,3.872,20.353,0,119.42162322998,6,1746596,false,263.025819778442,0.251,10.643,0.012,32.825,1
continuous_dig,268,19.243,5.40799999237061,0.112,2.791,3.872,20.353,0,119.42162322998,6,1746596,false,263.031988143921,0.251,10.643,0.012,32.825,1
continuous_dig,269,13.99,5.42799997329712,0.112,2.791,3.872,20.353,1,119.42162322998,6,1746596,true,263.044828414917,0.251,10.643,0.011,32.825,1
continuous_dig,270,25.689,5.47100019454956,0.298,4.866,4.486,19.973,0,119.422492980957,6,1746608,false,263.027956008911,0.38,13.353,5.452,32.825,1
continuous_dig,271,7.914,5.42000007629395,0.298,4.866,4.486,19.973,0,119.422492980957,6,1746608,false,263.036252975464,0.38,13.353,0.011,32.95,1
continuous_dig,272,16.521,5.61499977111816,0.298,4.866,4.486,19.973,0,119.422492980957,6,1746608,false,263.035478591919,0.38,13.353,0.007,32.95,1
continuous_dig,273,16.398,5.63199996948242,0.298,4.866,4.486,19.973,0,119.422492980957,6,1746608,false,263.035409927368,0.38,13.353,0.011,32.95,1
continuous_dig,274,16.449,5.60400009155273,0.298,4.866,4.486,19.973,0,119.422492980957,6,1746608,false,263.035409927368,0.38,13.353,0.016,32.95,1
continuous_dig,275,16.688,5.6100001335144,0.298,4.866,4.486,19.973,0,119.422492980957,6,1746608,false,263.041574478149,0.38,13.353,0.011,32.95,1
continuous_dig,276,17.111,5.59800004959106,0.298,4.866,4.486,19.973,0,119.422492980957,6,1746608,false,263.041578292847,0.38,13.353,0.011,32.95,1
continuous_dig,277,19.07,5.59100008010864,0.298,4.866,4.486,19.973,0,119.422492980957,6,1746608,false,263.041574478149,0.38,13.353,0.011,32.95,1
continuous_dig,278,13.905,5.58799982070923,0.298,4.866,4.486,19.973,0,119.422492980957,6,1746608,false,263.041578292847,0.38,13.353,0.011,32.95,1
continuous_dig,279,16.762,5.59999990463257,0.298,4.866,4.486,19.973,1,119.422492980957,6,1746608,true,263.054300308228,0.38,13.353,0.007,32.95,1
continuous_dig,280,25.392,5.58599996566772,0.198,4.206,4.627,20.62,0,119.423072814941,6,1746616,false,263.036561965942,0.26,10.675,5.821,32.95,1
continuous_dig,281,7.504,5.57299995422363,0.198,4.206,4.627,20.62,0,119.423072814941,6,1746616,false,263.044858932495,0.26,10.675,0.007,32.455,1
continuous_dig,282,17.418,5.43900012969971,0.198,4.206,4.627,20.62,0,119.423072814941,6,1746616,false,263.050184249878,0.26,10.675,0.011,32.455,1
continuous_dig,283,16.038,5.41099977493286,0.198,4.206,4.627,20.62,0,119.423072814941,6,1746616,false,263.050184249878,0.26,10.675,0.011,32.455,1
continuous_dig,284,17.624,5.83400011062622,0.198,4.206,4.627,20.62,0,119.423072814941,6,1746616,false,263.050184249878,0.26,10.675,0.01,32.455,1
continuous_dig,285,15.909,5.39300012588501,0.198,4.206,4.627,20.62,0,119.423072814941,6,1746616,false,263.050184249878,0.26,10.675,0.011,32.455,1
continuous_dig,286,16.456,5.41499996185303,0.198,4.206,4.627,20.62,0,119.423072814941,6,1746616,false,263.049940109253,0.26,10.675,0.009,32.455,1
continuous_dig,287,19.501,5.40999984741211,0.198,4.206,4.627,20.62,0,119.423072814941,6,1746616,false,263.049940109253,0.26,10.675,0.012,32.455,1
continuous_dig,288,14.319,5.35699987411499,0.198,4.206,4.627,20.62,1,119.423072814941,6,1746616,true,263.061922073364,0.26,10.675,0.012,32.455,1
continuous_dig,289,22.578,5.35200023651123,0.249,4.657,3.859,19.321,0,119.423942565918,6,1746628,false,263.051954269409,0.316,12.065,4.509,32.455,1
continuous_dig,290,10.1,5.29099988937378,0.249,4.657,3.859,19.321,0,119.423942565918,6,1746628,false,263.060247421265,0.316,12.065,0.007,32.212,1
continuous_dig,291,16.946,5.42899990081787,0.249,4.657,3.859,19.321,0,119.423942565918,6,1746628,false,263.059408187866,0.316,12.065,0.007,32.212,1
continuous_dig,292,17.285,5.39099979400635,0.249,4.657,3.859,19.321,0,119.423942565918,6,1746628,false,263.059408187866,0.316,12.065,0.012,32.212,1
continuous_dig,293,16.266,5.42799997329712,0.249,4.657,3.859,19.321,0,119.423942565918,6,1746628,false,263.059408187866,0.316,12.065,0.013,32.212,1
continuous_dig,294,16.526,5.44399976730347,0.249,4.657,3.859,19.321,0,119.423942565918,6,1746628,false,263.059408187866,0.316,12.065,0.01,32.212,1
continuous_dig,295,16.775,5.43300008773804,0.249,4.657,3.859,19.321,0,119.423942565918,6,1746628,false,263.059408187866,0.316,12.065,0.009,32.212,1
continuous_dig,296,18.461,5.40999984741211,0.249,4.657,3.859,19.321,0,119.423942565918,6,1746628,false,263.065576553345,0.316,12.065,0.008,32.212,1
continuous_dig,297,14.305,5.50799989700317,0.249,4.657,3.859,19.321,0,119.423942565918,6,1746628,false,263.065576553345,0.316,12.065,0.007,32.212,1
continuous_dig,298,17.473,5.40000009536743,0.249,4.657,3.859,19.321,1,119.423942565918,6,1746628,true,263.077291488647,0.316,12.065,0.012,32.212,1
continuous_dig,299,23.118,5.37099981307983,0.11,3.5,3.375,18.114,0,119.424812316895,6,1746640,false,263.061311721802,0.165,11.594,3.974,32.212,1
continuous_dig,300,9.825,5.35200023651123,0.11,3.5,3.375,18.114,0,119.424812316895,6,1746640,false,263.069608688354,0.165,11.594,0.006,32.319,1
continuous_dig,301,16.86,5.26900005340576,0.11,3.5,3.375,18.114,0,119.424812316895,6,1746640,false,263.068761825562,0.165,11.594,0.011,32.319,1
post_dig,1,17.093,5.73099994659424,0.11,3.5,3.375,18.114,0,119.424812316895,6,1746640,false,263.26079750061,0.165,11.594,0.012,32.319,1
post_dig,2,13.876,5.75600004196167,0.11,3.5,3.375,18.114,0,119.424812316895,6,1746640,false,263.261529922485,0.165,11.594,0.012,32.319,1
post_dig,3,17.308,5.88199996948242,0.11,3.5,3.375,18.114,0,119.424812316895,6,1746640,false,263.261209487915,0.165,11.594,0.012,32.319,1
post_dig,4,16.196,5.88199996948242,0.11,3.5,3.375,18.114,0,119.424812316895,6,1746640,false,263.261301040649,0.165,11.594,0.012,32.319,1
post_dig,5,16.458,5.88299989700317,0.11,3.5,3.375,18.114,0,119.424812316895,6,1746640,false,263.261301040649,0.165,11.594,0.012,32.319,1
post_dig,6,16.143,5.87900018692017,0.11,3.5,3.375,18.114,0,119.424812316895,6,1746640,false,263.261438369751,0.165,11.594,0.012,32.319,1
post_dig,7,16.798,5.8730001449585,0.11,3.5,3.375,18.114,0,119.424812316895,6,1746640,false,263.261434555054,0.165,11.594,0.013,32.319,1
post_dig,8,20.698,5.87200021743774,0.11,3.5,3.375,18.114,0,119.424812316895,6,1746640,false,263.267606735229,0.165,11.594,0.013,32.319,1
post_dig,9,13.35,5.89400005340576,0.11,3.5,3.375,18.114,0,119.424812316895,6,1746640,false,263.267786026001,0.165,11.594,0.012,32.319,1
post_dig,10,16.864,5.84999990463257,0.11,3.5,3.375,18.114,0,119.424812316895,6,1746640,false,263.267793655396,0.165,11.594,0.013,32.319,1
post_dig,11,16.517,5.87200021743774,0.11,3.5,3.375,18.114,0,119.424812316895,6,1746640,false,263.267793655396,0.165,11.594,0.011,32.319,1
post_dig,12,16.371,5.91400003433228,0.11,3.5,3.375,18.114,0,119.424812316895,6,1746640,false,263.267793655396,0.165,11.594,0.012,32.319,1
post_dig,13,16.979,5.91800022125244,0.11,3.5,3.375,18.114,0,119.424812316895,6,1746640,false,263.268068313599,0.165,11.594,0.014,32.319,1
post_dig,14,17.204,5.89499998092651,0.11,3.5,3.375,18.114,0,119.424812316895,6,1746640,false,263.268136978149,0.165,11.594,0.013,32.319,1
post_dig,15,19.045,5.90199995040894,0.11,3.5,3.375,18.114,0,119.424812316895,6,1746640,false,263.274236679077,0.165,11.594,0.012,32.319,1
post_dig,16,13.813,5.86999988555908,0.11,3.5,3.375,18.114,0,119.424812316895,6,1746640,false,263.274236679077,0.165,11.594,0.012,32.319,1
post_dig,17,16.107,5.91400003433228,0.11,3.5,3.375,18.114,0,119.424812316895,6,1746640,false,263.274236679077,0.165,11.594,0.013,32.319,1
post_dig,18,16.937,5.85699987411499,0.11,3.5,3.375,18.114,0,119.424812316895,6,1746640,false,263.274236679077,0.165,11.594,0.011,32.319,1
post_dig,19,16.64,5.84000015258789,0.11,3.5,3.375,18.114,0,119.424812316895,6,1746640,false,263.274644851685,0.165,11.594,0.011,32.319,1
post_dig,20,17.026,5.85599994659424,0.11,3.5,3.375,18.114,0,119.424812316895,6,1746640,false,263.274648666382,0.165,11.594,0.011,32.319,1
post_dig,21,16.229,5.82600021362305,0.11,3.5,3.375,18.114,0,119.424812316895,6,1746640,false,263.274648666382,0.165,11.594,0.012,32.319,1
post_dig,22,20.034,5.83199977874756,0.11,3.5,3.375,18.114,0,119.424812316895,6,1746640,false,263.28081703186,0.165,11.594,0.012,32.319,1
post_dig,23,13.262,5.86100006103516,0.11,3.5,3.375,18.114,0,119.424812316895,6,1746640,false,263.28081703186,0.165,11.594,0.012,32.319,1
post_dig,24,16.245,5.82000017166138,0.11,3.5,3.375,18.114,0,119.424812316895,6,1746640,false,263.28081703186,0.165,11.594,0.012,32.319,1
post_dig,25,17.175,5.85599994659424,0.11,3.5,3.375,18.114,0,119.424812316895,6,1746640,false,263.28081703186,0.165,11.594,0.013,32.319,1
post_dig,26,17.161,6.35300016403198,0.11,3.5,3.375,18.114,0,119.424812316895,6,1746640,false,263.28081703186,0.165,11.594,0.013,32.319,1
post_dig,27,16.439,5.84100008010864,0.11,3.5,3.375,18.114,0,119.424812316895,6,1746640,false,263.28081703186,0.165,11.594,0.013,32.319,1
post_dig,28,16.604,5.8270001411438,0.11,3.5,3.375,18.114,0,119.424812316895,6,1746640,false,263.281454086304,0.165,11.594,0.012,32.319,1
post_dig,29,19.291,5.84000015258789,0.11,3.5,3.375,18.114,0,119.424812316895,6,1746640,false,263.287626266479,0.165,11.594,0.011,32.319,1
post_dig,30,14.379,5.82299995422363,0.11,3.5,3.375,18.114,0,119.424812316895,6,1746640,false,263.28769493103,0.165,11.594,0.012,32.319,1
post_dig,31,15.978,5.88399982452393,0.11,3.5,3.375,18.114,0,119.424812316895,6,1746640,false,263.287626266479,0.165,11.594,0.012,32.319,1
post_dig,32,16.392,5.84200000762939,0.11,3.5,3.375,18.114,0,119.424812316895,6,1746640,false,263.287626266479,0.165,11.594,0.011,32.319,1
post_dig,33,16.523,5.86700010299683,0.11,3.5,3.375,18.114,0,119.424812316895,6,1746640,false,263.287626266479,0.165,11.594,0.012,32.319,1
post_dig,34,17.474,5.84100008010864,0.11,3.5,3.375,18.114,0,119.424812316895,6,1746640,false,263.287626266479,0.165,11.594,0.012,32.319,1
post_dig,35,16.205,5.84299993515015,0.11,3.5,3.375,18.114,0,119.424812316895,6,1746640,false,263.287626266479,0.165,11.594,0.011,32.319,1
post_dig,36,19.737,5.85900020599365,0.11,3.5,3.375,18.114,0,119.424812316895,6,1746640,false,263.293794631958,0.165,11.594,0.012,32.319,1
post_dig,37,13.643,5.84999990463257,0.11,3.5,3.375,18.114,0,119.424812316895,6,1746640,false,263.293794631958,0.165,11.594,0.012,32.319,1
post_dig,38,16.395,5.81899976730347,0.11,3.5,3.375,18.114,0,119.424812316895,6,1746640,false,263.293794631958,0.165,11.594,0.011,32.319,1
post_dig,39,16.376,5.91499996185303,0.11,3.5,3.375,18.114,0,119.424812316895,6,1746640,false,263.293794631958,0.165,11.594,0.007,32.319,1
post_dig,40,17.085,5.86600017547607,0.11,3.5,3.375,18.114,0,119.424812316895,6,1746640,false,263.293794631958,0.165,11.594,0.009,32.319,1
post_dig,41,17.075,5.87599992752075,0.11,3.5,3.375,18.114,0,119.424812316895,6,1746640,false,263.293794631958,0.165,11.594,0.012,32.319,1
post_dig,42,15.92,5.92000007629395,0.11,3.5,3.375,18.114,0,119.424812316895,6,1746640,false,263.294752120972,0.165,11.594,0.009,32.319,1
post_dig,43,18.6,5.84999990463257,0.11,3.5,3.375,18.114,0,119.424812316895,6,1746640,false,263.300916671753,0.165,11.594,0.007,32.319,1
post_dig,44,14.779,5.85500001907349,0.11,3.5,3.375,18.114,0,119.424812316895,6,1746640,false,263.300924301147,0.165,11.594,0.009,32.319,1
post_dig,45,17.6,5.83799982070923,0.11,3.5,3.375,18.114,0,119.424812316895,6,1746640,false,263.300916671753,0.165,11.594,0.012,32.319,1
post_dig,46,17.435,5.76800012588501,0.11,3.5,3.375,18.114,0,119.424812316895,6,1746640,false,263.300992965698,0.165,11.594,0.013,32.319,1
post_dig,47,16.069,5.79099988937378,0.11,3.5,3.375,18.114,0,119.424812316895,6,1746640,false,263.300924301147,0.165,11.594,0.011,32.319,1
post_dig,48,15.634,5.77299976348877,0.11,3.5,3.375,18.114,0,119.424812316895,6,1746640,false,263.300924301147,0.165,11.594,0.011,32.319,1
post_dig,49,17.188,5.7649998664856,0.11,3.5,3.375,18.114,0,119.424812316895,6,1746640,false,263.30092048645,0.165,11.594,0.012,32.319,1
post_dig,50,20.391,5.74399995803833,0.11,3.5,3.375,18.114,0,119.424812316895,6,1746640,false,263.307092666626,0.165,11.594,0.013,32.319,1
post_dig,51,13.125,5.7519998550415,0.11,3.5,3.375,18.114,0,119.424812316895,6,1746640,false,263.307088851929,0.165,11.594,0.012,32.319,1
post_dig,52,16.669,5.7480001449585,0.11,3.5,3.375,18.114,0,119.424812316895,6,1746640,false,263.307088851929,0.165,11.594,0.013,32.319,1
post_dig,53,16.769,5.79199981689453,0.11,3.5,3.375,18.114,0,119.424812316895,6,1746640,false,263.307092666626,0.165,11.594,0.011,32.319,1
post_dig,54,15.998,5.7519998550415,0.11,3.5,3.375,18.114,0,119.424812316895,6,1746640,false,263.307088851929,0.165,11.594,0.012,32.319,1
post_dig,55,16.904,5.77899980545044,0.11,3.5,3.375,18.114,0,119.424812316895,6,1746640,false,263.307092666626,0.165,11.594,0.015,32.319,1
post_dig,56,16.663,5.74900007247925,0.11,3.5,3.375,18.114,0,119.424812316895,6,1746640,false,263.307092666626,0.165,11.594,0.011,32.319,1
post_dig,57,19.97,5.78599977493286,0.11,3.5,3.375,18.114,0,119.424812316895,6,1746640,false,263.313257217407,0.165,11.594,0.012,32.319,1
post_dig,58,13.043,5.7810001373291,0.11,3.5,3.375,18.114,0,119.424812316895,6,1746640,false,263.313257217407,0.165,11.594,0.011,32.319,1
post_dig,59,17.088,5.7649998664856,0.11,3.5,3.375,18.114,0,119.424812316895,6,1746640,false,263.313257217407,0.165,11.594,0.012,32.319,1
post_dig,60,16.268,5.77299976348877,0.11,3.5,3.375,18.114,0,119.424812316895,6,1746640,false,263.313261032104,0.165,11.594,0.012,32.319,1
post_dig,61,16.985,5.77500009536743,0.11,3.5,3.375,18.114,0,119.424812316895,6,1746640,false,263.313261032104,0.165,11.594,0.011,32.319,1
post_dig,62,17.073,5.75899982452393,0.11,3.5,3.375,18.114,0,119.424812316895,6,1746640,false,263.313329696655,0.165,11.594,0.012,32.319,1
post_dig,63,15.952,5.74599981307983,0.11,3.5,3.375,18.114,0,119.424812316895,6,1746640,false,263.314680099487,0.165,11.594,0.011,32.319,1
post_dig,64,20.88,5.76399993896484,0.11,3.5,3.375,18.114,0,119.424812316895,6,1746640,false,263.320844650269,0.165,11.594,0.016,32.319,1
post_dig,65,12.846,5.78599977493286,0.11,3.5,3.375,18.114,0,119.424812316895,6,1746640,false,263.320848464966,0.165,11.594,0.012,32.319,1
post_dig,66,16.399,5.75,0.11,3.5,3.375,18.114,0,119.424812316895,6,1746640,false,263.320802688599,0.165,11.594,0.011,32.319,1
post_dig,67,16.719,5.74499988555908,0.11,3.5,3.375,18.114,0,119.424812316895,6,1746640,false,263.320848464966,0.165,11.594,0.014,32.319,1
post_dig,68,17.157,5.76800012588501,0.11,3.5,3.375,18.114,0,119.424812316895,6,1746640,false,263.320848464966,0.165,11.594,0.011,32.319,1
post_dig,69,16.44,5.74100017547607,0.11,3.5,3.375,18.114,0,119.424812316895,6,1746640,false,263.320844650269,0.165,11.594,0.012,32.319,1
post_dig,70,16.55,5.76100015640259,0.11,3.5,3.375,18.114,0,119.424812316895,6,1746640,false,263.320844650269,0.165,11.594,0.013,32.319,1
post_dig,71,21.155,5.78499984741211,0.11,3.5,3.375,18.114,0,119.424812316895,6,1746640,false,263.327016830444,0.165,11.594,0.013,32.319,1
post_dig,72,11.775,5.74100017547607,0.11,3.5,3.375,18.114,0,119.424812316895,6,1746640,false,263.327016830444,0.165,11.594,0.012,32.319,1
post_dig,73,16.832,5.78700017929077,0.11,3.5,3.375,18.114,0,119.424812316895,6,1746640,false,263.327016830444,0.165,11.594,0.013,32.319,1
post_dig,74,16.771,5.77699995040894,0.11,3.5,3.375,18.114,0,119.424812316895,6,1746640,false,263.327016830444,0.165,11.594,0.012,32.319,1
post_dig,75,17.134,5.76700019836426,0.11,3.5,3.375,18.114,0,119.424812316895,6,1746640,false,263.327016830444,0.165,11.594,0.012,32.319,1
post_dig,76,16.458,5.78900003433228,0.11,3.5,3.375,18.114,0,119.424812316895,6,1746640,false,263.327016830444,0.165,11.594,0.013,32.319,1
post_dig,77,16.658,5.75899982452393,0.11,3.5,3.375,18.114,0,119.424812316895,6,1746640,false,263.327016830444,0.165,11.594,0.012,32.319,1
post_dig,78,19.802,5.77299976348877,0.11,3.5,3.375,18.114,0,119.424812316895,6,1746640,false,263.333253860474,0.165,11.594,0.012,32.319,1
post_dig,79,13.047,5.77400016784668,0.11,3.5,3.375,18.114,0,119.424812316895,6,1746640,false,263.33355140686,0.165,11.594,0.013,32.319,1
post_dig,80,16.716,5.7649998664856,0.11,3.5,3.375,18.114,0,119.424812316895,6,1746640,false,263.333547592163,0.165,11.594,0.013,32.319,1
post_dig,81,17.189,5.77299976348877,0.11,3.5,3.375,18.114,0,119.424812316895,6,1746640,false,263.33355140686,0.165,11.594,0.012,32.319,1
post_dig,82,16.984,5.7480001449585,0.11,3.5,3.375,18.114,0,119.424812316895,6,1746640,false,263.333547592163,0.165,11.594,0.013,32.319,1
post_dig,83,16.188,5.74300003051758,0.11,3.5,3.375,18.114,0,119.424812316895,6,1746640,false,263.33355140686,0.165,11.594,0.011,32.319,1
post_dig,84,18.069,5.73400020599365,0.11,3.5,3.375,18.114,0,119.424812316895,6,1746640,false,263.33355140686,0.165,11.594,0.012,32.319,1
post_dig,85,19.323,5.78399991989136,0.11,3.5,3.375,18.114,0,119.424812316895,6,1746640,false,263.339719772339,0.165,11.594,0.014,32.319,1
post_dig,86,12.599,5.78299999237061,0.11,3.5,3.375,18.114,0,119.424812316895,6,1746640,false,263.339719772339,0.165,11.594,0.012,32.319,1
post_dig,87,17.515,5.75299978256226,0.11,3.5,3.375,18.114,0,119.424812316895,6,1746640,false,263.339719772339,0.165,11.594,0.012,32.319,1
post_dig,88,15.621,5.75500011444092,0.11,3.5,3.375,18.114,0,119.424812316895,6,1746640,false,263.339719772339,0.165,11.594,0.011,32.319,1
post_dig,89,17.405,5.75699996948242,0.11,3.5,3.375,18.114,0,119.424812316895,6,1746640,false,263.339719772339,0.165,11.594,0.012,32.319,1
post_dig,90,16.114,5.76700019836426,0.11,3.5,3.375,18.114,0,119.424812316895,6,1746640,false,263.339719772339,0.165,11.594,0.012,32.319,1
post_dig,91,16.654,6.10599994659424,0.11,3.5,3.375,18.114,0,119.424812316895,6,1746640,false,263.339719772339,0.165,11.594,0.012,32.319,1
post_dig,92,19.982,5.72399997711182,0.11,3.5,3.375,18.114,0,119.424812316895,6,1746640,false,263.345888137817,0.165,11.594,0.012,32.319,1
post_dig,93,13.381,5.73899984359741,0.11,3.5,3.375,18.114,0,119.424812316895,6,1746640,false,263.345888137817,0.165,11.594,0.013,32.319,1
post_dig,94,16.99,5.76300001144409,0.11,3.5,3.375,18.114,0,119.424812316895,6,1746640,false,263.348104476929,0.165,11.594,0.012,32.319,1
post_dig,95,16.447,5.75600004196167,0.11,3.5,3.375,18.114,0,119.424812316895,6,1746640,false,263.348039627075,0.165,11.594,0.012,32.319,1
post_dig,96,16.594,5.75600004196167,0.11,3.5,3.375,18.114,0,119.424812316895,6,1746640,false,263.347551345825,0.165,11.594,0.011,32.319,1
post_dig,97,16.575,5.78399991989136,0.11,3.5,3.375,18.114,0,119.424812316895,6,1746640,false,263.347551345825,0.165,11.594,0.011,32.319,1
post_dig,98,16.713,5.75,0.11,3.5,3.375,18.114,0,119.424812316895,6,1746640,false,263.347505569458,0.165,11.594,0.011,32.319,1
post_dig,99,19.543,5.80999994277954,0.11,3.5,3.375,18.114,0,119.424812316895,6,1746640,false,263.353719711304,0.165,11.594,0.013,32.319,1
post_dig,100,13.972,5.81599998474121,0.11,3.5,3.375,18.114,0,119.424812316895,6,1746640,false,263.353723526001,0.165,11.594,0.013,32.319,1
post_dig,101,16.575,5.78700017929077,0.11,3.5,3.375,18.114,0,119.424812316895,6,1746640,false,263.353723526001,0.165,11.594,0.012,32.319,1
post_dig,102,16.466,5.80700016021729,0.11,3.5,3.375,18.114,0,119.424812316895,6,1746640,false,263.353723526001,0.165,11.594,0.011,32.319,1
post_dig,103,16.295,5.78299999237061,0.11,3.5,3.375,18.114,0,119.424812316895,6,1746640,false,263.353723526001,0.165,11.594,0.013,32.319,1
post_dig,104,17.022,5.79899978637695,0.11,3.5,3.375,18.114,0,119.424812316895,6,1746640,false,263.353723526001,0.165,11.594,0.011,32.319,1
post_dig,105,16.79,5.80800008773804,0.11,3.5,3.375,18.114,0,119.424812316895,6,1746640,false,263.353719711304,0.165,11.594,0.012,32.319,1
post_dig,106,20.589,5.80999994277954,0.11,3.5,3.375,18.114,0,119.424812316895,6,1746640,false,263.359891891479,0.165,11.594,0.013,32.319,1
post_dig,107,12.785,5.76999998092651,0.11,3.5,3.375,18.114,0,119.424812316895,6,1746640,false,263.359891891479,0.165,11.594,0.012,32.319,1
post_dig,108,16.445,5.80299997329712,0.11,3.5,3.375,18.114,0,119.424812316895,6,1746640,false,263.359891891479,0.165,11.594,0.01,32.319,1
post_dig,109,16.784,5.78599977493286,0.11,3.5,3.375,18.114,0,119.424812316895,6,1746640,false,263.359891891479,0.165,11.594,0.013,32.319,1
post_dig,110,17.301,5.80200004577637,0.11,3.5,3.375,18.114,0,119.424812316895,6,1746640,false,263.35996055603,0.165,11.594,0.011,32.319,1
post_dig,111,15.573,5.78499984741211,0.11,3.5,3.375,18.114,0,119.424812316895,6,1746640,false,263.359891891479,0.165,11.594,0.007,32.319,1
post_dig,112,18.326,5.80800008773804,0.11,3.5,3.375,18.114,0,119.424812316895,6,1746640,false,263.359891891479,0.165,11.594,0.014,32.319,1
post_dig,113,18.695,5.74499988555908,0.11,3.5,3.375,18.114,0,119.424812316895,6,1746640,false,263.366060256958,0.165,11.594,0.012,32.319,1
post_dig,114,13.683,5.77199983596802,0.11,3.5,3.375,18.114,0,119.424812316895,6,1746640,false,263.366060256958,0.165,11.594,0.012,32.319,1
post_dig,115,16.957,5.70100021362305,0.11,3.5,3.375,18.114,0,119.424812316895,6,1746640,false,263.366060256958,0.165,11.594,0.011,32.319,1
post_dig,116,16.02,5.71400022506714,0.11,3.5,3.375,18.114,0,119.424812316895,6,1746640,false,263.366056442261,0.165,11.594,0.012,32.319,1
post_dig,117,16.323,5.71700000762939,0.11,3.5,3.375,18.114,0,119.424812316895,6,1746640,false,263.366060256958,0.165,11.594,0.011,32.319,1
post_dig,118,16.981,5.72700023651123,0.11,3.5,3.375,18.114,0,119.424812316895,6,1746640,false,263.366060256958,0.165,11.594,0.01,32.319,1
post_dig,119,16.451,5.73799991607666,0.11,3.5,3.375,18.114,0,119.424812316895,6,1746640,false,263.366060256958,0.165,11.594,0.013,32.319,1
post_dig,120,20.206,5.71500015258789,0.11,3.5,3.375,18.114,0,119.424812316895,6,1746640,false,263.372228622437,0.165,11.594,0.011,32.319,1
post_dig,121,13.465,6.0789999961853,0.11,3.5,3.375,18.114,0,119.424812316895,6,1746640,false,263.372224807739,0.165,11.594,0.013,32.319,1
post_dig,122,16.821,5.73299980163574,0.11,3.5,3.375,18.114,0,119.424812316895,6,1746640,false,263.372228622437,0.165,11.594,0.011,32.319,1
post_dig,123,16.834,5.69199991226196,0.11,3.5,3.375,18.114,0,119.424812316895,6,1746640,false,263.372228622437,0.165,11.594,0.012,32.319,1
post_dig,124,16.135,5.71400022506714,0.11,3.5,3.375,18.114,0,119.424812316895,6,1746640,false,263.372228622437,0.165,11.594,0.012,32.319,1
post_dig,125,16.823,5.69399976730347,0.11,3.5,3.375,18.114,0,119.424812316895,6,1746640,false,263.372228622437,0.165,11.594,0.012,32.319,1
post_dig,126,17.543,6.09499979019165,0.11,3.5,3.375,18.114,0,119.424812316895,6,1746640,false,263.372297286987,0.165,11.594,0.012,32.319,1
post_dig,127,19.007,5.71299982070923,0.11,3.5,3.375,18.114,0,119.424812316895,6,1746640,false,263.378396987915,0.165,11.594,0.013,32.319,1
post_dig,128,13.631,5.72700023651123,0.11,3.5,3.375,18.114,0,119.424812316895,6,1746640,false,263.378396987915,0.165,11.594,0.013,32.319,1
post_dig,129,16.78,5.7039999961853,0.11,3.5,3.375,18.114,0,119.424812316895,6,1746640,false,263.378389358521,0.165,11.594,0.012,32.319,1
post_dig,130,16.801,5.73699998855591,0.11,3.5,3.375,18.114,0,119.424812316895,6,1746640,false,263.378396987915,0.165,11.594,0.013,32.319,1
post_dig,131,16.991,5.72700023651123,0.11,3.5,3.375,18.114,0,119.424812316895,6,1746640,false,263.378396987915,0.165,11.594,0.012,32.319,1
post_dig,132,16.425,5.68400001525879,0.11,3.5,3.375,18.114,0,119.424812316895,6,1746640,false,263.378396987915,0.165,11.594,0.011,32.319,1
post_dig,133,15.867,5.74300003051758,0.11,3.5,3.375,18.114,0,119.424812316895,6,1746640,false,263.378396987915,0.165,11.594,0.011,32.319,1
post_dig,134,20.419,6.17199993133545,0.11,3.5,3.375,18.114,0,119.424812316895,6,1746640,false,263.384565353394,0.165,11.594,0.011,32.319,1
post_dig,135,13.491,5.73400020599365,0.11,3.5,3.375,18.114,0,119.424812316895,6,1746640,false,263.384565353394,0.165,11.594,0.011,32.319,1
post_dig,136,16.577,5.73000001907349,0.11,3.5,3.375,18.114,0,119.424812316895,6,1746640,false,263.384565353394,0.165,11.594,0.012,32.319,1
post_dig,137,16.806,5.7350001335144,0.11,3.5,3.375,18.114,0,119.424812316895,6,1746640,false,263.384561538696,0.165,11.594,0.012,32.319,1
post_dig,138,16.635,5.74900007247925,0.11,3.5,3.375,18.114,0,119.424812316895,6,1746640,false,263.384565353394,0.165,11.594,0.012,32.319,1
post_dig,139,16.904,6.44500017166138,0.11,3.5,3.375,18.114,0,119.424812316895,6,1746640,false,263.384565353394,0.165,11.594,0.014,32.319,1
post_dig,140,16.181,5.73999977111816,0.11,3.5,3.375,18.114,0,119.424812316895,6,1746640,false,263.384565353394,0.165,11.594,0.012,32.319,1
post_dig,141,19.443,5.70499992370605,0.11,3.5,3.375,18.114,0,119.424812316895,6,1746640,false,263.393938064575,0.165,11.594,0.011,32.319,1
post_dig,142,18.124,5.74599981307983,0.11,3.5,3.375,18.114,0,119.424812316895,6,1746640,false,263.394006729126,0.165,11.594,0.012,32.319,1
post_dig,143,12.665,5.7480001449585,0.11,3.5,3.375,18.114,0,119.424812316895,6,1746640,false,263.393934249878,0.165,11.594,0.011,32.319,1
post_dig,144,16.803,5.73000001907349,0.11,3.5,3.375,18.114,0,119.424812316895,6,1746640,false,263.393938064575,0.165,11.594,0.046,32.319,1
post_dig,145,17.5,5.70100021362305,0.11,3.5,3.375,18.114,0,119.424812316895,6,1746640,false,263.393930435181,0.165,11.594,0.015,32.319,1
post_dig,146,16.038,6.18100023269653,0.11,3.5,3.375,18.114,0,119.424812316895,6,1746640,false,263.393938064575,0.165,11.594,0.013,32.319,1
post_dig,147,16.119,5.71199989318848,0.11,3.5,3.375,18.114,0,119.424812316895,6,1746640,false,263.393938064575,0.165,11.594,0.011,32.319,1
post_dig,148,20.09,5.71999979019165,0.11,3.5,3.375,18.114,0,119.424812316895,6,1746640,false,263.400102615356,0.165,11.594,0.013,32.319,1
post_dig,149,13.5,5.73000001907349,0.11,3.5,3.375,18.114,0,119.424812316895,6,1746640,false,263.400098800659,0.165,11.594,0.012,32.319,1
post_dig,150,17.205,5.71099996566772,0.11,3.5,3.375,18.114,0,119.424812316895,6,1746640,false,263.400106430054,0.165,11.594,0.011,32.319,1
post_dig,151,15.574,5.66900014877319,0.11,3.5,3.375,18.114,0,119.424812316895,6,1746640,false,263.400106430054,0.165,11.594,0.012,32.319,1
post_dig,152,16.463,5.68499994277954,0.11,3.5,3.375,18.114,0,119.424812316895,6,1746640,false,263.400106430054,0.165,11.594,0.012,32.319,1
post_dig,153,17.67,5.69299983978271,0.11,3.5,3.375,18.114,0,119.424812316895,6,1746640,false,263.400102615356,0.165,11.594,0.013,32.319,1
post_dig,154,16.536,5.7039999961853,0.11,3.5,3.375,18.114,0,119.424812316895,6,1746640,false,263.400102615356,0.165,11.594,0.012,32.319,1
post_dig,155,19.489,5.74300003051758,0.11,3.5,3.375,18.114,0,119.424812316895,6,1746640,false,263.406274795532,0.165,11.594,0.034,32.319,1
post_dig,156,13.588,5.70300006866455,0.11,3.5,3.375,18.114,0,119.424812316895,6,1746640,false,263.406274795532,0.165,11.594,0.012,32.319,1
post_dig,157,16.548,5.72100019454956,0.11,3.5,3.375,18.114,0,119.424812316895,6,1746640,false,263.406274795532,0.165,11.594,0.014,32.319,1
post_dig,158,17.02,5.6729998588562,0.11,3.5,3.375,18.114,0,119.424812316895,6,1746640,false,263.406335830688,0.165,11.594,0.012,32.319,1
post_dig,159,16.349,5.69899988174438,0.11,3.5,3.375,18.114,0,119.424812316895,6,1746640,false,263.406274795532,0.165,11.594,0.012,32.319,1
post_dig,160,16.996,5.68800020217896,0.11,3.5,3.375,18.114,0,119.424812316895,6,1746640,false,263.406274795532,0.165,11.594,0.013,32.319,1
post_dig,161,16.383,5.67799997329712,0.11,3.5,3.375,18.114,0,119.424812316895,6,1746640,false,263.406274795532,0.165,11.594,0.011,32.319,1
post_dig,162,19.805,5.72599983215332,0.11,3.5,3.375,18.114,0,119.424812316895,6,1746640,false,263.412443161011,0.165,11.594,0.011,32.319,1
post_dig,163,13.23,5.69799995422363,0.11,3.5,3.375,18.114,0,119.424812316895,6,1746640,false,263.412439346313,0.165,11.594,0.012,32.319,1
post_dig,164,16.558,5.74300003051758,0.11,3.5,3.375,18.114,0,119.424812316895,6,1746640,false,263.412443161011,0.165,11.594,0.011,32.319,1
post_dig,165,17.138,5.66900014877319,0.11,3.5,3.375,18.114,0,119.424812316895,6,1746640,false,263.412443161011,0.165,11.594,0.015,32.319,1
post_dig,166,16.678,5.69899988174438,0.11,3.5,3.375,18.114,0,119.424812316895,6,1746640,false,263.412199020386,0.165,11.594,0.012,32.319,1
post_dig,167,16.199,5.65199995040894,0.11,3.5,3.375,18.114,0,119.424812316895,6,1746640,false,263.412199020386,0.165,11.594,0.01,32.319,1
post_dig,168,17.136,5.72900009155273,0.11,3.5,3.375,18.114,0,119.424812316895,6,1746640,false,263.412199020386,0.165,11.594,0.007,32.319,1
post_dig,169,17.929,5.65500020980835,0.11,3.5,3.375,18.114,0,119.424812316895,6,1746640,false,263.418367385864,0.165,11.594,0.007,32.319,1
post_dig,170,14.981,5.71000003814697,0.11,3.5,3.375,18.114,0,119.424812316895,6,1746640,false,263.418367385864,0.165,11.594,0.007,32.319,1
post_dig,171,16.818,5.65799999237061,0.11,3.5,3.375,18.114,0,119.424812316895,6,1746640,false,263.418367385864,0.165,11.594,0.006,32.319,1
post_dig,172,16.762,5.65199995040894,0.11,3.5,3.375,18.114,0,119.424812316895,6,1746640,false,263.418367385864,0.165,11.594,0.011,32.319,1
post_dig,173,16.556,5.65000009536743,0.11,3.5,3.375,18.114,0,119.424812316895,6,1746640,false,263.418367385864,0.165,11.594,0.011,32.319,1
post_dig,174,16.95,5.67799997329712,0.11,3.5,3.375,18.114,0,119.424812316895,6,1746640,false,263.418432235718,0.165,11.594,0.011,32.319,1
post_dig,175,15.769,5.67000007629395,0.11,3.5,3.375,18.114,0,119.424812316895,6,1746640,false,263.418367385864,0.165,11.594,0.007,32.319,1
post_dig,176,19.185,5.68200016021729,0.11,3.5,3.375,18.114,0,119.424812316895,6,1746640,false,263.424535751343,0.165,11.594,0.012,32.319,1
post_dig,177,14.667,5.69000005722046,0.11,3.5,3.375,18.114,0,119.424812316895,6,1746640,false,263.424535751343,0.165,11.594,0.012,32.319,1
post_dig,178,17.261,5.7480001449585,0.11,3.5,3.375,18.114,0,119.424812316895,6,1746640,false,263.424531936646,0.165,11.594,0.013,32.319,1
post_dig,179,16.18,5.76300001144409,0.11,3.5,3.375,18.114,0,119.424812316895,6,1746640,false,263.424531936646,0.165,11.594,0.011,32.319,1
post_dig,180,17.051,5.78399991989136,0.11,3.5,3.375,18.114,0,119.424812316895,6,1746640,false,263.424535751343,0.165,11.594,0.012,32.319,1
post_dig,181,16.483,5.76100015640259,0.11,3.5,3.375,18.114,0,119.424812316895,6,1746640,false,263.424535751343,0.165,11.594,0.02,32.319,1
post_dig,182,16.598,5.72900009155273,0.11,3.5,3.375,18.114,0,119.424812316895,6,1746640,false,263.424535751343,0.165,11.594,0.008,32.319,1
post_dig,183,20.095,5.7350001335144,0.11,3.5,3.375,18.114,0,119.424812316895,6,1746640,false,263.430334091187,0.165,11.594,0.013,32.319,1
post_dig,184,13.369,5.75500011444092,0.11,3.5,3.375,18.114,0,119.424812316895,6,1746640,false,263.430337905884,0.165,11.594,0.012,32.319,1
post_dig,185,16.548,5.74499988555908,0.11,3.5,3.375,18.114,0,119.424812316895,6,1746640,false,263.430337905884,0.165,11.594,0.017,32.319,1
post_dig,186,16.342,5.72700023651123,0.11,3.5,3.375,18.114,0,119.424812316895,6,1746640,false,263.430337905884,0.165,11.594,0.013,32.319,1
post_dig,187,16.863,5.74499988555908,0.11,3.5,3.375,18.114,0,119.424812316895,6,1746640,false,263.430337905884,0.165,11.594,0.009,32.319,1
post_dig,188,16.445,5.7519998550415,0.11,3.5,3.375,18.114,0,119.424812316895,6,1746640,false,263.430334091187,0.165,11.594,0.01,32.319,1
post_dig,189,16.659,5.73400020599365,0.11,3.5,3.375,18.114,0,119.424812316895,6,1746640,false,263.430337905884,0.165,11.594,0.007,32.319,1
post_dig,190,20.063,5.69600009918213,0.11,3.5,3.375,18.114,0,119.424812316895,6,1746640,false,263.436574935913,0.165,11.594,0.013,32.319,1
post_dig,191,13.236,5.72499990463257,0.11,3.5,3.375,18.114,0,119.424812316895,6,1746640,false,263.436506271362,0.165,11.594,0.009,32.319,1
post_dig,192,17.145,5.70100021362305,0.11,3.5,3.375,18.114,0,119.424812316895,6,1746640,false,263.436506271362,0.165,11.594,0.011,32.319,1
post_dig,193,16.515,5.71000003814697,0.11,3.5,3.375,18.114,0,119.424812316895,6,1746640,false,263.436506271362,0.165,11.594,0.012,32.319,1
post_dig,194,16.535,5.7020001411438,0.11,3.5,3.375,18.114,0,119.424812316895,6,1746640,false,263.436502456665,0.165,11.594,0.013,32.319,1
post_dig,195,16.542,5.72900009155273,0.11,3.5,3.375,18.114,0,119.424812316895,6,1746640,false,263.436506271362,0.165,11.594,0.012,32.319,1
post_dig,196,17.556,5.72599983215332,0.11,3.5,3.375,18.114,0,119.424812316895,6,1746640,false,263.436506271362,0.165,11.594,0.013,32.319,1
post_dig,197,18.705,5.72200012207031,0.11,3.5,3.375,18.114,0,119.424812316895,6,1746640,false,263.442674636841,0.165,11.594,0.01,32.319,1
post_dig,198,13.918,5.72599983215332,0.11,3.5,3.375,18.114,0,119.424812316895,6,1746640,false,263.442674636841,0.165,11.594,0.011,32.319,1
post_dig,199,16.491,5.70900011062622,0.11,3.5,3.375,18.114,0,119.424812316895,6,1746640,false,263.442674636841,0.165,11.594,0.01,32.319,1
post_dig,200,16.605,5.71999979019165,0.11,3.5,3.375,18.114,0,119.424812316895,6,1746640,false,263.442674636841,0.165,11.594,0.011,32.319,1
post_dig,201,16.781,6.12599992752075,0.11,3.5,3.375,18.114,0,119.424812316895,6,1746640,false,263.442674636841,0.165,11.594,0.007,32.319,1
post_dig,202,17.378,6.46999979019165,0.11,3.5,3.375,18.114,0,119.424812316895,6,1746640,false,263.442674636841,0.165,11.594,0.015,32.319,1
post_dig,203,15.694,5.73799991607666,0.11,3.5,3.375,18.114,0,119.424812316895,6,1746640,false,263.442674636841,0.165,11.594,0.007,32.319,1
post_dig,204,18.392,5.73799991607666,0.11,3.5,3.375,18.114,0,119.424812316895,6,1746640,false,263.448843002319,0.165,11.594,0.008,32.319,1
post_dig,205,14.71,5.70900011062622,0.11,3.5,3.375,18.114,0,119.424812316895,6,1746640,false,263.448839187622,0.165,11.594,0.007,32.319,1
post_dig,206,16.925,5.70499992370605,0.11,3.5,3.375,18.114,0,119.424812316895,6,1746640,false,263.44891166687,0.165,11.594,0.009,32.319,1
post_dig,207,16.538,5.69500017166138,0.11,3.5,3.375,18.114,0,119.424812316895,6,1746640,false,263.448843002319,0.165,11.594,0.007,32.319,1
post_dig,208,16.649,5.69399976730347,0.11,3.5,3.375,18.114,0,119.424812316895,6,1746640,false,263.448843002319,0.165,11.594,0.007,32.319,1
post_dig,209,16.641,5.69299983978271,0.11,3.5,3.375,18.114,0,119.424812316895,6,1746640,false,263.448843002319,0.165,11.594,0.006,32.319,1
post_dig,210,16.585,5.68499994277954,0.11,3.5,3.375,18.114,0,119.424812316895,6,1746640,false,263.448843002319,0.165,11.594,0.008,32.319,1
post_dig,211,20.435,5.71700000762939,0.11,3.5,3.375,18.114,0,119.424812316895,6,1746640,false,263.459817886353,0.165,11.594,0.01,32.319,1
post_dig,212,13.567,5.6729998588562,0.11,3.5,3.375,18.114,0,119.424812316895,6,1746640,false,263.459814071655,0.165,11.594,0.011,32.319,1
post_dig,213,15.92,5.6710000038147,0.11,3.5,3.375,18.114,0,119.424812316895,6,1746640,false,263.459810256958,0.165,11.594,0.007,32.319,1
post_dig,214,16.604,5.65700006484985,0.11,3.5,3.375,18.114,0,119.424812316895,6,1746640,false,263.459817886353,0.165,11.594,0.007,32.319,1
post_dig,215,16.796,5.69500017166138,0.11,3.5,3.375,18.114,0,119.424812316895,6,1746640,false,263.459817886353,0.165,11.594,0.007,32.319,1
post_dig,216,16.974,5.70599985122681,0.11,3.5,3.375,18.114,0,119.424812316895,6,1746640,false,263.459817886353,0.165,11.594,0.009,32.319,1
post_dig,217,17.159,5.66300010681152,0.11,3.5,3.375,18.114,0,119.424812316895,6,1746640,false,263.459817886353,0.165,11.594,0.012,32.319,1
post_dig,218,19.484,5.66099977493286,0.11,3.5,3.375,18.114,0,119.424812316895,6,1746640,false,263.465986251831,0.165,11.594,0.011,32.319,1
post_dig,219,13.414,5.65199995040894,0.11,3.5,3.375,18.114,0,119.424812316895,6,1746640,false,263.465986251831,0.165,11.594,0.012,32.319,1
post_dig,220,16.987,5.64099979400635,0.11,3.5,3.375,18.114,0,119.424812316895,6,1746640,false,263.465986251831,0.165,11.594,0.012,32.319,1
post_dig,221,16.828,5.69999980926514,0.11,3.5,3.375,18.114,0,119.424812316895,6,1746640,false,263.465986251831,0.165,11.594,0.012,32.319,1
post_dig,222,16.309,5.63199996948242,0.11,3.5,3.375,18.114,0,119.424812316895,6,1746640,false,263.466054916382,0.165,11.594,0.007,32.319,1
post_dig,223,16.332,5.625,0.11,3.5,3.375,18.114,0,119.424812316895,6,1746640,false,263.465944290161,0.165,11.594,0.011,32.319,1
post_dig,224,16.709,5.61100006103516,0.11,3.5,3.375,18.114,0,119.424812316895,6,1746640,false,263.465986251831,0.165,11.594,0.012,32.319,1
post_dig,225,19.941,5.60599994659424,0.11,3.5,3.375,18.114,0,119.424812316895,6,1746640,false,263.47215461731,0.165,11.594,0.012,32.319,1
post_dig,226,14.603,5.61700010299683,0.11,3.5,3.375,18.114,0,119.424812316895,6,1746640,false,263.47215461731,0.165,11.594,0.014,32.319,1
post_dig,227,16.132,5.64099979400635,0.11,3.5,3.375,18.114,0,119.424812316895,6,1746640,false,263.47215461731,0.165,11.594,0.012,32.319,1
post_dig,228,16.601,5.61199998855591,0.11,3.5,3.375,18.114,0,119.424812316895,6,1746640,false,263.47215461731,0.165,11.594,0.013,32.319,1
post_dig,229,16.693,5.60900020599365,0.11,3.5,3.375,18.114,0,119.424812316895,6,1746640,false,263.47215461731,0.165,11.594,0.013,32.319,1
post_dig,230,16.212,5.59899997711182,0.11,3.5,3.375,18.114,0,119.424812316895,6,1746640,false,263.47215461731,0.165,11.594,0.012,32.319,1
post_dig,231,17.024,5.59800004959106,0.11,3.5,3.375,18.114,0,119.424812316895,6,1746640,false,263.47215461731,0.165,11.594,0.012,32.319,1
post_dig,232,20.104,5.60699987411499,0.11,3.5,3.375,18.114,0,119.424812316895,6,1746640,false,263.478322982788,0.165,11.594,0.013,32.319,1
post_dig,233,13.246,5.58500003814697,0.11,3.5,3.375,18.114,0,119.424812316895,6,1746640,false,263.478322982788,0.165,11.594,0.011,32.319,1
post_dig,234,16.613,5.59600019454956,0.11,3.5,3.375,18.114,0,119.424812316895,6,1746640,false,263.478322982788,0.165,11.594,0.012,32.319,1
post_dig,235,16.806,5.59000015258789,0.11,3.5,3.375,18.114,0,119.424812316895,6,1746640,false,263.478322982788,0.165,11.594,0.012,32.319,1
post_dig,236,16.406,5.57600021362305,0.11,3.5,3.375,18.114,0,119.424812316895,6,1746640,false,263.469549179077,0.165,11.594,0.013,32.319,1
post_dig,237,16.425,5.58799982070923,0.11,3.5,3.375,18.114,0,119.424812316895,6,1746640,false,263.469549179077,0.165,11.594,0.012,32.319,1
post_dig,238,17.62,5.60300016403198,0.11,3.5,3.375,18.114,0,119.424812316895,6,1746640,false,263.469614028931,0.165,11.594,0.007,32.319,1
post_dig,239,19.548,5.59999990463257,0.11,3.5,3.375,18.114,0,119.424812316895,6,1746640,false,263.475717544556,0.165,11.594,0.013,32.319,1
post_dig,240,13.118,5.56500005722046,0.11,3.5,3.375,18.114,0,119.424812316895,6,1746640,false,263.475717544556,0.165,11.594,0.011,32.319,1
post_dig,241,16.472,5.55600023269653,0.11,3.5,3.375,18.114,0,119.424812316895,6,1746640,false,263.475717544556,0.165,11.594,0.008,32.319,1
post_dig,242,16.954,5.5789999961853,0.11,3.5,3.375,18.114,0,119.424812316895,6,1746640,false,263.475713729858,0.165,11.594,0.013,32.319,1
post_dig,243,16.286,5.57100009918213,0.11,3.5,3.375,18.114,0,119.424812316895,6,1746640,false,263.475717544556,0.165,11.594,0.01,32.319,1
post_dig,244,16.813,5.53900003433228,0.11,3.5,3.375,18.114,0,119.424812316895,6,1746640,false,263.475717544556,0.165,11.594,0.01,32.319,1
post_dig,245,16.347,5.5479998588562,0.11,3.5,3.375,18.114,0,119.424812316895,6,1746640,false,263.475713729858,0.165,11.594,0.012,32.319,1
post_dig,246,19.326,5.53999996185303,0.11,3.5,3.375,18.114,0,119.424812316895,6,1746640,false,263.481885910034,0.165,11.594,0.013,32.319,1
post_dig,247,14.603,5.52299976348877,0.11,3.5,3.375,18.114,0,119.424812316895,6,1746640,false,263.481885910034,0.165,11.594,0.013,32.319,1
post_dig,248,16.415,5.51900005340576,0.11,3.5,3.375,18.114,0,119.424812316895,6,1746640,false,263.481885910034,0.165,11.594,0.012,32.319,1
post_dig,249,16.96,5.52099990844727,0.11,3.5,3.375,18.114,0,119.424812316895,6,1746640,false,263.481882095337,0.165,11.594,0.012,32.319,1
post_dig,250,16.984,5.51999998092651,0.11,3.5,3.375,18.114,0,119.424812316895,6,1746640,false,263.481885910034,0.165,11.594,0.012,32.319,1
post_dig,251,16.291,5.47900009155273,0.11,3.5,3.375,18.114,0,119.424812316895,6,1746640,false,263.481885910034,0.165,11.594,0.012,32.319,1
post_dig,252,18.129,5.51300001144409,0.11,3.5,3.375,18.114,0,119.424812316895,6,1746640,false,263.481885910034,0.165,11.594,0.011,32.319,1
post_dig,253,18.054,5.47800016403198,0.11,3.5,3.375,18.114,0,119.424812316895,6,1746640,false,263.488054275513,0.165,11.594,0.013,32.319,1
post_dig,254,14.117,5.48299980163574,0.11,3.5,3.375,18.114,0,119.424812316895,6,1746640,false,263.488122940063,0.165,11.594,0.011,32.319,1
post_dig,255,16.178,5.49200010299683,0.11,3.5,3.375,18.114,0,119.424812316895,6,1746640,false,263.488054275513,0.165,11.594,0.012,32.319,1
post_dig,256,16.627,5.46000003814697,0.11,3.5,3.375,18.114,0,119.424812316895,6,1746640,false,263.488054275513,0.165,11.594,0.012,32.319,1
post_dig,257,16.899,5.47100019454956,0.11,3.5,3.375,18.114,0,119.424812316895,6,1746640,false,263.488054275513,0.165,11.594,0.014,32.319,1
post_dig,258,16.392,5.44399976730347,0.11,3.5,3.375,18.114,0,119.424812316895,6,1746640,false,263.488054275513,0.165,11.594,0.012,32.319,1
post_dig,259,16.752,5.44000005722046,0.11,3.5,3.375,18.114,0,119.424812316895,6,1746640,false,263.488054275513,0.165,11.594,0.013,32.319,1
post_dig,260,19.809,5.47800016403198,0.11,3.5,3.375,18.114,0,119.424812316895,6,1746640,false,263.494222640991,0.165,11.594,0.012,32.319,1
post_dig,261,13.59,5.45300006866455,0.11,3.5,3.375,18.114,0,119.424812316895,6,1746640,false,263.494218826294,0.165,11.594,0.012,32.319,1
post_dig,262,16.869,5.46600008010864,0.11,3.5,3.375,18.114,0,119.424812316895,6,1746640,false,263.494222640991,0.165,11.594,0.013,32.319,1
post_dig,263,16.653,5.52400016784668,0.11,3.5,3.375,18.114,0,119.424812316895,6,1746640,false,263.494222640991,0.165,11.594,0.013,32.319,1
post_dig,264,16.647,5.54199981689453,0.11,3.5,3.375,18.114,0,119.424812316895,6,1746640,false,263.494222640991,0.165,11.594,0.012,32.319,1
post_dig,265,16.634,6.30000019073486,0.11,3.5,3.375,18.114,0,119.424812316895,6,1746640,false,263.494222640991,0.165,11.594,0.011,32.319,1
post_dig,266,16.455,5.55299997329712,0.11,3.5,3.375,18.114,0,119.424812316895,6,1746640,false,263.494222640991,0.165,11.594,0.012,32.319,1
post_dig,267,19.847,5.50400018692017,0.11,3.5,3.375,18.114,0,119.424812316895,6,1746640,false,263.50039100647,0.165,11.594,0.012,32.319,1
post_dig,268,13.789,5.48999977111816,0.11,3.5,3.375,18.114,0,119.424812316895,6,1746640,false,263.500513076782,0.165,11.594,0.012,32.319,1
post_dig,269,16.906,5.52799987792969,0.11,3.5,3.375,18.114,0,119.424812316895,6,1746640,false,263.500513076782,0.165,11.594,0.012,32.319,1
post_dig,270,16.966,5.50099992752075,0.11,3.5,3.375,18.114,0,119.424812316895,6,1746640,false,263.500581741333,0.165,11.594,0.012,32.319,1
post_dig,271,15.666,5.5,0.11,3.5,3.375,18.114,0,119.424812316895,6,1746640,false,263.500463485718,0.165,11.594,0.012,32.319,1
post_dig,272,16.566,5.4980001449585,0.11,3.5,3.375,18.114,0,119.424812316895,6,1746640,false,263.500509262085,0.165,11.594,0.012,32.319,1
post_dig,273,16.974,5.49700021743774,0.11,3.5,3.375,18.114,0,119.424812316895,6,1746640,false,263.500513076782,0.165,11.594,0.013,32.319,1
post_dig,274,19.88,5.47599983215332,0.11,3.5,3.375,18.114,0,119.424812316895,6,1746640,false,263.506677627563,0.165,11.594,0.013,32.319,1
post_dig,275,13.931,5.49399995803833,0.11,3.5,3.375,18.114,0,119.424812316895,6,1746640,false,263.506681442261,0.165,11.594,0.012,32.319,1
post_dig,276,16.346,5.50899982452393,0.11,3.5,3.375,18.114,0,119.424812316895,6,1746640,false,263.506681442261,0.165,11.594,0.012,32.319,1
post_dig,277,16.521,5.49300003051758,0.11,3.5,3.375,18.114,0,119.424812316895,6,1746640,false,263.506681442261,0.165,11.594,0.012,32.319,1
post_dig,278,16.522,5.51300001144409,0.11,3.5,3.375,18.114,0,119.424812316895,6,1746640,false,263.506681442261,0.165,11.594,0.01,32.319,1
post_dig,279,16.834,5.47399997711182,0.11,3.5,3.375,18.114,0,119.424812316895,6,1746640,false,263.506681442261,0.165,11.594,0.012,32.319,1
post_dig,280,16.646,5.4689998626709,0.11,3.5,3.375,18.114,0,119.424812316895,6,1746640,false,263.506677627563,0.165,11.594,0.012,32.319,1
post_dig,281,20.18,5.46000003814697,0.11,3.5,3.375,18.114,0,119.424812316895,6,1746640,false,263.512845993042,0.165,11.594,0.012,32.319,1
post_dig,282,13.292,5.49599981307983,0.11,3.5,3.375,18.114,0,119.424812316895,6,1746640,false,263.512849807739,0.165,11.594,0.011,32.319,1
post_dig,283,16.48,5.52600002288818,0.11,3.5,3.375,18.114,0,119.424812316895,6,1746640,false,263.512845993042,0.165,11.594,0.012,32.319,1
post_dig,284,16.562,5.46199989318848,0.11,3.5,3.375,18.114,0,119.424812316895,6,1746640,false,263.512849807739,0.165,11.594,0.011,32.319,1
post_dig,285,16.906,5.44799995422363,0.11,3.5,3.375,18.114,0,119.424812316895,6,1746640,false,263.512605667114,0.165,11.594,0.012,32.319,1
post_dig,286,17.581,6.23199987411499,0.11,3.5,3.375,18.114,0,119.424812316895,6,1746640,false,263.512674331665,0.165,11.594,0.012,32.319,1
post_dig,287,15.96,5.47399997711182,0.11,3.5,3.375,18.114,0,119.424812316895,6,1746640,false,263.512601852417,0.165,11.594,0.012,32.319,1
post_dig,288,19.417,5.41099977493286,0.11,3.5,3.375,18.114,0,119.424812316895,6,1746640,false,263.518774032593,0.165,11.594,0.013,32.319,1
post_dig,289,13.709,5.38800001144409,0.11,3.5,3.375,18.114,0,119.424812316895,6,1746640,false,263.518774032593,0.165,11.594,0.012,32.319,1
post_dig,290,16.562,5.38899993896484,0.11,3.5,3.375,18.114,0,119.424812316895,6,1746640,false,263.518774032593,0.165,11.594,0.012,32.319,1
post_dig,291,16.827,5.37599992752075,0.11,3.5,3.375,18.114,0,119.424812316895,6,1746640,false,263.518774032593,0.165,11.594,0.012,32.319,1
post_dig,292,17.071,5.86999988555908,0.11,3.5,3.375,18.114,0,119.424812316895,6,1746640,false,263.518774032593,0.165,11.594,0.012,32.319,1
post_dig,293,16.379,5.38399982452393,0.11,3.5,3.375,18.114,0,119.424812316895,6,1746640,false,263.518774032593,0.165,11.594,0.012,32.319,1
post_dig,294,16.284,5.3769998550415,0.11,3.5,3.375,18.114,0,119.424812316895,6,1746640,false,263.518770217896,0.165,11.594,0.012,32.319,1
post_dig,295,19.728,5.38299989700317,0.11,3.5,3.375,18.114,0,119.424812316895,6,1746640,false,263.524942398071,0.165,11.594,0.012,32.319,1
post_dig,296,13.55,5.36499977111816,0.11,3.5,3.375,18.114,0,119.424812316895,6,1746640,false,263.524938583374,0.165,11.594,0.012,32.319,1
post_dig,297,15.872,5.37799978256226,0.11,3.5,3.375,18.114,0,119.424812316895,6,1746640,false,263.524942398071,0.165,11.594,0.007,32.319,1
post_dig,298,16.996,5.40100002288818,0.11,3.5,3.375,18.114,0,119.424812316895,6,1746640,false,263.524942398071,0.165,11.594,0.011,32.319,1
post_dig,299,17.113,5.3899998664856,0.11,3.5,3.375,18.114,0,119.424812316895,6,1746640,false,263.524938583374,0.165,11.594,0.01,32.319,1
post_dig,300,16.948,5.35599994659424,0.11,3.5,3.375,18.114,0,119.424812316895,6,1746640,false,263.524942398071,0.165,11.594,0.012,32.319,1
whole_map,1,14.665,5.08500003814697,0.11,208.227,0.068,18.114,0,119.828483581543,6,1304642,false,260.495203971863,0.165,11.594,0.013,32.319,1
whole_map,2,16.22,5.07999992370605,0.11,208.227,0.068,18.114,0,119.828483581543,6,1304642,false,260.495131492615,0.165,11.594,0.015,32.319,1
whole_map,3,19.168,6.00299978256226,0.11,208.227,0.068,18.114,0,119.828483581543,6,1304642,false,260.501349449158,0.165,11.594,0.013,32.319,1
whole_map,4,14.09,5.05900001525879,0.11,208.227,0.068,18.114,0,119.828483581543,6,1304642,false,260.501437187195,0.165,11.594,0.012,32.319,1
whole_map,5,16.881,5.08699989318848,0.11,208.227,0.068,18.114,0,119.828483581543,6,1304642,false,260.501441001892,0.165,11.594,0.014,32.319,1
whole_map,6,16.403,5.06400012969971,0.11,208.227,0.068,18.114,0,119.828483581543,6,1304642,false,260.501578330994,0.165,11.594,0.011,32.319,1
whole_map,7,16.713,5.05600023269653,0.11,208.227,0.068,18.114,0,119.828483581543,6,1304642,false,260.501578330994,0.165,11.594,0.013,32.319,1
whole_map,8,16.7,5.07100009918213,0.11,208.227,0.068,18.114,0,119.828483581543,6,1304642,false,260.501570701599,0.165,11.594,0.013,32.319,1
whole_map,9,16.638,5.05100011825562,0.11,208.227,0.068,18.114,0,119.828483581543,6,1304642,false,260.501761436462,0.165,11.594,0.012,32.319,1
whole_map,10,18.717,5.06300020217896,0.11,208.227,0.068,18.114,0,119.828483581543,6,1304642,false,260.507933616638,0.165,11.594,0.011,32.319,1
whole_map,11,14.571,5.07000017166138,0.11,208.227,0.068,18.114,0,119.828483581543,6,1304642,false,260.507933616638,0.165,11.594,0.012,32.319,1
whole_map,12,16.664,5.05399990081787,0.11,208.227,0.068,18.114,0,119.828483581543,6,1304642,false,260.507933616638,0.165,11.594,0.01,32.319,1
whole_map,13,16.726,5.19199991226196,0.11,208.227,0.068,18.114,0,119.828483581543,6,1304642,false,260.508208274841,0.165,11.594,0.013,32.319,1
whole_map,14,16.661,5.17899990081787,0.11,208.227,0.068,18.114,0,119.828483581543,6,1304642,false,260.508208274841,0.165,11.594,0.013,32.319,1
whole_map,15,16.666,5.18800020217896,0.11,208.227,0.068,18.114,0,119.828483581543,6,1304642,false,260.508208274841,0.165,11.594,0.013,32.319,1
whole_map,16,16.639,5.18699979782104,0.11,208.227,0.068,18.114,0,119.828483581543,6,1304642,false,260.508208274841,0.165,11.594,0.012,32.319,1
whole_map,17,19.671,5.20599985122681,0.11,208.227,0.068,18.114,0,119.828483581543,6,1304642,false,260.514445304871,0.165,11.594,0.015,32.319,1
whole_map,18,13.746,5.19099998474121,0.11,208.227,0.068,18.114,0,119.828483581543,6,1304642,false,260.51437664032,0.165,11.594,0.015,32.319,1
whole_map,19,16.607,5.21500015258789,0.11,208.227,0.068,18.114,0,119.828483581543,6,1304642,false,260.514788627625,0.165,11.594,0.012,32.319,1
whole_map,20,16.722,5.18900012969971,0.11,208.227,0.068,18.114,0,119.828483581543,6,1304642,false,260.514788627625,0.165,11.594,0.013,32.319,1
whole_map,21,16.644,5.19299983978271,0.11,208.227,0.068,18.114,0,119.828483581543,6,1304642,false,260.514788627625,0.165,11.594,0.014,32.319,1
whole_map,22,16.833,5.18400001525879,0.11,208.227,0.068,18.114,0,119.828483581543,6,1304642,false,260.514788627625,0.165,11.594,0.013,32.319,1
whole_map,23,16.439,5.20599985122681,0.11,208.227,0.068,18.114,0,119.828483581543,6,1304642,false,260.514788627625,0.165,11.594,0.012,32.319,1
whole_map,24,19.142,5.18300008773804,0.11,208.227,0.068,18.114,0,119.828483581543,6,1304642,false,260.520956993103,0.165,11.594,0.012,32.319,1
whole_map,25,14.241,5.21400022506714,0.11,208.227,0.068,18.114,0,119.828483581543,6,1304642,false,260.520956993103,0.165,11.594,0.013,32.319,1
whole_map,26,16.674,5.18200016021729,0.11,208.227,0.068,18.114,0,119.828483581543,6,1304642,false,260.520956993103,0.165,11.594,0.014,32.319,1
whole_map,27,17.002,6.12099981307983,0.11,208.227,0.068,18.114,0,119.828483581543,6,1304642,false,260.520956993103,0.165,11.594,0.012,32.319,1
whole_map,28,16.299,5.19199991226196,0.11,208.227,0.068,18.114,0,119.828483581543,6,1304642,false,260.521597862244,0.165,11.594,0.012,32.319,1
whole_map,29,16.651,5.19299983978271,0.11,208.227,0.068,18.114,0,119.828483581543,6,1304642,false,260.521597862244,0.165,11.594,0.012,32.319,1
whole_map,30,16.66,5.19700002670288,0.11,208.227,0.068,18.114,0,119.828483581543,6,1304642,false,260.521594047546,0.165,11.594,0.012,32.319,1
whole_map,31,19.016,5.19299983978271,0.11,208.227,0.068,18.114,0,119.828483581543,6,1304642,false,260.527766227722,0.165,11.594,0.014,32.319,1
whole_map,32,14.324,5.18800020217896,0.11,208.227,0.068,18.114,0,119.828483581543,6,1304642,false,260.527766227722,0.165,11.594,0.013,32.319,1
whole_map,33,17.133,5.62900018692017,0.11,208.227,0.068,18.114,0,119.828483581543,6,1304642,false,260.527834892273,0.165,11.594,0.012,32.319,1
whole_map,34,16.22,5.21400022506714,0.11,208.227,0.068,18.114,0,119.828483581543,6,1304642,false,260.527762413025,0.165,11.594,0.013,32.319,1
whole_map,35,16.669,5.18699979782104,0.11,208.227,0.068,18.114,0,119.828483581543,6,1304642,false,260.527766227722,0.165,11.594,0.013,32.319,1
whole_map,36,16.65,5.2189998626709,0.11,208.227,0.068,18.114,0,119.828483581543,6,1304642,false,260.527758598328,0.165,11.594,0.012,32.319,1
whole_map,37,16.69,5.19799995422363,0.11,208.227,0.068,18.114,0,119.828483581543,6,1304642,false,260.527762413025,0.165,11.594,0.012,32.319,1
whole_map,38,18.762,5.16800022125244,0.11,208.227,0.068,18.114,0,119.828483581543,6,1304642,false,260.533934593201,0.165,11.594,0.012,32.319,1
whole_map,39,14.536,5.19399976730347,0.11,208.227,0.068,18.114,0,119.828483581543,6,1304642,false,260.533934593201,0.165,11.594,0.012,32.319,1
whole_map,40,16.686,5.18300008773804,0.11,208.227,0.068,18.114,0,119.828483581543,6,1304642,false,260.533934593201,0.165,11.594,0.012,32.319,1
whole_map,41,16.662,5.19199991226196,0.11,208.227,0.068,18.114,0,119.828483581543,6,1304642,false,260.533934593201,0.165,11.594,0.013,32.319,1
whole_map,42,16.739,5.20300006866455,0.11,208.227,0.068,18.114,0,119.828483581543,6,1304642,false,260.534895896912,0.165,11.594,0.015,32.319,1
whole_map,43,16.604,5.19000005722046,0.11,208.227,0.068,18.114,0,119.828483581543,6,1304642,false,260.534895896912,0.165,11.594,0.014,32.319,1
whole_map,44,16.733,5.1729998588562,0.11,208.227,0.068,18.114,0,119.828483581543,6,1304642,false,260.534892082214,0.165,11.594,0.014,32.319,1
whole_map,45,18.865,5.69700002670288,0.11,208.227,0.068,18.114,0,119.828483581543,6,1304642,false,260.54106426239,0.165,11.594,0.011,32.319,1
whole_map,46,14.365,5.20699977874756,0.11,208.227,0.068,18.114,0,119.828483581543,6,1304642,false,260.54106426239,0.165,11.594,0.011,32.319,1
whole_map,47,16.731,5.19099998474121,0.11,208.227,0.068,18.114,0,119.828483581543,6,1304642,false,260.54106426239,0.165,11.594,0.013,32.319,1
whole_map,48,16.638,5.2020001411438,0.11,208.227,0.068,18.114,0,119.828483581543,6,1304642,false,260.541060447693,0.165,11.594,0.012,32.319,1
whole_map,49,17.145,5.2020001411438,0.11,208.227,0.068,18.114,0,119.828483581543,6,1304642,false,260.541129112244,0.165,11.594,0.012,32.319,1
whole_map,50,16.072,5.18900012969971,0.11,208.227,0.068,18.114,0,119.828483581543,6,1304642,false,260.54106426239,0.165,11.594,0.01,32.319,1
whole_map,51,16.718,5.17799997329712,0.11,208.227,0.068,18.114,0,119.828483581543,6,1304642,false,260.54106426239,0.165,11.594,0.012,32.319,1
whole_map,52,18.895,5.19299983978271,0.11,208.227,0.068,18.114,0,119.828483581543,6,1304642,false,260.547232627869,0.165,11.594,0.013,32.319,1
whole_map,53,14.577,5.17199993133545,0.11,208.227,0.068,18.114,0,119.828483581543,6,1304642,false,260.547232627869,0.165,11.594,0.012,32.319,1
whole_map,54,16.623,5.18900012969971,0.11,208.227,0.068,18.114,0,119.828483581543,6,1304642,false,260.547232627869,0.165,11.594,0.014,32.319,1
whole_map,55,16.621,5.21799993515015,0.11,208.227,0.068,18.114,0,119.828483581543,6,1304642,false,260.547232627869,0.165,11.594,0.012,32.319,1
whole_map,56,16.823,5.18900012969971,0.11,208.227,0.068,18.114,0,119.828483581543,6,1304642,false,260.547232627869,0.165,11.594,0.017,32.319,1
whole_map,57,16.488,5.17700004577637,0.11,208.227,0.068,18.114,0,119.828483581543,6,1304642,false,260.547232627869,0.165,11.594,0.012,32.319,1
whole_map,58,16.637,5.20300006866455,0.11,208.227,0.068,18.114,0,119.828483581543,6,1304642,false,260.547232627869,0.165,11.594,0.012,32.319,1
whole_map,59,19.213,5.20100021362305,0.11,208.227,0.068,18.114,0,119.828483581543,6,1304642,false,260.553400993347,0.165,11.594,0.013,32.319,1
whole_map,60,14.405,5.39499998092651,0.11,208.227,0.068,18.114,0,119.828483581543,6,1304642,false,260.553400993347,0.165,11.594,0.039,32.319,1
whole_map,61,16.48,5.33799982070923,0.11,208.227,0.068,18.114,0,119.828483581543,6,1304642,false,260.55339717865,0.165,11.594,0.012,32.319,1
whole_map,62,16.583,5.40700006484985,0.11,208.227,0.068,18.114,0,119.828483581543,6,1304642,false,260.553400993347,0.165,11.594,0.011,32.319,1
whole_map,63,16.658,6.27299976348877,0.11,208.227,0.068,18.114,0,119.828483581543,6,1304642,false,260.55482006073,0.165,11.594,0.011,32.319,1
whole_map,64,16.719,5.4060001373291,0.11,208.227,0.068,18.114,0,119.828483581543,6,1304642,false,260.554816246033,0.165,11.594,0.013,32.319,1
whole_map,65,17.212,5.375,0.11,208.227,0.068,18.114,0,119.828483581543,6,1304642,false,260.554846763611,0.165,11.594,0.012,32.319,1
whole_map,66,18.565,5.40899991989136,0.11,208.227,0.068,18.114,0,119.828483581543,6,1304642,false,260.560988426209,0.165,11.594,0.014,32.319,1
whole_map,67,14.191,5.32999992370605,0.11,208.227,0.068,18.114,0,119.828483581543,6,1304642,false,260.560988426209,0.165,11.594,0.012,32.319,1
whole_map,68,16.662,5.42500019073486,0.11,208.227,0.068,18.114,0,119.828483581543,6,1304642,false,260.560988426209,0.165,11.594,0.013,32.319,1
whole_map,69,16.679,5.34700012207031,0.11,208.227,0.068,18.114,0,119.828483581543,6,1304642,false,260.560988426209,0.165,11.594,0.011,32.319,1
whole_map,70,16.649,5.3270001411438,0.11,208.227,0.068,18.114,0,119.828483581543,6,1304642,false,260.560984611511,0.165,11.594,0.012,32.319,1
whole_map,71,16.748,5.34499979019165,0.11,208.227,0.068,18.114,0,119.828483581543,6,1304642,false,260.560988426209,0.165,11.594,0.013,32.319,1
whole_map,72,16.614,5.31099987030029,0.11,208.227,0.068,18.114,0,119.828483581543,6,1304642,false,260.560988426209,0.165,11.594,0.011,32.319,1
whole_map,73,18.578,5.34200000762939,0.11,208.227,0.068,18.114,0,119.828483581543,6,1304642,false,260.567156791687,0.165,11.594,0.012,32.319,1
whole_map,74,14.651,5.39799976348877,0.11,208.227,0.068,18.114,0,119.828483581543,6,1304642,false,260.567156791687,0.165,11.594,0.011,32.319,1
whole_map,75,16.616,5.42399978637695,0.11,208.227,0.068,18.114,0,119.828483581543,6,1304642,false,260.567156791687,0.165,11.594,0.009,32.319,1
whole_map,76,16.779,5.41699981689453,0.11,208.227,0.068,18.114,0,119.828483581543,6,1304642,false,260.567156791687,0.165,11.594,0.011,32.319,1
whole_map,77,16.691,5.41900014877319,0.11,208.227,0.068,18.114,0,119.828483581543,6,1304642,false,260.567156791687,0.165,11.594,0.013,32.319,1
whole_map,78,16.679,5.42000007629395,0.11,208.227,0.068,18.114,0,119.828483581543,6,1304642,false,260.567156791687,0.165,11.594,0.013,32.319,1
whole_map,79,16.678,5.41400003433228,0.11,208.227,0.068,18.114,0,119.828483581543,6,1304642,false,260.567156791687,0.165,11.594,0.012,32.319,1
whole_map,80,18.886,5.39200019836426,0.11,208.227,0.068,18.114,0,119.828483581543,6,1304642,false,260.573325157166,0.165,11.594,0.013,32.319,1
whole_map,81,14.877,5.41900014877319,0.11,208.227,0.068,18.114,0,119.828483581543,6,1304642,false,260.573393821716,0.165,11.594,0.011,32.319,1
whole_map,82,16.192,5.39799976348877,0.11,208.227,0.068,18.114,0,119.828483581543,6,1304642,false,260.573325157166,0.165,11.594,0.011,32.319,1
whole_map,83,16.784,5.40999984741211,0.11,208.227,0.068,18.114,0,119.828483581543,6,1304642,false,260.573325157166,0.165,11.594,0.013,32.319,1
whole_map,84,16.762,5.40500020980835,0.11,208.227,0.068,18.114,0,119.828483581543,6,1304642,false,260.573325157166,0.165,11.594,0.013,32.319,1
whole_map,85,16.514,5.33300018310547,0.11,208.227,0.068,18.114,0,119.828483581543,6,1304642,false,260.573325157166,0.165,11.594,0.013,32.319,1
whole_map,86,16.728,5.39300012588501,0.11,208.227,0.068,18.114,0,119.828483581543,6,1304642,false,260.573325157166,0.165,11.594,0.016,32.319,1
whole_map,87,19.13,5.40100002288818,0.11,208.227,0.068,18.114,0,119.828483581543,6,1304642,false,260.579489707947,0.165,11.594,0.012,32.319,1
whole_map,88,14.096,5.38399982452393,0.11,208.227,0.068,18.114,0,119.828483581543,6,1304642,false,260.579493522644,0.165,11.594,0.012,32.319,1
whole_map,89,16.683,5.35799980163574,0.11,208.227,0.068,18.114,0,119.828483581543,6,1304642,false,260.579493522644,0.165,11.594,0.014,32.319,1
whole_map,90,16.658,5.40100002288818,0.11,208.227,0.068,18.114,0,119.828483581543,6,1304642,false,260.579493522644,0.165,11.594,0.013,32.319,1
whole_map,91,16.688,5.32100009918213,0.11,208.227,0.068,18.114,0,119.828483581543,6,1304642,false,260.579493522644,0.165,11.594,0.014,32.319,1
whole_map,92,16.78,5.40100002288818,0.11,208.227,0.068,18.114,0,119.828483581543,6,1304642,false,260.579489707947,0.165,11.594,0.015,32.319,1
whole_map,93,16.493,5.31799983978271,0.11,208.227,0.068,18.114,0,119.828483581543,6,1304642,false,260.579493522644,0.165,11.594,0.012,32.319,1
whole_map,94,18.854,5.3899998664856,0.11,208.227,0.068,18.114,0,119.828483581543,6,1304642,false,260.587809562683,0.165,11.594,0.012,32.319,1
whole_map,95,14.631,5.33500003814697,0.11,208.227,0.068,18.114,0,119.828483581543,6,1304642,false,260.58781337738,0.165,11.594,0.015,32.319,1
whole_map,96,16.517,5.42399978637695,0.11,208.227,0.068,18.114,0,119.828483581543,6,1304642,false,260.58781337738,0.165,11.594,0.012,32.319,1
whole_map,97,17.198,5.42199993133545,0.11,208.227,0.068,18.114,0,119.828483581543,6,1304642,false,260.587882041931,0.165,11.594,0.013,32.319,1
whole_map,98,16.261,5.42700004577637,0.11,208.227,0.068,18.114,0,119.828483581543,6,1304642,false,260.58781337738,0.165,11.594,0.016,32.319,1
whole_map,99,16.577,5.35400009155273,0.11,208.227,0.068,18.114,0,119.828483581543,6,1304642,false,260.58781337738,0.165,11.594,0.012,32.319,1
whole_map,100,16.625,5.39699983596802,0.11,208.227,0.068,18.114,0,119.828483581543,6,1304642,false,260.587817192078,0.165,11.594,0.012,32.319,1
whole_map,101,17.854,5.40199995040894,0.11,208.227,0.068,18.114,0,119.828483581543,6,1304642,false,260.593985557556,0.165,11.594,0.007,32.319,1
whole_map,102,15.477,5.39200019836426,0.11,208.227,0.068,18.114,0,119.828483581543,6,1304642,false,260.593985557556,0.165,11.594,0.012,32.319,1
whole_map,103,16.67,5.33500003814697,0.11,208.227,0.068,18.114,0,119.828483581543,6,1304642,false,260.593981742859,0.165,11.594,0.011,32.319,1
whole_map,104,16.651,5.43900012969971,0.11,208.227,0.068,18.114,0,119.828483581543,6,1304642,false,260.593985557556,0.165,11.594,0.011,32.319,1
whole_map,105,16.719,5.34000015258789,0.11,208.227,0.068,18.114,0,119.828483581543,6,1304642,false,260.593985557556,0.165,11.594,0.013,32.319,1
whole_map,106,16.651,5.41599988937378,0.11,208.227,0.068,18.114,0,119.828483581543,6,1304642,false,260.593985557556,0.165,11.594,0.013,32.319,1
whole_map,107,16.595,5.40399980545044,0.11,208.227,0.068,18.114,0,119.828483581543,6,1304642,false,260.593985557556,0.165,11.594,0.01,32.319,1
whole_map,108,19.055,5.39599990844727,0.11,208.227,0.068,18.114,0,119.828483581543,6,1304642,false,260.600153923035,0.165,11.594,0.012,32.319,1
whole_map,109,14.359,5.40000009536743,0.11,208.227,0.068,18.114,0,119.828483581543,6,1304642,false,260.600153923035,0.165,11.594,0.013,32.319,1
whole_map,110,16.655,5.34200000762939,0.11,208.227,0.068,18.114,0,119.828483581543,6,1304642,false,260.600153923035,0.165,11.594,0.012,32.319,1
whole_map,111,16.663,5.31599998474121,0.11,208.227,0.068,18.114,0,119.828483581543,6,1304642,false,260.600153923035,0.165,11.594,0.012,32.319,1
whole_map,112,16.653,5.38800001144409,0.11,208.227,0.068,18.114,0,119.828483581543,6,1304642,false,260.600153923035,0.165,11.594,0.012,32.319,1
whole_map,113,17.055,5.30999994277954,0.11,208.227,0.068,18.114,0,119.828483581543,6,1304642,false,260.600222587585,0.165,11.594,0.011,32.319,1
whole_map,114,16.292,5.40199995040894,0.11,208.227,0.068,18.114,0,119.828483581543,6,1304642,false,260.600153923035,0.165,11.594,0.012,32.319,1
whole_map,115,19.145,5.32499980926514,0.11,208.227,0.068,18.114,0,119.828483581543,6,1304642,false,260.606322288513,0.165,11.594,0.01,32.319,1
whole_map,116,14.224,6.28000020980835,0.11,208.227,0.068,18.114,0,119.828483581543,6,1304642,false,260.606322288513,0.165,11.594,0.013,32.319,1
whole_map,117,16.7,5.39400005340576,0.11,208.227,0.068,18.114,0,119.828483581543,6,1304642,false,260.606314659119,0.165,11.594,0.013,32.319,1
whole_map,118,16.604,5.39799976348877,0.11,208.227,0.068,18.114,0,119.828483581543,6,1304642,false,260.606322288513,0.165,11.594,0.012,32.319,1
whole_map,119,16.888,5.43300008773804,0.11,208.227,0.068,18.114,0,119.828483581543,6,1304642,false,260.606322288513,0.165,11.594,0.012,32.319,1
whole_map,120,16.422,5.40999984741211,0.11,208.227,0.068,18.114,0,119.828483581543,6,1304642,false,260.606322288513,0.165,11.594,0.012,32.319,1
whole_map,121,16.561,5.32100009918213,0.11,208.227,0.068,18.114,0,119.828483581543,6,1304642,false,260.606322288513,0.165,11.594,0.008,32.319,1
whole_map,122,19.466,5.39599990844727,0.11,208.227,0.068,18.114,0,119.828483581543,6,1304642,false,260.612490653992,0.165,11.594,0.013,32.319,1
whole_map,123,13.991,5.29400014877319,0.11,208.227,0.068,18.114,0,119.828483581543,6,1304642,false,260.612490653992,0.165,11.594,0.012,32.319,1
whole_map,124,16.656,5.40100002288818,0.11,208.227,0.068,18.114,0,119.828483581543,6,1304642,false,260.612490653992,0.165,11.594,0.012,32.319,1
whole_map,125,16.684,5.40100002288818,0.11,208.227,0.068,18.114,0,119.828483581543,6,1304642,false,260.612490653992,0.165,11.594,0.012,32.319,1
whole_map,126,16.644,5.40000009536743,0.11,208.227,0.068,18.114,0,119.828483581543,6,1304642,false,260.612490653992,0.165,11.594,0.012,32.319,1
whole_map,127,16.611,5.42000007629395,0.11,208.227,0.068,18.114,0,119.828483581543,6,1304642,false,260.612490653992,0.165,11.594,0.01,32.319,1
whole_map,128,16.644,5.39300012588501,0.11,208.227,0.068,18.114,0,119.828483581543,6,1304642,false,260.612490653992,0.165,11.594,0.012,32.319,1
whole_map,129,18.421,5.32499980926514,0.11,208.227,0.068,18.114,0,119.828483581543,6,1304642,false,260.618727684021,0.165,11.594,0.008,32.319,1
whole_map,130,14.82,5.34200000762939,0.11,208.227,0.068,18.114,0,119.828483581543,6,1304642,false,260.618655204773,0.165,11.594,0.006,32.319,1
whole_map,131,16.812,5.33199977874756,0.11,208.227,0.068,18.114,0,119.828483581543,6,1304642,false,260.61865901947,0.165,11.594,0.011,32.319,1
whole_map,132,16.591,5.9229998588562,0.11,208.227,0.068,18.114,0,119.828483581543,6,1304642,false,260.618655204773,0.165,11.594,0.009,32.319,1
whole_map,133,16.746,5.46700000762939,0.11,208.227,0.068,18.114,0,119.828483581543,6,1304642,false,260.61865901947,0.165,11.594,0.011,32.319,1
whole_map,134,16.652,5.48999977111816,0.11,208.227,0.068,18.114,0,119.828483581543,6,1304642,false,260.61865901947,0.165,11.594,0.011,32.319,1
whole_map,135,16.689,5.45699977874756,0.11,208.227,0.068,18.114,0,119.828483581543,6,1304642,false,260.61865901947,0.165,11.594,0.012,32.319,1
whole_map,136,18.767,5.44999980926514,0.11,208.227,0.068,18.114,0,119.828483581543,6,1304642,false,260.624827384949,0.165,11.594,0.011,32.319,1
whole_map,137,14.583,5.47200012207031,0.11,208.227,0.068,18.114,0,119.828483581543,6,1304642,false,260.624827384949,0.165,11.594,0.012,32.319,1
whole_map,138,16.632,5.47800016403198,0.11,208.227,0.068,18.114,0,119.828483581543,6,1304642,false,260.624827384949,0.165,11.594,0.012,32.319,1
whole_map,139,16.68,5.49200010299683,0.11,208.227,0.068,18.114,0,119.828483581543,6,1304642,false,260.624823570251,0.165,11.594,0.012,32.319,1
whole_map,140,16.646,5.47900009155273,0.11,208.227,0.068,18.114,0,119.828483581543,6,1304642,false,260.624827384949,0.165,11.594,0.012,32.319,1
whole_map,141,17.195,5.47700023651123,0.11,208.227,0.068,18.114,0,119.828483581543,6,1304642,false,260.628031730652,0.165,11.594,0.012,32.319,1
whole_map,142,16.175,5.48600006103516,0.11,208.227,0.068,18.114,0,119.828483581543,6,1304642,false,260.628031730652,0.165,11.594,0.012,32.319,1
whole_map,143,18.281,5.47100019454956,0.11,208.227,0.068,18.114,0,119.828483581543,6,1304642,false,260.63420009613,0.165,11.594,0.012,32.319,1
whole_map,144,15.053,5.44199991226196,0.11,208.227,0.068,18.114,0,119.828483581543,6,1304642,false,260.63420009613,0.165,11.594,0.012,32.319,1
whole_map,145,17.145,5.47200012207031,0.11,208.227,0.068,18.114,0,119.828483581543,6,1304642,false,260.634268760681,0.165,11.594,0.013,32.319,1
whole_map,146,16.264,5.48299980163574,0.11,208.227,0.068,18.114,0,119.828483581543,6,1304642,false,260.63420009613,0.165,11.594,0.012,32.319,1
whole_map,147,16.939,5.45800018310547,0.11,208.227,0.068,18.114,0,119.828483581543,6,1304642,false,260.63420009613,0.165,11.594,0.012,32.319,1
whole_map,148,16.517,5.48799991607666,0.11,208.227,0.068,18.114,0,119.828483581543,6,1304642,false,260.63420009613,0.165,11.594,0.012,32.319,1
whole_map,149,16.487,5.45300006866455,0.11,208.227,0.068,18.114,0,119.828483581543,6,1304642,false,260.63420009613,0.165,11.594,0.013,32.319,1
whole_map,150,18.92,5.4850001335144,0.11,208.227,0.068,18.114,0,119.828483581543,6,1304642,false,260.640360832214,0.165,11.594,0.012,32.319,1
whole_map,151,14.385,5.46999979019165,0.11,208.227,0.068,18.114,0,119.828483581543,6,1304642,false,260.640368461609,0.165,11.594,0.012,32.319,1
whole_map,152,16.657,5.48899984359741,0.11,208.227,0.068,18.114,0,119.828483581543,6,1304642,false,260.640368461609,0.165,11.594,0.013,32.319,1
whole_map,153,16.685,5.47599983215332,0.11,208.227,0.068,18.114,0,119.828483581543,6,1304642,false,260.640368461609,0.165,11.594,0.012,32.319,1
whole_map,154,16.667,5.48999977111816,0.11,208.227,0.068,18.114,0,119.828483581543,6,1304642,false,260.640368461609,0.165,11.594,0.011,32.319,1
whole_map,155,16.644,5.48699998855591,0.11,208.227,0.068,18.114,0,119.828483581543,6,1304642,false,260.640368461609,0.165,11.594,0.012,32.319,1
whole_map,156,16.68,5.4980001449585,0.11,208.227,0.068,18.114,0,119.828483581543,6,1304642,false,260.640360832214,0.165,11.594,0.012,32.319,1
whole_map,157,19.193,5.47599983215332,0.11,208.227,0.068,18.114,0,119.828483581543,6,1304642,false,260.646536827087,0.165,11.594,0.012,32.319,1
whole_map,158,14.149,5.46000003814697,0.11,208.227,0.068,18.114,0,119.828483581543,6,1304642,false,260.646536827087,0.165,11.594,0.012,32.319,1
whole_map,159,16.644,5.49100017547607,0.11,208.227,0.068,18.114,0,119.828483581543,6,1304642,false,260.646536827087,0.165,11.594,0.012,32.319,1
whole_map,160,16.67,5.4850001335144,0.11,208.227,0.068,18.114,0,119.828483581543,6,1304642,false,260.646529197693,0.165,11.594,0.013,32.319,1
whole_map,161,17.148,5.47800016403198,0.11,208.227,0.068,18.114,0,119.828483581543,6,1304642,false,260.646605491638,0.165,11.594,0.012,32.319,1
whole_map,162,16.175,5.50500011444092,0.11,208.227,0.068,18.114,0,119.828483581543,6,1304642,false,260.646536827087,0.165,11.594,0.012,32.319,1
whole_map,163,16.712,5.50099992752075,0.11,208.227,0.068,18.114,0,119.828483581543,6,1304642,false,260.646536827087,0.165,11.594,0.012,32.319,1
whole_map,164,18.616,5.49200010299683,0.11,208.227,0.068,18.114,0,119.828483581543,6,1304642,false,260.652705192566,0.165,11.594,0.009,32.319,1
whole_map,165,14.558,5.4689998626709,0.11,208.227,0.068,18.114,0,119.828483581543,6,1304642,false,260.652701377869,0.165,11.594,0.008,32.319,1
whole_map,166,16.645,5.48899984359741,0.11,208.227,0.068,18.114,0,119.828483581543,6,1304642,false,260.652705192566,0.165,11.594,0.007,32.319,1
whole_map,167,16.731,5.46700000762939,0.11,208.227,0.068,18.114,0,119.828483581543,6,1304642,false,260.652705192566,0.165,11.594,0.009,32.319,1
whole_map,168,16.827,5.50400018692017,0.11,208.227,0.068,18.114,0,119.828483581543,6,1304642,false,260.652705192566,0.165,11.594,0.014,32.319,1
whole_map,169,16.585,5.49200010299683,0.11,208.227,0.068,18.114,0,119.828483581543,6,1304642,false,260.652705192566,0.165,11.594,0.012,32.319,1
whole_map,170,16.827,5.47599983215332,0.11,208.227,0.068,18.114,0,119.828483581543,6,1304642,false,260.652705192566,0.165,11.594,0.167,32.319,1
whole_map,171,18.701,5.46500015258789,0.11,208.227,0.068,18.114,0,119.828483581543,6,1304642,false,260.658873558044,0.165,11.594,0.013,32.319,1
whole_map,172,14.506,5.48000001907349,0.11,208.227,0.068,18.114,0,119.828483581543,6,1304642,false,260.658873558044,0.165,11.594,0.012,32.319,1
whole_map,173,16.655,5.47900009155273,0.11,208.227,0.068,18.114,0,119.828483581543,6,1304642,false,260.658873558044,0.165,11.594,0.014,32.319,1
whole_map,174,16.636,5.47800016403198,0.11,208.227,0.068,18.114,0,119.828483581543,6,1304642,false,260.658873558044,0.165,11.594,0.013,32.319,1
whole_map,175,16.715,5.47399997711182,0.11,208.227,0.068,18.114,0,119.828483581543,6,1304642,false,260.658873558044,0.165,11.594,0.012,32.319,1
whole_map,176,16.72,5.50099992752075,0.11,208.227,0.068,18.114,0,119.828483581543,6,1304642,false,260.658869743347,0.165,11.594,0.013,32.319,1
whole_map,177,17.11,5.47499990463257,0.11,208.227,0.068,18.114,0,119.828483581543,6,1304642,false,260.658938407898,0.165,11.594,0.012,32.319,1
whole_map,178,18.234,5.48199987411499,0.11,208.227,0.068,18.114,0,119.828483581543,6,1304642,false,260.665041923523,0.165,11.594,0.011,32.319,1
whole_map,179,14.831,5.50899982452393,0.11,208.227,0.068,18.114,0,119.828483581543,6,1304642,false,260.665041923523,0.165,11.594,0.014,32.319,1
whole_map,180,16.37,5.46099996566772,0.11,208.227,0.068,18.114,0,119.828483581543,6,1304642,false,260.665038108826,0.165,11.594,0.012,32.319,1
whole_map,181,16.699,5.46299982070923,0.11,208.227,0.068,18.114,0,119.828483581543,6,1304642,false,260.665041923523,0.165,11.594,0.013,32.319,1
whole_map,182,16.692,5.47399997711182,0.11,208.227,0.068,18.114,0,119.828483581543,6,1304642,false,260.665041923523,0.165,11.594,0.012,32.319,1
whole_map,183,16.531,5.48299980163574,0.11,208.227,0.068,18.114,0,119.828483581543,6,1304642,false,260.665041923523,0.165,11.594,0.01,32.319,1
whole_map,184,16.652,5.46500015258789,0.11,208.227,0.068,18.114,0,119.828483581543,6,1304642,false,260.665041923523,0.165,11.594,0.009,32.319,1
whole_map,185,17.817,5.49300003051758,0.11,208.227,0.068,18.114,0,119.828483581543,6,1304642,false,260.671210289001,0.165,11.594,0.007,32.319,1
whole_map,186,15.606,5.49100017547607,0.11,208.227,0.068,18.114,0,119.828483581543,6,1304642,false,260.671210289001,0.165,11.594,0.012,32.319,1
whole_map,187,16.588,5.47900009155273,0.11,208.227,0.068,18.114,0,119.828483581543,6,1304642,false,260.671210289001,0.165,11.594,0.008,32.319,1
whole_map,188,16.896,5.49700021743774,0.11,208.227,0.068,18.114,0,119.828483581543,6,1304642,false,260.671210289001,0.165,11.594,0.026,32.319,1
whole_map,189,16.548,5.47599983215332,0.11,208.227,0.068,18.114,0,119.828483581543,6,1304642,false,260.671210289001,0.165,11.594,0.012,32.319,1
whole_map,190,16.652,5.49399995803833,0.11,208.227,0.068,18.114,0,119.828483581543,6,1304642,false,260.671210289001,0.165,11.594,0.011,32.319,1
whole_map,191,16.668,5.48999977111816,0.11,208.227,0.068,18.114,0,119.828483581543,6,1304642,false,260.671210289001,0.165,11.594,0.012,32.319,1
whole_map,192,18.665,5.48299980163574,0.11,208.227,0.068,18.114,0,119.828483581543,6,1304642,false,260.67737865448,0.165,11.594,0.012,32.319,1
whole_map,193,15.041,5.47499990463257,0.11,208.227,0.068,18.114,0,119.828483581543,6,1304642,false,260.677447319031,0.165,11.594,0.012,32.319,1
whole_map,194,16.321,5.47599983215332,0.11,208.227,0.068,18.114,0,119.828483581543,6,1304642,false,260.67737865448,0.165,11.594,0.013,32.319,1
whole_map,195,16.642,5.48799991607666,0.11,208.227,0.068,18.114,0,119.828483581543,6,1304642,false,260.67737865448,0.165,11.594,0.012,32.319,1
whole_map,196,16.68,5.48999977111816,0.11,208.227,0.068,18.114,0,119.828483581543,6,1304642,false,260.677374839783,0.165,11.594,0.013,32.319,1
whole_map,197,16.681,5.47200012207031,0.11,208.227,0.068,18.114,0,119.828483581543,6,1304642,false,260.67737865448,0.165,11.594,0.014,32.319,1
whole_map,198,16.661,5.46799993515015,0.11,208.227,0.068,18.114,0,119.828483581543,6,1304642,false,260.67737865448,0.165,11.594,0.013,32.319,1
whole_map,199,19.056,5.47700023651123,0.11,208.227,0.068,18.114,0,119.828483581543,6,1304642,false,260.683547019959,0.165,11.594,0.013,32.319,1
whole_map,200,14.282,5.47900009155273,0.11,208.227,0.068,18.114,0,119.828483581543,6,1304642,false,260.683547019959,0.165,11.594,0.012,32.319,1
whole_map,201,16.712,5.48899984359741,0.11,208.227,0.068,18.114,0,119.828483581543,6,1304642,false,260.683547019959,0.165,11.594,0.011,32.319,1
whole_map,202,16.597,5.4980001449585,0.11,208.227,0.068,18.114,0,119.828483581543,6,1304642,false,260.683543205261,0.165,11.594,0.017,32.319,1
whole_map,203,16.487,5.46199989318848,0.11,208.227,0.068,18.114,0,119.828483581543,6,1304642,false,260.683547019959,0.165,11.594,0.007,32.319,1
whole_map,204,16.838,5.47100019454956,0.11,208.227,0.068,18.114,0,119.828483581543,6,1304642,false,260.683547019959,0.165,11.594,0.013,32.319,1
whole_map,205,16.706,5.47399997711182,0.11,208.227,0.068,18.114,0,119.828483581543,6,1304642,false,260.683547019959,0.165,11.594,0.013,32.319,1
whole_map,206,18.855,5.47499990463257,0.11,208.227,0.068,18.114,0,119.828483581543,6,1304642,false,260.689715385437,0.165,11.594,0.013,32.319,1
whole_map,207,14.946,5.45800018310547,0.11,208.227,0.068,18.114,0,119.828483581543,6,1304642,false,260.689715385437,0.165,11.594,0.014,32.319,1
whole_map,208,16.295,5.47499990463257,0.11,208.227,0.068,18.114,0,119.828483581543,6,1304642,false,260.689715385437,0.165,11.594,0.013,32.319,1
whole_map,209,17.077,5.46099996566772,0.11,208.227,0.068,18.114,0,119.828483581543,6,1304642,false,260.689784049988,0.165,11.594,0.013,32.319,1
whole_map,210,16.161,5.45300006866455,0.11,208.227,0.068,18.114,0,119.828483581543,6,1304642,false,260.689715385437,0.165,11.594,0.014,32.319,1
whole_map,211,16.637,5.49200010299683,0.11,208.227,0.068,18.114,0,119.828483581543,6,1304642,false,260.694521903992,0.165,11.594,0.014,32.319,1
whole_map,212,16.662,5.4850001335144,0.11,208.227,0.068,18.114,0,119.828483581543,6,1304642,false,260.694518089294,0.165,11.594,0.013,32.319,1
whole_map,213,18.88,5.47599983215332,0.11,208.227,0.068,18.114,0,119.828483581543,6,1304642,false,260.700686454773,0.165,11.594,0.013,32.319,1
whole_map,214,14.429,5.48199987411499,0.11,208.227,0.068,18.114,0,119.828483581543,6,1304642,false,260.70069026947,0.165,11.594,0.012,32.319,1
whole_map,215,16.68,5.45699977874756,0.11,208.227,0.068,18.114,0,119.828483581543,6,1304642,false,260.700686454773,0.165,11.594,0.013,32.319,1
whole_map,216,16.793,5.48999977111816,0.11,208.227,0.068,18.114,0,119.828483581543,6,1304642,false,260.70069026947,0.165,11.594,0.012,32.319,1
whole_map,217,16.551,5.47700023651123,0.11,208.227,0.068,18.114,0,119.828483581543,6,1304642,false,260.70069026947,0.165,11.594,0.012,32.319,1
whole_map,218,16.668,5.48999977111816,0.11,208.227,0.068,18.114,0,119.828483581543,6,1304642,false,260.70069026947,0.165,11.594,0.013,32.319,1
whole_map,219,16.732,5.46999979019165,0.11,208.227,0.068,18.114,0,119.828483581543,6,1304642,false,260.70069026947,0.165,11.594,0.014,32.319,1
whole_map,220,18.824,5.47900009155273,0.11,208.227,0.068,18.114,0,119.828483581543,6,1304642,false,260.706858634949,0.165,11.594,0.012,32.319,1
whole_map,221,14.466,5.47599983215332,0.11,208.227,0.068,18.114,0,119.828483581543,6,1304642,false,260.706858634949,0.165,11.594,0.013,32.319,1
whole_map,222,16.663,5.47499990463257,0.11,208.227,0.068,18.114,0,119.828483581543,6,1304642,false,260.706858634949,0.165,11.594,0.013,32.319,1
whole_map,223,16.564,5.46299982070923,0.11,208.227,0.068,18.114,0,119.828483581543,6,1304642,false,260.706858634949,0.165,11.594,0.01,32.319,1
whole_map,224,16.745,5.45900011062622,0.11,208.227,0.068,18.114,0,119.828483581543,6,1304642,false,260.706858634949,0.165,11.594,0.011,32.319,1
whole_map,225,16.89,5.46700000762939,0.11,208.227,0.068,18.114,0,119.828483581543,6,1304642,false,260.706923484802,0.165,11.594,0.01,32.319,1
whole_map,226,16.407,5.47499990463257,0.11,208.227,0.068,18.114,0,119.828483581543,6,1304642,false,260.706858634949,0.165,11.594,0.012,32.319,1
whole_map,227,18.971,5.48199987411499,0.11,208.227,0.068,18.114,0,119.828483581543,6,1304642,false,260.713027000427,0.165,11.594,0.013,32.319,1
whole_map,228,14.419,5.45599985122681,0.11,208.227,0.068,18.114,0,119.828483581543,6,1304642,false,260.713027000427,0.165,11.594,0.013,32.319,1
whole_map,229,16.64,5.4850001335144,0.11,208.227,0.068,18.114,0,119.828483581543,6,1304642,false,260.713019371033,0.165,11.594,0.012,32.319,1
whole_map,230,16.713,5.46600008010864,0.11,208.227,0.068,18.114,0,119.828483581543,6,1304642,false,260.713027000427,0.165,11.594,0.014,32.319,1
whole_map,231,16.628,6.45300006866455,0.11,208.227,0.068,18.114,0,119.828483581543,6,1304642,false,260.713027000427,0.165,11.594,0.013,32.319,1
whole_map,232,16.654,5.48000001907349,0.11,208.227,0.068,18.114,0,119.828483581543,6,1304642,false,260.713027000427,0.165,11.594,0.012,32.319,1
whole_map,233,16.896,5.50099992752075,0.11,208.227,0.068,18.114,0,119.828483581543,6,1304642,false,260.713027000427,0.165,11.594,0.015,32.319,1
whole_map,234,18.598,5.49499988555908,0.11,208.227,0.068,18.114,0,119.828483581543,6,1304642,false,260.719195365906,0.165,11.594,0.012,32.319,1
whole_map,235,14.481,5.47499990463257,0.11,208.227,0.068,18.114,0,119.828483581543,6,1304642,false,260.719195365906,0.165,11.594,0.012,32.319,1
whole_map,236,16.704,5.4850001335144,0.11,208.227,0.068,18.114,0,119.828483581543,6,1304642,false,260.719191551209,0.165,11.594,0.012,32.319,1
whole_map,237,16.605,5.49499988555908,0.11,208.227,0.068,18.114,0,119.828483581543,6,1304642,false,260.719195365906,0.165,11.594,0.011,32.319,1
whole_map,238,16.705,5.49300003051758,0.11,208.227,0.068,18.114,0,119.828483581543,6,1304642,false,260.719195365906,0.165,11.594,0.013,32.319,1
whole_map,239,16.746,5.48199987411499,0.11,208.227,0.068,18.114,0,119.828483581543,6,1304642,false,260.719195365906,0.165,11.594,0.011,32.319,1
whole_map,240,16.632,5.48400020599365,0.11,208.227,0.068,18.114,0,119.828483581543,6,1304642,false,260.719195365906,0.165,11.594,0.015,32.319,1
whole_map,241,19.612,5.45300006866455,0.11,208.227,0.068,18.114,0,119.828483581543,6,1304642,false,260.725432395935,0.165,11.594,0.012,32.319,1
whole_map,242,13.718,5.47300004959106,0.11,208.227,0.068,18.114,0,119.828483581543,6,1304642,false,260.725363731384,0.165,11.594,0.013,32.319,1
whole_map,243,16.65,6.4689998626709,0.11,208.227,0.068,18.114,0,119.828483581543,6,1304642,false,260.72535610199,0.165,11.594,0.028,32.319,1
whole_map,244,16.602,5.47700023651123,0.11,208.227,0.068,18.114,0,119.828483581543,6,1304642,false,260.725363731384,0.165,11.594,0.012,32.319,1
whole_map,245,16.65,5.47399997711182,0.11,208.227,0.068,18.114,0,119.828483581543,6,1304642,false,260.725359916687,0.165,11.594,0.01,32.319,1
whole_map,246,16.693,5.47499990463257,0.11,208.227,0.068,18.114,0,119.828483581543,6,1304642,false,260.725363731384,0.165,11.594,0.011,32.319,1
whole_map,247,16.698,5.49100017547607,0.11,208.227,0.068,18.114,0,119.828483581543,6,1304642,false,260.725363731384,0.165,11.594,0.012,32.319,1
whole_map,248,19.217,5.48400020599365,0.11,208.227,0.068,18.114,0,119.828483581543,6,1304642,false,260.731532096863,0.165,11.594,0.013,32.319,1
whole_map,249,14.079,5.48099994659424,0.11,208.227,0.068,18.114,0,119.828483581543,6,1304642,false,260.731532096863,0.165,11.594,0.013,32.319,1
whole_map,250,16.52,5.47100019454956,0.11,208.227,0.068,18.114,0,119.828483581543,6,1304642,false,260.731528282166,0.165,11.594,0.007,32.319,1
whole_map,251,16.727,5.47800016403198,0.11,208.227,0.068,18.114,0,119.828483581543,6,1304642,false,260.731532096863,0.165,11.594,0.009,32.319,1
whole_map,252,16.636,5.46199989318848,0.11,208.227,0.068,18.114,0,119.828483581543,6,1304642,false,260.731532096863,0.165,11.594,0.009,32.319,1
whole_map,253,16.748,5.47399997711182,0.11,208.227,0.068,18.114,0,119.828483581543,6,1304642,false,260.731532096863,0.165,11.594,0.011,32.319,1
whole_map,254,16.714,5.46400022506714,0.11,208.227,0.068,18.114,0,119.828483581543,6,1304642,false,260.731532096863,0.165,11.594,0.012,32.319,1
whole_map,255,18.863,5.48600006103516,0.11,208.227,0.068,18.114,0,119.828483581543,6,1304642,false,260.737700462341,0.165,11.594,0.012,32.319,1
whole_map,256,14.479,5.47700023651123,0.11,208.227,0.068,18.114,0,119.828483581543,6,1304642,false,260.737700462341,0.165,11.594,0.013,32.319,1
whole_map,257,17.082,5.47700023651123,0.11,208.227,0.068,18.114,0,119.828483581543,6,1304642,false,260.737769126892,0.165,11.594,0.012,32.319,1
whole_map,258,16.28,5.47900009155273,0.11,208.227,0.068,18.114,0,119.828483581543,6,1304642,false,260.737696647644,0.165,11.594,0.013,32.319,1
whole_map,259,16.655,5.48999977111816,0.11,208.227,0.068,18.114,0,119.828483581543,6,1304642,false,260.737700462341,0.165,11.594,0.013,32.319,1
whole_map,260,16.697,5.48899984359741,0.11,208.227,0.068,18.114,0,119.828483581543,6,1304642,false,260.737700462341,0.165,11.594,0.014,32.319,1
whole_map,261,16.631,5.46999979019165,0.11,208.227,0.068,18.114,0,119.828483581543,6,1304642,false,260.737700462341,0.165,11.594,0.013,32.319,1
whole_map,262,18.828,5.45300006866455,0.11,208.227,0.068,18.114,0,119.828483581543,6,1304642,false,260.74386882782,0.165,11.594,0.013,32.319,1
whole_map,263,14.498,5.49300003051758,0.11,208.227,0.068,18.114,0,119.828483581543,6,1304642,false,260.74386882782,0.165,11.594,0.012,32.319,1
whole_map,264,16.746,5.47200012207031,0.11,208.227,0.068,18.114,0,119.828483581543,6,1304642,false,260.74386882782,0.165,11.594,0.015,32.319,1
whole_map,265,16.598,5.48899984359741,0.11,208.227,0.068,18.114,0,119.828483581543,6,1304642,false,260.74386882782,0.165,11.594,0.013,32.319,1
whole_map,266,16.8,5.48400020599365,0.11,208.227,0.068,18.114,0,119.828483581543,6,1304642,false,260.743861198425,0.165,11.594,0.017,32.319,1
whole_map,267,16.931,5.4980001449585,0.11,208.227,0.068,18.114,0,119.828483581543,6,1304642,false,260.743865013123,0.165,11.594,0.012,32.319,1
whole_map,268,16.262,5.47200012207031,0.11,208.227,0.068,18.114,0,119.828483581543,6,1304642,false,260.74386882782,0.165,11.594,0.013,32.319,1
whole_map,269,18.715,5.45499992370605,0.11,208.227,0.068,18.114,0,119.828483581543,6,1304642,false,260.750037193298,0.165,11.594,0.012,32.319,1
whole_map,270,14.719,5.49499988555908,0.11,208.227,0.068,18.114,0,119.828483581543,6,1304642,false,260.750037193298,0.165,11.594,0.013,32.319,1
whole_map,271,16.554,5.45900011062622,0.11,208.227,0.068,18.114,0,119.828483581543,6,1304642,false,260.750037193298,0.165,11.594,0.012,32.319,1
whole_map,272,16.801,5.45800018310547,0.11,208.227,0.068,18.114,0,119.828483581543,6,1304642,false,260.750037193298,0.165,11.594,0.016,32.319,1
whole_map,273,17.298,5.46500015258789,0.11,208.227,0.068,18.114,0,119.828483581543,6,1304642,false,260.750105857849,0.165,11.594,0.013,32.319,1
whole_map,274,15.902,5.45900011062622,0.11,208.227,0.068,18.114,0,119.828483581543,6,1304642,false,260.750037193298,0.165,11.594,0.013,32.319,1
whole_map,275,17.098,5.47599983215332,0.11,208.227,0.068,18.114,0,119.828483581543,6,1304642,false,260.750037193298,0.165,11.594,0.007,32.319,1
whole_map,276,18.22,5.46299982070923,0.11,208.227,0.068,18.114,0,119.828483581543,6,1304642,false,260.75620174408,0.165,11.594,0.011,32.319,1
whole_map,277,14.645,5.47300004959106,0.11,208.227,0.068,18.114,0,119.828483581543,6,1304642,false,260.756205558777,0.165,11.594,0.012,32.319,1
whole_map,278,16.654,5.49200010299683,0.11,208.227,0.068,18.114,0,119.828483581543,6,1304642,false,260.756205558777,0.165,11.594,0.012,32.319,1
whole_map,279,16.723,5.4980001449585,0.11,208.227,0.068,18.114,0,119.828483581543,6,1304642,false,260.75620174408,0.165,11.594,0.013,32.319,1
whole_map,280,16.647,5.47399997711182,0.11,208.227,0.068,18.114,0,119.828483581543,6,1304642,false,260.756205558777,0.165,11.594,0.012,32.319,1
whole_map,281,16.67,5.48400020599365,0.11,208.227,0.068,18.114,0,119.828483581543,6,1304642,false,260.75620174408,0.165,11.594,0.012,32.319,1
whole_map,282,16.725,5.47399997711182,0.11,208.227,0.068,18.114,0,119.828483581543,6,1304642,false,260.756205558777,0.165,11.594,0.013,32.319,1
whole_map,283,18.804,5.4850001335144,0.11,208.227,0.068,18.114,0,119.828483581543,6,1304642,false,260.762370109558,0.165,11.594,0.013,32.319,1
whole_map,284,14.584,5.47599983215332,0.11,208.227,0.068,18.114,0,119.828483581543,6,1304642,false,260.762373924255,0.165,11.594,0.015,32.319,1
whole_map,285,16.537,5.49100017547607,0.11,208.227,0.068,18.114,0,119.828483581543,6,1304642,false,260.762373924255,0.165,11.594,0.013,32.319,1
whole_map,286,16.633,5.46700000762939,0.11,208.227,0.068,18.114,0,119.828483581543,6,1304642,false,260.762373924255,0.165,11.594,0.012,32.319,1
whole_map,287,16.596,5.45900011062622,0.11,208.227,0.068,18.114,0,119.828483581543,6,1304642,false,260.762373924255,0.165,11.594,0.008,32.319,1
whole_map,288,16.845,5.48000001907349,0.11,208.227,0.068,18.114,0,119.828483581543,6,1304642,false,260.762373924255,0.165,11.594,0.014,32.319,1
whole_map,289,17.053,5.48799991607666,0.11,208.227,0.068,18.114,0,119.828483581543,6,1304642,false,260.762442588806,0.165,11.594,0.012,32.319,1
whole_map,290,18.679,5.4980001449585,0.11,208.227,0.068,18.114,0,119.828483581543,6,1304642,false,260.768538475037,0.165,11.594,0.014,32.319,1
whole_map,291,14.23,5.48299980163574,0.11,208.227,0.068,18.114,0,119.828483581543,6,1304642,false,260.768538475037,0.165,11.594,0.013,32.319,1
whole_map,292,16.631,5.46299982070923,0.11,208.227,0.068,18.114,0,119.828483581543,6,1304642,false,260.768542289734,0.165,11.594,0.012,32.319,1
whole_map,293,16.692,5.48099994659424,0.11,208.227,0.068,18.114,0,119.828483581543,6,1304642,false,260.768542289734,0.165,11.594,0.012,32.319,1
whole_map,294,16.665,5.47900009155273,0.11,208.227,0.068,18.114,0,119.828483581543,6,1304642,false,260.768542289734,0.165,11.594,0.012,32.319,1
whole_map,295,16.641,5.47300004959106,0.11,208.227,0.068,18.114,0,119.828483581543,6,1304642,false,260.768542289734,0.165,11.594,0.011,32.319,1
whole_map,296,16.826,5.48400020599365,0.11,208.227,0.068,18.114,0,119.828483581543,6,1304642,false,260.768542289734,0.165,11.594,0.017,32.319,1
whole_map,297,18.74,5.47399997711182,0.11,208.227,0.068,18.114,0,119.828483581543,6,1304642,false,260.774706840515,0.165,11.594,0.012,32.319,1
whole_map,298,14.408,5.46000003814697,0.11,208.227,0.068,18.114,0,119.828483581543,6,1304642,false,260.774710655212,0.165,11.594,0.012,32.319,1
whole_map,299,16.712,5.48699998855591,0.11,208.227,0.068,18.114,0,119.828483581543,6,1304642,false,260.774710655212,0.165,11.594,0.012,32.319,1
whole_map,300,16.68,5.45800018310547,0.11,208.227,0.068,18.114,0,119.828483581543,6,1304642,false,260.774706840515,0.165,11.594,0.013,32.319,1
whole_map,301,16.741,5.45599985122681,0.11,208.227,0.068,18.114,0,119.828483581543,6,1304642,false,260.774710655212,0.165,11.594,0.012,32.319,1
