phase,time_us,frame_ms,queued,sdf_pages,engine_static_bytes,process_ms,physics_ms,vegetation_us
startup,3702964,120.109,0,0,66028115.0,119.705,1126.918,30
startup,3705189,2.225,0,0,66032959.0,2.092,0.066,8
startup,3719377,14.188,0,0,66027531.0,2.092,0.066,8
startup,3736043,16.666,0,0,66031135.0,2.092,0.066,8
startup,3752707,16.664,0,0,66031807.0,2.092,0.066,8
startup,3769373,16.666,0,0,66007633.0,2.092,0.066,7
startup,3786041,16.668,0,0,66008357.0,2.092,0.066,8
startup,3802704,16.663,0,0,66011129.0,2.092,0.066,8
startup,3819371,16.667,0,0,66009613.0,2.092,0.066,8
startup,3836151,16.78,0,0,66013113.0,2.092,0.066,8
startup,3852705,16.554,0,0,66011627.0,2.092,0.066,8
startup,3869374,16.669,0,0,66010093.0,2.092,0.066,8
startup,3886048,16.674,0,0,66012717.0,2.092,0.066,8
startup,3902705,16.657,0,0,66011681.0,2.092,0.066,8
startup,3919366,16.661,0,0,66012261.0,2.092,0.066,9
startup,3936117,16.751,0,0,66015573.0,2.092,0.066,8
startup,3952705,16.588,0,0,66167583.0,2.092,0.066,8
startup,3969374,16.669,0,0,66150571.0,2.092,0.066,7
startup,3986041,16.667,0,0,66196977.0,2.092,0.066,8
startup,4002699,16.658,0,0,66197571.0,2.092,0.066,8
startup,4019362,16.663,0,0,66198151.0,3.023,0.06,9
startup,4036030,16.668,0,0,66196835.0,3.023,0.06,8
startup,4052697,16.667,0,0,66202723.0,3.023,0.06,8
startup,4069363,16.666,0,0,66200311.0,3.023,0.06,7
startup,4086041,16.678,0,0,66200527.0,3.023,0.06,8
startup,4102695,16.654,0,0,66202699.0,3.023,0.06,8
startup,4119374,16.679,0,0,66199687.0,3.023,0.06,8
startup,4136024,16.65,0,0,66199127.0,3.023,0.06,7
startup,4152692,16.668,0,0,66203835.0,3.023,0.06,7
startup,4169361,16.669,0,0,66202419.0,3.023,0.06,8
startup,4186040,16.679,0,0,66204671.0,3.023,0.06,7
startup,4202840,16.8,0,0,66213651.0,3.023,0.06,8
startup,4219356,16.516,0,0,66218877.0,3.023,0.06,9
startup,4236035,16.679,0,0,66219131.0,3.023,0.06,8
startup,4252694,16.659,0,0,66218511.0,3.023,0.06,9
startup,4269355,16.661,0,0,66219087.0,3.023,0.06,8
startup,4286023,16.668,0,0,66219663.0,3.023,0.06,8
startup,4302694,16.671,0,0,66220599.0,3.023,0.06,8
startup,4319351,16.657,0,0,66221947.0,3.023,0.06,11
startup,4336018,16.667,0,0,66216791.0,3.023,0.06,8
startup,4352695,16.677,0,0,66223639.0,3.023,0.06,8
startup,4369353,16.658,0,0,66221583.0,3.023,0.06,8
startup,4386020,16.667,0,0,66222715.0,3.023,0.06,9
startup,4402685,16.665,0,0,66222851.0,3.023,0.06,8
startup,4419349,16.664,0,0,66221183.0,3.023,0.06,8
startup,4436017,16.668,0,0,66223035.0,3.023,0.06,8
startup,4452681,16.664,0,0,66228131.0,3.023,0.06,8
startup,4469424,16.743,0,0,66174423.0,3.023,0.06,9
startup,4486017,16.593,0,0,66201275.0,3.023,0.06,8
startup,4502678,16.661,0,0,66202735.0,3.023,0.06,8
startup,4519347,16.669,0,0,66203301.0,3.023,0.06,8
startup,4536014,16.667,0,0,66202287.0,3.023,0.06,9
startup,4552678,16.664,0,0,66203219.0,3.023,0.06,8
startup,4569343,16.665,0,0,66203795.0,3.023,0.06,7
startup,4586007,16.664,0,0,66200755.0,3.023,0.06,8
startup,4602672,16.665,0,0,66223035.0,3.023,0.06,8
startup,4619340,16.668,0,0,66229491.0,3.023,0.06,8
startup,4636009,16.669,0,0,66226877.0,3.023,0.06,8
startup,4652679,16.67,0,0,66231031.0,3.023,0.06,8
startup,4669338,16.659,0,0,66231617.0,3.023,0.06,10
startup,4686007,16.669,0,0,66231731.0,3.023,0.06,8
startup,4702670,16.663,0,0,66231047.0,3.023,0.06,8
startup,4719342,16.672,0,0,66233627.0,3.023,0.06,7
startup,4736035,16.693,0,0,66232565.0,3.023,0.06,9
startup,4752680,16.645,0,0,66231255.0,3.023,0.06,8
startup,4769334,16.654,0,0,66235711.0,3.023,0.06,8
startup,4785999,16.665,0,0,66237407.0,3.023,0.06,8
startup,4802668,16.669,0,0,66232175.0,3.023,0.06,8
startup,4819333,16.665,0,0,66237833.0,3.023,0.06,8
startup,4836000,16.667,0,0,66237871.0,3.023,0.06,8
startup,4852664,16.664,0,0,66237359.0,3.023,0.06,8
startup,4869337,16.673,0,0,66228695.0,3.023,0.06,8
startup,4885997,16.66,0,0,66227857.0,3.023,0.06,8
startup,4902660,16.663,0,0,66228433.0,3.023,0.06,9
startup,4919329,16.669,0,0,66229643.0,3.023,0.06,8
startup,4935995,16.666,0,0,66229585.0,3.023,0.06,8
startup,4952660,16.665,0,0,66231659.0,3.023,0.06,7
startup,4969325,16.665,0,0,66230737.0,3.023,0.06,8
startup,4986031,16.706,0,0,66232079.0,3.023,0.06,8
startup,5002701,16.67,0,0,66231111.0,3.023,0.06,8
startup,5019323,16.622,0,0,66235193.0,1.786,0.092,9
startup,5035991,16.668,0,0,66235773.0,1.786,0.092,8
startup,5052666,16.675,0,0,66234935.0,1.786,0.092,8
startup,5069334,16.668,0,0,66177283.0,1.786,0.092,9
startup,5085996,16.662,4,0,66785079.0,1.786,0.092,24
startup,5102661,16.665,3,0,66701619.0,1.786,0.092,25
startup,5119326,16.665,1,0,67290639.0,1.786,0.092,7
startup,5135999,16.673,0,0,68873083.0,1.786,0.092,2408
startup,5152655,16.656,4,0,69492079.0,1.786,0.092,2272
startup,5169334,16.679,0,0,69855027.0,1.786,0.092,147
startup,5185987,16.653,2,0,70529565.0,1.786,0.092,3638
startup,5202780,16.793,0,0,70830489.0,1.786,0.092,226
startup,5219317,16.537,1,0,71427501.0,1.786,0.092,4105
startup,5235993,16.676,0,0,71707645.0,1.786,0.092,321
startup,5252656,16.663,2,0,72258653.0,1.786,0.092,6193
startup,5269338,16.682,3,0,72645601.0,1.786,0.092,413
startup,5285986,16.648,4,0,72926277.0,1.786,0.092,388
startup,5302777,16.791,4,0,73254613.0,1.786,0.092,393
startup,5319318,16.541,4,0,73459621.0,1.786,0.092,391
startup,5335982,16.664,4,0,73765921.0,1.786,0.092,394
startup,5352647,16.665,4,0,74062417.0,1.786,0.092,429
startup,5369312,16.665,4,0,74228613.0,1.786,0.092,396
startup,5385982,16.67,4,0,74294133.0,1.786,0.092,392
startup,5402639,16.657,4,0,74390373.0,1.786,0.092,416
startup,5419304,16.665,4,0,74447397.0,1.786,0.092,2344
startup,5435982,16.678,4,0,74499597.0,1.786,0.092,1246
startup,5452635,16.653,4,0,74603877.0,1.786,0.092,265
startup,5469302,16.667,4,0,74651145.0,1.786,0.092,2001
startup,5485972,16.67,4,0,74756457.0,1.786,0.092,176
startup,5502641,16.669,4,0,74808501.0,1.786,0.092,1946
startup,5519301,16.66,4,0,74906061.0,1.786,0.092,94
startup,5536037,16.736,4,0,74960633.0,1.786,0.092,1645
startup,5552635,16.598,4,0,75061061.0,1.786,0.092,7
startup,5569301,16.666,4,0,75122349.0,1.786,0.092,8
startup,5585970,16.669,4,0,75218905.0,1.786,0.092,8
startup,5602639,16.669,4,0,75281341.0,1.786,0.092,9
startup,5619311,16.672,4,0,75377737.0,1.786,0.092,8
startup,5635964,16.653,4,0,75441941.0,1.786,0.092,8
startup,5652631,16.667,4,0,75537725.0,1.786,0.092,7
startup,5669297,16.666,4,0,75597509.0,1.786,0.092,8
startup,5685962,16.665,4,0,75694073.0,1.786,0.092,7
startup,5702637,16.675,4,0,75756877.0,1.786,0.092,8
startup,5719294,16.657,4,0,75856137.0,1.786,0.092,8
startup,5735960,16.666,4,0,75917773.0,1.786,0.092,8
startup,5752635,16.675,4,0,76008989.0,1.786,0.092,8
startup,5769317,16.682,4,0,76066229.0,1.786,0.092,8
startup,5785958,16.641,4,0,76161265.0,1.786,0.092,10
startup,5802644,16.686,4,0,76243529.0,1.786,0.092,7
startup,5819287,16.643,4,0,76340069.0,1.786,0.092,8
startup,5835959,16.672,4,0,76393969.0,1.786,0.092,8
startup,5852623,16.664,4,0,76493361.0,1.786,0.092,8
startup,5869288,16.665,4,0,76582925.0,1.786,0.092,8
startup,5885956,16.668,4,0,76695765.0,1.786,0.092,8
startup,5902629,16.673,4,0,76782697.0,1.786,0.092,8
startup,5919292,16.663,4,0,76890873.0,1.786,0.092,7
startup,5935956,16.664,4,0,76943209.0,1.786,0.092,8
startup,5952618,16.662,4,0,77040993.0,1.786,0.092,8
startup,5969286,16.668,3,0,77100121.0,1.786,0.092,7
startup,5985962,16.676,4,0,77337769.0,1.786,0.092,8
startup,6002623,16.661,4,0,77518365.0,1.786,0.092,8
startup,6019299,16.676,4,0,77754689.0,14.881,0.171,8
startup,6035957,16.658,4,0,77939393.0,14.881,0.171,8
startup,6052691,16.734,4,0,78177117.0,14.881,0.171,8
startup,6069289,16.598,4,0,78348901.0,14.881,0.171,7
startup,6085948,16.659,4,0,78845845.0,14.881,0.171,7
startup,6102613,16.665,4,0,79046457.0,14.881,0.171,7
startup,6119279,16.666,4,0,79325357.0,14.881,0.171,8
startup,6135949,16.67,4,0,79608521.0,14.881,0.171,7
startup,6152612,16.663,4,0,79872729.0,14.881,0.171,7
startup,6169284,16.672,4,0,80172417.0,14.881,0.171,8
startup,6185949,16.665,4,0,79677925.0,14.881,0.171,8
startup,6202616,16.667,4,0,79678477.0,14.881,0.171,7
startup,6219282,16.666,4,0,79740609.0,14.881,0.171,8
startup,6235952,16.67,4,0,79741189.0,14.881,0.171,8
startup,6252612,16.66,4,0,79910549.0,14.881,0.171,8
startup,6269269,16.657,4,0,79994789.0,14.881,0.171,8
startup,6285946,16.677,4,0,79995373.0,14.881,0.171,8
startup,6302610,16.664,4,0,80114485.0,14.881,0.171,8
startup,6319291,16.681,4,0,80175209.0,14.881,0.171,7
startup,6335940,16.649,4,0,80235865.0,14.881,0.171,7
startup,6352601,16.661,4,0,80342473.0,14.881,0.171,7
startup,6369273,16.672,4,0,80405393.0,14.881,0.171,8
startup,6385934,16.661,4,0,80477809.0,14.881,0.171,8
startup,6402600,16.666,4,0,80586953.0,14.881,0.171,7
startup,6419277,16.677,4,0,80656105.0,14.881,0.171,8
startup,6435939,16.662,4,0,80770457.0,14.881,0.171,7
startup,6452600,16.661,4,0,80839261.0,14.881,0.171,8
startup,6469282,16.682,4,0,80901025.0,14.881,0.171,7
startup,6485944,16.662,4,0,81003157.0,14.881,0.171,8
startup,6502605,16.661,4,0,81077161.0,14.881,0.171,8
startup,6519270,16.665,4,0,81150661.0,14.881,0.171,9
startup,6535932,16.662,4,0,81227901.0,14.881,0.171,8
startup,6552609,16.677,4,0,81299781.0,14.881,0.171,8
startup,6569268,16.659,4,0,81454357.0,14.881,0.171,8
startup,6586002,16.734,4,0,81543853.0,14.881,0.171,7
startup,6602595,16.593,4,0,81624729.0,14.881,0.171,8
startup,6619269,16.674,4,0,81714809.0,14.881,0.171,7
startup,6635933,16.664,4,0,81824885.0,14.881,0.171,8
startup,6652604,16.671,4,0,81889609.0,14.881,0.171,10
startup,6669266,16.662,4,0,81958545.0,14.881,0.171,9
startup,6685942,16.676,4,0,82025521.0,14.881,0.171,8
startup,6702593,16.651,4,0,82140533.0,14.881,0.171,8
startup,6719259,16.666,4,0,82216109.0,14.881,0.171,7
startup,6735934,16.675,4,0,82285429.0,14.881,0.171,8
startup,6752597,16.663,4,0,82353821.0,14.881,0.171,8
startup,6769262,16.665,4,0,82479241.0,14.881,0.171,8
startup,6785925,16.663,4,0,82585113.0,14.881,0.171,8
startup,6802590,16.665,4,0,82677733.0,14.881,0.171,8
startup,6819264,16.674,4,0,82761525.0,14.881,0.171,7
startup,6835927,16.663,4,0,82875653.0,14.881,0.171,7
startup,6852632,16.705,4,0,83000549.0,14.881,0.171,7
startup,6869265,16.633,4,0,83087285.0,14.881,0.171,8
startup,6885924,16.659,4,0,83170269.0,14.881,0.171,8
startup,6902592,16.668,4,0,83243637.0,14.881,0.171,7
startup,6919267,16.675,4,0,83310397.0,14.881,0.171,8
startup,6935915,16.648,4,0,83433245.0,14.881,0.171,9
startup,6952587,16.672,4,0,83495929.0,14.881,0.171,8
startup,6969255,16.668,4,0,83553337.0,14.881,0.171,8
startup,6985918,16.663,4,0,83670441.0,14.881,0.171,7
startup,7002585,16.667,4,0,83748249.0,14.881,0.171,8
startup,7019258,16.673,4,0,83817865.0,7.646,0.067,8
startup,7035916,16.658,4,0,83954929.0,7.646,0.067,8
startup,7052585,16.669,1,0,84069601.0,7.646,0.067,8
startup,7069252,16.667,2,0,84467437.0,7.646,0.067,6214
startup,7085916,16.664,5,0,84783305.0,7.646,0.067,73
startup,7102579,16.663,5,0,85063749.0,7.646,0.067,70
startup,7119248,16.669,5,0,85306761.0,7.646,0.067,70
startup,7136006,16.758,5,0,85553773.0,7.646,0.067,71
startup,7152578,16.572,5,0,85906453.0,7.646,0.067,74
startup,7169246,16.668,5,0,86219377.0,7.646,0.067,73
startup,7185918,16.672,5,0,86518465.0,7.646,0.067,70
startup,7202574,16.656,5,0,86838317.0,7.646,0.067,69
startup,7219242,16.668,5,0,87068629.0,7.646,0.067,69
startup,7235901,16.659,5,0,87412621.0,7.646,0.067,70
startup,7252570,16.669,5,0,87688045.0,7.646,0.067,68
startup,7269233,16.663,5,0,88063533.0,7.646,0.067,68
startup,7285913,16.68,5,0,88382393.0,7.646,0.067,69
startup,7302581,16.668,5,0,87987109.0,7.646,0.067,69
startup,7319235,16.654,5,0,88415650.0,7.646,0.067,70
startup,7335900,16.665,5,0,88507238.0,7.646,0.067,71
startup,7352563,16.663,5,0,88570482.0,7.646,0.067,1092
startup,7369229,16.666,5,0,88683326.0,7.646,0.067,8
startup,7385900,16.671,5,0,88798654.0,7.646,0.067,7
startup,7402605,16.705,5,0,88871954.0,7.646,0.067,8
startup,7419227,16.622,5,0,88985370.0,7.646,0.067,7
startup,7435901,16.674,5,0,89041946.0,7.646,0.067,7
startup,7452558,16.657,5,0,89172594.0,7.646,0.067,7
startup,7469225,16.667,5,0,89279982.0,7.646,0.067,7
startup,7485892,16.667,5,0,89420414.0,7.646,0.067,7
startup,7502556,16.664,5,0,89490706.0,7.646,0.067,8
startup,7519221,16.665,5,0,89587290.0,7.646,0.067,8
startup,7535887,16.666,5,0,89648258.0,7.646,0.067,8
startup,7552554,16.667,5,0,89751918.0,7.646,0.067,7
startup,7569221,16.667,5,0,89847810.0,7.646,0.067,8
startup,7585889,16.668,5,0,89998890.0,7.646,0.067,13
startup,7602558,16.669,5,0,90085990.0,7.646,0.067,8
startup,7619221,16.663,5,0,90181154.0,7.646,0.067,7
startup,7635883,16.662,5,0,90241134.0,7.646,0.067,7
startup,7652630,16.747,5,0,90337434.0,7.646,0.067,7
startup,7669216,16.586,5,0,90392830.0,7.646,0.067,8
startup,7685888,16.672,5,0,90525394.0,7.646,0.067,7
startup,7702559,16.671,5,0,90580742.0,7.646,0.067,8
startup,7719217,16.658,5,0,90683882.0,7.646,0.067,7
startup,7735882,16.665,5,0,90737998.0,7.646,0.067,8
startup,7752543,16.661,5,0,90836498.0,7.646,0.067,8
startup,7769212,16.669,4,0,90933326.0,7.646,0.067,8
startup,7785878,16.666,4,0,91173122.0,7.646,0.067,7
startup,7802546,16.668,4,0,91512090.0,7.646,0.067,7
startup,7819222,16.676,4,0,91743350.0,7.646,0.067,8
startup,7835878,16.656,4,0,92125998.0,7.646,0.067,8
startup,7852543,16.665,4,0,92368378.0,7.646,0.067,7
startup,7869217,16.674,4,0,92619338.0,7.646,0.067,8
startup,7885878,16.661,4,0,92955662.0,7.646,0.067,7
startup,7902542,16.664,4,0,93234226.0,7.646,0.067,7
startup,7919229,16.687,4,0,93465246.0,7.646,0.067,8
startup,7935878,16.649,4,0,93857926.0,7.646,0.067,8
startup,7952538,16.66,4,0,94106290.0,7.646,0.067,8
startup,7969209,16.671,4,0,94467222.0,7.646,0.067,8
startup,7985875,16.666,4,0,94702682.0,7.646,0.067,7
startup,8002541,16.666,4,0,94257298.0,7.646,0.067,8
startup,8019201,16.66,4,0,94356718.0,11.733,0.068,8
startup,8035872,16.671,4,0,94428310.0,11.733,0.068,8
startup,8052538,16.666,4,0,94524778.0,11.733,0.068,8
startup,8069198,16.66,4,0,94636798.0,11.733,0.068,8
startup,8085871,16.673,4,0,94691510.0,11.733,0.068,7
startup,8102531,16.66,4,0,94804518.0,11.733,0.068,9
startup,8119210,16.679,4,0,94895870.0,11.733,0.068,8
startup,8135870,16.66,4,0,94960890.0,11.733,0.068,7
startup,8152541,16.671,4,0,95120161.0,11.733,0.068,8
startup,8169201,16.66,4,0,95175234.0,11.733,0.068,8
startup,8185927,16.726,4,0,95269310.0,11.733,0.068,8
startup,8202528,16.601,4,0,95333402.0,11.733,0.068,8
startup,8219205,16.677,4,0,95435598.0,11.733,0.068,8
startup,8235867,16.662,4,0,95559618.0,11.733,0.068,8
startup,8252527,16.66,4,0,95640118.0,11.733,0.068,8
startup,8269193,16.666,4,0,95732090.0,11.733,0.068,8
startup,8285867,16.674,4,0,95788646.0,11.733,0.068,8
startup,8302534,16.667,4,0,95975994.0,11.733,0.068,7
startup,8319194,16.66,4,0,96075046.0,11.733,0.068,7
startup,8335864,16.67,4,0,96133434.0,11.733,0.068,8
startup,8352524,16.66,4,0,96243526.0,11.733,0.068,8
startup,8369197,16.673,4,0,96300434.0,11.733,0.068,8
startup,8385855,16.658,4,0,96456946.0,11.733,0.068,7
startup,8402520,16.665,4,0,96572338.0,11.733,0.068,8
startup,8419187,16.667,4,0,96757170.0,11.733,0.068,7
startup,8435858,16.671,4,0,96849090.0,11.733,0.068,8
startup,8452532,16.674,4,0,96932066.0,11.733,0.068,7
startup,8469184,16.652,4,0,97112202.0,11.733,0.068,8
startup,8485853,16.669,4,0,97202258.0,11.733,0.068,7
startup,8502515,16.662,4,0,97345174.0,11.733,0.068,7
startup,8519192,16.677,4,0,97411762.0,11.733,0.068,8
startup,8535862,16.67,2,0,97700018.0,11.733,0.068,8
startup,8552707,16.845,2,0,98335800.0,11.733,0.068,1427
startup,8569188,16.481,0,0,98674590.0,11.733,0.068,1377
startup,8585846,16.658,3,0,99254662.0,11.733,0.068,3534
startup,8602511,16.665,2,0,99772194.0,11.733,0.068,120
startup,8619178,16.667,0,0,100349782.0,11.733,0.068,128
startup,8635857,16.679,0,0,100892436.0,11.733,0.068,3518
startup,8652511,16.654,3,0,101372304.0,11.733,0.068,3384
startup,8669183,16.672,0,0,101730792.0,11.733,0.068,199
startup,8685846,16.663,3,0,102374950.0,11.733,0.068,3699
startup,8702508,16.662,2,0,102801010.0,11.733,0.068,397
startup,8719225,16.717,0,0,103421306.0,11.733,0.068,248
startup,8735846,16.621,0,0,103737502.0,11.733,0.068,5121
startup,8752525,16.679,2,0,104091510.0,11.733,0.068,3135
startup,8769181,16.656,0,0,104000330.0,11.733,0.068,275
startup,8785835,16.654,4,0,105007451.0,11.733,0.068,4050
startup,8802509,16.674,0,0,105420919.0,11.733,0.068,282
startup,8819177,16.668,4,0,105976171.0,11.733,0.068,3576
startup,8835837,16.66,2,0,106484191.0,11.733,0.068,864
startup,8852510,16.673,0,0,107022555.0,11.733,0.068,989
startup,8869205,16.695,0,0,107364251.0,11.733,0.068,5110
startup,8885840,16.635,1,0,107897989.0,11.733,0.068,2099
startup,8902512,16.672,0,0,108186601.0,11.733,0.068,175
startup,8919171,16.659,2,0,108782639.0,11.733,0.068,3625
startup,8935840,16.669,0,0,109126851.0,11.733,0.068,587
startup,8952504,16.664,2,0,109673099.0,11.733,0.068,2400
startup,8969176,16.672,0,0,109954251.0,11.733,0.068,1052
startup,8985839,16.663,1,0,110450723.0,11.733,0.068,2623
startup,9002509,16.67,0,0,110668023.0,11.733,0.068,45
startup,9019164,16.655,2,0,111244671.0,15.076,0.241,2796
startup,9035843,16.679,2,0,111779439.0,15.076,0.241,103
startup,9052502,16.659,1,0,112448599.0,15.076,0.241,17
startup,9069165,16.663,0,0,112952029.0,15.076,0.241,1511
startup,9085831,16.666,3,0,113385721.0,15.076,0.241,718
startup,9102505,16.674,3,0,113876797.0,15.076,0.241,9
startup,9119167,16.662,3,0,114518481.0,15.076,0.241,8
startup,9135839,16.672,0,0,114899265.0,15.076,0.241,8
startup,9152587,16.748,1,0,115382807.0,15.076,0.241,1022
startup,9169174,16.587,0,0,115924243.0,15.076,0.241,8
startup,9185834,16.66,4,0,116525619.0,15.076,0.241,2371
startup,9202494,16.66,3,0,116962351.0,15.076,0.241,8
startup,9219160,16.666,3,0,117505859.0,15.076,0.241,8
startup,9235824,16.664,0,0,118161491.0,15.076,0.241,8
startup,9252543,16.719,3,0,118766651.0,15.076,0.241,1871
startup,9269159,16.616,3,0,119269623.0,15.076,0.241,9
startup,9285835,16.676,3,0,119680187.0,15.076,0.241,8
startup,9302494,16.659,0,0,120337551.0,15.076,0.241,8
startup,9319158,16.664,4,0,120876857.0,15.076,0.241,1361
startup,9335821,16.663,3,0,121403781.0,15.076,0.241,8
startup,9352484,16.663,3,0,121990505.0,15.076,0.241,7
startup,9369155,16.671,0,0,122630313.0,15.076,0.241,8
startup,9385835,16.68,3,0,123179181.0,15.076,0.241,1927
startup,9402487,16.652,3,0,123533697.0,15.076,0.241,8
startup,9419153,16.666,3,0,124159801.0,15.076,0.241,7
startup,9435828,16.675,0,0,124667469.0,15.076,0.241,8
startup,9452486,16.658,4,0,125394419.0,15.076,0.241,2002
startup,9469153,16.667,3,0,125871803.0,15.076,0.241,9
startup,9485991,16.838,3,0,126447515.0,15.076,0.241,8
startup,9502485,16.494,0,0,127044387.0,15.076,0.241,9
startup,9519162,16.677,4,0,127893909.0,15.076,0.241,1459
startup,9535818,16.656,4,0,128997029.0,15.076,0.241,10
startup,9552612,16.794,3,0,129130541.0,15.076,0.241,8
startup,9569160,16.548,0,0,129554545.0,15.076,0.241,8
startup,9585809,16.649,4,0,130141297.0,15.076,0.241,1229
startup,9602477,16.668,4,0,130728145.0,15.076,0.241,8
startup,9619152,16.675,3,0,131174021.0,15.076,0.241,8
startup,9635818,16.666,0,0,131588605.0,15.076,0.241,8
startup,9652484,16.666,4,0,132230369.0,15.076,0.241,1606
startup,9669156,16.672,4,0,132882621.0,15.076,0.241,9
startup,9685824,16.668,4,0,133135977.0,15.076,0.241,8
startup,9702476,16.652,4,0,133491665.0,15.076,0.241,8
startup,9719144,16.668,4,0,133830953.0,15.076,0.241,8
startup,9735808,16.664,4,0,134066277.0,15.076,0.241,8
startup,9752483,16.675,4,0,134376433.0,15.076,0.241,8
startup,9769397,16.914,4,0,134735457.0,15.076,0.241,9
startup,9785811,16.414,4,0,135032461.0,15.076,0.241,8
startup,9802470,16.659,4,0,135311657.0,15.076,0.241,8
startup,9819142,16.672,4,0,135577465.0,15.076,0.241,8
startup,9835802,16.66,3,0,135858389.0,15.076,0.241,8
startup,9852465,16.663,4,0,136248121.0,15.076,0.241,7
startup,9869146,16.681,4,0,136493009.0,15.076,0.241,9
startup,9885806,16.66,3,0,136859045.0,15.076,0.241,8
startup,9902467,16.661,3,0,137095401.0,15.076,0.241,9
startup,9919132,16.665,4,0,137367545.0,15.076,0.241,8
startup,9935810,16.678,4,0,137695373.0,15.076,0.241,8
startup,9952464,16.654,4,0,138033077.0,15.076,0.241,8
startup,9969133,16.669,4,0,138271245.0,15.076,0.241,9
startup,9985802,16.669,4,0,138562097.0,15.076,0.241,8
startup,10002469,16.667,4,0,138833137.0,15.076,0.241,9
startup,10019131,16.662,4,0,139109513.0,10.083,0.14,8
startup,10035810,16.679,4,0,139431325.0,10.083,0.14,10
startup,10052471,16.661,4,0,139736721.0,10.083,0.14,13
startup,10069126,16.655,4,0,140086965.0,10.083,0.14,8
startup,10085791,16.665,4,0,140355009.0,10.083,0.14,8
startup,10102468,16.677,4,0,140566477.0,10.083,0.14,10
startup,10119120,16.652,4,0,140900373.0,10.083,0.14,8
startup,10135790,16.67,4,0,141133521.0,10.083,0.14,9
startup,10152457,16.667,4,0,141472517.0,10.083,0.14,8
startup,10169133,16.676,4,0,141760317.0,10.083,0.14,9
startup,10185787,16.654,4,0,142143301.0,10.083,0.14,7
startup,10202466,16.679,4,0,142421989.0,10.083,0.14,10
startup,10219118,16.652,4,0,142754433.0,10.083,0.14,7
startup,10235790,16.672,4,0,143123421.0,10.083,0.14,9
startup,10252461,16.671,4,0,143431761.0,10.083,0.14,8
startup,10269119,16.658,4,0,143816313.0,10.083,0.14,9
startup,10285789,16.67,4,0,144072433.0,10.083,0.14,7
startup,10302454,16.665,4,0,144362021.0,10.083,0.14,9
startup,10319132,16.678,4,0,144614309.0,10.083,0.14,8
startup,10335779,16.647,4,0,144894805.0,10.083,0.14,9
startup,10352449,16.67,4,0,145170825.0,10.083,0.14,7
startup,10369110,16.661,4,0,145470581.0,10.083,0.14,9
startup,10385791,16.681,4,0,145699865.0,10.083,0.14,7
startup,10402447,16.656,4,0,146061849.0,10.083,0.14,9
startup,10419111,16.664,4,0,146322693.0,10.083,0.14,8
startup,10435771,16.66,4,0,146663217.0,10.083,0.14,9
startup,10452444,16.673,4,0,146963713.0,10.083,0.14,8
startup,10469107,16.663,4,0,147298673.0,10.083,0.14,9
startup,10485783,16.676,4,0,147528577.0,10.083,0.14,8
startup,10502444,16.661,4,0,147909469.0,10.083,0.14,8
startup,10519113,16.669,4,0,148223373.0,10.083,0.14,8
startup,10535780,16.667,4,0,148479401.0,10.083,0.14,8
startup,10552444,16.664,4,0,148779873.0,10.083,0.14,7
startup,10569107,16.663,4,0,149040937.0,10.083,0.14,8
startup,10585773,16.666,4,0,149450315.0,10.083,0.14,8
startup,10602442,16.669,4,0,149713549.0,10.083,0.14,9
startup,10619100,16.658,4,0,150019041.0,10.083,0.14,7
startup,10635774,16.674,4,0,150423877.0,10.083,0.14,9
startup,10652437,16.663,4,0,150835853.0,10.083,0.14,8
startup,10669105,16.668,4,0,151127157.0,10.083,0.14,9
startup,10685777,16.672,1,0,151346393.0,10.083,0.14,8
startup,10702436,16.659,2,0,151638801.0,10.083,0.14,1861
startup,10719112,16.676,5,0,151859589.0,10.083,0.14,8
startup,10735773,16.661,5,0,152138585.0,10.083,0.14,9
startup,10752506,16.733,5,0,152599429.0,10.083,0.14,8
startup,10769097,16.591,5,0,152963337.0,10.083,0.14,9
startup,10785769,16.672,5,0,153373825.0,10.083,0.14,7
startup,10802430,16.661,5,0,153761829.0,10.083,0.14,8
startup,10819094,16.664,5,0,154051197.0,10.083,0.14,8
startup,10835761,16.667,5,0,154310401.0,10.083,0.14,8
startup,10852432,16.671,5,0,154646073.0,10.083,0.14,8
startup,10869104,16.672,5,0,154867393.0,10.083,0.14,8
startup,10885766,16.662,5,0,155146389.0,10.083,0.14,8
startup,10902436,16.67,5,0,155379365.0,10.083,0.14,8
startup,10919096,16.66,5,0,155529581.0,10.083,0.14,8
startup,10935763,16.667,5,0,155707361.0,10.083,0.14,8
startup,10952421,16.658,5,0,155976033.0,10.083,0.14,8
startup,10969088,16.667,5,0,156363357.0,10.083,0.14,8
startup,10985750,16.662,5,0,156641209.0,10.083,0.14,8
startup,11002416,16.666,5,0,156936525.0,10.083,0.14,8
startup,11019090,16.674,5,0,157193337.0,7.898,0.129,8
startup,11035754,16.664,5,0,157568413.0,7.898,0.129,8
startup,11052435,16.681,5,0,157893909.0,7.898,0.129,8
startup,11069087,16.652,5,0,158052061.0,7.898,0.129,8
startup,11085756,16.669,5,0,158295293.0,7.898,0.129,7
startup,11102425,16.669,5,0,158483193.0,7.898,0.129,8
startup,11119087,16.662,5,0,158727489.0,7.898,0.129,8
startup,11135756,16.669,5,0,158891181.0,7.898,0.129,8
startup,11152411,16.655,5,0,159287945.0,7.898,0.129,8
startup,11169081,16.67,5,0,159573629.0,7.898,0.129,8
startup,11185744,16.663,5,0,159228461.0,7.898,0.129,8
startup,11202414,16.67,5,0,159296405.0,7.898,0.129,8
startup,11219084,16.67,5,0,159373493.0,7.898,0.129,7
startup,11235743,16.659,5,0,159519545.0,7.898,0.129,8
startup,11252408,16.665,5,0,159594053.0,7.898,0.129,7
startup,11269080,16.672,5,0,159594641.0,7.898,0.129,7
startup,11285747,16.667,5,0,159595229.0,7.898,0.129,7
startup,11302426,16.679,5,0,159595817.0,7.898,0.129,8
startup,11319081,16.655,5,0,159596405.0,7.898,0.129,8
startup,11335745,16.664,5,0,159596993.0,7.898,0.129,8
startup,11352407,16.662,5,0,159803513.0,7.898,0.129,9
startup,11369077,16.67,5,0,159812797.0,7.898,0.129,8
startup,11385750,16.673,5,0,159862225.0,7.898,0.129,8
startup,11402414,16.664,5,0,159938885.0,7.898,0.129,8
startup,11419070,16.656,5,0,160077909.0,7.898,0.129,8
startup,11435732,16.662,5,0,160170409.0,7.898,0.129,8
startup,11452397,16.665,5,0,160254061.0,7.898,0.129,8
startup,11469067,16.67,5,0,160349013.0,7.898,0.129,7
startup,11485740,16.673,5,0,160409253.0,7.898,0.129,8
startup,11502407,16.667,5,0,160409841.0,7.898,0.129,7
startup,11519080,16.673,5,0,160410429.0,7.898,0.129,8
startup,11535738,16.658,5,0,160411017.0,7.898,0.129,7
startup,11552403,16.665,5,0,160411605.0,7.898,0.129,8
startup,11569061,16.658,5,0,160614233.0,7.898,0.129,8
startup,11585739,16.678,5,0,160614821.0,7.898,0.129,9
startup,11602391,16.652,5,0,160715101.0,7.898,0.129,8
startup,11619067,16.676,5,0,160791897.0,7.898,0.129,8
startup,11635737,16.67,5,0,160859193.0,7.898,0.129,7
startup,11652397,16.66,5,0,160997989.0,7.898,0.129,8
startup,11669058,16.661,5,0,161095921.0,7.898,0.129,9
startup,11685725,16.667,5,0,161171877.0,7.898,0.129,8
startup,11702398,16.673,5,0,161172465.0,7.898,0.129,8
startup,11719065,16.667,5,0,161173053.0,7.898,0.129,8
startup,11735730,16.665,5,0,161301277.0,7.898,0.129,8
startup,11752433,16.703,5,0,161367285.0,7.898,0.129,8
startup,11769052,16.619,5,0,161478361.0,7.898,0.129,8
startup,11785721,16.669,5,0,161569573.0,7.898,0.129,8
startup,11802383,16.662,5,0,161699293.0,7.898,0.129,7
startup,11819052,16.669,5,0,161789077.0,7.898,0.129,8
startup,11835715,16.663,5,0,161854913.0,7.898,0.129,8
startup,11852390,16.675,5,0,161907909.0,7.898,0.129,7
startup,11869053,16.663,5,0,162034813.0,7.898,0.129,8
startup,11885719,16.666,5,0,162104581.0,7.898,0.129,8
startup,11902383,16.664,5,0,162211869.0,7.898,0.129,8
startup,11919045,16.662,5,0,162279077.0,7.898,0.129,7
startup,11935719,16.674,5,0,162373381.0,7.898,0.129,8
startup,11952381,16.662,5,0,162467529.0,7.898,0.129,8
startup,11969047,16.666,5,0,162563865.0,7.898,0.129,7
startup,11985726,16.679,5,0,162638917.0,7.898,0.129,7
startup,12002378,16.652,5,0,162750081.0,7.898,0.129,8
startup,12019043,16.665,5,0,162812205.0,9.652,0.096,8
startup,12035711,16.668,5,0,162922309.0,9.652,0.096,8
startup,12052376,16.665,4,0,163036365.0,9.652,0.096,8
startup,12069047,16.671,4,0,163371081.0,9.652,0.096,9
startup,12085712,16.665,4,0,163581733.0,9.652,0.096,7
startup,12102373,16.661,4,0,163833641.0,9.652,0.096,8
startup,12119043,16.67,4,0,164120137.0,9.652,0.096,8
startup,12135705,16.662,4,0,164450237.0,9.652,0.096,8
startup,12152384,16.679,4,0,164662973.0,9.652,0.096,7
startup,12169049,16.665,4,0,164971509.0,9.652,0.096,9
startup,12185722,16.673,4,0,165175929.0,9.652,0.096,8
startup,12202377,16.655,4,0,165404673.0,9.652,0.096,10
startup,12219037,16.66,4,0,165502577.0,9.652,0.096,8
startup,12235705,16.668,4,0,165897041.0,9.652,0.096,8
startup,12252374,16.669,4,0,166116881.0,9.652,0.096,8
startup,12269040,16.666,4,0,166454329.0,9.652,0.096,8
startup,12285702,16.662,4,0,166684433.0,9.652,0.096,8
startup,12302375,16.673,4,0,166948585.0,9.652,0.096,9
startup,12319032,16.657,4,0,166713257.0,9.652,0.096,7
startup,12335700,16.668,4,0,166810885.0,9.652,0.096,8
startup,12352365,16.665,4,0,166870545.0,9.652,0.096,8
startup,12369032,16.667,4,0,166970237.0,9.652,0.096,8
startup,12385698,16.666,4,0,167031073.0,9.652,0.096,8
startup,12402362,16.664,4,0,167123469.0,9.652,0.096,8
startup,12419028,16.666,4,0,167184313.0,9.652,0.096,7
startup,12435694,16.666,4,0,167277249.0,9.652,0.096,7
startup,12452362,16.668,4,0,167338829.0,9.652,0.096,8
startup,12469051,16.689,4,0,167394645.0,9.652,0.096,8
startup,12485691,16.64,4,0,167499809.0,9.652,0.096,8
startup,12502358,16.667,4,0,167628905.0,9.652,0.096,8
startup,12519024,16.666,4,0,167654157.0,9.652,0.096,8
startup,12535691,16.667,4,0,167746421.0,9.652,0.096,8
startup,12552359,16.668,4,0,167806293.0,9.652,0.096,8
startup,12569020,16.661,4,0,167899761.0,9.652,0.096,8
startup,12585690,16.67,4,0,167963745.0,9.652,0.096,7
startup,12602356,16.666,4,0,168059549.0,9.652,0.096,7
startup,12619027,16.671,4,0,168121241.0,9.652,0.096,7
startup,12635687,16.66,4,0,168219169.0,9.652,0.096,11
startup,12652349,16.662,4,0,168277073.0,9.652,0.096,8
startup,12669018,16.669,4,0,168374681.0,9.652,0.096,8
startup,12685687,16.669,4,0,168438825.0,9.652,0.096,8
startup,12702360,16.673,4,0,168540953.0,9.652,0.096,8
startup,12719018,16.658,4,0,168599521.0,9.652,0.096,8
startup,12735684,16.666,4,0,168694993.0,9.652,0.096,9
startup,12752350,16.666,2,0,168789213.0,9.652,0.096,8
startup,12769019,16.669,3,0,169223389.0,9.652,0.096,1191
startup,12785688,16.669,4,0,169457457.0,9.652,0.096,8
startup,12802347,16.659,4,0,169797913.0,9.652,0.096,8
startup,12819010,16.663,4,0,170038937.0,9.652,0.096,9
startup,12835679,16.669,4,0,170314385.0,9.652,0.096,9
startup,12852349,16.67,4,0,170647337.0,9.652,0.096,8
startup,12869005,16.656,4,0,170918957.0,9.652,0.096,8
startup,12885681,16.676,4,0,171233013.0,9.652,0.096,7
startup,12902351,16.67,4,0,171606369.0,9.652,0.096,9
startup,12919009,16.658,4,0,171948657.0,9.652,0.096,7
startup,12935678,16.669,4,0,172291793.0,9.652,0.096,8
startup,12952342,16.664,4,0,172552253.0,9.652,0.096,8
startup,12969008,16.666,4,0,172162953.0,9.652,0.096,8
startup,12985685,16.677,4,0,172274913.0,9.652,0.096,7
startup,13002338,16.653,4,0,172400657.0,9.652,0.096,8
startup,13019005,16.667,4,0,172562217.0,9.334,0.065,7
startup,13035670,16.665,4,0,172658589.0,9.334,0.065,8
startup,13052340,16.67,4,0,172740269.0,9.334,0.065,8
startup,13069001,16.661,4,0,172886353.0,9.334,0.065,8
startup,13085688,16.687,4,0,172981357.0,9.334,0.065,8
startup,13102336,16.648,4,0,173102545.0,9.334,0.065,8
startup,13118999,16.663,4,0,173166117.0,9.334,0.065,7
startup,13135669,16.67,4,0,173293365.0,9.334,0.065,8
startup,13152343,16.674,4,0,173391921.0,9.334,0.065,12
startup,13169008,16.665,4,0,173521381.0,9.334,0.065,8
startup,13185664,16.656,4,0,173561093.0,9.334,0.065,8
startup,13202328,16.664,4,0,173657897.0,9.334,0.065,7
startup,13218993,16.665,4,0,173721117.0,9.334,0.065,8
startup,13235659,16.666,4,0,173816869.0,9.334,0.065,7
startup,13252332,16.673,4,0,173878645.0,9.334,0.065,8
startup,13268992,16.66,4,0,173975737.0,9.334,0.065,8
startup,13285666,16.674,4,0,174037481.0,9.334,0.065,8
startup,13302337,16.671,4,0,174134057.0,9.334,0.065,8
startup,13318991,16.654,4,0,174193049.0,9.334,0.065,7
startup,13335656,16.665,4,0,174296677.0,9.334,0.065,8
startup,13352324,16.668,4,0,174358345.0,9.334,0.065,8
startup,13368998,16.674,4,0,174463233.0,9.334,0.065,8
startup,13385658,16.66,4,0,174519469.0,9.334,0.065,8
startup,13402322,16.664,4,0,174617301.0,9.334,0.065,8
startup,13418988,16.666,4,0,174681685.0,9.334,0.065,7
startup,13435657,16.669,4,0,174785473.0,9.334,0.065,8
startup,13452332,16.675,4,0,174845429.0,9.334,0.065,7
startup,13468990,16.658,3,0,174953073.0,9.334,0.065,8
startup,13485657,16.667,4,0,175251449.0,9.334,0.065,8
startup,13502318,16.661,4,0,175643473.0,9.334,0.065,9
startup,13518992,16.674,4,0,175946581.0,9.334,0.065,8
startup,13535654,16.662,4,0,176257593.0,9.334,0.065,9
startup,13552317,16.663,4,0,176505721.0,9.334,0.065,8
startup,13568986,16.669,4,0,176902977.0,9.334,0.065,8
startup,13585651,16.665,4,0,177181969.0,9.334,0.065,7
startup,13602314,16.663,4,0,177524193.0,9.334,0.065,8
startup,13618979,16.665,4,0,177830641.0,9.334,0.065,8
startup,13635646,16.667,4,0,178185705.0,9.334,0.065,8
startup,13652316,16.67,1,0,178435765.0,9.334,0.065,8
startup,13668979,16.663,2,0,178851887.0,9.334,0.065,1287
startup,13685651,16.672,5,0,179227099.0,9.334,0.065,8
startup,13702309,16.658,4,0,178781143.0,9.334,0.065,8
startup,13718972,16.663,4,0,179028687.0,9.334,0.065,8
startup,13735639,16.667,4,0,179379655.0,9.334,0.065,8
startup,13752311,16.672,4,0,179654951.0,9.334,0.065,8
startup,13768975,16.664,4,0,179747915.0,9.334,0.065,7
startup,13785641,16.666,4,0,179920471.0,9.334,0.065,8
startup,13802305,16.664,4,0,180062643.0,9.334,0.065,7
startup,13818975,16.67,4,0,180152703.0,9.334,0.065,8
startup,13835635,16.66,4,0,180287155.0,9.334,0.065,8
startup,13852303,16.668,4,0,180358703.0,9.334,0.065,7
startup,13868969,16.666,2,0,180492919.0,9.334,0.065,8
startup,13885641,16.672,5,0,180809549.0,9.334,0.065,239
startup,13902301,16.66,5,0,181064797.0,9.334,0.065,8
startup,13918968,16.667,4,0,181447425.0,9.334,0.065,9
startup,13935643,16.675,4,0,181566085.0,9.334,0.065,7
startup,13952300,16.657,2,0,181663545.0,9.334,0.065,8
startup,13968965,16.665,3,0,181995097.0,9.334,0.065,659
startup,13985636,16.671,4,0,182078397.0,9.334,0.065,8
startup,14002300,16.664,3,0,182242069.0,9.334,0.065,7
startup,14018966,16.666,4,0,182423133.0,7.911,0.062,7
startup,14035629,16.663,4,0,182562137.0,7.911,0.062,7
startup,14052299,16.67,4,0,182682909.0,7.911,0.062,8
startup,14068964,16.665,4,0,182830181.0,7.911,0.062,8
startup,14085627,16.663,4,0,182907085.0,7.911,0.062,8
startup,14102328,16.701,4,0,183080509.0,7.911,0.062,8
startup,14118994,16.666,4,0,183214641.0,7.911,0.062,8
startup,14135626,16.632,4,0,183306753.0,7.911,0.062,8
startup,14152292,16.666,4,0,183464373.0,7.911,0.062,8
startup,14168959,16.667,4,0,183571613.0,7.911,0.062,8
startup,14185626,16.667,1,0,183683317.0,7.911,0.062,8
startup,14202296,16.67,2,0,184088881.0,7.911,0.062,1373
startup,14218952,16.656,4,0,184400025.0,7.911,0.062,8
startup,14235624,16.672,4,0,184698117.0,7.911,0.062,8
startup,14252288,16.664,4,0,184830377.0,7.911,0.062,8
startup,14268954,16.666,2,0,185166381.0,7.911,0.062,8
startup,14285620,16.666,5,0,185474287.0,7.911,0.062,474
startup,14302300,16.68,5,0,185564875.0,7.911,0.062,8
startup,14318989,16.689,4,0,185718095.0,7.911,0.062,8
startup,14335618,16.629,4,0,185962951.0,7.911,0.062,8
startup,14352278,16.66,2,0,186049075.0,7.911,0.062,8
startup,14368953,16.675,3,0,186435535.0,7.911,0.062,1494
startup,14385619,16.666,4,0,186534343.0,7.911,0.062,8
startup,14402282,16.663,4,0,186591527.0,7.911,0.062,9
startup,14418945,16.663,4,0,186692207.0,7.911,0.062,7
startup,14435617,16.672,4,0,186747351.0,7.911,0.062,8
startup,14452279,16.662,4,0,186879191.0,7.911,0.062,8
startup,14468948,16.669,4,0,186939215.0,7.911,0.062,8
startup,14485612,16.664,4,0,187036271.0,7.911,0.062,8
startup,14502280,16.668,4,0,187092239.0,7.911,0.062,8
startup,14518946,16.666,4,0,187189811.0,7.911,0.062,8
startup,14535615,16.669,4,0,187282855.0,7.911,0.062,8
startup,14552276,16.661,4,0,187380427.0,7.911,0.062,8
startup,14568941,16.665,4,0,187439087.0,7.911,0.062,8
startup,14585604,16.663,4,0,187546147.0,7.911,0.062,7
startup,14602279,16.675,4,0,187603759.0,7.911,0.062,8
startup,14618938,16.659,4,0,187700363.0,7.911,0.062,7
startup,14635607,16.669,4,0,187794423.0,7.911,0.062,7
startup,14652272,16.665,4,0,187910779.0,7.911,0.062,8
startup,14668941,16.669,4,0,188012495.0,7.911,0.062,8
startup,14685601,16.66,4,0,188109935.0,7.911,0.062,8
startup,14702270,16.669,4,0,188167483.0,7.911,0.062,7
startup,14718932,16.662,4,0,188273223.0,7.911,0.062,8
startup,14735604,16.672,4,0,188391703.0,7.911,0.062,8
startup,14752268,16.664,4,0,188599779.0,7.911,0.062,8
startup,14768936,16.668,4,0,188716327.0,7.911,0.062,8
startup,14785607,16.671,4,0,188829783.0,7.911,0.062,8
startup,14802265,16.658,4,0,188894379.0,7.911,0.062,8
startup,14818931,16.666,4,0,189014507.0,7.911,0.062,8
startup,14835606,16.675,4,0,189112715.0,7.911,0.062,8
startup,14852264,16.658,4,0,189197671.0,7.911,0.062,8
startup,14868928,16.664,4,0,189232595.0,7.911,0.062,7
startup,14885598,16.67,4,0,189313679.0,7.911,0.062,7
startup,14902261,16.663,4,0,189444167.0,7.911,0.062,8
startup,14918934,16.673,4,0,189548431.0,7.911,0.062,8
startup,14935602,16.668,4,0,189554239.0,7.911,0.062,8
startup,14952273,16.671,4,0,189554827.0,7.911,0.062,8
startup,14968937,16.664,4,0,189555415.0,7.911,0.062,9
startup,14985602,16.665,4,0,189657043.0,7.911,0.062,8
startup,15002265,16.663,4,0,189767391.0,7.911,0.062,8
startup,15019100,16.835,4,0,189872251.0,7.241,0.089,8
startup,15035602,16.502,4,0,189872839.0,7.241,0.089,8
startup,15052266,16.664,4,0,189873535.0,7.241,0.089,7
startup,15068932,16.666,4,0,189874123.0,7.241,0.089,8
startup,15085592,16.66,4,0,190048499.0,7.241,0.089,8
startup,15102265,16.673,4,0,190093935.0,7.241,0.089,7
startup,15118954,16.689,4,0,190094523.0,7.241,0.089,8
startup,15135598,16.644,4,0,190095111.0,7.241,0.089,8
startup,15152262,16.664,4,0,190095699.0,7.241,0.089,7
startup,15168927,16.665,4,0,190262083.0,7.241,0.089,9
startup,15185592,16.665,4,0,190356651.0,7.241,0.089,8
startup,15202258,16.666,4,0,190357239.0,7.241,0.089,9
startup,15218924,16.666,4,0,190357827.0,7.241,0.089,8
startup,15235598,16.674,4,0,190358415.0,7.241,0.089,8
startup,15252245,16.647,4,0,190515535.0,7.241,0.089,8
startup,15268920,16.675,4,0,190621679.0,7.241,0.089,19
startup,15285587,16.667,4,0,190622271.0,7.241,0.089,8
startup,15302266,16.679,4,0,190622859.0,7.241,0.089,8
startup,15318922,16.656,4,0,190728771.0,7.241,0.089,8
startup,15335573,16.651,4,0,190813211.0,7.241,0.089,8
startup,15352255,16.682,4,0,190813799.0,7.241,0.089,7
startup,15368915,16.66,4,0,190814383.0,7.241,0.089,7
startup,15385594,16.679,4,0,190814971.0,7.241,0.089,8
startup,15402250,16.656,4,0,190815559.0,7.241,0.089,7
startup,15418915,16.665,4,0,190816147.0,7.241,0.089,8
startup,15435587,16.672,4,0,190816735.0,7.241,0.089,8
startup,15452249,16.662,4,0,190986767.0,7.241,0.089,7
startup,15468917,16.668,4,0,190987355.0,7.241,0.089,8
startup,15485583,16.666,4,0,190987943.0,7.241,0.089,7
startup,15502246,16.663,4,0,190988531.0,7.241,0.089,8
startup,15518907,16.661,4,0,191188691.0,7.241,0.089,8
startup,15535578,16.671,4,0,191189279.0,7.241,0.089,8
startup,15552244,16.666,4,0,191189867.0,7.241,0.089,8
startup,15568910,16.666,4,0,191190455.0,7.241,0.089,9
startup,15585577,16.667,4,0,191191043.0,7.241,0.089,8
startup,15602241,16.664,4,0,191191631.0,7.241,0.089,8
startup,15618912,16.671,4,0,191345135.0,7.241,0.089,8
startup,15635580,16.668,4,0,191345723.0,7.241,0.089,8
startup,15652233,16.653,4,0,191443283.0,7.241,0.089,7
startup,15668896,16.663,4,0,191496171.0,7.241,0.089,7
startup,15685572,16.676,4,0,191554107.0,7.241,0.089,8
startup,15702231,16.659,4,0,191598563.0,7.241,0.089,8
startup,15718906,16.675,4,0,191652635.0,7.241,0.089,8
startup,15735569,16.663,4,0,191655743.0,7.241,0.089,8
startup,15752241,16.672,4,0,191656331.0,7.241,0.089,7
startup,15768902,16.661,4,0,191656919.0,7.241,0.089,8
startup,15785560,16.658,4,0,191923343.0,7.241,0.089,8
startup,15802226,16.666,4,0,191905843.0,7.241,0.089,8
startup,15818893,16.667,4,0,191982903.0,7.241,0.089,8
startup,15835567,16.674,4,0,192037135.0,7.241,0.089,8
startup,15852224,16.657,4,0,192111907.0,7.241,0.089,8
startup,15868904,16.68,4,0,192163739.0,7.241,0.089,7
startup,15885563,16.659,4,0,192164327.0,7.241,0.089,8
startup,15902231,16.668,4,0,192164915.0,7.241,0.089,8
startup,15918892,16.661,4,0,192383023.0,7.241,0.089,7
startup,15935560,16.668,4,0,192275911.0,7.241,0.089,7
startup,15952231,16.671,4,0,192276499.0,7.241,0.089,8
startup,15968886,16.655,4,0,192419747.0,7.241,0.089,8
startup,15985560,16.674,4,0,192420335.0,7.241,0.089,8
startup,16002225,16.665,4,0,192420923.0,7.241,0.089,8
startup,16018900,16.675,4,0,192421511.0,3.929,0.068,8
startup,16035558,16.658,4,0,192422099.0,3.929,0.068,9
startup,16052225,16.667,4,0,192422687.0,3.929,0.068,7
startup,16068886,16.661,4,0,192567623.0,3.929,0.068,8
startup,16085560,16.674,4,0,192568211.0,3.929,0.068,8
startup,16102220,16.66,4,0,192568795.0,3.929,0.068,8
startup,16118886,16.666,4,0,192716035.0,3.929,0.068,7
startup,16135552,16.666,3,0,192839735.0,3.929,0.068,8
startup,16152218,16.666,4,0,193110275.0,3.929,0.068,8
startup,16168890,16.672,4,0,193344807.0,3.929,0.068,8
startup,16185554,16.664,4,0,193663815.0,3.929,0.068,7
startup,16202212,16.658,4,0,193990623.0,3.929,0.068,8
startup,16218876,16.664,4,0,194301003.0,3.929,0.068,8
startup,16235544,16.668,4,0,194579623.0,3.929,0.068,8
startup,16252205,16.661,4,0,194821635.0,3.929,0.068,8
startup,16268874,16.669,4,0,195131087.0,3.929,0.068,8
startup,16285544,16.67,4,0,195475075.0,3.929,0.068,8
startup,16302206,16.662,4,0,195757979.0,3.929,0.068,9
startup,16318878,16.672,4,0,197173363.0,3.929,0.068,8
startup,16335539,16.661,4,0,197350355.0,3.929,0.068,8
startup,16352201,16.662,4,0,197607783.0,3.929,0.068,7
startup,16368885,16.684,4,0,197838515.0,3.929,0.068,7
startup,16385540,16.655,4,0,198146499.0,3.929,0.068,8
startup,16402207,16.667,4,0,197645451.0,3.929,0.068,9
startup,16418866,16.659,4,0,197885959.0,3.929,0.068,8
startup,16435543,16.677,4,0,197945151.0,3.929,0.068,7
startup,16452200,16.657,4,0,198059347.0,3.929,0.068,7
startup,16468871,16.671,4,0,198139407.0,3.929,0.068,8
startup,16485531,16.66,4,0,198073443.0,3.929,0.068,9
startup,16502204,16.673,4,0,198160083.0,3.929,0.068,8
startup,16518865,16.661,4,0,198267707.0,3.929,0.068,7
startup,16535532,16.667,4,0,198329743.0,3.929,0.068,8
startup,16552195,16.663,4,0,198437435.0,3.929,0.068,7
startup,16568861,16.666,4,0,198517283.0,3.929,0.068,8
startup,16585531,16.67,4,0,198606527.0,3.929,0.068,8
startup,16602195,16.664,4,0,198704847.0,3.929,0.068,8
startup,16618866,16.671,4,0,198818087.0,3.929,0.068,8
startup,16635528,16.662,4,0,198880587.0,3.929,0.068,9
startup,16652198,16.67,4,0,199004655.0,3.929,0.068,7
startup,16668865,16.667,4,0,199077579.0,3.929,0.068,8
startup,16685553,16.688,4,0,199167243.0,3.929,0.068,8
startup,16702197,16.644,4,0,199287715.0,3.929,0.068,8
startup,16718858,16.661,4,0,199385647.0,3.929,0.068,8
startup,16735529,16.671,4,0,199451375.0,3.929,0.068,7
startup,16752204,16.675,4,0,199509531.0,3.929,0.068,7
startup,16768856,16.652,4,0,199641667.0,3.929,0.068,8
startup,16785525,16.669,4,0,199717055.0,3.929,0.068,8
startup,16802195,16.67,4,0,199807723.0,3.929,0.068,8
startup,16818910,16.715,4,0,199881215.0,3.929,0.068,8
startup,16835530,16.62,4,0,199974251.0,3.929,0.068,8
startup,16852193,16.663,4,0,200082423.0,3.929,0.068,8
startup,16868852,16.659,4,0,200150735.0,3.929,0.068,9
startup,16885523,16.671,4,0,200246711.0,3.929,0.068,8
startup,16902192,16.669,4,0,200314971.0,3.929,0.068,8
startup,16918864,16.672,4,0,200404907.0,3.929,0.068,8
startup,16935586,16.722,4,0,200547923.0,3.929,0.068,8
startup,16952181,16.595,1,0,200625067.0,3.929,0.068,8
startup,16968854,16.673,2,0,200982133.0,3.929,0.068,955
startup,16985590,16.736,5,0,201187105.0,3.929,0.068,8
startup,17002191,16.601,5,0,201504505.0,3.929,0.068,8
startup,17018845,16.654,5,0,201748141.0,7.784,0.118,7
startup,17035520,16.675,5,0,202044129.0,7.784,0.118,8
startup,17052180,16.66,5,0,202316017.0,7.784,0.118,8
startup,17068852,16.672,5,0,202519613.0,7.784,0.118,8
startup,17085508,16.656,5,0,202860061.0,7.784,0.118,8
startup,17102185,16.677,5,0,203105865.0,7.784,0.118,9
startup,17118844,16.659,5,0,203439261.0,7.784,0.118,8
startup,17135510,16.666,5,0,203667065.0,7.784,0.118,8
startup,17152203,16.693,5,0,203966393.0,7.784,0.118,7
startup,17168842,16.639,5,0,204330073.0,7.784,0.118,8
startup,17185507,16.665,5,0,204621005.0,7.784,0.118,8
startup,17202175,16.668,5,0,204084217.0,7.784,0.118,9
startup,17218841,16.666,5,0,204259069.0,7.784,0.118,9
startup,17235532,16.691,5,0,204322129.0,7.784,0.118,8
startup,17252172,16.64,5,0,204425597.0,7.784,0.118,8
startup,17268835,16.663,5,0,204484669.0,7.784,0.118,8
startup,17285504,16.669,5,0,204582713.0,7.784,0.118,8
startup,17302184,16.68,5,0,204638681.0,7.784,0.118,8
startup,17318837,16.653,5,0,204734685.0,7.784,0.118,9
startup,17335503,16.666,5,0,204800473.0,7.784,0.118,8
startup,17352167,16.664,5,0,204901261.0,7.784,0.118,8
startup,17368836,16.669,5,0,204964185.0,7.784,0.118,8
startup,17385497,16.661,5,0,205057841.0,7.784,0.118,8
startup,17402169,16.672,5,0,205123433.0,7.784,0.118,8
startup,17418827,16.658,5,0,205221605.0,7.784,0.118,8
startup,17435494,16.667,5,0,205287313.0,7.784,0.118,8
startup,17452160,16.666,5,0,205378825.0,7.784,0.118,8
startup,17468830,16.67,5,0,205441781.0,7.784,0.118,8
startup,17485495,16.665,5,0,205545945.0,7.784,0.118,8
startup,17503973,18.478,5,0,205610965.0,7.784,0.118,8
startup,17518827,14.854,5,0,205706729.0,7.784,0.118,8
startup,17535489,16.662,5,0,205770773.0,7.784,0.118,8
startup,17552156,16.667,5,0,205867849.0,7.784,0.118,8
startup,17568823,16.667,5,0,205944157.0,7.784,0.118,7
startup,17585486,16.663,5,0,206099281.0,7.784,0.118,7
startup,17602163,16.677,5,0,206156325.0,7.784,0.118,7
startup,17618823,16.66,5,0,206260589.0,7.784,0.118,18
startup,17635489,16.666,5,0,206322605.0,7.784,0.118,9
startup,17652152,16.663,5,0,206461705.0,7.784,0.118,8
startup,17668820,16.668,4,0,206563473.0,7.784,0.118,7
startup,17685484,16.664,4,0,206901513.0,7.784,0.118,9
startup,17702151,16.667,4,0,207233213.0,7.784,0.118,9
startup,17718818,16.667,4,0,207508637.0,7.784,0.118,8
startup,17735486,16.668,4,0,207810037.0,7.784,0.118,8
startup,17752153,16.667,4,0,208083469.0,7.784,0.118,8
startup,17768824,16.671,4,0,208398497.0,7.784,0.118,8
startup,17785483,16.659,4,0,208739429.0,7.784,0.118,8
startup,17802146,16.663,4,0,208995877.0,7.784,0.118,8
startup,17818817,16.671,4,0,209514857.0,7.784,0.118,9
startup,17835477,16.66,4,0,209738473.0,7.784,0.118,8
startup,17852144,16.667,4,0,210077893.0,7.784,0.118,8
startup,17868811,16.667,4,0,210348989.0,7.784,0.118,8
startup,17885480,16.669,4,0,210001269.0,7.784,0.118,8
startup,17902136,16.656,4,0,210065329.0,7.784,0.118,8
startup,17918809,16.673,4,0,210162885.0,7.784,0.118,8
startup,17935478,16.669,4,0,210224437.0,7.784,0.118,9
startup,17952147,16.669,4,0,210365269.0,7.784,0.118,8
startup,17968808,16.661,4,0,210484601.0,7.784,0.118,8
startup,17985472,16.664,4,0,210580925.0,7.784,0.118,7
startup,18002138,16.666,4,0,210644121.0,7.784,0.118,9
startup,18018804,16.666,4,0,210739449.0,9.533,0.065,7
startup,18035469,16.665,4,0,210833117.0,9.533,0.065,7
startup,18052135,16.666,4,0,210972441.0,9.533,0.065,8
startup,18068803,16.668,4,0,211029801.0,9.533,0.065,8
startup,18085469,16.666,4,0,211134229.0,9.533,0.065,7
startup,18102137,16.668,4,0,211190409.0,9.533,0.065,7
startup,18118799,16.662,4,0,211327933.0,9.533,0.065,7
startup,18135467,16.668,4,0,211460025.0,9.533,0.065,8
startup,18152131,16.664,4,0,211553221.0,9.533,0.065,8
startup,18168818,16.687,4,0,211607505.0,9.533,0.065,8
startup,18185465,16.647,4,0,211710489.0,9.533,0.065,8
startup,18202144,16.679,4,0,211807641.0,9.533,0.065,8
startup,18218794,16.65,4,0,211943033.0,9.533,0.065,9
startup,18235465,16.671,4,0,212038421.0,9.533,0.065,8
startup,18252132,16.667,4,0,212142549.0,9.533,0.065,8
startup,18268791,16.659,4,0,212199037.0,9.533,0.065,8
startup,18285470,16.679,4,0,212300957.0,9.533,0.065,7
startup,18302136,16.666,4,0,212360109.0,9.533,0.065,9
startup,18318800,16.664,4,0,212480777.0,9.533,0.065,7
startup,18335464,16.664,4,0,212544837.0,9.533,0.065,8
startup,18352124,16.66,4,0,212650453.0,9.533,0.065,8
startup,18368797,16.673,4,0,212707969.0,9.533,0.065,8
startup,18385459,16.662,2,0,212869105.0,9.533,0.065,8
startup,18402120,16.661,3,0,213288029.0,9.533,0.065,1127
startup,18418795,16.675,4,0,213546005.0,9.533,0.065,8
startup,18435451,16.656,3,0,213904297.0,9.533,0.065,9
startup,18452125,16.674,4,0,214400641.0,9.533,0.065,8
startup,18468785,16.66,1,0,214800693.0,9.533,0.065,8
startup,18485460,16.675,5,0,215158467.0,9.533,0.065,327
startup,18502118,16.658,6,0,215416663.0,9.533,0.065,9
startup,18518784,16.666,6,0,215711347.0,9.533,0.065,8
startup,18535452,16.668,6,0,216021475.0,9.533,0.065,9
startup,18552117,16.665,6,0,216294731.0,9.533,0.065,7
startup,18568781,16.664,6,0,216584171.0,9.533,0.065,8
startup,18585448,16.667,6,0,216875187.0,9.533,0.065,8
startup,18602122,16.674,6,0,217098431.0,9.533,0.065,8
startup,18618779,16.657,6,0,217059135.0,9.533,0.065,8
startup,18635448,16.669,6,0,217274991.0,9.533,0.065,8
startup,18652113,16.665,5,0,217462139.0,9.533,0.065,8
startup,18668777,16.664,5,0,217841291.0,9.533,0.065,8
startup,18685444,16.667,4,0,218108591.0,9.533,0.065,8
startup,18702108,16.664,4,0,218406227.0,9.533,0.065,8
startup,18718782,16.674,4,0,218546175.0,9.533,0.065,8
startup,18735441,16.659,4,0,218598503.0,9.533,0.065,8
startup,18752109,16.668,4,0,218703255.0,9.533,0.065,8
startup,18768775,16.666,4,0,218765815.0,9.533,0.065,17
startup,18785440,16.665,4,0,218894527.0,9.533,0.065,8
startup,18802124,16.684,4,0,218993615.0,9.533,0.065,27
startup,18818777,16.653,4,0,219105735.0,9.533,0.065,8
startup,18835457,16.68,4,0,219198531.0,9.533,0.065,8
startup,18852111,16.654,3,0,219311063.0,9.533,0.065,8
startup,18868778,16.667,3,0,219666239.0,9.533,0.065,8
startup,18885435,16.657,4,0,220040559.0,9.533,0.065,8
startup,18902107,16.672,3,0,220285923.0,9.533,0.065,8
startup,18918769,16.662,4,0,220443111.0,9.533,0.065,7
startup,18935438,16.669,4,0,220508511.0,9.533,0.065,8
startup,18952111,16.673,1,0,220613699.0,9.533,0.065,8
startup,18968770,16.659,2,0,221072945.0,9.533,0.065,952
startup,18985434,16.664,5,0,221173145.0,9.533,0.065,8
startup,19002100,16.666,4,0,221323485.0,9.533,0.065,8
startup,19018765,16.665,4,0,221606581.0,8.665,0.071,8
startup,19035451,16.686,4,0,221715029.0,8.665,0.071,8
startup,19052096,16.645,2,0,221856653.0,8.665,0.071,8
startup,19068766,16.67,3,0,222217881.0,8.665,0.071,1221
startup,19085446,16.68,4,0,222307541.0,8.665,0.071,8
startup,19102095,16.649,4,0,222408577.0,8.665,0.071,9
startup,19118762,16.667,4,0,222501021.0,8.665,0.071,8
startup,19135445,16.683,4,0,222664401.0,8.665,0.071,8
startup,19152098,16.653,4,0,222748577.0,8.665,0.071,8
startup,19168762,16.664,4,0,222822921.0,8.665,0.071,8
startup,19185466,16.704,4,0,222961421.0,8.665,0.071,8
startup,19202096,16.63,4,0,223042449.0,8.665,0.071,8
startup,19218757,16.661,4,0,223176953.0,8.665,0.071,8
startup,19235420,16.663,3,0,223295569.0,8.665,0.071,8
startup,19252091,16.671,4,0,223567477.0,8.665,0.071,8
startup,19268774,16.683,4,0,223888649.0,8.665,0.071,8
startup,19285418,16.644,1,0,224201249.0,8.665,0.071,9
startup,19302105,16.687,2,0,224372559.0,8.665,0.071,1426
startup,19318755,16.65,5,0,224862283.0,8.665,0.071,7
startup,19335417,16.662,4,0,224936251.0,8.665,0.071,9
startup,19352088,16.671,4,0,225303043.0,8.665,0.071,8
startup,19368763,16.675,4,0,225397835.0,8.665,0.071,9
startup,19385425,16.662,2,0,225512443.0,8.665,0.071,8
startup,19402088,16.663,3,0,225782427.0,8.665,0.071,896
startup,19418751,16.663,4,0,225899083.0,8.665,0.071,8
startup,19435417,16.666,4,0,226029415.0,8.665,0.071,8
startup,19452084,16.667,4,0,226145231.0,8.665,0.071,8
startup,19468750,16.666,4,0,226222579.0,8.665,0.071,8
startup,19485413,16.663,4,0,226330287.0,8.665,0.071,8
startup,19502074,16.661,4,0,226436587.0,8.665,0.071,8
startup,19518751,16.677,4,0,226499959.0,8.665,0.071,8
startup,19535409,16.658,4,0,226605327.0,8.665,0.071,8
startup,19552079,16.67,3,0,226706395.0,8.665,0.071,8
startup,19568742,16.663,3,0,226987755.0,8.665,0.071,8
startup,19585413,16.671,4,0,227459671.0,8.665,0.071,8
startup,19602077,16.664,1,0,227646787.0,8.665,0.071,8
startup,19618742,16.665,5,0,227896677.0,8.665,0.071,1719
startup,19635407,16.665,5,0,228091389.0,8.665,0.071,8
startup,19652071,16.664,5,0,228286205.0,8.665,0.071,7
startup,19668740,16.669,5,0,228386437.0,8.665,0.071,27
startup,19685407,16.667,5,0,228448277.0,8.665,0.071,7
startup,19702071,16.664,5,0,228585661.0,8.665,0.071,8
startup,19718734,16.663,5,0,228652305.0,8.665,0.071,8
startup,19735417,16.683,5,0,228745305.0,8.665,0.071,8
startup,19752071,16.654,5,0,228804513.0,8.665,0.071,8
startup,19768742,16.671,5,0,228893873.0,8.665,0.071,8
startup,19785400,16.658,5,0,229012353.0,8.665,0.071,29
startup,19802066,16.666,5,0,229105097.0,8.665,0.071,8
startup,19818735,16.669,5,0,229240221.0,8.665,0.071,7
startup,19835399,16.664,5,0,229260873.0,8.665,0.071,8
startup,19852066,16.667,5,0,229371337.0,8.665,0.071,8
startup,19868729,16.663,5,0,229463489.0,8.665,0.071,8
startup,19885399,16.67,5,0,229535605.0,8.665,0.071,7
startup,19902061,16.662,5,0,229636933.0,8.665,0.071,8
startup,19918725,16.664,5,0,229745153.0,8.665,0.071,8
startup,19935401,16.676,5,0,229802325.0,8.665,0.071,8
startup,19952060,16.659,5,0,229966749.0,8.665,0.071,8
startup,19968732,16.672,5,0,230031441.0,8.665,0.071,8
startup,19985401,16.669,5,0,230090693.0,8.665,0.071,8
startup,20002058,16.657,5,0,230233297.0,8.665,0.071,9
startup,20018744,16.686,5,0,230311881.0,9.62,0.073,8
startup,20035388,16.644,5,0,230430317.0,9.62,0.073,7
startup,20052058,16.67,5,0,230526157.0,9.62,0.073,7
startup,20068723,16.665,5,0,230581121.0,9.62,0.073,8
startup,20085428,16.705,5,0,230700513.0,9.62,0.073,8
startup,20102051,16.623,5,0,230773889.0,9.62,0.073,8
startup,20118729,16.678,5,0,230857181.0,9.62,0.073,7
startup,20135383,16.654,5,0,230964545.0,9.62,0.073,8
startup,20152056,16.673,5,0,231112313.0,9.62,0.073,8
startup,20168722,16.666,5,0,231235769.0,9.62,0.073,8
startup,20185386,16.664,5,0,231332033.0,9.62,0.073,8
startup,20202070,16.684,5,0,231399561.0,9.62,0.073,9
startup,20218719,16.649,5,0,231464957.0,9.62,0.073,8
startup,20235383,16.664,5,0,231571021.0,9.62,0.073,8
startup,20252047,16.664,5,0,231627677.0,9.62,0.073,8
startup,20268712,16.665,5,0,231724493.0,9.62,0.073,8
startup,20285380,16.668,5,0,231820001.0,9.62,0.073,7
startup,20302065,16.685,5,0,231882889.0,9.62,0.073,7
startup,20318711,16.646,5,0,231995717.0,9.62,0.073,8
startup,20335382,16.671,5,0,232051389.0,9.62,0.073,8
startup,20352043,16.661,5,0,232157949.0,9.62,0.073,7
startup,20368717,16.674,5,0,232214181.0,9.62,0.073,8
startup,20385381,16.664,5,0,232363577.0,9.62,0.073,9
startup,20402043,16.662,4,0,232457001.0,9.62,0.073,8
startup,20418715,16.672,4,0,232742149.0,9.62,0.073,7
startup,20435367,16.652,4,0,233178769.0,9.62,0.073,8
startup,20452041,16.674,3,0,233456149.0,9.62,0.073,8
startup,20468706,16.665,3,0,233784865.0,9.62,0.073,8
startup,20485379,16.673,4,0,234126533.0,9.62,0.073,8
startup,20502040,16.661,3,0,234460489.0,9.62,0.073,8
startup,20518705,16.665,4,0,234827061.0,9.62,0.073,8
startup,20535371,16.666,4,0,235137533.0,9.62,0.073,9
startup,20552040,16.669,1,0,235392793.0,9.62,0.073,8
startup,20568704,16.664,2,0,235811121.0,9.62,0.073,1622
startup,20585377,16.673,5,0,236042549.0,9.62,0.073,8
startup,20602042,16.665,5,0,236329829.0,9.62,0.073,8
startup,20618702,16.66,5,0,236652133.0,9.62,0.073,9
startup,20635370,16.668,5,0,236201249.0,9.62,0.073,9
startup,20652034,16.664,5,0,236427845.0,9.62,0.073,8
startup,20668698,16.664,5,0,236708405.0,9.62,0.073,8
startup,20685366,16.668,5,0,236878037.0,9.62,0.073,8
startup,20702031,16.665,5,0,236980069.0,9.62,0.073,8
startup,20718704,16.673,4,0,237131913.0,9.62,0.073,8
startup,20735367,16.663,4,0,237423557.0,9.62,0.073,9
startup,20752035,16.668,2,0,237483521.0,9.62,0.073,8
startup,20768703,16.668,3,0,237853393.0,9.62,0.073,812
startup,20785379,16.676,4,0,237941581.0,9.62,0.073,8
startup,20802035,16.656,4,0,238202213.0,9.62,0.073,8
startup,20818696,16.661,4,0,238237969.0,9.62,0.073,8
startup,20835364,16.668,4,0,238345913.0,9.62,0.073,8
startup,20852024,16.66,4,0,238438929.0,9.62,0.073,8
startup,20868692,16.668,4,0,238506621.0,9.62,0.073,8
startup,20885356,16.664,4,0,238623161.0,9.62,0.073,7
startup,20902021,16.665,4,0,238695049.0,9.62,0.073,7
startup,20918688,16.667,4,0,238807973.0,9.62,0.073,8
startup,20935356,16.668,4,0,238936553.0,9.62,0.073,8
startup,20952031,16.675,4,0,239013385.0,9.62,0.073,8
startup,20968693,16.662,4,0,239090409.0,9.62,0.073,9
startup,20985351,16.658,4,0,239237169.0,9.62,0.073,8
startup,21002024,16.673,3,0,239318837.0,9.62,0.073,8
startup,21018687,16.663,4,0,239668257.0,11.792,0.093,8
startup,21035354,16.667,4,0,239939905.0,11.792,0.093,8
startup,21052016,16.662,1,0,240349713.0,11.792,0.093,8
startup,21068682,16.666,2,0,240473757.0,11.792,0.093,549
startup,21085349,16.667,5,0,240705337.0,11.792,0.093,8
startup,21102015,16.666,5,0,240834973.0,11.792,0.093,8
startup,21118682,16.667,5,0,240972289.0,11.792,0.093,8
startup,21135352,16.67,5,0,241053109.0,11.792,0.093,8
startup,21152012,16.66,5,0,241209065.0,11.792,0.093,8
startup,21168688,16.676,5,0,241326305.0,11.792,0.093,8
startup,21185358,16.67,5,0,241431885.0,11.792,0.093,7
startup,21202053,16.695,5,0,241542405.0,11.792,0.093,9
startup,21218675,16.622,5,0,241692157.0,11.792,0.093,8
startup,21235344,16.669,4,0,241781121.0,11.792,0.093,7
startup,21252008,16.664,4,0,242181757.0,11.792,0.093,7
startup,21268673,16.665,2,0,242434937.0,11.792,0.093,8
startup,21285345,16.672,5,0,242881537.0,11.792,0.093,642
startup,21302025,16.68,5,0,242942449.0,11.792,0.093,8
startup,21318671,16.646,4,0,243154229.0,11.792,0.093,8
startup,21335338,16.667,4,0,243347217.0,11.792,0.093,8
startup,21352003,16.665,4,0,243457357.0,11.792,0.093,8
startup,21368671,16.668,4,0,243583337.0,11.792,0.093,7
startup,21385340,16.669,4,0,243690689.0,11.792,0.093,8
startup,21402010,16.67,4,0,243773693.0,11.792,0.093,8
startup,21418670,16.66,4,0,243925181.0,11.792,0.093,7
startup,21435340,16.67,4,0,244016921.0,11.792,0.093,8
startup,21452002,16.662,4,0,244119349.0,11.792,0.093,7
startup,21468671,16.669,4,0,244276193.0,11.792,0.093,7
startup,21485332,16.661,4,0,244357665.0,11.792,0.093,7
startup,21502001,16.669,4,0,244469301.0,11.792,0.093,8
startup,21518664,16.663,2,0,244643593.0,11.792,0.093,8
startup,21535329,16.665,3,0,245035029.0,11.792,0.093,1039
startup,21552000,16.671,4,0,245335629.0,11.792,0.093,8
startup,21568663,16.663,3,0,245649457.0,11.792,0.093,8
startup,21585331,16.668,4,0,245798949.0,11.792,0.093,8
startup,21601996,16.665,4,0,246060321.0,11.792,0.093,8
startup,21618660,16.664,1,0,246153349.0,11.792,0.093,7
startup,21635324,16.664,2,0,246510457.0,11.792,0.093,1313
startup,21651996,16.672,4,0,246651057.0,11.792,0.093,8
startup,21668662,16.666,4,0,246885065.0,11.792,0.093,7
startup,21685328,16.666,4,0,246995509.0,11.792,0.093,8
startup,21701993,16.665,4,0,247095457.0,11.792,0.093,7
startup,21718656,16.663,4,0,247162201.0,11.792,0.093,8
startup,21735323,16.667,4,0,247298517.0,11.792,0.093,8
startup,21751990,16.667,4,0,247363193.0,11.792,0.093,9
startup,21768655,16.665,4,0,247526261.0,11.792,0.093,8
startup,21785321,16.666,4,0,247612785.0,11.792,0.093,8
startup,21801991,16.67,4,0,247797669.0,11.792,0.093,8
startup,21818650,16.659,2,0,247886829.0,11.792,0.093,8
startup,21835315,16.665,3,0,248311559.0,11.792,0.093,506
startup,21851985,16.67,4,0,248658267.0,11.792,0.093,8
startup,21868653,16.668,3,0,248919443.0,11.792,0.093,20
startup,21885317,16.664,4,0,249060915.0,11.792,0.093,8
startup,21901983,16.666,4,0,249215755.0,11.792,0.093,8
startup,21918651,16.668,1,0,249328527.0,11.792,0.093,7
startup,21935312,16.661,2,0,249723135.0,11.792,0.093,2018
startup,21951983,16.671,5,0,249784791.0,11.792,0.093,12
startup,21968646,16.663,5,0,249881935.0,11.792,0.093,9
startup,21985322,16.676,5,0,249943043.0,11.792,0.093,8
startup,22001982,16.66,5,0,250075155.0,11.792,0.093,8
startup,22018647,16.665,5,0,250143055.0,8.495,0.068,8
startup,22035312,16.665,5,0,250237267.0,8.495,0.068,9
startup,22051977,16.665,5,0,250300975.0,8.495,0.068,8
startup,22068643,16.666,5,0,250396875.0,8.495,0.068,8
startup,22085311,16.668,5,0,250506311.0,8.495,0.068,7
startup,22101979,16.668,5,0,250591623.0,8.495,0.068,8
startup,22118636,16.657,5,0,250656151.0,8.495,0.068,7
startup,22135307,16.671,5,0,250710035.0,8.495,0.068,9
startup,22151971,16.664,5,0,250808759.0,8.495,0.068,8
startup,22168648,16.677,5,0,250925967.0,8.495,0.068,8
startup,22185301,16.653,5,0,250998927.0,8.495,0.068,8
startup,22201975,16.674,5,0,251053155.0,8.495,0.068,8
startup,22218648,16.673,5,0,251053743.0,8.495,0.068,8
startup,22235307,16.659,5,0,251054331.0,8.495,0.068,8
startup,22251969,16.662,5,0,251183711.0,8.495,0.068,8
startup,22268640,16.671,5,0,251184299.0,8.495,0.068,8
startup,22285310,16.67,5,0,251184883.0,8.495,0.068,7
startup,22301973,16.663,5,0,251281947.0,8.495,0.068,8
startup,22318641,16.668,5,0,251346491.0,8.495,0.068,9
startup,22335295,16.654,5,0,251438007.0,8.495,0.068,7
startup,22351964,16.669,5,0,251500419.0,8.495,0.068,8
startup,22368630,16.666,5,0,251623339.0,8.495,0.068,8
startup,22385311,16.681,5,0,251629147.0,8.495,0.068,8
startup,22401959,16.648,5,0,251674359.0,8.495,0.068,7
startup,22418636,16.677,5,0,251723147.0,8.495,0.068,8
startup,22435306,16.67,5,0,251723731.0,8.495,0.068,8
startup,22451967,16.661,5,0,251724319.0,8.495,0.068,8
startup,22468636,16.669,5,0,251724907.0,8.495,0.068,8
startup,22485298,16.662,5,0,251725495.0,8.495,0.068,8
startup,22501966,16.668,5,0,251726083.0,8.495,0.068,8
startup,22518640,16.674,5,0,251726671.0,8.495,0.068,8
startup,22535294,16.654,5,0,251967431.0,8.495,0.068,8
startup,22551967,16.673,5,0,252018775.0,8.495,0.068,8
startup,22568635,16.668,5,0,252019363.0,8.495,0.068,8
startup,22585301,16.666,5,0,252019951.0,8.495,0.068,7
startup,22601965,16.664,5,0,252020539.0,8.495,0.068,8
startup,22618630,16.665,5,0,252163795.0,8.495,0.068,8
startup,22635296,16.666,5,0,252237339.0,8.495,0.068,8
startup,22651957,16.661,5,0,252331791.0,8.495,0.068,8
startup,22668626,16.669,5,0,252397179.0,8.495,0.068,12
startup,22685286,16.66,5,0,252500599.0,8.495,0.068,8
startup,22701971,16.685,5,0,252533387.0,8.495,0.068,8
startup,22718626,16.655,5,0,252533975.0,8.495,0.068,8
startup,22735296,16.67,5,0,252534559.0,8.495,0.068,8
startup,22751957,16.661,5,0,252535147.0,8.495,0.068,8
startup,22768632,16.675,5,0,252535735.0,8.495,0.068,9
startup,22785972,17.34,5,0,252536319.0,8.495,0.068,8
startup,22801949,15.977,5,0,252772371.0,8.495,0.068,9
startup,22818623,16.674,5,0,252797891.0,8.495,0.068,8
startup,22835283,16.66,5,0,252851851.0,8.495,0.068,9
startup,22851949,16.666,5,0,252912579.0,8.495,0.068,8
startup,22868620,16.671,5,0,252968007.0,8.495,0.068,8
startup,22885279,16.659,5,0,253067239.0,8.495,0.068,8
startup,22901951,16.672,5,0,253148515.0,8.495,0.068,8
startup,22918611,16.66,5,0,253224291.0,8.495,0.068,8
startup,22935275,16.664,5,0,253277559.0,8.495,0.068,8
startup,22951945,16.67,5,0,253333067.0,8.495,0.068,7
startup,22968611,16.666,5,0,253391735.0,8.495,0.068,8
startup,22985272,16.661,5,0,253489791.0,8.495,0.068,9
startup,23001942,16.67,5,0,253556143.0,8.495,0.068,9
startup,23018613,16.671,5,0,253644483.0,4.58,0.069,8
startup,23035277,16.664,5,0,253714515.0,4.58,0.069,8
startup,23051951,16.674,5,0,253783991.0,4.58,0.069,8
startup,23068611,16.66,5,0,253838403.0,4.58,0.069,8
startup,23085269,16.658,5,0,253936915.0,4.58,0.069,8
startup,23101944,16.675,5,0,254024939.0,4.58,0.069,8
startup,23118619,16.675,5,0,254174635.0,4.58,0.069,8
startup,23135269,16.65,5,0,254221519.0,4.58,0.069,8
startup,23151938,16.669,4,0,254506191.0,4.58,0.069,7
startup,23168606,16.668,4,0,254896347.0,4.58,0.069,9
startup,23185274,16.668,2,0,255164911.0,4.58,0.069,15
startup,23201934,16.66,3,0,255547525.0,4.58,0.069,484
startup,23218603,16.669,4,0,255866173.0,4.58,0.069,8
startup,23235302,16.699,3,0,256156261.0,4.58,0.069,8
startup,23251934,16.632,4,0,256412505.0,4.58,0.069,8
startup,23268598,16.664,4,0,256742705.0,4.58,0.069,9
startup,23285266,16.668,4,0,256983309.0,4.58,0.069,8
startup,23301936,16.67,5,0,257415721.0,4.58,0.069,1993
startup,23318598,16.662,5,0,257721361.0,4.58,0.069,8
startup,23335306,16.708,5,0,257995389.0,4.58,0.069,8
startup,23351930,16.624,5,0,258295905.0,4.58,0.069,8
startup,23368589,16.659,5,0,257948377.0,4.58,0.069,9
startup,23385261,16.672,5,0,258255065.0,4.58,0.069,9
startup,23401924,16.663,5,0,258507365.0,4.58,0.069,9
startup,23418599,16.675,5,0,258656473.0,4.58,0.069,8
startup,23435265,16.666,5,0,258900205.0,4.58,0.069,8
startup,23451927,16.662,5,0,259015269.0,4.58,0.069,8
startup,23468606,16.679,5,0,259085737.0,4.58,0.069,8
startup,23485257,16.651,5,0,259178617.0,4.58,0.069,9
startup,23501924,16.667,5,0,259235601.0,4.58,0.069,11
startup,23518588,16.664,5,0,259360133.0,4.58,0.069,8
startup,23535251,16.663,5,0,259487981.0,4.58,0.069,8
startup,23551923,16.672,5,0,259582901.0,4.58,0.069,8
startup,23568585,16.662,5,0,259681917.0,4.58,0.069,9
startup,23585261,16.676,5,0,259736101.0,4.58,0.069,8
startup,23601916,16.655,5,0,259838353.0,4.58,0.069,8
startup,23619254,17.338,5,0,259916389.0,4.58,0.069,8
startup,23635256,16.002,5,0,260047933.0,4.58,0.069,8
startup,23651924,16.668,5,0,260142609.0,4.58,0.069,8
startup,23668583,16.659,5,0,260273661.0,4.58,0.069,8
startup,23685251,16.668,5,0,260386517.0,4.58,0.069,8
startup,23701917,16.666,5,0,260479553.0,4.58,0.069,8
startup,23718592,16.675,5,0,260556893.0,4.58,0.069,8
startup,23735245,16.653,5,0,260694929.0,4.58,0.069,8
startup,23751911,16.666,5,0,260765857.0,4.58,0.069,8
startup,23768578,16.667,5,0,260865521.0,4.58,0.069,8
startup,23785244,16.666,5,0,260930277.0,4.58,0.069,9
startup,23801918,16.674,5,0,260991969.0,4.58,0.069,8
startup,23818572,16.654,5,0,261161817.0,4.58,0.069,8
startup,23835239,16.667,5,0,261249985.0,4.58,0.069,9
startup,23851915,16.676,5,0,261302921.0,4.58,0.069,9
startup,23868573,16.658,5,0,261401313.0,4.58,0.069,8
startup,23885440,16.867,5,0,261456097.0,4.58,0.069,8
startup,23901902,16.462,5,0,261555101.0,4.58,0.069,8
startup,23918577,16.675,5,0,261614033.0,4.58,0.069,7
startup,23935238,16.661,5,0,261716785.0,4.58,0.069,8
startup,23951896,16.658,5,0,261778753.0,4.58,0.069,8
startup,23968573,16.677,5,0,261901372.0,4.58,0.069,7
startup,23985243,16.67,5,0,261929285.0,4.58,0.069,8
startup,24001909,16.666,5,0,262050993.0,4.58,0.069,8
startup,24018566,16.657,5,0,262091457.0,9.532,0.07,7
startup,24035242,16.676,5,0,262152077.0,9.532,0.07,8
startup,24051903,16.661,5,0,262250437.0,9.532,0.07,8
startup,24068570,16.667,5,0,262305757.0,9.532,0.07,8
startup,24085239,16.669,4,0,262440057.0,9.532,0.07,8
startup,24101899,16.66,4,0,262826581.0,9.532,0.07,9
startup,24118573,16.674,4,0,263042425.0,9.532,0.07,7
startup,24135229,16.656,3,0,263344461.0,9.532,0.07,8
startup,24151896,16.667,4,0,263692985.0,9.532,0.07,8
startup,24168583,16.687,4,0,263951681.0,9.532,0.07,9
startup,24185235,16.652,4,0,264232725.0,9.532,0.07,8
startup,24201891,16.656,4,0,264526425.0,9.532,0.07,9
startup,24218566,16.675,4,0,264888197.0,9.532,0.07,8
startup,24235230,16.664,4,0,265392277.0,9.532,0.07,9
startup,24251913,16.683,4,0,265645457.0,9.532,0.07,8
startup,24268561,16.648,4,0,265981853.0,9.532,0.07,9
startup,24285225,16.664,4,0,266238601.0,9.532,0.07,8
startup,24301906,16.681,4,0,266472225.0,9.532,0.07,9
startup,24318552,16.646,4,0,266127553.0,9.532,0.07,8
startup,24335227,16.675,4,0,266329189.0,9.532,0.07,8
startup,24352103,16.876,4,0,266470529.0,9.532,0.07,9
streaming_baseline,24371966,19.863,3,0,266269801.0,9.532,0.07,7
streaming_baseline,24385354,13.388,4,0,266575549.0,9.532,0.07,8
streaming_baseline,24402025,16.671,4,0,266879957.0,9.532,0.07,8
streaming_baseline,24418704,16.679,1,0,266943713.0,9.532,0.07,7
streaming_baseline,24435484,16.78,2,0,267365457.0,9.532,0.07,2202
streaming_baseline,24452019,16.535,3,0,267472193.0,9.532,0.07,13
streaming_baseline,24468702,16.683,2,0,267573477.0,9.532,0.07,13
streaming_baseline,24485357,16.655,2,0,268085497.0,9.532,0.07,12
streaming_baseline,24502067,16.71,4,0,268547725.0,9.532,0.07,13
streaming_baseline,24518683,16.616,4,0,268691493.0,9.532,0.07,14
streaming_baseline,24535345,16.662,4,0,268793369.0,9.532,0.07,15
streaming_baseline,24552012,16.667,4,0,268862193.0,9.532,0.07,13
streaming_baseline,24568702,16.69,4,0,268992605.0,9.532,0.07,12
streaming_baseline,24585366,16.664,4,0,269057389.0,9.532,0.07,12
streaming_baseline,24602009,16.643,4,0,269191177.0,9.532,0.07,13
streaming_baseline,24619811,17.802,4,0,269254013.0,9.532,0.07,12
streaming_baseline,24635348,15.537,1,0,269361497.0,9.532,0.07,12
streaming_baseline,24652022,16.674,2,0,269651695.0,9.532,0.07,922
streaming_baseline,24669662,17.64,3,0,269887579.0,9.532,0.07,12
streaming_baseline,24685339,15.677,2,0,270260335.0,9.532,0.07,12
streaming_baseline,24702022,16.683,2,0,270449891.0,9.532,0.07,15
streaming_baseline,24720566,18.544,0,0,270562843.0,9.532,0.07,75
streaming_baseline,24736845,16.279,4,0,270961801.0,9.532,0.07,1746
streaming_baseline,24751994,15.149,5,0,271058005.0,9.532,0.07,7
streaming_baseline,24769397,17.403,4,0,271139901.0,9.532,0.07,8
streaming_baseline,24785351,15.954,4,0,271293929.0,9.532,0.07,8
streaming_baseline,24801999,16.648,4,0,271413437.0,9.532,0.07,8
streaming_baseline,24819277,17.278,4,0,271508237.0,9.532,0.07,8
streaming_baseline,24835334,16.057,4,0,271594177.0,9.532,0.07,8
streaming_baseline,24852007,16.673,4,0,271679137.0,9.532,0.07,8
streaming_baseline,24869158,17.151,4,0,271679721.0,9.532,0.07,8
streaming_baseline,24885340,16.182,4,0,271791269.0,9.532,0.07,8
streaming_baseline,24902043,16.703,4,0,271843649.0,9.532,0.07,8
streaming_baseline,24919003,16.96,4,0,271960541.0,9.532,0.07,8
streaming_baseline,24935344,16.341,4,0,272021021.0,9.532,0.07,7
streaming_baseline,24952003,16.659,4,0,272119885.0,9.532,0.07,8
streaming_baseline,24968865,16.862,4,0,272190677.0,9.532,0.07,7
streaming_baseline,24985346,16.481,4,0,272253237.0,9.532,0.07,8
streaming_baseline,25002003,16.657,4,0,272366145.0,9.532,0.07,9
streaming_baseline,25018737,16.734,4,0,272278985.0,19.579,0.271,7
streaming_baseline,25035339,16.602,4,0,272372053.0,19.579,0.271,8
streaming_baseline,25051980,16.641,4,0,272438493.0,19.579,0.271,8
streaming_baseline,25068684,16.704,4,0,272497409.0,19.579,0.271,7
streaming_baseline,25085344,16.66,4,0,272609801.0,19.579,0.271,7
streaming_baseline,25101988,16.644,4,0,272675005.0,19.579,0.271,7
streaming_baseline,25118664,16.676,4,0,272770473.0,19.579,0.271,8
streaming_baseline,25135337,16.673,4,0,272830997.0,19.579,0.271,7
streaming_baseline,25151990,16.653,4,0,272960077.0,19.579,0.271,8
streaming_baseline,25168649,16.659,4,0,273058745.0,19.579,0.271,8
streaming_baseline,25185321,16.672,4,0,273120573.0,19.579,0.271,8
streaming_baseline,25201986,16.665,4,0,273358209.0,19.579,0.271,7
streaming_baseline,25218669,16.683,4,0,273453469.0,19.579,0.271,8
streaming_baseline,25235314,16.645,4,0,273601713.0,19.579,0.271,8
streaming_baseline,25251990,16.676,4,0,273673553.0,19.579,0.271,7
streaming_baseline,25270057,18.067,4,0,273812797.0,19.579,0.271,7
streaming_baseline,25285330,15.273,4,0,273878385.0,19.579,0.271,9
streaming_baseline,25302025,16.695,4,0,273976341.0,19.579,0.271,8
streaming_baseline,25318629,16.604,4,0,274090077.0,19.579,0.271,8
streaming_baseline,25335327,16.698,4,0,274150665.0,19.579,0.271,8
streaming_baseline,25351981,16.654,4,0,274316621.0,19.579,0.271,8
streaming_baseline,25368654,16.673,4,0,274375965.0,19.579,0.271,8
streaming_baseline,25385319,16.665,4,0,274471709.0,19.579,0.271,8
streaming_baseline,25401968,16.649,4,0,274578257.0,19.579,0.271,7
streaming_baseline,25418641,16.673,4,0,274707045.0,19.579,0.271,8
streaming_baseline,25435314,16.673,4,0,274829461.0,19.579,0.271,8
streaming_baseline,25452002,16.688,4,0,274923649.0,19.579,0.271,8
streaming_baseline,25468649,16.647,4,0,274986341.0,19.579,0.271,7
streaming_baseline,25487287,18.638,4,0,275128413.0,19.579,0.271,8
streaming_baseline,25501972,14.685,4,0,275184129.0,19.579,0.271,7
streaming_baseline,25518650,16.678,4,0,275409049.0,19.579,0.271,8
streaming_baseline,25537317,18.667,4,0,275419549.0,19.579,0.271,7
streaming_baseline,25551992,14.675,4,0,275470597.0,19.579,0.271,7
streaming_baseline,25568633,16.641,3,0,275572549.0,19.579,0.271,8
streaming_baseline,25586993,18.36,3,0,275909833.0,19.579,0.271,8
streaming_baseline,25601996,15.003,3,0,276065593.0,19.579,0.271,7
streaming_baseline,25618640,16.644,3,0,276620593.0,19.579,0.271,8
streaming_baseline,25635320,16.68,3,0,276747645.0,19.579,0.271,8
streaming_baseline,25651981,16.661,3,0,276995621.0,19.579,0.271,7
streaming_baseline,25668629,16.648,3,0,277388213.0,19.579,0.271,8
streaming_baseline,25685311,16.682,3,0,277810649.0,19.579,0.271,7
streaming_baseline,25701977,16.666,3,0,278178369.0,19.579,0.271,8
streaming_baseline,25718632,16.655,0,0,278551809.0,19.579,0.271,8
streaming_baseline,25735293,16.661,1,0,278914197.0,19.579,0.271,1867
streaming_baseline,25751959,16.666,2,0,279205141.0,19.579,0.271,7
streaming_baseline,25768627,16.668,2,0,279533541.0,19.579,0.271,8
streaming_baseline,25785309,16.682,4,0,279776837.0,19.579,0.271,8
streaming_baseline,25801954,16.645,4,0,279397961.0,19.579,0.271,8
streaming_baseline,25818622,16.668,4,0,279672725.0,19.579,0.271,7
streaming_baseline,25835301,16.679,4,0,279932973.0,19.579,0.271,7
streaming_baseline,25851946,16.645,4,0,279984009.0,19.579,0.271,7
streaming_baseline,25868618,16.672,4,0,280094517.0,19.579,0.271,7
streaming_baseline,25885288,16.67,4,0,280190521.0,19.579,0.271,8
streaming_baseline,25901962,16.674,1,0,280299929.0,19.579,0.271,8
streaming_baseline,25918642,16.68,2,0,280807823.0,19.579,0.271,700
streaming_baseline,25935301,16.659,3,0,281066839.0,19.579,0.271,7
streaming_baseline,25951959,16.658,2,0,281340599.0,19.579,0.271,7
streaming_baseline,25968612,16.653,2,0,281496503.0,19.579,0.271,7
streaming_baseline,25985283,16.671,2,0,281627171.0,19.579,0.271,7
streaming_baseline,26001963,16.68,0,0,281774415.0,19.579,0.271,8
streaming_baseline,26018604,16.641,4,0,282109149.0,9.355,2.2,855
streaming_baseline,26035296,16.692,5,0,282270589.0,9.355,2.2,8
streaming_baseline,26051936,16.64,5,0,282337425.0,9.355,2.2,8
streaming_baseline,26068613,16.677,5,0,282443621.0,9.355,2.2,8
streaming_baseline,26085276,16.663,5,0,282511445.0,9.355,2.2,7
streaming_baseline,26101941,16.665,5,0,282654157.0,9.355,2.2,8
streaming_baseline,26118615,16.674,5,0,282718349.0,9.355,2.2,8
streaming_baseline,26135273,16.658,5,0,282854685.0,9.355,2.2,8
streaming_baseline,26151948,16.675,5,0,282912749.0,9.355,2.2,7
streaming_baseline,26168612,16.664,5,0,283025425.0,9.355,2.2,8
streaming_baseline,26185273,16.661,4,0,283149861.0,9.355,2.2,8
streaming_baseline,26201954,16.681,4,0,283465325.0,9.355,2.2,7
streaming_baseline,26218604,16.65,4,0,283805001.0,9.355,2.2,7
streaming_baseline,26235285,16.681,3,0,283986213.0,9.355,2.2,7
streaming_baseline,26251953,16.668,4,0,284462641.0,9.355,2.2,8
streaming_baseline,26268594,16.641,4,0,284617037.0,9.355,2.2,7
streaming_baseline,26285314,16.72,4,0,284757249.0,9.355,2.2,7
streaming_baseline,26301945,16.631,4,0,284844201.0,9.355,2.2,8
streaming_baseline,26318640,16.695,4,0,284846521.0,9.355,2.2,7
streaming_baseline,26335285,16.645,4,0,285045461.0,9.355,2.2,8
streaming_baseline,26351968,16.683,4,0,285161889.0,9.355,2.2,8
streaming_baseline,26368592,16.624,4,0,285295393.0,9.355,2.2,8
streaming_baseline,26385433,16.841,4,0,285407405.0,9.355,2.2,8
streaming_baseline,26401943,16.51,4,0,285485185.0,9.355,2.2,7
streaming_baseline,26418606,16.663,4,0,285559005.0,9.355,2.2,8
streaming_baseline,26435278,16.672,4,0,285741553.0,9.355,2.2,8
streaming_baseline,26451949,16.671,4,0,285802249.0,9.355,2.2,8
streaming_baseline,26468596,16.647,4,0,285889249.0,9.355,2.2,7
streaming_baseline,26485258,16.662,3,0,286031193.0,9.355,2.2,7
streaming_baseline,26501922,16.664,3,0,286236297.0,9.355,2.2,8
streaming_baseline,26518592,16.67,3,0,286499209.0,9.355,2.2,7
streaming_baseline,26535250,16.658,3,0,286837177.0,9.355,2.2,7
streaming_baseline,26551958,16.708,3,0,286900233.0,9.355,2.2,7
streaming_baseline,26568589,16.631,3,0,287005701.0,9.355,2.2,8
streaming_baseline,26585256,16.667,3,0,287102357.0,9.355,2.2,7
streaming_baseline,26601911,16.655,4,0,287174513.0,9.355,2.2,7
streaming_baseline,26618588,16.677,4,0,287278381.0,9.355,2.2,8
streaming_baseline,26635280,16.692,4,0,287339361.0,9.355,2.2,8
streaming_baseline,26651923,16.643,1,0,287469065.0,9.355,2.2,8
streaming_baseline,26668828,16.905,2,0,287905645.0,9.355,2.2,1674
streaming_baseline,26685247,16.419,2,0,288189217.0,9.355,2.2,10
streaming_baseline,26701912,16.665,2,0,288481301.0,9.355,2.2,7
streaming_baseline,26718601,16.689,4,0,288601425.0,9.355,2.2,7
streaming_baseline,26735265,16.664,1,0,288759357.0,9.355,2.2,7
streaming_baseline,26751964,16.699,2,0,289134817.0,9.355,2.2,824
streaming_baseline,26768601,16.637,3,0,289182705.0,9.355,2.2,8
streaming_baseline,26785267,16.666,3,0,289329329.0,9.355,2.2,7
streaming_baseline,26801924,16.657,3,0,289475637.0,9.355,2.2,8
streaming_baseline,26818592,16.668,3,0,289707281.0,9.355,2.2,8
streaming_baseline,26835277,16.685,4,0,289783409.0,9.355,2.2,7
streaming_baseline,26851922,16.645,4,0,289892841.0,9.355,2.2,7
streaming_baseline,26868585,16.663,4,0,290046901.0,9.355,2.2,8
streaming_baseline,26885256,16.671,4,0,290139249.0,9.355,2.2,8
streaming_baseline,26901926,16.67,4,0,290273485.0,9.355,2.2,9
streaming_baseline,26918582,16.656,3,0,290391417.0,9.355,2.2,8
streaming_baseline,26935276,16.694,3,0,290717493.0,9.355,2.2,8
streaming_baseline,26951906,16.63,4,0,291063669.0,9.355,2.2,8
streaming_baseline,26968588,16.682,1,0,291342941.0,9.355,2.2,7
streaming_baseline,26985422,16.834,2,0,291537547.0,9.355,2.2,1497
streaming_baseline,27003857,18.435,1,0,291816014.0,9.355,2.2,8
streaming_baseline,27018587,14.73,1,0,291974495.0,11.556,0.407,7
streaming_baseline,27035254,16.667,1,0,292115275.0,11.556,0.407,8
streaming_baseline,27053385,18.131,1,0,292179527.0,11.556,0.407,7
streaming_baseline,27068743,15.358,4,0,292451271.0,11.556,0.407,8
streaming_baseline,27085246,16.503,4,0,292522099.0,11.556,0.407,8
streaming_baseline,27101897,16.651,4,0,292635515.0,11.556,0.407,8
streaming_baseline,27118562,16.665,4,0,292723795.0,11.556,0.407,7
streaming_baseline,27135225,16.663,4,0,292827839.0,11.556,0.407,7
streaming_baseline,27151910,16.685,4,0,292899563.0,11.556,0.407,8
streaming_baseline,27168594,16.684,4,0,293033483.0,11.556,0.407,7
streaming_baseline,27185238,16.644,2,0,293104447.0,11.556,0.407,7
streaming_baseline,27201906,16.668,2,0,293733947.0,11.556,0.407,723
streaming_baseline,27218607,16.701,2,0,293961875.0,11.556,0.407,7
streaming_baseline,27235233,16.626,2,0,294242459.0,11.556,0.407,7
streaming_baseline,27251954,16.721,2,0,294202287.0,11.556,0.407,8
streaming_baseline,27268559,16.605,2,0,294309383.0,11.556,0.407,8
streaming_baseline,27285235,16.676,2,0,294412859.0,11.556,0.407,7
streaming_baseline,27301914,16.679,4,0,294479063.0,11.556,0.407,8
streaming_baseline,27318640,16.726,4,0,294537959.0,11.556,0.407,8
streaming_baseline,27335234,16.594,4,0,294644483.0,11.556,0.407,9
streaming_baseline,27351905,16.671,3,0,294713355.0,11.556,0.407,7
streaming_baseline,27368578,16.673,3,0,294992043.0,11.556,0.407,7
streaming_baseline,27385234,16.656,3,0,295261535.0,11.556,0.407,8
streaming_baseline,27401900,16.666,3,0,295583207.0,11.556,0.407,7
streaming_baseline,27418583,16.683,4,0,295620499.0,11.556,0.407,8
streaming_baseline,27435243,16.66,4,0,295703603.0,11.556,0.407,8
streaming_baseline,27451910,16.667,4,0,295733847.0,11.556,0.407,8
streaming_baseline,27468573,16.663,4,0,295734439.0,11.556,0.407,8
streaming_baseline,27485216,16.643,4,0,295967555.0,11.556,0.407,8
streaming_baseline,27501893,16.677,4,0,296040055.0,11.556,0.407,8
streaming_baseline,27518547,16.654,4,0,296164855.0,11.556,0.407,8
streaming_baseline,27535227,16.68,4,0,296169443.0,11.556,0.407,7
streaming_baseline,27551903,16.676,4,0,296170035.0,11.556,0.407,7
streaming_baseline,27568538,16.635,4,0,296421219.0,11.556,0.407,7
streaming_baseline,27585208,16.67,4,0,296505279.0,11.556,0.407,7
streaming_baseline,27601888,16.68,4,0,296569515.0,11.556,0.407,7
streaming_baseline,27618565,16.677,4,0,296633707.0,11.556,0.407,8
streaming_baseline,27635211,16.646,4,0,296802771.0,11.556,0.407,7
streaming_baseline,27651913,16.702,4,0,296884943.0,11.556,0.407,7
streaming_baseline,27668553,16.64,4,0,296981463.0,11.556,0.407,8
streaming_baseline,27685206,16.653,4,0,297129691.0,11.556,0.407,8
streaming_baseline,27701897,16.691,3,0,297231239.0,11.556,0.407,17
streaming_baseline,27718557,16.66,3,0,297538767.0,11.556,0.407,7
streaming_baseline,27735217,16.66,3,0,297793803.0,11.556,0.407,8
streaming_baseline,27751922,16.705,3,0,298107831.0,11.556,0.407,7
streaming_baseline,27768545,16.623,4,0,298370095.0,11.556,0.407,8
streaming_baseline,27785204,16.659,4,0,298327231.0,11.556,0.407,7
streaming_baseline,27801864,16.66,4,0,298453223.0,11.556,0.407,8
streaming_baseline,27818542,16.678,4,0,298524483.0,11.556,0.407,8
streaming_baseline,27835217,16.675,4,0,298637259.0,11.556,0.407,8
streaming_baseline,27851879,16.662,4,0,298712667.0,11.556,0.407,7
streaming_baseline,27868537,16.658,3,0,298858303.0,11.556,0.407,8
streaming_baseline,27885212,16.675,4,0,299174203.0,11.556,0.407,7
streaming_baseline,27901872,16.66,4,0,299587747.0,11.556,0.407,10
streaming_baseline,27918533,16.661,4,0,299840135.0,11.556,0.407,7
streaming_baseline,27935201,16.668,4,0,299857455.0,11.556,0.407,8
streaming_baseline,27951869,16.668,4,0,299928867.0,11.556,0.407,7
streaming_baseline,27968562,16.693,4,0,300019903.0,11.556,0.407,8
streaming_baseline,27985190,16.628,4,0,300084251.0,11.556,0.407,7
streaming_baseline,28001871,16.681,4,0,300179703.0,11.556,0.407,8
streaming_baseline,28018523,16.652,4,0,300246695.0,6.64,0.813,7
streaming_baseline,28035196,16.673,4,0,300362435.0,6.64,0.813,8
streaming_baseline,28051874,16.678,4,0,300468147.0,6.64,0.813,7
streaming_baseline,28068541,16.667,4,0,300528227.0,6.64,0.813,7
streaming_baseline,28085193,16.652,4,0,300627827.0,6.64,0.813,7
streaming_baseline,28101866,16.673,4,0,300684419.0,6.64,0.813,8
streaming_baseline,28118522,16.656,4,0,300786783.0,6.64,0.813,7
streaming_baseline,28135211,16.689,4,0,300849515.0,6.64,0.813,8
streaming_baseline,28151857,16.646,4,0,300945567.0,6.64,0.813,8
streaming_baseline,28168522,16.665,4,0,301009515.0,6.64,0.813,8
streaming_baseline,28185213,16.691,4,0,301100435.0,6.64,0.813,8
streaming_baseline,28201855,16.642,4,0,301164667.0,6.64,0.813,8
streaming_baseline,28218522,16.667,4,0,301259415.0,6.64,0.813,8
streaming_baseline,28235207,16.685,4,0,301323379.0,6.64,0.813,8
streaming_baseline,28251852,16.645,4,0,301418931.0,6.64,0.813,8
streaming_baseline,28268518,16.666,4,0,301474123.0,6.64,0.813,7
streaming_baseline,28285187,16.669,4,0,301573179.0,6.64,0.813,7
streaming_baseline,28301892,16.705,4,0,301667303.0,6.64,0.813,7
streaming_baseline,28318621,16.729,4,0,301728711.0,6.64,0.813,7
streaming_baseline,28335190,16.569,4,0,301786851.0,6.64,0.813,8
streaming_baseline,28351949,16.759,4,0,301880679.0,6.64,0.813,8
streaming_baseline,28368552,16.603,4,0,301937219.0,6.64,0.813,8
streaming_baseline,28385228,16.676,4,0,302031823.0,6.64,0.813,8
streaming_baseline,28401850,16.622,4,0,302087451.0,6.64,0.813,7
streaming_baseline,28418522,16.672,4,0,302181975.0,6.64,0.813,8
streaming_baseline,28435184,16.662,4,0,302238699.0,6.64,0.813,7
streaming_baseline,28451848,16.664,4,0,302335655.0,6.64,0.813,8
streaming_baseline,28468525,16.677,4,0,302393611.0,6.64,0.813,7
streaming_baseline,28485176,16.651,4,0,302492479.0,6.64,0.813,7
streaming_baseline,28501839,16.663,4,0,302582679.0,6.64,0.813,8
streaming_baseline,28518499,16.66,4,0,302649391.0,6.64,0.813,8
streaming_baseline,28535193,16.694,4,0,302745431.0,6.64,0.813,8
streaming_baseline,28551837,16.644,4,0,302804447.0,6.64,0.813,8
streaming_baseline,28568514,16.677,4,0,302899655.0,6.64,0.813,8
streaming_baseline,28585180,16.666,4,0,302983275.0,6.64,0.813,7
streaming_baseline,28601843,16.663,4,0,303319563.0,6.64,0.813,7
streaming_baseline,28618498,16.655,4,0,303593843.0,6.64,0.813,7
streaming_baseline,28635179,16.681,4,0,303947743.0,6.64,0.813,8
streaming_baseline,28651847,16.668,4,0,304183043.0,6.64,0.813,8
streaming_baseline,28668503,16.656,4,0,304446807.0,6.64,0.813,7
streaming_baseline,28685171,16.668,4,0,304782427.0,6.64,0.813,7
streaming_baseline,28701851,16.68,4,0,305031499.0,6.64,0.813,7
streaming_baseline,28718510,16.659,4,0,305406703.0,6.64,0.813,8
streaming_baseline,28735172,16.662,4,0,305652351.0,6.64,0.813,8
streaming_baseline,28751849,16.677,4,0,307006291.0,6.64,0.813,7
streaming_baseline,28768512,16.663,4,0,307364515.0,6.64,0.813,7
streaming_baseline,28785171,16.659,4,0,307635227.0,6.64,0.813,7
streaming_baseline,28801847,16.676,4,0,307248271.0,6.64,0.813,8
streaming_baseline,28818503,16.656,4,0,307493871.0,6.64,0.813,7
streaming_baseline,28835166,16.663,4,0,307584339.0,6.64,0.813,7
streaming_baseline,28851831,16.665,4,0,307681247.0,6.64,0.813,7
streaming_baseline,28868497,16.666,4,0,307831327.0,6.64,0.813,8
streaming_baseline,28885175,16.678,4,0,307918611.0,6.64,0.813,8
streaming_baseline,28901831,16.656,4,0,307979919.0,6.64,0.813,9
streaming_baseline,28918491,16.66,4,0,308095047.0,6.64,0.813,8
streaming_baseline,28935157,16.666,4,0,308166155.0,6.64,0.813,7
streaming_baseline,28951842,16.685,4,0,308226523.0,6.64,0.813,7
streaming_baseline,28968494,16.652,4,0,308342399.0,6.64,0.813,8
streaming_baseline,28985173,16.679,4,0,308402619.0,6.64,0.813,8
streaming_baseline,29001822,16.649,4,0,308509111.0,6.64,0.813,8
streaming_baseline,29018582,16.76,4,0,308579303.0,6.589,0.279,7
streaming_baseline,29035161,16.579,4,0,308638875.0,6.589,0.279,8
streaming_baseline,29051823,16.662,4,0,308745951.0,6.589,0.279,8
streaming_baseline,29068495,16.672,4,0,308812059.0,6.589,0.279,8
streaming_baseline,29085162,16.667,4,0,308917691.0,6.589,0.279,7
streaming_baseline,29101825,16.663,4,0,309006971.0,6.589,0.279,7
streaming_baseline,29118506,16.681,4,0,309132211.0,6.589,0.279,8
streaming_baseline,29135167,16.661,4,0,309249431.0,6.589,0.279,8
streaming_baseline,29151848,16.681,4,0,309310935.0,6.589,0.279,7
streaming_baseline,29168492,16.644,4,0,309418407.0,6.589,0.279,8
streaming_baseline,29185152,16.66,4,0,309511499.0,6.589,0.279,8
streaming_baseline,29201816,16.664,4,0,309600395.0,6.589,0.279,7
streaming_baseline,29218484,16.668,4,0,309696615.0,6.589,0.279,7
streaming_baseline,29235152,16.668,4,0,309789999.0,6.589,0.279,7
streaming_baseline,29251827,16.675,4,0,309938927.0,6.589,0.279,8
streaming_baseline,29268485,16.658,4,0,310027487.0,6.589,0.279,8
streaming_baseline,29285145,16.66,4,0,309945467.0,6.589,0.279,7
streaming_baseline,29301813,16.668,4,0,310048171.0,6.589,0.279,7
streaming_baseline,29318490,16.677,4,0,310109259.0,6.589,0.279,8
streaming_baseline,29335150,16.66,4,0,310270979.0,6.589,0.279,8
streaming_baseline,29351806,16.656,3,0,310341643.0,6.589,0.279,7
compact_history_control,29377962,26.156,4,0,310506647.0,6.589,0.279,7
compact_history_control,29386123,8.161,4,0,310682167.0,6.589,0.279,7
compact_history_control,29401821,15.698,4,0,311031879.0,6.589,0.279,8
compact_history_control,29418494,16.673,4,0,311228599.0,6.589,0.279,8
compact_history_control,29435173,16.679,4,0,311470695.0,6.589,0.279,8
compact_history_control,29451830,16.657,4,0,311770731.0,6.589,0.279,7
compact_history_control,29468475,16.645,4,0,312018675.0,6.589,0.279,8
compact_history_control,29485167,16.692,4,0,312298839.0,6.589,0.279,7
compact_history_control,29501805,16.638,4,0,312578391.0,6.589,0.279,6
compact_history_control,29518469,16.664,4,0,312796403.0,6.589,0.279,7
compact_history_control,29535137,16.668,4,0,313123251.0,6.589,0.279,7
compact_history_control,29551849,16.712,4,0,313236951.0,6.589,0.279,7
compact_history_control,29568466,16.617,4,0,313480475.0,6.589,0.279,7
compact_history_control,29585145,16.679,4,0,313783607.0,6.589,0.279,7
compact_history_control,29601809,16.664,4,0,314017167.0,6.589,0.279,8
compact_history_control,29618479,16.67,4,0,313464079.0,6.589,0.279,7
compact_history_control,29635133,16.654,4,0,313561239.0,6.589,0.279,7
compact_history_control,29651818,16.685,4,0,313619407.0,6.589,0.279,8
compact_history_control,29668463,16.645,4,0,313716567.0,6.589,0.279,9
compact_history_control,29685153,16.69,4,0,313771819.0,6.589,0.279,8
compact_history_control,29701843,16.69,4,0,313875407.0,6.589,0.279,10
compact_history_control,29718480,16.637,4,0,313966959.0,6.589,0.279,7
compact_history_control,29735133,16.653,4,0,314030903.0,6.589,0.279,7
compact_history_control,29751801,16.668,4,0,314125423.0,6.589,0.279,8
compact_history_control,29768469,16.668,4,0,314191111.0,6.589,0.279,7
compact_history_control,29785146,16.677,4,0,314245523.0,6.589,0.279,7
compact_history_control,29801795,16.649,4,0,314352907.0,6.589,0.279,8
compact_history_control,29818469,16.674,4,0,314480467.0,6.589,0.279,8
compact_history_control,29835284,16.815,4,0,314511063.0,6.589,0.279,7
compact_history_control,29851810,16.526,4,0,314567051.0,6.589,0.279,8
compact_history_control,29868459,16.649,4,0,314672047.0,6.589,0.279,7
compact_history_control,29885360,16.901,4,0,314807595.0,6.589,0.279,7
compact_history_control,29901799,16.439,4,0,314953207.0,6.589,0.279,8
compact_history_control,29918462,16.663,4,0,315146127.0,6.589,0.279,7
compact_history_control,29936409,17.947,4,0,315291827.0,6.589,0.279,7
compact_history_control,29951806,15.397,4,0,315428807.0,6.589,0.279,7
compact_history_control,29968461,16.655,4,0,315648703.0,6.589,0.279,9
compact_history_control,29986006,17.545,4,0,315833455.0,6.589,0.279,7
compact_history_control,30001794,15.788,4,0,315874063.0,6.589,0.279,8
compact_history_control,30018452,16.658,4,0,315922099.0,25.875,0.416,8
compact_history_control,30035111,16.659,2,0,315965995.0,25.875,0.416,9
compact_history_control,30051783,16.672,2,0,316226767.0,25.875,0.416,8
compact_history_control,30078901,27.118,1,0,317586817.0,25.875,0.416,19958
compact_history_control,30088099,9.198,1,2,318061069.0,25.875,0.416,473
compact_history_control,30101748,13.649,5,2,317813733.0,25.875,0.416,468
compact_history_control,30118466,16.718,7,2,318164081.0,25.875,0.416,470
compact_history_control,30135201,16.735,7,2,318489073.0,25.875,0.416,469
compact_history_control,30151747,16.546,7,2,318676945.0,25.875,0.416,473
compact_history_control,30168423,16.676,7,2,318917369.0,25.875,0.416,1298
compact_history_control,30185319,16.896,7,2,319204873.0,25.875,0.416,471
compact_history_control,30201739,16.42,7,2,319559649.0,25.875,0.416,473
compact_history_control,30218420,16.681,7,2,319837221.0,25.875,0.416,498
compact_history_control,30235086,16.666,7,2,319992473.0,25.875,0.416,485
compact_history_control,30251758,16.672,7,2,320060709.0,25.875,0.416,479
compact_history_control,30268992,17.234,7,2,320291857.0,25.875,0.416,2530
compact_history_control,30285070,16.078,7,2,320623949.0,25.875,0.416,469
compact_history_control,30301758,16.688,7,2,320985573.0,25.875,0.416,469
compact_history_control,30318426,16.668,7,2,321229197.0,25.875,0.416,540
compact_history_control,30335083,16.657,7,2,320679749.0,25.875,0.416,514
compact_history_control,30351751,16.668,7,2,320645429.0,25.875,0.416,6802
compact_history_control,30368420,16.669,7,2,320646033.0,25.875,0.416,8
compact_history_control,30386939,18.519,7,2,320908489.0,25.875,0.416,7
compact_history_control,30401742,14.803,7,2,320977673.0,25.875,0.416,7
compact_history_control,30418414,16.672,7,2,320978265.0,25.875,0.416,8
compact_history_control,30436794,18.38,7,2,321080845.0,25.875,0.416,8
compact_history_control,30451750,14.956,7,2,321081437.0,25.875,0.416,8
compact_history_control,30468407,16.657,7,2,321082029.0,25.875,0.416,8
compact_history_control,30485078,16.671,7,2,321082621.0,25.875,0.416,7
compact_history_control,30501740,16.662,7,2,321083213.0,25.875,0.416,9
compact_history_control,30518405,16.665,7,2,321083805.0,25.875,0.416,8
compact_history_control,30536517,18.112,7,2,321324917.0,25.875,0.416,8
compact_history_control,30551732,15.215,7,2,321402101.0,25.875,0.416,7
compact_history_control,30568394,16.662,5,2,321486881.0,25.875,0.416,7
compact_history_control,30585182,16.788,5,2,321821409.0,25.875,0.416,8
compact_history_control,30601722,16.54,3,2,321937973.0,25.875,0.416,7
compact_history_control,30618392,16.67,0,2,321987805.0,25.875,0.416,7
compact_history_control,30635102,16.71,0,2,322166261.0,25.875,0.416,8
compact_history_control,30651733,16.631,0,2,322303369.0,25.875,0.416,7
compact_history_control,30668385,16.652,0,2,322527153.0,25.875,0.416,8
compact_history_control,30685059,16.674,2,2,322501961.0,25.875,0.416,7
compact_history_control,30701780,16.721,0,2,322733949.0,25.875,0.416,8
compact_history_control,30718402,16.622,0,2,322920263.0,25.875,0.416,5210
compact_history_control,30735052,16.65,0,2,323146635.0,25.875,0.416,7
compact_history_control,30751718,16.666,2,2,323105763.0,25.875,0.416,7
compact_history_control,30768393,16.675,0,2,323605663.0,25.875,0.416,9
compact_history_control,30785078,16.685,0,2,323890513.0,25.875,0.416,436
compact_history_control,30801724,16.646,0,2,324114445.0,25.875,0.416,8
compact_history_control,30818424,16.7,4,2,324104937.0,25.875,0.416,8
compact_history_control,30835058,16.634,3,2,324537441.0,25.875,0.416,8
compact_history_control,30851721,16.663,2,2,325103733.0,25.875,0.416,8
compact_history_control,30868394,16.673,0,2,325253125.0,25.875,0.416,7
compact_history_control,30885052,16.658,4,2,325265997.0,25.875,0.416,8
compact_history_control,30901722,16.67,3,2,325717253.0,25.875,0.416,8
compact_history_control,30918388,16.666,2,2,326272357.0,25.875,0.416,8
compact_history_control,30935045,16.657,0,2,326358281.0,25.875,0.416,7
compact_history_control,30951715,16.67,4,2,326370829.0,25.875,0.416,8
compact_history_control,30968379,16.664,3,2,326835329.0,25.875,0.416,8
compact_history_control,30985070,16.691,2,2,327339209.0,25.875,0.416,7
compact_history_control,31001697,16.627,0,2,327567261.0,25.875,0.416,7
compact_history_control,31018383,16.686,4,2,327562521.0,26.828,0.269,7
compact_history_control,31035049,16.666,3,2,327995685.0,26.828,0.269,8
compact_history_control,31051714,16.665,3,2,328338417.0,26.828,0.269,7
compact_history_control,31068374,16.66,2,2,328410205.0,26.828,0.269,8
compact_history_control,31085071,16.697,4,2,328327181.0,26.828,0.269,7
compact_history_control,31101715,16.644,5,2,328753889.0,26.828,0.269,7
compact_history_control,31118381,16.666,1,2,329073265.0,26.828,0.269,7
compact_history_control,31135040,16.659,2,2,329457849.0,26.828,0.269,8
compact_history_control,31151709,16.669,1,2,329460813.0,26.828,0.269,8
compact_history_control,31168374,16.665,5,2,329393713.0,26.828,0.269,13
compact_history_control,31185041,16.667,6,2,329714585.0,26.828,0.269,8
compact_history_control,31201708,16.667,3,2,329982145.0,26.828,0.269,7
compact_history_control,31218403,16.695,4,2,330359941.0,26.828,0.269,7
compact_history_control,31235034,16.631,3,2,330365649.0,26.828,0.269,7
compact_history_control,31251707,16.673,3,2,330627365.0,26.828,0.269,9
compact_history_control,31268393,16.686,4,2,330504961.0,26.828,0.269,7
compact_history_control,31285047,16.654,3,2,330789073.0,26.828,0.269,7
compact_history_control,31301879,16.832,3,2,331107453.0,26.828,0.269,10
compact_history_control,31318950,17.071,0,2,331174745.0,26.828,0.269,9
compact_history_control,31335056,16.106,5,2,331113833.0,26.828,0.269,7
compact_history_control,31351708,16.652,7,2,331392993.0,26.828,0.269,8
compact_history_control,31368536,16.828,5,2,331690661.0,26.828,0.269,7
compact_history_control,31385055,16.519,5,2,332044813.0,26.828,0.269,8
compact_history_control,31401687,16.632,4,2,332154941.0,26.828,0.269,8
compact_history_control,31418972,17.285,4,2,332127773.0,26.828,0.269,7
compact_history_control,31435039,16.067,5,2,332386785.0,26.828,0.269,8
compact_history_control,31451698,16.659,5,2,332627605.0,26.828,0.269,8
compact_history_control,31468370,16.672,5,2,332919917.0,26.828,0.269,8
compact_history_control,31485027,16.657,5,2,333236557.0,26.828,0.269,7
compact_history_control,31501708,16.681,5,2,333408009.0,26.828,0.269,7
compact_history_control,31518355,16.647,5,2,333634833.0,26.828,0.269,7
compact_history_control,31535146,16.791,5,2,333935201.0,26.828,0.269,7
compact_history_control,31551689,16.543,5,2,334037457.0,26.828,0.269,7
compact_history_control,31568354,16.665,5,2,334188841.0,26.828,0.269,8
compact_history_control,31585025,16.671,3,2,334254341.0,26.828,0.269,7
compact_history_control,31601684,16.659,3,2,334500637.0,26.828,0.269,7
compact_history_control,31618427,16.743,2,2,334565009.0,26.828,0.269,8
compact_history_control,31635023,16.596,4,2,334489885.0,26.828,0.269,8
compact_history_control,31651708,16.685,5,2,334749329.0,26.828,0.269,8
compact_history_control,31668356,16.648,5,2,335036689.0,26.828,0.269,8
compact_history_control,31685032,16.676,5,2,335021845.0,26.828,0.269,7
compact_history_control,31701681,16.649,5,2,335124517.0,26.828,0.269,8
compact_history_control,31718353,16.672,5,2,335216033.0,26.828,0.269,7
compact_history_control,31735020,16.667,5,2,335278485.0,26.828,0.269,8
compact_history_control,31751679,16.659,5,2,335370145.0,26.828,0.269,8
compact_history_control,31768348,16.669,5,2,335429757.0,26.828,0.269,8
compact_history_control,31785018,16.67,5,2,335524729.0,26.828,0.269,8
compact_history_control,31801684,16.666,5,2,335586905.0,26.828,0.269,7
compact_history_control,31818345,16.661,5,2,335682617.0,26.828,0.269,8
compact_history_control,31835009,16.664,5,2,335741897.0,26.828,0.269,8
compact_history_control,31851678,16.669,5,2,335837485.0,26.828,0.269,8
compact_history_control,31868356,16.678,5,2,335895569.0,26.828,0.269,7
compact_history_control,31885014,16.658,5,2,335989233.0,26.828,0.269,7
compact_history_control,31901685,16.671,5,2,336049001.0,26.828,0.269,8
compact_history_control,31918625,16.94,5,2,336148913.0,26.828,0.269,8
compact_history_control,31935019,16.394,5,2,336201581.0,26.828,0.269,8
compact_history_control,31951678,16.659,5,2,336300369.0,26.828,0.269,8
compact_history_control,31968346,16.668,5,2,336395077.0,26.828,0.269,7
compact_history_control,31985011,16.665,5,2,336458677.0,26.828,0.269,7
compact_history_control,32001681,16.67,5,2,336684409.0,26.828,0.269,7
compact_history_control,32018359,16.678,5,2,336742657.0,12.365,0.286,8
compact_history_control,32035010,16.651,5,2,336838645.0,12.365,0.286,8
compact_history_control,32051673,16.663,5,2,336939665.0,12.365,0.286,7
compact_history_control,32068337,16.664,5,2,337040073.0,12.365,0.286,8
compact_history_control,32085031,16.694,5,2,337103913.0,12.365,0.286,8
compact_history_control,32101674,16.643,5,2,337197033.0,12.365,0.286,8
compact_history_control,32118396,16.722,5,2,337257505.0,12.365,0.286,8
compact_history_control,32135025,16.629,5,2,337350573.0,12.365,0.286,8
compact_history_control,32151672,16.647,5,2,337497813.0,12.365,0.286,8
compact_history_control,32168345,16.673,5,2,337621421.0,12.365,0.286,8
compact_history_control,32185008,16.663,5,2,337831921.0,12.365,0.286,7
compact_history_control,32202870,17.862,5,2,338017413.0,12.365,0.286,8
compact_history_control,32218338,15.468,5,2,338164793.0,12.365,0.286,7
compact_history_control,32235002,16.664,5,2,338305053.0,12.365,0.286,105
compact_history_control,32251680,16.678,5,2,338464217.0,12.365,0.286,8
compact_history_control,32268334,16.654,5,2,338512257.0,12.365,0.286,8
compact_history_control,32285005,16.671,5,2,338552869.0,12.365,0.286,8
compact_history_control,32301668,16.663,1,2,338629025.0,12.365,0.286,8
compact_history_control,32318338,16.67,3,2,338931769.0,12.365,0.286,7
compact_history_control,32335002,16.664,1,2,339041861.0,12.365,0.286,7
compact_history_control,32351668,16.666,5,2,338937809.0,12.365,0.286,8
compact_history_control,32370388,18.72,6,2,339213197.0,12.365,0.286,8
compact_history_control,32385217,14.829,6,2,339528833.0,12.365,0.286,7
compact_history_control,32401678,16.461,6,2,339848505.0,12.365,0.286,7
compact_history_control,32420296,18.618,6,2,340051445.0,12.365,0.286,6
compact_history_control,32435000,14.704,6,2,340389865.0,12.365,0.286,7
compact_history_control,32451677,16.677,6,2,340649057.0,12.365,0.286,8
compact_history_control,32470204,18.527,6,2,341038561.0,12.365,0.286,8
compact_history_control,32485002,14.798,6,2,341278037.0,12.365,0.286,7
compact_history_control,32501662,16.66,6,2,341545045.0,12.365,0.286,8
compact_history_control,32518317,16.655,3,2,341893929.0,12.365,0.286,8
compact_history_control,32534994,16.677,4,2,342039393.0,12.365,0.286,7
compact_history_control,32551656,16.662,3,2,342154525.0,12.365,0.286,8
compact_history_control,32568326,16.67,4,2,342134629.0,12.365,0.286,8
compact_history_control,32584988,16.662,5,2,342434673.0,12.365,0.286,7
compact_history_control,32601663,16.675,5,2,342013133.0,12.365,0.286,8
compact_history_control,32618325,16.662,5,2,342392621.0,12.365,0.286,7
compact_history_control,32634985,16.66,5,2,342566213.0,12.365,0.286,8
compact_history_control,32651666,16.681,5,2,342871117.0,12.365,0.286,8
compact_history_control,32668451,16.785,5,2,342957537.0,12.365,0.286,8
compact_history_control,32684985,16.534,5,2,343061249.0,12.365,0.286,7
compact_history_control,32701647,16.662,5,2,343177761.0,12.365,0.286,7
compact_history_control,32719609,17.962,5,2,343293641.0,12.365,0.286,7
compact_history_control,32734984,15.375,5,2,343384545.0,12.365,0.286,7
compact_history_control,32751668,16.684,3,2,343547173.0,12.365,0.286,8
compact_history_control,32769388,17.72,3,2,343750593.0,12.365,0.286,7
compact_history_control,32784992,15.604,0,2,343870889.0,12.365,0.286,8
compact_history_control,32801634,16.642,0,2,344082433.0,12.365,0.286,9
compact_history_control,32819388,17.754,5,2,343834401.0,12.365,0.286,7
compact_history_control,32834968,15.58,7,2,344179645.0,12.365,0.286,7
compact_history_control,32851636,16.668,7,2,344401321.0,12.365,0.286,7
compact_history_control,32868300,16.664,7,2,344445249.0,12.365,0.286,7
compact_history_control,32884974,16.674,7,2,344548285.0,12.365,0.286,7
compact_history_control,32901634,16.66,7,2,344616205.0,12.365,0.286,8
compact_history_control,32918411,16.777,7,2,344721053.0,12.365,0.286,8
compact_history_control,32934990,16.579,7,2,344785869.0,12.365,0.286,8
compact_history_control,32951632,16.642,7,2,344888225.0,12.365,0.286,8
compact_history_control,32968315,16.683,5,2,344950929.0,12.365,0.286,8
compact_history_control,32984975,16.66,5,2,345302553.0,12.365,0.286,7
compact_history_control,33001644,16.669,4,2,345362241.0,12.365,0.286,7
compact_history_control,33018304,16.66,4,2,345354713.0,12.738,2.207,7
compact_history_control,33035004,16.7,5,2,345596013.0,12.738,2.207,8
compact_history_control,33051644,16.64,5,2,345774165.0,12.738,2.207,7
compact_history_control,33068298,16.654,5,2,345880237.0,12.738,2.207,8
compact_history_control,33084976,16.678,5,2,345939205.0,12.738,2.207,7
compact_history_control,33101646,16.67,5,2,346074025.0,12.738,2.207,7
compact_history_control,33118436,16.79,5,2,346227189.0,12.738,2.207,7
compact_history_control,33134969,16.533,5,2,346285237.0,12.738,2.207,7
compact_history_control,33151630,16.661,5,2,346377269.0,12.738,2.207,8
compact_history_control,33168311,16.681,5,2,346438197.0,12.738,2.207,8
compact_history_control,33184964,16.653,5,2,346534925.0,12.738,2.207,8
compact_history_control,33201641,16.677,5,2,346626477.0,12.738,2.207,8
compact_history_control,33218297,16.656,5,2,346791169.0,12.738,2.207,8
compact_history_control,33234977,16.68,5,2,346845993.0,12.738,2.207,8
compact_history_control,33251634,16.657,5,2,346948913.0,12.738,2.207,8
compact_history_control,33268315,16.681,5,2,347038717.0,12.738,2.207,8
compact_history_control,33284967,16.652,5,2,347101717.0,12.738,2.207,8
compact_history_control,33301715,16.748,5,2,347290201.0,12.738,2.207,8
compact_history_control,33318302,16.587,5,2,347346945.0,12.738,2.207,8
compact_history_control,33334958,16.656,5,2,347448229.0,12.738,2.207,8
compact_history_control,33351630,16.672,5,2,347506929.0,12.738,2.207,7
compact_history_control,33368291,16.661,5,2,347605033.0,12.738,2.207,7
compact_history_control,33384959,16.668,5,2,347741393.0,12.738,2.207,8
compact_history_control,33401673,16.714,5,2,347849937.0,12.738,2.207,8
compact_history_control,33418281,16.608,5,2,347948301.0,12.738,2.207,8
compact_history_control,33434952,16.671,5,2,348008345.0,12.738,2.207,8
compact_history_control,33451620,16.668,5,2,348102633.0,12.738,2.207,8
compact_history_control,33468270,16.65,5,2,348162577.0,12.738,2.207,8
compact_history_control,33484964,16.694,5,2,348220009.0,12.738,2.207,7
compact_history_control,33501622,16.658,5,2,348407037.0,12.738,2.207,8
compact_history_control,33518288,16.666,5,2,348505689.0,12.738,2.207,7
compact_history_control,33534949,16.661,5,2,348566533.0,12.738,2.207,8
compact_history_control,33551620,16.671,5,2,348656749.0,12.738,2.207,8
compact_history_control,33568284,16.664,5,2,348716181.0,12.738,2.207,8
compact_history_control,33584957,16.673,5,2,348849085.0,12.738,2.207,8
compact_history_control,33601612,16.655,5,2,348983025.0,12.738,2.207,8
compact_history_control,33618288,16.676,5,2,349045549.0,12.738,2.207,7
compact_history_control,33634953,16.665,5,2,349141509.0,12.738,2.207,8
compact_history_control,33651615,16.662,5,2,349203253.0,12.738,2.207,8
compact_history_control,33668273,16.658,5,2,349300205.0,12.738,2.207,7
compact_history_control,33684951,16.678,5,2,349463225.0,12.738,2.207,8
compact_history_control,33701606,16.655,5,2,349525829.0,12.738,2.207,8
compact_history_control,33718276,16.67,5,2,349622741.0,12.738,2.207,8
compact_history_control,33734939,16.663,5,2,349685081.0,12.738,2.207,8
compact_history_control,33751622,16.683,5,2,349740993.0,12.738,2.207,8
compact_history_control,33768271,16.649,3,2,349842313.0,12.738,2.207,8
compact_history_control,33784933,16.662,3,2,350172909.0,12.738,2.207,7
compact_history_control,33801592,16.659,2,2,350219569.0,12.738,2.207,7
compact_history_control,33818274,16.682,4,2,350126137.0,12.738,2.207,8
compact_history_control,33834928,16.654,5,2,350373761.0,12.738,2.207,7
compact_history_control,33851608,16.68,5,2,350772757.0,12.738,2.207,8
compact_history_control,33868417,16.809,5,2,351023073.0,12.738,2.207,7
compact_history_control,33884962,16.545,5,2,351269481.0,12.738,2.207,8
compact_history_control,33901602,16.64,5,2,351649985.0,12.738,2.207,7
compact_history_control,33918275,16.673,5,2,351900669.0,12.738,2.207,8
compact_history_control,33934937,16.662,5,2,352277229.0,12.738,2.207,7
compact_history_control,33951607,16.67,5,2,352501045.0,12.738,2.207,7
compact_history_control,33968289,16.682,5,2,352750473.0,12.738,2.207,9
compact_history_control,33985142,16.853,5,2,353181405.0,12.738,2.207,6
compact_history_control,34001611,16.469,2,2,353407257.0,12.738,2.207,8
compact_history_control,34018263,16.652,3,2,353755025.0,9.786,0.176,6
compact_history_control,34034937,16.674,1,2,353814673.0,9.786,0.176,8
compact_history_control,34051604,16.667,5,2,353800177.0,9.786,0.176,7
compact_history_control,34068254,16.65,6,2,353342101.0,9.786,0.176,8
compact_history_control,34084942,16.688,6,2,353560501.0,9.786,0.176,8
compact_history_control,34101592,16.65,6,2,353823201.0,9.786,0.176,7
compact_history_control,34118253,16.661,6,2,354129773.0,9.786,0.176,7
compact_history_control,34134922,16.669,6,2,354221069.0,9.786,0.176,7
compact_history_control,34151587,16.665,6,2,354362909.0,9.786,0.176,8
compact_history_control,34168249,16.662,6,2,354420197.0,9.786,0.176,8
compact_history_control,34184933,16.684,6,2,354526481.0,9.786,0.176,7
compact_history_control,34201586,16.653,6,2,354586181.0,9.786,0.176,8
compact_history_control,34218248,16.662,6,2,354739961.0,9.786,0.176,8
compact_history_control,34234918,16.67,6,2,354918533.0,9.786,0.176,8
compact_history_control,34251583,16.665,6,2,354975749.0,9.786,0.176,7
compact_history_control,34268244,16.661,6,2,355079589.0,9.786,0.176,7
compact_history_control,34284927,16.683,6,2,355137229.0,9.786,0.176,8
compact_history_control,34301585,16.658,6,2,355262373.0,9.786,0.176,8
compact_history_control,34318261,16.676,6,2,355470233.0,9.786,0.176,7
compact_history_control,34334947,16.686,6,2,355541193.0,9.786,0.176,8
compact_history_control,34351574,16.627,6,2,355639109.0,9.786,0.176,8
compact_history_control,34368236,16.662,6,2,355701441.0,9.786,0.176,7
compact_history_control,34384911,16.675,6,2,355803437.0,9.786,0.176,7
compact_history_control,34401573,16.662,6,2,355896609.0,9.786,0.176,8
compact_history_control,34418270,16.697,6,2,356041749.0,9.786,0.176,8
compact_history_control,34434905,16.635,6,2,356187661.0,9.786,0.176,7
compact_history_control,34451576,16.671,6,2,356248009.0,9.786,0.176,7
compact_history_control,34468251,16.675,6,2,356305297.0,9.786,0.176,8
compact_history_control,34484906,16.655,6,2,356414401.0,9.786,0.176,7
compact_history_control,34501578,16.672,6,2,356471457.0,9.786,0.176,7
compact_history_control,34518253,16.675,6,2,356619349.0,9.786,0.176,7
compact_history_control,34534910,16.657,6,2,356776601.0,9.786,0.176,8
compact_history_control,34551569,16.659,6,2,356831765.0,9.786,0.176,8
compact_history_control,34568234,16.665,6,2,356934829.0,9.786,0.176,7
compact_history_control,34584919,16.685,6,2,357070229.0,9.786,0.176,8
compact_history_control,34601568,16.649,6,2,357113661.0,9.786,0.176,7
compact_history_control,34618235,16.667,6,2,357308309.0,9.786,0.176,8
compact_history_control,34634901,16.666,6,2,357360241.0,9.786,0.176,7
compact_history_control,34651568,16.667,6,2,357464381.0,9.786,0.176,7
compact_history_control,34668227,16.659,6,2,357560585.0,9.786,0.176,7
compact_history_control,34684894,16.667,6,2,357625557.0,9.786,0.176,7
compact_history_control,34701572,16.678,6,2,357760465.0,9.786,0.176,7
compact_history_control,34718232,16.66,6,2,357912421.0,9.786,0.176,7
compact_history_control,34734893,16.661,6,2,357974973.0,9.786,0.176,10
compact_history_control,34751561,16.668,6,2,358076137.0,9.786,0.176,7
compact_history_control,34768228,16.667,6,2,358136737.0,9.786,0.176,8
compact_history_control,34784947,16.719,6,2,358235389.0,9.786,0.176,7
compact_history_control,34801571,16.624,3,2,358305389.0,9.786,0.176,7
compact_history_control,34818247,16.676,4,2,358586189.0,9.786,0.176,8
compact_history_control,34834896,16.649,3,2,358655085.0,9.786,0.176,7
compact_history_control,34851564,16.668,3,2,359503113.0,9.786,0.176,9
compact_history_control,34868235,16.671,4,2,359273105.0,9.786,0.176,8
compact_history_control,34884907,16.672,5,2,359435581.0,9.786,0.176,8
compact_history_control,34901561,16.654,5,2,359779933.0,9.786,0.176,7
compact_history_control,34918237,16.676,5,2,360083141.0,9.786,0.176,7
compact_history_control,34934912,16.675,5,2,360312177.0,9.786,0.176,8
compact_history_control,34951568,16.656,5,2,360463017.0,9.786,0.176,7
compact_history_control,34968294,16.726,5,2,360700025.0,9.786,0.176,8
compact_history_control,34984900,16.606,5,2,360874033.0,9.786,0.176,8
compact_history_control,35001555,16.655,5,2,361188517.0,9.786,0.176,8
compact_history_control,35018238,16.683,5,2,361422445.0,10.0,0.18,7
compact_history_control,35034899,16.661,5,2,361579357.0,10.0,0.18,8
compact_history_control,35051563,16.664,5,2,361800105.0,10.0,0.18,8
compact_history_control,35068226,16.663,5,2,361976213.0,10.0,0.18,7
compact_history_control,35084893,16.667,5,2,361623921.0,10.0,0.18,7
compact_history_control,35101553,16.66,5,2,361730221.0,10.0,0.18,8
compact_history_control,35118227,16.674,5,2,361731929.0,10.0,0.18,8
compact_history_control,35134897,16.67,5,2,361732505.0,10.0,0.18,7
compact_history_control,35151546,16.649,5,2,361863237.0,10.0,0.18,8
compact_history_control,35168222,16.676,5,2,361926681.0,10.0,0.18,7
compact_history_control,35184885,16.663,5,2,361927261.0,10.0,0.18,8
compact_history_control,35201550,16.665,5,2,361927841.0,10.0,0.18,7
compact_history_control,35218217,16.667,5,2,361928421.0,10.0,0.18,7
compact_history_control,35234888,16.671,5,2,361929001.0,10.0,0.18,8
compact_history_control,35251557,16.669,5,2,361929581.0,10.0,0.18,7
compact_history_control,35268214,16.657,5,2,361930161.0,10.0,0.18,7
compact_history_control,35284876,16.662,5,2,362100185.0,10.0,0.18,8
compact_history_control,35301561,16.685,5,2,362100765.0,10.0,0.18,8
compact_history_control,35318218,16.657,5,2,362101345.0,10.0,0.18,8
compact_history_control,35334881,16.663,5,2,362101925.0,10.0,0.18,7
compact_history_control,35351549,16.668,5,2,362248189.0,10.0,0.18,7
compact_history_control,35368223,16.674,5,2,362298217.0,10.0,0.18,8
compact_history_control,35384886,16.663,5,2,362298797.0,10.0,0.18,8
compact_history_control,35401545,16.659,5,2,362299377.0,10.0,0.18,8
compact_history_control,35418207,16.662,5,2,362299957.0,10.0,0.18,8
compact_history_control,35434905,16.698,5,2,362300537.0,10.0,0.18,8
compact_history_control,35451544,16.639,5,2,362301117.0,10.0,0.18,7
compact_history_control,35468217,16.673,5,2,362454613.0,10.0,0.18,8
compact_history_control,35484881,16.664,5,2,362455193.0,10.0,0.18,8
compact_history_control,35501538,16.657,5,2,362455773.0,10.0,0.18,8
compact_history_control,35518206,16.668,5,2,362607273.0,10.0,0.18,7
compact_history_control,35534896,16.69,5,2,362669373.0,10.0,0.18,8
compact_history_control,35551526,16.63,5,2,362715721.0,10.0,0.18,7
compact_history_control,35568209,16.683,5,2,362799721.0,10.0,0.18,8
compact_history_control,35584872,16.663,5,2,362800301.0,10.0,0.18,8
compact_history_control,35601541,16.669,5,2,362800881.0,10.0,0.18,8
compact_history_control,35618200,16.659,5,2,362801461.0,10.0,0.18,8
compact_history_control,35634868,16.668,5,2,362911861.0,10.0,0.18,8
compact_history_control,35651537,16.669,5,2,362912441.0,10.0,0.18,8
compact_history_control,35668192,16.655,5,2,363007561.0,10.0,0.18,8
compact_history_control,35684873,16.681,5,2,363060261.0,10.0,0.18,7
compact_history_control,35701529,16.656,5,2,363060841.0,10.0,0.18,8
compact_history_control,35718198,16.669,5,2,363061421.0,10.0,0.18,8
compact_history_control,35734868,16.67,5,2,363061997.0,10.0,0.18,8
compact_history_control,35751534,16.666,5,2,363062577.0,10.0,0.18,7
compact_history_control,35768258,16.724,5,2,363063157.0,10.0,0.18,8
compact_history_control,35784866,16.608,5,2,363208085.0,10.0,0.18,9
compact_history_control,35801530,16.664,5,2,363208665.0,10.0,0.18,7
compact_history_control,35818205,16.675,5,2,363209245.0,10.0,0.18,7
compact_history_control,35834860,16.655,5,2,363209825.0,10.0,0.18,8
compact_history_control,35851518,16.658,5,2,363403289.0,10.0,0.18,8
compact_history_control,35868180,16.662,3,2,363493801.0,10.0,0.18,8
compact_history_control,35884857,16.677,3,2,363901297.0,10.0,0.18,7
compact_history_control,35901517,16.66,0,2,363885625.0,10.0,0.18,7
compact_history_control,35918188,16.671,5,2,363783401.0,10.0,0.18,7
compact_history_control,35934868,16.68,7,2,363993145.0,10.0,0.18,9
compact_history_control,35951512,16.644,7,2,364236065.0,10.0,0.18,7
compact_history_control,35968254,16.742,7,2,364483441.0,10.0,0.18,8
compact_history_control,35984846,16.592,7,2,364540869.0,10.0,0.18,11
compact_history_control,36001510,16.664,7,2,364647485.0,10.0,0.18,8
compact_history_control,36018179,16.669,7,2,364718469.0,10.838,0.22,7
compact_history_control,36034843,16.664,7,2,364826997.0,10.838,0.22,8
compact_history_control,36051510,16.667,7,2,364893093.0,10.838,0.22,7
compact_history_control,36068170,16.66,5,2,365002525.0,10.838,0.22,7
compact_history_control,36084856,16.686,5,2,365331241.0,10.838,0.22,7
compact_history_control,36101497,16.641,4,2,365420561.0,10.838,0.22,8
compact_history_control,36118174,16.677,4,2,365309097.0,10.838,0.22,7
compact_history_control,36134843,16.669,5,2,365541737.0,10.838,0.22,7
compact_history_control,36151504,16.661,5,2,365874921.0,10.838,0.22,6
compact_history_control,36168175,16.671,5,2,365794073.0,10.838,0.22,7
compact_history_control,36184836,16.661,5,2,365894765.0,10.838,0.22,8
compact_history_control,36201512,16.676,5,2,365953081.0,10.838,0.22,7
compact_history_control,36218164,16.652,5,2,366058109.0,10.838,0.22,8
compact_history_control,36234839,16.675,5,2,366115529.0,10.838,0.22,7
compact_history_control,36251497,16.658,5,2,366220845.0,10.838,0.22,8
compact_history_control,36268164,16.667,5,2,366278953.0,10.838,0.22,8
compact_history_control,36284830,16.666,5,2,366380545.0,10.838,0.22,8
compact_history_control,36301523,16.693,5,2,366506261.0,10.838,0.22,8
compact_history_control,36318174,16.651,5,2,366544053.0,10.838,0.22,8
compact_history_control,36334829,16.655,5,2,366606841.0,10.838,0.22,8
compact_history_control,36351498,16.669,5,2,366708381.0,10.838,0.22,7
compact_history_control,36368167,16.669,5,2,366801261.0,10.838,0.22,8
compact_history_control,36384828,16.661,5,2,366866509.0,10.838,0.22,8
compact_history_control,36401499,16.671,5,2,367084733.0,10.838,0.22,7
compact_history_control,36418161,16.662,5,2,367136053.0,10.838,0.22,8
compact_history_control,36434839,16.678,5,2,367227665.0,10.838,0.22,8
compact_history_control,36451499,16.66,5,2,367333505.0,10.838,0.22,7
compact_history_control,36468159,16.66,5,2,367393377.0,10.838,0.22,7
compact_history_control,36484837,16.678,5,2,367533009.0,10.838,0.22,8
compact_history_control,36501489,16.652,5,2,367611813.0,10.838,0.22,8
compact_history_control,36518160,16.671,5,2,367795261.0,10.838,0.22,10
compact_history_control,36534823,16.663,5,2,367912073.0,10.838,0.22,8
compact_history_control,36551491,16.668,5,2,368021825.0,10.838,0.22,8
compact_history_control,36568158,16.667,5,2,368179629.0,10.838,0.22,7
compact_history_control,36584841,16.683,5,2,368294597.0,10.838,0.22,8
compact_history_control,36601507,16.666,5,2,368355633.0,10.838,0.22,8
compact_history_control,36618157,16.65,5,2,368464741.0,10.838,0.22,8
compact_history_control,36634858,16.701,5,2,368661921.0,10.838,0.22,9
compact_history_control,36651479,16.621,5,2,368779365.0,10.838,0.22,8
compact_history_control,36668147,16.668,5,2,368929461.0,10.838,0.22,7
compact_history_control,36684828,16.681,5,2,369069097.0,10.838,0.22,8
compact_history_control,36701489,16.661,5,2,369327009.0,10.838,0.22,7
compact_history_control,36718155,16.666,5,2,369484025.0,10.838,0.22,7
compact_history_control,36734814,16.659,5,2,369623213.0,10.838,0.22,7
compact_history_control,36751477,16.663,5,2,369783213.0,10.838,0.22,7
compact_history_control,36768154,16.677,5,2,369832989.0,10.838,0.22,8
compact_history_control,36784815,16.661,5,2,369877077.0,10.838,0.22,8
compact_history_control,36801492,16.677,3,2,369936781.0,10.838,0.22,8
compact_history_control,36818147,16.655,4,2,370222557.0,10.838,0.22,8
compact_history_control,36834819,16.672,3,2,370301373.0,10.838,0.22,8
compact_history_control,36851482,16.663,4,2,370203057.0,10.838,0.22,7
expanding_excavation,36869716,18.234,5,2,370392489.0,10.838,0.22,8
expanding_excavation,36884810,15.094,5,2,370692929.0,10.838,0.22,7
expanding_excavation,36901480,16.67,5,2,370985985.0,10.838,0.22,7
expanding_excavation,36918146,16.666,5,2,371321593.0,10.838,0.22,7
expanding_excavation,36934804,16.658,5,2,371547489.0,10.838,0.22,7
expanding_excavation,36951472,16.668,5,2,371917717.0,10.838,0.22,7
expanding_excavation,36968146,16.674,5,2,372170413.0,10.838,0.22,7
expanding_excavation,36984808,16.662,5,2,372597745.0,10.838,0.22,7
expanding_excavation,37001478,16.67,5,2,372872753.0,10.838,0.22,8
expanding_excavation,37018143,16.665,1,2,373181161.0,18.017,0.175,7
expanding_excavation,37034806,16.663,3,2,373386921.0,18.017,0.175,7
expanding_excavation,37057334,22.528,1,2,373492085.0,18.017,0.175,17835
expanding_excavation,37068156,10.822,1,10,373709401.0,18.017,0.175,4144
expanding_excavation,37084816,16.66,5,10,373418997.0,18.017,0.175,696
expanding_excavation,37101470,16.654,6,10,373660073.0,18.017,0.175,380
expanding_excavation,37118139,16.669,6,10,373186845.0,18.017,0.175,383
expanding_excavation,37134804,16.665,6,10,373468929.0,18.017,0.175,387
expanding_excavation,37151470,16.666,6,10,373748637.0,18.017,0.175,383
expanding_excavation,37168133,16.663,6,10,373984897.0,18.017,0.175,404
expanding_excavation,37184800,16.667,6,10,373969549.0,18.017,0.175,399
expanding_excavation,37201468,16.668,6,10,374030065.0,18.017,0.175,386
expanding_excavation,37218132,16.664,6,10,374126389.0,18.017,0.175,395
expanding_excavation,37234804,16.672,6,10,374185905.0,18.017,0.175,384
expanding_excavation,37251460,16.656,6,10,374283985.0,18.017,0.175,380
expanding_excavation,37268128,16.668,6,10,374339945.0,18.017,0.175,397
expanding_excavation,37284804,16.676,6,10,374437673.0,18.017,0.175,397
expanding_excavation,37301486,16.682,6,10,374491449.0,18.017,0.175,394
expanding_excavation,37318128,16.642,6,10,374593509.0,18.017,0.175,389
expanding_excavation,37334813,16.685,6,10,374689805.0,18.017,0.175,4276
expanding_excavation,37351463,16.65,6,10,374723069.0,18.017,0.175,8
expanding_excavation,37368129,16.666,6,10,374813485.0,18.017,0.175,8
expanding_excavation,37384789,16.66,6,10,374874041.0,18.017,0.175,8
expanding_excavation,37401459,16.67,6,10,374960877.0,18.017,0.175,7
expanding_excavation,37418117,16.658,6,10,375025837.0,18.017,0.175,8
expanding_excavation,37434795,16.678,6,10,375082241.0,18.017,0.175,9
expanding_excavation,37451455,16.66,6,10,375182901.0,18.017,0.175,8
expanding_excavation,37468142,16.687,6,10,375243909.0,18.017,0.175,8
expanding_excavation,37484786,16.644,6,10,375335329.0,18.017,0.175,7
expanding_excavation,37501450,16.664,6,10,375397077.0,18.017,0.175,7
expanding_excavation,37518121,16.671,6,10,375498069.0,18.017,0.175,8
expanding_excavation,37534782,16.661,6,10,375562901.0,18.017,0.175,8
expanding_excavation,37551447,16.665,6,10,375661617.0,18.017,0.175,7
expanding_excavation,37568122,16.675,6,10,375721693.0,18.017,0.175,7
expanding_excavation,37584790,16.668,6,10,375808749.0,18.017,0.175,8
expanding_excavation,37601442,16.652,6,10,375953605.0,18.017,0.175,7
expanding_excavation,37618112,16.67,6,10,376088897.0,18.017,0.175,7
expanding_excavation,37634784,16.672,6,10,376304449.0,18.017,0.175,8
expanding_excavation,37651447,16.663,6,10,376448325.0,18.017,0.175,7
expanding_excavation,37668114,16.667,6,10,376686445.0,18.017,0.175,7
expanding_excavation,37684772,16.658,6,10,376857373.0,18.017,0.175,8
expanding_excavation,37701451,16.679,6,10,377026365.0,18.017,0.175,8
expanding_excavation,37718105,16.654,6,10,377068721.0,18.017,0.175,8
expanding_excavation,37734771,16.666,6,10,377119025.0,18.017,0.175,8
expanding_excavation,37751463,16.692,3,10,377150801.0,18.017,0.175,7
expanding_excavation,37768105,16.642,3,10,377809893.0,18.017,0.175,7
expanding_excavation,37784763,16.658,2,10,377813257.0,18.017,0.175,7
expanding_excavation,37801438,16.675,0,10,378225025.0,18.017,0.175,8
expanding_excavation,37818106,16.668,4,10,378026453.0,18.017,0.175,7
expanding_excavation,37834772,16.666,3,10,378423153.0,18.017,0.175,7
expanding_excavation,37851445,16.673,2,10,379366801.0,18.017,0.175,8
expanding_excavation,37868127,16.682,2,10,379083533.0,18.017,0.175,7
expanding_excavation,37884780,16.653,0,10,379287417.0,18.017,0.175,9
expanding_excavation,37901436,16.656,4,10,379101981.0,18.017,0.175,8
expanding_excavation,37918109,16.673,3,10,379478289.0,18.017,0.175,7
expanding_excavation,37934771,16.662,2,10,379971529.0,18.017,0.175,12
expanding_excavation,37951435,16.664,1,10,380145781.0,18.017,0.175,8
expanding_excavation,37968114,16.679,0,10,380371145.0,18.017,0.175,8
expanding_excavation,37984770,16.656,4,10,380005301.0,18.017,0.175,7
expanding_excavation,38001436,16.666,6,10,380251633.0,18.017,0.175,7
expanding_excavation,38018092,16.656,6,10,380537201.0,22.31,0.169,7
expanding_excavation,38034770,16.678,6,10,380860617.0,22.31,0.169,8
expanding_excavation,38051439,16.669,6,10,381080057.0,22.31,0.169,7
expanding_excavation,38068095,16.656,6,10,381655457.0,22.31,0.169,8
expanding_excavation,38084766,16.671,6,10,381847957.0,22.31,0.169,8
expanding_excavation,38101436,16.67,6,10,382108413.0,22.31,0.169,7
expanding_excavation,38118098,16.662,6,10,381756225.0,22.31,0.169,7
expanding_excavation,38134757,16.659,6,10,382152861.0,22.31,0.169,8
expanding_excavation,38151433,16.676,6,10,382444717.0,22.31,0.169,7
expanding_excavation,38168094,16.661,6,10,382745313.0,22.31,0.169,7
expanding_excavation,38184761,16.667,6,10,383080613.0,22.31,0.169,8
expanding_excavation,38201429,16.668,6,10,383423581.0,22.31,0.169,7
expanding_excavation,38218104,16.675,6,10,383912025.0,22.31,0.169,8
expanding_excavation,38234763,16.659,6,10,384307673.0,22.31,0.169,8
expanding_excavation,38251437,16.674,6,10,384561853.0,22.31,0.169,7
expanding_excavation,38268086,16.649,6,10,384881717.0,22.31,0.169,7
expanding_excavation,38284759,16.673,6,10,385279393.0,22.31,0.169,8
expanding_excavation,38301444,16.685,6,10,385524941.0,22.31,0.169,8
expanding_excavation,38318091,16.647,6,10,385812501.0,22.31,0.169,8
expanding_excavation,38334753,16.662,6,10,385940649.0,22.31,0.169,7
expanding_excavation,38351422,16.669,6,10,386002233.0,22.31,0.169,8
expanding_excavation,38368085,16.663,6,10,386103933.0,22.31,0.169,7
expanding_excavation,38384763,16.678,6,10,386163873.0,22.31,0.169,8
expanding_excavation,38401418,16.655,6,10,386262973.0,22.31,0.169,7
expanding_excavation,38418086,16.668,6,10,386326045.0,22.31,0.169,8
expanding_excavation,38434761,16.675,6,10,386390829.0,22.31,0.169,7
expanding_excavation,38451414,16.653,6,10,386551733.0,22.31,0.169,7
expanding_excavation,38468076,16.662,6,10,386637117.0,22.31,0.169,8
expanding_excavation,38484784,16.708,6,10,386715569.0,22.31,0.169,7
expanding_excavation,38501405,16.621,6,10,386826061.0,22.31,0.169,9
expanding_excavation,38518073,16.668,6,10,386894189.0,22.31,0.169,8
expanding_excavation,38534749,16.676,6,10,386960797.0,22.31,0.169,8
expanding_excavation,38551414,16.665,6,10,387085741.0,22.31,0.169,8
expanding_excavation,38568075,16.661,6,10,387161573.0,22.31,0.169,7
expanding_excavation,38584754,16.679,6,10,387227589.0,22.31,0.169,8
expanding_excavation,38601405,16.651,6,10,387372273.0,22.31,0.169,8
expanding_excavation,38618076,16.671,6,10,387458977.0,22.31,0.169,7
expanding_excavation,38634740,16.664,6,10,387576061.0,22.31,0.169,8
expanding_excavation,38651402,16.662,6,10,387703317.0,22.31,0.169,8
expanding_excavation,38668071,16.669,6,10,387781857.0,22.31,0.169,7
expanding_excavation,38684752,16.681,6,10,387845181.0,22.31,0.169,7
expanding_excavation,38701402,16.65,6,10,387955421.0,22.31,0.169,9
expanding_excavation,38718066,16.664,4,10,388023809.0,22.31,0.169,7
expanding_excavation,38734742,16.676,4,10,388368261.0,22.31,0.169,7
expanding_excavation,38751396,16.654,3,10,388483725.0,22.31,0.169,7
expanding_excavation,38768066,16.67,3,10,388807085.0,22.31,0.169,8
expanding_excavation,38784745,16.679,4,10,388463889.0,22.31,0.169,7
expanding_excavation,38801402,16.657,5,10,388726773.0,22.31,0.169,7
expanding_excavation,38818079,16.677,5,10,389037633.0,22.31,0.169,8
expanding_excavation,38834734,16.655,5,10,389343977.0,22.31,0.169,7
expanding_excavation,38851403,16.669,5,10,389690893.0,22.31,0.169,8
expanding_excavation,38868064,16.661,5,10,389943569.0,22.31,0.169,7
expanding_excavation,38884733,16.669,5,10,390360185.0,22.31,0.169,7
expanding_excavation,38901399,16.666,5,10,390665873.0,22.31,0.169,7
expanding_excavation,38918062,16.663,3,10,390939621.0,22.31,0.169,12
expanding_excavation,38934743,16.681,3,10,391247029.0,22.31,0.169,7
expanding_excavation,38951387,16.644,0,10,391407261.0,22.31,0.169,8
expanding_excavation,38968064,16.677,0,10,391710545.0,22.31,0.169,8
expanding_excavation,38984730,16.666,5,10,391375441.0,22.31,0.169,7
expanding_excavation,39001393,16.663,7,10,391658665.0,22.31,0.169,8
expanding_excavation,39018072,16.679,7,10,391909209.0,9.251,0.168,8
expanding_excavation,39034722,16.65,7,10,392230329.0,9.251,0.168,8
expanding_excavation,39051389,16.667,7,10,391760605.0,9.251,0.168,7
expanding_excavation,39068055,16.666,7,10,391980017.0,9.251,0.168,8
expanding_excavation,39084729,16.674,7,10,392337173.0,9.251,0.168,7
expanding_excavation,39101388,16.659,7,10,392419985.0,9.251,0.168,7
expanding_excavation,39118056,16.668,5,10,392533305.0,9.251,0.168,8
expanding_excavation,39134729,16.673,5,10,392789265.0,9.251,0.168,7
expanding_excavation,39151394,16.665,5,10,392985689.0,9.251,0.168,8
expanding_excavation,39168062,16.668,4,10,393215817.0,9.251,0.168,8
expanding_excavation,39184728,16.666,4,10,392994697.0,9.251,0.168,7
expanding_excavation,39201398,16.67,5,10,393231173.0,9.251,0.168,9
expanding_excavation,39218055,16.657,5,10,393539381.0,9.251,0.168,7
expanding_excavation,39234717,16.662,5,10,393452665.0,9.251,0.168,7
expanding_excavation,39251390,16.673,5,10,393566437.0,9.251,0.168,8
expanding_excavation,39268050,16.66,5,10,393656577.0,9.251,0.168,8
expanding_excavation,39284718,16.668,5,10,393738757.0,9.251,0.168,8
expanding_excavation,39301401,16.683,5,10,393806861.0,9.251,0.168,8
expanding_excavation,39318047,16.646,5,10,393925057.0,9.251,0.168,7
expanding_excavation,39334707,16.66,5,10,394033181.0,9.251,0.168,7
expanding_excavation,39351382,16.675,5,10,394140621.0,9.251,0.168,8
expanding_excavation,39368099,16.717,5,10,394203601.0,9.251,0.168,8
expanding_excavation,39384719,16.62,5,10,394332217.0,9.251,0.168,8
expanding_excavation,39401376,16.657,5,10,394425893.0,9.251,0.168,7
expanding_excavation,39418044,16.668,5,10,394519585.0,9.251,0.168,7
expanding_excavation,39434723,16.679,5,10,394580425.0,9.251,0.168,7
expanding_excavation,39451373,16.65,5,10,394692297.0,9.251,0.168,8
expanding_excavation,39468047,16.674,5,10,394753593.0,9.251,0.168,7
expanding_excavation,39484711,16.664,5,10,394867917.0,9.251,0.168,7
expanding_excavation,39501407,16.696,5,10,394982893.0,9.251,0.168,7
expanding_excavation,39518039,16.632,5,10,395053497.0,9.251,0.168,7
expanding_excavation,39534712,16.673,5,10,395117141.0,9.251,0.168,7
expanding_excavation,39551375,16.663,5,10,395225433.0,9.251,0.168,8
expanding_excavation,39568037,16.662,5,10,395309573.0,9.251,0.168,8
expanding_excavation,39584715,16.678,5,10,395372941.0,9.251,0.168,8
expanding_excavation,39601367,16.652,5,10,395489465.0,9.251,0.168,8
expanding_excavation,39618032,16.665,5,10,395555869.0,9.251,0.168,7
expanding_excavation,39634704,16.672,5,10,395691073.0,9.251,0.168,7
expanding_excavation,39651370,16.666,5,10,395806145.0,9.251,0.168,7
expanding_excavation,39668032,16.662,5,10,395896941.0,9.251,0.168,8
expanding_excavation,39684709,16.677,5,10,396010329.0,9.251,0.168,7
expanding_excavation,39701364,16.655,5,10,396087753.0,9.251,0.168,8
expanding_excavation,39718035,16.671,5,10,396194321.0,9.251,0.168,8
expanding_excavation,39734699,16.664,5,10,396309597.0,9.251,0.168,7
expanding_excavation,39751360,16.661,5,10,396368889.0,9.251,0.168,7
expanding_excavation,39768035,16.675,5,10,396474941.0,9.251,0.168,8
expanding_excavation,39784691,16.656,5,10,396562997.0,9.251,0.168,7
expanding_excavation,39801359,16.668,5,10,396668033.0,9.251,0.168,16
expanding_excavation,39818022,16.663,5,10,396789829.0,9.251,0.168,8
expanding_excavation,39834703,16.681,5,10,396844997.0,9.251,0.168,8
expanding_excavation,39851356,16.653,5,10,396944785.0,9.251,0.168,7
expanding_excavation,39868020,16.664,5,10,397039093.0,9.251,0.168,7
expanding_excavation,39884706,16.686,5,10,397143837.0,9.251,0.168,7
expanding_excavation,39901360,16.654,5,10,397207933.0,9.251,0.168,7
expanding_excavation,39918030,16.67,5,10,397308193.0,9.251,0.168,7
expanding_excavation,39934700,16.67,5,10,397363917.0,9.251,0.168,8
expanding_excavation,39951374,16.674,3,10,397487845.0,9.251,0.168,8
expanding_excavation,39968035,16.661,3,10,397787581.0,9.251,0.168,8
expanding_excavation,39984688,16.653,2,10,397850353.0,9.251,0.168,8
expanding_excavation,40001381,16.693,2,10,398124533.0,9.251,0.168,9
expanding_excavation,40018026,16.645,4,10,397811001.0,9.35,0.203,7
expanding_excavation,40034698,16.672,5,10,398054249.0,9.35,0.203,8
expanding_excavation,40051364,16.666,5,10,398362305.0,9.35,0.203,8
expanding_excavation,40068020,16.656,5,10,398679253.0,9.35,0.203,8
expanding_excavation,40084695,16.675,5,10,398901141.0,9.35,0.203,8
expanding_excavation,40101361,16.666,5,10,399230901.0,9.35,0.203,9
expanding_excavation,40118041,16.68,5,10,399465721.0,9.35,0.203,7
expanding_excavation,40134691,16.65,5,10,399712721.0,9.35,0.203,8
expanding_excavation,40151355,16.664,5,10,400023441.0,9.35,0.203,8
expanding_excavation,40168019,16.664,5,10,400326089.0,9.35,0.203,6
expanding_excavation,40184684,16.665,5,10,400597573.0,9.35,0.203,7
expanding_excavation,40201354,16.67,5,10,400903109.0,9.35,0.203,7
expanding_excavation,40218014,16.66,5,10,401183053.0,9.35,0.203,8
expanding_excavation,40234729,16.715,5,10,400843341.0,9.35,0.203,8
expanding_excavation,40251348,16.619,5,10,400941565.0,9.35,0.203,7
expanding_excavation,40268010,16.662,5,10,401010493.0,9.35,0.203,8
expanding_excavation,40284698,16.688,5,10,401072689.0,9.35,0.203,7
expanding_excavation,40301344,16.646,5,10,401219141.0,9.35,0.203,8
expanding_excavation,40318037,16.693,5,10,401331313.0,9.35,0.203,8
expanding_excavation,40334677,16.64,5,10,401440241.0,9.35,0.203,7
expanding_excavation,40351352,16.675,5,10,401505173.0,9.35,0.203,7
expanding_excavation,40368026,16.674,5,10,401567937.0,9.35,0.203,8
expanding_excavation,40384678,16.652,5,10,401717389.0,9.35,0.203,7
expanding_excavation,40401358,16.68,5,10,401781217.0,9.35,0.203,7
expanding_excavation,40418030,16.672,5,10,401868577.0,9.35,0.203,8
expanding_excavation,40434673,16.643,5,10,401979821.0,9.35,0.203,8
expanding_excavation,40451341,16.668,5,10,402046729.0,9.35,0.203,8
expanding_excavation,40468023,16.682,5,10,402127481.0,9.35,0.203,8
expanding_excavation,40484682,16.659,5,10,402351897.0,9.35,0.203,7
expanding_excavation,40501342,16.66,5,10,402342497.0,9.35,0.203,7
expanding_excavation,40518016,16.674,5,10,402439037.0,9.35,0.203,7
expanding_excavation,40534671,16.655,5,10,402539449.0,9.35,0.203,7
expanding_excavation,40551344,16.673,5,10,402619141.0,9.35,0.203,8
expanding_excavation,40568012,16.668,5,10,402704701.0,9.35,0.203,8
expanding_excavation,40584693,16.681,5,10,402778241.0,9.35,0.203,8
expanding_excavation,40601335,16.642,5,10,402882449.0,9.35,0.203,9
expanding_excavation,40618001,16.666,5,10,402954629.0,9.35,0.203,8
expanding_excavation,40634675,16.674,5,10,403042645.0,9.35,0.203,8
expanding_excavation,40651349,16.674,5,10,403151445.0,9.35,0.203,8
expanding_excavation,40668011,16.662,5,10,403252933.0,9.35,0.203,8
expanding_excavation,40684664,16.653,5,10,403332873.0,9.35,0.203,7
expanding_excavation,40701344,16.68,5,10,403418669.0,9.35,0.203,8
expanding_excavation,40717991,16.647,5,10,403537113.0,9.35,0.203,7
expanding_excavation,40734677,16.686,5,10,403631701.0,9.35,0.203,7
expanding_excavation,40751333,16.656,5,10,403731025.0,9.35,0.203,8
expanding_excavation,40768008,16.675,5,10,403794461.0,9.35,0.203,7
expanding_excavation,40784681,16.673,1,10,403920813.0,9.35,0.203,8
expanding_excavation,40801339,16.658,3,10,404150477.0,9.35,0.203,7
expanding_excavation,40817998,16.659,2,10,404294157.0,9.35,0.203,8
expanding_excavation,40834657,16.659,1,10,404545045.0,9.35,0.203,9
expanding_excavation,40851335,16.678,5,10,404238173.0,9.35,0.203,7
expanding_excavation,40867997,16.662,6,10,404530245.0,9.35,0.203,7
expanding_excavation,40884655,16.658,6,10,404864425.0,9.35,0.203,7
expanding_excavation,40901316,16.661,6,10,405169721.0,9.35,0.203,8
expanding_excavation,40917982,16.666,6,10,405396869.0,9.35,0.203,8
expanding_excavation,40934668,16.686,6,10,405844773.0,9.35,0.203,8
expanding_excavation,40951323,16.655,6,10,406079977.0,9.35,0.203,7
expanding_excavation,40967988,16.665,6,10,406425469.0,9.35,0.203,7
expanding_excavation,40984662,16.674,6,10,406671281.0,9.35,0.203,7
expanding_excavation,41001321,16.659,6,10,406968117.0,9.35,0.203,7
expanding_excavation,41017984,16.663,3,10,407282229.0,9.294,0.198,7
expanding_excavation,41034664,16.68,4,10,407522545.0,9.294,0.198,8
expanding_excavation,41051323,16.659,4,10,407694269.0,9.294,0.198,8
expanding_excavation,41067990,16.667,3,10,407889121.0,9.294,0.198,8
expanding_excavation,41084650,16.66,4,10,407586217.0,9.294,0.198,7
expanding_excavation,41101319,16.669,5,10,407848753.0,9.294,0.198,7
expanding_excavation,41117986,16.667,5,10,407469777.0,9.294,0.198,8
expanding_excavation,41134645,16.659,5,10,407815113.0,9.294,0.198,8
expanding_excavation,41151320,16.675,5,10,408110793.0,9.294,0.198,7
expanding_excavation,41167987,16.667,5,10,408384993.0,9.294,0.198,8
expanding_excavation,41184651,16.664,5,10,408444721.0,9.294,0.198,7
expanding_excavation,41201312,16.661,5,10,408503857.0,9.294,0.198,7
expanding_excavation,41217994,16.682,5,10,408605589.0,9.294,0.198,8
expanding_excavation,41234648,16.654,3,10,408701333.0,9.294,0.198,7
expanding_excavation,41251307,16.659,3,10,409103933.0,9.294,0.198,8
expanding_excavation,41267978,16.671,3,10,409097841.0,9.294,0.198,8
expanding_excavation,41284657,16.679,0,10,409365909.0,9.294,0.198,9
expanding_excavation,41301323,16.666,5,10,409068233.0,9.294,0.198,7
expanding_excavation,41317971,16.648,7,10,409335473.0,9.294,0.198,8
expanding_excavation,41334657,16.686,7,10,409649217.0,9.294,0.198,7
expanding_excavation,41351308,16.651,7,10,409677489.0,9.294,0.198,7
expanding_excavation,41367976,16.668,7,10,409753313.0,9.294,0.198,8
expanding_excavation,41384633,16.657,7,10,409877417.0,9.294,0.198,8
expanding_excavation,41401300,16.667,7,10,409979553.0,9.294,0.198,8
expanding_excavation,41418053,16.753,7,10,410189305.0,9.294,0.198,8
expanding_excavation,41434636,16.583,7,10,410336933.0,9.294,0.198,8
expanding_excavation,41451351,16.715,7,10,410406749.0,9.294,0.198,8
expanding_excavation,41467961,16.61,5,10,410539081.0,9.294,0.198,9
expanding_excavation,41484652,16.691,5,10,410897189.0,9.294,0.198,7
expanding_excavation,41501299,16.647,5,10,410983933.0,9.294,0.198,8
expanding_excavation,41517974,16.675,4,10,411214853.0,9.294,0.198,8
expanding_excavation,41534640,16.666,4,10,410929253.0,9.294,0.198,7
expanding_excavation,41551311,16.671,5,10,411137545.0,9.294,0.198,7
expanding_excavation,41567977,16.666,5,10,411427761.0,9.294,0.198,7
expanding_excavation,41584631,16.654,5,10,411520161.0,9.294,0.198,10
expanding_excavation,41601299,16.668,5,10,411634641.0,9.294,0.198,8
expanding_excavation,41617970,16.671,5,10,411727805.0,9.294,0.198,8
expanding_excavation,41634650,16.68,5,10,411797941.0,9.294,0.198,7
expanding_excavation,41651298,16.648,5,10,411917961.0,9.294,0.198,8
expanding_excavation,41667978,16.68,5,10,412007265.0,9.294,0.198,8
expanding_excavation,41684638,16.66,5,10,412121565.0,9.294,0.198,8
expanding_excavation,41701287,16.649,3,10,412198417.0,9.294,0.198,8
expanding_excavation,41717965,16.678,3,10,412458253.0,9.294,0.198,8
expanding_excavation,41734613,16.648,2,10,412530329.0,9.294,0.198,7
expanding_excavation,41751288,16.675,2,10,412856433.0,9.294,0.198,8
expanding_excavation,41767960,16.672,4,10,412518393.0,9.294,0.198,8
expanding_excavation,41784613,16.653,5,10,412901857.0,9.294,0.198,7
expanding_excavation,41801288,16.675,5,10,413146641.0,9.294,0.198,8
expanding_excavation,41817948,16.66,5,10,413143509.0,9.294,0.198,10
expanding_excavation,41834610,16.662,5,10,413245145.0,9.294,0.198,7
expanding_excavation,41851283,16.673,5,10,413313601.0,9.294,0.198,7
expanding_excavation,41867944,16.661,5,10,413423537.0,9.294,0.198,7
expanding_excavation,41884622,16.678,5,10,413586113.0,9.294,0.198,7
expanding_excavation,41901273,16.651,1,10,413617629.0,9.294,0.198,8
expanding_excavation,41917951,16.678,2,10,413929765.0,9.294,0.198,7
expanding_excavation,41934603,16.652,1,10,414026249.0,9.294,0.198,8
expanding_excavation,41951276,16.673,1,10,414392965.0,9.294,0.198,9
expanding_excavation,41967946,16.67,5,10,414048393.0,9.294,0.198,8
expanding_excavation,41984606,16.66,6,10,414347417.0,9.294,0.198,7
expanding_excavation,42001272,16.666,6,10,414630269.0,9.294,0.198,7
expanding_excavation,42017941,16.669,6,10,414550961.0,9.976,0.237,7
expanding_excavation,42034613,16.672,6,10,414622385.0,9.976,0.237,7
expanding_excavation,42051292,16.679,6,10,414748373.0,9.976,0.237,7
expanding_excavation,42067932,16.64,6,10,414841861.0,9.976,0.237,8
expanding_excavation,42084607,16.675,6,10,414928985.0,9.976,0.237,7
expanding_excavation,42101284,16.677,6,10,415023129.0,9.976,0.237,8
expanding_excavation,42117938,16.654,6,10,415171361.0,9.976,0.237,7
expanding_excavation,42134594,16.656,6,10,415266293.0,9.976,0.237,8
expanding_excavation,42151264,16.67,6,10,415356309.0,9.976,0.237,7
expanding_excavation,42167953,16.689,6,10,415451173.0,9.976,0.237,8
expanding_excavation,42184611,16.658,6,10,415572301.0,9.976,0.237,8
expanding_excavation,42201274,16.663,6,10,415662773.0,9.976,0.237,7
expanding_excavation,42217938,16.664,6,10,415748593.0,9.976,0.237,7
expanding_excavation,42234613,16.675,6,10,415811233.0,9.976,0.237,8
expanding_excavation,42251264,16.651,6,10,415926941.0,9.976,0.237,8
expanding_excavation,42267935,16.671,6,10,416001769.0,9.976,0.237,8
expanding_excavation,42284626,16.691,6,10,416105945.0,9.976,0.237,7
expanding_excavation,42301298,16.672,6,10,416174565.0,9.976,0.237,8
expanding_excavation,42317938,16.64,6,10,416325585.0,9.976,0.237,7
expanding_excavation,42334600,16.662,6,10,416395493.0,9.976,0.237,8
expanding_excavation,42351263,16.663,6,10,416490429.0,9.976,0.237,8
expanding_excavation,42367920,16.657,6,10,416565857.0,9.976,0.237,8
expanding_excavation,42384595,16.675,6,10,416661553.0,9.976,0.237,8
expanding_excavation,42401266,16.671,6,10,416753225.0,9.976,0.237,8
expanding_excavation,42417928,16.662,6,10,416874633.0,9.976,0.237,7
expanding_excavation,42434586,16.658,6,10,416960237.0,9.976,0.237,7
expanding_excavation,42451264,16.678,6,10,417017141.0,9.976,0.237,7
expanding_excavation,42467931,16.667,6,10,417161617.0,9.976,0.237,8
expanding_excavation,42484581,16.65,6,10,417225085.0,9.976,0.237,9
expanding_excavation,42501253,16.672,6,10,417317781.0,9.976,0.237,9
expanding_excavation,42517920,16.667,6,10,417437821.0,9.976,0.237,7
expanding_excavation,42534584,16.664,6,10,417526869.0,9.976,0.237,7
expanding_excavation,42551265,16.681,6,10,417585425.0,9.976,0.237,7
expanding_excavation,42567921,16.656,6,10,417673965.0,9.976,0.237,7
expanding_excavation,42584579,16.658,6,10,417795877.0,9.976,0.237,8
expanding_excavation,42601255,16.676,6,10,417887205.0,9.976,0.237,8
expanding_excavation,42617915,16.66,6,10,417999169.0,9.976,0.237,7
expanding_excavation,42634585,16.67,6,10,418088509.0,9.976,0.237,7
expanding_excavation,42651250,16.665,6,10,418146969.0,9.976,0.237,7
expanding_excavation,42667911,16.661,6,10,418259965.0,9.976,0.237,8
expanding_excavation,42684584,16.673,6,10,418361745.0,9.976,0.237,8
expanding_excavation,42701255,16.671,6,10,418461165.0,9.976,0.237,7
expanding_excavation,42717922,16.667,6,10,418529321.0,9.976,0.237,8
expanding_excavation,42734577,16.655,6,10,418664909.0,9.976,0.237,8
expanding_excavation,42751248,16.671,6,10,418725697.0,9.976,0.237,8
expanding_excavation,42767908,16.66,3,10,418857817.0,9.976,0.237,8
expanding_excavation,42784571,16.663,5,10,419200013.0,9.976,0.237,7
expanding_excavation,42801238,16.667,4,10,419238833.0,9.976,0.237,7
expanding_excavation,42817907,16.669,4,10,419629529.0,9.976,0.237,8
expanding_excavation,42834588,16.681,4,10,419312333.0,9.976,0.237,7
expanding_excavation,42851236,16.648,5,10,419513013.0,9.976,0.237,7
expanding_excavation,42867907,16.671,5,10,419742229.0,9.976,0.237,7
expanding_excavation,42884580,16.673,5,10,420107949.0,9.976,0.237,8
expanding_excavation,42901236,16.656,5,10,420412833.0,9.976,0.237,7
expanding_excavation,42917902,16.666,5,10,420761073.0,9.976,0.237,7
expanding_excavation,42934580,16.678,5,10,420992037.0,9.976,0.237,6
expanding_excavation,42951242,16.662,5,10,421273989.0,9.976,0.237,7
expanding_excavation,42967904,16.662,5,10,421584885.0,9.976,0.237,7
expanding_excavation,42984565,16.661,5,10,421919857.0,9.976,0.237,8
expanding_excavation,43001236,16.671,5,10,422313133.0,9.976,0.237,8
expanding_excavation,43017895,16.659,5,10,422543821.0,9.151,0.181,7
expanding_excavation,43034568,16.673,5,10,422806457.0,9.151,0.181,7
expanding_excavation,43051235,16.667,5,10,422417357.0,9.151,0.181,8
expanding_excavation,43067897,16.662,5,10,422540617.0,9.151,0.181,7
expanding_excavation,43084562,16.665,5,10,422653201.0,9.151,0.181,7
expanding_excavation,43101238,16.676,5,10,422821597.0,9.151,0.181,8
expanding_excavation,43117939,16.701,5,10,422921017.0,9.151,0.181,7
expanding_excavation,43134568,16.629,5,10,422979285.0,9.151,0.181,8
expanding_excavation,43151224,16.656,5,10,423085753.0,9.151,0.181,7
expanding_excavation,43167891,16.667,5,10,423149149.0,9.151,0.181,7
expanding_excavation,43184568,16.677,5,10,423335005.0,9.151,0.181,7
expanding_excavation,43201227,16.659,5,10,423464229.0,9.151,0.181,7
expanding_excavation,43217896,16.669,5,10,423521245.0,9.151,0.181,8
expanding_excavation,43234565,16.669,5,10,423621837.0,9.151,0.181,7
expanding_excavation,43251225,16.66,5,10,423680345.0,9.151,0.181,7
expanding_excavation,43267888,16.663,5,10,423808041.0,9.151,0.181,7
expanding_excavation,43284570,16.682,5,10,423979721.0,9.151,0.181,7
expanding_excavation,43301243,16.673,5,10,424038417.0,9.151,0.181,8
expanding_excavation,43317885,16.642,5,10,424140561.0,9.151,0.181,9
expanding_excavation,43334564,16.679,5,10,424196449.0,9.151,0.181,8
expanding_excavation,43351222,16.658,5,10,424301789.0,9.151,0.181,8
expanding_excavation,43367898,16.676,5,10,424464961.0,9.151,0.181,8
expanding_excavation,43384565,16.667,5,10,424550529.0,9.151,0.181,8
expanding_excavation,43401222,16.657,5,10,424648429.0,9.151,0.181,8
expanding_excavation,43417883,16.661,5,10,424709785.0,9.151,0.181,7
expanding_excavation,43434550,16.667,5,10,424802005.0,9.151,0.181,7
expanding_excavation,43451217,16.667,5,10,424865521.0,9.151,0.181,7
expanding_excavation,43467892,16.675,5,10,425002305.0,9.151,0.181,8
expanding_excavation,43484544,16.652,5,10,425139409.0,9.151,0.181,7
expanding_excavation,43501212,16.668,5,10,425243069.0,9.151,0.181,7
expanding_excavation,43517923,16.711,5,10,425308401.0,9.151,0.181,8
expanding_excavation,43534546,16.623,5,10,425405345.0,9.151,0.181,7
expanding_excavation,43551212,16.666,5,10,425466025.0,9.151,0.181,7
expanding_excavation,43567894,16.682,3,10,425574165.0,9.151,0.181,8
expanding_excavation,43584549,16.655,3,10,425856301.0,9.151,0.181,8
expanding_excavation,43601206,16.657,2,10,425922541.0,9.151,0.181,7
expanding_excavation,43617879,16.673,1,10,426222125.0,9.151,0.181,9
expanding_excavation,43634563,16.684,5,10,425843181.0,9.151,0.181,7
expanding_excavation,43651214,16.651,6,10,426142797.0,9.151,0.181,7
expanding_excavation,43667886,16.672,6,10,426450765.0,9.151,0.181,8
expanding_excavation,43684554,16.668,6,10,426685417.0,9.151,0.181,6
expanding_excavation,43701211,16.657,6,10,427065461.0,9.151,0.181,7
expanding_excavation,43717878,16.667,6,10,427314897.0,9.151,0.181,8
expanding_excavation,43734545,16.667,6,10,427604109.0,9.151,0.181,7
expanding_excavation,43751237,16.692,6,10,427928733.0,9.151,0.181,7
expanding_excavation,43767873,16.636,6,10,428214381.0,9.151,0.181,7
expanding_excavation,43784549,16.676,6,10,428455049.0,9.151,0.181,7
expanding_excavation,43801318,16.769,6,10,428737577.0,9.151,0.181,8
expanding_excavation,43817873,16.555,6,10,429026217.0,9.151,0.181,8
expanding_excavation,43834623,16.75,6,10,429307649.0,9.151,0.181,8
expanding_excavation,43851196,16.573,6,10,428905129.0,9.151,0.181,7
expanding_excavation,43867871,16.675,6,10,428977557.0,9.151,0.181,8
expanding_excavation,43884536,16.665,6,10,429056213.0,9.151,0.181,7
expanding_excavation,43901195,16.659,6,10,429202921.0,9.151,0.181,8
expanding_excavation,43917865,16.67,6,10,429277173.0,9.151,0.181,8
expanding_excavation,43934592,16.727,6,10,429349213.0,9.151,0.181,8
expanding_excavation,43951201,16.609,6,10,429464357.0,9.151,0.181,7
expanding_excavation,43967870,16.669,6,10,429532637.0,9.151,0.181,7
expanding_excavation,43984532,16.662,6,10,429597269.0,9.151,0.181,7
expanding_excavation,44001199,16.667,6,10,429723209.0,9.151,0.181,8
expanding_excavation,44017860,16.661,6,10,429810377.0,9.304,0.265,7
expanding_excavation,44034525,16.665,6,10,429906225.0,9.304,0.265,8
expanding_excavation,44051210,16.685,6,10,430000073.0,9.304,0.265,8
expanding_excavation,44067855,16.645,6,10,430136165.0,9.304,0.265,8
expanding_excavation,44084532,16.677,6,10,430198181.0,9.304,0.265,7
expanding_excavation,44101196,16.664,6,10,430309561.0,9.304,0.265,8
expanding_excavation,44117871,16.675,6,10,430372921.0,9.304,0.265,7
expanding_excavation,44134520,16.649,6,10,430467597.0,9.304,0.265,7
expanding_excavation,44151191,16.671,6,10,430534725.0,9.304,0.265,8
expanding_excavation,44167866,16.675,6,10,430606477.0,9.304,0.265,8
expanding_excavation,44184518,16.652,6,10,430743677.0,9.304,0.265,8
expanding_excavation,44201188,16.67,6,10,430813061.0,9.304,0.265,8
expanding_excavation,44217852,16.664,6,10,430909729.0,9.304,0.265,7
expanding_excavation,44234534,16.682,6,10,430974213.0,9.304,0.265,7
expanding_excavation,44251184,16.65,6,10,431070589.0,9.304,0.265,7
expanding_excavation,44267852,16.668,6,10,431162569.0,9.304,0.265,8
expanding_excavation,44284522,16.67,6,10,431235009.0,9.304,0.265,8
expanding_excavation,44301176,16.654,6,10,431344685.0,9.304,0.265,8
expanding_excavation,44317875,16.699,6,10,431408605.0,9.304,0.265,8
expanding_excavation,44334516,16.641,6,10,431511693.0,9.304,0.265,7
expanding_excavation,44351189,16.673,6,10,431575957.0,9.304,0.265,8
expanding_excavation,44367842,16.653,6,10,431672509.0,9.304,0.265,8
expanding_excavation,44384516,16.674,4,10,431790745.0,9.304,0.265,7
expanding_excavation,44401723,17.207,3,10,432094293.0,9.304,0.265,8
expanding_excavation,44417837,16.114,3,10,432131593.0,9.304,0.265,7
expanding_excavation,44434520,16.683,2,10,432514357.0,9.304,0.265,8
expanding_excavation,44451192,16.672,5,10,432154401.0,9.304,0.265,8
expanding_excavation,44467841,16.649,6,10,432553285.0,9.304,0.265,7
expanding_excavation,44484514,16.673,6,10,433908029.0,9.304,0.265,7
expanding_excavation,44501181,16.667,6,10,434175133.0,9.304,0.265,7
expanding_excavation,44517862,16.681,6,10,434549477.0,9.304,0.265,7
expanding_excavation,44534507,16.645,6,10,434810001.0,9.304,0.265,7
expanding_excavation,44551168,16.661,6,10,435112997.0,9.304,0.265,7
expanding_excavation,44567841,16.673,6,10,435547605.0,9.304,0.265,7
expanding_excavation,44584548,16.707,6,10,435819613.0,9.304,0.265,7
expanding_excavation,44601173,16.625,6,10,436130661.0,9.304,0.265,8
expanding_excavation,44617852,16.679,6,10,436390821.0,9.304,0.265,8
expanding_excavation,44634501,16.649,4,10,436888829.0,9.304,0.265,8
expanding_excavation,44651173,16.672,4,10,437233113.0,9.304,0.265,8
expanding_excavation,44667829,16.656,4,10,437256593.0,9.304,0.265,8
expanding_excavation,44684505,16.676,2,10,437627061.0,9.304,0.265,8
expanding_excavation,44701168,16.663,5,10,437351545.0,9.304,0.265,7
expanding_excavation,44717837,16.669,6,10,436902697.0,9.304,0.265,7
expanding_excavation,44734498,16.661,6,10,437161549.0,9.304,0.265,7
expanding_excavation,44751187,16.689,6,10,437507837.0,9.304,0.265,8
expanding_excavation,44767838,16.651,6,10,437739621.0,9.304,0.265,7
expanding_excavation,44784494,16.656,6,10,437799429.0,9.304,0.265,8
expanding_excavation,44801163,16.669,6,10,437914657.0,9.304,0.265,8
expanding_excavation,44817827,16.664,6,10,438099061.0,9.304,0.265,8
expanding_excavation,44834518,16.691,6,10,438188317.0,9.304,0.265,7
expanding_excavation,44851162,16.644,4,10,438332305.0,9.304,0.265,8
expanding_excavation,44867828,16.666,4,10,438673249.0,9.304,0.265,7
expanding_excavation,44884495,16.667,4,10,438770209.0,9.304,0.265,7
expanding_excavation,44901157,16.662,2,10,439044797.0,9.304,0.265,8
expanding_excavation,44917826,16.669,5,10,438755013.0,9.304,0.265,8
expanding_excavation,44934498,16.672,6,10,438993157.0,9.304,0.265,190
expanding_excavation,44951170,16.672,6,10,439355189.0,9.304,0.265,7
expanding_excavation,44967829,16.659,6,10,439362729.0,9.304,0.265,6
expanding_excavation,44984487,16.658,6,10,439510837.0,9.304,0.265,8
expanding_excavation,45001153,16.666,6,10,439577977.0,9.304,0.265,7
expanding_excavation,45017819,16.666,6,10,439687793.0,10.013,0.173,7
expanding_excavation,45034487,16.668,6,10,439752525.0,10.013,0.173,7
expanding_excavation,45051155,16.668,6,10,439862561.0,10.013,0.173,7
expanding_excavation,45067830,16.675,4,10,439967209.0,10.013,0.173,7
expanding_excavation,45084491,16.661,4,10,440199081.0,10.013,0.173,7
expanding_excavation,45101143,16.652,4,10,440277781.0,10.013,0.173,7
expanding_excavation,45117823,16.68,2,10,440638389.0,10.013,0.173,8
expanding_excavation,45134494,16.671,5,10,440274653.0,10.013,0.173,7
expanding_excavation,45151152,16.658,6,10,440549569.0,10.013,0.173,8
expanding_excavation,45167831,16.679,6,10,440883465.0,10.013,0.173,7
expanding_excavation,45184483,16.652,6,10,440918389.0,10.013,0.173,7
expanding_excavation,45201156,16.673,6,10,440978869.0,10.013,0.173,7
expanding_excavation,45217825,16.669,6,10,441137733.0,10.013,0.173,8
expanding_excavation,45234487,16.662,6,10,441223265.0,10.013,0.173,8
expanding_excavation,45251140,16.653,6,10,441341153.0,10.013,0.173,10
expanding_excavation,45267824,16.684,6,10,441416273.0,10.013,0.173,8
expanding_excavation,45284481,16.657,6,10,441571601.0,10.013,0.173,8
expanding_excavation,45301174,16.693,4,10,441667709.0,10.013,0.173,7
expanding_excavation,45317813,16.639,4,10,441964985.0,10.013,0.173,8
expanding_excavation,45334467,16.654,4,10,441923341.0,10.013,0.173,7
expanding_excavation,45351155,16.688,2,10,442273313.0,10.013,0.173,8
expanding_excavation,45367804,16.649,5,10,441915281.0,10.013,0.173,7
expanding_excavation,45384488,16.684,6,10,442238393.0,10.013,0.173,7
expanding_excavation,45401140,16.652,6,10,442467421.0,10.013,0.173,7
expanding_excavation,45417805,16.665,6,10,442526181.0,10.013,0.173,7
expanding_excavation,45434481,16.676,6,10,442589493.0,10.013,0.173,8
expanding_excavation,45451143,16.662,6,10,442693085.0,10.013,0.173,8
expanding_excavation,45467809,16.666,6,10,442752189.0,10.013,0.173,8
expanding_excavation,45484493,16.684,6,10,442868641.0,10.013,0.173,8
expanding_excavation,45501138,16.645,6,10,442976793.0,10.013,0.173,8
expanding_excavation,45517805,16.667,4,10,443167317.0,10.013,0.173,7
expanding_excavation,45534466,16.661,4,10,443472453.0,10.013,0.173,7
expanding_excavation,45551137,16.671,4,10,443420673.0,10.013,0.173,7
expanding_excavation,45567802,16.665,2,10,443805069.0,10.013,0.173,8
expanding_excavation,45584490,16.688,5,10,443489585.0,10.013,0.173,7
expanding_excavation,45601191,16.701,6,10,443707301.0,10.013,0.173,7
expanding_excavation,45617818,16.627,6,10,444103865.0,10.013,0.173,8
expanding_excavation,45634457,16.639,6,10,444099589.0,10.013,0.173,7
expanding_excavation,45651123,16.666,6,10,444247569.0,10.013,0.173,8
expanding_excavation,45667808,16.685,6,10,444349557.0,10.013,0.173,7
expanding_excavation,45684476,16.668,6,10,444485673.0,10.013,0.173,8
expanding_excavation,45701129,16.653,6,10,444552421.0,10.013,0.173,8
expanding_excavation,45717793,16.664,6,10,444683141.0,10.013,0.173,7
expanding_excavation,45734463,16.67,4,10,444751649.0,10.013,0.173,7
expanding_excavation,45751121,16.658,4,10,445039265.0,10.013,0.173,8
expanding_excavation,45767784,16.663,4,10,445121693.0,10.013,0.173,7
expanding_excavation,45784568,16.784,2,10,445599345.0,10.013,0.173,7
expanding_excavation,45801125,16.557,5,10,445190933.0,10.013,0.173,7
expanding_excavation,45817786,16.661,6,10,445444521.0,10.013,0.173,7
expanding_excavation,45834454,16.668,6,10,445742081.0,10.013,0.173,7
expanding_excavation,45851117,16.663,6,10,445770041.0,10.013,0.173,7
expanding_excavation,45867784,16.667,6,10,445833465.0,10.013,0.173,8
expanding_excavation,45884451,16.667,6,10,446024609.0,10.013,0.173,7
expanding_excavation,45901117,16.666,6,10,446117601.0,10.013,0.173,7
expanding_excavation,45917784,16.667,6,10,446181153.0,10.013,0.173,7
expanding_excavation,45934473,16.689,6,10,446280405.0,10.013,0.173,8
expanding_excavation,45951120,16.647,6,10,446339081.0,10.013,0.173,8
expanding_excavation,45967790,16.67,6,10,446470729.0,10.013,0.173,8
expanding_excavation,45984450,16.66,6,10,446623033.0,10.013,0.173,8
expanding_excavation,46001119,16.669,6,10,446681309.0,10.013,0.173,7
expanding_excavation,46017786,16.667,6,10,446783721.0,9.841,0.177,8
expanding_excavation,46034448,16.662,6,10,446837233.0,9.841,0.177,7
expanding_excavation,46051118,16.67,6,10,446933609.0,9.841,0.177,7
expanding_excavation,46067774,16.656,6,10,447121289.0,9.841,0.177,8
expanding_excavation,46084454,16.68,6,10,447175121.0,9.841,0.177,7
expanding_excavation,46101116,16.662,6,10,447411009.0,9.841,0.177,8
expanding_excavation,46117782,16.666,6,10,447467297.0,9.841,0.177,7
expanding_excavation,46134448,16.666,6,10,447566929.0,9.841,0.177,7
expanding_excavation,46151109,16.661,6,10,447699377.0,9.841,0.177,7
expanding_excavation,46167777,16.668,6,10,447810673.0,9.841,0.177,7
expanding_excavation,46184508,16.731,6,10,447909049.0,9.841,0.177,8
expanding_excavation,46201106,16.598,6,10,448001873.0,9.841,0.177,7
expanding_excavation,46217771,16.665,6,10,448063929.0,9.841,0.177,8
expanding_excavation,46234458,16.687,6,10,448163941.0,9.841,0.177,8
expanding_excavation,46251112,16.654,6,10,448444669.0,9.841,0.177,8
expanding_excavation,46267770,16.658,6,10,448415929.0,9.841,0.177,8
expanding_excavation,46284443,16.673,6,10,448508169.0,9.841,0.177,8
expanding_excavation,46301127,16.684,6,10,448573737.0,9.841,0.177,8
expanding_excavation,46317766,16.639,6,10,448669321.0,9.841,0.177,8
expanding_excavation,46334454,16.688,6,10,448730317.0,9.841,0.177,7
expanding_excavation,46351107,16.653,6,10,448763021.0,9.841,0.177,9
expanding_excavation,46367768,16.661,6,10,448854949.0,9.841,0.177,8
expanding_excavation,46384460,16.692,6,10,448919993.0,9.841,0.177,7
expanding_excavation,46401101,16.641,6,10,449010493.0,9.841,0.177,7
expanding_excavation,46417767,16.666,6,10,449073393.0,9.841,0.177,7
expanding_excavation,46434436,16.669,6,10,449208241.0,9.841,0.177,7
expanding_excavation,46451104,16.668,6,10,449314185.0,9.841,0.177,7
expanding_excavation,46467763,16.659,6,10,449411801.0,9.841,0.177,8
expanding_excavation,46484443,16.68,6,10,449473541.0,9.841,0.177,7
expanding_excavation,46501098,16.655,6,10,449573397.0,9.841,0.177,8
expanding_excavation,46517779,16.681,6,10,449629045.0,9.841,0.177,8
expanding_excavation,46534464,16.685,4,10,449739857.0,9.841,0.177,8
expanding_excavation,46551115,16.651,4,10,449976413.0,9.841,0.177,8
expanding_excavation,46567759,16.644,4,10,450049213.0,9.841,0.177,7
expanding_excavation,46584463,16.704,2,10,450411825.0,9.841,0.177,8
expanding_excavation,46601110,16.647,5,10,450004561.0,9.841,0.177,7
travel_new_regions,46636652,35.542,6,10,450159829.0,9.841,0.177,7
travel_new_regions,46644482,7.83,6,10,450321401.0,9.841,0.177,7
travel_new_regions,46653464,8.982,6,10,450482837.0,9.841,0.177,8
travel_new_regions,46669913,16.449,6,10,450843401.0,9.841,0.177,7
travel_new_regions,46686578,16.665,6,10,451018465.0,9.841,0.177,9
travel_new_regions,46703249,16.671,6,10,451234485.0,9.841,0.177,7
travel_new_regions,46719916,16.667,6,10,451415417.0,9.841,0.177,10
travel_new_regions,46736583,16.667,6,10,451664117.0,9.841,0.177,7
travel_new_regions,46753239,16.656,6,10,452013133.0,9.841,0.177,8
travel_new_regions,46771921,18.682,6,10,452284873.0,9.841,0.177,8
travel_new_regions,46786575,14.654,6,10,452594949.0,9.841,0.177,7
travel_new_regions,46803251,16.676,6,10,452836685.0,9.841,0.177,7
travel_new_regions,46819899,16.648,6,10,452387493.0,9.841,0.177,7
travel_new_regions,46836580,16.681,6,10,452390345.0,9.841,0.177,7
travel_new_regions,46853239,16.659,6,10,452390937.0,9.841,0.177,8
travel_new_regions,46869909,16.67,6,10,452391525.0,9.841,0.177,8
travel_new_regions,46887282,17.373,6,10,452392117.0,9.841,0.177,10
travel_new_regions,46903244,15.962,6,10,452579433.0,9.841,0.177,8
travel_new_regions,46919908,16.664,6,10,452612033.0,9.841,0.177,8
travel_new_regions,46936570,16.662,6,10,452612625.0,9.841,0.177,7
travel_new_regions,46953236,16.666,6,10,452613217.0,9.841,0.177,7
travel_new_regions,46969907,16.671,6,10,452613809.0,9.841,0.177,8
travel_new_regions,46986578,16.671,6,10,452614401.0,9.841,0.177,8
travel_new_regions,47003231,16.653,6,10,452614993.0,9.841,0.177,8
travel_new_regions,47019904,16.673,6,10,452615585.0,35.221,2.175,8
travel_new_regions,47036556,16.652,6,10,452814977.0,35.221,2.175,8
travel_new_regions,47054123,17.567,6,10,452816077.0,35.221,2.175,8
travel_new_regions,47069905,15.782,6,10,452817009.0,35.221,2.175,8
travel_new_regions,47086554,16.649,6,10,452966633.0,35.221,2.175,8
travel_new_regions,47103229,16.675,6,10,453051853.0,35.221,2.175,8
travel_new_regions,47119885,16.656,6,10,453170105.0,35.221,2.175,10
travel_new_regions,47136549,16.664,6,10,453271257.0,35.221,2.175,7
travel_new_regions,47153240,16.691,6,10,453336353.0,35.221,2.175,8
travel_new_regions,47170191,16.951,6,10,453383817.0,35.221,2.175,7
travel_new_regions,47186558,16.367,6,10,453461377.0,35.221,2.175,8
travel_new_regions,47203224,16.666,6,10,453464233.0,35.221,2.175,8
travel_new_regions,47219893,16.669,6,10,453464829.0,35.221,2.175,8
travel_new_regions,47236558,16.665,6,10,453465425.0,35.221,2.175,8
travel_new_regions,47253218,16.66,6,10,453466017.0,35.221,2.175,8
travel_new_regions,47269895,16.677,6,10,453466613.0,35.221,2.175,7
travel_new_regions,47286559,16.664,6,10,453467209.0,35.221,2.175,8
travel_new_regions,47304635,18.076,6,10,453468309.0,35.221,2.175,8
travel_new_regions,47319890,15.255,6,10,453468905.0,35.221,2.175,8
travel_new_regions,47336539,16.649,6,10,453726729.0,35.221,2.175,8
travel_new_regions,47353207,16.668,6,10,453774645.0,35.221,2.175,8
travel_new_regions,47369871,16.664,6,10,453828765.0,35.221,2.175,7
travel_new_regions,47386565,16.694,6,10,453914769.0,35.221,2.175,8
travel_new_regions,47404317,17.752,6,10,454030713.0,35.221,2.175,7
travel_new_regions,47419866,15.549,6,10,454099465.0,35.221,2.175,8
travel_new_regions,47436540,16.674,6,10,454197649.0,35.221,2.175,7
travel_new_regions,47454201,17.661,6,10,454318701.0,35.221,2.175,8
travel_new_regions,47469883,15.682,6,10,454324517.0,35.221,2.175,9
travel_new_regions,47486543,16.66,6,10,454325109.0,35.221,2.175,8
travel_new_regions,47503226,16.683,6,10,454325705.0,35.221,2.175,8
travel_new_regions,47519877,16.651,6,10,454326301.0,35.221,2.175,8
travel_new_regions,47536532,16.655,6,10,454499845.0,35.221,2.175,8
travel_new_regions,47553208,16.676,6,10,454553117.0,35.221,2.175,8
travel_new_regions,47569879,16.671,6,10,454553713.0,35.221,2.175,8
travel_new_regions,47586538,16.659,6,10,454683845.0,35.221,2.175,8
travel_new_regions,47603192,16.654,6,10,454751737.0,35.221,2.175,8
travel_new_regions,47619865,16.673,6,10,454817973.0,35.221,2.175,8
travel_new_regions,47636530,16.665,6,10,454946981.0,35.221,2.175,7
travel_new_regions,47653220,16.69,6,10,455026649.0,35.221,2.175,8
travel_new_regions,47669877,16.657,6,10,455092485.0,35.221,2.175,8
travel_new_regions,47686539,16.662,6,10,455093081.0,35.221,2.175,9
travel_new_regions,47703190,16.651,6,10,455168377.0,35.221,2.175,7
travel_new_regions,47719858,16.668,6,10,455227585.0,35.221,2.175,8
travel_new_regions,47736531,16.673,6,10,455228181.0,35.221,2.175,8
travel_new_regions,47753199,16.668,6,10,455228777.0,35.221,2.175,8
travel_new_regions,47769868,16.669,6,10,455229373.0,35.221,2.175,7
travel_new_regions,47786524,16.656,6,10,455356737.0,35.221,2.175,8
travel_new_regions,47803185,16.661,6,10,455470257.0,35.221,2.175,7
travel_new_regions,47819856,16.671,6,10,455557789.0,35.221,2.175,8
travel_new_regions,47836520,16.664,6,10,455670765.0,35.221,2.175,7
travel_new_regions,47853196,16.676,6,10,455738385.0,35.221,2.175,8
travel_new_regions,47869850,16.654,6,10,455861641.0,35.221,2.175,7
travel_new_regions,47886518,16.668,6,10,455923889.0,35.221,2.175,8
travel_new_regions,47903197,16.679,6,10,455927965.0,35.221,2.175,8
travel_new_regions,47919861,16.664,6,10,455929689.0,35.221,2.175,7
travel_new_regions,47936524,16.663,6,10,455930285.0,35.221,2.175,8
travel_new_regions,47953192,16.668,6,10,455930881.0,35.221,2.175,8
travel_new_regions,47969861,16.669,6,10,455931477.0,35.221,2.175,7
travel_new_regions,47986518,16.657,6,10,456160445.0,35.221,2.175,7
travel_new_regions,48003187,16.669,6,10,456230461.0,35.221,2.175,8
travel_new_regions,48019847,16.66,6,10,456299697.0,5.64,0.177,8
travel_new_regions,48036517,16.67,6,10,456367209.0,5.64,0.177,8
travel_new_regions,48053178,16.661,6,10,456505937.0,5.64,0.177,8
travel_new_regions,48069850,16.672,6,10,456594033.0,5.64,0.177,8
travel_new_regions,48086520,16.67,6,10,456679213.0,5.64,0.177,8
travel_new_regions,48103185,16.665,6,10,456679801.0,5.64,0.177,7
travel_new_regions,48119850,16.665,6,10,456680389.0,5.64,0.177,7
travel_new_regions,48136517,16.667,6,10,456680977.0,5.64,0.177,7
travel_new_regions,48153185,16.668,6,10,456821305.0,5.64,0.177,8
travel_new_regions,48169838,16.653,6,10,456907189.0,5.64,0.177,8
travel_new_regions,48186512,16.674,6,10,457072013.0,5.64,0.177,8
travel_new_regions,48203172,16.66,6,10,457163621.0,5.64,0.177,8
travel_new_regions,48219843,16.671,6,10,457255573.0,5.64,0.177,7
travel_new_regions,48236501,16.658,6,10,457365589.0,5.64,0.177,8
travel_new_regions,48253167,16.666,6,10,457435909.0,5.64,0.177,7
travel_new_regions,48269840,16.673,6,10,457438757.0,5.64,0.177,7
travel_new_regions,48286513,16.673,6,10,457439345.0,5.64,0.177,8
travel_new_regions,48303333,16.82,6,10,457439929.0,5.64,0.177,8
travel_new_regions,48319832,16.499,6,10,457579857.0,5.64,0.177,18
travel_new_regions,48336514,16.682,6,10,457643729.0,5.64,0.177,7
travel_new_regions,48353163,16.649,4,10,457758141.0,5.64,0.177,8
travel_new_regions,48369834,16.671,4,10,458107305.0,5.64,0.177,7
travel_new_regions,48394205,24.371,2,10,458260845.0,5.64,0.177,18592
travel_new_regions,48407854,13.649,2,14,458038329.0,5.64,0.177,7239
travel_new_regions,48419830,11.976,5,14,457714417.0,5.64,0.177,368
travel_new_regions,48436515,16.685,6,14,458700457.0,5.64,0.177,369
travel_new_regions,48453164,16.649,6,14,460469181.0,5.64,0.177,369
travel_new_regions,48469835,16.671,6,14,460788469.0,5.64,0.177,374
travel_new_regions,48486489,16.654,6,14,461053297.0,5.64,0.177,379
travel_new_regions,48503160,16.671,6,14,461314793.0,5.64,0.177,368
travel_new_regions,48519825,16.665,6,14,461610313.0,5.64,0.177,1607
travel_new_regions,48536933,17.108,6,14,461879913.0,5.64,0.177,365
travel_new_regions,48553172,16.239,6,14,462259485.0,5.64,0.177,373
travel_new_regions,48569828,16.656,4,14,462750041.0,5.64,0.177,547
travel_new_regions,48586483,16.655,4,14,462966945.0,5.64,0.177,365
travel_new_regions,48603143,16.66,2,14,463098393.0,5.64,0.177,8542
travel_new_regions,48619822,16.679,2,14,463118237.0,5.64,0.177,484
travel_new_regions,48636498,16.676,0,14,463417909.0,5.64,0.177,454
travel_new_regions,48653162,16.664,0,14,463636025.0,5.64,0.177,456
travel_new_regions,48670716,17.554,0,14,463858983.0,5.64,0.177,14114
travel_new_regions,48686498,15.782,0,16,464076559.0,5.64,0.177,222
travel_new_regions,48703153,16.655,2,16,463912719.0,5.64,0.177,235
travel_new_regions,48719824,16.671,0,16,464123491.0,5.64,0.177,222
travel_new_regions,48736502,16.678,0,16,464288795.0,5.64,0.177,220
travel_new_regions,48753136,16.634,0,16,464636139.0,5.64,0.177,7068
travel_new_regions,48769822,16.686,0,16,465111223.0,5.64,0.177,294
travel_new_regions,48786489,16.667,0,16,465325751.0,5.64,0.177,291
travel_new_regions,48803142,16.653,1,16,464985095.0,5.64,0.177,293
travel_new_regions,48819825,16.683,0,16,464476955.0,5.64,0.177,297
travel_new_regions,48836485,16.66,0,16,464660783.0,5.64,0.177,294
travel_new_regions,48853144,16.659,0,16,464960299.0,5.64,0.177,8207
travel_new_regions,48869821,16.677,0,18,465593983.0,5.64,0.177,363
travel_new_regions,48886489,16.668,0,18,465826619.0,5.64,0.177,2089
travel_new_regions,48903159,16.67,0,18,466049939.0,5.64,0.177,253
travel_new_regions,48919808,16.649,2,18,464886671.0,5.64,0.177,275
travel_new_regions,48936486,16.678,0,18,465274723.0,5.64,0.177,250
travel_new_regions,48953150,16.664,0,18,465191163.0,5.64,0.177,1577
travel_new_regions,48969816,16.666,0,18,465408907.0,5.64,0.177,11818
travel_new_regions,48986469,16.653,0,18,466034411.0,5.64,0.177,283
travel_new_regions,49003148,16.679,0,18,466317031.0,5.64,0.177,254
travel_new_regions,49019841,16.693,0,18,466530443.0,24.113,0.18,253
travel_new_regions,49037313,17.472,3,18,465730671.0,24.113,0.18,1495
travel_new_regions,49053154,15.841,0,18,466027403.0,24.113,0.18,180
travel_new_regions,49069818,16.664,0,18,466202463.0,24.113,0.18,176
travel_new_regions,49086463,16.645,0,18,466512473.0,24.113,0.18,7622
travel_new_regions,49103171,16.708,0,20,467142017.0,24.113,0.18,263
travel_new_regions,49119807,16.636,0,20,467492269.0,24.113,0.18,258
travel_new_regions,49136478,16.671,0,20,468142373.0,24.113,0.18,1452
travel_new_regions,49153144,16.666,0,20,468381201.0,24.113,0.18,210
travel_new_regions,49169802,16.658,1,20,467124101.0,24.113,0.18,205
travel_new_regions,49186467,16.665,0,20,467555221.0,24.113,0.18,194
travel_new_regions,49203144,16.677,0,20,467783637.0,24.113,0.18,196
travel_new_regions,49219788,16.644,0,20,468083249.0,24.113,0.18,7366
travel_new_regions,49236468,16.68,0,20,468654925.0,24.113,0.18,276
travel_new_regions,49253130,16.662,0,20,469121425.0,24.113,0.18,1561
travel_new_regions,49269800,16.67,0,20,469610505.0,24.113,0.18,186
travel_new_regions,49286470,16.67,0,20,469663205.0,24.113,0.18,184
travel_new_regions,49303140,16.67,2,20,468442037.0,24.113,0.18,192
travel_new_regions,49319810,16.67,0,20,468524369.0,24.113,0.18,196
travel_new_regions,49336470,16.66,0,20,468765501.0,24.113,0.18,183
travel_new_regions,49353127,16.657,0,20,468999355.0,24.113,0.18,7022
travel_new_regions,49369786,16.659,0,22,468934193.0,24.113,0.18,4416
travel_new_regions,49386503,16.717,0,22,469097509.0,24.113,0.18,174
travel_new_regions,49403133,16.63,0,22,469311497.0,24.113,0.18,168
travel_new_regions,49419790,16.657,2,22,468240329.0,24.113,0.18,305
travel_new_regions,49436470,16.68,0,22,468622713.0,24.113,0.18,161
travel_new_regions,49453145,16.675,0,22,468922541.0,24.113,0.18,164
travel_new_regions,49469781,16.636,0,22,469226017.0,24.113,0.18,5809
travel_new_regions,49486451,16.67,0,22,469847005.0,24.113,0.18,230
travel_new_regions,49503124,16.673,0,22,470122641.0,24.113,0.18,1564
travel_new_regions,49519794,16.67,0,22,470359677.0,24.113,0.18,163
travel_new_regions,49536449,16.655,2,22,469410861.0,24.113,0.18,162
travel_new_regions,49553128,16.679,0,22,469461637.0,24.113,0.18,162
travel_new_regions,49569799,16.671,0,22,469678657.0,24.113,0.18,168
travel_new_regions,49586452,16.653,0,22,470346497.0,24.113,0.18,6717
travel_new_regions,49603121,16.669,0,24,470383705.0,24.113,0.18,231
travel_new_regions,49619790,16.669,0,24,470638541.0,24.113,0.18,230
travel_new_regions,49636446,16.656,2,24,469901873.0,24.113,0.18,1531
travel_new_regions,49653120,16.674,0,24,470512989.0,24.113,0.18,228
travel_new_regions,49669793,16.673,0,24,470772245.0,24.113,0.18,3021
travel_new_regions,49686457,16.664,0,24,471090677.0,24.113,0.18,6028
travel_new_regions,49703108,16.651,0,24,471595045.0,24.113,0.18,225
travel_new_regions,49719780,16.672,0,24,472050137.0,24.113,0.18,207
travel_new_regions,49736440,16.66,4,24,471442805.0,24.113,0.18,205
travel_new_regions,49753129,16.689,1,24,471588017.0,24.113,0.18,1397
travel_new_regions,49769803,16.674,0,24,472068461.0,24.113,0.18,142
travel_new_regions,49786430,16.627,0,24,472362717.0,24.113,0.18,6435
travel_new_regions,49803105,16.675,0,26,473078417.0,24.113,0.18,207
travel_new_regions,49819786,16.681,0,26,473277461.0,24.113,0.18,206
travel_new_regions,49836444,16.658,0,26,473497789.0,24.113,0.18,206
travel_new_regions,49853104,16.66,3,26,472283621.0,24.113,0.18,204
travel_new_regions,49869774,16.67,0,26,472872641.0,24.113,0.18,1246
travel_new_regions,49886455,16.681,0,26,473113261.0,24.113,0.18,150
travel_new_regions,49903092,16.637,0,26,473420237.0,24.113,0.18,6292
travel_new_regions,49919771,16.679,0,26,474085065.0,24.113,0.18,204
travel_new_regions,49936433,16.662,0,26,474415341.0,24.113,0.18,201
travel_new_regions,49953106,16.673,0,26,474701541.0,24.113,0.18,203
travel_new_regions,49969779,16.673,0,26,474862361.0,24.113,0.18,1060
travel_new_regions,49986443,16.664,2,26,473698661.0,24.113,0.18,153
travel_new_regions,50003124,16.681,0,26,473747585.0,24.113,0.18,164
travel_new_regions,50019785,16.661,0,26,473960381.0,17.246,0.185,156
travel_new_regions,50036430,16.645,0,26,474264829.0,17.246,0.185,5914
travel_new_regions,50053102,16.672,0,28,474836533.0,17.246,0.185,208
travel_new_regions,50069768,16.666,0,28,475378181.0,17.246,0.185,1375
travel_new_regions,50086438,16.67,0,28,475634349.0,17.246,0.185,152
travel_new_regions,50103109,16.671,0,28,475791333.0,17.246,0.185,147
travel_new_regions,50119768,16.659,2,28,474318101.0,17.246,0.185,139
travel_new_regions,50136456,16.688,0,28,474594053.0,17.246,0.185,143
travel_new_regions,50153110,16.654,0,28,474876513.0,17.246,0.185,148
travel_new_regions,50169761,16.651,0,28,475193453.0,17.246,0.185,6103
travel_new_regions,50186440,16.679,0,28,475523949.0,17.246,0.185,1305
travel_new_regions,50203101,16.661,0,28,475875825.0,17.246,0.185,133
travel_new_regions,50220687,17.586,0,28,476102625.0,17.246,0.185,136
travel_new_regions,50236430,15.743,4,28,475508521.0,17.246,0.185,132
travel_new_regions,50253094,16.664,3,28,476014089.0,17.246,0.185,135
travel_new_regions,50269758,16.664,1,28,476096329.0,17.246,0.185,147
travel_new_regions,50286416,16.658,1,28,476007537.0,17.246,0.185,8548
travel_new_regions,50303084,16.668,1,30,475747649.0,17.246,0.185,5457
travel_new_regions,50319751,16.667,0,30,476006721.0,17.246,0.185,1187
travel_new_regions,50336884,17.133,4,30,475386905.0,17.246,0.185,144
travel_new_regions,50353077,16.193,4,30,476025529.0,17.246,0.185,146
travel_new_regions,50369756,16.679,0,30,475955901.0,17.246,0.185,149
travel_new_regions,50386755,16.999,0,30,475883785.0,17.246,0.185,7806
travel_new_regions,50403063,16.308,0,30,476062101.0,17.246,0.185,209
travel_new_regions,50419723,16.66,0,30,476266293.0,17.246,0.185,218
travel_new_regions,50436608,16.885,0,30,476635681.0,17.246,0.185,202
travel_new_regions,50453078,16.47,0,30,476856717.0,17.246,0.185,1142
travel_new_regions,50469745,16.667,0,30,476905513.0,17.246,0.185,318
travel_new_regions,50486570,16.825,4,30,476340313.0,17.246,0.185,151
travel_new_regions,50503062,16.492,3,30,476775049.0,17.246,0.185,151
travel_new_regions,50519734,16.672,2,30,477246393.0,17.246,0.185,148
travel_new_regions,50536424,16.69,2,30,477347077.0,17.246,0.185,6942
travel_new_regions,50553064,16.64,2,32,477446329.0,17.246,0.185,205
travel_new_regions,50569721,16.657,2,32,477693073.0,17.246,0.185,1911
travel_new_regions,50586425,16.704,0,32,478129825.0,17.246,0.185,121
travel_new_regions,50603071,16.646,0,32,478280985.0,17.246,0.185,125
travel_new_regions,50619738,16.667,0,32,478486781.0,17.246,0.185,124
travel_new_regions,50636392,16.654,4,32,477627369.0,17.246,0.185,124
travel_new_regions,50653056,16.664,3,32,478030621.0,17.246,0.185,122
travel_new_regions,50669726,16.67,0,32,478476737.0,17.246,0.185,1108
travel_new_regions,50686397,16.671,0,32,478571813.0,17.246,0.185,5391
travel_new_regions,50703074,16.677,0,32,478778685.0,17.246,0.185,125
travel_new_regions,50719716,16.642,0,32,478926117.0,17.246,0.185,128
travel_new_regions,50736399,16.683,0,32,479294465.0,17.246,0.185,120
travel_new_regions,50753074,16.675,0,32,479434393.0,17.246,0.185,127
travel_new_regions,50769733,16.659,0,32,479665149.0,17.246,0.185,125
travel_new_regions,50786393,16.66,4,32,479049549.0,17.246,0.185,120
travel_new_regions,50803054,16.661,3,32,479409945.0,17.246,0.185,120
travel_new_regions,50819730,16.676,2,32,479202383.0,17.246,0.185,853
travel_new_regions,50836375,16.645,2,32,479117593.0,17.246,0.185,4564
travel_new_regions,50853056,16.681,2,34,479246697.0,17.246,0.185,128
travel_new_regions,50869711,16.655,2,34,479463861.0,17.246,0.185,128
travel_new_regions,50886381,16.67,2,34,479787137.0,17.246,0.185,133
travel_new_regions,50903058,16.677,0,34,480042973.0,17.246,0.185,129
travel_new_regions,50919721,16.663,0,34,480337873.0,17.246,0.185,128
travel_new_regions,50936379,16.658,4,34,479367981.0,17.246,0.185,124
travel_new_regions,50953040,16.661,3,34,478603361.0,17.246,0.185,126
travel_new_regions,50969710,16.67,2,34,479061997.0,17.246,0.185,988
travel_new_regions,50986372,16.662,2,34,479173673.0,17.246,0.185,7086
travel_new_regions,51003036,16.664,2,34,479308073.0,17.246,0.185,120
travel_new_regions,51019697,16.661,2,34,479525693.0,14.879,0.176,120
travel_new_regions,51036363,16.666,2,34,479861985.0,14.879,0.176,121
travel_new_regions,51053034,16.671,0,34,480218341.0,14.879,0.176,123
travel_new_regions,51069713,16.679,0,34,480381041.0,14.879,0.176,122
travel_new_regions,51086378,16.665,4,34,479986833.0,14.879,0.176,118
travel_new_regions,51103036,16.658,4,34,479844249.0,14.879,0.176,121
travel_new_regions,51119704,16.668,0,34,479985533.0,14.879,0.176,995
travel_new_regions,51136360,16.656,0,34,479901449.0,14.879,0.176,4079
travel_new_regions,51153043,16.683,0,36,480074353.0,14.879,0.176,142
travel_new_regions,51169703,16.66,0,36,480292049.0,14.879,0.176,129
travel_new_regions,51186362,16.659,0,36,480556549.0,14.879,0.176,141
travel_new_regions,51203033,16.671,0,36,480986925.0,14.879,0.176,128
travel_new_regions,51219713,16.68,0,36,481312501.0,14.879,0.176,137
travel_new_regions,51236366,16.653,4,36,480142225.0,14.879,0.176,125
travel_new_regions,51253024,16.658,4,36,480647065.0,14.879,0.176,128
travel_new_regions,51269697,16.673,2,36,480892089.0,14.879,0.176,952
travel_new_regions,51286360,16.663,2,36,480587785.0,14.879,0.176,3526
travel_new_regions,51303053,16.693,2,36,480726657.0,14.879,0.176,115
travel_new_regions,51319693,16.64,2,36,480940185.0,14.879,0.176,221
travel_new_regions,51336364,16.671,2,36,481148437.0,14.879,0.176,112
travel_new_regions,51353019,16.655,2,36,481638409.0,14.879,0.176,111
travel_new_regions,51369699,16.68,0,36,481774793.0,14.879,0.176,112
travel_new_regions,51386374,16.675,0,36,482016309.0,14.879,0.176,125
travel_new_regions,51403024,16.65,4,36,481102349.0,14.879,0.176,112
travel_new_regions,51419694,16.67,3,36,481126557.0,14.879,0.176,1034
travel_new_regions,51436362,16.668,2,36,481687493.0,14.879,0.176,55
travel_new_regions,51453026,16.664,2,36,481528801.0,14.879,0.176,3857
travel_new_regions,51469684,16.658,2,38,480890187.0,14.879,0.176,1535
travel_new_regions,51486360,16.676,2,38,481178283.0,14.879,0.176,98
travel_new_regions,51503019,16.659,2,38,481430675.0,14.879,0.176,100
travel_new_regions,51519694,16.675,0,38,481769003.0,14.879,0.176,96
travel_new_regions,51536361,16.667,0,38,481930303.0,14.879,0.176,97
travel_new_regions,51553025,16.664,4,38,480881123.0,14.879,0.176,94
travel_new_regions,51569688,16.663,3,38,480225259.0,14.879,0.176,777
travel_new_regions,51586355,16.667,2,38,481516527.0,14.879,0.176,59
travel_new_regions,51603015,16.66,2,38,480961639.0,14.879,0.176,3018
travel_new_regions,51619689,16.674,2,38,481077767.0,14.879,0.176,104
travel_new_regions,51636344,16.655,2,38,481317731.0,14.879,0.176,102
travel_new_regions,51653009,16.665,2,38,481602619.0,14.879,0.176,108
travel_new_regions,51669671,16.662,2,38,481829467.0,14.879,0.176,104
travel_new_regions,51686355,16.684,0,38,482085399.0,14.879,0.176,105
travel_new_regions,51703023,16.668,0,38,482242043.0,14.879,0.176,104
travel_new_regions,51719682,16.659,4,38,481464979.0,14.879,0.176,99
travel_new_regions,51736343,16.661,4,38,481490359.0,14.879,0.176,788
travel_new_regions,51753005,16.662,2,38,482057283.0,14.879,0.176,58
travel_new_regions,51769665,16.66,2,38,481755675.0,14.879,0.176,3177
travel_new_regions,51786341,16.676,2,40,482075367.0,14.879,0.176,96
travel_new_regions,51802996,16.655,2,40,482127655.0,14.879,0.176,97
travel_new_regions,51819674,16.678,2,40,482449151.0,14.879,0.176,97
travel_new_regions,51836330,16.656,2,40,482707399.0,14.879,0.176,98
travel_new_regions,51853025,16.695,0,40,483052799.0,14.879,0.176,107
travel_new_regions,51869676,16.651,0,40,483273211.0,14.879,0.176,97
travel_new_regions,51886340,16.664,4,40,482013015.0,14.879,0.176,753
travel_new_regions,51903002,16.662,4,40,482455955.0,14.879,0.176,58
travel_new_regions,51919666,16.664,2,40,482905683.0,14.879,0.176,55
travel_new_regions,51936334,16.668,2,40,482589255.0,14.879,0.176,3490
travel_new_regions,51953004,16.67,2,41,482693235.0,14.879,0.176,99
travel_new_regions,51969667,16.663,2,41,482949011.0,14.879,0.176,103
travel_new_regions,51986337,16.67,2,41,483104699.0,14.879,0.176,100
travel_new_regions,52002993,16.656,2,41,483617231.0,14.879,0.176,102
travel_new_regions,52019685,16.692,0,41,483799323.0,11.795,0.15,102
travel_new_regions,52036337,16.652,0,41,484047699.0,11.795,0.15,100
travel_new_regions,52053001,16.664,4,41,483104855.0,11.795,0.15,719
travel_new_regions,52069665,16.664,4,41,483234923.0,11.795,0.15,62
travel_new_regions,52086329,16.664,3,41,483813095.0,11.795,0.15,62
travel_new_regions,52102992,16.663,3,41,483494523.0,11.795,0.15,3025
travel_new_regions,52119659,16.667,3,46,483629191.0,11.795,0.15,83
travel_new_regions,52136324,16.665,3,46,483743735.0,11.795,0.15,83
travel_new_regions,52152988,16.664,3,46,483996436.0,11.795,0.15,84
travel_new_regions,52169671,16.683,2,46,484385227.0,11.795,0.15,83
travel_new_regions,52186335,16.664,0,46,484554767.0,11.795,0.15,86
travel_new_regions,52202997,16.662,0,46,484711627.0,11.795,0.15,83
travel_new_regions,52219666,16.669,4,46,484128227.0,11.795,0.15,877
travel_new_regions,52236332,16.666,4,46,484018183.0,11.795,0.15,38
travel_new_regions,52252991,16.659,3,46,484169899.0,11.795,0.15,38
travel_new_regions,52269645,16.654,3,46,484112655.0,11.795,0.15,2629
travel_new_regions,52286316,16.671,3,46,484254727.0,11.795,0.15,73
travel_new_regions,52302994,16.678,3,46,484430075.0,11.795,0.15,75
travel_new_regions,52319650,16.656,3,46,484545131.0,11.795,0.15,76
travel_new_regions,52336307,16.657,3,46,484761043.0,11.795,0.15,75
travel_new_regions,52352992,16.685,0,46,485240799.0,11.795,0.15,75
travel_new_regions,52369657,16.665,0,46,485426199.0,11.795,0.15,74
travel_new_regions,52386332,16.675,0,46,485534915.0,11.795,0.15,512
travel_new_regions,52402985,16.653,4,46,484608803.0,11.795,0.15,50
travel_new_regions,52419646,16.661,4,46,484642851.0,11.795,0.15,52
travel_new_regions,52436357,16.711,2,46,485133975.0,11.795,0.15,51
travel_new_regions,52452979,16.622,2,46,484825355.0,11.795,0.15,2954
travel_new_regions,52469643,16.664,2,50,484969751.0,11.795,0.15,79
travel_new_regions,52486314,16.671,2,50,485055471.0,11.795,0.15,80
travel_new_regions,52502979,16.665,2,50,485407219.0,11.795,0.15,82
travel_new_regions,52519639,16.66,2,50,485439863.0,11.795,0.15,82
travel_new_regions,52536319,16.68,2,50,485689175.0,11.795,0.15,80
travel_new_regions,52552986,16.667,0,50,486031019.0,11.795,0.15,664
travel_new_regions,52569646,16.66,0,50,486193431.0,11.795,0.15,47
travel_new_regions,52586312,16.666,4,50,485141107.0,11.795,0.15,44
travel_new_regions,52602987,16.675,4,50,486088555.0,11.795,0.15,47
travel_new_regions,52619648,16.661,3,50,486050859.0,11.795,0.15,46
travel_new_regions,52636302,16.654,3,50,485745359.0,11.795,0.15,2890
travel_new_regions,52652967,16.665,3,50,485891475.0,11.795,0.15,75
travel_new_regions,52669654,16.687,3,50,485977195.0,11.795,0.15,78
travel_new_regions,52686309,16.655,3,50,486211015.0,11.795,0.15,80
travel_new_regions,52702996,16.687,3,50,486378323.0,11.795,0.15,77
travel_new_regions,52719636,16.64,2,50,486757415.0,11.795,0.15,78
travel_new_regions,52736341,16.705,0,50,486983455.0,11.795,0.15,683
travel_new_regions,52752980,16.639,0,50,487040447.0,11.795,0.15,44
travel_new_regions,52769657,16.677,4,50,486013607.0,11.795,0.15,42
travel_new_regions,52786314,16.657,4,50,486449787.0,11.795,0.15,51
travel_new_regions,52802966,16.652,3,50,486807943.0,11.795,0.15,43
travel_new_regions,52819635,16.669,3,50,486434259.0,11.795,0.15,2212
travel_new_regions,52836294,16.659,3,52,485993483.0,11.795,0.15,4013
travel_new_regions,52852961,16.667,3,52,486105747.0,11.795,0.15,63
travel_new_regions,52869630,16.669,3,52,486376307.0,11.795,0.15,62
travel_new_regions,52886292,16.662,0,52,486840151.0,11.795,0.15,61
travel_new_regions,52902967,16.675,0,52,487116795.0,11.795,0.15,69
travel_new_regions,52919633,16.666,4,52,486225331.0,11.795,0.15,503
travel_new_regions,52936315,16.682,4,52,486228999.0,11.795,0.15,32
travel_new_regions,52952965,16.65,3,52,486506751.0,11.795,0.15,32
travel_new_regions,52969620,16.655,3,52,486475695.0,11.795,0.15,2213
travel_new_regions,52986297,16.677,3,52,486704607.0,11.795,0.15,50
travel_new_regions,53002952,16.655,3,52,486800071.0,11.795,0.15,51
travel_new_regions,53019621,16.669,3,52,486948379.0,12.565,0.151,52
travel_new_regions,53036287,16.666,3,52,487155259.0,12.565,0.151,51
travel_new_regions,53052949,16.662,0,52,487614587.0,12.565,0.151,51
travel_new_regions,53069629,16.68,0,52,487778739.0,12.565,0.151,52
travel_new_regions,53086297,16.668,0,52,487901187.0,12.565,0.151,49
travel_new_regions,53102969,16.672,4,52,486957479.0,12.565,0.151,413
travel_new_regions,53119619,16.65,4,52,486957115.0,12.565,0.151,32
travel_new_regions,53136332,16.713,2,52,487429443.0,12.565,0.151,31
travel_new_regions,53152942,16.61,2,52,487171507.0,12.565,0.151,1999
travel_new_regions,53169623,16.681,2,54,487423411.0,12.565,0.151,56
travel_new_regions,53186291,16.668,2,54,487519227.0,12.565,0.151,57
travel_new_regions,53202942,16.651,2,54,487666387.0,12.565,0.151,57
travel_new_regions,53219607,16.665,2,54,487878631.0,12.565,0.151,58
travel_new_regions,53236287,16.68,0,54,488271887.0,12.565,0.151,65
travel_new_regions,53252963,16.676,0,54,488520591.0,12.565,0.151,397
travel_new_regions,53269620,16.657,4,54,487526847.0,12.565,0.151,37
travel_new_regions,53286281,16.661,4,54,487845087.0,12.565,0.151,37
travel_new_regions,53302969,16.688,3,54,488308863.0,12.565,0.151,37
travel_new_regions,53319607,16.638,3,54,488008279.0,12.565,0.151,1885
travel_new_regions,53336303,16.696,3,54,488329847.0,12.565,0.151,57
travel_new_regions,53352957,16.654,3,54,488246923.0,12.565,0.151,61
travel_new_regions,53369609,16.652,3,54,488482467.0,12.565,0.151,60
travel_new_regions,53386278,16.669,3,54,488724915.0,12.565,0.151,64
travel_new_regions,53402940,16.662,0,54,489194195.0,12.565,0.151,61
travel_new_regions,53419631,16.691,0,54,489332019.0,12.565,0.151,57
travel_new_regions,53436286,16.655,0,54,489462023.0,12.565,0.151,511
travel_new_regions,53452944,16.658,4,54,488545871.0,12.565,0.151,34
travel_new_regions,53469611,16.667,4,54,488568983.0,12.565,0.151,32
travel_new_regions,53486270,16.659,3,54,489110287.0,12.565,0.151,32
travel_new_regions,53502935,16.665,3,54,488790999.0,12.565,0.151,1836
travel_new_regions,53519614,16.679,3,56,488920771.0,12.565,0.151,44
travel_new_regions,53536269,16.655,3,56,489238859.0,12.565,0.151,47
travel_new_regions,53552931,16.662,2,56,489532935.0,12.565,0.151,44
travel_new_regions,53569609,16.678,0,56,489851095.0,12.565,0.151,45
travel_new_regions,53586280,16.671,0,56,490069191.0,12.565,0.151,46
travel_new_regions,53602934,16.654,4,56,489162679.0,12.565,0.151,373
travel_new_regions,53619602,16.668,4,56,488999667.0,12.565,0.151,25
travel_new_regions,53636264,16.662,2,56,489497271.0,12.565,0.151,30
travel_new_regions,53652930,16.666,2,56,489347771.0,12.565,0.151,4278
travel_new_regions,53669604,16.674,2,56,489594867.0,12.565,0.151,42
travel_new_regions,53686261,16.657,2,56,489805935.0,12.565,0.151,44
travel_new_regions,53702928,16.667,2,56,490185627.0,12.565,0.151,43
travel_new_regions,53719592,16.664,0,56,490467043.0,12.565,0.151,55
travel_new_regions,53736271,16.679,0,56,490715591.0,12.565,0.151,43
travel_new_regions,53752945,16.674,4,56,490273011.0,12.565,0.151,42
travel_new_regions,53769595,16.65,4,56,489996783.0,12.565,0.151,43
travel_new_regions,53786289,16.694,2,56,490357419.0,12.565,0.151,353
travel_new_regions,53802936,16.647,2,56,490265999.0,12.565,0.151,1206
travel_new_regions,53819609,16.673,2,62,490390495.0,12.565,0.151,41
travel_new_regions,53836255,16.646,2,62,490539019.0,12.565,0.151,41
travel_new_regions,53852916,16.661,2,62,490806035.0,12.565,0.151,40
travel_new_regions,53869591,16.675,2,62,491216159.0,12.565,0.151,39
travel_new_regions,53886264,16.673,0,62,491594439.0,12.565,0.151,40
travel_new_regions,53902936,16.672,0,62,491738007.0,12.565,0.151,39
travel_new_regions,53919588,16.652,4,62,490416175.0,12.565,0.151,37
travel_new_regions,53936259,16.671,4,62,490928687.0,12.565,0.151,398
travel_new_regions,53952942,16.683,3,62,491256811.0,12.565,0.151,21
travel_new_regions,53969587,16.645,3,62,491170127.0,12.565,0.151,1114
travel_new_regions,53986260,16.673,3,62,491312427.0,12.565,0.151,29
travel_new_regions,54002912,16.652,3,62,491460951.0,12.565,0.151,30
travel_new_regions,54019577,16.665,3,62,491724331.0,11.758,0.174,32
travel_new_regions,54036266,16.689,3,62,492119699.0,11.758,0.174,34
travel_new_regions,54052918,16.652,2,62,492466067.0,11.758,0.174,30
travel_new_regions,54069590,16.672,0,62,492728863.0,11.758,0.174,30
travel_new_regions,54086269,16.679,4,62,491501695.0,11.758,0.174,258
travel_new_regions,54102921,16.652,4,62,491541635.0,11.758,0.174,22
travel_new_regions,54119591,16.67,2,62,492014907.0,11.758,0.174,19
travel_new_regions,54136249,16.658,2,62,491926939.0,11.758,0.174,989
travel_new_regions,54152907,16.658,2,66,491024179.0,11.758,0.174,831
travel_new_regions,54169571,16.664,2,66,491244835.0,11.758,0.174,18
travel_new_regions,54186246,16.675,2,66,491598195.0,11.758,0.174,19
travel_new_regions,54202906,16.66,0,66,491912435.0,11.758,0.174,19
travel_new_regions,54219587,16.681,0,66,492144279.0,11.758,0.174,20
travel_new_regions,54236250,16.663,4,66,491017571.0,11.758,0.174,19
travel_new_regions,54252917,16.667,4,66,490838483.0,11.758,0.174,221
travel_new_regions,54269579,16.662,3,66,491807019.0,11.758,0.174,7
travel_new_regions,54286233,16.654,3,66,491365683.0,11.758,0.174,654
travel_new_regions,54302927,16.694,3,66,491506343.0,11.758,0.174,13
travel_new_regions,54319567,16.64,3,66,491720703.0,11.758,0.174,15
travel_new_regions,54336248,16.681,3,66,491845387.0,11.758,0.174,15
travel_new_regions,54352896,16.648,3,66,492057095.0,11.758,0.174,16
travel_new_regions,54369585,16.689,0,66,492538539.0,11.758,0.174,13
travel_new_regions,54386247,16.662,0,66,492717391.0,11.758,0.174,15
travel_new_regions,54402910,16.663,4,66,491678987.0,11.758,0.174,14
travel_new_regions,54419596,16.686,4,66,492104727.0,11.758,0.174,13
travel_new_regions,54436251,16.655,2,66,492691667.0,11.758,0.174,13
travel_new_regions,54452894,16.643,2,66,492623175.0,11.758,0.174,773
travel_new_regions,54469574,16.68,2,68,492719403.0,11.758,0.174,19
travel_new_regions,54486240,16.666,2,68,492940679.0,11.758,0.174,19
travel_new_regions,54502891,16.651,2,68,493246023.0,11.758,0.174,19
travel_new_regions,54519566,16.675,2,68,493627735.0,11.758,0.174,18
travel_new_regions,54536227,16.661,0,68,493723151.0,11.758,0.174,18
travel_new_regions,54552904,16.677,0,68,493988603.0,11.758,0.174,20
travel_new_regions,54569570,16.666,4,68,492838295.0,11.758,0.174,149
travel_new_regions,54586240,16.67,4,68,492866195.0,11.758,0.174,16
travel_new_regions,54602899,16.659,3,68,493612151.0,11.758,0.174,15
travel_new_regions,54619556,16.657,3,68,493371899.0,11.758,0.174,749
travel_new_regions,54636229,16.673,3,68,493469215.0,11.758,0.174,18
travel_new_regions,54652885,16.656,3,68,493694691.0,11.758,0.174,18
travel_new_regions,54669567,16.682,3,68,493981423.0,11.758,0.174,18
travel_new_regions,54686245,16.678,3,68,494333087.0,11.758,0.174,18
travel_new_regions,54702885,16.64,2,68,494680191.0,11.758,0.174,18
travel_new_regions,54719563,16.678,0,68,494917047.0,11.758,0.174,18
travel_new_regions,54736237,16.674,4,68,493938867.0,11.758,0.174,167
travel_new_regions,54752886,16.649,4,68,493778515.0,11.758,0.174,13
travel_new_regions,54769593,16.707,2,68,494175119.0,11.758,0.174,11
travel_new_regions,54786221,16.628,2,68,493981483.0,11.758,0.174,675
travel_new_regions,54802896,16.675,2,70,494116023.0,11.758,0.174,14
travel_new_regions,54819551,16.655,2,70,494379231.0,11.758,0.174,15
travel_new_regions,54836212,16.661,2,70,494664939.0,11.758,0.174,14
travel_new_regions,54852895,16.683,0,70,495010887.0,11.758,0.174,14
travel_new_regions,54869555,16.66,0,70,495170131.0,11.758,0.174,16
travel_new_regions,54886212,16.657,4,70,493812747.0,11.758,0.174,16
travel_new_regions,54902886,16.674,4,70,494173983.0,11.758,0.174,95
travel_new_regions,54919557,16.671,3,70,494402931.0,11.758,0.174,12
travel_new_regions,54936214,16.657,3,70,494348987.0,11.758,0.174,373
travel_new_regions,54952890,16.676,3,70,494566283.0,11.758,0.174,12
travel_new_regions,54969542,16.652,3,70,494674607.0,11.758,0.174,14
travel_new_regions,54986210,16.668,3,70,494897255.0,11.758,0.174,12
travel_new_regions,55002867,16.657,3,70,495218823.0,11.758,0.174,12
travel_new_regions,55019556,16.689,0,70,495647131.0,13.617,0.155,12
travel_new_regions,55036234,16.678,0,70,495728875.0,13.617,0.155,12
travel_new_regions,55052883,16.649,4,70,495137807.0,13.617,0.155,11
travel_new_regions,55069545,16.662,4,70,495328159.0,13.617,0.155,86
travel_new_regions,55086220,16.675,2,70,496283903.0,13.617,0.155,7
travel_new_regions,55102878,16.658,2,70,495615719.0,13.617,0.155,596
travel_new_regions,55119541,16.663,2,73,495761735.0,13.617,0.155,8
travel_new_regions,55136214,16.673,2,73,495859015.0,13.617,0.155,8
travel_new_regions,55152866,16.652,2,73,496119779.0,13.617,0.155,8
travel_new_regions,55169533,16.667,2,73,496319979.0,13.617,0.155,8
travel_new_regions,55186201,16.668,0,73,496730015.0,13.617,0.155,8
travel_new_regions,55202888,16.687,0,73,496915435.0,13.617,0.155,8
travel_new_regions,55219546,16.658,0,73,497083799.0,13.617,0.155,7
travel_new_regions,55236220,16.674,4,73,495774759.0,13.617,0.155,7
travel_new_regions,55252877,16.657,4,73,496400959.0,13.617,0.155,8
travel_new_regions,55269536,16.659,3,73,496522059.0,13.617,0.155,8
travel_new_regions,55286205,16.669,3,73,496211383.0,13.617,0.155,391
travel_new_regions,55302979,16.774,3,74,496429707.0,13.617,0.155,8
travel_new_regions,55319553,16.574,3,74,496526987.0,13.617,0.155,8
travel_new_regions,55336194,16.641,3,74,496787982.0,13.617,0.155,9
travel_new_regions,55352857,16.663,3,74,496988095.0,13.617,0.155,8
travel_new_regions,55369531,16.674,2,74,497404135.0,13.617,0.155,8
travel_new_regions,55386207,16.676,0,74,497677079.0,13.617,0.155,7
travel_new_regions,55402877,16.67,0,74,497750183.0,13.617,0.155,9
travel_new_regions,55419541,16.664,4,74,497296667.0,13.617,0.155,7
travel_new_regions,55436207,16.666,4,74,496884871.0,13.617,0.155,7
travel_new_regions,55452864,16.657,2,74,497167003.0,13.617,0.155,7
travel_new_regions,55469523,16.659,2,74,497027051.0,13.617,0.155,436
travel_new_regions,55486204,16.681,2,78,496645683.0,13.617,0.155,3624
travel_new_regions,55502851,16.647,2,78,496776151.0,13.617,0.155,8
travel_new_regions,55519520,16.669,2,78,497060519.0,13.617,0.155,9
travel_new_regions,55536194,16.674,0,78,497400107.0,13.617,0.155,8
travel_new_regions,55552867,16.673,0,78,497580319.0,13.617,0.155,9
travel_new_regions,55569530,16.663,0,78,497733431.0,13.617,0.155,8
travel_new_regions,55586198,16.668,4,78,496461387.0,13.617,0.155,8
travel_new_regions,55602861,16.663,4,78,496294399.0,13.617,0.155,8
travel_new_regions,55619529,16.668,3,78,497455379.0,13.617,0.155,8
travel_new_regions,55636184,16.655,3,78,497024027.0,13.617,0.155,463
travel_new_regions,55652848,16.664,3,78,497208739.0,13.617,0.155,8
travel_new_regions,55669513,16.665,3,78,497393515.0,13.617,0.155,8
travel_new_regions,55686178,16.665,3,78,497529627.0,13.617,0.155,8
travel_new_regions,55702845,16.667,3,78,497746539.0,13.617,0.155,8
travel_new_regions,55719516,16.671,2,78,498144611.0,13.617,0.155,7
travel_new_regions,55736187,16.671,0,78,498370635.0,13.617,0.155,9
travel_new_regions,55752860,16.673,0,78,498463831.0,13.617,0.155,7
travel_new_regions,55769516,16.656,4,78,497792647.0,13.617,0.155,7
travel_new_regions,55786207,16.691,4,78,497815715.0,13.617,0.155,6
travel_new_regions,55802841,16.634,2,78,498683479.0,13.617,0.155,7
travel_new_regions,55819508,16.667,2,78,498344823.0,13.617,0.155,442
travel_new_regions,55836181,16.673,2,80,498529619.0,13.617,0.155,8
travel_new_regions,55852842,16.661,2,80,498731743.0,13.617,0.155,8
travel_new_regions,55869500,16.658,2,80,498858755.0,13.617,0.155,8
travel_new_regions,55886170,16.67,2,80,499107859.0,13.617,0.155,8
travel_new_regions,55902841,16.671,0,80,499548711.0,13.617,0.155,9
travel_new_regions,55919516,16.675,0,80,499715947.0,13.617,0.155,8
travel_new_regions,55936182,16.666,0,80,499865839.0,13.617,0.155,8
travel_new_regions,55952886,16.704,4,80,498353283.0,13.617,0.155,7
travel_new_regions,55969527,16.641,4,80,498757899.0,13.617,0.155,8
travel_new_regions,55986180,16.653,3,80,499244131.0,13.617,0.155,7
travel_new_regions,56002835,16.655,3,80,498913003.0,13.617,0.155,340
travel_new_regions,56019504,16.669,3,80,499105207.0,11.083,0.226,8
travel_new_regions,56036171,16.667,3,80,499298719.0,11.083,0.226,8
travel_new_regions,56052832,16.661,3,80,499434879.0,11.083,0.226,8
travel_new_regions,56069495,16.663,3,80,499693907.0,11.083,0.226,7
travel_new_regions,56086167,16.672,0,80,500182211.0,11.083,0.226,8
travel_new_regions,56102847,16.68,0,80,500298023.0,11.083,0.226,8
travel_new_regions,56119512,16.665,0,80,500434139.0,11.083,0.226,8
travel_new_regions,56136162,16.65,4,80,499674987.0,11.083,0.226,9
travel_new_regions,56152835,16.673,4,80,499345751.0,11.083,0.226,7
travel_new_regions,56169500,16.665,2,80,499818127.0,11.083,0.226,7
travel_new_regions,56186164,16.664,2,80,499661103.0,11.083,0.226,315
travel_new_regions,56202834,16.67,2,83,499804907.0,11.083,0.226,8
travel_new_regions,56219506,16.672,2,83,499941771.0,11.083,0.226,9
travel_new_regions,56236156,16.65,2,83,500291867.0,11.083,0.226,9
travel_new_regions,56252839,16.683,0,83,500651447.0,11.083,0.226,8
travel_new_regions,56269520,16.681,0,83,500836727.0,11.083,0.226,9
travel_new_regions,56286169,16.649,0,83,500996279.0,11.083,0.226,7
travel_new_regions,56302831,16.662,4,83,500318215.0,11.083,0.226,8
travel_new_regions,56319514,16.683,4,83,499892787.0,11.083,0.226,8
travel_new_regions,56336156,16.642,3,83,500127011.0,11.083,0.226,7
travel_new_regions,56352820,16.664,3,83,500199919.0,11.083,0.226,1385
travel_new_regions,56369486,16.666,3,84,500346027.0,11.083,0.226,7
travel_new_regions,56386165,16.679,3,84,500482891.0,11.083,0.226,7
travel_new_regions,56402812,16.647,3,84,500759750.0,11.083,0.226,8
travel_new_regions,56419494,16.682,3,84,501078987.0,11.083,0.226,8
travel_new_regions,56436158,16.664,0,84,501406459.0,11.083,0.226,9
travel_new_regions,56452834,16.676,0,84,501489751.0,11.083,0.226,12
travel_new_regions,56470263,17.429,4,84,500871323.0,11.083,0.226,7
travel_new_regions,56486159,15.896,4,84,501172551.0,11.083,0.226,7
travel_new_regions,56502823,16.664,2,84,501593899.0,11.083,0.226,8
travel_new_regions,56519477,16.654,2,84,501526395.0,11.083,0.226,161
travel_new_regions,56536146,16.669,2,88,501672879.0,11.083,0.226,7
travel_new_regions,56552824,16.678,2,88,501809743.0,11.083,0.226,9
travel_new_regions,56569481,16.657,2,88,502079723.0,11.083,0.226,8
travel_new_regions,56586151,16.67,2,88,502412575.0,11.083,0.226,8
travel_new_regions,56602815,16.664,0,88,502740979.0,11.083,0.226,10
travel_new_regions,56619498,16.683,0,88,502958955.0,11.083,0.226,8
travel_new_regions,56636434,16.936,4,88,501815319.0,11.083,0.226,7
travel_new_regions,56652813,16.379,4,88,500678455.0,11.083,0.226,7
travel_new_regions,56669497,16.684,3,88,501225211.0,11.083,0.226,9
travel_new_regions,56686136,16.639,3,88,501133283.0,11.083,0.226,106
travel_new_regions,56702819,16.683,3,88,501284027.0,11.083,0.226,7
travel_new_regions,56719474,16.655,3,88,501420891.0,11.083,0.226,8
travel_new_regions,56736138,16.664,3,88,501707367.0,11.083,0.226,8
travel_new_regions,56752816,16.678,3,88,502071463.0,11.083,0.226,8
travel_new_regions,56769474,16.658,2,88,502403343.0,11.083,0.226,7
travel_new_regions,56786159,16.685,0,88,502656555.0,11.083,0.226,9
travel_new_regions,56802805,16.646,4,88,501197891.0,11.083,0.226,7
travel_new_regions,56819478,16.673,4,88,499855247.0,11.083,0.226,8
travel_new_regions,56836138,16.66,2,88,500199299.0,11.083,0.226,8
travel_new_regions,56852800,16.662,2,88,500029675.0,11.083,0.226,140
travel_new_regions,56869470,16.67,2,90,499144719.0,11.083,0.226,720
travel_new_regions,56886131,16.661,2,90,499367735.0,11.083,0.226,8
travel_new_regions,56902809,16.678,2,90,499687687.0,11.083,0.226,8
travel_new_regions,56919476,16.667,0,90,499997695.0,11.083,0.226,8
travel_new_regions,56936141,16.665,0,90,500259783.0,11.083,0.226,8
travel_new_regions,56952789,16.648,4,90,499314371.0,11.083,0.226,9
travel_new_regions,56969467,16.678,4,90,498872359.0,11.083,0.226,28
travel_new_regions,56986150,16.683,3,90,499398995.0,11.083,0.226,7
travel_new_regions,57002796,16.646,3,90,499563491.0,11.083,0.226,152
travel_new_regions,57019461,16.665,3,90,499704183.0,17.253,0.155,9
travel_new_regions,57036129,16.668,3,90,499917491.0,17.253,0.155,8
travel_new_regions,57052794,16.665,3,90,500030891.0,17.253,0.155,8
travel_new_regions,57069458,16.664,3,90,500220115.0,17.253,0.155,8
travel_new_regions,57086126,16.668,0,90,500678659.0,17.253,0.155,8
travel_new_regions,57102805,16.679,0,90,500846139.0,17.253,0.155,8
travel_new_regions,57119548,16.743,4,90,499801699.0,17.253,0.155,8
travel_new_regions,57136135,16.587,4,90,499738435.0,17.253,0.155,8
travel_new_regions,57152792,16.657,2,90,500324667.0,17.253,0.155,8
travel_new_regions,57169461,16.669,2,90,500198859.0,17.253,0.155,88
travel_new_regions,57186131,16.67,2,92,500288975.0,17.253,0.155,8
travel_new_regions,57202782,16.651,2,92,500542083.0,17.253,0.155,13
travel_new_regions,57219449,16.667,2,92,500854847.0,17.253,0.155,8
travel_new_regions,57236116,16.667,2,92,501059015.0,17.253,0.155,7
travel_new_regions,57252798,16.682,0,92,501374331.0,17.253,0.155,8
travel_new_regions,57269461,16.663,0,92,501626119.0,17.253,0.155,8
travel_new_regions,57286123,16.662,4,92,500229131.0,17.253,0.155,8
travel_new_regions,57302813,16.69,4,92,499969271.0,17.253,0.155,8
travel_new_regions,57319455,16.642,3,92,500691383.0,17.253,0.155,8
travel_new_regions,57336129,16.674,2,92,500420271.0,17.253,0.155,110
travel_new_regions,57352831,16.702,2,92,500505083.0,17.253,0.155,8
travel_new_regions,57369453,16.622,2,92,500693207.0,17.253,0.155,8
travel_new_regions,57386120,16.667,2,92,500922435.0,17.253,0.155,8
travel_new_regions,57402797,16.677,2,92,501290715.0,17.253,0.155,8
travel_new_regions,57419466,16.669,0,92,501533831.0,17.253,0.155,8
travel_new_regions,57436130,16.664,0,92,501762587.0,17.253,0.155,8
travel_new_regions,57453690,17.56,4,92,499705511.0,17.253,0.155,7
travel_new_regions,57469456,15.766,4,92,499494979.0,17.253,0.155,8
travel_new_regions,57486124,16.668,2,92,499947335.0,17.253,0.155,8
travel_new_regions,57502785,16.661,2,92,499364543.0,17.253,0.155,127
travel_new_regions,57519455,16.67,2,94,499480183.0,17.253,0.155,8
travel_new_regions,57536106,16.651,2,94,499697731.0,17.253,0.155,9
travel_new_regions,57552779,16.673,0,94,500025763.0,17.253,0.155,7
travel_new_regions,57569447,16.668,0,94,500280943.0,17.253,0.155,8
travel_new_regions,57586117,16.67,0,94,500512103.0,17.253,0.155,8
travel_new_regions,57602768,16.651,4,94,499492359.0,17.253,0.155,8
travel_new_regions,57619454,16.686,4,94,499161671.0,17.253,0.155,8
travel_new_regions,57636105,16.651,3,94,499912347.0,17.253,0.155,7
travel_new_regions,57652767,16.662,3,94,499845751.0,17.253,0.155,100
travel_new_regions,57669445,16.678,3,94,500006499.0,17.253,0.155,8
travel_new_regions,57686099,16.654,3,94,500120671.0,17.253,0.155,8
travel_new_regions,57702779,16.68,3,94,500331431.0,17.253,0.155,8
travel_new_regions,57719430,16.651,2,94,500748603.0,17.253,0.155,7
travel_new_regions,57736108,16.678,0,94,500920907.0,17.253,0.155,8
travel_new_regions,57752776,16.668,0,94,501091475.0,17.253,0.155,8
travel_new_regions,57769435,16.659,4,94,500125095.0,17.253,0.155,7
travel_new_regions,57786105,16.67,4,94,500761611.0,17.253,0.155,8
travel_new_regions,57802768,16.663,2,94,501267799.0,17.253,0.155,7
travel_new_regions,57819442,16.674,2,94,501001263.0,17.253,0.155,122
travel_new_regions,57836106,16.664,2,96,501117195.0,17.253,0.155,8
travel_new_regions,57852757,16.651,2,96,501304375.0,17.253,0.155,9
travel_new_regions,57869426,16.669,2,96,501481771.0,17.253,0.155,8
travel_new_regions,57886092,16.666,2,96,501773563.0,17.253,0.155,7
travel_new_regions,57902773,16.681,0,96,502082855.0,17.253,0.155,8
travel_new_regions,57919441,16.668,0,96,502316251.0,17.253,0.155,9
travel_new_regions,57936106,16.665,4,96,501245163.0,17.253,0.155,7
travel_new_regions,57952760,16.654,4,96,501283939.0,17.253,0.155,8
travel_new_regions,57969426,16.666,2,96,501808063.0,17.253,0.155,7
travel_new_regions,57986087,16.661,2,96,501525431.0,17.253,0.155,106
travel_new_regions,58002767,16.68,2,96,501789995.0,17.253,0.155,8
travel_new_regions,58019419,16.652,2,96,501835211.0,17.371,0.153,8
travel_new_regions,58036084,16.665,2,96,502015259.0,17.371,0.153,7
travel_new_regions,58052753,16.669,2,96,502360727.0,17.371,0.153,8
travel_new_regions,58069435,16.682,0,96,502611107.0,17.371,0.153,8
travel_new_regions,58086100,16.665,0,96,502844539.0,17.371,0.153,8
travel_new_regions,58102752,16.652,4,96,501216851.0,17.371,0.153,8
return_history_control,58119416,16.664,5,96,501128727.0,17.371,0.153,9
return_history_control,58136098,16.682,2,96,501615875.0,17.371,0.153,8
return_history_control,58152765,16.667,0,96,501747871.0,17.371,0.153,7
return_history_control,58169441,16.676,0,96,502005319.0,17.371,0.153,2492
return_history_control,58186120,16.679,0,96,502216867.0,17.371,0.153,19
return_history_control,58215704,29.584,3,96,502466507.0,17.371,0.153,18
return_history_control,58221943,6.239,3,96,502089731.0,17.371,0.153,21
return_history_control,58236109,14.166,2,96,502596031.0,17.371,0.153,18
return_history_control,58252757,16.648,0,96,502628875.0,17.371,0.153,18
return_history_control,58269429,16.672,4,96,502405315.0,17.371,0.153,18
return_history_control,58286103,16.674,4,96,501519599.0,17.371,0.153,18
return_history_control,58302786,16.683,3,96,502028787.0,17.371,0.153,28
return_history_control,58319428,16.642,2,96,501849855.0,17.371,0.153,19
return_history_control,58336111,16.683,1,96,501685391.0,17.371,0.153,18
return_history_control,58352769,16.658,1,96,500552923.0,17.371,0.153,20
return_history_control,58369432,16.663,0,96,501048427.0,17.371,0.153,18
return_history_control,58386104,16.672,0,96,501073495.0,17.371,0.153,18
return_history_control,58402768,16.664,4,96,501348339.0,17.371,0.153,18
return_history_control,58419426,16.658,4,96,500761979.0,17.371,0.153,18
return_history_control,58436100,16.674,3,96,501281315.0,17.371,0.153,18
return_history_control,58452752,16.652,2,96,501106719.0,17.371,0.153,196
return_history_control,58469439,16.687,1,96,501090723.0,17.371,0.153,7
return_history_control,58486086,16.647,1,96,501098987.0,17.371,0.153,9
return_history_control,58502759,16.673,0,96,501516251.0,17.371,0.153,7
return_history_control,58519428,16.669,0,96,501541315.0,17.371,0.153,16
return_history_control,58536088,16.66,4,96,501374075.0,17.371,0.153,8
return_history_control,58552755,16.667,4,96,500617803.0,17.371,0.153,8
return_history_control,58569418,16.663,3,96,501137255.0,17.371,0.153,7
return_history_control,58586079,16.661,2,96,500955211.0,17.371,0.153,8
return_history_control,58602746,16.667,1,96,500961311.0,17.371,0.153,7
return_history_control,58619415,16.669,1,96,500969575.0,17.371,0.153,8
return_history_control,58636096,16.681,0,96,501411655.0,17.371,0.153,7
return_history_control,58652740,16.644,0,96,501436719.0,17.371,0.153,7
return_history_control,58669415,16.675,4,96,501426399.0,17.371,0.153,8
return_history_control,58686084,16.669,4,96,501262411.0,17.371,0.153,8
return_history_control,58702751,16.667,3,96,501783483.0,17.371,0.153,7
return_history_control,58719413,16.662,2,96,501603955.0,17.371,0.153,8
return_history_control,58736080,16.667,1,96,501591623.0,17.371,0.153,7
return_history_control,58752762,16.682,1,96,501597187.0,17.371,0.153,8
return_history_control,58769427,16.665,0,96,501470287.0,17.371,0.153,8
return_history_control,58786082,16.655,0,96,501495111.0,17.371,0.153,8
return_history_control,58802753,16.671,4,96,501486803.0,17.371,0.153,8
return_history_control,58819410,16.657,4,96,501321675.0,17.371,0.153,7
return_history_control,58836092,16.682,3,96,501842747.0,17.371,0.153,7
return_history_control,58852737,16.645,2,96,501658963.0,17.371,0.153,7
return_history_control,58869405,16.668,1,96,501676335.0,17.371,0.153,7
return_history_control,58886072,16.667,1,96,501197299.0,17.371,0.153,8
return_history_control,58902738,16.666,0,96,501697903.0,17.371,0.153,8
return_history_control,58919403,16.665,0,96,501722967.0,17.371,0.153,8
return_history_control,58936079,16.676,4,96,501982063.0,17.371,0.153,8
return_history_control,58952747,16.668,4,96,501408155.0,17.371,0.153,8
return_history_control,58969408,16.661,3,96,501929227.0,17.371,0.153,7
return_history_control,58986073,16.665,2,96,501750459.0,17.371,0.153,7
return_history_control,59002729,16.656,1,96,501745999.0,17.371,0.153,7
return_history_control,59019410,16.681,1,96,501752691.0,29.349,0.167,9
return_history_control,59036082,16.672,0,96,501607275.0,29.349,0.167,9
return_history_control,59052724,16.642,0,96,501632099.0,29.349,0.167,7
return_history_control,59069404,16.68,4,96,501623283.0,29.349,0.167,7
return_history_control,59086069,16.665,4,96,501458155.0,29.349,0.167,7
return_history_control,59102746,16.677,3,96,501979227.0,29.349,0.167,7
return_history_control,59119393,16.647,2,96,501797103.0,29.349,0.167,8
return_history_control,59136063,16.67,1,96,501823279.0,29.349,0.167,8
return_history_control,59152735,16.672,1,96,501288971.0,29.349,0.167,8
return_history_control,59169395,16.66,0,96,501789651.0,29.349,0.167,10
return_history_control,59186058,16.663,0,96,501814719.0,29.349,0.167,8
return_history_control,59202733,16.675,4,96,502063171.0,29.349,0.167,7
return_history_control,59219400,16.667,4,96,501499979.0,29.349,0.167,7
return_history_control,59236063,16.663,3,96,502021051.0,29.349,0.167,7
return_history_control,59252721,16.658,0,96,501840151.0,29.349,0.167,7
return_history_control,59269405,16.684,4,96,501628459.0,29.349,0.167,8
return_history_control,59286058,16.653,4,96,501527323.0,29.349,0.167,8
return_history_control,59302723,16.665,3,96,502046679.0,29.349,0.167,7
return_history_control,59319420,16.697,0,96,501869287.0,29.349,0.167,8
return_history_control,59336056,16.636,4,96,501854351.0,29.349,0.167,7
return_history_control,59352726,16.67,4,96,501549775.0,29.349,0.167,7
return_history_control,59369388,16.662,3,96,502070991.0,29.349,0.167,7
return_history_control,59386062,16.674,0,96,501886851.0,29.349,0.167,8
return_history_control,59402731,16.669,4,96,501675375.0,29.349,0.167,8
return_history_control,59419390,16.659,4,96,501751483.0,29.349,0.167,7
return_history_control,59436061,16.671,3,96,502088207.0,29.349,0.167,7
return_history_control,59452713,16.652,0,96,501917787.0,29.349,0.167,7
return_history_control,59469383,16.67,4,96,501903063.0,29.349,0.167,8
return_history_control,59486054,16.671,4,96,501600303.0,29.349,0.167,7
return_history_control,59502721,16.667,2,96,502121495.0,29.349,0.167,7
return_history_control,59519377,16.656,0,96,501937159.0,29.349,0.167,7
return_history_control,59536059,16.682,4,96,501724711.0,29.349,0.167,8
return_history_control,59552715,16.656,4,96,501623575.0,29.349,0.167,8
return_history_control,59569381,16.666,3,96,502144647.0,29.349,0.167,8
return_history_control,59586036,16.655,0,96,501965443.0,29.349,0.167,7
return_history_control,59602709,16.673,4,96,501950507.0,29.349,0.167,8
return_history_control,59619381,16.672,4,96,501648083.0,29.349,0.167,7
return_history_control,59636053,16.672,3,96,502165603.0,29.349,0.167,8
return_history_control,59652701,16.648,0,96,501982619.0,29.349,0.167,8
return_history_control,59669390,16.689,4,96,501772639.0,29.349,0.167,8
return_history_control,59686044,16.654,4,96,501669715.0,29.349,0.167,8
return_history_control,59702709,16.665,3,96,502190763.0,29.349,0.167,8
return_history_control,59719366,16.657,0,96,502012123.0,29.349,0.167,7
return_history_control,59736042,16.676,4,96,501997187.0,29.349,0.167,7
recovery,59754874,18.832,3,96,501865655.0,29.349,0.167,7
recovery,59769373,14.499,3,96,502294763.0,29.349,0.167,7
recovery,59786061,16.688,2,96,502567243.0,29.349,0.167,7
recovery,59802719,16.658,2,96,502977379.0,29.349,0.167,8
recovery,59819377,16.658,2,96,503168983.0,29.349,0.167,8
recovery,59836045,16.668,2,96,503317255.0,29.349,0.167,8
recovery,59852732,16.687,4,96,503038663.0,29.349,0.167,8
recovery,59869370,16.638,4,96,501877939.0,29.349,0.167,8
recovery,59886027,16.657,4,96,501974591.0,29.349,0.167,8
recovery,59902713,16.686,4,96,502110479.0,29.349,0.167,7
recovery,59919379,16.666,4,96,502200867.0,29.349,0.167,7
recovery,59936030,16.651,4,96,502322735.0,29.349,0.167,8
recovery,59952698,16.668,1,96,502404815.0,29.349,0.167,7
recovery,59969363,16.665,4,96,503050501.0,29.349,0.167,2629
recovery,59986036,16.673,5,96,503404113.0,29.349,0.167,108
recovery,60002696,16.66,5,96,503643421.0,29.349,0.167,108
recovery,60019376,16.68,4,96,503837189.0,18.632,0.174,112
recovery,60036037,16.661,4,96,504168757.0,18.632,0.174,108
recovery,60052703,16.666,4,96,504495121.0,18.632,0.174,108
recovery,60069357,16.654,4,96,504613957.0,18.632,0.174,108
recovery,60086022,16.665,3,96,503742929.0,18.632,0.174,106
recovery,60102694,16.672,3,96,501943793.0,18.632,0.174,108
recovery,60119359,16.665,3,96,500374233.0,18.632,0.174,108
recovery,60136023,16.664,2,96,500491521.0,18.632,0.174,108
recovery,60152693,16.67,2,96,500729153.0,18.632,0.174,108
recovery,60169354,16.661,2,96,500866685.0,18.632,0.174,107
recovery,60186027,16.673,2,96,500985961.0,18.632,0.174,109
recovery,60202698,16.671,1,96,500450309.0,18.632,0.174,105
recovery,60219359,16.661,3,96,499283935.0,18.632,0.174,3777
recovery,60236022,16.663,4,96,498443387.0,18.632,0.174,211
recovery,60252703,16.681,4,96,498426219.0,18.632,0.174,2055
recovery,60269369,16.666,4,96,498426155.0,18.632,0.174,118
recovery,60286041,16.672,4,96,498426759.0,18.632,0.174,117
recovery,60302821,16.78,4,96,498427359.0,18.632,0.174,117
recovery,60319375,16.554,4,96,498316735.0,18.632,0.174,113
recovery,60336031,16.656,4,96,497899779.0,18.632,0.174,118
recovery,60352697,16.666,4,96,497900123.0,18.632,0.174,117
recovery,60369358,16.661,4,96,497900727.0,18.632,0.174,116
recovery,60386012,16.654,4,96,498143387.0,18.632,0.174,117
recovery,60402687,16.675,4,96,498197087.0,18.632,0.174,115
recovery,60419362,16.675,4,96,498197691.0,18.632,0.174,117
recovery,60436026,16.664,4,96,498198799.0,18.632,0.174,112
recovery,60452696,16.67,4,96,498199399.0,18.632,0.174,119
recovery,60469368,16.672,4,96,498200003.0,18.632,0.174,117
recovery,60486012,16.644,4,96,498363455.0,18.632,0.174,115
recovery,60502667,16.655,4,96,498462539.0,18.632,0.174,2000
recovery,60519352,16.685,4,96,498463147.0,18.632,0.174,7
recovery,60536019,16.667,4,96,498463743.0,18.632,0.174,7
recovery,60552688,16.669,4,96,498464339.0,18.632,0.174,7
recovery,60569346,16.658,4,96,498464935.0,18.632,0.174,8
recovery,60586015,16.669,4,96,498465531.0,18.632,0.174,8
recovery,60602676,16.661,4,96,498466127.0,18.632,0.174,8
recovery,60619342,16.666,4,96,498657603.0,18.632,0.174,8
recovery,60636010,16.668,4,96,498711223.0,18.632,0.174,8
recovery,60652669,16.659,4,96,498793771.0,18.632,0.174,7
recovery,60669353,16.684,4,96,498857807.0,18.632,0.174,7
recovery,60686010,16.657,4,96,498918067.0,18.632,0.174,8
recovery,60702664,16.654,4,96,499020667.0,18.632,0.174,7
recovery,60719329,16.665,4,96,499088859.0,18.632,0.174,8
recovery,60736017,16.688,4,96,499145919.0,18.632,0.174,7
recovery,60752666,16.649,4,96,499170931.0,18.632,0.174,8
recovery,60769332,16.666,4,96,499277875.0,18.632,0.174,8
recovery,60786005,16.673,4,96,499342195.0,18.632,0.174,7
recovery,60802661,16.656,3,96,499495239.0,18.632,0.174,7
recovery,60819340,16.679,3,96,499772495.0,18.632,0.174,7
recovery,60835995,16.655,3,96,500009303.0,18.632,0.174,7
recovery,60852674,16.679,3,96,500346563.0,18.632,0.174,8
recovery,60869351,16.677,3,96,500419907.0,18.632,0.174,8
recovery,60885992,16.641,3,96,500533567.0,18.632,0.174,8
recovery,60902659,16.667,4,96,499654511.0,18.632,0.174,7
recovery,60919321,16.662,4,96,497899423.0,18.632,0.174,8
recovery,60936000,16.679,4,96,497158863.0,18.632,0.174,8
recovery,60952656,16.656,4,96,496698739.0,18.632,0.174,9
recovery,60969327,16.671,0,96,496819103.0,18.632,0.174,8
recovery,60986002,16.675,1,96,497272347.0,18.632,0.174,5116
recovery,61002653,16.651,2,96,497562611.0,18.632,0.174,108
recovery,61019321,16.668,4,96,497798027.0,12.441,0.281,107
recovery,61035991,16.67,4,96,497810527.0,12.441,0.281,108
recovery,61052652,16.661,4,96,497869251.0,12.441,0.281,111
recovery,61069316,16.664,4,96,497981679.0,12.441,0.281,112
recovery,61085996,16.68,4,96,498084883.0,12.441,0.281,111
recovery,61102657,16.661,4,96,498144923.0,12.441,0.281,111
recovery,61119312,16.655,4,96,498254123.0,12.441,0.281,119
recovery,61135991,16.679,1,96,497423975.0,12.441,0.281,107
recovery,61152647,16.656,2,96,497265191.0,12.441,0.281,4317
recovery,61169313,16.666,3,96,496523923.0,12.441,0.281,202
recovery,61185990,16.677,3,96,495664903.0,12.441,0.281,199
recovery,61202656,16.666,3,96,495655119.0,12.441,0.281,201
recovery,61219312,16.656,3,96,495732511.0,12.441,0.281,209
recovery,61235980,16.668,3,96,495857831.0,12.441,0.281,210
recovery,61252655,16.675,4,96,495448591.0,12.441,0.281,200
recovery,61269311,16.656,4,96,494279335.0,12.441,0.281,1974
recovery,61285977,16.666,4,96,494077887.0,12.441,0.281,105
recovery,61302687,16.71,4,96,494166763.0,12.441,0.281,104
recovery,61319320,16.633,3,96,494281283.0,12.441,0.281,112
recovery,61335990,16.67,3,96,494561483.0,12.441,0.281,103
recovery,61352670,16.68,3,96,494899855.0,12.441,0.281,108
recovery,61369320,16.65,4,96,495064291.0,12.441,0.281,106
recovery,61385979,16.659,4,96,495069087.0,12.441,0.281,105
recovery,61402645,16.666,4,96,495176567.0,12.441,0.281,113
recovery,61419309,16.664,4,96,495278511.0,12.441,0.281,105
recovery,61435972,16.663,4,96,495372035.0,12.441,0.281,1820
recovery,61452640,16.668,4,96,495432875.0,12.441,0.281,7
recovery,61469300,16.66,4,96,495572459.0,12.441,0.281,8
recovery,61485991,16.691,4,96,494872987.0,12.441,0.281,7
recovery,61502634,16.643,1,96,494003707.0,12.441,0.281,9
recovery,61519305,16.671,3,96,493001699.0,12.441,0.281,4991
recovery,61535966,16.661,4,96,493228459.0,12.441,0.281,89
recovery,61552640,16.674,4,96,493541151.0,12.441,0.281,96
recovery,61569298,16.658,4,96,493535587.0,12.441,0.281,89
recovery,61585967,16.669,4,96,493651607.0,12.441,0.281,90
recovery,61602638,16.671,4,96,493127751.0,12.441,0.281,88
recovery,61619301,16.663,4,96,492354003.0,12.441,0.281,89
recovery,61635967,16.666,4,96,491485719.0,12.441,0.281,91
recovery,61652644,16.677,4,96,491490191.0,12.441,0.281,90
recovery,61669294,16.65,4,96,491539763.0,12.441,0.281,91
recovery,61685965,16.671,3,96,491686519.0,12.441,0.281,89
recovery,61702640,16.675,3,96,491966193.0,12.441,0.281,89
recovery,61719304,16.664,4,96,492223335.0,12.441,0.281,88
recovery,61735964,16.66,4,96,492527871.0,12.441,0.281,88
recovery,61752627,16.663,4,96,492531615.0,12.441,0.281,88
recovery,61769288,16.661,4,96,492664211.0,12.441,0.281,90
recovery,61785959,16.671,4,96,492755339.0,12.441,0.281,92
recovery,61802635,16.676,4,96,492840839.0,12.441,0.281,1469
recovery,61819287,16.652,4,96,492997491.0,12.441,0.281,7
recovery,61835967,16.68,4,96,492262463.0,12.441,0.281,7
recovery,61852642,16.675,4,96,491087759.0,12.441,0.281,9
recovery,61869283,16.641,0,96,490121955.0,12.441,0.281,8
recovery,61886026,16.743,1,96,490426293.0,12.441,0.281,3484
recovery,61902619,16.593,2,96,490721293.0,12.441,0.281,96
recovery,61919293,16.674,2,96,490990001.0,12.441,0.281,87
recovery,61935956,16.663,2,96,491032825.0,12.441,0.281,84
recovery,61952651,16.695,4,96,490286337.0,12.441,0.281,90
recovery,61969296,16.645,4,96,489735785.0,12.441,0.281,91
recovery,61985975,16.679,4,96,489128665.0,12.441,0.281,94
recovery,62002642,16.667,4,96,488085701.0,12.441,0.281,94
recovery,62019284,16.642,4,96,488032977.0,12.323,0.18,93
recovery,62035963,16.679,4,96,488092797.0,12.323,0.18,92
recovery,62052632,16.669,4,96,488147233.0,12.323,0.18,88
recovery,62069297,16.665,1,96,488277333.0,12.323,0.18,97
recovery,62085980,16.683,2,96,488841363.0,12.323,0.18,3756
recovery,62102632,16.652,3,96,489060815.0,12.323,0.18,145
recovery,62119309,16.677,3,96,489318679.0,12.323,0.18,140
recovery,62135944,16.635,3,96,489282791.0,12.323,0.18,142
recovery,62152626,16.682,3,96,489335423.0,12.323,0.18,146
recovery,62169277,16.651,3,96,489431531.0,12.323,0.18,1447
recovery,62185962,16.685,4,96,488969331.0,12.323,0.18,62
recovery,62202614,16.652,4,96,487744259.0,12.323,0.18,65
recovery,62219307,16.693,4,96,487185179.0,12.323,0.18,65
recovery,62235964,16.657,4,96,487246079.0,12.323,0.18,65
recovery,62252606,16.642,4,96,487343923.0,12.323,0.18,64
recovery,62269275,16.669,4,96,487404703.0,12.323,0.18,102
recovery,62285946,16.671,4,96,487538655.0,12.323,0.18,64
recovery,62302619,16.673,4,96,487670659.0,12.323,0.18,62
recovery,62319282,16.663,4,96,487761907.0,12.323,0.18,68
recovery,62335935,16.653,4,96,487827503.0,12.323,0.18,64
recovery,62352619,16.684,4,96,487880427.0,12.323,0.18,64
recovery,62369284,16.665,4,96,487933779.0,12.323,0.18,981
recovery,62385935,16.651,4,96,488027611.0,12.323,0.18,8
recovery,62402658,16.723,4,96,488115683.0,12.323,0.18,11
recovery,62419272,16.614,4,96,488279919.0,12.323,0.18,7
recovery,62435936,16.664,4,96,488339831.0,12.323,0.18,8
recovery,62452611,16.675,4,96,488394975.0,12.323,0.18,11
recovery,62469277,16.666,4,96,488447067.0,12.323,0.18,7
recovery,62485938,16.661,4,96,488542735.0,12.323,0.18,9
recovery,62502602,16.664,4,96,488599095.0,12.323,0.18,7
recovery,62519269,16.667,4,96,488864263.0,12.323,0.18,8
recovery,62535932,16.663,4,96,488955291.0,12.323,0.18,7
recovery,62552593,16.661,4,96,489048115.0,12.323,0.18,7
recovery,62569261,16.668,4,96,489109067.0,12.323,0.18,7
recovery,62585945,16.684,4,96,489163803.0,12.323,0.18,8
recovery,62602591,16.646,4,96,489269643.0,12.323,0.18,11
recovery,62619273,16.682,4,96,489440299.0,12.323,0.18,8
recovery,62635924,16.651,4,96,489576007.0,12.323,0.18,7
recovery,62652615,16.691,4,96,489632111.0,12.323,0.18,7
recovery,62669258,16.643,4,96,489728319.0,12.323,0.18,8
recovery,62685934,16.676,4,96,489788919.0,12.323,0.18,7
recovery,62702586,16.652,4,96,489890651.0,12.323,0.18,7
recovery,62719273,16.687,4,96,490017303.0,12.323,0.18,8
recovery,62735931,16.658,4,96,490279519.0,12.323,0.18,7
recovery,62752584,16.653,4,96,490478647.0,12.323,0.18,8
recovery,62769268,16.684,4,96,490650735.0,12.323,0.18,7
recovery,62785931,16.663,4,96,490813535.0,12.323,0.18,8
recovery,62802587,16.656,4,96,491055903.0,12.323,0.18,8
recovery,62819257,16.67,4,96,491221375.0,12.323,0.18,8
recovery,62835919,16.662,4,96,491376451.0,12.323,0.18,8
recovery,62852579,16.66,4,96,491418799.0,12.323,0.18,7
recovery,62869245,16.666,4,96,491468059.0,12.323,0.18,8
recovery,62885917,16.672,3,96,491507187.0,12.323,0.18,11
recovery,62902614,16.697,3,96,491782007.0,12.323,0.18,8
recovery,62919255,16.641,3,96,492011071.0,12.323,0.18,8
recovery,62935915,16.66,3,96,492309335.0,12.323,0.18,7
recovery,62952598,16.683,3,96,492519787.0,12.323,0.18,8
recovery,62969258,16.66,3,96,492949999.0,12.323,0.18,8
recovery,62985907,16.649,3,96,493142767.0,12.323,0.18,7
recovery,63002576,16.669,4,96,493478671.0,12.323,0.18,7
recovery,63019244,16.668,4,96,493843599.0,10.578,0.183,7
recovery,63035914,16.67,4,96,494108199.0,10.578,0.183,15
recovery,63052571,16.657,4,96,494487635.0,10.578,0.183,7
recovery,63069234,16.663,1,96,494698839.0,10.578,0.183,8
recovery,63085911,16.677,3,96,495112437.0,10.578,0.183,3070
recovery,63102583,16.672,4,96,495385833.0,10.578,0.183,40
recovery,63119238,16.655,4,96,491830069.0,10.578,0.183,42
recovery,63135917,16.679,4,96,491269017.0,10.578,0.183,42
recovery,63152585,16.668,4,96,490100033.0,10.578,0.183,42
recovery,63169232,16.647,4,96,489226933.0,10.578,0.183,40
recovery,63185905,16.673,4,96,487878713.0,10.578,0.183,40
recovery,63202578,16.673,4,96,487218665.0,10.578,0.183,41
recovery,63219257,16.679,4,96,485937281.0,10.578,0.183,42
recovery,63235912,16.655,4,96,484700629.0,10.578,0.183,41
recovery,63252582,16.67,4,96,483406833.0,10.578,0.183,42
recovery,63269244,16.662,4,96,482737833.0,10.578,0.183,44
recovery,63285904,16.66,4,96,481416485.0,10.578,0.183,49
recovery,63302589,16.685,4,96,480780569.0,10.578,0.183,41
recovery,63319240,16.651,4,96,480175205.0,10.578,0.183,45
recovery,63335907,16.667,4,96,480228669.0,10.578,0.183,42
recovery,63352571,16.664,4,96,480326569.0,10.578,0.183,41
recovery,63369227,16.656,4,96,480423165.0,10.578,0.183,595
recovery,63385893,16.666,4,96,480530877.0,10.578,0.183,7
recovery,63402571,16.678,4,96,480581837.0,10.578,0.183,8
recovery,63419252,16.681,4,96,480617077.0,10.578,0.183,8
recovery,63435907,16.655,4,96,480667429.0,10.578,0.183,8
recovery,63452582,16.675,4,96,480676725.0,10.578,0.183,8
recovery,63469230,16.648,4,96,480726945.0,10.578,0.183,7
recovery,63485894,16.664,4,96,480781561.0,10.578,0.183,8
recovery,63502552,16.658,4,96,480837537.0,10.578,0.183,7
recovery,63519220,16.668,4,96,480926277.0,10.578,0.183,8
recovery,63535881,16.661,4,96,481060373.0,10.578,0.183,8
recovery,63552559,16.678,4,96,481118733.0,10.578,0.183,9
recovery,63569214,16.655,4,96,481213689.0,10.578,0.183,8
recovery,63585881,16.667,4,96,481276701.0,10.578,0.183,7
recovery,63602550,16.669,4,96,481380117.0,10.578,0.183,7
recovery,63619216,16.666,4,96,481466873.0,10.578,0.183,8
recovery,63635882,16.666,4,96,481558177.0,10.578,0.183,13
recovery,63652547,16.665,4,96,481621409.0,10.578,0.183,7
recovery,63669218,16.671,4,96,481713725.0,10.578,0.183,7
recovery,63685877,16.659,4,96,481776897.0,10.578,0.183,7
recovery,63702551,16.674,4,96,481830485.0,10.578,0.183,7
recovery,63719221,16.67,4,96,482034081.0,10.578,0.183,7
recovery,63735879,16.658,4,96,482201725.0,10.578,0.183,8
recovery,63752544,16.665,4,96,482377237.0,10.578,0.183,7
recovery,63769216,16.672,4,96,482553109.0,10.578,0.183,8
recovery,63785876,16.66,4,96,482735037.0,10.578,0.183,8
recovery,63802540,16.664,4,96,482908089.0,10.578,0.183,7
recovery,63819208,16.668,4,96,483079301.0,10.578,0.183,8
recovery,63835881,16.673,4,96,483273033.0,10.578,0.183,7
recovery,63852545,16.664,4,96,483321077.0,10.578,0.183,8
recovery,63869214,16.669,4,96,483365173.0,10.578,0.183,7
recovery,63885876,16.662,3,96,483439197.0,10.578,0.183,8
recovery,63902537,16.661,3,96,483696473.0,10.578,0.183,7
recovery,63919220,16.683,3,96,483981177.0,10.578,0.183,7
recovery,63935877,16.657,4,96,484228489.0,10.578,0.183,7
recovery,63952546,16.669,4,96,484515013.0,10.578,0.183,7
recovery,63969212,16.666,4,96,484750349.0,10.578,0.183,7
recovery,63985867,16.655,4,96,485050585.0,10.578,0.183,8
recovery,64002530,16.663,4,96,485332425.0,10.578,0.183,7
recovery,64019197,16.667,4,96,485586729.0,14.989,0.171,7
recovery,64035881,16.684,4,96,485768925.0,14.989,0.171,7
recovery,64052542,16.661,4,96,485922393.0,14.989,0.171,7
recovery,64069196,16.654,4,96,486256865.0,14.989,0.171,7
recovery,64085947,16.751,4,96,486428529.0,14.989,0.171,8
recovery,64102553,16.606,4,96,485952441.0,14.989,0.171,8
recovery,64119225,16.672,4,96,485953541.0,14.989,0.171,8
recovery,64135872,16.647,4,96,486102821.0,14.989,0.171,7
recovery,64152523,16.651,0,96,486190497.0,14.989,0.171,8
recovery,64169195,16.672,5,96,484632697.0,14.989,0.171,3077
recovery,64185868,16.673,6,96,483828889.0,14.989,0.171,69
recovery,64202525,16.657,6,96,483019473.0,14.989,0.171,69
recovery,64219195,16.67,6,96,481869233.0,14.989,0.171,69
recovery,64235858,16.663,6,96,480697961.0,14.989,0.171,70
recovery,64252520,16.662,6,96,480151481.0,14.989,0.171,70
recovery,64269191,16.671,6,96,479082825.0,14.989,0.171,69
recovery,64285863,16.672,6,96,478711325.0,14.989,0.171,69
recovery,64302533,16.67,6,96,478823761.0,14.989,0.171,69
recovery,64319184,16.651,6,96,478889705.0,14.989,0.171,78
recovery,64335869,16.685,5,96,479006421.0,14.989,0.171,70
recovery,64352520,16.651,5,96,479253125.0,14.989,0.171,75
recovery,64369182,16.662,5,96,479504265.0,14.989,0.171,69
recovery,64385857,16.675,5,96,479836745.0,14.989,0.171,68
recovery,64402534,16.677,5,96,479890285.0,14.989,0.171,67
recovery,64419179,16.645,5,96,479961009.0,14.989,0.171,73
recovery,64435860,16.681,5,96,480077053.0,14.989,0.171,69
recovery,64452518,16.658,5,96,480156941.0,14.989,0.171,1083
recovery,64469179,16.661,5,96,480244701.0,14.989,0.171,7
recovery,64485851,16.672,5,96,480358181.0,14.989,0.171,8
recovery,64502513,16.662,5,96,480453173.0,14.989,0.171,8
recovery,64519183,16.67,5,96,480584041.0,14.989,0.171,7
recovery,64535853,16.67,4,96,480702953.0,14.989,0.171,7
recovery,64552511,16.658,4,96,481020865.0,14.989,0.171,7
recovery,64569176,16.665,4,96,481287953.0,14.989,0.171,8
recovery,64585846,16.67,4,96,481599633.0,14.989,0.171,8
recovery,64602514,16.668,4,96,481692682.0,14.989,0.171,7
recovery,64619189,16.675,4,96,481713917.0,14.989,0.171,8
recovery,64635847,16.658,4,96,481793873.0,14.989,0.171,8
recovery,64652505,16.658,4,96,481987441.0,14.989,0.171,8
recovery,64669169,16.664,4,96,482090417.0,14.989,0.171,7
recovery,64685840,16.671,4,96,482185521.0,14.989,0.171,8
recovery,64702508,16.668,4,96,482258825.0,14.989,0.171,7
recovery,64719172,16.664,4,96,482345297.0,14.989,0.171,8
recovery,64735844,16.672,4,96,482459201.0,14.989,0.171,7
recovery,64752510,16.666,4,96,482658605.0,14.989,0.171,7
recovery,64769167,16.657,4,96,482751549.0,14.989,0.171,8
recovery,64785836,16.669,4,96,482874429.0,14.989,0.171,7
recovery,64802515,16.679,4,96,482983957.0,14.989,0.171,8
recovery,64819169,16.654,4,96,483073069.0,14.989,0.171,8
recovery,64835830,16.661,4,96,483159941.0,14.989,0.171,8
recovery,64852497,16.667,4,96,483299321.0,14.989,0.171,7
recovery,64869162,16.665,4,96,483433405.0,14.989,0.171,7
recovery,64885832,16.67,4,96,483573433.0,14.989,0.171,8
recovery,64902495,16.663,4,96,483733797.0,14.989,0.171,8
recovery,64919162,16.667,4,96,483796521.0,14.989,0.171,7
recovery,64935852,16.69,4,96,483904413.0,14.989,0.171,7
recovery,64952495,16.643,4,96,484003309.0,14.989,0.171,7
recovery,64969161,16.666,4,96,484195561.0,14.989,0.171,7
recovery,64985825,16.664,4,96,484293133.0,14.989,0.171,8
recovery,65002494,16.669,4,96,484395733.0,14.989,0.171,8
recovery,65019164,16.67,4,96,484459009.0,15.382,0.231,8
recovery,65035845,16.681,4,96,484521317.0,15.382,0.231,8
recovery,65052489,16.644,4,96,484670277.0,15.382,0.231,7
recovery,65069151,16.662,4,96,484858693.0,15.382,0.231,8
recovery,65085828,16.677,4,96,484939409.0,15.382,0.231,8
recovery,65102497,16.669,4,96,485023061.0,15.382,0.231,7
recovery,65119154,16.657,4,96,485120341.0,15.382,0.231,7
recovery,65135817,16.663,4,96,485181981.0,15.382,0.231,7
recovery,65152497,16.68,4,96,485307385.0,15.382,0.231,8
recovery,65169163,16.666,4,96,485398941.0,15.382,0.231,7
recovery,65185822,16.659,4,96,485573601.0,15.382,0.231,8
recovery,65202495,16.673,4,96,485663225.0,15.382,0.231,6
recovery,65219151,16.656,4,96,485772649.0,15.382,0.231,8
recovery,65235820,16.669,4,96,485854925.0,15.382,0.231,7
recovery,65252476,16.656,4,96,485955069.0,15.382,0.231,7
recovery,65269152,16.676,4,96,486099629.0,15.382,0.231,8
recovery,65285818,16.666,4,96,486214209.0,15.382,0.231,7
recovery,65302475,16.657,4,96,486348817.0,15.382,0.231,7
recovery,65319168,16.693,4,96,486452361.0,15.382,0.231,7
recovery,65335843,16.675,4,96,486536061.0,15.382,0.231,7
recovery,65352508,16.665,4,96,486608305.0,15.382,0.231,8
recovery,65369165,16.657,4,96,486665989.0,15.382,0.231,8
recovery,65385828,16.663,3,96,486832009.0,15.382,0.231,8
recovery,65402479,16.651,3,96,487223669.0,15.382,0.231,7
recovery,65419143,16.664,3,96,487475261.0,15.382,0.231,8
recovery,65435861,16.718,3,96,487752045.0,15.382,0.231,7
recovery,65452497,16.636,4,96,487974213.0,15.382,0.231,7
recovery,65469140,16.643,4,96,488288093.0,15.382,0.231,7
recovery,65485809,16.669,4,96,488524097.0,15.382,0.231,7
recovery,65502471,16.662,4,96,488808373.0,15.382,0.231,8
recovery,65519148,16.677,4,96,489089173.0,15.382,0.231,7
recovery,65535815,16.667,4,96,489373853.0,15.382,0.231,7
recovery,65552469,16.654,4,96,489658133.0,15.382,0.231,7
recovery,65569141,16.672,4,96,490081249.0,15.382,0.231,7
recovery,65585806,16.665,4,96,490380181.0,15.382,0.231,6
recovery,65602469,16.663,4,96,490722017.0,15.382,0.231,7
recovery,65619139,16.67,4,96,491108965.0,15.382,0.231,7
recovery,65635831,16.692,4,96,490638617.0,15.382,0.231,8
recovery,65652469,16.638,4,96,490750813.0,15.382,0.231,8
recovery,65669146,16.677,4,96,490820033.0,15.382,0.231,7
recovery,65685801,16.655,4,96,490884605.0,15.382,0.231,8
recovery,65702471,16.67,4,96,491016353.0,15.382,0.231,7
recovery,65719137,16.666,4,96,491124501.0,15.382,0.231,7
recovery,65735911,16.774,4,96,491370565.0,15.382,0.231,7
recovery,65752466,16.555,4,96,491390233.0,15.382,0.231,8
recovery,65769130,16.664,4,96,491459229.0,15.382,0.231,7
recovery,65785799,16.669,4,96,491518441.0,15.382,0.231,7
recovery,65802466,16.667,4,96,491613689.0,15.382,0.231,7
recovery,65819135,16.669,4,96,491680533.0,15.382,0.231,7
recovery,65835793,16.658,4,96,491875213.0,15.382,0.231,7
recovery,65852460,16.667,4,96,491969917.0,15.382,0.231,8
recovery,65869133,16.673,4,96,492031133.0,15.382,0.231,7
recovery,65885791,16.658,4,96,492135061.0,15.382,0.231,8
recovery,65902464,16.673,4,96,492199993.0,15.382,0.231,7
recovery,65919144,16.68,4,96,492308649.0,15.382,0.231,8
recovery,65935791,16.647,4,96,492425689.0,15.382,0.231,8
recovery,65952466,16.675,4,96,492514625.0,15.382,0.231,8
recovery,65969126,16.66,4,96,492606181.0,15.382,0.231,7
recovery,65985798,16.672,4,96,492765861.0,15.382,0.231,7
recovery,66002468,16.67,4,96,492791061.0,15.382,0.231,7
recovery,66019130,16.662,4,96,492878081.0,7.425,0.199,8
recovery,66035784,16.654,4,96,492989253.0,7.425,0.199,7
recovery,66052447,16.663,4,96,493061085.0,7.425,0.199,7
recovery,66069116,16.669,4,96,493134753.0,7.425,0.199,7
recovery,66085787,16.671,4,96,493225673.0,7.425,0.199,7
recovery,66102465,16.678,4,96,493313029.0,7.425,0.199,8
recovery,66119113,16.648,4,96,493456613.0,7.425,0.199,8
recovery,66135783,16.67,4,96,493530657.0,7.425,0.199,7
recovery,66152453,16.67,4,96,493605989.0,7.425,0.199,7
recovery,66169115,16.662,4,96,493734785.0,7.425,0.199,8
recovery,66185790,16.675,4,96,493807705.0,7.425,0.199,8
recovery,66202461,16.671,4,96,493946601.0,7.425,0.199,9
recovery,66219110,16.649,3,96,494038609.0,7.425,0.199,8
recovery,66235787,16.677,3,96,494423665.0,7.425,0.199,7
recovery,66252453,16.666,3,96,494703805.0,7.425,0.199,8
recovery,66269114,16.661,4,96,494935285.0,7.425,0.199,8
recovery,66285787,16.673,4,96,495259897.0,7.425,0.199,7
recovery,66302449,16.662,4,96,495491325.0,7.425,0.199,7
recovery,66319121,16.672,4,96,495717225.0,7.425,0.199,7
recovery,66335782,16.661,4,96,496166929.0,7.425,0.199,8
recovery,66352456,16.674,4,96,496432345.0,7.425,0.199,7
recovery,66369121,16.665,4,96,496662925.0,7.425,0.199,8
recovery,66385969,16.848,4,96,496988781.0,7.425,0.199,8
recovery,66402445,16.476,4,96,497233437.0,7.425,0.199,8
recovery,66419114,16.669,4,96,497552457.0,7.425,0.199,7
recovery,66435775,16.661,4,96,497787605.0,7.425,0.199,8
recovery,66452447,16.672,4,96,497405685.0,7.425,0.199,7
recovery,66469112,16.665,4,96,497463117.0,7.425,0.199,7
recovery,66485786,16.674,4,96,497587257.0,7.425,0.199,8
recovery,66502426,16.64,4,96,497625185.0,7.425,0.199,7
recovery,66519103,16.677,4,96,497682213.0,7.425,0.199,8
recovery,66535772,16.669,4,96,497781901.0,7.425,0.199,7
recovery,66552473,16.701,4,96,497896149.0,7.425,0.199,7
recovery,66569102,16.629,4,96,497990349.0,7.425,0.199,7
recovery,66585770,16.668,4,96,498051377.0,7.425,0.199,8
recovery,66602434,16.664,4,96,498150061.0,7.425,0.199,8
recovery,66619095,16.661,4,96,498211173.0,7.425,0.199,8
recovery,66635766,16.671,4,96,498303229.0,7.425,0.199,7
recovery,66652429,16.663,4,96,498396465.0,7.425,0.199,8
recovery,66669097,16.668,4,96,498496365.0,7.425,0.199,7
recovery,66685765,16.668,4,96,498565161.0,7.425,0.199,11
recovery,66702431,16.666,4,96,498617521.0,7.425,0.199,7
recovery,66719091,16.66,4,96,498712233.0,7.425,0.199,8
recovery,66735766,16.675,4,96,498770025.0,7.425,0.199,6
recovery,66752440,16.674,4,96,498861113.0,7.425,0.199,8
recovery,66769112,16.672,4,96,498914969.0,7.425,0.199,8
recovery,66785758,16.646,4,96,499023657.0,7.425,0.199,8
recovery,66802422,16.664,4,96,499085221.0,7.425,0.199,8
recovery,66819093,16.671,4,96,499177569.0,7.425,0.199,8
recovery,66835811,16.718,4,96,499261481.0,7.425,0.199,7
recovery,66852433,16.622,4,96,499405061.0,7.425,0.199,7
recovery,66869081,16.648,4,96,499434089.0,7.425,0.199,7
recovery,66885754,16.673,4,96,499499005.0,7.425,0.199,8
recovery,66902420,16.666,4,96,499598445.0,7.425,0.199,7
recovery,66919081,16.661,4,96,499667053.0,7.425,0.199,7
recovery,66935750,16.669,4,96,499784381.0,7.425,0.199,8
recovery,66952415,16.665,4,96,499864073.0,7.425,0.199,8
recovery,66969115,16.7,4,96,499924217.0,7.425,0.199,7
recovery,66985747,16.632,1,96,500028745.0,7.425,0.199,7
recovery,67002415,16.668,2,96,500525913.0,7.425,0.199,3894
recovery,67019083,16.668,3,96,500829545.0,10.373,0.345,82
recovery,67035738,16.655,3,96,501094841.0,10.373,0.345,80
recovery,67052418,16.68,3,96,501403273.0,10.373,0.345,81
recovery,67069084,16.666,3,96,501655817.0,10.373,0.345,79
recovery,67085864,16.78,4,96,501969069.0,10.373,0.345,78
recovery,67102415,16.551,4,96,502159525.0,10.373,0.345,80
recovery,67119122,16.707,4,96,502444309.0,10.373,0.345,90
recovery,67135744,16.622,4,96,502729133.0,10.373,0.345,80
recovery,67152417,16.673,4,96,503044129.0,10.373,0.345,79
recovery,67169082,16.665,4,96,503370137.0,10.373,0.345,81
recovery,67185737,16.655,4,96,503609289.0,10.373,0.345,82
recovery,67202409,16.672,4,96,503839661.0,10.373,0.345,80
recovery,67219087,16.678,4,96,503330597.0,10.373,0.345,80
recovery,67235744,16.657,4,96,503438841.0,10.373,0.345,81
recovery,67252416,16.672,4,96,503497469.0,10.373,0.345,89
recovery,67269070,16.654,4,96,503586189.0,10.373,0.345,82
recovery,67285734,16.664,4,96,503682825.0,10.373,0.345,1124
recovery,67302408,16.674,4,96,503766517.0,10.373,0.345,7
recovery,67319074,16.666,4,96,503830017.0,10.373,0.345,8
recovery,67335735,16.661,4,96,503931721.0,10.373,0.345,7
recovery,67352404,16.669,4,96,503992169.0,10.373,0.345,8
recovery,67369076,16.672,4,96,504046085.0,10.373,0.345,8
recovery,67385750,16.674,4,96,504148677.0,10.373,0.345,8
recovery,67402403,16.653,4,96,504219485.0,10.373,0.345,7
recovery,67419064,16.661,4,96,504307017.0,10.373,0.345,7
recovery,67435740,16.676,4,96,504387045.0,10.373,0.345,7
recovery,67452414,16.674,4,96,504519413.0,10.373,0.345,7
recovery,67469062,16.648,4,96,504584209.0,10.373,0.345,8
recovery,67485729,16.667,4,96,504645661.0,10.373,0.345,7
recovery,67502408,16.679,4,96,504812565.0,10.373,0.345,7
recovery,67519075,16.667,4,96,504813661.0,10.373,0.345,8
recovery,67535719,16.644,4,96,504877433.0,10.373,0.345,8
recovery,67552400,16.681,4,96,504984637.0,10.373,0.345,8
recovery,67569055,16.655,4,96,505088997.0,10.373,0.345,8
recovery,67585721,16.666,4,96,505150453.0,10.373,0.345,7
recovery,67602404,16.683,4,96,505202737.0,10.373,0.345,7
recovery,67619056,16.652,4,96,505303645.0,10.373,0.345,8
recovery,67635719,16.663,4,96,505378125.0,10.373,0.345,7
recovery,67652389,16.67,4,96,505438001.0,10.373,0.345,8
recovery,67669060,16.671,4,96,505577689.0,10.373,0.345,7
recovery,67685719,16.659,4,96,505521881.0,10.373,0.345,8
recovery,67702387,16.668,4,96,505575653.0,10.373,0.345,8
recovery,67719053,16.666,4,96,505695817.0,10.373,0.345,7
recovery,67735722,16.669,4,96,505768229.0,10.373,0.345,8
recovery,67752383,16.661,4,96,505866885.0,10.373,0.345,8
recovery,67769045,16.662,4,96,505934737.0,10.373,0.345,7
recovery,67785715,16.67,3,96,506017897.0,10.373,0.345,7
recovery,67802393,16.678,3,96,506370797.0,10.373,0.345,7
recovery,67819051,16.658,3,96,506621497.0,10.373,0.345,8
recovery,67835709,16.658,3,96,506992753.0,10.373,0.345,7
recovery,67852378,16.669,3,96,507236821.0,10.373,0.345,8
recovery,67869053,16.675,3,96,507545649.0,10.373,0.345,8
recovery,67885708,16.655,3,96,507837545.0,10.373,0.345,7
recovery,67902381,16.673,4,96,508152873.0,10.373,0.345,7
recovery,67919060,16.679,4,96,508445709.0,10.373,0.345,7
recovery,67935718,16.658,4,96,508675841.0,10.373,0.345,7
recovery,67952375,16.657,4,96,508957497.0,10.373,0.345,8
recovery,67969050,16.675,1,96,509285837.0,10.373,0.345,7
recovery,67985729,16.679,3,96,509727971.0,10.373,0.345,2766
recovery,68002380,16.651,4,96,510026859.0,10.373,0.345,55
recovery,68019995,17.615,4,96,509519819.0,17.392,0.269,56
recovery,68035727,15.732,4,96,509760871.0,17.392,0.269,55
recovery,68052378,16.651,4,96,510055331.0,17.392,0.269,56
recovery,68069034,16.656,4,96,510282191.0,17.392,0.269,57
recovery,68085700,16.666,4,96,510233411.0,17.392,0.269,56
recovery,68102372,16.672,4,96,510292499.0,17.392,0.269,58
recovery,68119036,16.664,4,96,510386351.0,17.392,0.269,56
recovery,68135705,16.669,4,96,510453483.0,17.392,0.269,55
recovery,68152383,16.678,4,96,510509519.0,17.392,0.269,56
recovery,68169029,16.646,4,96,510645919.0,17.392,0.269,57
recovery,68185699,16.67,4,96,510715055.0,17.392,0.269,56
recovery,68202367,16.668,4,96,510768999.0,17.392,0.269,57
recovery,68219029,16.662,4,96,510873471.0,17.392,0.269,56
recovery,68235697,16.668,4,96,510939875.0,17.392,0.269,55
recovery,68252377,16.68,4,96,511032071.0,17.392,0.269,54
recovery,68269037,16.66,4,96,511149795.0,17.392,0.269,842
recovery,68285694,16.657,4,96,511223935.0,17.392,0.269,7
recovery,68302385,16.691,4,96,511278767.0,17.392,0.269,8
recovery,68319029,16.644,4,96,511380799.0,17.392,0.269,8
recovery,68335694,16.665,4,96,511476803.0,17.392,0.269,8
recovery,68352361,16.667,4,96,511544023.0,17.392,0.269,8
recovery,68369030,16.669,4,96,511608027.0,17.392,0.269,7
recovery,68385692,16.662,4,96,511756595.0,17.392,0.269,7
recovery,68402358,16.666,4,96,511824071.0,17.392,0.269,7
recovery,68419023,16.665,4,96,511921283.0,17.392,0.269,8
recovery,68435700,16.677,4,96,512095863.0,17.392,0.269,8
recovery,68452357,16.657,4,96,512101543.0,17.392,0.269,7
recovery,68469034,16.677,4,96,512163107.0,17.392,0.269,8
recovery,68485691,16.657,4,96,512215799.0,17.392,0.269,7
recovery,68502354,16.663,4,96,512319931.0,17.392,0.269,8
recovery,68519027,16.673,4,96,512397491.0,17.392,0.269,7
recovery,68535679,16.652,4,96,512495699.0,17.392,0.269,8
recovery,68552356,16.677,4,96,512563551.0,17.392,0.269,7
recovery,68569025,16.669,4,96,512629531.0,17.392,0.269,7
recovery,68585686,16.661,4,96,512777879.0,17.392,0.269,8
recovery,68602345,16.659,4,96,512850535.0,17.392,0.269,8
recovery,68619029,16.684,4,96,512908431.0,17.392,0.269,8
recovery,68635677,16.648,4,96,513028999.0,17.392,0.269,8
recovery,68652346,16.669,4,96,513097011.0,17.392,0.269,8
recovery,68669014,16.668,4,96,513199195.0,17.392,0.269,8
recovery,68685682,16.668,4,96,513294939.0,17.392,0.269,8
recovery,68702350,16.668,4,96,513358031.0,17.392,0.269,8
recovery,68719019,16.669,4,96,513409999.0,17.392,0.269,7
recovery,68735678,16.659,4,96,513522031.0,17.392,0.269,8
recovery,68752344,16.666,4,96,513606359.0,17.392,0.269,7
recovery,68769011,16.667,4,96,513719155.0,17.392,0.269,8
recovery,68785680,16.669,4,96,513796943.0,17.392,0.269,7
recovery,68802361,16.681,4,96,513852447.0,17.392,0.269,8
recovery,68819012,16.651,3,96,513956851.0,17.392,0.269,8
recovery,68835684,16.672,4,96,514197163.0,17.392,0.269,8
recovery,68852341,16.657,4,96,514531551.0,17.392,0.269,8
recovery,68869009,16.668,4,96,514793883.0,17.392,0.269,7
recovery,68885686,16.677,4,96,515104263.0,17.392,0.269,8
recovery,68902348,16.662,4,96,515363735.0,17.392,0.269,7
recovery,68919015,16.667,4,96,515634483.0,17.392,0.269,7
recovery,68935674,16.659,4,96,515924791.0,17.392,0.269,7
recovery,68952358,16.684,4,96,516156755.0,17.392,0.269,7
recovery,68969016,16.658,4,96,516448027.0,17.392,0.269,8
recovery,68985679,16.663,4,96,516776151.0,17.392,0.269,7
recovery,69002384,16.705,4,96,517031619.0,17.392,0.269,7
recovery,69019014,16.63,4,96,517341799.0,8.269,0.168,7
recovery,69037352,18.338,4,96,517603655.0,8.269,0.168,7
recovery,69053290,15.938,4,96,517144087.0,8.269,0.168,8
recovery,69069000,15.71,4,96,517271983.0,8.269,0.168,7
recovery,69085670,16.67,4,96,517347531.0,8.269,0.168,7
recovery,69102337,16.667,4,96,517414663.0,8.269,0.168,8
recovery,69119016,16.679,4,96,517506959.0,8.269,0.168,8
recovery,69135670,16.654,4,96,517602491.0,8.269,0.168,8
recovery,69152338,16.668,4,96,517668367.0,8.269,0.168,10
recovery,69169008,16.67,4,96,517722919.0,8.269,0.168,8
recovery,69185667,16.659,4,96,517850859.0,8.269,0.168,7
recovery,69202331,16.664,4,96,517930915.0,8.269,0.168,11
recovery,69219009,16.678,4,96,517995539.0,8.269,0.168,8
recovery,69237678,18.669,4,96,518144107.0,8.269,0.168,8
recovery,69252325,14.647,4,96,518202171.0,8.269,0.168,8
recovery,69269011,16.686,4,96,518257467.0,8.269,0.168,7
recovery,69287661,18.65,4,96,518374879.0,8.269,0.168,8
recovery,69302349,14.688,4,96,518392523.0,8.269,0.168,7
recovery,69318998,16.649,4,96,518502671.0,8.269,0.168,8
recovery,69338535,19.537,4,96,518594167.0,8.269,0.168,8
recovery,69352343,13.808,4,96,518647863.0,8.269,0.168,7
recovery,69368989,16.646,4,96,518751667.0,8.269,0.168,8
recovery,69387393,18.404,4,96,518863351.0,8.269,0.168,7
recovery,69402345,14.952,4,96,518948811.0,8.269,0.168,7
recovery,69418988,16.643,4,96,519027459.0,8.269,0.168,12
recovery,69437282,18.294,4,96,519082491.0,8.269,0.168,8
recovery,69452315,15.033,4,96,519179139.0,8.269,0.168,8
recovery,69468974,16.659,4,96,519243887.0,8.269,0.168,7
recovery,69487149,18.175,4,96,519301887.0,8.269,0.168,8
recovery,69502327,15.178,4,96,519380791.0,8.269,0.168,8
recovery,69518989,16.662,4,96,519496559.0,8.269,0.168,8
recovery,69535682,16.693,4,96,519557275.0,8.269,0.168,8
recovery,69552338,16.656,4,96,519651663.0,8.269,0.168,8
recovery,69568979,16.641,4,96,519728187.0,8.269,0.168,8
recovery,69585658,16.679,4,96,519796439.0,8.269,0.168,7
recovery,69602308,16.65,4,96,519923411.0,8.269,0.168,8
recovery,69618982,16.674,0,96,520001911.0,8.269,0.168,7
recovery,69635648,16.666,1,96,520452557.0,8.269,0.168,2917
recovery,69652309,16.661,5,96,520727429.0,8.269,0.168,16
recovery,69668984,16.675,5,96,520944929.0,8.269,0.168,20
recovery,69685645,16.661,5,96,521237365.0,8.269,0.168,17
recovery,69702313,16.668,5,96,521432853.0,8.269,0.168,18
recovery,69718997,16.684,5,96,521697165.0,8.269,0.168,18
recovery,69735657,16.66,5,96,521916701.0,8.269,0.168,16
