phase,time_us,frame_ms,queued,sdf_pages,engine_static_bytes
startup,4516377,374.052,0,0,66302540.0
startup,4521477,5.1,0,0,66302144.0
startup,4527578,6.101,0,0,66302536.0
startup,4544803,17.225,0,0,66300662.0
startup,4560945,16.142,0,0,66303442.0
startup,4577599,16.654,0,0,66283148.0
startup,4594260,16.661,0,0,66329714.0
startup,4610942,16.682,0,0,66329704.0
startup,4629713,18.771,0,0,66329800.0
startup,4644272,14.559,0,0,66326696.0
startup,4660922,16.65,0,0,66326692.0
startup,4679612,18.69,0,0,66327632.0
startup,4694266,14.654,0,0,66330428.0
startup,4710934,16.668,0,0,66326484.0
startup,4729505,18.571,0,0,66326972.0
startup,4744936,15.431,0,0,66331540.0
startup,4760923,15.987,0,0,66486216.0
startup,4779529,18.606,0,0,66485820.0
startup,4794257,14.728,0,0,66487024.0
startup,4810938,16.681,0,0,66485788.0
startup,4827650,16.712,0,0,66485062.0
startup,4844254,16.604,0,0,66485788.0
startup,4860917,16.663,0,0,66485062.0
startup,4879593,18.676,0,0,66493840.0
startup,4894242,14.649,0,0,66493830.0
startup,4910915,16.673,0,0,66495764.0
startup,4929493,18.578,0,0,66496896.0
startup,4944316,14.823,0,0,66494102.0
startup,4960909,16.593,0,0,66498032.0
startup,4979401,18.492,0,0,66496842.0
startup,4994239,14.838,0,0,66494444.0
startup,5010927,16.688,0,0,66496436.0
startup,5027586,16.659,0,0,66491760.0
startup,5044271,16.685,0,0,66493776.0
startup,5060906,16.635,0,0,66492799.0
startup,5079579,18.673,0,0,66493260.0
startup,5094238,14.659,0,0,66496900.0
startup,5110913,16.675,0,0,66493776.0
startup,5129465,18.552,0,0,66492724.0
startup,5144249,14.784,0,0,66491092.0
startup,5160898,16.649,0,0,66466862.0
startup,5179368,18.47,0,0,66469304.0
startup,5194231,14.863,0,0,66469276.0
startup,5211058,16.827,0,0,66469396.0
startup,5227563,16.505,0,0,66470328.0
startup,5244241,16.678,0,0,66469802.0
startup,5260899,16.658,0,0,66467206.0
startup,5279568,18.669,0,0,66469816.0
startup,5294229,14.661,0,0,66489662.0
startup,5310922,16.693,0,0,66489662.0
startup,5328227,17.305,0,0,66488532.0
startup,5344232,16.005,0,0,66489680.0
startup,5360895,16.663,0,0,66491656.0
startup,5377608,16.713,0,0,66492788.0
startup,5394227,16.619,0,0,66492788.0
startup,5410895,16.668,0,0,66489662.0
startup,5427558,16.663,0,0,66491648.0
startup,5444229,16.671,0,0,66489734.0
startup,5460888,16.659,0,0,66492146.0
startup,5477558,16.67,0,0,66491712.0
startup,5494224,16.666,0,0,66493302.0
startup,5510946,16.722,0,0,66492122.0
startup,5527556,16.61,0,0,66492444.0
startup,5544226,16.67,0,0,66491208.0
startup,5560884,16.658,0,0,66483538.0
startup,5577562,16.678,0,0,66484070.0
startup,5594237,16.675,0,0,66484066.0
startup,5610892,16.655,0,0,66479764.0
startup,5627551,16.659,0,0,66481644.0
startup,5644223,16.672,0,0,66482712.0
startup,5660882,16.659,0,0,66483526.0
startup,5677560,16.678,0,0,66483526.0
startup,5694219,16.659,0,0,66482832.0
startup,5710891,16.672,0,0,66481334.0
startup,5727543,16.652,0,0,66480588.0
startup,5744223,16.68,0,0,66483234.0
startup,5760878,16.655,0,0,66483152.0
startup,5777557,16.679,0,0,66484070.0
startup,5794217,16.66,0,0,66424776.0
startup,5810895,16.678,4,0,66497684.0
startup,5827553,16.658,4,0,66761068.0
startup,5844222,16.669,3,0,67275480.0
startup,5860898,16.676,0,0,67520096.0
startup,5878591,17.693,4,0,69386428.0
startup,5894358,15.767,4,0,69576724.0
startup,5910884,16.526,3,0,70112316.0
startup,5927551,16.667,0,0,70356708.0
startup,5944211,16.66,3,0,70978814.0
startup,5960881,16.67,3,0,71254878.0
startup,5977560,16.679,1,0,71653430.0
startup,5994218,16.658,0,0,72201734.0
startup,6010886,16.668,3,0,72517790.0
startup,6027540,16.654,3,0,72843202.0
startup,6044212,16.672,1,0,73198770.0
startup,6060928,16.716,1,0,73707142.0
startup,6077554,16.626,5,0,73954596.0
startup,6094207,16.653,5,0,73961610.0
startup,6110874,16.667,5,0,74021260.0
startup,6127530,16.656,5,0,74068646.0
startup,6144360,16.83,5,0,74122370.0
startup,6160867,16.507,5,0,74167670.0
startup,6177545,16.678,5,0,74225202.0
startup,6194198,16.653,5,0,74234658.0
startup,6210863,16.665,5,0,74296058.0
startup,6227526,16.663,5,0,74345636.0
startup,6244196,16.67,5,0,74396658.0
startup,6260863,16.667,5,0,74439728.0
startup,6277534,16.671,5,0,74486698.0
startup,6294192,16.658,5,0,74527206.0
startup,6310866,16.674,5,0,74540070.0
startup,6327520,16.654,5,0,74600658.0
startup,6344192,16.672,5,0,74638486.0
startup,6360856,16.664,5,0,74685346.0
startup,6377541,16.685,5,0,74736938.0
startup,6394197,16.656,5,0,74749118.0
startup,6411060,16.863,5,0,74800446.0
startup,6427526,16.466,5,0,74858028.0
startup,6444190,16.664,5,0,74904702.0
startup,6460851,16.661,5,0,74956878.0
startup,6477523,16.672,5,0,75011562.0
startup,6494194,16.671,5,0,75019278.0
startup,6510861,16.667,5,0,75074118.0
startup,6527514,16.653,5,0,75131432.0
startup,6544197,16.683,5,0,75178286.0
startup,6560845,16.648,5,0,75228914.0
startup,6577699,16.854,5,0,75287118.0
startup,6594646,16.947,5,0,75334210.0
startup,6610853,16.207,5,0,75343654.0
startup,6627511,16.658,5,0,75397078.0
startup,6644503,16.992,5,0,75447654.0
startup,6660848,16.345,5,0,75495814.0
startup,6677512,16.664,5,0,75547550.0
startup,6694369,16.857,5,0,75599742.0
startup,6710846,16.477,5,0,75609198.0
startup,6727503,16.657,5,0,75667662.0
startup,6744303,16.8,5,0,75716218.0
startup,6760838,16.535,5,0,75760886.0
startup,6777516,16.678,5,0,75805562.0
startup,6794179,16.663,5,0,75823690.0
startup,6810843,16.664,5,0,75870742.0
startup,6827508,16.665,5,0,75917762.0
startup,6844422,16.914,5,0,75975970.0
startup,6860838,16.416,5,0,76026222.0
startup,6877507,16.669,5,0,76120922.0
startup,6894173,16.666,5,0,76090670.0
startup,6910842,16.669,5,0,76141510.0
startup,6927499,16.657,5,0,76195508.0
startup,6944171,16.672,5,0,76236146.0
startup,6960838,16.667,5,0,76283586.0
startup,6977708,16.87,5,0,76288802.0
startup,6994177,16.469,5,0,76339590.0
startup,7010834,16.657,5,0,76388690.0
startup,7027501,16.667,5,0,76465078.0
startup,7044295,16.794,5,0,76506906.0
startup,7060855,16.56,5,0,76553214.0
startup,7077512,16.657,5,0,76565398.0
startup,7094173,16.661,5,0,76615350.0
startup,7110829,16.656,5,0,76664858.0
startup,7127491,16.662,5,0,76711930.0
startup,7144167,16.676,5,0,76760922.0
startup,7160827,16.66,5,0,76806133.0
startup,7177504,16.677,5,0,76816390.0
startup,7194163,16.659,5,0,76917974.0
startup,7210830,16.667,5,0,77007658.0
startup,7227496,16.666,5,0,77059898.0
startup,7244405,16.909,5,0,77116210.0
startup,7260845,16.44,5,0,77161130.0
startup,7277501,16.656,5,0,77170270.0
startup,7294158,16.657,5,0,77221558.0
startup,7310823,16.665,5,0,77267754.0
startup,7327487,16.664,5,0,77315774.0
startup,7344161,16.674,3,0,77325878.0
startup,7360840,16.679,4,0,77617434.0
startup,7377497,16.657,4,0,77772266.0
startup,7394158,16.661,4,0,77999426.0
startup,7410831,16.673,4,0,78176734.0
startup,7427491,16.66,4,0,78397110.0
startup,7444160,16.669,4,0,78574718.0
startup,7460818,16.658,4,0,78944262.0
startup,7477489,16.671,4,0,79237926.0
startup,7494151,16.662,4,0,79438758.0
startup,7510819,16.668,4,0,79725486.0
startup,7527638,16.819,4,0,79961606.0
startup,7544147,16.509,4,0,80155216.0
startup,7560824,16.677,4,0,80388102.0
startup,7577490,16.666,4,0,79882106.0
startup,7594138,16.648,4,0,79960350.0
startup,7610858,16.72,4,0,79963826.0
startup,7627484,16.626,4,0,79963830.0
startup,7644149,16.665,4,0,80084726.0
startup,7660810,16.661,4,0,80024458.0
startup,7677477,16.667,4,0,80024458.0
startup,7694143,16.666,4,0,80146022.0
startup,7710814,16.671,4,0,80212326.0
startup,7727461,16.647,4,0,80291342.0
startup,7744141,16.68,4,0,80286130.0
startup,7760803,16.662,4,0,80352786.0
startup,7777526,16.723,4,0,80407518.0
startup,7794132,16.606,4,0,80459518.0
startup,7810867,16.735,4,0,80471698.0
startup,7827465,16.598,4,0,80528626.0
startup,7844138,16.673,4,0,80586918.0
startup,7860794,16.656,4,0,80641786.0
startup,7877472,16.678,4,0,80691098.0
startup,7894291,16.819,4,0,80718852.0
startup,7910930,16.639,4,0,80771894.0
startup,7927466,16.536,4,0,80855198.0
startup,7944134,16.668,4,0,80885850.0
startup,7960802,16.668,4,0,80950650.0
startup,7977467,16.665,4,0,81013590.0
startup,7994122,16.655,4,0,81080390.0
startup,8010875,16.753,4,0,81092402.0
startup,8027456,16.581,4,0,81152482.0
startup,8044136,16.68,4,0,81214126.0
startup,8060798,16.662,4,0,81263318.0
startup,8077468,16.67,4,0,81272022.0
startup,8094134,16.666,4,0,81327574.0
startup,8110789,16.655,4,0,81403110.0
startup,8127458,16.669,4,0,81464134.0
startup,8144124,16.666,4,0,81538986.0
startup,8160787,16.663,4,0,81636050.0
startup,8177460,16.673,4,0,81624102.0
startup,8194114,16.654,4,0,81706250.0
startup,8210878,16.764,4,0,81792550.0
startup,8227449,16.571,4,0,81902814.0
startup,8244118,16.669,4,0,81965298.0
startup,8260776,16.658,4,0,81967234.0
startup,8277457,16.681,4,0,82058686.0
startup,8294121,16.664,4,0,82091230.0
startup,8310876,16.755,4,0,82177962.0
startup,8327445,16.569,4,0,82244768.0
startup,8344117,16.672,4,0,82305374.0
startup,8360918,16.801,4,0,82313422.0
startup,8377448,16.53,4,0,82380650.0
startup,8394108,16.66,4,0,82443966.0
startup,8410780,16.672,4,0,82503986.0
startup,8427438,16.658,4,0,82570306.0
startup,8444336,16.898,4,0,82630998.0
startup,8460776,16.44,4,0,82643174.0
startup,8477448,16.672,4,0,82712666.0
startup,8494108,16.66,4,0,82778874.0
startup,8510773,16.665,4,0,82866114.0
startup,8527443,16.67,4,0,82927754.0
startup,8544113,16.67,4,0,82960038.0
startup,8560960,16.847,4,0,83046946.0
startup,8577444,16.484,4,0,83130102.0
startup,8594101,16.657,4,0,83178318.0
startup,8611472,17.371,4,0,83256770.0
startup,8627437,15.965,4,0,83311512.0
startup,8644145,16.708,4,0,83393526.0
startup,8660932,16.787,4,0,83484102.0
startup,8677436,16.504,4,0,83506466.0
startup,8694097,16.661,4,0,83578762.0
startup,8711437,17.34,4,0,83642662.0
startup,8727431,15.994,4,0,83706934.0
startup,8744098,16.667,4,0,83715634.0
startup,8761408,17.31,4,0,83782374.0
startup,8777438,16.03,4,0,83845522.0
startup,8794095,16.657,4,0,83896634.0
startup,8811508,17.413,4,0,83957054.0
startup,8827434,15.926,4,0,84028402.0
startup,8844103,16.669,4,0,84022062.0
startup,8860946,16.843,4,0,84092824.0
startup,8877428,16.482,4,0,84163794.0
startup,8894084,16.656,4,0,84228698.0
startup,8911362,17.278,4,0,84292714.0
startup,8927440,16.078,4,0,84326638.0
startup,8944097,16.657,4,0,84415978.0
startup,8960750,16.653,3,0,84509046.0
startup,8977417,16.667,4,0,84707886.0
startup,8994089,16.672,4,0,84891314.0
startup,9011375,17.286,4,0,85118966.0
startup,9027423,16.048,4,0,85360774.0
startup,9044089,16.666,4,0,85547185.0
startup,9061706,17.617,4,0,85825502.0
startup,9077419,15.713,4,0,86022798.0
startup,9094081,16.662,4,0,86222922.0
startup,9110955,16.874,4,0,86518822.0
startup,9127409,16.454,4,0,86754010.0
startup,9144150,16.741,4,0,86956114.0
startup,9161043,16.893,4,0,87249302.0
startup,9177421,16.378,4,0,87489874.0
startup,9194324,16.903,4,0,87660326.0
startup,9211329,17.005,4,0,87940486.0
startup,9227414,16.085,4,0,88150450.0
startup,9244086,16.672,4,0,88012713.0
startup,9261543,17.457,4,0,88058047.0
startup,9277414,15.871,4,0,88114355.0
startup,9294072,16.658,4,0,88264143.0
startup,9311427,17.355,4,0,88294035.0
startup,9327410,15.983,4,0,88367427.0
startup,9344137,16.727,4,0,88480431.0
startup,9361295,17.158,4,0,88536819.0
startup,9377416,16.121,4,0,88578459.0
startup,9394074,16.658,4,0,88636495.0
startup,9411277,17.203,4,0,88732315.0
startup,9427407,16.13,4,0,88780163.0
startup,9444097,16.69,4,0,88829075.0
startup,9461780,17.683,4,0,88875303.0
startup,9477422,15.642,4,0,88885743.0
startup,9494085,16.663,4,0,88938695.0
startup,9511646,17.561,4,0,89063811.0
startup,9527408,15.762,4,0,89131859.0
startup,9544074,16.666,4,0,89142051.0
startup,9561502,17.428,4,0,89205315.0
startup,9577402,15.9,4,0,89270411.0
startup,9594058,16.656,4,0,89337871.0
startup,9611370,17.312,4,0,89390827.0
startup,9627393,16.023,4,0,89434155.0
startup,9644061,16.668,4,0,89483511.0
startup,9660935,16.874,4,0,89638995.0
startup,9677403,16.468,4,0,89580319.0
startup,9694062,16.659,4,0,89692267.0
startup,9711313,17.251,4,0,89745691.0
startup,9727379,16.066,4,0,89851747.0
startup,9744099,16.72,4,0,89863251.0
startup,9761349,17.25,4,0,89923467.0
startup,9777397,16.048,4,0,89975531.0
startup,9794050,16.653,4,0,90024019.0
startup,9811517,17.467,4,0,90078579.0
startup,9827386,15.869,4,0,90129543.0
startup,9844083,16.697,4,0,90185175.0
startup,9861403,17.32,4,0,90255047.0
startup,9877398,15.995,4,0,90294959.0
startup,9894046,16.648,4,0,90397925.0
startup,9911429,17.383,4,0,90460311.0
startup,9927389,15.96,4,0,90542633.0
startup,9944062,16.673,4,0,90587875.0
startup,9961432,17.37,4,0,90637099.0
startup,9977395,15.963,4,0,90648807.0
startup,9994051,16.656,4,0,90698159.0
startup,10011435,17.384,4,0,90747635.0
startup,10027410,15.975,4,0,90799119.0
startup,10044257,16.847,4,0,90845723.0
startup,10060707,16.45,4,0,90896739.0
startup,10077379,16.672,4,0,90994419.0
startup,10094039,16.66,4,0,91038107.0
startup,10111779,17.74,4,0,91093813.0
startup,10127383,15.604,4,0,91100971.0
startup,10144050,16.667,4,0,91156611.0
startup,10161327,17.277,4,0,91211511.0
startup,10177378,16.051,4,0,91252451.0
startup,10194032,16.654,4,0,91299711.0
startup,10211588,17.556,4,0,91351579.0
startup,10227368,15.78,3,0,91400795.0
startup,10244041,16.673,4,0,91588399.0
startup,10261103,17.062,4,0,91938239.0
startup,10277383,16.28,4,0,92097935.0
startup,10294040,16.657,4,0,92303431.0
startup,10311511,17.471,4,0,92592219.0
startup,10327379,15.868,4,0,92776387.0
startup,10344037,16.658,4,0,92966417.0
startup,10361412,17.375,4,0,93264163.0
startup,10377374,15.962,4,0,93562927.0
startup,10394028,16.654,4,0,93680567.0
startup,10411382,17.354,4,0,93939099.0
startup,10427374,15.992,4,0,94114383.0
startup,10444042,16.668,4,0,94296175.0
startup,10461045,17.003,4,0,94630159.0
startup,10477374,16.329,4,0,94862565.0
startup,10494027,16.653,4,0,94397919.0
startup,10511455,17.428,4,0,94405675.0
startup,10527362,15.907,4,0,94474351.0
startup,10544029,16.667,4,0,94481311.0
startup,10560700,16.671,4,0,94567831.0
startup,10577457,16.757,4,0,94614635.0
startup,10594021,16.564,4,0,94666143.0
startup,10611804,17.783,4,0,94718151.0
startup,10627356,15.552,4,0,94801723.0
startup,10644030,16.674,4,0,94808283.0
startup,10661674,17.644,4,0,94872747.0
startup,10677361,15.687,4,0,94933119.0
startup,10694020,16.659,4,0,95073491.0
startup,10711537,17.517,4,0,95039359.0
startup,10727345,15.808,4,0,95105387.0
startup,10744031,16.686,4,0,95150907.0
startup,10761452,17.421,4,0,95199899.0
startup,10777359,15.907,4,0,95206887.0
startup,10794015,16.656,4,0,95262511.0
startup,10811488,17.473,4,0,95326455.0
startup,10827349,15.861,4,0,95406771.0
startup,10844024,16.675,4,0,95417211.0
startup,10861534,17.51,4,0,95482823.0
startup,10877353,15.819,4,0,95562095.0
startup,10894011,16.658,4,0,95590519.0
startup,10911462,17.451,4,0,95726311.0
startup,10927352,15.89,4,0,95703083.0
startup,10944008,16.656,4,0,95752663.0
startup,10961456,17.448,4,0,95800451.0
startup,10977478,16.022,4,0,95805671.0
startup,10994007,16.529,4,0,95861939.0
startup,11011505,17.498,4,0,95970547.0
startup,11027352,15.847,4,0,95982971.0
startup,11044014,16.662,4,0,96053647.0
startup,11061487,17.473,4,0,96107579.0
startup,11077352,15.865,4,0,96114539.0
startup,11094009,16.657,4,0,96191871.0
startup,11111880,17.871,4,0,96237939.0
startup,11127339,15.459,4,0,96284267.0
startup,11144016,16.677,4,0,96330707.0
startup,11160682,16.666,4,0,96414063.0
startup,11177345,16.663,4,0,96433671.0
startup,11193997,16.652,4,0,96558087.0
startup,11211562,17.565,4,0,96656475.0
startup,11227341,15.779,4,0,96666915.0
startup,11243999,16.658,4,0,96725619.0
startup,11261478,17.479,4,0,96783139.0
startup,11277338,15.86,4,0,96831883.0
startup,11293992,16.654,4,0,96886239.0
startup,11311840,17.848,4,0,96893023.0
startup,11327334,15.494,4,0,96951479.0
startup,11343998,16.664,4,0,97066735.0
startup,11361791,17.793,4,0,97122451.0
startup,11377334,15.543,4,0,97213479.0
startup,11394000,16.666,4,0,97331323.0
startup,11411805,17.805,4,0,97423991.0
startup,11427334,15.529,4,0,97434431.0
startup,11443991,16.657,4,0,97525599.0
startup,11461684,17.693,4,0,97605207.0
startup,11477338,15.654,4,0,97663307.0
startup,11493991,16.653,4,0,97722391.0
startup,11511536,17.545,4,0,97826927.0
startup,11527328,15.792,4,0,97905857.0
startup,11543999,16.671,4,0,97967667.0
startup,11561679,17.68,4,0,98023755.0
startup,11577315,15.636,4,0,98079867.0
startup,11593979,16.664,4,0,98127879.0
startup,11611546,17.567,4,0,98179435.0
startup,11627309,15.763,1,0,98392679.0
startup,11643981,16.672,4,0,98750137.0
startup,11661506,17.525,4,0,99206941.0
startup,11677369,15.863,3,0,99448429.0
startup,11694168,16.799,2,0,99751877.0
startup,11711496,17.328,1,0,100071901.0
startup,11727307,15.811,1,0,100766087.0
startup,11743982,16.675,3,0,100966055.0
startup,11761478,17.496,3,0,101514095.0
startup,11777312,15.834,3,0,101744819.0
startup,11793972,16.66,0,0,102067515.0
startup,11811471,17.499,4,0,102572337.0
startup,11827314,15.843,3,0,102869497.0
startup,11843983,16.669,3,0,103468153.0
startup,11861470,17.487,0,0,103488845.0
startup,11877885,16.415,4,0,104033697.0
startup,11893975,16.09,4,0,104178921.0
startup,11911500,17.525,2,0,104151356.0
startup,11927308,15.808,0,0,104513284.0
startup,11943963,16.655,3,0,104875092.0
startup,11961491,17.528,3,0,105142158.0
startup,11977309,15.818,1,0,105482282.0
startup,11995416,18.107,2,0,105924296.0
startup,12011480,16.064,3,0,106274134.0
startup,12027294,15.814,4,0,106788030.0
startup,12043968,16.674,4,0,107122798.0
startup,12061493,17.525,0,0,107459950.0
startup,12081630,20.137,4,0,108133110.0
startup,12093966,12.336,4,0,108392326.0
startup,12111487,17.521,3,0,108932748.0
startup,12127294,15.807,2,0,109199488.0
startup,12143965,16.671,2,0,109465278.0
startup,12162810,18.845,2,0,109818156.0
startup,12177296,14.486,3,0,110175384.0
startup,12193951,16.655,3,0,110483472.0
startup,12211589,17.638,1,0,110806500.0
startup,12228597,17.008,1,0,111242258.0
startup,12244014,15.417,3,0,111419042.0
startup,12262941,18.927,3,0,111841234.0
startup,12277294,14.353,1,0,112197508.0
startup,12296390,19.096,1,0,112525028.0
startup,12311484,15.094,4,0,112734028.0
startup,12328798,17.314,3,0,113210720.0
startup,12343957,15.159,3,0,113284080.0
startup,12360647,16.69,0,0,113623608.0
startup,12384132,23.485,3,0,114196392.0
startup,12394252,10.12,3,0,114467824.0
startup,12411487,17.235,3,0,114834288.0
startup,12427284,15.797,3,0,115260728.0
startup,12443956,16.672,1,0,115679368.0
startup,12465089,21.133,1,0,116357714.0
startup,12477301,12.212,3,0,116568326.0
startup,12495541,18.24,3,0,116934010.0
startup,12511500,15.959,4,0,117340290.0
startup,12527446,15.946,3,0,117784022.0
startup,12543961,16.515,1,0,117919902.0
startup,12565463,21.502,1,0,118494472.0
startup,12577692,12.229,4,0,118885216.0
startup,12596794,19.102,3,0,119209196.0
startup,12611476,14.682,3,0,119668020.0
startup,12627277,15.801,0,0,119845908.0
startup,12648551,21.274,4,0,120410920.0
startup,12660859,12.308,5,0,120648048.0
startup,12677410,16.551,4,0,120877024.0
startup,12693941,16.531,3,0,121254004.0
startup,12711479,17.538,4,0,121781160.0
startup,12727281,15.802,3,0,122127852.0
startup,12743948,16.667,1,0,122405660.0
startup,12766521,22.573,1,0,123065704.0
startup,12777277,10.756,5,0,123471756.0
startup,12793996,16.719,3,0,123954320.0
startup,12816806,22.81,4,0,124598634.0
startup,12827265,10.459,3,0,124819128.0
startup,12843928,16.663,4,0,125247998.0
startup,12861473,17.545,2,0,125756746.0
startup,12883670,22.197,3,0,126287698.0
startup,12905086,21.416,3,0,126811478.0
startup,12915324,10.238,3,0,127118326.0
startup,12927266,11.942,3,0,127638222.0
startup,12943943,16.677,1,0,128038430.0
startup,12968780,24.837,1,0,128646658.0
startup,12977267,8.487,3,0,128676410.0
startup,12997586,20.319,3,0,129068528.0
startup,13011437,13.851,4,0,129395872.0
startup,13027264,15.827,3,0,130050964.0
startup,13043941,16.677,1,0,130068192.0
startup,13067546,23.605,1,0,130901746.0
startup,13077280,9.734,5,0,131308090.0
startup,13093935,16.655,3,0,131421742.0
startup,13117425,23.49,4,0,132204174.0
startup,13127253,9.828,4,0,132476538.0
startup,13143929,16.676,4,0,133041186.0
startup,13161450,17.521,2,0,133443738.0
startup,13186292,24.842,3,0,134198136.0
startup,13208097,21.805,3,0,134666450.0
startup,13218379,10.282,4,0,134905942.0
startup,13227246,8.867,3,0,135191304.0
startup,13243935,16.689,1,0,135536554.0
startup,13267256,23.321,1,0,136025778.0
startup,13277261,10.005,5,0,136473396.0
startup,13293918,16.657,3,0,136731046.0
startup,13318802,24.884,4,0,137881066.0
startup,13327234,8.432,4,0,137638838.0
startup,13343922,16.688,4,0,138014518.0
startup,13361449,17.527,2,0,138316966.0
startup,13386702,25.253,3,0,139135630.0
startup,13412427,25.725,3,0,139456986.0
startup,13422097,9.67,4,0,139675258.0
startup,13431550,9.453,4,0,139963650.0
startup,13445751,14.201,4,0,140206842.0
startup,13462410,16.659,4,0,140543386.0
startup,13479078,16.668,4,0,140823626.0
startup,13495747,16.669,4,0,141062874.0
startup,13512414,16.667,4,0,141255434.0
startup,13529078,16.664,4,0,141525246.0
startup,13545744,16.666,4,0,141753486.0
startup,13562403,16.659,4,0,142030536.0
startup,13579073,16.67,4,0,142312846.0
startup,13595737,16.664,4,0,142506590.0
startup,13612403,16.666,4,0,142788782.0
startup,13629221,16.818,4,0,143067086.0
startup,13645743,16.522,4,0,143143774.0
startup,13662415,16.672,4,0,143435234.0
startup,13679080,16.665,4,0,143730478.0
startup,13695734,16.654,3,0,143926942.0
startup,13712399,16.665,4,0,144162442.0
startup,13729061,16.662,4,0,144509222.0
startup,13745727,16.666,4,0,144713582.0
startup,13762400,16.673,4,0,144985426.0
startup,13779065,16.665,1,0,145333304.0
startup,13805258,26.193,2,0,145592924.0
startup,13814701,9.443,5,0,145878062.0
startup,13829058,14.357,5,0,146171898.0
startup,13845729,16.671,5,0,146406254.0
startup,13862401,16.672,5,0,146617582.0
startup,13879208,16.807,5,0,146885606.0
startup,13895727,16.519,5,0,147239618.0
startup,13912679,16.952,5,0,147531030.0
startup,13929064,16.385,5,0,147767266.0
startup,13945733,16.669,5,0,147842342.0
startup,13962590,16.857,5,0,148263638.0
startup,13979058,16.468,5,0,148580858.0
startup,13995720,16.662,5,0,148743292.0
startup,14012391,16.671,5,0,149124890.0
startup,14029061,16.67,5,0,149339998.0
startup,14045731,16.67,5,0,149419502.0
startup,14062391,16.66,5,0,149772262.0
startup,14079057,16.666,5,0,150066316.0
startup,14095724,16.667,5,0,150185310.0
startup,14112389,16.665,5,0,150463332.0
startup,14129057,16.668,5,0,150704070.0
startup,14145723,16.666,5,0,150782510.0
startup,14162388,16.665,5,0,151146254.0
startup,14179053,16.665,5,0,151454930.0
startup,14195728,16.675,5,0,151655942.0
startup,14212392,16.664,5,0,151896914.0
startup,14229043,16.651,5,0,152240370.0
startup,14245713,16.67,5,0,152522038.0
startup,14262377,16.664,5,0,152860050.0
startup,14279047,16.67,5,0,153119254.0
startup,14295707,16.66,5,0,153194164.0
startup,14312384,16.677,5,0,153354118.0
startup,14329039,16.655,5,0,153620850.0
startup,14345709,16.67,5,0,153726402.0
startup,14362365,16.656,5,0,153830908.0
startup,14379042,16.677,5,0,153947786.0
startup,14395706,16.664,5,0,153944694.0
startup,14412364,16.658,5,0,154001714.0
startup,14429033,16.669,5,0,154049284.0
startup,14445700,16.667,5,0,154092954.0
startup,14462436,16.736,5,0,154145570.0
startup,14479039,16.603,5,0,154189910.0
startup,14495699,16.66,5,0,154241242.0
startup,14512369,16.67,5,0,154302072.0
startup,14529030,16.661,5,0,154360686.0
startup,14545698,16.668,5,0,154440134.0
startup,14562373,16.675,5,0,154452314.0
startup,14579036,16.663,5,0,154506010.0
startup,14595697,16.661,5,0,154561242.0
startup,14612362,16.665,5,0,154614724.0
startup,14629024,16.662,5,0,154663106.0
startup,14645697,16.673,5,0,154754886.0
startup,14662363,16.666,5,0,154813638.0
startup,14679034,16.671,5,0,154819862.0
startup,14695691,16.657,5,0,154886858.0
startup,14712356,16.665,5,0,154967658.0
startup,14729019,16.663,5,0,155020658.0
startup,14745701,16.682,5,0,155031098.0
startup,14762370,16.669,5,0,155084234.0
startup,14779028,16.658,5,0,155134242.0
startup,14795687,16.659,5,0,155202950.0
startup,14812353,16.666,5,0,155284466.0
startup,14829017,16.664,5,0,155330022.0
startup,14845694,16.677,5,0,155340462.0
startup,14862363,16.669,5,0,155400334.0
startup,14879016,16.653,5,0,155487266.0
startup,14895684,16.668,5,0,155542770.0
startup,14912366,16.682,5,0,155600764.0
startup,14929015,16.649,5,0,155647122.0
startup,14945679,16.664,5,0,155702522.0
startup,14962368,16.689,5,0,155735166.0
startup,14979023,16.655,5,0,155796318.0
startup,14995678,16.655,5,0,155855166.0
startup,15012357,16.679,5,0,155865606.0
startup,15031579,19.222,5,0,155962010.0
startup,15045678,14.099,5,0,156007402.0
startup,15062343,16.665,5,0,156062026.0
startup,15079011,16.668,5,0,156116840.0
startup,15095681,16.67,4,0,156119846.0
startup,15112352,16.671,4,0,156486974.0
startup,15129013,16.661,4,0,156745614.0
startup,15145685,16.672,4,0,156788350.0
startup,15162350,16.665,4,0,157064886.0
startup,15179008,16.658,4,0,157369050.0
startup,15195671,16.663,4,0,157508700.0
startup,15212389,16.718,4,0,157768820.0
startup,15229004,16.615,4,0,158001698.0
startup,15245673,16.669,4,0,158079230.0
startup,15262345,16.672,4,0,158372906.0
startup,15279004,16.659,4,0,158748898.0
startup,15296676,17.672,4,0,158843562.0
startup,15312341,15.665,4,0,159089978.0
startup,15329009,16.668,4,0,159313706.0
startup,15345664,16.655,4,0,159361450.0
startup,15362337,16.673,4,0,159530426.0
startup,15379007,16.67,4,0,159787014.0
startup,15395671,16.664,4,0,159820538.0
startup,15412340,16.669,4,0,159314998.0
startup,15428998,16.658,4,0,159492450.0
startup,15445662,16.664,4,0,159550588.0
startup,15462326,16.664,4,0,159608350.0
startup,15479001,16.675,4,0,159616022.0
startup,15495661,16.66,4,0,159676250.0
startup,15512326,16.665,4,0,159741382.0
startup,15528989,16.663,4,0,159801446.0
startup,15545658,16.669,4,0,159863876.0
startup,15562337,16.679,4,0,159879262.0
startup,15579067,16.73,4,0,159949958.0
startup,15595661,16.594,4,0,160040562.0
startup,15612338,16.677,4,0,160040974.0
startup,15628996,16.658,4,0,160040974.0
startup,15645663,16.667,4,0,160040974.0
startup,15662326,16.663,4,0,160040974.0
startup,15678991,16.665,4,0,160040974.0
startup,15695658,16.667,4,0,160286354.0
startup,15712313,16.655,4,0,160283146.0
startup,15728979,16.666,4,0,160307722.0
startup,15745642,16.663,4,0,160364070.0
startup,15762312,16.67,4,0,160419730.0
startup,15778989,16.677,4,0,160430282.0
startup,15795649,16.66,4,0,160490918.0
startup,15812320,16.671,4,0,160551882.0
startup,15828977,16.657,4,0,160634562.0
startup,15845738,16.761,4,0,160721750.0
startup,15862325,16.587,4,0,160726414.0
startup,15878985,16.66,4,0,160795934.0
startup,15895652,16.667,4,0,160795938.0
startup,15912317,16.665,4,0,160795938.0
startup,15928981,16.664,4,0,160795938.0
startup,15945648,16.667,4,0,160795938.0
startup,15962322,16.674,4,0,160795938.0
startup,15979086,16.764,4,0,160930270.0
startup,15995644,16.558,4,0,161015442.0
startup,16012317,16.673,4,0,161015442.0
startup,16028979,16.662,4,0,161069546.0
startup,16045640,16.661,4,0,161135342.0
startup,16062303,16.663,4,0,161207406.0
startup,16078972,16.669,4,0,161301406.0
startup,16095647,16.675,4,0,161351186.0
startup,16112309,16.662,4,0,161393774.0
startup,16129330,17.021,4,0,161480310.0
startup,16145634,16.304,4,0,161544290.0
startup,16162361,16.727,4,0,161629326.0
startup,16178973,16.612,4,0,161638026.0
startup,16195638,16.665,4,0,161638026.0
startup,16212432,16.794,4,0,161638026.0
startup,16228993,16.561,4,0,161638026.0
startup,16245636,16.643,4,0,161638026.0
startup,16262303,16.667,4,0,161772574.0
startup,16278967,16.664,4,0,161835946.0
startup,16295635,16.668,4,0,161835946.0
startup,16312372,16.737,4,0,161939258.0
startup,16328962,16.59,4,0,162013630.0
startup,16345631,16.669,4,0,162031230.0
startup,16362292,16.661,4,0,162099230.0
startup,16378957,16.665,4,0,162170292.0
startup,16395627,16.67,4,0,162245636.0
startup,16412310,16.683,4,0,162283070.0
startup,16428963,16.653,4,0,162345986.0
startup,16445626,16.663,4,0,162422750.0
startup,16462295,16.669,4,0,162424490.0
startup,16478963,16.668,4,0,162424490.0
startup,16495617,16.654,4,0,162552630.0
startup,16512288,16.671,4,0,162621290.0
startup,16528957,16.669,4,0,162625050.0
startup,16545615,16.658,4,0,162737034.0
startup,16562290,16.675,4,0,162771502.0
startup,16578959,16.669,4,0,162838650.0
startup,16595615,16.656,4,0,162919874.0
startup,16612288,16.673,4,0,163005430.0
startup,16628943,16.655,4,0,163062358.0
startup,16645617,16.674,4,0,163077882.0
startup,16662282,16.665,4,0,163137394.0
startup,16678944,16.662,4,0,163193128.0
startup,16695610,16.666,4,0,163259490.0
startup,16712276,16.666,4,0,163320304.0
startup,16728955,16.679,4,0,163325426.0
startup,16745608,16.653,4,0,163393404.0
startup,16762276,16.668,4,0,163448110.0
startup,16778940,16.664,4,0,163502814.0
startup,16795604,16.664,4,0,163553942.0
startup,16812300,16.696,4,0,163566122.0
startup,16828942,16.642,4,0,163617322.0
startup,16845624,16.682,4,0,163670838.0
startup,16862274,16.65,4,0,163759050.0
startup,16878938,16.664,4,0,163841586.0
startup,16895608,16.67,4,0,163860342.0
startup,16912277,16.669,4,0,163938394.0
startup,16928934,16.657,4,0,163999358.0
startup,16945600,16.666,4,0,164053678.0
startup,16962272,16.672,4,0,164109766.0
startup,16978936,16.664,4,0,164162278.0
startup,16995606,16.67,4,0,164172126.0
startup,17012274,16.668,2,0,164260162.0
startup,17032164,19.89,3,0,164613374.0
startup,17045602,13.438,4,0,164821026.0
startup,17062268,16.666,4,0,165019374.0
startup,17078931,16.663,4,0,165299686.0
startup,17095596,16.665,4,0,165588006.0
startup,17112262,16.666,4,0,165790574.0
startup,17128929,16.667,4,0,166063846.0
startup,17145608,16.679,4,0,166224266.0
startup,17162263,16.655,4,0,166454854.0
startup,17178924,16.661,4,0,166716530.0
startup,17195594,16.67,4,0,167001186.0
startup,17212257,16.663,4,0,167217578.0
startup,17228925,16.668,4,0,167481772.0
startup,17245635,16.71,4,0,167701646.0
startup,17262253,16.618,4,0,167913494.0
startup,17278927,16.674,4,0,167655330.0
startup,17295594,16.667,4,0,167705610.0
startup,17312257,16.663,4,0,167753338.0
startup,17328917,16.66,4,0,167800138.0
startup,17345584,16.667,4,0,167855028.0
startup,17362253,16.669,4,0,167896850.0
startup,17378923,16.67,4,0,167947702.0
startup,17395582,16.659,4,0,167994270.0
startup,17412464,16.882,4,0,168048898.0
startup,17428916,16.452,4,0,168097138.0
startup,17445593,16.677,4,0,168106594.0
startup,17462250,16.657,4,0,168156410.0
startup,17478917,16.667,4,0,168206018.0
startup,17495576,16.659,4,0,168256062.0
startup,17512916,17.34,4,0,168311514.0
startup,17528911,15.995,4,0,168358838.0
startup,17545584,16.673,4,0,168407482.0
startup,17562254,16.67,4,0,168417142.0
startup,17578913,16.659,4,0,168469754.0
startup,17595578,16.665,4,0,168524010.0
startup,17612246,16.668,4,0,168570418.0
startup,17628912,16.666,4,0,168615578.0
startup,17645582,16.67,4,0,168626014.0
startup,17662249,16.667,4,0,168676170.0
startup,17678913,16.664,4,0,168729026.0
startup,17695573,16.66,4,0,168775834.0
startup,17712237,16.664,4,0,168822138.0
startup,17728910,16.673,4,0,168832578.0
startup,17745572,16.662,4,0,168883454.0
startup,17762238,16.666,4,0,168930754.0
startup,17778904,16.666,4,0,168981530.0
startup,17795638,16.734,4,0,168993226.0
startup,17812239,16.601,4,0,169043930.0
startup,17828900,16.661,4,0,169097750.0
startup,17845563,16.663,4,0,169144470.0
startup,17862240,16.677,4,0,169190366.0
startup,17878904,16.664,4,0,169240958.0
startup,17895561,16.657,4,0,169286490.0
startup,17912238,16.677,4,0,169295946.0
startup,17928895,16.657,4,0,169344850.0
startup,17945564,16.669,4,0,169393526.0
startup,17962230,16.666,4,0,169450654.0
startup,17978891,16.661,4,0,169496794.0
startup,17995557,16.666,4,0,169551288.0
startup,18012224,16.667,4,0,169597094.0
startup,18028900,16.676,4,0,169609274.0
startup,18045565,16.665,4,0,169663210.0
startup,18062224,16.659,4,0,169713802.0
startup,18078912,16.688,4,0,169762286.0
startup,18095552,16.64,4,0,169814302.0
startup,18112220,16.668,4,0,169863978.0
startup,18128887,16.667,4,0,169922512.0
startup,18145551,16.664,4,0,169967862.0
startup,18162227,16.676,4,0,170017110.0
startup,18178894,16.667,4,0,170036874.0
startup,18195561,16.667,4,0,170086826.0
startup,18212217,16.656,4,0,170138542.0
startup,18228884,16.667,4,0,170187954.0
startup,18245550,16.666,4,0,170233606.0
startup,18262243,16.693,3,0,170336070.0
startup,18278882,16.639,4,0,170639678.0
startup,18295554,16.672,4,0,170812290.0
startup,18312221,16.667,4,0,171094334.0
startup,18328876,16.655,4,0,171320132.0
startup,18345570,16.694,4,0,171517902.0
startup,18362334,16.764,4,0,171803474.0
startup,18378883,16.549,4,0,172019646.0
startup,18395544,16.661,4,0,172318134.0
startup,18412215,16.671,4,0,172513238.0
startup,18428875,16.66,4,0,172774682.0
startup,18445549,16.674,4,0,173059914.0
startup,18462925,17.376,4,0,173282266.0
startup,18478874,15.949,4,0,173559946.0
startup,18495541,16.667,4,0,173061246.0
startup,18512795,17.254,4,0,173170326.0
startup,18528873,16.078,4,0,173239298.0
startup,18545545,16.672,4,0,173299270.0
startup,18562649,17.104,4,0,173416466.0
startup,18578870,16.221,4,0,173504358.0
startup,18595543,16.673,4,0,173580038.0
startup,18612529,16.986,4,0,173632474.0
startup,18628893,16.364,4,0,173644654.0
startup,18645537,16.644,4,0,173702142.0
startup,18662274,16.737,4,0,173817670.0
startup,18678864,16.59,4,0,173925634.0
startup,18695559,16.695,4,0,174032410.0
startup,18712740,17.181,4,0,174112322.0
startup,18728870,16.13,4,0,174139834.0
startup,18745539,16.669,4,0,174197958.0
startup,18762593,17.054,4,0,174253626.0
startup,18778938,16.345,4,0,174311598.0
startup,18795524,16.586,4,0,174400382.0
startup,18812572,17.048,4,0,174463314.0
startup,18828870,16.298,4,0,174478174.0
startup,18845543,16.673,4,0,174577606.0
startup,18862572,17.029,4,0,174664202.0
startup,18878856,16.284,4,0,174722334.0
startup,18895558,16.702,4,0,174769174.0
startup,18913011,17.453,4,0,174822548.0
startup,18928853,15.842,4,0,174899110.0
startup,18945520,16.667,4,0,174984898.0
startup,18962893,17.373,4,0,174998358.0
startup,18978851,15.958,4,0,175066990.0
startup,18995521,16.67,4,0,175117762.0
startup,19013279,17.758,4,0,175160102.0
startup,19028851,15.572,4,0,175212694.0
startup,19045524,16.673,4,0,175224046.0
startup,19063127,17.603,4,0,175278038.0
startup,19078850,15.723,4,0,175333402.0
startup,19095516,16.666,4,0,175380182.0
startup,19112181,16.665,4,0,175434992.0
startup,19128852,16.671,4,0,175483246.0
startup,19145513,16.661,4,0,175536858.0
startup,19162179,16.666,4,0,175585190.0
startup,19178874,16.695,4,0,175592750.0
startup,19195512,16.638,4,0,175645430.0
startup,19212173,16.661,4,0,175697326.0
startup,19228848,16.675,4,0,175747938.0
startup,19245508,16.66,4,0,175800636.0
startup,19262181,16.673,4,0,175845438.0
startup,19278889,16.708,4,0,175905234.0
startup,19295511,16.622,4,0,176003530.0
startup,19312180,16.669,4,0,175965566.0
startup,19328841,16.661,4,0,176021174.0
startup,19345509,16.668,4,0,176073330.0
startup,19362175,16.666,4,0,176128658.0
startup,19378843,16.668,4,0,176176574.0
startup,19395506,16.663,4,0,176220458.0
startup,19412176,16.67,4,0,176277934.0
startup,19428841,16.665,4,0,176288014.0
startup,19445506,16.665,4,0,176344382.0
startup,19462218,16.712,4,0,176399294.0
startup,19478835,16.617,4,0,176449666.0
startup,19495497,16.662,4,0,176500006.0
startup,19512168,16.671,1,0,176598430.0
startup,19533122,20.954,2,0,176947790.0
startup,19545503,12.381,5,0,177254310.0
startup,19562160,16.657,5,0,177563906.0
startup,19578832,16.672,5,0,177777554.0
startup,19595491,16.659,5,0,178016530.0
startup,19612170,16.679,5,0,178348250.0
startup,19628834,16.664,5,0,178469730.0
startup,19645497,16.663,5,0,178770526.0
startup,19662156,16.659,5,0,179053566.0
startup,19678826,16.67,5,0,179315162.0
startup,19695489,16.663,5,0,179627024.0
startup,19712163,16.674,5,0,179820970.0
startup,19729354,17.191,5,0,180149874.0
startup,19745483,16.129,5,0,179727412.0
startup,19762152,16.669,5,0,179782330.0
startup,19778821,16.669,5,0,179837218.0
startup,19795489,16.668,5,0,179901346.0
startup,19812163,16.674,5,0,179913526.0
startup,19828819,16.656,4,0,179979290.0
startup,19845489,16.67,4,0,180242770.0
startup,19862149,16.66,4,0,180547324.0
startup,19878828,16.679,4,0,180785090.0
startup,19895485,16.657,4,0,180828914.0
startup,19912218,16.733,2,0,180901474.0
startup,19933072,20.854,3,0,181217384.0
startup,19945489,12.417,4,0,181218308.0
startup,19962155,16.666,4,0,181272908.0
startup,19978820,16.665,4,0,181325132.0
startup,19995475,16.655,4,0,181427120.0
startup,20012157,16.682,4,0,181490628.0
startup,20028810,16.653,4,0,181547084.0
startup,20045489,16.679,4,0,181553316.0
startup,20062147,16.658,4,0,181617160.0
startup,20078815,16.668,4,0,181676668.0
startup,20095474,16.659,4,0,181768264.0
startup,20112145,16.671,4,0,181864300.0
startup,20128808,16.663,4,0,181921600.0
startup,20145477,16.669,4,0,182001212.0
startup,20162144,16.667,4,0,182050644.0
startup,20178812,16.668,4,0,182074776.0
startup,20195477,16.665,4,0,182142772.0
startup,20212143,16.666,3,0,182217256.0
startup,20228804,16.661,3,0,182460120.0
startup,20245472,16.668,4,0,182691936.0
startup,20262134,16.662,4,0,182990000.0
startup,20278805,16.671,4,0,182982604.0
startup,20295499,16.694,1,0,183052904.0
startup,20319264,23.765,5,0,183426696.0
startup,20328799,9.535,6,0,183487308.0
startup,20345474,16.675,6,0,183494682.0
startup,20362140,16.666,5,0,183565670.0
startup,20378802,16.662,5,0,183804762.0
startup,20395463,16.661,5,0,183874158.0
startup,20412131,16.668,5,0,183947810.0
startup,20428793,16.662,5,0,184012218.0
startup,20445465,16.672,4,0,184228054.0
startup,20462125,16.66,4,0,184296554.0
startup,20478800,16.675,4,0,184308882.0
startup,20495464,16.664,4,0,184380370.0
startup,20512128,16.664,4,0,184460086.0
startup,20528797,16.669,4,0,184584502.0
startup,20545459,16.662,4,0,184686814.0
startup,20562140,16.681,4,0,184748658.0
startup,20578790,16.65,4,0,184818294.0
startup,20595461,16.671,4,0,184870258.0
startup,20612156,16.695,4,0,184961286.0
startup,20628785,16.629,4,0,185083006.0
startup,20645452,16.667,4,0,185182702.0
startup,20662123,16.671,4,0,185270550.0
startup,20678795,16.672,4,0,185341786.0
startup,20695459,16.664,4,0,185397958.0
startup,20712123,16.664,4,0,185456142.0
startup,20728785,16.662,4,0,185520026.0
startup,20745449,16.664,3,0,185573222.0
startup,20762115,16.666,3,0,185839258.0
startup,20778789,16.674,4,0,186131866.0
startup,20795456,16.667,4,0,186439170.0
startup,20813617,18.161,4,0,186487742.0
startup,20828780,15.163,3,0,186468378.0
startup,20845455,16.675,4,0,186728090.0
startup,20863173,17.718,4,0,186831898.0
startup,20878782,15.609,4,0,186906246.0
startup,20895445,16.663,4,0,186983742.0
startup,20912109,16.664,1,0,187065526.0
startup,20938825,26.716,2,0,187451746.0
startup,20946999,8.174,5,0,187431338.0
startup,20963586,16.587,5,0,187527974.0
startup,20978771,15.185,5,0,187609942.0
startup,20995441,16.67,4,0,187672758.0
startup,21013461,18.02,4,0,187856370.0
startup,21028771,15.31,4,0,187925490.0
startup,21045437,16.666,4,0,187998278.0
startup,21063140,17.703,2,0,188010106.0
startup,21088462,25.322,5,0,188294728.0
startup,21095955,7.493,5,0,188338416.0
startup,21113036,17.081,5,0,188387880.0
startup,21128876,15.84,5,0,188477530.0
startup,21145444,16.568,5,0,188449976.0
startup,21162101,16.657,5,0,188504208.0
startup,21178769,16.668,5,0,188554332.0
startup,21195432,16.663,5,0,188602096.0
startup,21212096,16.664,5,0,188652796.0
startup,21228764,16.668,5,0,188750176.0
startup,21245433,16.669,5,0,188797650.0
startup,21262098,16.665,5,0,188883270.0
startup,21278774,16.676,5,0,188856296.0
startup,21295434,16.66,5,0,188907748.0
startup,21312100,16.666,5,0,188963008.0
startup,21328762,16.662,5,0,189007120.0
startup,21345421,16.659,5,0,189054940.0
startup,21362090,16.669,5,0,189100738.0
startup,21378758,16.668,5,0,189195524.0
startup,21395476,16.718,5,0,189206192.0
startup,21412096,16.62,5,0,189260220.0
startup,21428754,16.658,5,0,189317394.0
startup,21445421,16.667,5,0,189361072.0
startup,21462092,16.671,5,0,189422970.0
startup,21478754,16.662,5,0,189471354.0
startup,21495421,16.667,5,0,189516504.0
startup,21512087,16.666,5,0,189568374.0
startup,21528760,16.673,5,0,189634880.0
startup,21545428,16.668,5,0,189676840.0
startup,21562081,16.653,5,0,189741288.0
startup,21578752,16.671,5,0,189803424.0
startup,21595413,16.661,5,0,189904936.0
startup,21612082,16.669,5,0,189958940.0
startup,21628747,16.665,5,0,190006656.0
startup,21645411,16.664,5,0,190062916.0
startup,21662086,16.675,5,0,190067152.0
startup,21679022,16.936,5,0,190114724.0
startup,21695408,16.386,5,0,190178412.0
startup,21712077,16.669,5,0,190308040.0
startup,21728740,16.663,5,0,190450812.0
startup,21745425,16.685,5,0,190552240.0
startup,21762070,16.645,5,0,190620012.0
startup,21778738,16.668,5,0,190731184.0
startup,21795410,16.672,5,0,190926534.0
startup,21812075,16.665,5,0,190872640.0
startup,21828742,16.667,5,0,190933102.0
startup,21845414,16.672,5,0,190980582.0
startup,21862075,16.661,5,0,191055456.0
startup,21878740,16.665,5,0,191098512.0
startup,21895409,16.669,5,0,191176928.0
startup,21912076,16.667,5,0,191204392.0
startup,21928742,16.666,5,0,191266560.0
startup,21945425,16.683,5,0,191319400.0
startup,21962067,16.642,5,0,191395160.0
startup,21978736,16.669,5,0,191511552.0
startup,21995399,16.663,5,0,191597452.0
startup,22012071,16.672,5,0,191609632.0
startup,22028738,16.667,5,0,191656032.0
startup,22045401,16.663,5,0,191656032.0
startup,22062074,16.673,5,0,191656032.0
startup,22078728,16.654,5,0,191745180.0
startup,22095397,16.669,5,0,191801648.0
startup,22112070,16.673,5,0,191811420.0
startup,22128730,16.66,5,0,191878476.0
startup,22145389,16.659,5,0,191996052.0
startup,22162068,16.679,5,0,191998312.0
startup,22178735,16.667,5,0,191998312.0
startup,22195396,16.661,5,0,191998312.0
startup,22212059,16.663,5,0,192124132.0
startup,22228759,16.7,5,0,192236880.0
startup,22245396,16.637,5,0,192247328.0
startup,22262058,16.662,5,0,192247328.0
startup,22278731,16.673,5,0,192247328.0
startup,22295397,16.666,5,0,192247328.0
startup,22312051,16.654,5,0,192418952.0
startup,22328721,16.67,5,0,192526848.0
startup,22345390,16.669,5,0,192529112.0
startup,22362057,16.667,5,0,192529112.0
startup,22378725,16.668,5,0,192529112.0
startup,22395390,16.665,5,0,192529112.0
startup,22412056,16.666,5,0,192779416.0
startup,22428722,16.666,5,0,192816784.0
startup,22445389,16.667,5,0,192816784.0
startup,22462056,16.667,5,0,192816784.0
startup,22478720,16.664,5,0,192922668.0
startup,22495384,16.664,5,0,193013836.0
startup,22512086,16.702,5,0,193015704.0
startup,22528716,16.63,5,0,193015700.0
startup,22545381,16.665,5,0,193015704.0
startup,22562051,16.67,5,0,193015700.0
startup,22578713,16.662,5,0,193015704.0
startup,22595380,16.667,5,0,193015704.0
startup,22612044,16.664,5,0,193189044.0
startup,22628715,16.671,5,0,193185428.0
startup,22645379,16.664,5,0,193185428.0
startup,22662041,16.662,5,0,193185428.0
startup,22678704,16.663,5,0,193331484.0
startup,22695383,16.679,5,0,193377096.0
startup,22712042,16.659,5,0,193377096.0
startup,22728718,16.676,5,0,193377096.0
startup,22745375,16.657,5,0,193377096.0
startup,22762041,16.666,5,0,193377096.0
startup,22778737,16.696,5,0,193377096.0
startup,22795369,16.632,5,0,193532812.0
startup,22812042,16.673,5,0,193532812.0
startup,22828705,16.663,5,0,193532812.0
startup,22845371,16.666,5,0,193636120.0
startup,22862031,16.66,5,0,193685216.0
startup,22878701,16.67,5,0,193743516.0
startup,22895373,16.672,5,0,193743520.0
startup,22912032,16.659,5,0,193836340.0
startup,22928703,16.671,5,0,193841544.0
startup,22945369,16.666,5,0,193841544.0
startup,22962039,16.67,5,0,193841540.0
startup,22978706,16.667,5,0,193841544.0
startup,22995371,16.665,5,0,193841544.0
startup,23012037,16.666,5,0,194025068.0
startup,23028698,16.661,5,0,194083824.0
startup,23045358,16.66,5,0,194168160.0
startup,23062043,16.685,5,0,194172252.0
startup,23078699,16.656,5,0,194227288.0
startup,23095355,16.656,5,0,194274680.0
startup,23112022,16.667,5,0,194361716.0
startup,23128695,16.673,5,0,194363976.0
startup,23145361,16.666,5,0,194363976.0
startup,23162030,16.669,5,0,194363976.0
startup,23178685,16.655,5,0,194474972.0
startup,23195359,16.674,5,0,194474972.0
startup,23212022,16.663,5,0,194474972.0
startup,23228682,16.66,5,0,194614200.0
startup,23245362,16.68,5,0,194619420.0
startup,23262023,16.661,5,0,194619424.0
startup,23278691,16.668,5,0,194619424.0
startup,23295356,16.665,5,0,194619424.0
startup,23312025,16.669,5,0,194619424.0
startup,23328688,16.663,5,0,194765284.0
startup,23345359,16.671,5,0,194765284.0
startup,23362028,16.669,5,0,194765284.0
startup,23378681,16.653,5,0,194765284.0
startup,23395350,16.669,5,0,194913168.0
startup,23412016,16.666,4,0,195009852.0
startup,23428682,16.666,4,0,195216364.0
startup,23445342,16.66,4,0,195453646.0
startup,23462008,16.666,4,0,195777226.0
startup,23478675,16.667,4,0,196008424.0
startup,23495349,16.674,4,0,196281720.0
startup,23512006,16.657,4,0,196514600.0
startup,23528672,16.666,4,0,196768282.0
startup,23545349,16.677,4,0,196995292.0
startup,23562010,16.661,4,0,197301220.0
startup,23578674,16.664,4,0,197510228.0
startup,23595338,16.664,4,0,198881640.0
startup,23612454,17.116,4,0,199082192.0
startup,23628667,16.213,4,0,199279590.0
startup,23645352,16.685,4,0,199459144.0
startup,23662007,16.655,4,0,199713720.0
startup,23678664,16.657,4,0,199906928.0
startup,23695330,16.666,4,0,199369220.0
startup,23712002,16.672,4,0,199511336.0
startup,23728665,16.663,4,0,199575304.0
startup,23745333,16.668,4,0,199627948.0
startup,23762004,16.671,4,0,199677472.0
startup,23778662,16.658,4,0,199761880.0
startup,23795336,16.674,4,0,199774000.0
startup,23812001,16.665,4,0,199837856.0
startup,23828989,16.988,4,0,199931640.0
startup,23845340,16.351,4,0,199994330.0
startup,23861998,16.658,4,0,200028912.0
startup,23880417,18.419,4,0,200091112.0
startup,23895340,14.923,4,0,200152678.0
startup,23911999,16.659,4,0,200201676.0
startup,23928656,16.657,4,0,200255592.0
startup,23945324,16.668,4,0,200325712.0
startup,23961991,16.667,4,0,200445988.0
startup,23980665,18.674,4,0,200405312.0
startup,23995317,14.652,4,0,200490840.0
startup,24011985,16.668,4,0,200556236.0
startup,24028658,16.673,4,0,200585184.0
startup,24045318,16.66,4,0,200650620.0
startup,24061981,16.663,4,0,200712240.0
startup,24078839,16.858,4,0,200757676.0
startup,24095321,16.482,4,0,200810388.0
startup,24111989,16.668,4,0,200870000.0
startup,24128646,16.657,4,0,200944156.0
startup,24145325,16.679,4,0,201015180.0
startup,24161983,16.658,4,0,201044910.0
startup,24178784,16.801,4,0,201106652.0
startup,24195319,16.535,4,0,201192676.0
startup,24211987,16.668,4,0,201206688.0
startup,24228644,16.657,4,0,201274470.0
startup,24245317,16.673,4,0,201321580.0
startup,24261980,16.663,4,0,201374452.0
startup,24278642,16.662,4,0,201456750.0
startup,24295312,16.67,4,0,201516572.0
startup,24311975,16.663,4,0,201581418.0
startup,24328640,16.665,4,0,201618732.0
startup,24345306,16.666,4,0,201685112.0
startup,24362003,16.697,4,0,201778290.0
startup,24378651,16.648,4,0,201787752.0
startup,24395303,16.652,4,0,201853872.0
startup,24411973,16.67,4,0,201909464.0
startup,24428633,16.66,4,0,201965164.0
startup,24445317,16.684,4,0,202044984.0
startup,24461975,16.658,4,0,202103612.0
startup,24478640,16.665,4,0,202115792.0
startup,24495301,16.661,4,0,202186952.0
startup,24511965,16.664,4,0,202270620.0
startup,24528630,16.665,4,0,202339136.0
startup,24545304,16.674,4,0,202387696.0
startup,24561963,16.659,4,0,202448420.0
startup,24578628,16.665,4,0,202512174.0
startup,24595294,16.666,4,0,202564532.0
startup,24611965,16.671,4,0,202623248.0
startup,24628636,16.671,4,0,202710212.0
startup,24645302,16.666,4,0,202728080.0
startup,24661964,16.662,4,0,202796928.0
startup,24678627,16.663,4,0,202886484.0
startup,24695288,16.661,4,0,202955112.0
startup,24711960,16.672,4,0,202960532.0
startup,24728635,16.675,4,0,203056168.0
startup,24745290,16.655,2,0,203118823.0
startup,24766205,20.915,3,0,203364472.0
startup,24778624,12.419,4,0,203644184.0
startup,24795287,16.663,4,0,203838044.0
startup,24811953,16.666,4,0,204053608.0
startup,24828626,16.673,4,0,204291104.0
startup,24845295,16.669,4,0,204512304.0
startup,24861956,16.661,4,0,204708532.0
startup,24878615,16.659,4,0,205002228.0
startup,24895287,16.672,4,0,205231488.0
startup,24911951,16.664,4,0,205449356.0
startup,24928613,16.662,4,0,205750256.0
startup,24945282,16.669,4,0,205957504.0
startup,24961952,16.67,4,0,206277912.0
startup,24978620,16.668,4,0,206507516.0
startup,24995748,17.128,4,0,206033940.0
startup,25011943,16.195,4,0,206164740.0
startup,25028611,16.668,4,0,206217456.0
startup,25045277,16.666,4,0,206271180.0
startup,25061945,16.668,4,0,206322028.0
startup,25078609,16.664,4,0,206362600.0
startup,25095281,16.672,4,0,206450060.0
startup,25111948,16.667,4,0,206426516.0
startup,25128615,16.667,4,0,206477292.0
startup,25145277,16.662,4,0,206529116.0
startup,25161938,16.661,4,0,206587460.0
startup,25178610,16.672,4,0,206640208.0
startup,25195270,16.66,4,0,206682816.0
startup,25211941,16.671,4,0,206736828.0
startup,25228604,16.663,4,0,206782788.0
startup,25245265,16.661,4,0,206840918.0
startup,25261949,16.684,4,0,206850308.0
startup,25278619,16.67,4,0,206904576.0
startup,25295275,16.656,4,0,206961296.0
startup,25311933,16.658,4,0,207008912.0
startup,25328601,16.668,4,0,207055652.0
startup,25345265,16.664,4,0,207099744.0
startup,25361933,16.668,4,0,207154068.0
startup,25378634,16.701,4,0,207254536.0
startup,25395271,16.637,4,0,207219996.0
startup,25411946,16.675,4,0,207276404.0
startup,25428593,16.647,4,0,207329552.0
startup,25445257,16.664,4,0,207381172.0
startup,25461931,16.674,4,0,207433288.0
startup,25478594,16.663,4,0,207477224.0
startup,25495259,16.665,4,0,207534280.0
startup,25511928,16.669,4,0,207589434.0
startup,25528599,16.671,4,0,207596588.0
startup,25545264,16.665,4,0,207651204.0
startup,25562072,16.808,4,0,207704296.0
startup,25578586,16.514,4,0,207760880.0
startup,25595258,16.672,4,0,207807892.0
startup,25611923,16.665,4,0,207851992.0
startup,25628587,16.664,4,0,207906088.0
startup,25645264,16.677,4,0,207916492.0
startup,25661927,16.663,4,0,207976900.0
startup,25678594,16.667,4,0,208030212.0
startup,25695255,16.661,4,0,208081340.0
startup,25711911,16.656,4,0,208133668.0
startup,25728586,16.675,4,0,208180128.0
startup,25745250,16.664,4,0,208232240.0
startup,25761920,16.67,4,0,208239952.0
startup,25778588,16.668,4,0,208292444.0
startup,25795247,16.659,4,0,208367796.0
startup,25811915,16.668,4,0,208504020.0
startup,25828848,16.933,4,0,208555640.0
startup,25845249,16.401,4,0,208606206.0
startup,25861912,16.663,4,0,208653036.0
startup,25878592,16.68,4,0,208660936.0
startup,25895254,16.662,4,0,208721860.0
startup,25911920,16.666,4,0,208776660.0
startup,25928583,16.663,4,0,208836668.0
startup,25945245,16.662,4,0,208936156.0
startup,25961911,16.666,4,0,209037176.0
startup,25978581,16.67,3,0,209114736.0
startup,25995248,16.667,3,0,209360420.0
startup,26011914,16.666,4,0,209635064.0
startup,26028572,16.658,4,0,209911712.0
startup,26045238,16.666,4,0,210221328.0
startup,26061901,16.663,4,0,210439140.0
startup,26078568,16.667,4,0,210726858.0
startup,26095240,16.672,4,0,210937720.0
startup,26112704,17.464,4,0,211127352.0
startup,26128580,15.876,4,0,211404936.0
startup,26145237,16.657,4,0,211872904.0
startup,26161898,16.661,4,0,212177684.0
startup,26178567,16.669,4,0,212444112.0
startup,26195229,16.662,4,0,212027208.0
startup,26211898,16.669,4,0,212076524.0
startup,26228572,16.674,4,0,212145508.0
startup,26245246,16.674,4,0,212140936.0
startup,26261894,16.648,4,0,212193200.0
startup,26278562,16.668,4,0,212250640.0
startup,26295225,16.663,4,0,212296408.0
startup,26311892,16.667,4,0,212400512.0
startup,26328559,16.667,4,0,212534172.0
startup,26345234,16.675,4,0,212580982.0
startup,26361899,16.665,4,0,212588136.0
startup,26378566,16.667,4,0,212641760.0
startup,26395241,16.675,4,0,212695432.0
startup,26411888,16.647,4,0,212746248.0
startup,26428552,16.664,4,0,212803800.0
startup,26445219,16.667,4,0,212877124.0
startup,26461887,16.668,4,0,212953036.0
startup,26478565,16.678,4,0,213020200.0
startup,26495225,16.66,4,0,213079844.0
startup,26511884,16.659,4,0,213133504.0
startup,26528555,16.671,4,0,213190440.0
startup,26545217,16.662,4,0,213238388.0
startup,26561882,16.665,4,0,213283592.0
startup,26578551,16.669,4,0,213333052.0
startup,26595212,16.661,4,0,213437244.0
startup,26611883,16.671,4,0,213485880.0
startup,26628551,16.668,4,0,213535600.0
startup,26645217,16.666,4,0,213595664.0
startup,26661886,16.669,4,0,213650904.0
startup,26678544,16.658,4,0,213701548.0
startup,26695213,16.669,4,0,213748584.0
startup,26711877,16.664,4,0,213802332.0
startup,26728542,16.665,4,0,213853304.0
startup,26745218,16.676,4,0,213937732.0
startup,26761880,16.662,4,0,213960932.0
startup,26778543,16.663,4,0,214037332.0
startup,26795208,16.665,4,0,214155136.0
startup,26811875,16.667,4,0,214206744.0
startup,26828547,16.672,4,0,214216200.0
startup,26845211,16.664,4,0,214266584.0
startup,26861870,16.659,4,0,214319592.0
startup,26878545,16.675,4,0,214368600.0
startup,26895203,16.658,4,0,214422080.0
startup,26911869,16.666,4,0,214529188.0
startup,26928533,16.664,4,0,214616336.0
startup,26945360,16.827,4,0,214632448.0
startup,26961887,16.527,4,0,214722200.0
startup,26978539,16.652,4,0,214768076.0
startup,26995209,16.67,4,0,214774236.0
startup,27011885,16.676,4,0,214826344.0
startup,27028534,16.649,4,0,214878652.0
startup,27045196,16.662,4,0,214931140.0
startup,27061866,16.67,4,0,214983876.0
startup,27078523,16.657,4,0,215037134.0
startup,27095205,16.682,4,0,215042264.0
startup,27111868,16.663,4,0,215108464.0
startup,27128526,16.658,4,0,215166048.0
startup,27145194,16.668,4,0,215224172.0
startup,27161864,16.67,4,0,215278728.0
startup,27178523,16.659,4,0,215327440.0
startup,27195192,16.669,4,0,215381484.0
startup,27211859,16.667,4,0,215435068.0
startup,27228711,16.852,1,0,215445260.0
startup,27251979,23.268,5,0,215956754.0
startup,27262261,10.282,6,0,216201046.0
startup,27278530,16.269,6,0,216497846.0
startup,27295187,16.657,6,0,216808438.0
startup,27311856,16.669,5,0,217257098.0
startup,27328526,16.67,5,0,217506050.0
startup,27345193,16.667,5,0,217735858.0
startup,27361851,16.658,5,0,218032830.0
startup,27378519,16.668,5,0,218347814.0
startup,27395187,16.668,4,0,218566690.0
startup,27411856,16.669,4,0,218778098.0
startup,27428512,16.656,4,0,219060478.0
startup,27445186,16.674,4,0,219235990.0
startup,27461855,16.669,4,0,218856538.0
startup,27478510,16.655,4,0,219379406.0
startup,27495267,16.757,4,0,219547397.0
startup,27511846,16.579,4,0,219599046.0
startup,27528512,16.666,4,0,219656402.0
startup,27545177,16.665,4,0,219716022.0
startup,27561840,16.663,4,0,219780310.0
startup,27578515,16.675,4,0,219786542.0
startup,27595178,16.663,4,0,219846102.0
startup,27611836,16.658,4,0,219904158.0
startup,27628511,16.675,4,0,219963870.0
startup,27645177,16.666,4,0,220021234.0
startup,27661844,16.667,4,0,220072786.0
startup,27678517,16.673,4,0,220129230.0
startup,27695171,16.654,3,0,220195946.0
startup,27711836,16.665,4,0,220494814.0
startup,27728512,16.676,4,0,220680914.0
startup,27745174,16.662,4,0,220920174.0
startup,27761836,16.662,3,0,220948822.0
startup,27778856,17.02,4,0,221101842.0
startup,27795169,16.313,4,0,221155034.0
startup,27811833,16.664,4,0,221212510.0
startup,27828500,16.667,4,0,221271994.0
startup,27845180,16.68,4,0,221279886.0
startup,27861840,16.66,4,0,221341302.0
startup,27878501,16.661,4,0,221400138.0
startup,27895161,16.66,4,0,221460204.0
startup,27911842,16.681,4,0,221508858.0
startup,27928506,16.664,4,0,221583981.0
startup,27945163,16.657,4,0,221637668.0
startup,27961841,16.678,4,0,221683522.0
startup,27978491,16.65,4,0,221735570.0
startup,27995164,16.673,4,0,221748882.0
startup,28011831,16.667,4,0,221850866.0
startup,28028490,16.659,4,0,221944730.0
startup,28045180,16.69,4,0,222006294.0
startup,28061820,16.64,1,0,222062468.0
startup,28086051,24.231,5,0,222422818.0
startup,28095148,9.097,6,0,222727994.0
startup,28111820,16.672,6,0,223049886.0
startup,28128484,16.664,6,0,223014134.0
startup,28145161,16.677,5,0,223022022.0
startup,28161828,16.667,5,0,223274994.0
startup,28178486,16.658,5,0,223371398.0
startup,28196177,17.691,5,0,223454378.0
startup,28211816,15.639,5,0,223531818.0
startup,28228486,16.67,4,0,223635042.0
startup,28246074,17.588,4,0,223750090.0
startup,28261839,15.765,4,0,223839182.0
startup,28278481,16.642,4,0,223928966.0
startup,28295927,17.446,3,0,224040922.0
startup,28311819,15.892,4,0,224277182.0
startup,28328816,16.997,4,0,224348494.0
startup,28345446,16.63,4,0,224552354.0
startup,28361812,16.366,4,0,224530802.0
startup,28378478,16.666,3,0,224599126.0
startup,28395141,16.663,3,0,224818374.0
startup,28411810,16.669,4,0,224929118.0
startup,28428542,16.732,4,0,224994386.0
startup,28445534,16.992,4,0,225003842.0
startup,28461812,16.278,4,0,225073526.0
startup,28478477,16.665,4,0,225167285.0
startup,28495384,16.907,4,0,225257614.0
startup,28511815,16.431,4,0,225365326.0
startup,28528475,16.66,4,0,225441698.0
startup,28545265,16.79,4,0,225451018.0
startup,28561804,16.539,4,0,225526234.0
startup,28578475,16.671,4,0,225592134.0
startup,28595138,16.663,4,0,225661078.0
startup,28615035,19.897,4,0,225739426.0
startup,28628475,13.44,4,0,225744630.0
startup,28645139,16.664,4,0,225824450.0
startup,28661807,16.668,4,0,225900754.0
startup,28678469,16.662,4,0,225996580.0
startup,28695135,16.666,4,0,226053998.0
startup,28711803,16.668,1,0,226097862.0
startup,28737992,26.189,2,0,226372588.0
startup,28746561,8.569,5,0,226558864.0
startup,28761799,15.238,5,0,226812256.0
startup,28778467,16.668,5,0,226933720.0
startup,28795135,16.668,4,0,227186360.0
startup,28811795,16.66,4,0,227245324.0
startup,28828464,16.669,4,0,227338040.0
startup,28845120,16.656,4,0,227684080.0
startup,28861794,16.674,4,0,227751628.0
startup,28878472,16.678,4,0,227826748.0
startup,28906310,27.838,5,0,228157378.0
startup,28914344,8.034,5,0,228223498.0
startup,28928455,14.111,5,0,228286014.0
startup,28945132,16.677,4,0,228353738.0
startup,28961787,16.655,4,0,228514558.0
startup,28978456,16.669,4,0,228572242.0
startup,28995123,16.667,4,0,228679970.0
startup,29011789,16.666,4,0,228743754.0
startup,29028454,16.665,4,0,228803294.0
startup,29045122,16.668,4,0,228877210.0
startup,29061799,16.677,4,0,228917118.0
startup,29078450,16.651,4,0,229022322.0
startup,29095111,16.661,4,0,229092114.0
startup,29113731,18.62,4,0,229142702.0
startup,29128445,14.714,4,0,229193946.0
startup,29145112,16.667,4,0,229252994.0
startup,29163641,18.529,4,0,229305630.0
startup,29178448,14.807,4,0,229360318.0
startup,29195117,16.669,4,0,229450054.0
startup,29213469,18.352,4,0,229502818.0
startup,29228447,14.978,4,0,229475374.0
startup,29245113,16.666,2,0,229530686.0
startup,29274427,29.314,3,0,229934956.0
startup,29283386,8.959,4,0,230158206.0
startup,29295108,11.722,4,0,230429902.0
startup,29313205,18.097,4,0,230445466.0
startup,29328447,15.242,3,0,230456402.0
startup,29345129,16.682,4,0,230707178.0
startup,29363072,17.943,4,0,230773490.0
startup,29378440,15.368,4,0,230837806.0
startup,29395100,16.66,1,0,230900022.0
startup,29426010,30.91,5,0,231179498.0
startup,29433480,7.47,6,0,231188666.0
startup,29445108,11.628,6,0,231233874.0
startup,29462789,17.681,6,0,231292962.0
startup,29478594,15.805,6,0,231354950.0
startup,29495100,16.506,6,0,231412214.0
startup,29512682,17.582,6,0,231499990.0
startup,29528438,15.756,6,0,231508726.0
startup,29545097,16.659,6,0,231564894.0
startup,29562392,17.295,6,0,231616902.0
startup,29578433,16.041,6,0,231668370.0
startup,29595097,16.664,6,0,231717568.0
startup,29612355,17.258,6,0,231805182.0
startup,29628425,16.07,6,0,231867188.0
startup,29645100,16.675,6,0,231877770.0
startup,29661756,16.656,6,0,231936934.0
startup,29678427,16.671,6,0,232022954.0
startup,29695099,16.672,6,0,232079040.0
startup,29712149,17.05,6,0,232086746.0
startup,29728428,16.279,6,0,232209994.0
startup,29745097,16.669,6,0,232187038.0
startup,29761998,16.901,6,0,232241980.0
startup,29778420,16.422,6,0,232334926.0
startup,29795084,16.664,6,0,232396866.0
startup,29811878,16.794,6,0,232404058.0
startup,29828416,16.538,6,0,232471098.0
startup,29845090,16.674,6,0,232561712.0
startup,29861970,16.88,6,0,232629670.0
startup,29878427,16.457,6,0,232641854.0
startup,29895088,16.661,6,0,232693086.0
startup,29911854,16.766,6,0,232746526.0
startup,29928419,16.565,6,0,232824692.0
startup,29945081,16.662,6,0,232934606.0
startup,29961941,16.86,6,0,232990518.0
startup,29978420,16.479,6,0,232997306.0
startup,29995346,16.926,6,0,233056698.0
startup,30011767,16.421,6,0,233123160.0
startup,30028417,16.65,6,0,233205416.0
startup,30045083,16.666,6,0,233225694.0
startup,30061755,16.672,6,0,233284774.0
startup,30078416,16.661,6,0,233341422.0
startup,30095077,16.661,6,0,233424042.0
startup,30111762,16.685,6,0,233506438.0
startup,30128410,16.648,6,0,233561174.0
startup,30145081,16.671,6,0,233568170.0
startup,30161749,16.668,6,0,233629722.0
startup,30178406,16.657,6,0,233697040.0
startup,30195072,16.666,6,0,233754142.0
startup,30211747,16.675,6,0,233762842.0
startup,30228416,16.669,6,0,233852718.0
startup,30245068,16.652,6,0,233910734.0
startup,30261734,16.666,6,0,233957378.0
startup,30278426,16.692,6,0,234063158.0
startup,30295076,16.65,6,0,234119558.0
startup,30311766,16.69,6,0,234174778.0
startup,30328398,16.632,6,0,234269438.0
startup,30345076,16.678,6,0,234369270.0
startup,30361742,16.666,6,0,234373754.0
startup,30378404,16.662,6,0,234437930.0
startup,30395063,16.659,6,0,234506424.0
startup,30411730,16.667,6,0,234561064.0
startup,30428398,16.668,6,0,234606198.0
startup,30445062,16.664,6,0,234662126.0
startup,30461735,16.673,6,0,234703778.0
startup,30478402,16.667,6,0,234715958.0
startup,30495064,16.662,6,0,234766134.0
startup,30511726,16.662,6,0,234841042.0
startup,30528395,16.669,6,0,234926026.0
startup,30545138,16.743,6,0,234987376.0
startup,30561726,16.588,6,0,235082058.0
startup,30578399,16.673,6,0,235050166.0
startup,30595061,16.662,6,0,235102222.0
startup,30611748,16.687,6,0,235152914.0
startup,30628391,16.643,6,0,235208590.0
startup,30645056,16.665,6,0,235262028.0
startup,30661726,16.67,6,0,235343126.0
startup,30678387,16.661,6,0,235402458.0
startup,30695056,16.669,6,0,235425606.0
startup,30711716,16.66,5,0,235519022.0
startup,30728380,16.664,5,0,235812054.0
startup,30745049,16.669,5,0,236125770.0
startup,30763741,18.692,5,0,236442518.0
startup,30778383,14.642,5,0,236605686.0
startup,30795045,16.662,4,0,236915434.0
startup,30813531,18.486,4,0,237163214.0
startup,30828403,14.872,4,0,237412694.0
startup,30845043,16.64,4,0,237728070.0
startup,30861718,16.675,4,0,237932502.0
startup,30878381,16.663,3,0,238189922.0
startup,30895044,16.663,3,0,238543762.0
startup,30913736,18.692,4,0,238771010.0
startup,30928375,14.639,4,0,239081182.0
startup,30945044,16.669,4,0,239352884.0
startup,30963627,18.583,3,0,238817090.0
startup,30978389,14.762,4,0,238934902.0
startup,30995036,16.647,4,0,239193522.0
startup,31013504,18.468,4,0,239350682.0
startup,31028378,14.874,4,0,239378138.0
startup,31045046,16.668,4,0,239390654.0
startup,31063344,18.298,4,0,239443182.0
startup,31078374,15.03,4,0,239498002.0
startup,31095261,16.887,4,0,239550610.0
startup,31113256,17.995,4,0,239611588.0
startup,31128370,15.114,4,0,239678394.0
startup,31145042,16.672,4,0,239734258.0
startup,31163101,18.059,4,0,239786078.0
startup,31178369,15.268,4,0,239834918.0
startup,31195032,16.663,4,0,239888378.0
startup,31212960,17.928,4,0,239943826.0
startup,31228370,15.41,4,0,239956002.0
startup,31245041,16.671,4,0,240008302.0
startup,31261704,16.663,1,0,240061506.0
startup,31293678,31.974,5,0,240425472.0
startup,31299421,5.743,6,0,240660508.0
startup,31311713,12.292,6,0,240936816.0
startup,31328360,16.647,6,0,241024564.0
startup,31345048,16.688,5,0,241004980.0
startup,31361701,16.653,5,0,241234164.0
startup,31378784,17.083,5,0,241234164.0
startup,31395019,16.235,5,0,241429336.0
startup,31411690,16.671,5,0,241489824.0
startup,31428350,16.66,5,0,241519948.0
startup,31445034,16.684,5,0,241574588.0
startup,31463747,18.713,5,0,241637220.0
startup,31478379,14.632,5,0,241783796.0
startup,31495028,16.649,5,0,241727636.0
startup,31513644,18.616,5,0,241849264.0
startup,31528361,14.717,5,0,241859704.0
startup,31545027,16.666,5,0,241922364.0
startup,31561686,16.659,5,0,241982712.0
startup,31578352,16.666,5,0,242072120.0
startup,31595023,16.671,5,0,242101352.0
startup,31611690,16.667,5,0,242176688.0
startup,31628342,16.652,5,0,242247008.0
startup,31645010,16.668,5,0,242312592.0
startup,31662199,17.189,5,0,242390548.0
startup,31678343,16.144,5,0,242459892.0
startup,31695014,16.671,5,0,242534916.0
startup,31713648,18.634,5,0,242548620.0
startup,31728340,14.692,4,0,242629640.0
startup,31745009,16.669,4,0,242894448.0
startup,31763516,18.507,4,0,243164580.0
startup,31778348,14.832,4,0,243404036.0
startup,31795008,16.66,4,0,243467406.0
startup,31811674,16.666,3,0,243560376.0
startup,31828340,16.666,3,0,243683396.0
startup,31845015,16.675,4,0,243814232.0
startup,31863688,18.673,4,0,243870228.0
startup,31878339,14.651,4,0,243955238.0
startup,31895001,16.662,4,0,244021320.0
startup,31913609,18.608,4,0,244092704.0
startup,31928391,14.782,4,0,244179956.0
startup,31945008,16.617,4,0,244263448.0
startup,31961665,16.657,4,0,244331360.0
startup,31978336,16.671,4,0,244391736.0
startup,31994999,16.663,4,0,244468760.0
startup,32011674,16.675,4,0,244518356.0
startup,32028331,16.657,4,0,244646942.0
startup,32044997,16.666,4,0,244759500.0
startup,32063675,18.678,4,0,244815660.0
startup,32078327,14.652,4,0,244870528.0
startup,32094998,16.671,4,0,244920976.0
startup,32111672,16.674,4,0,245016528.0
startup,32128326,16.654,3,0,245059884.0
startup,32145001,16.675,4,0,245330984.0
startup,32161656,16.655,4,0,245589800.0
startup,32178487,16.831,4,0,245701872.0
startup,32194991,16.504,4,0,245920620.0
startup,32211665,16.674,1,0,246046684.0
startup,32243796,32.131,2,0,246369858.0
startup,32249744,5.948,5,0,246437614.0
startup,32263678,13.934,5,0,246443030.0
startup,32278325,14.647,4,0,246513070.0
startup,32294987,16.662,4,0,246694754.0
startup,32311657,16.67,4,0,246840014.0
startup,32328326,16.669,4,0,246789910.0
startup,32344984,16.658,4,0,246865102.0
startup,32361657,16.673,4,0,246961250.0
startup,32378321,16.664,4,0,247037214.0
startup,32394982,16.661,4,0,247140702.0
startup,32411661,16.679,4,0,247149438.0
startup,32428315,16.654,4,0,247231026.0
startup,32444982,16.667,4,0,247324092.0
startup,32463663,18.681,4,0,247388638.0
startup,32478312,14.649,4,0,247454450.0
startup,32495010,16.698,4,0,247506574.0
startup,32511650,16.64,4,0,247574150.0
startup,32528309,16.659,4,0,247652236.0
startup,32544987,16.678,4,0,247738890.0
startup,32561643,16.656,4,0,247807566.0
startup,32578310,16.667,4,0,247944890.0
startup,32594975,16.665,4,0,247932038.0
startup,32611643,16.668,2,0,248002578.0
startup,32640857,29.214,3,0,248417458.0
startup,32648871,8.014,4,0,248551382.0
startup,32663647,14.776,4,0,248813294.0
startup,32678308,14.661,4,0,249090378.0
startup,32694969,16.661,3,0,249086386.0
startup,32711637,16.668,4,0,249287024.0
startup,32728302,16.665,4,0,249363870.0
startup,32744969,16.667,4,0,249453346.0
startup,32763895,18.926,4,0,249465154.0
startup,32778314,14.419,1,0,249557622.0
startup,32808175,29.861,2,0,249896358.0
startup,32815159,6.984,5,0,249902670.0
startup,32828296,13.137,5,0,250008222.0
startup,32845159,16.863,5,0,250101910.0
startup,32863638,18.479,4,0,250153742.0
startup,32878298,14.66,4,0,250366846.0
startup,32894969,16.671,4,0,250424794.0
startup,32913533,18.564,4,0,250480662.0
startup,32928306,14.773,4,0,250493786.0
startup,32944972,16.666,4,0,250545954.0
startup,32961632,16.66,4,0,250598694.0
startup,32978297,16.665,4,0,250659492.0
startup,32994958,16.661,4,0,250752350.0
startup,33011623,16.665,4,0,250804182.0
startup,33028286,16.663,4,0,250861418.0
startup,33044988,16.702,4,0,250925142.0
startup,33063611,18.623,4,0,251053478.0
startup,33078298,14.687,4,0,251059098.0
startup,33094953,16.655,4,0,251149650.0
startup,33111629,16.676,4,0,251258234.0
startup,33128286,16.657,4,0,251363710.0
startup,33144952,16.666,4,0,251435946.0
startup,33161670,16.718,2,0,251510962.0
startup,33191590,29.92,5,0,251891784.0
startup,33201414,9.824,5,0,252156236.0
startup,33212698,11.284,5,0,252248840.0
startup,33228281,15.583,5,0,252461336.0
startup,33244959,16.678,4,0,252413264.0
startup,33263581,18.622,4,0,252619924.0
startup,33278288,14.707,4,0,252709416.0
startup,33294951,16.663,4,0,252813392.0
startup,33311612,16.661,4,0,252915052.0
startup,33328504,16.892,2,0,252931320.0
startup,33358831,30.327,5,0,253314692.0
startup,33365940,7.109,5,0,253286608.0
startup,33378279,12.339,5,0,253327440.0
startup,33394942,16.663,5,0,253375612.0
startup,33411610,16.668,5,0,253430964.0
startup,33428282,16.672,5,0,253437288.0
startup,33444953,16.671,5,0,253493200.0
startup,33461614,16.661,5,0,253549148.0
startup,33478275,16.661,5,0,253640212.0
startup,33494942,16.667,5,0,253690708.0
startup,33511637,16.695,5,0,253745000.0
startup,33528346,16.709,5,0,253797790.0
startup,33544946,16.6,5,0,253804936.0
startup,33563111,18.165,5,0,253857680.0
startup,33578270,15.159,5,0,253907692.0
startup,33594959,16.689,5,0,253957276.0
startup,33611613,16.654,5,0,254014586.0
startup,33628271,16.658,5,0,254155904.0
startup,33644941,16.67,5,0,254114572.0
startup,33663605,18.664,5,0,254172016.0
startup,33678266,14.661,5,0,254230318.0
startup,33694928,16.662,5,0,254272020.0
startup,33713467,18.539,5,0,254324244.0
startup,33728262,14.795,5,0,254365216.0
startup,33744931,16.669,5,0,254375656.0
startup,33763347,18.416,5,0,254428664.0
startup,33778265,14.918,5,0,254481116.0
startup,33794925,16.66,5,0,254568276.0
startup,33812750,17.825,5,0,254659968.0
startup,33828267,15.517,5,0,254625512.0
startup,33844937,16.67,5,0,254625508.0
startup,33863078,18.141,5,0,254699812.0
startup,33878271,15.193,5,0,254754088.0
startup,33894993,16.722,5,0,254755368.0
startup,33912655,17.662,5,0,254755368.0
startup,33928262,15.607,5,0,254755368.0
startup,33944921,16.659,5,0,254871812.0
startup,33962191,17.27,5,0,254915280.0
startup,33978256,16.065,5,0,254964724.0
startup,33994919,16.663,5,0,255008064.0
startup,34012648,17.729,5,0,255060836.0
startup,34028252,15.604,5,0,255119536.0
startup,34044916,16.664,5,0,255166476.0
startup,34062544,17.628,5,0,255203040.0
startup,34078253,15.709,5,0,255203040.0
startup,34094922,16.669,5,0,255247664.0
startup,34112643,17.721,5,0,255296368.0
startup,34128255,15.612,5,0,255296368.0
startup,34145090,16.835,5,0,255296368.0
startup,34162563,17.473,5,0,255296368.0
startup,34178253,15.69,5,0,255296364.0
startup,34194922,16.669,5,0,255296368.0
startup,34212437,17.515,5,0,255296368.0
startup,34228243,15.806,5,0,255537936.0
startup,34244915,16.672,5,0,255588236.0
startup,34262399,17.484,5,0,255590936.0
startup,34278257,15.858,5,0,255590936.0
startup,34294915,16.658,5,0,255590936.0
startup,34312258,17.343,5,0,255590936.0
startup,34328239,15.981,5,0,255756984.0
startup,34344902,16.663,5,0,255811108.0
startup,34362046,17.144,5,0,255865324.0
startup,34378234,16.188,5,0,255908496.0
startup,34394904,16.67,5,0,255965604.0
startup,34411995,17.091,5,0,256021336.0
startup,34428530,16.535,5,0,256073544.0
startup,34444908,16.378,5,0,256109888.0
startup,34462608,17.7,5,0,256109880.0
startup,34478243,15.635,5,0,256109888.0
startup,34494903,16.66,5,0,256109884.0
startup,34512433,17.53,5,0,256109884.0
startup,34528256,15.823,5,0,256109888.0
startup,34544905,16.649,5,0,256304288.0
startup,34562302,17.397,5,0,256352632.0
startup,34578240,15.938,5,0,256381040.0
startup,34594893,16.653,5,0,256431440.0
startup,34612271,17.378,5,0,256487492.0
startup,34628226,15.955,5,0,256537428.0
startup,34644890,16.664,5,0,256587220.0
startup,34661964,17.074,5,0,256599400.0
startup,34678232,16.268,5,0,256664312.0
startup,34694890,16.658,5,0,256725744.0
startup,34711953,17.063,5,0,256806656.0
startup,34728218,16.265,5,0,256811256.0
startup,34744899,16.681,5,0,256857256.0
startup,34761847,16.948,5,0,256910020.0
startup,34778224,16.377,5,0,256917736.0
startup,34794893,16.669,5,0,256977228.0
startup,34811878,16.985,5,0,257022224.0
startup,34828219,16.341,5,0,257079558.0
startup,34844884,16.665,5,0,257134238.0
startup,34861891,17.007,5,0,257216700.0
startup,34878224,16.333,5,0,257229036.0
startup,34894893,16.669,5,0,257291912.0
startup,34911865,16.972,5,0,257318008.0
startup,34928224,16.359,5,0,257374096.0
startup,34944882,16.658,5,0,257422476.0
startup,34961840,16.958,5,0,257473282.0
startup,34978230,16.39,5,0,257520020.0
startup,34994889,16.659,5,0,257535084.0
startup,35011813,16.924,5,0,257579100.0
startup,35028214,16.401,5,0,257663304.0
startup,35044877,16.663,5,0,257737420.0
startup,35061820,16.943,5,0,257754772.0
startup,35078208,16.388,4,0,257881454.0
startup,35094878,16.67,4,0,258053530.0
startup,35111861,16.983,4,0,258351284.0
startup,35128206,16.345,4,0,258627910.0
startup,35144879,16.673,4,0,258842788.0
startup,35161750,16.871,2,0,259088090.0
startup,35192106,30.356,5,0,259451004.0
startup,35201829,9.723,5,0,259651138.0
startup,35211750,9.921,5,0,259836236.0
startup,35228205,16.455,5,0,260098024.0
startup,35244870,16.665,4,0,260274632.0
startup,35261716,16.846,4,0,260475324.0
startup,35278205,16.489,4,0,260782252.0
startup,35294870,16.665,4,0,260920252.0
startup,35311690,16.82,2,0,261162540.0
startup,35339007,27.317,3,0,261531274.0
startup,35346777,7.77,4,0,261569562.0
startup,35361694,14.917,4,0,261782598.0
startup,35378196,16.502,3,0,261321026.0
startup,35394867,16.671,3,0,261448558.0
startup,35411649,16.782,4,0,261677990.0
startup,35428198,16.549,4,0,261845966.0
startup,35444866,16.668,4,0,261929910.0
startup,35461637,16.771,4,0,262109634.0
startup,35478197,16.56,4,0,262118306.0
startup,35494865,16.668,4,0,262222258.0
startup,35511585,16.72,4,0,262292294.0
startup,35528189,16.604,4,0,262346238.0
startup,35544906,16.717,4,0,262406918.0
startup,35561569,16.663,4,0,262415478.0
startup,35578190,16.621,4,0,262522894.0
startup,35594852,16.662,4,0,262650070.0
startup,35611577,16.725,4,0,262723114.0
startup,35628193,16.616,4,0,262771806.0
startup,35644860,16.667,4,0,262851458.0
startup,35661532,16.672,4,0,262827730.0
startup,35678196,16.664,4,0,262877338.0
startup,35694855,16.659,4,0,262925686.0
startup,35711512,16.657,4,0,263050886.0
startup,35728188,16.676,4,0,263154674.0
startup,35744855,16.667,4,0,263176834.0
startup,35761516,16.661,4,0,263266730.0
startup,35778186,16.67,4,0,263314634.0
startup,35794845,16.659,4,0,263370114.0
startup,35811644,16.799,4,0,263410398.0
startup,35828178,16.534,4,0,263458066.0
startup,35844852,16.674,4,0,263559406.0
startup,35861522,16.67,4,0,263527654.0
startup,35878187,16.665,4,0,263599898.0
startup,35894847,16.66,4,0,263647658.0
startup,35911507,16.66,4,0,263738930.0
startup,35928176,16.669,4,0,263835854.0
startup,35944845,16.669,4,0,263965326.0
startup,35961829,16.984,4,0,263982466.0
startup,35978191,16.362,4,0,264031734.0
startup,35994843,16.652,4,0,264108626.0
startup,36011668,16.825,4,0,264171666.0
startup,36028172,16.504,4,0,264225538.0
startup,36044841,16.669,4,0,264290654.0
startup,36061580,16.739,4,0,264339842.0
startup,36078170,16.59,4,0,264439634.0
startup,36094881,16.711,4,0,264509598.0
startup,36111498,16.617,4,0,264564884.0
startup,36128177,16.679,4,0,264572038.0
startup,36144839,16.662,4,0,264628406.0
startup,36161500,16.661,4,0,264682978.0
startup,36178177,16.677,4,0,264743814.0
startup,36194823,16.646,4,0,264838842.0
startup,36211503,16.68,4,0,264887118.0
startup,36228177,16.674,4,0,264944398.0
startup,36244830,16.653,4,0,265027310.0
startup,36261496,16.666,4,0,265078018.0
startup,36278163,16.667,4,0,265127654.0
startup,36294833,16.67,4,0,265181702.0
startup,36311490,16.657,4,0,265223246.0
startup,36328165,16.675,4,0,265274462.0
startup,36344836,16.671,4,0,265283918.0
startup,36361495,16.659,4,0,265338166.0
startup,36378202,16.707,4,0,265389034.0
startup,36394824,16.622,4,0,265444558.0
startup,36411487,16.663,4,0,265501642.0
startup,36428155,16.668,4,0,265555150.0
startup,36444824,16.669,4,0,265593858.0
startup,36461493,16.669,4,0,265606038.0
startup,36478168,16.675,4,0,265655030.0
startup,36494820,16.652,4,0,265705110.0
startup,36511484,16.664,4,0,265762538.0
startup,36528155,16.671,4,0,265813694.0
startup,36544815,16.66,4,0,265864382.0
startup,36561531,16.716,4,0,265926068.0
startup,36578150,16.619,4,0,265972266.0
startup,36594817,16.667,4,0,266017354.0
startup,36611491,16.674,4,0,266029534.0
startup,36628153,16.662,4,0,266081350.0
startup,36644827,16.674,1,0,266133090.0
startup,36676500,31.673,2,0,266657598.0
startup,36686376,9.876,5,0,266863566.0
startup,36694803,8.427,5,0,267091758.0
startup,36711487,16.684,5,0,267322750.0
startup,36728144,16.657,4,0,267574194.0
startup,36744810,16.666,4,0,267685550.0
startup,36761481,16.671,4,0,267974646.0
startup,36778142,16.661,4,0,268158686.0
startup,36794808,16.666,4,0,268302158.0
startup,36811473,16.665,4,0,268593674.0
startup,36828139,16.666,4,0,269102382.0
startup,36844813,16.674,4,0,269253050.0
startup,36861475,16.662,4,0,269479054.0
startup,36878139,16.664,4,0,269783506.0
startup,36894806,16.667,4,0,269900386.0
startup,36911475,16.669,4,0,270111370.0
startup,36928212,16.737,4,0,269718794.0
startup,36944802,16.59,4,0,269867430.0
startup,36961468,16.666,4,0,269984248.0
startup,36978307,16.839,4,0,270041598.0
streaming_baseline,36994895,16.588,4,0,269758478.0
streaming_baseline,37011551,16.656,4,0,269822354.0
streaming_baseline,37028220,16.669,4,0,269906786.0
streaming_baseline,37044887,16.667,4,0,270004502.0
streaming_baseline,37061545,16.658,4,0,270088910.0
streaming_baseline,37078216,16.671,4,0,270138650.0
streaming_baseline,37094884,16.668,2,0,270182298.0
streaming_baseline,37124815,29.931,3,0,270575948.0
streaming_baseline,37133645,8.83,4,0,270836586.0
streaming_baseline,37144883,11.238,4,0,271006654.0
streaming_baseline,37161538,16.655,4,0,271240722.0
streaming_baseline,37178213,16.675,3,0,271197350.0
streaming_baseline,37194900,16.687,3,0,271264994.0
streaming_baseline,37211568,16.668,3,0,271461562.0
streaming_baseline,37228197,16.629,3,0,271566934.0
streaming_baseline,37244902,16.705,4,0,272030194.0
streaming_baseline,37261551,16.649,1,0,272085138.0
streaming_baseline,37291334,29.783,2,0,272649464.0
streaming_baseline,37296301,4.967,3,0,272676772.0
streaming_baseline,37311557,15.256,3,0,272681268.0
streaming_baseline,37328206,16.649,3,0,272769540.0
streaming_baseline,37344863,16.657,3,0,272832056.0
streaming_baseline,37361558,16.695,4,0,273018348.0
streaming_baseline,37378210,16.652,4,0,273070656.0
streaming_baseline,37394871,16.661,4,0,273124420.0
streaming_baseline,37411556,16.685,4,0,273207118.0
streaming_baseline,37428197,16.641,4,0,273263750.0
streaming_baseline,37444872,16.675,4,0,273318212.0
streaming_baseline,37461539,16.667,4,0,273325780.0
streaming_baseline,37478323,16.784,4,0,273380260.0
streaming_baseline,37494865,16.542,4,0,273478716.0
streaming_baseline,37511534,16.669,4,0,273532248.0
streaming_baseline,37528196,16.662,4,0,273591868.0
streaming_baseline,37544864,16.668,4,0,273639980.0
streaming_baseline,37561537,16.673,3,0,273711834.0
streaming_baseline,37578224,16.687,3,0,273951048.0
streaming_baseline,37594857,16.633,4,0,274057700.0
streaming_baseline,37611550,16.693,4,0,274307188.0
streaming_baseline,37628200,16.65,1,0,274536800.0
streaming_baseline,37656327,28.127,2,0,274608874.0
streaming_baseline,37664004,7.677,3,0,274773582.0
streaming_baseline,37678180,14.176,3,0,274842662.0
streaming_baseline,37694854,16.674,3,0,274902822.0
streaming_baseline,37711529,16.675,3,0,274995202.0
streaming_baseline,37728178,16.649,3,0,275158974.0
streaming_baseline,37744855,16.677,3,0,275217798.0
streaming_baseline,37761561,16.706,3,0,275230194.0
streaming_baseline,37778192,16.631,0,0,275298914.0
streaming_baseline,37807537,29.345,1,0,275533286.0
streaming_baseline,37815206,7.669,2,0,275629842.0
streaming_baseline,37828189,12.983,4,0,275692556.0
streaming_baseline,37844845,16.656,4,0,275743330.0
streaming_baseline,37861537,16.692,4,0,275790030.0
streaming_baseline,37878184,16.647,4,0,275876554.0
streaming_baseline,37894851,16.667,4,0,275967564.0
streaming_baseline,37911527,16.676,4,0,275969222.0
streaming_baseline,37928190,16.663,4,0,275969222.0
streaming_baseline,37944857,16.667,4,0,276080354.0
streaming_baseline,37961525,16.668,4,0,276142790.0
streaming_baseline,37978187,16.662,4,0,276217234.0
streaming_baseline,37994855,16.668,4,0,276274478.0
streaming_baseline,38011509,16.654,4,0,276326894.0
streaming_baseline,38028184,16.675,4,0,276382952.0
streaming_baseline,38044837,16.653,4,0,276433718.0
streaming_baseline,38061523,16.686,4,0,276494324.0
streaming_baseline,38078201,16.678,4,0,276550742.0
streaming_baseline,38094853,16.652,4,0,276661026.0
streaming_baseline,38111514,16.661,4,0,276621294.0
streaming_baseline,38128170,16.656,4,0,276686670.0
streaming_baseline,38144848,16.678,4,0,276746832.0
streaming_baseline,38161532,16.684,4,0,276793170.0
streaming_baseline,38178165,16.633,4,0,276847368.0
streaming_baseline,38194837,16.672,4,0,276894682.0
streaming_baseline,38211524,16.687,4,0,276906862.0
streaming_baseline,38228186,16.662,4,0,276963350.0
streaming_baseline,38244839,16.653,4,0,277021798.0
streaming_baseline,38261523,16.684,4,0,277078254.0
streaming_baseline,38278305,16.782,4,0,277134830.0
streaming_baseline,38294829,16.524,4,0,277187312.0
streaming_baseline,38311567,16.738,4,0,277233338.0
streaming_baseline,38328180,16.613,4,0,277245518.0
streaming_baseline,38344852,16.672,4,0,277297142.0
streaming_baseline,38361521,16.669,4,0,277350186.0
streaming_baseline,38378171,16.65,4,0,277444076.0
streaming_baseline,38394821,16.65,4,0,277538278.0
streaming_baseline,38411537,16.716,4,0,277594394.0
streaming_baseline,38428166,16.629,4,0,277606574.0
streaming_baseline,38444844,16.678,4,0,277666758.0
streaming_baseline,38461516,16.672,4,0,277850630.0
streaming_baseline,38478156,16.64,4,0,277902190.0
streaming_baseline,38494845,16.689,4,0,278007576.0
streaming_baseline,38511522,16.677,4,0,278124020.0
streaming_baseline,38528164,16.642,4,0,278177918.0
streaming_baseline,38544822,16.658,4,0,278248638.0
streaming_baseline,38561546,16.724,4,0,278304248.0
streaming_baseline,38578150,16.604,4,0,278354070.0
streaming_baseline,38594836,16.686,4,0,278405718.0
streaming_baseline,38611533,16.697,4,0,278464624.0
streaming_baseline,38628154,16.621,4,0,278620988.0
streaming_baseline,38644831,16.677,4,0,278575354.0
streaming_baseline,38661529,16.698,4,0,278639570.0
streaming_baseline,38678162,16.633,4,0,278698242.0
streaming_baseline,38694841,16.679,4,0,278774346.0
streaming_baseline,38711644,16.803,4,0,278881730.0
streaming_baseline,38728141,16.497,4,0,278934046.0
streaming_baseline,38744818,16.677,4,0,278944030.0
streaming_baseline,38761564,16.746,4,0,278999022.0
streaming_baseline,38778133,16.569,4,0,279047512.0
streaming_baseline,38794813,16.68,4,0,279152282.0
streaming_baseline,38811589,16.776,4,0,279200818.0
streaming_baseline,38828150,16.561,4,0,279283382.0
streaming_baseline,38844814,16.664,4,0,279312298.0
streaming_baseline,38861583,16.769,4,0,279452422.0
streaming_baseline,38878139,16.556,4,0,279511162.0
streaming_baseline,38894808,16.669,4,0,279556180.0
streaming_baseline,38911559,16.751,4,0,279600258.0
streaming_baseline,38928147,16.588,4,0,279612438.0
streaming_baseline,38944813,16.666,4,0,279661474.0
streaming_baseline,38961557,16.744,4,0,279780726.0
streaming_baseline,38978333,16.776,4,0,279821898.0
streaming_baseline,38994814,16.481,4,0,279899358.0
streaming_baseline,39011611,16.797,4,0,279944222.0
streaming_baseline,39028135,16.524,4,0,280034808.0
streaming_baseline,39044804,16.669,4,0,280085580.0
streaming_baseline,39061606,16.802,4,0,280129950.0
streaming_baseline,39078205,16.599,4,0,280176086.0
streaming_baseline,39094806,16.601,4,0,280262850.0
streaming_baseline,39111544,16.738,1,0,280249242.0
streaming_baseline,39142387,30.843,2,0,280639292.0
streaming_baseline,39152017,9.63,3,0,280760668.0
streaming_baseline,39161607,9.59,3,0,280925940.0
streaming_baseline,39178150,16.543,3,0,281362976.0
streaming_baseline,39194796,16.646,3,0,281520668.0
streaming_baseline,39211717,16.921,3,0,281765252.0
streaming_baseline,39228131,16.414,4,0,282007160.0
streaming_baseline,39244812,16.681,3,0,282225200.0
streaming_baseline,39261600,16.788,3,0,282662578.0
streaming_baseline,39278142,16.542,3,0,282874200.0
streaming_baseline,39294794,16.652,3,0,283105324.0
streaming_baseline,39311564,16.77,3,0,283469668.0
streaming_baseline,39328144,16.58,0,0,283566020.0
streaming_baseline,39356907,28.763,5,0,283783760.0
streaming_baseline,39365801,8.894,6,0,284004970.0
streaming_baseline,39378125,12.324,6,0,284236006.0
streaming_baseline,39394800,16.675,6,0,284408854.0
streaming_baseline,39411582,16.782,6,0,283947980.0
streaming_baseline,39428554,16.972,6,0,284166150.0
streaming_baseline,39444802,16.248,6,0,284228662.0
streaming_baseline,39461571,16.769,6,0,284437226.0
streaming_baseline,39478126,16.555,6,0,284526998.0
streaming_baseline,39494775,16.649,6,0,284588372.0
streaming_baseline,39511551,16.776,6,0,284642250.0
streaming_baseline,39528133,16.582,6,0,284654430.0
streaming_baseline,39544795,16.662,6,0,284754376.0
streaming_baseline,39561560,16.765,6,0,284821102.0
streaming_baseline,39578116,16.556,6,0,284874744.0
streaming_baseline,39594786,16.67,6,0,284930588.0
streaming_baseline,39611608,16.822,6,0,285018846.0
streaming_baseline,39628127,16.519,6,0,285031026.0
streaming_baseline,39644783,16.656,5,0,285099990.0
streaming_baseline,39661580,16.797,5,0,285426570.0
streaming_baseline,39678135,16.555,5,0,285704870.0
streaming_baseline,39694963,16.828,5,0,285853142.0
streaming_baseline,39711574,16.611,5,0,286011118.0
streaming_baseline,39728126,16.552,4,0,285998686.0
streaming_baseline,39744787,16.661,4,0,286164110.0
streaming_baseline,39761585,16.798,4,0,286280778.0
streaming_baseline,39778116,16.531,4,0,286349350.0
streaming_baseline,39794773,16.657,4,0,286424386.0
streaming_baseline,39811580,16.807,4,0,286436902.0
streaming_baseline,39828112,16.532,3,0,286554718.0
streaming_baseline,39844780,16.668,3,0,286737322.0
streaming_baseline,39861610,16.83,3,0,286730346.0
streaming_baseline,39878118,16.508,3,0,286821978.0
streaming_baseline,39894768,16.65,3,0,286907898.0
streaming_baseline,39911597,16.829,3,0,286959126.0
streaming_baseline,39928098,16.501,4,0,287100538.0
streaming_baseline,39944774,16.676,4,0,287157902.0
streaming_baseline,39961590,16.816,4,0,287170082.0
streaming_baseline,39978113,16.523,4,0,287274182.0
streaming_baseline,39994767,16.654,4,0,287325466.0
streaming_baseline,40011586,16.819,4,0,287374074.0
streaming_baseline,40028091,16.505,4,0,287427278.0
streaming_baseline,40044774,16.683,4,0,287493566.0
streaming_baseline,40061566,16.792,4,0,287573082.0
streaming_baseline,40078107,16.541,4,0,287579314.0
streaming_baseline,40094770,16.663,4,0,287634154.0
streaming_baseline,40111590,16.82,4,0,287691574.0
streaming_baseline,40128153,16.563,3,0,287759598.0
streaming_baseline,40144756,16.603,3,0,287892334.0
streaming_baseline,40161566,16.81,4,0,288195422.0
streaming_baseline,40178093,16.527,4,0,288434758.0
streaming_baseline,40194758,16.665,4,0,288620854.0
streaming_baseline,40211600,16.842,1,0,288604354.0
streaming_baseline,40242376,30.776,2,0,289072698.0
streaming_baseline,40249214,6.838,3,0,289084064.0
streaming_baseline,40261685,12.471,3,0,289125938.0
streaming_baseline,40278088,16.403,4,0,289484546.0
streaming_baseline,40294754,16.666,4,0,289563550.0
streaming_baseline,40311568,16.814,4,0,289698080.0
streaming_baseline,40328096,16.528,4,0,289646506.0
streaming_baseline,40344769,16.673,4,0,289775766.0
streaming_baseline,40361562,16.793,4,0,289852370.0
streaming_baseline,40378081,16.519,4,0,289968964.0
streaming_baseline,40394760,16.679,4,0,290005302.0
streaming_baseline,40411584,16.824,4,0,290077170.0
streaming_baseline,40428077,16.493,4,0,290164418.0
streaming_baseline,40444757,16.68,4,0,290235194.0
streaming_baseline,40461607,16.85,4,0,290306316.0
streaming_baseline,40478095,16.488,4,0,290314218.0
streaming_baseline,40494778,16.683,4,0,290387266.0
streaming_baseline,40511612,16.834,4,0,290454830.0
streaming_baseline,40528157,16.545,4,0,290549902.0
streaming_baseline,40544743,16.586,4,0,290642366.0
streaming_baseline,40561652,16.909,4,0,290720522.0
streaming_baseline,40578094,16.442,4,0,290731338.0
streaming_baseline,40594750,16.656,3,0,290797202.0
streaming_baseline,40611565,16.815,3,0,291042730.0
streaming_baseline,40628103,16.538,4,0,291254666.0
streaming_baseline,40644740,16.637,4,0,291436362.0
streaming_baseline,40661590,16.85,4,0,291658770.0
streaming_baseline,40678083,16.493,4,0,291628054.0
streaming_baseline,40694731,16.648,4,0,291680266.0
streaming_baseline,40711679,16.948,4,0,291732230.0
streaming_baseline,40728070,16.391,4,0,291789198.0
streaming_baseline,40744736,16.666,4,0,291797502.0
streaming_baseline,40761573,16.837,4,0,291851206.0
streaming_baseline,40778063,16.49,4,0,291903402.0
streaming_baseline,40794729,16.666,4,0,291952746.0
streaming_baseline,40811573,16.844,4,0,292012962.0
streaming_baseline,40828068,16.495,4,0,292065150.0
streaming_baseline,40844730,16.662,4,0,292122548.0
streaming_baseline,40861560,16.83,4,0,292169214.0
streaming_baseline,40878070,16.51,4,0,292230142.0
streaming_baseline,40894748,16.678,1,0,292236598.0
streaming_baseline,40926926,32.178,2,0,292771714.0
streaming_baseline,40936036,9.11,3,0,292999066.0
streaming_baseline,40944822,8.786,3,0,293163578.0
streaming_baseline,40961552,16.73,3,0,293134274.0
streaming_baseline,40978064,16.512,3,0,293199438.0
streaming_baseline,40994723,16.659,3,0,293389218.0
streaming_baseline,41011596,16.873,3,0,293498594.0
streaming_baseline,41028060,16.464,3,0,293635914.0
streaming_baseline,41044762,16.702,0,0,293573354.0
streaming_baseline,41074764,30.002,1,0,293920698.0
streaming_baseline,41083441,8.677,2,0,293961854.0
streaming_baseline,41094716,11.275,4,0,293979102.0
streaming_baseline,41111584,16.868,4,0,294061014.0
streaming_baseline,41128057,16.473,4,0,294159626.0
streaming_baseline,41144716,16.659,4,0,294275320.0
streaming_baseline,41161567,16.851,4,0,294340094.0
streaming_baseline,41178060,16.493,4,0,294400226.0
streaming_baseline,41194728,16.668,4,0,294519402.0
streaming_baseline,41211576,16.848,4,0,294633554.0
streaming_baseline,41228053,16.477,4,0,294735794.0
streaming_baseline,41244725,16.672,4,0,294771862.0
streaming_baseline,41261563,16.838,4,0,294862914.0
streaming_baseline,41278049,16.486,4,0,294964550.0
streaming_baseline,41294707,16.658,4,0,295040842.0
streaming_baseline,41311624,16.917,4,0,295133158.0
streaming_baseline,41328056,16.432,4,0,295208382.0
streaming_baseline,41344748,16.692,4,0,295233994.0
streaming_baseline,41361741,16.993,1,0,295294194.0
streaming_baseline,41392324,30.583,1,0,296071808.0
streaming_baseline,41402223,9.899,1,0,296237716.0
streaming_baseline,41411564,9.341,1,0,296461920.0
streaming_baseline,41428034,16.47,1,0,296577960.0
streaming_baseline,41444716,16.682,3,0,296569512.0
streaming_baseline,41461557,16.841,3,0,296817964.0
streaming_baseline,41478030,16.473,3,0,296884356.0
streaming_baseline,41494699,16.669,3,0,296946028.0
streaming_baseline,41511572,16.873,2,0,297011530.0
streaming_baseline,41528046,16.474,2,0,297159380.0
streaming_baseline,41544716,16.67,2,0,297217740.0
streaming_baseline,41561572,16.856,4,0,297388796.0
streaming_baseline,41578054,16.482,4,0,297443148.0
streaming_baseline,41594715,16.661,4,0,297506224.0
streaming_baseline,41611582,16.867,4,0,297561296.0
streaming_baseline,41628032,16.45,4,0,297619088.0
streaming_baseline,41644711,16.679,4,0,297715170.0
streaming_baseline,41661568,16.857,4,0,297774650.0
streaming_baseline,41678041,16.473,4,0,297829176.0
streaming_baseline,41694703,16.662,4,0,297835400.0
streaming_baseline,41711386,16.683,4,0,297910128.0
streaming_baseline,41728022,16.636,4,0,297988768.0
streaming_baseline,41744687,16.665,4,0,298048748.0
streaming_baseline,41761398,16.711,4,0,298101742.0
streaming_baseline,41778030,16.632,4,0,298105408.0
streaming_baseline,41794696,16.666,4,0,298194136.0
streaming_baseline,41811452,16.756,4,0,298261624.0
streaming_baseline,41828025,16.573,4,0,298320534.0
streaming_baseline,41844691,16.666,3,0,298371588.0
streaming_baseline,41861478,16.787,3,0,298583224.0
streaming_baseline,41878026,16.548,3,0,298827732.0
streaming_baseline,41894704,16.678,3,0,298903148.0
streaming_baseline,41911572,16.868,4,0,299107748.0
streaming_baseline,41928024,16.452,4,0,299080876.0
streaming_baseline,41944679,16.655,4,0,299136900.0
streaming_baseline,41961504,16.825,4,0,299190484.0
streaming_baseline,41978024,16.52,4,0,299236272.0
compact_history_control,41998267,20.243,5,0,299288860.0
compact_history_control,42011532,13.265,5,0,299341952.0
compact_history_control,42028027,16.495,5,0,299398676.0
compact_history_control,42044708,16.681,5,0,299410904.0
compact_history_control,42061534,16.826,5,0,299465848.0
compact_history_control,42078017,16.483,5,0,299522760.0
compact_history_control,42094680,16.663,5,0,299582068.0
compact_history_control,42111543,16.863,5,0,299635780.0
compact_history_control,42128012,16.469,5,0,299691392.0
compact_history_control,42144698,16.686,3,0,299698724.0
compact_history_control,42161542,16.844,3,0,299972068.0
compact_history_control,42196101,34.559,2,0,301461068.0
compact_history_control,42204815,8.714,2,2,301812246.0
compact_history_control,42215253,10.438,2,2,301929594.0
compact_history_control,42231418,16.165,5,2,301732734.0
compact_history_control,42246069,14.651,7,2,301782310.0
compact_history_control,42262733,16.664,7,2,301794770.0
compact_history_control,42281445,18.712,7,2,301899952.0
compact_history_control,42296061,14.616,7,2,301955858.0
compact_history_control,42312731,16.67,7,2,301999570.0
compact_history_control,42331449,18.718,7,2,302065574.0
compact_history_control,42346058,14.609,7,2,302155594.0
compact_history_control,42362727,16.669,7,2,302237768.0
compact_history_control,42381406,18.679,7,2,302289638.0
compact_history_control,42396067,14.661,7,2,302300078.0
compact_history_control,42412732,16.665,7,2,302362934.0
compact_history_control,42431442,18.71,7,2,302425850.0
compact_history_control,42446053,14.611,7,2,302480550.0
compact_history_control,42462712,16.659,7,2,302518866.0
compact_history_control,42481476,18.764,5,2,302613488.0
compact_history_control,42496051,14.575,5,2,302901742.0
compact_history_control,42512730,16.679,5,2,303307670.0
compact_history_control,42531435,18.705,4,2,303554538.0
compact_history_control,42546125,14.69,4,2,303618370.0
compact_history_control,42562722,16.597,4,2,303361054.0
compact_history_control,42581417,18.695,5,2,303432916.0
compact_history_control,42596052,14.635,5,2,303523292.0
compact_history_control,42612713,16.661,5,2,303573402.0
compact_history_control,42631450,18.737,5,2,303631810.0
compact_history_control,42646057,14.607,5,2,303643990.0
compact_history_control,42662719,16.662,5,2,303704112.0
compact_history_control,42681412,18.693,5,2,303755082.0
compact_history_control,42696048,14.636,5,2,303835434.0
compact_history_control,42712722,16.674,5,2,303845874.0
compact_history_control,42731448,18.726,5,2,303928674.0
compact_history_control,42746055,14.607,5,2,303994690.0
compact_history_control,42762710,16.655,5,2,304077636.0
compact_history_control,42781437,18.727,5,2,304129422.0
compact_history_control,42796045,14.608,5,2,304186838.0
compact_history_control,42812719,16.674,5,2,304196454.0
compact_history_control,42831433,18.714,5,2,304263598.0
compact_history_control,42846043,14.61,5,2,304322162.0
compact_history_control,42862719,16.676,5,2,304408958.0
compact_history_control,42881427,18.708,5,2,304471740.0
compact_history_control,42896053,14.626,5,2,304481130.0
compact_history_control,42912707,16.654,5,2,304538726.0
compact_history_control,42931458,18.751,5,2,304644088.0
compact_history_control,42946030,14.572,5,2,304727540.0
compact_history_control,42962718,16.688,5,2,304755730.0
compact_history_control,42981481,18.763,5,2,304817422.0
compact_history_control,42996036,14.555,5,2,304889670.0
compact_history_control,43012702,16.666,5,2,304949330.0
compact_history_control,43031487,18.785,5,2,305008562.0
compact_history_control,43046031,14.544,5,2,305086622.0
compact_history_control,43062699,16.668,5,2,305139194.0
compact_history_control,43081431,18.732,5,2,305203690.0
compact_history_control,43096035,14.604,5,2,305209914.0
compact_history_control,43112699,16.664,5,2,305270758.0
compact_history_control,43131374,18.675,5,2,305329930.0
compact_history_control,43146027,14.653,5,2,305385390.0
compact_history_control,43162705,16.678,5,2,305397570.0
compact_history_control,43181419,18.714,5,2,305454914.0
compact_history_control,43196024,14.605,5,2,305516210.0
compact_history_control,43212693,16.669,5,2,305568618.0
compact_history_control,43231392,18.699,5,2,305622792.0
compact_history_control,43246035,14.643,5,2,305627210.0
compact_history_control,43262701,16.666,5,2,305690802.0
compact_history_control,43281413,18.712,5,2,305755318.0
compact_history_control,43296044,14.631,5,2,305808094.0
compact_history_control,43312683,16.639,5,2,305857214.0
compact_history_control,43330010,17.327,5,2,305867586.0
compact_history_control,43346028,16.018,5,2,305924266.0
compact_history_control,43362688,16.66,5,2,305984658.0
compact_history_control,43381387,18.699,5,2,306037078.0
compact_history_control,43396018,14.631,5,2,306096344.0
compact_history_control,43412683,16.665,5,2,306159486.0
compact_history_control,43431386,18.703,5,2,306224446.0
compact_history_control,43446023,14.637,5,2,306284340.0
compact_history_control,43462678,16.655,5,2,306365870.0
compact_history_control,43481332,18.654,5,2,306448186.0
compact_history_control,43496015,14.683,5,2,306503280.0
compact_history_control,43512692,16.677,5,2,306511178.0
compact_history_control,43531427,18.735,5,2,306567634.0
compact_history_control,43546010,14.583,5,2,306630750.0
compact_history_control,43562682,16.672,5,2,306718146.0
compact_history_control,43581166,18.484,5,2,306805414.0
compact_history_control,43596019,14.853,5,2,306815854.0
compact_history_control,43612682,16.663,5,2,306870558.0
compact_history_control,43631427,18.745,5,2,306944550.0
compact_history_control,43646021,14.594,5,2,307011202.0
compact_history_control,43662678,16.657,5,2,307137990.0
compact_history_control,43681459,18.781,5,2,307192162.0
compact_history_control,43696016,14.557,5,2,307226382.0
compact_history_control,43712665,16.649,5,2,307292790.0
compact_history_control,43731371,18.706,5,2,307363590.0
compact_history_control,43746022,14.651,5,2,307363374.0
compact_history_control,43762672,16.65,5,2,307422378.0
compact_history_control,43781378,18.706,5,2,307471734.0
compact_history_control,43795998,14.62,5,2,307516190.0
compact_history_control,43812657,16.659,5,2,307588458.0
compact_history_control,43831396,18.739,5,2,307716922.0
compact_history_control,43846016,14.62,5,2,307727358.0
compact_history_control,43862741,16.725,3,2,307787606.0
compact_history_control,43881383,18.642,2,2,308073190.0
compact_history_control,43895993,14.61,2,2,308413046.0
compact_history_control,43912668,16.675,0,2,308712330.0
compact_history_control,43931374,18.706,0,2,308992850.0
compact_history_control,43946003,14.629,0,2,309149938.0
compact_history_control,43962674,16.671,0,2,309301762.0
compact_history_control,43981381,18.707,0,2,309527278.0
compact_history_control,43996008,14.627,0,2,309693990.0
compact_history_control,44012669,16.661,0,2,309830238.0
compact_history_control,44031359,18.69,0,2,310051666.0
compact_history_control,44046002,14.643,0,2,310212826.0
compact_history_control,44062663,16.661,0,2,310379538.0
compact_history_control,44081346,18.683,0,2,310558186.0
compact_history_control,44095997,14.651,0,2,311836414.0
compact_history_control,44112683,16.686,0,2,311992214.0
compact_history_control,44131362,18.679,0,2,311377006.0
compact_history_control,44146017,14.655,4,2,311213290.0
compact_history_control,44162652,16.635,3,2,311387330.0
compact_history_control,44179324,16.672,2,2,311795974.0
compact_history_control,44195983,16.659,2,2,312034466.0
compact_history_control,44212667,16.684,0,2,312293902.0
compact_history_control,44231378,18.711,3,2,311991818.0
compact_history_control,44245983,14.605,3,2,312176518.0
compact_history_control,44262662,16.679,0,2,312350330.0
compact_history_control,44279310,16.648,0,2,312784946.0
compact_history_control,44296004,16.694,0,2,312913846.0
compact_history_control,44312657,16.653,4,2,312663982.0
compact_history_control,44331375,18.718,3,2,312795498.0
compact_history_control,44345987,14.612,2,2,313127922.0
compact_history_control,44362652,16.665,2,2,313488782.0
compact_history_control,44379323,16.671,0,2,313605934.0
compact_history_control,44395980,16.657,4,2,313279726.0
compact_history_control,44412919,16.939,4,2,313502948.0
compact_history_control,44431361,18.442,3,2,313847382.0
compact_history_control,44445979,14.618,3,2,314106266.0
compact_history_control,44462642,16.663,2,2,314636186.0
compact_history_control,44479314,16.672,1,2,314527986.0
compact_history_control,44495988,16.674,1,2,314837686.0
compact_history_control,44512643,16.655,2,2,315267182.0
compact_history_control,44529309,16.666,1,2,315477286.0
compact_history_control,44545984,16.675,0,2,315491342.0
compact_history_control,44562650,16.666,4,2,315263698.0
compact_history_control,44579310,16.66,4,2,315485926.0
compact_history_control,44595977,16.667,4,2,315733246.0
compact_history_control,44612644,16.667,4,2,316005414.0
compact_history_control,44629303,16.659,3,2,316386986.0
compact_history_control,44645979,16.676,2,2,316514730.0
compact_history_control,44662645,16.666,1,2,316296034.0
compact_history_control,44679303,16.658,3,2,316844086.0
compact_history_control,44695984,16.681,2,2,317096134.0
compact_history_control,44712650,16.666,0,2,317329606.0
compact_history_control,44729294,16.644,0,2,317822826.0
compact_history_control,44745972,16.678,0,2,318057218.0
compact_history_control,44762645,16.673,0,2,318175286.0
compact_history_control,44779312,16.667,4,2,318081838.0
compact_history_control,44795981,16.669,4,2,318394650.0
compact_history_control,44812674,16.693,3,2,318844742.0
compact_history_control,44829299,16.625,3,2,319188486.0
compact_history_control,44846042,16.743,2,2,319728314.0
compact_history_control,44862639,16.597,0,2,319892318.0
compact_history_control,44879298,16.659,4,2,319853306.0
compact_history_control,44895975,16.677,4,2,320167002.0
compact_history_control,44912634,16.659,4,2,320456502.0
compact_history_control,44929292,16.658,4,2,320828606.0
compact_history_control,44945983,16.691,3,2,321162182.0
compact_history_control,44962731,16.748,4,2,320820334.0
compact_history_control,44979290,16.559,5,2,320882906.0
compact_history_control,44995962,16.672,5,2,321003898.0
compact_history_control,45012639,16.677,3,2,320962678.0
compact_history_control,45029284,16.645,3,2,321136042.0
compact_history_control,45045955,16.671,3,2,321230246.0
compact_history_control,45062619,16.664,0,2,321551122.0
compact_history_control,45079285,16.666,5,2,321219418.0
compact_history_control,45095945,16.66,7,2,321292430.0
compact_history_control,45112631,16.686,7,2,321300730.0
compact_history_control,45129291,16.66,5,2,321368774.0
compact_history_control,45145958,16.667,5,2,321537890.0
compact_history_control,45162617,16.659,4,2,321687586.0
compact_history_control,45179280,16.663,4,2,321567250.0
compact_history_control,45195948,16.668,5,2,321628810.0
compact_history_control,45212610,16.662,5,2,321715738.0
compact_history_control,45229289,16.679,5,2,321742534.0
compact_history_control,45246567,17.278,3,2,321810502.0
compact_history_control,45262785,16.218,3,2,322035370.0
compact_history_control,45279281,16.496,3,2,322252274.0
compact_history_control,45295943,16.662,2,2,322464388.0
compact_history_control,45312606,16.663,4,2,322096774.0
compact_history_control,45329275,16.669,5,2,322153818.0
compact_history_control,45345948,16.673,5,2,322249246.0
compact_history_control,45362619,16.671,5,2,322218838.0
compact_history_control,45379272,16.653,5,2,322273462.0
compact_history_control,45395934,16.662,5,2,322328954.0
compact_history_control,45412602,16.668,5,2,322389082.0
compact_history_control,45429273,16.671,5,2,322444142.0
compact_history_control,45445938,16.665,5,2,322493786.0
compact_history_control,45462607,16.669,5,2,322557282.0
compact_history_control,45479271,16.664,5,2,322655982.0
compact_history_control,45495945,16.674,5,2,322624622.0
compact_history_control,45512610,16.665,5,2,322681694.0
compact_history_control,45531570,18.96,5,2,322739226.0
compact_history_control,45545927,14.357,5,2,322794822.0
compact_history_control,45562594,16.667,5,2,322859934.0
compact_history_control,45579264,16.67,5,2,322910998.0
compact_history_control,45595933,16.669,1,2,322982198.0
compact_history_control,45612591,16.658,3,2,323208486.0
compact_history_control,45629256,16.665,1,2,323485524.0
compact_history_control,45645927,16.671,1,2,323764022.0
compact_history_control,45662593,16.666,1,2,323812994.0
compact_history_control,45679266,16.673,5,2,323563766.0
compact_history_control,45695926,16.66,6,2,323606982.0
compact_history_control,45712607,16.681,6,2,323620430.0
compact_history_control,45729257,16.65,6,2,323677894.0
compact_history_control,45745926,16.669,6,2,323735958.0
compact_history_control,45762587,16.661,6,2,323785830.0
compact_history_control,45779257,16.67,6,2,323838478.0
compact_history_control,45795932,16.675,6,2,323894190.0
compact_history_control,45812590,16.658,6,2,323956576.0
compact_history_control,45829267,16.677,6,2,323963446.0
compact_history_control,45845940,16.673,6,2,324019326.0
compact_history_control,45862586,16.646,6,2,324074758.0
compact_history_control,45879362,16.776,6,2,324128674.0
compact_history_control,45895919,16.557,6,2,324187890.0
compact_history_control,45912584,16.665,6,2,324238410.0
compact_history_control,45929250,16.666,6,2,324288782.0
compact_history_control,45945916,16.666,3,2,324359106.0
compact_history_control,45962580,16.664,4,2,324592174.0
compact_history_control,45979243,16.663,3,2,324911406.0
compact_history_control,45995907,16.664,3,2,325137774.0
compact_history_control,46012576,16.669,3,2,325185374.0
compact_history_control,46029249,16.673,4,2,324916674.0
compact_history_control,46045911,16.662,5,2,324970866.0
compact_history_control,46062579,16.668,5,2,325031262.0
compact_history_control,46079251,16.672,5,2,325080026.0
compact_history_control,46095918,16.667,5,2,325189810.0
compact_history_control,46112589,16.671,5,2,325152886.0
compact_history_control,46129251,16.662,5,2,325217718.0
compact_history_control,46145914,16.663,5,2,325274206.0
compact_history_control,46162578,16.664,5,2,325332662.0
compact_history_control,46179244,16.666,5,2,325407310.0
compact_history_control,46195914,16.67,5,2,325544688.0
compact_history_control,46212563,16.649,5,2,325602994.0
compact_history_control,46229236,16.673,5,2,325663262.0
compact_history_control,46245918,16.682,5,2,325669494.0
compact_history_control,46262580,16.662,5,2,325776070.0
compact_history_control,46279239,16.659,5,2,325881574.0
compact_history_control,46295906,16.667,3,2,325927806.0
compact_history_control,46312568,16.662,3,2,326194618.0
compact_history_control,46329224,16.656,0,2,326497006.0
compact_history_control,46345913,16.689,0,2,326689294.0
compact_history_control,46362564,16.651,0,2,326796642.0
compact_history_control,46379235,16.671,5,2,326640682.0
compact_history_control,46395902,16.667,7,2,326706790.0
compact_history_control,46412565,16.663,5,2,326756466.0
compact_history_control,46429236,16.671,5,2,326948886.0
compact_history_control,46445906,16.67,5,2,326983006.0
compact_history_control,46462562,16.656,4,2,327281874.0
compact_history_control,46479229,16.667,4,2,326942808.0
compact_history_control,46495894,16.665,5,2,326986762.0
compact_history_control,46512572,16.678,5,2,327072794.0
compact_history_control,46529234,16.662,5,2,327051486.0
compact_history_control,46545899,16.665,5,2,327101510.0
compact_history_control,46562555,16.656,5,2,327150014.0
compact_history_control,46579218,16.663,5,2,327196602.0
compact_history_control,46595893,16.675,5,2,327245838.0
compact_history_control,46612557,16.664,5,2,327292710.0
compact_history_control,46629260,16.703,5,2,327347526.0
compact_history_control,46645892,16.632,5,2,327391026.0
compact_history_control,46662566,16.674,5,2,327403206.0
compact_history_control,46679231,16.665,5,2,327454278.0
compact_history_control,46695889,16.658,5,2,327504526.0
compact_history_control,46712554,16.665,5,2,327560084.0
compact_history_control,46729241,16.687,5,2,327603902.0
compact_history_control,46745881,16.64,5,2,327651898.0
compact_history_control,46762560,16.679,5,2,327662342.0
compact_history_control,46779227,16.667,5,2,327712702.0
compact_history_control,46795885,16.658,5,2,327765310.0
compact_history_control,46812543,16.658,5,2,327815366.0
compact_history_control,46829215,16.672,5,2,327868676.0
compact_history_control,46845887,16.672,5,2,327916550.0
compact_history_control,46862546,16.659,5,2,327962238.0
compact_history_control,46879213,16.667,5,2,328011814.0
compact_history_control,46895892,16.679,5,2,328080134.0
compact_history_control,46912661,16.769,5,2,328075310.0
compact_history_control,46929215,16.554,5,2,328131210.0
compact_history_control,46945887,16.672,5,2,328173582.0
compact_history_control,46962538,16.651,5,2,328224314.0
compact_history_control,46979213,16.675,5,2,328271154.0
compact_history_control,46995878,16.665,5,2,328317990.0
compact_history_control,47012542,16.664,5,2,328374998.0
compact_history_control,47029220,16.678,5,2,328381230.0
compact_history_control,47045884,16.664,5,2,328435030.0
compact_history_control,47062534,16.65,5,2,328492528.0
compact_history_control,47079210,16.676,5,2,328533998.0
compact_history_control,47095870,16.66,5,2,328583718.0
compact_history_control,47112538,16.668,5,2,328639498.0
compact_history_control,47129201,16.663,5,2,328684397.0
compact_history_control,47145877,16.676,5,2,328734890.0
compact_history_control,47162547,16.67,5,2,328747066.0
compact_history_control,47179227,16.68,5,2,328800490.0
compact_history_control,47195863,16.636,5,2,328852394.0
compact_history_control,47212540,16.677,5,2,328909546.0
compact_history_control,47229202,16.662,5,2,328957030.0
compact_history_control,47245863,16.661,5,2,329008054.0
compact_history_control,47262535,16.672,5,2,329057166.0
compact_history_control,47279199,16.664,5,2,329115628.0
compact_history_control,47295872,16.673,5,2,329122782.0
compact_history_control,47312530,16.658,5,2,329181410.0
compact_history_control,47329194,16.664,5,2,329230950.0
compact_history_control,47345858,16.664,5,2,329288344.0
compact_history_control,47362524,16.666,5,2,329333402.0
compact_history_control,47379206,16.682,5,2,329422622.0
compact_history_control,47395865,16.659,5,2,329647646.0
compact_history_control,47412522,16.657,5,2,329631626.0
compact_history_control,47429196,16.674,5,2,329765574.0
compact_history_control,47445859,16.663,5,2,329934006.0
compact_history_control,47462646,16.787,5,2,329992050.0
compact_history_control,47479193,16.547,5,2,330039938.0
compact_history_control,47495855,16.662,5,2,330176378.0
compact_history_control,47512525,16.67,5,2,330305550.0
compact_history_control,47529197,16.672,5,2,330398254.0
compact_history_control,47545852,16.655,5,2,330463782.0
compact_history_control,47562513,16.661,5,2,330475234.0
compact_history_control,47579184,16.671,5,2,330497944.0
compact_history_control,47595841,16.657,5,2,330513982.0
compact_history_control,47612514,16.673,5,2,330534110.0
compact_history_control,47629179,16.665,5,2,330556470.0
compact_history_control,47645843,16.664,5,2,330567922.0
compact_history_control,47662514,16.671,3,2,330641226.0
compact_history_control,47679175,16.661,3,2,330836630.0
compact_history_control,47695839,16.664,3,2,331141470.0
compact_history_control,47712505,16.666,2,2,331437192.0
compact_history_control,47729176,16.671,2,2,331723506.0
compact_history_control,47745844,16.668,2,2,331851370.0
compact_history_control,47762499,16.655,2,2,332152098.0
compact_history_control,47779170,16.671,2,2,332492450.0
compact_history_control,47795838,16.668,2,2,332585666.0
compact_history_control,47812506,16.668,2,2,332918628.0
compact_history_control,47829163,16.657,2,2,333387370.0
compact_history_control,47845835,16.672,2,2,333457034.0
compact_history_control,47862507,16.672,2,2,333729910.0
compact_history_control,47879178,16.671,2,2,333911094.0
compact_history_control,47895835,16.657,2,2,334026930.0
compact_history_control,47912500,16.665,2,2,334241794.0
compact_history_control,47929162,16.662,2,2,334499188.0
compact_history_control,47945829,16.667,2,2,334642540.0
compact_history_control,47962511,16.682,2,2,334081850.0
compact_history_control,47979178,16.667,4,2,333857814.0
compact_history_control,47995846,16.668,5,2,333856642.0
compact_history_control,48012531,16.685,5,2,333857570.0
compact_history_control,48029178,16.647,5,2,334031418.0
compact_history_control,48045841,16.663,5,2,334095074.0
compact_history_control,48062504,16.663,5,2,334095074.0
compact_history_control,48079173,16.669,5,2,334095074.0
compact_history_control,48095839,16.666,5,2,334095074.0
compact_history_control,48112507,16.668,5,2,334095074.0
compact_history_control,48129169,16.662,5,2,334301874.0
compact_history_control,48145831,16.662,5,2,334386884.0
compact_history_control,48162500,16.669,5,2,334447746.0
compact_history_control,48179187,16.687,5,2,334447746.0
compact_history_control,48195834,16.647,5,2,334491614.0
compact_history_control,48212500,16.666,5,2,334550410.0
compact_history_control,48229170,16.67,5,2,334550406.0
compact_history_control,48245834,16.664,5,2,334550410.0
compact_history_control,48262501,16.667,5,2,334550410.0
compact_history_control,48279166,16.665,5,2,334550410.0
compact_history_control,48295882,16.716,5,2,334819574.0
compact_history_control,48312495,16.613,5,2,334795608.0
compact_history_control,48329164,16.669,5,2,334801590.0
compact_history_control,48345831,16.667,1,2,334880530.0
compact_history_control,48362494,16.663,3,2,335080278.0
compact_history_control,48379142,16.648,1,2,335456458.0
compact_history_control,48395810,16.668,1,2,335557426.0
compact_history_control,48412486,16.676,1,2,335737338.0
compact_history_control,48429155,16.669,1,2,335924858.0
compact_history_control,48445812,16.657,1,2,336014108.0
compact_history_control,48462489,16.677,1,2,336047378.0
compact_history_control,48479149,16.66,5,2,335806434.0
compact_history_control,48495820,16.671,6,2,335866246.0
compact_history_control,48512490,16.67,6,2,335915826.0
compact_history_control,48529155,16.665,6,2,335988608.0
compact_history_control,48545820,16.665,6,2,336047542.0
compact_history_control,48562479,16.659,6,2,336137962.0
compact_history_control,48581449,18.97,6,2,336280282.0
compact_history_control,48595816,14.367,6,2,336228842.0
compact_history_control,48612487,16.671,6,2,336324158.0
compact_history_control,48629144,16.657,6,2,336393598.0
compact_history_control,48645811,16.667,6,2,336531672.0
compact_history_control,48662483,16.672,6,2,336501634.0
compact_history_control,48679141,16.658,6,2,336578774.0
compact_history_control,48695807,16.666,6,2,336663774.0
compact_history_control,48712471,16.664,6,2,336737082.0
compact_history_control,48729136,16.665,3,2,336787570.0
compact_history_control,48745808,16.672,4,2,336822558.0
compact_history_control,48762539,16.731,4,2,337172114.0
compact_history_control,48779130,16.591,3,2,337445674.0
compact_history_control,48795794,16.664,3,2,337528598.0
compact_history_control,48812465,16.671,3,2,337811162.0
compact_history_control,48829130,16.665,3,2,337860342.0
compact_history_control,48845903,16.773,4,2,337552890.0
compact_history_control,48862471,16.568,5,2,337605246.0
compact_history_control,48879135,16.664,5,2,337663462.0
compact_history_control,48895803,16.668,5,2,337718426.0
compact_history_control,48912468,16.665,5,2,337777162.0
compact_history_control,48929129,16.661,5,2,337836674.0
compact_history_control,48945798,16.669,5,2,337891598.0
compact_history_control,48962454,16.656,5,2,337945738.0
compact_history_control,48979148,16.694,5,2,337957918.0
compact_history_control,48995802,16.654,5,2,338017110.0
compact_history_control,49012466,16.664,5,2,338075454.0
compact_history_control,49029124,16.658,5,2,338130226.0
compact_history_control,49045795,16.671,5,2,338184414.0
compact_history_control,49062461,16.666,5,2,338244222.0
compact_history_control,49079135,16.674,3,2,338324414.0
compact_history_control,49095794,16.659,3,2,338475954.0
compact_history_control,49112488,16.694,2,2,338641058.0
compact_history_control,49129125,16.637,0,2,338920366.0
compact_history_control,49145787,16.662,0,2,339006850.0
compact_history_control,49162452,16.665,0,2,339216778.0
compact_history_control,49179127,16.675,0,2,339267590.0
compact_history_control,49195798,16.671,5,2,338911934.0
compact_history_control,49212446,16.648,7,2,338967814.0
compact_history_control,49229116,16.67,7,2,339022570.0
compact_history_control,49245798,16.682,7,2,339071202.0
compact_history_control,49262450,16.652,7,2,339115030.0
compact_history_control,49279113,16.663,7,2,339165926.0
compact_history_control,49295788,16.675,7,2,339218838.0
compact_history_control,49312462,16.674,7,2,339226398.0
compact_history_control,49329112,16.65,7,2,339282358.0
compact_history_control,49345781,16.669,7,2,339330574.0
compact_history_control,49362448,16.667,7,2,339378120.0
compact_history_control,49379118,16.67,7,2,339420546.0
compact_history_control,49395791,16.673,7,2,339475960.0
compact_history_control,49412453,16.662,7,2,339520506.0
compact_history_control,49429122,16.669,7,2,339530366.0
compact_history_control,49445783,16.661,7,2,339585438.0
compact_history_control,49462443,16.66,7,2,339641678.0
compact_history_control,49479111,16.668,7,2,339691598.0
compact_history_control,49495772,16.661,7,2,339740048.0
compact_history_control,49512447,16.675,7,2,339787934.0
compact_history_control,49529104,16.657,7,2,339828558.0
compact_history_control,49545780,16.676,7,2,339919894.0
compact_history_control,49562450,16.67,7,2,339892050.0
compact_history_control,49579113,16.663,7,2,339943422.0
compact_history_control,49595766,16.653,7,2,339992478.0
compact_history_control,49612434,16.668,7,2,340045382.0
compact_history_control,49629099,16.665,7,2,340095018.0
compact_history_control,49645768,16.669,7,2,340141194.0
compact_history_control,49662430,16.662,7,2,340190198.0
compact_history_control,49679103,16.673,7,2,340238070.0
compact_history_control,49695766,16.663,7,2,340287466.0
compact_history_control,49712436,16.67,7,2,340299642.0
compact_history_control,49729103,16.667,7,2,340349222.0
compact_history_control,49745761,16.658,7,2,340405058.0
compact_history_control,49762430,16.669,7,2,340452794.0
compact_history_control,49779117,16.687,7,2,340499730.0
compact_history_control,49795759,16.642,7,2,340553386.0
compact_history_control,49812431,16.672,7,2,340557878.0
compact_history_control,49829103,16.672,7,2,340608798.0
compact_history_control,49845771,16.668,7,2,340658510.0
compact_history_control,49862427,16.656,7,2,340709750.0
compact_history_control,49879109,16.682,7,2,340769802.0
compact_history_control,49895767,16.658,7,2,340874096.0
compact_history_control,49912429,16.662,7,2,340921302.0
compact_history_control,49929101,16.672,7,2,340933446.0
compact_history_control,49945761,16.66,7,2,340986698.0
compact_history_control,49962459,16.698,7,2,341037470.0
compact_history_control,49979084,16.625,7,2,341090918.0
compact_history_control,49995754,16.67,7,2,341141614.0
compact_history_control,50012424,16.67,7,2,341185850.0
compact_history_control,50029084,16.66,7,2,341239748.0
compact_history_control,50045765,16.681,7,2,341344110.0
compact_history_control,50062423,16.658,7,2,341555102.0
compact_history_control,50079080,16.657,7,2,341513178.0
compact_history_control,50095749,16.669,7,2,341635830.0
compact_history_control,50112433,16.684,7,2,341901674.0
compact_history_control,50129091,16.658,7,2,341988134.0
compact_history_control,50145759,16.668,7,2,342046186.0
compact_history_control,50162419,16.66,7,2,342186642.0
compact_history_control,50179088,16.669,7,2,342320042.0
compact_history_control,50195756,16.668,7,2,342409262.0
compact_history_control,50212408,16.652,7,2,342481870.0
compact_history_control,50229324,16.916,7,2,342495542.0
compact_history_control,50245742,16.418,7,2,342515666.0
compact_history_control,50262409,16.667,7,2,342536030.0
compact_history_control,50279080,16.671,7,2,342553430.0
compact_history_control,50295753,16.673,7,2,342576778.0
compact_history_control,50312409,16.656,7,2,342586490.0
compact_history_control,50329084,16.675,5,2,342672318.0
compact_history_control,50345748,16.664,5,2,342820930.0
compact_history_control,50362392,16.644,4,2,343005306.0
compact_history_control,50379110,16.718,4,2,343419730.0
compact_history_control,50395740,16.63,4,2,343549836.0
compact_history_control,50412412,16.672,4,2,343699718.0
compact_history_control,50429070,16.658,4,2,343981734.0
compact_history_control,50445735,16.665,4,2,344060054.0
compact_history_control,50462405,16.67,4,2,344245898.0
compact_history_control,50479068,16.663,4,2,344507538.0
compact_history_control,50495730,16.662,4,2,344603362.0
compact_history_control,50512575,16.845,4,2,344837966.0
compact_history_control,50529255,16.68,4,2,345090722.0
compact_history_control,50545730,16.475,4,2,345311338.0
compact_history_control,50562394,16.664,4,2,345517920.0
compact_history_control,50579057,16.663,4,2,345707558.0
compact_history_control,50595725,16.668,4,2,345788658.0
compact_history_control,50612530,16.805,4,2,346059446.0
compact_history_control,50629063,16.533,4,2,346254178.0
compact_history_control,50645727,16.664,4,2,345719062.0
compact_history_control,50662391,16.664,4,2,345564602.0
expanding_excavation,50695686,33.295,5,2,345747818.0
expanding_excavation,50702843,7.157,5,2,345841382.0
expanding_excavation,50712393,9.55,5,2,345849586.0
expanding_excavation,50729059,16.666,5,2,345903320.0
expanding_excavation,50745717,16.658,5,2,345947586.0
expanding_excavation,50762461,16.744,5,2,346002056.0
expanding_excavation,50779059,16.598,5,2,346059574.0
expanding_excavation,50795749,16.69,5,2,346150221.0
expanding_excavation,50812406,16.657,5,2,346127874.0
expanding_excavation,50829063,16.657,5,2,346193478.0
expanding_excavation,50845722,16.659,5,2,346298174.0
expanding_excavation,50862393,16.671,5,2,346563946.0
expanding_excavation,50879066,16.673,5,2,346485098.0
expanding_excavation,50895716,16.65,5,2,346537022.0
expanding_excavation,50912390,16.674,5,2,346587350.0
expanding_excavation,50929049,16.659,5,2,346641138.0
expanding_excavation,50945720,16.671,5,2,346699906.0
expanding_excavation,50962392,16.672,5,2,346746358.0
expanding_excavation,50979050,16.658,5,2,346804784.0
expanding_excavation,50995725,16.675,5,2,346841346.0
expanding_excavation,51012397,16.672,5,2,346917230.0
expanding_excavation,51029048,16.651,5,2,347101826.0
expanding_excavation,51045710,16.662,5,2,347147578.0
expanding_excavation,51062430,16.72,5,2,347195954.0
expanding_excavation,51079057,16.627,5,2,347208138.0
expanding_excavation,51095724,16.667,5,2,347262914.0
expanding_excavation,51112377,16.653,5,2,347324398.0
expanding_excavation,51129051,16.674,5,2,347375942.0
expanding_excavation,51145712,16.661,5,2,347428042.0
expanding_excavation,51162375,16.663,5,2,347489846.0
expanding_excavation,51179049,16.674,5,2,347579066.0
expanding_excavation,51195701,16.652,5,2,347685670.0
expanding_excavation,51212379,16.678,5,2,347740972.0
expanding_excavation,51229038,16.659,5,2,347791474.0
expanding_excavation,51245711,16.673,5,2,347839486.0
expanding_excavation,51262369,16.658,5,2,347888558.0
expanding_excavation,51279047,16.678,5,2,347896274.0
expanding_excavation,51295714,16.667,5,2,347950090.0
expanding_excavation,51312386,16.672,5,2,348015706.0
expanding_excavation,51329030,16.644,5,2,348073738.0
expanding_excavation,51345724,16.694,5,2,348344694.0
expanding_excavation,51362379,16.655,5,2,348269266.0
expanding_excavation,51379039,16.66,5,2,348317126.0
expanding_excavation,51395694,16.655,5,2,348369522.0
expanding_excavation,51412369,16.675,5,2,348422368.0
expanding_excavation,51429032,16.663,5,2,348476658.0
expanding_excavation,51445693,16.661,5,2,348521782.0
expanding_excavation,51462370,16.677,5,2,348578486.0
expanding_excavation,51479032,16.662,5,2,348627174.0
expanding_excavation,51495694,16.662,5,2,348720402.0
expanding_excavation,51512363,16.669,5,2,348825410.0
expanding_excavation,51529030,16.667,5,2,348875484.0
expanding_excavation,51545701,16.671,5,2,348922238.0
expanding_excavation,51562374,16.673,5,2,348969190.0
expanding_excavation,51579037,16.663,5,2,348988954.0
expanding_excavation,51595702,16.665,5,2,349041306.0
expanding_excavation,51612358,16.656,5,2,349095938.0
expanding_excavation,51629245,16.887,5,2,349146422.0
expanding_excavation,51645687,16.442,5,2,349195450.0
expanding_excavation,51662367,16.68,3,2,349202806.0
expanding_excavation,51679035,16.668,3,2,349428826.0
expanding_excavation,51713256,34.221,2,2,349850958.0
expanding_excavation,51721558,8.302,2,10,350095488.0
expanding_excavation,51731495,9.937,2,10,350307442.0
expanding_excavation,51746594,15.099,2,10,350613490.0
expanding_excavation,51763259,16.665,2,10,350819158.0
expanding_excavation,51781508,18.249,2,10,351082006.0
expanding_excavation,51796609,15.101,2,10,351300088.0
expanding_excavation,51813291,16.682,2,10,351553922.0
expanding_excavation,51831706,18.415,2,10,351783826.0
expanding_excavation,51846601,14.895,2,10,352014510.0
expanding_excavation,51863250,16.649,2,10,352293202.0
expanding_excavation,51881508,18.258,2,10,352506540.0
expanding_excavation,51897507,15.999,2,10,352704618.0
expanding_excavation,51913262,15.755,2,10,352207710.0
expanding_excavation,51931484,18.222,2,10,352466294.0
expanding_excavation,51946591,15.107,4,10,352130038.0
expanding_excavation,51963257,16.666,5,10,352177322.0
expanding_excavation,51981476,18.219,5,10,352213520.0
expanding_excavation,51996604,15.128,5,10,352244154.0
expanding_excavation,52013254,16.65,5,10,352341750.0
expanding_excavation,52030353,17.099,5,10,352413790.0
expanding_excavation,52046593,16.24,5,10,352463308.0
expanding_excavation,52063257,16.664,5,10,352511418.0
expanding_excavation,52081492,18.235,5,10,352561366.0
expanding_excavation,52096588,15.096,5,10,352613304.0
expanding_excavation,52113250,16.662,5,10,352663404.0
expanding_excavation,52131423,18.173,5,10,352672854.0
expanding_excavation,52146577,15.154,5,10,352728198.0
expanding_excavation,52163241,16.664,5,10,352783050.0
expanding_excavation,52181399,18.158,5,10,352835374.0
expanding_excavation,52196586,15.187,5,10,352891324.0
expanding_excavation,52213246,16.66,5,10,352935514.0
expanding_excavation,52231467,18.221,5,10,352992560.0
expanding_excavation,52246584,15.117,5,10,353000270.0
expanding_excavation,52263251,16.667,5,10,353050414.0
expanding_excavation,52281495,18.244,5,10,353102574.0
expanding_excavation,52296575,15.08,5,10,353153048.0
expanding_excavation,52313241,16.666,5,10,353203224.0
expanding_excavation,52330606,17.365,5,10,353256966.0
expanding_excavation,52346578,15.972,5,10,353308032.0
expanding_excavation,52363244,16.666,5,10,353314894.0
expanding_excavation,52380216,16.972,5,10,353368414.0
expanding_excavation,52396581,16.365,5,10,353415810.0
expanding_excavation,52413239,16.658,5,10,353464448.0
expanding_excavation,52431483,18.244,5,10,353509810.0
expanding_excavation,52446587,15.104,5,10,353558674.0
expanding_excavation,52463236,16.649,5,10,353607006.0
expanding_excavation,52481477,18.241,5,10,353659734.0
expanding_excavation,52496579,15.102,5,10,353670174.0
expanding_excavation,52513234,16.655,5,10,353725118.0
expanding_excavation,52531464,18.23,5,10,353781910.0
expanding_excavation,52546580,15.116,5,10,353818034.0
expanding_excavation,52563234,16.654,5,10,353866374.0
expanding_excavation,52581429,18.195,5,10,353919300.0
expanding_excavation,52596575,15.146,5,10,353927198.0
expanding_excavation,52613239,16.664,5,10,353977894.0
expanding_excavation,52631386,18.147,5,10,354027014.0
expanding_excavation,52646564,15.178,5,10,354072894.0
expanding_excavation,52663234,16.67,5,10,354122658.0
expanding_excavation,52680478,17.244,5,10,354175028.0
expanding_excavation,52696569,16.091,5,10,354216910.0
expanding_excavation,52713226,16.657,5,10,354265626.0
expanding_excavation,52731550,18.324,5,10,354358040.0
expanding_excavation,52746563,15.013,5,10,354329798.0
expanding_excavation,52763221,16.658,5,10,354380033.0
expanding_excavation,52781458,18.237,5,10,354429146.0
expanding_excavation,52796558,15.1,5,10,354473474.0
expanding_excavation,52813218,16.66,5,10,354526644.0
expanding_excavation,52831417,18.199,5,10,354570338.0
expanding_excavation,52846568,15.151,5,10,354582518.0
expanding_excavation,52863223,16.655,5,10,354636470.0
expanding_excavation,52881411,18.188,5,10,354691610.0
expanding_excavation,52896560,15.149,5,10,354735116.0
expanding_excavation,52913220,16.66,5,10,354779806.0
expanding_excavation,52931154,17.934,5,10,354831938.0
expanding_excavation,52946550,15.396,5,10,354880566.0
expanding_excavation,52963218,16.668,1,10,355287818.0
expanding_excavation,52979895,16.677,2,10,355278146.0
expanding_excavation,52996541,16.646,1,10,355471678.0
expanding_excavation,53013296,16.755,0,10,355693118.0
expanding_excavation,53029886,16.59,0,10,355911466.0
expanding_excavation,53046550,16.664,0,10,356059742.0
expanding_excavation,53063228,16.678,0,10,356217654.0
expanding_excavation,53079920,16.692,0,10,356455430.0
expanding_excavation,53096550,16.63,0,10,356616798.0
expanding_excavation,53113214,16.664,0,10,356856470.0
expanding_excavation,53129895,16.681,0,10,357024962.0
expanding_excavation,53146549,16.654,0,10,357193254.0
expanding_excavation,53163214,16.665,0,10,357404090.0
expanding_excavation,53179889,16.675,0,10,357578770.0
expanding_excavation,53196552,16.663,0,10,357869602.0
expanding_excavation,53213208,16.656,0,10,357284418.0
expanding_excavation,53229894,16.686,0,10,357478650.0
expanding_excavation,53246551,16.657,4,10,357096930.0
expanding_excavation,53263210,16.659,4,10,357617250.0
expanding_excavation,53280104,16.894,3,10,358046754.0
expanding_excavation,53296527,16.423,3,10,358428382.0
expanding_excavation,53313211,16.684,2,10,358859450.0
expanding_excavation,53329880,16.669,1,10,358475734.0
expanding_excavation,53346535,16.655,1,10,358977266.0
expanding_excavation,53363208,16.673,2,10,359397725.0
expanding_excavation,53379879,16.671,2,10,359531850.0
expanding_excavation,53396538,16.659,0,10,359877650.0
expanding_excavation,53414415,17.877,0,10,360050374.0
expanding_excavation,53429881,15.466,0,10,360232310.0
expanding_excavation,53446533,16.652,4,10,360149685.0
expanding_excavation,53464299,17.766,4,10,359963066.0
expanding_excavation,53479866,15.567,3,10,360446774.0
expanding_excavation,53496529,16.663,3,10,360860658.0
expanding_excavation,53514159,17.63,2,10,361175910.0
expanding_excavation,53529869,15.71,2,10,361370550.0
expanding_excavation,53546541,16.672,4,10,360924762.0
expanding_excavation,53564083,17.542,5,10,360923590.0
expanding_excavation,53579873,15.79,5,10,360924514.0
expanding_excavation,53596535,16.662,5,10,361035026.0
expanding_excavation,53613892,17.357,5,10,361128946.0
expanding_excavation,53629856,15.964,5,10,361198334.0
expanding_excavation,53646523,16.667,5,10,361290602.0
expanding_excavation,53663758,17.235,5,10,361384904.0
expanding_excavation,53679863,16.105,5,10,361384434.0
expanding_excavation,53696534,16.671,5,10,361414366.0
expanding_excavation,53713633,17.099,5,10,361414366.0
expanding_excavation,53729861,16.228,5,10,361414366.0
expanding_excavation,53746530,16.669,5,10,361414366.0
expanding_excavation,53763501,16.971,5,10,361414366.0
expanding_excavation,53779862,16.361,5,10,361414366.0
expanding_excavation,53796518,16.656,5,10,361651586.0
expanding_excavation,53813364,16.846,5,10,361714906.0
expanding_excavation,53829870,16.506,5,10,361728334.0
expanding_excavation,53846524,16.654,5,10,361793366.0
expanding_excavation,53863220,16.696,5,10,361856542.0
expanding_excavation,53879854,16.634,5,10,361856542.0
expanding_excavation,53896516,16.662,5,10,361856542.0
expanding_excavation,53913183,16.667,5,10,361856542.0
expanding_excavation,53929852,16.669,5,10,361856542.0
expanding_excavation,53946516,16.664,5,10,361856542.0
expanding_excavation,53963186,16.67,5,10,361856538.0
expanding_excavation,53979845,16.659,5,10,362052474.0
expanding_excavation,53996512,16.667,5,10,362114770.0
expanding_excavation,54013181,16.669,5,10,362129910.0
expanding_excavation,54029842,16.661,5,10,362199052.0
expanding_excavation,54046510,16.668,5,10,362254522.0
expanding_excavation,54063520,17.01,5,10,362324414.0
expanding_excavation,54079850,16.33,5,10,362323786.0
expanding_excavation,54096516,16.666,5,10,362323790.0
expanding_excavation,54113367,16.851,5,10,362323790.0
expanding_excavation,54129844,16.477,5,10,362323790.0
expanding_excavation,54146511,16.667,5,10,362323790.0
expanding_excavation,54163248,16.737,5,10,362323790.0
expanding_excavation,54179833,16.585,5,10,362497904.0
expanding_excavation,54196501,16.668,5,10,362550294.0
expanding_excavation,54213171,16.67,5,10,362550290.0
expanding_excavation,54229835,16.664,5,10,362604718.0
expanding_excavation,54246497,16.662,5,10,362672074.0
expanding_excavation,54264169,17.672,5,10,362752928.0
expanding_excavation,54279830,15.661,5,10,362840030.0
expanding_excavation,54296497,16.667,1,10,363042670.0
expanding_excavation,54313768,17.271,2,10,363317858.0
expanding_excavation,54329829,16.061,1,10,363641230.0
expanding_excavation,54346500,16.671,0,10,363762854.0
expanding_excavation,54363168,16.668,0,10,363960066.0
expanding_excavation,54379832,16.664,0,10,364375462.0
expanding_excavation,54396527,16.695,0,10,364577678.0
expanding_excavation,54413163,16.636,4,10,364224026.0
expanding_excavation,54429826,16.663,6,10,364440518.0
expanding_excavation,54446500,16.674,6,10,364741212.0
expanding_excavation,54463161,16.661,6,10,364757478.0
expanding_excavation,54479821,16.66,6,10,364822166.0
expanding_excavation,54496494,16.673,6,10,364874166.0
expanding_excavation,54513156,16.662,6,10,364927218.0
expanding_excavation,54529828,16.672,6,10,365061854.0
expanding_excavation,54546496,16.668,6,10,365042166.0
expanding_excavation,54563152,16.656,6,10,365109530.0
expanding_excavation,54579815,16.663,6,10,365164090.0
expanding_excavation,54596491,16.676,6,10,365217518.0
expanding_excavation,54613459,16.968,6,10,365319158.0
expanding_excavation,54629817,16.358,6,10,365384318.0
expanding_excavation,54646484,16.667,6,10,365438698.0
expanding_excavation,54663864,17.38,6,10,365510218.0
expanding_excavation,54679902,16.038,6,10,365569186.0
expanding_excavation,54696492,16.59,6,10,365650762.0
expanding_excavation,54714970,18.478,4,10,365701634.0
expanding_excavation,54729822,14.852,4,10,365942770.0
expanding_excavation,54746473,16.651,4,10,366216754.0
expanding_excavation,54764842,18.369,3,10,366541206.0
expanding_excavation,54779820,14.978,3,10,366560954.0
expanding_excavation,54796474,16.654,3,10,366810090.0
expanding_excavation,54814674,18.2,4,10,366345634.0
expanding_excavation,54829805,15.131,5,10,366393086.0
expanding_excavation,54846485,16.68,5,10,366441370.0
expanding_excavation,54864518,18.033,5,10,366493594.0
expanding_excavation,54879818,15.3,5,10,366504026.0
expanding_excavation,54896476,16.658,5,10,366559922.0
expanding_excavation,54914479,18.003,5,10,366613502.0
expanding_excavation,54929804,15.325,5,10,366662670.0
expanding_excavation,54946488,16.684,5,10,366709622.0
expanding_excavation,54964357,17.869,5,10,366760678.0
expanding_excavation,54979808,15.451,5,10,366808560.0
expanding_excavation,54996483,16.675,5,10,366819138.0
expanding_excavation,55014218,17.735,5,10,366870986.0
expanding_excavation,55029804,15.586,5,10,366919806.0
expanding_excavation,55046467,16.663,5,10,366975598.0
expanding_excavation,55064068,17.601,5,10,367026442.0
expanding_excavation,55079915,15.847,5,10,367070570.0
expanding_excavation,55096467,16.552,5,10,367115854.0
expanding_excavation,55113960,17.493,5,10,367129714.0
expanding_excavation,55129806,15.846,5,10,367179850.0
expanding_excavation,55146465,16.659,5,10,367234342.0
expanding_excavation,55163824,17.359,5,10,367276998.0
expanding_excavation,55179798,15.974,5,10,367332488.0
expanding_excavation,55196456,16.658,5,10,367375490.0
expanding_excavation,55213688,17.232,5,10,367425446.0
expanding_excavation,55230334,16.646,5,10,367472938.0
expanding_excavation,55246457,16.123,5,10,367524596.0
expanding_excavation,55263560,17.103,5,10,367531458.0
expanding_excavation,55279794,16.234,5,10,367584866.0
expanding_excavation,55296461,16.667,5,10,367633062.0
expanding_excavation,55313466,17.005,5,10,367681294.0
expanding_excavation,55329792,16.326,5,10,367730190.0
expanding_excavation,55346450,16.658,5,10,367779492.0
expanding_excavation,55363262,16.812,5,10,367784898.0
expanding_excavation,55379794,16.532,5,10,367834586.0
expanding_excavation,55396453,16.659,5,10,367888102.0
expanding_excavation,55413145,16.692,5,10,367944310.0
expanding_excavation,55429783,16.638,5,10,367994460.0
expanding_excavation,55446451,16.668,5,10,368041466.0
expanding_excavation,55463108,16.657,5,10,368096290.0
expanding_excavation,55479795,16.687,5,10,368103842.0
expanding_excavation,55496458,16.663,5,10,368152858.0
expanding_excavation,55513126,16.668,5,10,368201038.0
expanding_excavation,55529782,16.656,5,10,368252674.0
expanding_excavation,55546446,16.664,5,10,368306342.0
expanding_excavation,55563493,17.047,5,10,368357782.0
expanding_excavation,55579784,16.291,5,10,368410230.0
expanding_excavation,55596454,16.67,5,10,368422406.0
expanding_excavation,55614167,17.713,5,10,368477066.0
expanding_excavation,55629777,15.61,5,10,368533420.0
expanding_excavation,55646447,16.67,5,10,368577254.0
expanding_excavation,55664239,17.792,5,10,368631126.0
expanding_excavation,55679774,15.535,5,10,368675932.0
expanding_excavation,55696449,16.675,5,10,368843510.0
expanding_excavation,55714099,17.65,5,10,368902250.0
expanding_excavation,55729812,15.713,5,10,368950172.0
expanding_excavation,55746438,16.626,5,10,369078104.0
expanding_excavation,55763978,17.54,5,10,369162286.0
expanding_excavation,55779788,15.81,5,10,369228384.0
expanding_excavation,55796438,16.65,5,10,369382230.0
expanding_excavation,55813856,17.418,5,10,369466826.0
expanding_excavation,55829769,15.913,5,10,369553966.0
expanding_excavation,55846434,16.665,5,10,369714378.0
expanding_excavation,55864187,17.753,5,10,369878114.0
expanding_excavation,55879782,15.595,5,10,369893366.0
expanding_excavation,55896437,16.655,5,10,369910302.0
expanding_excavation,55913191,16.754,5,10,369924154.0
expanding_excavation,55929764,16.573,5,10,369955452.0
expanding_excavation,55946435,16.671,5,10,369966078.0
expanding_excavation,55963097,16.662,5,10,369983514.0
expanding_excavation,55979764,16.667,5,10,370000878.0
expanding_excavation,55996427,16.663,3,10,370053208.0
expanding_excavation,56013109,16.682,3,10,370330514.0
expanding_excavation,56029760,16.651,3,10,370633758.0
expanding_excavation,56046432,16.672,0,10,370812510.0
expanding_excavation,56063100,16.668,0,10,371183570.0
expanding_excavation,56079752,16.652,0,10,371460020.0
expanding_excavation,56096424,16.672,0,10,371705830.0
expanding_excavation,56113090,16.666,0,10,371919486.0
expanding_excavation,56129757,16.667,0,10,372156020.0
expanding_excavation,56146422,16.665,0,10,372467186.0
expanding_excavation,56163088,16.666,0,10,372694730.0
expanding_excavation,56179748,16.66,0,10,372903248.0
expanding_excavation,56196414,16.666,0,10,373137190.0
expanding_excavation,56213095,16.681,0,10,373326782.0
expanding_excavation,56229756,16.661,0,10,372762874.0
expanding_excavation,56246431,16.675,0,10,372969050.0
expanding_excavation,56263091,16.66,5,10,372667554.0
expanding_excavation,56279749,16.658,7,10,372723512.0
expanding_excavation,56296440,16.691,7,10,372719422.0
expanding_excavation,56313092,16.652,7,10,372719422.0
expanding_excavation,56329773,16.681,7,10,372719422.0
expanding_excavation,56346424,16.651,7,10,372719422.0
expanding_excavation,56363078,16.654,7,10,372876730.0
expanding_excavation,56379743,16.665,7,10,373007174.0
expanding_excavation,56396428,16.685,7,10,373007174.0
expanding_excavation,56413084,16.656,7,10,373007174.0
expanding_excavation,56429748,16.664,7,10,373007174.0
expanding_excavation,56446412,16.664,7,10,373150210.0
expanding_excavation,56463081,16.669,7,10,373209934.0
expanding_excavation,56479755,16.674,7,10,373209934.0
expanding_excavation,56496426,16.671,7,10,373209934.0
expanding_excavation,56513082,16.656,7,10,373209934.0
expanding_excavation,56529807,16.725,7,10,373209934.0
expanding_excavation,56546416,16.609,7,10,373209934.0
expanding_excavation,56563080,16.664,7,10,373209934.0
expanding_excavation,56579746,16.666,7,10,373209934.0
expanding_excavation,56596410,16.664,7,10,373379658.0
expanding_excavation,56613081,16.671,7,10,373379658.0
expanding_excavation,56629984,16.903,7,10,373379658.0
expanding_excavation,56646414,16.43,7,10,373379654.0
expanding_excavation,56663064,16.65,7,10,373530646.0
expanding_excavation,56679751,16.687,7,10,373575406.0
expanding_excavation,56696407,16.656,7,10,373575406.0
expanding_excavation,56713079,16.672,7,10,373575406.0
expanding_excavation,56729743,16.664,7,10,373575406.0
expanding_excavation,56747568,17.825,7,10,373575406.0
expanding_excavation,56763077,15.509,7,10,373575406.0
expanding_excavation,56779737,16.66,7,10,373575402.0
expanding_excavation,56796871,17.134,7,10,373731122.0
expanding_excavation,56813073,16.202,7,10,373731122.0
expanding_excavation,56829785,16.712,7,10,373731122.0
expanding_excavation,56846391,16.606,7,10,373879958.0
expanding_excavation,56863176,16.785,7,10,373888658.0
expanding_excavation,56879734,16.558,7,10,373948094.0
expanding_excavation,56897174,17.44,7,10,374002326.0
expanding_excavation,56913061,15.887,7,10,374091300.0
expanding_excavation,56929733,16.672,7,10,374088542.0
expanding_excavation,56947036,17.303,7,10,374088542.0
expanding_excavation,56963068,16.032,7,10,374088542.0
expanding_excavation,56979728,16.66,7,10,374088538.0
expanding_excavation,56996902,17.174,7,10,374199538.0
expanding_excavation,57013070,16.168,7,10,374199538.0
expanding_excavation,57029731,16.661,7,10,374295590.0
expanding_excavation,57046771,17.04,7,10,374347986.0
expanding_excavation,57063062,16.291,7,10,374347990.0
expanding_excavation,57079724,16.662,7,10,374347990.0
expanding_excavation,57096639,16.915,7,10,374347990.0
expanding_excavation,57113056,16.417,7,10,374347990.0
expanding_excavation,57129721,16.665,7,10,374347990.0
expanding_excavation,57146496,16.775,7,10,374493850.0
expanding_excavation,57163069,16.573,7,10,374493850.0
expanding_excavation,57179721,16.652,7,10,374493850.0
expanding_excavation,57196396,16.675,7,10,374493850.0
expanding_excavation,57213058,16.662,7,10,374493850.0
expanding_excavation,57229708,16.65,5,10,374691946.0
expanding_excavation,57246381,16.673,5,10,374974212.0
expanding_excavation,57263039,16.658,5,10,375255498.0
expanding_excavation,57279703,16.664,4,10,375368046.0
expanding_excavation,57296370,16.667,4,10,375552998.0
expanding_excavation,57313038,16.668,4,10,375772186.0
expanding_excavation,57329699,16.661,4,10,375884638.0
expanding_excavation,57346376,16.677,4,10,375967582.0
expanding_excavation,57363043,16.667,4,10,376223506.0
expanding_excavation,57379712,16.669,4,10,375768654.0
expanding_excavation,57396409,16.697,5,10,375795962.0
expanding_excavation,57413035,16.626,5,10,375869538.0
expanding_excavation,57429707,16.672,5,10,375968486.0
expanding_excavation,57447671,17.964,5,10,376029758.0
expanding_excavation,57463031,15.36,5,10,376110272.0
expanding_excavation,57479713,16.682,5,10,376179508.0
expanding_excavation,57496377,16.664,5,10,376187418.0
expanding_excavation,57513043,16.666,5,10,376263566.0
expanding_excavation,57529715,16.672,5,10,376326166.0
expanding_excavation,57546377,16.662,5,10,376395474.0
expanding_excavation,57563139,16.762,5,10,376486018.0
expanding_excavation,57579706,16.567,5,10,376615680.0
expanding_excavation,57596363,16.657,3,10,376603794.0
expanding_excavation,57613038,16.675,4,10,376872814.0
expanding_excavation,57629692,16.654,4,10,377013022.0
expanding_excavation,57646358,16.666,3,10,377442680.0
expanding_excavation,57665069,18.711,3,10,377534274.0
expanding_excavation,57679701,14.632,3,10,377743510.0
expanding_excavation,57696359,16.658,4,10,377277010.0
expanding_excavation,57714972,18.613,5,10,377329726.0
expanding_excavation,57729926,14.954,5,10,377393610.0
expanding_excavation,57746355,16.429,5,10,377449376.0
expanding_excavation,57763028,16.673,5,10,377498566.0
expanding_excavation,57779690,16.662,5,10,377556346.0
expanding_excavation,57796350,16.66,5,10,377615554.0
expanding_excavation,57813019,16.669,5,10,377672890.0
expanding_excavation,57829685,16.666,5,10,377731798.0
expanding_excavation,57846359,16.674,5,10,377835634.0
expanding_excavation,57863027,16.668,5,10,377801942.0
expanding_excavation,57879690,16.663,5,10,377860690.0
expanding_excavation,57896354,16.664,5,10,377917122.0
expanding_excavation,57913023,16.669,5,10,377970834.0
expanding_excavation,57929686,16.663,5,10,378025374.0
expanding_excavation,57946369,16.683,1,10,378042190.0
expanding_excavation,57963017,16.648,3,10,378243254.0
expanding_excavation,57979686,16.669,2,10,378537434.0
expanding_excavation,57996516,16.83,1,10,378868042.0
expanding_excavation,58013009,16.493,1,10,378927226.0
expanding_excavation,58029682,16.673,1,10,379185324.0
expanding_excavation,58046361,16.679,5,10,379046570.0
expanding_excavation,58063374,17.013,6,10,378725598.0
expanding_excavation,58079682,16.308,6,10,378780638.0
expanding_excavation,58096345,16.663,6,10,378836478.0
expanding_excavation,58113445,17.1,6,10,378892182.0
expanding_excavation,58129675,16.23,6,10,378948414.0
expanding_excavation,58146348,16.673,6,10,379005680.0
expanding_excavation,58163575,17.227,6,10,379061814.0
expanding_excavation,58179719,16.144,6,10,379111378.0
expanding_excavation,58196345,16.626,6,10,379174138.0
expanding_excavation,58214638,18.293,6,10,379231570.0
expanding_excavation,58229680,15.042,6,10,379237390.0
expanding_excavation,58246349,16.669,6,10,379297598.0
expanding_excavation,58264511,18.162,6,10,379356254.0
expanding_excavation,58280446,15.935,3,10,379414946.0
expanding_excavation,58296337,15.891,4,10,379654946.0
expanding_excavation,58314169,17.832,4,10,379942822.0
expanding_excavation,58329676,15.507,3,10,380259998.0
expanding_excavation,58346332,16.656,3,10,380474088.0
expanding_excavation,58363502,17.17,3,10,380805606.0
expanding_excavation,58379673,16.171,4,10,380327550.0
expanding_excavation,58396333,16.66,5,10,380375602.0
expanding_excavation,58413614,17.281,5,10,380423578.0
expanding_excavation,58429661,16.047,5,10,380469094.0
expanding_excavation,58446341,16.68,5,10,380481270.0
expanding_excavation,58464971,18.63,5,10,380533078.0
expanding_excavation,58479666,14.695,5,10,380584814.0
expanding_excavation,58496326,16.66,5,10,380773848.0
expanding_excavation,58514826,18.5,5,10,380819154.0
expanding_excavation,58529670,14.844,5,10,380899698.0
expanding_excavation,58546414,16.744,5,10,380877906.0
expanding_excavation,58562997,16.583,5,10,380935074.0
expanding_excavation,58579661,16.664,5,10,380985810.0
expanding_excavation,58596323,16.662,5,10,381033614.0
expanding_excavation,58613709,17.386,5,10,381084674.0
expanding_excavation,58629661,15.952,5,10,381136498.0
expanding_excavation,58646339,16.678,5,10,381223978.0
expanding_excavation,58663401,17.062,5,10,381338610.0
expanding_excavation,58679655,16.254,5,10,381393038.0
expanding_excavation,58696331,16.676,5,10,381440502.0
expanding_excavation,58714299,17.968,5,10,381492918.0
expanding_excavation,58729646,15.347,5,10,381541214.0
expanding_excavation,58746325,16.679,5,10,381545706.0
expanding_excavation,58764183,17.858,5,10,381596410.0
expanding_excavation,58779646,15.463,5,10,381652516.0
expanding_excavation,58796315,16.669,5,10,381698354.0
expanding_excavation,58814284,17.969,5,10,381884276.0
expanding_excavation,58829726,15.442,5,10,381889706.0
expanding_excavation,58846327,16.601,5,10,381942714.0
expanding_excavation,58864128,17.801,5,10,381997434.0
expanding_excavation,58879646,15.518,5,10,382047204.0
expanding_excavation,58896317,16.671,5,10,382103710.0
expanding_excavation,58913979,17.662,5,10,382146250.0
expanding_excavation,58929648,15.669,5,10,382201938.0
expanding_excavation,58946310,16.662,5,10,382248834.0
expanding_excavation,58963916,17.606,5,10,382337258.0
expanding_excavation,58979641,15.725,5,10,382444422.0
expanding_excavation,58996302,16.661,5,10,382492818.0
expanding_excavation,59014131,17.829,5,10,382544494.0
expanding_excavation,59029640,15.509,5,10,382599614.0
expanding_excavation,59046317,16.677,5,10,382684502.0
expanding_excavation,59063672,17.355,5,10,382657402.0
expanding_excavation,59079645,15.973,5,10,382708642.0
expanding_excavation,59096308,16.663,5,10,382765068.0
expanding_excavation,59113980,17.672,5,10,382815126.0
expanding_excavation,59129636,15.656,5,10,382992206.0
expanding_excavation,59146309,16.673,5,10,383001674.0
expanding_excavation,59163650,17.341,5,10,383054538.0
expanding_excavation,59179636,15.986,5,10,383108658.0
expanding_excavation,59196299,16.663,5,10,383158474.0
expanding_excavation,59213497,17.198,5,10,383210230.0
expanding_excavation,59229630,16.133,5,10,383261670.0
expanding_excavation,59246301,16.671,5,10,383306114.0
expanding_excavation,59262966,16.665,5,10,383356390.0
expanding_excavation,59279631,16.665,5,10,383449090.0
expanding_excavation,59296295,16.664,5,10,383542318.0
expanding_excavation,59312965,16.67,5,10,383583250.0
expanding_excavation,59329623,16.658,5,10,383637920.0
expanding_excavation,59346292,16.669,5,10,383688148.0
expanding_excavation,59362973,16.681,5,10,383697610.0
expanding_excavation,59380047,17.074,5,10,383749650.0
expanding_excavation,59396293,16.246,5,10,383807494.0
expanding_excavation,59412962,16.669,5,10,383855150.0
expanding_excavation,59429626,16.664,5,10,383904570.0
expanding_excavation,59446298,16.672,5,10,383987586.0
expanding_excavation,59462962,16.664,5,10,384074850.0
expanding_excavation,59479621,16.659,5,10,384130750.0
expanding_excavation,59496292,16.671,5,10,384175036.0
expanding_excavation,59512952,16.66,5,10,384235578.0
expanding_excavation,59529623,16.671,5,10,384281284.0
expanding_excavation,59546283,16.66,5,10,384328542.0
expanding_excavation,59562953,16.67,5,10,384381446.0
expanding_excavation,59579630,16.677,5,10,384390906.0
expanding_excavation,59596297,16.667,3,10,384441554.0
expanding_excavation,59612949,16.652,3,10,384667842.0
expanding_excavation,59629611,16.662,3,10,384941370.0
expanding_excavation,59646280,16.669,0,10,385292738.0
expanding_excavation,59665213,18.933,0,10,385534080.0
expanding_excavation,59679612,14.399,0,10,385756058.0
expanding_excavation,59696272,16.66,0,10,385971098.0
expanding_excavation,59714558,18.286,0,10,386174828.0
expanding_excavation,59729605,15.047,0,10,386464306.0
expanding_excavation,59746268,16.663,0,10,386675728.0
expanding_excavation,59764596,18.328,0,10,386958730.0
expanding_excavation,59779614,15.018,0,10,387123090.0
expanding_excavation,59796320,16.706,0,10,387336890.0
expanding_excavation,59814379,18.059,0,10,387619626.0
expanding_excavation,59829602,15.223,0,10,387105364.0
expanding_excavation,59846279,16.677,0,10,387365922.0
expanding_excavation,59863402,17.123,5,10,386986732.0
expanding_excavation,59879606,16.204,7,10,387039922.0
expanding_excavation,59896281,16.675,7,10,387047074.0
expanding_excavation,59913948,17.667,7,10,387098042.0
expanding_excavation,59929602,15.654,7,10,387153774.0
expanding_excavation,59946301,16.699,7,10,387197670.0
expanding_excavation,59963422,17.121,7,10,387251450.0
expanding_excavation,59979603,16.181,7,10,387304380.0
expanding_excavation,59996269,16.666,7,10,387354554.0
expanding_excavation,60013890,17.621,7,10,387403770.0
expanding_excavation,60029611,15.721,7,10,387407858.0
expanding_excavation,60046280,16.669,7,10,387459042.0
expanding_excavation,60063777,17.497,7,10,387509082.0
expanding_excavation,60079598,15.821,7,10,387563936.0
expanding_excavation,60096269,16.671,7,10,387609024.0
expanding_excavation,60112930,16.661,7,10,387663478.0
expanding_excavation,60129598,16.668,7,10,387714118.0
expanding_excavation,60146260,16.662,7,10,387759654.0
expanding_excavation,60163446,17.186,7,10,387811848.0
expanding_excavation,60179602,16.156,7,10,387821298.0
expanding_excavation,60196261,16.659,7,10,387872314.0
expanding_excavation,60213310,17.049,7,10,387926924.0
expanding_excavation,60229595,16.285,7,10,387971412.0
expanding_excavation,60246253,16.658,7,10,388017106.0
expanding_excavation,60263739,17.486,7,10,388119674.0
expanding_excavation,60279607,15.868,7,10,388130498.0
expanding_excavation,60296268,16.661,7,10,388188570.0
expanding_excavation,60313572,17.304,7,10,388243778.0
expanding_excavation,60329590,16.018,7,10,388299440.0
expanding_excavation,60346259,16.669,7,10,388345462.0
expanding_excavation,60362917,16.658,7,10,388395962.0
expanding_excavation,60379590,16.673,7,10,388450304.0
expanding_excavation,60396260,16.67,7,10,388499674.0
expanding_excavation,60413348,17.088,7,10,388510118.0
expanding_excavation,60429583,16.235,7,10,388576822.0
expanding_excavation,60446255,16.672,7,10,388667358.0
expanding_excavation,60463208,16.953,7,10,388757236.0
expanding_excavation,60479590,16.382,7,10,388777146.0
expanding_excavation,60496261,16.671,7,10,388858270.0
expanding_excavation,60513073,16.812,7,10,388915442.0
expanding_excavation,60529591,16.518,7,10,388979018.0
expanding_excavation,60546258,16.667,7,10,388986762.0
expanding_excavation,60562916,16.658,7,10,389050274.0
expanding_excavation,60579572,16.656,7,10,389106206.0
expanding_excavation,60596240,16.668,7,10,389163550.0
expanding_excavation,60612906,16.666,7,10,389226046.0
expanding_excavation,60629584,16.678,7,10,389236486.0
expanding_excavation,60646258,16.674,7,10,389303446.0
expanding_excavation,60663177,16.919,7,10,389374840.0
expanding_excavation,60679571,16.394,7,10,389436618.0
expanding_excavation,60696242,16.671,7,10,389499002.0
expanding_excavation,60713142,16.9,7,10,389516918.0
expanding_excavation,60729569,16.427,7,10,389606600.0
expanding_excavation,60746231,16.662,7,10,389686658.0
expanding_excavation,60763007,16.776,7,10,389765066.0
expanding_excavation,60779611,16.604,7,10,389777402.0
expanding_excavation,60796235,16.624,7,10,389866954.0
expanding_excavation,60812926,16.691,7,10,389953828.0
expanding_excavation,60829575,16.649,7,10,390069866.0
expanding_excavation,60846246,16.671,7,10,390031174.0
expanding_excavation,60863876,17.63,7,10,390092666.0
expanding_excavation,60879564,15.688,7,10,390149482.0
expanding_excavation,60896241,16.677,7,10,390204730.0
expanding_excavation,60913466,17.225,7,10,390263798.0
expanding_excavation,60929574,16.108,5,10,390271878.0
expanding_excavation,60946238,16.664,5,10,390487698.0
expanding_excavation,60963097,16.859,5,10,391073610.0
expanding_excavation,60979555,16.458,4,10,391308262.0
expanding_excavation,60996227,16.672,4,10,391577378.0
expanding_excavation,61013370,17.143,4,10,391867070.0
expanding_excavation,61029558,16.188,4,10,392115862.0
expanding_excavation,61046702,17.144,4,10,392400864.0
expanding_excavation,61063616,16.914,4,10,392637774.0
expanding_excavation,61079634,16.018,4,10,392893902.0
expanding_excavation,61096235,16.601,4,10,393091266.0
expanding_excavation,61113160,16.925,4,10,393355994.0
expanding_excavation,61129556,16.396,4,10,393554982.0
expanding_excavation,61146218,16.662,4,10,393828338.0
expanding_excavation,61163493,17.275,4,10,394074802.0
expanding_excavation,61179554,16.061,4,10,393610078.0
expanding_excavation,61196220,16.666,4,10,393885480.0
expanding_excavation,61213143,16.923,4,10,394013402.0
expanding_excavation,61229550,16.407,5,10,393693470.0
expanding_excavation,61246228,16.678,5,10,393753874.0
expanding_excavation,61263813,17.585,5,10,393801114.0
expanding_excavation,61279553,15.74,5,10,393866522.0
expanding_excavation,61296221,16.668,3,10,393915646.0
expanding_excavation,61313698,17.477,3,10,394142874.0
expanding_excavation,61329628,15.93,3,10,394414738.0
expanding_excavation,61346222,16.594,2,10,394642490.0
expanding_excavation,61363243,17.021,2,10,394732590.0
expanding_excavation,61379547,16.304,2,10,395016566.0
expanding_excavation,61396216,16.669,4,10,394668166.0
expanding_excavation,61413412,17.196,5,10,394750210.0
expanding_excavation,61429561,16.149,5,10,394839354.0
expanding_excavation,61446204,16.643,5,10,394852750.0
expanding_excavation,61463117,16.913,5,10,394921856.0
expanding_excavation,61479541,16.424,5,10,394985662.0
expanding_excavation,61496212,16.671,5,10,395037506.0
expanding_excavation,61514271,18.059,5,10,395097682.0
expanding_excavation,61529550,15.279,5,10,395108054.0
expanding_excavation,61546211,16.661,5,10,395167542.0
expanding_excavation,61564126,17.915,5,10,395223622.0
expanding_excavation,61579536,15.41,5,10,395281810.0
expanding_excavation,61596221,16.685,5,10,395348308.0
expanding_excavation,61613255,17.034,5,10,395399570.0
expanding_excavation,61629540,16.285,5,10,395463456.0
expanding_excavation,61646207,16.667,5,10,395471166.0
expanding_excavation,61663141,16.934,1,10,395565410.0
expanding_excavation,61679535,16.394,3,10,395848430.0
expanding_excavation,61696203,16.668,2,10,396184622.0
expanding_excavation,61713743,17.54,1,10,396422762.0
expanding_excavation,61729534,15.791,1,10,396421462.0
expanding_excavation,61746194,16.66,1,10,396725526.0
expanding_excavation,61763624,17.43,5,10,396373230.0
expanding_excavation,61779536,15.912,6,10,396396114.0
expanding_excavation,61796193,16.657,6,10,396465202.0
expanding_excavation,61813242,17.049,6,10,396530240.0
expanding_excavation,61829526,16.284,6,10,396590960.0
expanding_excavation,61846200,16.674,6,10,396598682.0
expanding_excavation,61863245,17.045,6,10,396665882.0
expanding_excavation,61879627,16.382,6,10,396733428.0
expanding_excavation,61896193,16.566,6,10,396809834.0
expanding_excavation,61913133,16.94,6,10,396886624.0
expanding_excavation,61929533,16.4,6,10,396896082.0
expanding_excavation,61946191,16.658,6,10,396967664.0
expanding_excavation,61963073,16.882,6,10,397027982.0
expanding_excavation,61979576,16.503,6,10,397115010.0
expanding_excavation,61996194,16.618,6,10,397162350.0
expanding_excavation,62012953,16.759,6,10,397238870.0
expanding_excavation,62029517,16.564,6,10,397293002.0
expanding_excavation,62046185,16.668,6,10,397373858.0
expanding_excavation,62062856,16.671,6,10,397436904.0
expanding_excavation,62079534,16.678,6,10,397444626.0
expanding_excavation,62096185,16.651,6,10,397525326.0
expanding_excavation,62112850,16.665,6,10,397607466.0
expanding_excavation,62129524,16.674,6,10,397745942.0
expanding_excavation,62146194,16.67,6,10,397707778.0
expanding_excavation,62163567,17.373,6,10,397769486.0
expanding_excavation,62179516,15.949,6,10,397831688.0
expanding_excavation,62196191,16.675,6,10,397884164.0
expanding_excavation,62212839,16.648,6,10,397940148.0
expanding_excavation,62229523,16.684,6,10,397943546.0
expanding_excavation,62246185,16.662,6,10,398024962.0
expanding_excavation,62262847,16.662,6,10,398118930.0
expanding_excavation,62279516,16.669,6,10,398186416.0
expanding_excavation,62296188,16.672,6,10,398192398.0
expanding_excavation,62312851,16.663,6,10,398254662.0
expanding_excavation,62329512,16.661,6,10,398314906.0
expanding_excavation,62346210,16.698,6,10,398370594.0
expanding_excavation,62362844,16.634,6,10,398424082.0
expanding_excavation,62379505,16.661,6,10,398484130.0
expanding_excavation,62396181,16.676,6,10,398510862.0
expanding_excavation,62412836,16.655,6,10,398577110.0
expanding_excavation,62429508,16.672,6,10,398645186.0
expanding_excavation,62446174,16.666,6,10,398702554.0
expanding_excavation,62462963,16.789,6,10,398751382.0
expanding_excavation,62479502,16.539,6,10,398823294.0
expanding_excavation,62496180,16.678,6,10,398841710.0
expanding_excavation,62512843,16.663,6,10,398952602.0
expanding_excavation,62529508,16.665,6,10,399050682.0
expanding_excavation,62546169,16.661,6,10,399142220.0
expanding_excavation,62562866,16.697,6,10,399254958.0
expanding_excavation,62579513,16.647,6,10,399213014.0
expanding_excavation,62596170,16.657,6,10,399275326.0
expanding_excavation,62612831,16.661,6,10,399342374.0
expanding_excavation,62629497,16.666,6,10,399560922.0
expanding_excavation,62646168,16.671,6,10,399647318.0
expanding_excavation,62662843,16.675,6,10,399659498.0
expanding_excavation,62679498,16.655,6,10,399719394.0
expanding_excavation,62696170,16.672,6,10,399771414.0
expanding_excavation,62713179,17.009,6,10,399820462.0
expanding_excavation,62729490,16.311,6,10,399879870.0
expanding_excavation,62746168,16.678,6,10,399941394.0
expanding_excavation,62763011,16.843,6,10,399973302.0
expanding_excavation,62779488,16.477,6,10,400067610.0
expanding_excavation,62796154,16.666,6,10,400153746.0
expanding_excavation,62812892,16.738,6,10,400256552.0
expanding_excavation,62829498,16.606,6,10,400222250.0
expanding_excavation,62846154,16.656,6,10,400274242.0
expanding_excavation,62863229,17.075,6,10,400323854.0
expanding_excavation,62879489,16.26,6,10,400372150.0
expanding_excavation,62896161,16.672,6,10,400462458.0
expanding_excavation,62913122,16.961,6,10,400574880.0
expanding_excavation,62929496,16.374,6,10,400536986.0
expanding_excavation,62946151,16.655,6,10,400596050.0
expanding_excavation,62962995,16.844,6,10,400645502.0
expanding_excavation,62979484,16.489,6,10,400699990.0
expanding_excavation,62996153,16.669,6,10,400748488.0
expanding_excavation,63012915,16.762,6,10,400794174.0
expanding_excavation,63029592,16.677,6,10,400846354.0
expanding_excavation,63046154,16.562,3,10,400900822.0
expanding_excavation,63062815,16.661,4,10,401129910.0
expanding_excavation,63079476,16.661,4,10,401394422.0
expanding_excavation,63096141,16.665,3,10,401610920.0
expanding_excavation,63112813,16.672,3,10,401782990.0
expanding_excavation,63129480,16.667,3,10,402000398.0
expanding_excavation,63146137,16.657,3,10,402101722.0
expanding_excavation,63162804,16.667,3,10,402386682.0
expanding_excavation,63179475,16.671,3,10,402622192.0
expanding_excavation,63196150,16.675,3,10,402714674.0
expanding_excavation,63212811,16.661,3,10,402968638.0
expanding_excavation,63229471,16.66,3,10,403189370.0
expanding_excavation,63246134,16.663,3,10,403281258.0
expanding_excavation,63262810,16.676,3,10,403493484.0
expanding_excavation,63279464,16.654,3,10,403774930.0
expanding_excavation,63296138,16.674,3,10,404052514.0
expanding_excavation,63312806,16.668,3,10,404246454.0
expanding_excavation,63329470,16.664,3,10,404449534.0
expanding_excavation,63346132,16.662,3,10,404010622.0
expanding_excavation,63362804,16.672,3,10,404295622.0
expanding_excavation,63379466,16.662,4,10,403836988.0
expanding_excavation,63396146,16.68,5,10,403889554.0
expanding_excavation,63412808,16.662,5,10,403945422.0
expanding_excavation,63429468,16.66,5,10,403999162.0
expanding_excavation,63446138,16.67,5,10,404053834.0
expanding_excavation,63462796,16.658,5,10,404110916.0
expanding_excavation,63479472,16.676,5,10,404118638.0
expanding_excavation,63496140,16.668,5,10,404176086.0
expanding_excavation,63512797,16.657,5,10,404230342.0
expanding_excavation,63529463,16.666,5,10,404283586.0
expanding_excavation,63546188,16.725,5,10,404333362.0
expanding_excavation,63562809,16.621,5,10,404389434.0
expanding_excavation,63579463,16.654,5,10,404445874.0
expanding_excavation,63596137,16.674,5,10,404460414.0
expanding_excavation,63612798,16.661,5,10,404523442.0
expanding_excavation,63629455,16.657,5,10,404621348.0
expanding_excavation,63646120,16.665,5,10,404738094.0
expanding_excavation,63662798,16.678,5,10,404808016.0
expanding_excavation,63679460,16.662,5,10,404814894.0
expanding_excavation,63696141,16.681,5,10,404868638.0
expanding_excavation,63712791,16.65,5,10,404924382.0
expanding_excavation,63729450,16.659,5,10,404976122.0
expanding_excavation,63746117,16.667,5,10,405039778.0
expanding_excavation,63762800,16.683,5,10,405097542.0
expanding_excavation,63779463,16.663,5,10,405145690.0
expanding_excavation,63796125,16.662,5,10,405210550.0
expanding_excavation,63812788,16.663,5,10,405272686.0
expanding_excavation,63829568,16.78,5,10,405350314.0
expanding_excavation,63846119,16.551,5,10,405410042.0
expanding_excavation,63862792,16.673,5,10,405417118.0
expanding_excavation,63881410,18.618,5,10,405477038.0
expanding_excavation,63896119,14.709,5,10,405562054.0
expanding_excavation,63912780,16.661,5,10,405657426.0
expanding_excavation,63929453,16.673,5,10,405764854.0
expanding_excavation,63946120,16.667,5,10,405726866.0
expanding_excavation,63962771,16.651,5,10,405783762.0
expanding_excavation,63979440,16.669,5,10,405845470.0
expanding_excavation,63996109,16.669,5,10,405923774.0
expanding_excavation,64012822,16.713,5,10,406018698.0
expanding_excavation,64029446,16.624,5,10,405995854.0
expanding_excavation,64046110,16.664,5,10,406069450.0
expanding_excavation,64062776,16.666,5,10,406153498.0
expanding_excavation,64079436,16.66,5,10,406229086.0
expanding_excavation,64096545,17.109,5,10,406282454.0
expanding_excavation,64112789,16.244,5,10,406294634.0
expanding_excavation,64129444,16.655,5,10,406349274.0
expanding_excavation,64146107,16.663,5,10,406407322.0
expanding_excavation,64162765,16.658,5,10,406494106.0
expanding_excavation,64179451,16.686,5,10,406607338.0
expanding_excavation,64196108,16.657,5,10,406570358.0
expanding_excavation,64212769,16.661,5,10,406659474.0
expanding_excavation,64230877,18.108,5,10,406727282.0
expanding_excavation,64246097,15.22,5,10,406796150.0
expanding_excavation,64262760,16.663,5,10,406881998.0
expanding_excavation,64281458,18.698,5,10,406942516.0
expanding_excavation,64296099,14.641,5,10,406948334.0
expanding_excavation,64312767,16.668,5,10,407015462.0
expanding_excavation,64329443,16.676,5,10,407049998.0
expanding_excavation,64346099,16.656,5,10,407115904.0
expanding_excavation,64362755,16.656,5,10,407182646.0
expanding_excavation,64381535,18.78,5,10,407275782.0
expanding_excavation,64396101,14.566,5,10,407279994.0
expanding_excavation,64412758,16.657,3,10,407383538.0
expanding_excavation,64431541,18.783,4,10,407623946.0
expanding_excavation,64446088,14.547,4,10,407877002.0
expanding_excavation,64462757,16.669,1,10,408230242.0
expanding_excavation,64481482,18.725,1,10,408539322.0
expanding_excavation,64496083,14.601,1,10,408691974.0
expanding_excavation,64512749,16.666,1,10,408919374.0
expanding_excavation,64531447,18.698,1,10,409203938.0
expanding_excavation,64546250,14.803,1,10,409410594.0
expanding_excavation,64562765,16.515,1,10,409560142.0
expanding_excavation,64581469,18.704,1,10,409926278.0
expanding_excavation,64596078,14.609,1,10,410122930.0
expanding_excavation,64612749,16.671,1,10,410339022.0
expanding_excavation,64631459,18.71,1,10,410619446.0
expanding_excavation,64646174,14.715,1,10,410830282.0
expanding_excavation,64662758,16.584,1,10,410336578.0
expanding_excavation,64681494,18.736,1,10,410604074.0
expanding_excavation,64696067,14.573,5,10,410145246.0
expanding_excavation,64712746,16.679,7,10,410193294.0
expanding_excavation,64731452,18.706,7,10,410247466.0
expanding_excavation,64746092,14.64,7,10,410256162.0
expanding_excavation,64762739,16.647,7,10,410310598.0
expanding_excavation,64781420,18.681,7,10,410366582.0
expanding_excavation,64796076,14.656,7,10,410412138.0
expanding_excavation,64812736,16.66,7,10,410456426.0
expanding_excavation,64831437,18.701,7,10,410517130.0
expanding_excavation,64846085,14.648,7,10,410522950.0
expanding_excavation,64862743,16.658,7,10,410577502.0
expanding_excavation,64881400,18.657,7,10,410639038.0
expanding_excavation,64896077,14.677,7,10,410692906.0
expanding_excavation,64912742,16.665,7,10,410743654.0
expanding_excavation,64931403,18.661,7,10,410797262.0
expanding_excavation,64946073,14.67,7,10,410839806.0
expanding_excavation,64962736,16.663,7,10,410886274.0
expanding_excavation,64981362,18.626,7,10,410950294.0
expanding_excavation,64996080,14.718,7,10,410994098.0
expanding_excavation,65012734,16.654,7,10,411071398.0
expanding_excavation,65031348,18.614,7,10,411212577.0
expanding_excavation,65046067,14.719,7,10,411304242.0
expanding_excavation,65062741,16.674,7,10,411316422.0
expanding_excavation,65081366,18.625,7,10,411376398.0
expanding_excavation,65096063,14.697,7,10,411433890.0
expanding_excavation,65112721,16.658,7,10,411482154.0
expanding_excavation,65131335,18.614,7,10,411533374.0
expanding_excavation,65146059,14.724,7,10,411631802.0
expanding_excavation,65162729,16.67,7,10,411717026.0
expanding_excavation,65181331,18.602,7,10,411793166.0
expanding_excavation,65196054,14.723,7,10,411845237.0
expanding_excavation,65212864,16.81,7,10,411970062.0
expanding_excavation,65231321,18.457,7,10,412075742.0
expanding_excavation,65246071,14.75,7,10,412108682.0
expanding_excavation,65262725,16.654,7,10,412208922.0
expanding_excavation,65281340,18.615,7,10,412269378.0
expanding_excavation,65296060,14.72,7,10,412386374.0
expanding_excavation,65312729,16.669,7,10,412475262.0
expanding_excavation,65331335,18.606,7,10,412596562.0
expanding_excavation,65346068,14.733,7,10,412607250.0
expanding_excavation,65362719,16.651,7,10,412661790.0
expanding_excavation,65381342,18.623,7,10,412714942.0
expanding_excavation,65396083,14.741,7,10,412794250.0
expanding_excavation,65412725,16.642,7,10,412920826.0
expanding_excavation,65431399,18.674,7,10,413000678.0
expanding_excavation,65446046,14.647,7,10,413059056.0
expanding_excavation,65462711,16.665,7,10,413205270.0
expanding_excavation,65481376,18.665,7,10,413370322.0
expanding_excavation,65496061,14.685,7,10,413375778.0
expanding_excavation,65512728,16.667,7,10,413499618.0
expanding_excavation,65531346,18.618,7,10,413652606.0
expanding_excavation,65546052,14.706,7,10,413802450.0
expanding_excavation,65562724,16.672,7,10,413935334.0
expanding_excavation,65581369,18.645,7,10,413957410.0
expanding_excavation,65596045,14.676,7,10,414099306.0
expanding_excavation,65612711,16.666,7,10,414112430.0
expanding_excavation,65631399,18.688,7,10,414138620.0
expanding_excavation,65646050,14.651,7,10,414157194.0
expanding_excavation,65662713,16.663,7,10,414171998.0
expanding_excavation,65681431,18.718,7,10,414193734.0
expanding_excavation,65696039,14.608,7,10,414205118.0
expanding_excavation,65712717,16.678,5,10,414260550.0
expanding_excavation,65731413,18.696,5,10,414539390.0
expanding_excavation,65746035,14.622,5,10,414732154.0
expanding_excavation,65762757,16.722,4,10,415029206.0
expanding_excavation,65781440,18.683,4,10,415326934.0
expanding_excavation,65796033,14.593,4,10,415553894.0
expanding_excavation,65812702,16.669,4,10,415811498.0
expanding_excavation,65831361,18.659,4,10,416082582.0
expanding_excavation,65846039,14.678,4,10,416288174.0
expanding_excavation,65862699,16.66,4,10,416500170.0
expanding_excavation,65881397,18.698,4,10,416745630.0
expanding_excavation,65896033,14.636,4,10,416960562.0
expanding_excavation,65912701,16.668,4,10,417185390.0
expanding_excavation,65931390,18.689,4,10,417445386.0
expanding_excavation,65946024,14.634,4,10,417686494.0
expanding_excavation,65962690,16.666,4,10,417157690.0
expanding_excavation,65981381,18.691,4,10,417437202.0
expanding_excavation,65996036,14.655,4,10,417060566.0
expanding_excavation,66012697,16.661,5,10,417110566.0
expanding_excavation,66031392,18.695,5,10,417167086.0
expanding_excavation,66046053,14.661,5,10,417262542.0
expanding_excavation,66062698,16.645,3,10,417233182.0
expanding_excavation,66081368,18.67,3,10,417552590.0
expanding_excavation,66096021,14.653,3,10,417792242.0
expanding_excavation,66112682,16.661,2,10,418168830.0
expanding_excavation,66130670,17.988,2,10,418212250.0
expanding_excavation,66146033,15.363,2,10,418452118.0
expanding_excavation,66163726,17.693,4,10,418090498.0
expanding_excavation,66181404,17.678,5,10,418157354.0
expanding_excavation,66196022,14.618,5,10,418250834.0
expanding_excavation,66212682,16.66,5,10,418313150.0
expanding_excavation,66231386,18.704,5,10,418384114.0
expanding_excavation,66246024,14.638,5,10,418391674.0
expanding_excavation,66262683,16.659,5,10,418460018.0
expanding_excavation,66281394,18.711,5,10,418534994.0
expanding_excavation,66296029,14.635,5,10,418540970.0
expanding_excavation,66312755,16.726,5,10,418604126.0
expanding_excavation,66331321,18.566,5,10,418692474.0
expanding_excavation,66346009,14.688,5,10,418759978.0
expanding_excavation,66362687,16.678,5,10,418826198.0
expanding_excavation,66381393,18.706,5,10,418865394.0
expanding_excavation,66396035,14.642,5,10,418933438.0
expanding_excavation,66412679,16.644,5,10,419023310.0
expanding_excavation,66431372,18.693,5,10,419109702.0
expanding_excavation,66446018,14.646,5,10,419164178.0
expanding_excavation,66462676,16.658,5,10,419211842.0
expanding_excavation,66481384,18.708,5,10,419277386.0
expanding_excavation,66496017,14.633,5,10,419378030.0
expanding_excavation,66512735,16.718,5,10,419370966.0
expanding_excavation,66531382,18.647,5,10,419442474.0
expanding_excavation,66546001,14.619,5,10,419531806.0
expanding_excavation,66562667,16.666,5,10,419614900.0
expanding_excavation,66581390,18.723,5,10,419676456.0
expanding_excavation,66596025,14.635,5,10,419679846.0
expanding_excavation,66612681,16.656,5,10,419740542.0
expanding_excavation,66629342,16.661,5,10,419805426.0
expanding_excavation,66646003,16.661,5,10,419862566.0
expanding_excavation,66662679,16.676,5,10,419910882.0
expanding_excavation,66681401,18.722,5,10,419980678.0
expanding_excavation,66696000,14.599,5,10,420048650.0
expanding_excavation,66712661,16.661,5,10,420119630.0
expanding_excavation,66731396,18.735,5,10,420176770.0
expanding_excavation,66746005,14.609,5,10,420218102.0
expanding_excavation,66762661,16.656,5,10,420282944.0
expanding_excavation,66781370,18.709,5,10,420330570.0
expanding_excavation,66795996,14.626,5,10,420376930.0
expanding_excavation,66812667,16.671,5,10,420390850.0
expanding_excavation,66829707,17.04,5,10,420457106.0
expanding_excavation,66846074,16.367,5,10,420546786.0
expanding_excavation,66862667,16.593,5,10,420636826.0
expanding_excavation,66881387,18.72,5,10,420709958.0
expanding_excavation,66896006,14.619,5,10,420715902.0
expanding_excavation,66912658,16.652,5,10,420805390.0
expanding_excavation,66931413,18.755,5,10,420859854.0
expanding_excavation,66945983,14.57,5,10,420907686.0
expanding_excavation,66962656,16.673,5,10,420959710.0
expanding_excavation,66981378,18.722,5,10,420981018.0
expanding_excavation,66995987,14.609,5,10,421045438.0
expanding_excavation,67012658,16.671,5,10,421127082.0
expanding_excavation,67031361,18.703,5,10,421217846.0
expanding_excavation,67046001,14.64,5,10,421225558.0
expanding_excavation,67062655,16.654,5,10,421293894.0
expanding_excavation,67081363,18.708,5,10,421387976.0
expanding_excavation,67095986,14.623,5,10,421443864.0
expanding_excavation,67112651,16.665,5,10,421488102.0
expanding_excavation,67129325,16.674,5,10,421543086.0
expanding_excavation,67146008,16.683,5,10,421554246.0
expanding_excavation,67162656,16.648,5,10,421643058.0
expanding_excavation,67181354,18.698,5,10,421713134.0
expanding_excavation,67195990,14.636,5,10,421754342.0
expanding_excavation,67212651,16.661,5,10,421809738.0
expanding_excavation,67231349,18.698,5,10,421875126.0
expanding_excavation,67245981,14.632,5,10,421958190.0
expanding_excavation,67262645,16.664,5,10,422012154.0
expanding_excavation,67281360,18.715,5,10,422070690.0
expanding_excavation,67296074,14.714,5,10,422075182.0
expanding_excavation,67312641,16.567,5,10,422134494.0
expanding_excavation,67331340,18.699,5,10,422221890.0
expanding_excavation,67345981,14.641,5,10,422297286.0
expanding_excavation,67362648,16.667,5,10,422301778.0
expanding_excavation,67381367,18.719,5,10,422400258.0
expanding_excavation,67395970,14.603,5,10,422469294.0
expanding_excavation,67412642,16.672,5,10,422551578.0
expanding_excavation,67431478,18.836,5,10,422608430.0
expanding_excavation,67445983,14.505,5,10,422617734.0
expanding_excavation,67462643,16.66,5,10,422669394.0
expanding_excavation,67479302,16.659,1,10,422720886.0
expanding_excavation,67495977,16.675,3,10,422959522.0
expanding_excavation,67512630,16.653,2,10,423153446.0
expanding_excavation,67529303,16.673,1,10,423526174.0
expanding_excavation,67545965,16.662,1,10,423760386.0
expanding_excavation,67562627,16.662,1,10,424071550.0
expanding_excavation,67579294,16.667,1,10,424290984.0
expanding_excavation,67595959,16.665,1,10,424514634.0
expanding_excavation,67612624,16.665,1,10,424779534.0
expanding_excavation,67629294,16.67,1,10,425002346.0
expanding_excavation,67645959,16.665,1,10,425234634.0
expanding_excavation,67662622,16.663,1,10,425535210.0
expanding_excavation,67679294,16.672,1,10,425732378.0
expanding_excavation,67695967,16.673,1,10,425940890.0
expanding_excavation,67712619,16.652,1,10,426268488.0
expanding_excavation,67731356,18.737,1,10,425792842.0
expanding_excavation,67745960,14.604,1,10,426038942.0
expanding_excavation,67762636,16.676,5,10,425698158.0
expanding_excavation,67779285,16.649,6,10,425755060.0
expanding_excavation,67795958,16.673,6,10,425837654.0
expanding_excavation,67812619,16.661,6,10,425896638.0
expanding_excavation,67831362,18.743,6,10,425956462.0
expanding_excavation,67845955,14.593,3,10,426012450.0
expanding_excavation,67862635,16.68,4,10,426238350.0
expanding_excavation,67879296,16.661,4,10,426505518.0
expanding_excavation,67895956,16.66,3,10,426785074.0
expanding_excavation,67912626,16.67,3,10,426881222.0
expanding_excavation,67929285,16.659,3,10,427161786.0
expanding_excavation,67946047,16.762,4,10,426679082.0
expanding_excavation,67962611,16.564,5,10,426772100.0
expanding_excavation,67979296,16.685,5,10,426827430.0
expanding_excavation,67995945,16.649,5,10,426882818.0
expanding_excavation,68012616,16.671,5,10,426939622.0
expanding_excavation,68029281,16.665,5,10,426993206.0
expanding_excavation,68045953,16.672,5,10,427003434.0
expanding_excavation,68062624,16.671,5,10,427058138.0
expanding_excavation,68079324,16.7,5,10,427113538.0
expanding_excavation,68095945,16.621,5,10,427171194.0
expanding_excavation,68112671,16.726,5,10,427227118.0
expanding_excavation,68129269,16.598,5,10,427282394.0
expanding_excavation,68145943,16.674,5,10,427336021.0
expanding_excavation,68162606,16.663,5,10,427389266.0
expanding_excavation,68179274,16.668,5,10,427445254.0
expanding_excavation,68195953,16.679,3,10,427534874.0
expanding_excavation,68212610,16.657,3,10,427851614.0
expanding_excavation,68229269,16.659,3,10,427976898.0
expanding_excavation,68245937,16.668,0,10,428370830.0
expanding_excavation,68262615,16.678,0,10,428442862.0
expanding_excavation,68279265,16.65,0,10,428771154.0
expanding_excavation,68296713,17.448,5,10,428362274.0
expanding_excavation,68312609,15.896,7,10,428422454.0
expanding_excavation,68329269,16.66,7,10,428479424.0
expanding_excavation,68345945,16.676,7,10,428486802.0
expanding_excavation,68362610,16.665,7,10,428541506.0
expanding_excavation,68379271,16.661,7,10,428595754.0
expanding_excavation,68395929,16.658,7,10,428650906.0
expanding_excavation,68412596,16.667,7,10,428704742.0
expanding_excavation,68429262,16.666,7,10,428769386.0
expanding_excavation,68445925,16.663,7,10,428828104.0
expanding_excavation,68462591,16.666,7,10,428891370.0
expanding_excavation,68479262,16.671,7,10,428985730.0
expanding_excavation,68495931,16.669,7,10,429079238.0
expanding_excavation,68512588,16.657,7,10,429127154.0
expanding_excavation,68531482,18.894,7,10,429173254.0
expanding_excavation,68545934,14.452,7,10,429266496.0
expanding_excavation,68562602,16.668,5,10,429349002.0
expanding_excavation,68579260,16.658,5,10,429594580.0
expanding_excavation,68595918,16.658,5,10,429733882.0
expanding_excavation,68612586,16.668,4,10,430095448.0
expanding_excavation,68629256,16.67,4,10,430253258.0
expanding_excavation,68645925,16.669,4,10,430449128.0
expanding_excavation,68662598,16.673,4,10,429979146.0
travel_new_regions,68708195,45.597,5,10,430181310.0
travel_new_regions,68716010,7.815,5,10,430180978.0
travel_new_regions,68724869,8.859,5,10,430188986.0
travel_new_regions,68741545,16.676,5,10,430258150.0
travel_new_regions,68758197,16.652,5,10,430341270.0
travel_new_regions,68774876,16.679,5,10,430350042.0
travel_new_regions,68791568,16.692,5,10,430450518.0
travel_new_regions,68808202,16.634,5,10,430515918.0
travel_new_regions,68824893,16.691,5,10,430604786.0
travel_new_regions,68841568,16.675,5,10,430676546.0
travel_new_regions,68858209,16.641,5,10,430705746.0
travel_new_regions,68874874,16.665,5,10,430781058.0
travel_new_regions,68891597,16.723,5,10,430871678.0
travel_new_regions,68908212,16.615,5,10,430880378.0
travel_new_regions,68924859,16.647,5,10,430972914.0
travel_new_regions,68941578,16.719,5,10,431044914.0
travel_new_regions,68958195,16.617,5,10,431141030.0
travel_new_regions,68974864,16.669,3,10,431192902.0
travel_new_regions,68991608,16.744,3,10,431363690.0
travel_new_regions,69025618,34.01,2,10,431812890.0
travel_new_regions,69058661,33.043,2,14,431601006.0
travel_new_regions,69068435,9.774,2,14,431705104.0
travel_new_regions,69075730,7.295,2,14,431761494.0
travel_new_regions,69091985,16.255,2,14,431801010.0
travel_new_regions,69108664,16.679,2,14,432051290.0
travel_new_regions,69126604,17.94,4,14,431704678.0
travel_new_regions,69141987,15.383,5,14,431713950.0
travel_new_regions,69158639,16.652,5,14,431827378.0
travel_new_regions,69175342,16.703,5,14,431925538.0
travel_new_regions,69191991,16.649,5,14,431983518.0
travel_new_regions,69208687,16.696,5,14,432039806.0
travel_new_regions,69225300,16.613,5,14,432100454.0
travel_new_regions,69241987,16.687,5,14,432108006.0
travel_new_regions,69258641,16.654,5,14,432163454.0
travel_new_regions,69275657,17.016,5,14,432192682.0
travel_new_regions,69291970,16.313,5,14,432248614.0
travel_new_regions,69308638,16.668,5,14,432305912.0
travel_new_regions,69325297,16.659,5,14,432360336.0
travel_new_regions,69341962,16.665,1,14,432429900.0
travel_new_regions,69358635,16.673,3,14,432696950.0
travel_new_regions,69375292,16.657,3,14,432911750.0
travel_new_regions,69392023,16.731,1,14,433190318.0
travel_new_regions,69408638,16.615,0,14,433419134.0
travel_new_regions,69425308,16.67,0,14,433454230.0
travel_new_regions,69441973,16.665,0,14,433511718.0
travel_new_regions,69458636,16.663,3,14,433297786.0
travel_new_regions,69475297,16.661,3,14,433521002.0
travel_new_regions,69491977,16.68,0,14,433815270.0
travel_new_regions,69508621,16.644,0,14,434180736.0
travel_new_regions,69525299,16.678,0,16,434317008.0
travel_new_regions,69541977,16.678,0,16,434536540.0
travel_new_regions,69558682,16.705,4,16,434206068.0
travel_new_regions,69575287,16.605,3,16,434445196.0
travel_new_regions,69592000,16.713,2,16,434751140.0
travel_new_regions,69608624,16.624,1,16,435057480.0
travel_new_regions,69625289,16.665,1,16,435410136.0
travel_new_regions,69641950,16.661,1,16,435798268.0
travel_new_regions,69658691,16.741,0,16,435932540.0
travel_new_regions,69675380,16.689,0,16,435959772.0
travel_new_regions,69691946,16.566,4,16,435334648.0
travel_new_regions,69708624,16.678,3,16,435580304.0
travel_new_regions,69725357,16.733,2,16,435757024.0
travel_new_regions,69743348,17.991,2,16,436036120.0
travel_new_regions,69758626,15.278,0,18,436298984.0
travel_new_regions,69775287,16.661,0,18,436393292.0
travel_new_regions,69792693,17.406,4,18,436048840.0
travel_new_regions,69808666,15.973,3,18,436117848.0
travel_new_regions,69825282,16.616,2,18,436367350.0
travel_new_regions,69847374,22.092,0,18,436714728.0
travel_new_regions,69858675,11.301,0,18,436821840.0
travel_new_regions,69875285,16.61,4,18,436599020.0
travel_new_regions,69891948,16.663,3,18,436719712.0
travel_new_regions,69908606,16.658,2,18,437019852.0
travel_new_regions,69925270,16.664,2,18,437191558.0
travel_new_regions,69942034,16.764,0,20,437531326.0
travel_new_regions,69958621,16.587,0,20,437725578.0
travel_new_regions,69975272,16.651,4,20,438437378.0
travel_new_regions,69991943,16.671,3,20,438512566.0
travel_new_regions,70008608,16.665,2,20,438885522.0
travel_new_regions,70025946,17.338,2,20,439024574.0
travel_new_regions,70041940,15.994,2,20,439502926.0
travel_new_regions,70058696,16.756,0,20,439556606.0
travel_new_regions,70075271,16.575,3,20,439086218.0
travel_new_regions,70091933,16.662,3,20,439332182.0
travel_new_regions,70108624,16.691,0,20,439534006.0
travel_new_regions,70128114,19.49,0,20,439835860.0
travel_new_regions,70151647,23.533,0,22,439201126.0
travel_new_regions,70158605,6.958,0,22,439412330.0
travel_new_regions,70175266,16.661,4,22,438970966.0
travel_new_regions,70191933,16.667,3,22,439224842.0
travel_new_regions,70208641,16.708,2,22,439855546.0
travel_new_regions,70225373,16.732,2,22,439677658.0
travel_new_regions,70242026,16.653,0,22,439946890.0
travel_new_regions,70258681,16.655,3,22,439609154.0
travel_new_regions,70275261,16.58,3,22,439855154.0
travel_new_regions,70291931,16.67,2,22,440328218.0
travel_new_regions,70308594,16.663,2,22,440488630.0
travel_new_regions,70325272,16.678,0,24,440670566.0
travel_new_regions,70341939,16.667,0,24,440867514.0
travel_new_regions,70358687,16.748,3,24,440438472.0
travel_new_regions,70375257,16.57,3,24,440680694.0
travel_new_regions,70392029,16.772,2,24,441388386.0
travel_new_regions,70408595,16.566,2,24,441131870.0
travel_new_regions,70425252,16.657,2,24,441425826.0
travel_new_regions,70441929,16.677,0,24,441554170.0
travel_new_regions,70458685,16.756,4,24,441195008.0
travel_new_regions,70475340,16.655,4,24,441256006.0
travel_new_regions,70491925,16.585,2,24,441629102.0
travel_new_regions,70508669,16.744,2,24,442002926.0
travel_new_regions,70525264,16.595,0,26,442157590.0
travel_new_regions,70541926,16.662,0,26,442390566.0
travel_new_regions,70558601,16.675,4,26,442232470.0
travel_new_regions,70575249,16.648,4,26,442328626.0
travel_new_regions,70591932,16.683,3,26,442554946.0
travel_new_regions,70608666,16.734,3,26,442979390.0
travel_new_regions,70625243,16.577,3,26,443132290.0
travel_new_regions,70641905,16.662,2,26,443372432.0
travel_new_regions,70658679,16.774,1,26,443470410.0
travel_new_regions,70675247,16.568,1,26,443216434.0
travel_new_regions,70691931,16.684,0,26,443549838.0
travel_new_regions,70708571,16.64,0,26,443954782.0
travel_new_regions,70725327,16.756,0,28,444113478.0
travel_new_regions,70741919,16.592,0,28,444435146.0
travel_new_regions,70758666,16.747,4,28,443912302.0
travel_new_regions,70775315,16.649,3,28,444261474.0
travel_new_regions,70791907,16.592,2,28,444451774.0
travel_new_regions,70808674,16.767,2,28,444667222.0
travel_new_regions,70825250,16.576,2,28,444889982.0
travel_new_regions,70841897,16.647,2,28,445125158.0
travel_new_regions,70858573,16.676,0,28,445236714.0
travel_new_regions,70875243,16.67,0,28,445270570.0
travel_new_regions,70891893,16.65,3,28,444631898.0
travel_new_regions,70908668,16.775,3,28,444879798.0
travel_new_regions,70925337,16.669,0,28,445073366.0
travel_new_regions,70943314,17.977,0,28,445218262.0
travel_new_regions,70968779,25.465,0,30,445192534.0
travel_new_regions,70975227,6.448,0,30,445210518.0
travel_new_regions,70992009,16.782,0,30,445462758.0
travel_new_regions,71008571,16.562,4,30,444905190.0
travel_new_regions,71025231,16.66,4,30,445116318.0
travel_new_regions,71041889,16.658,3,30,445546050.0
travel_new_regions,71058677,16.788,3,30,445904810.0
travel_new_regions,71075228,16.551,3,30,445972002.0
travel_new_regions,71091998,16.77,3,30,446071186.0
travel_new_regions,71108547,16.549,3,30,446197182.0
travel_new_regions,71125394,16.847,3,30,446459002.0
travel_new_regions,71141990,16.596,3,30,446851302.0
travel_new_regions,71158684,16.694,2,30,447454294.0
travel_new_regions,71175348,16.664,0,30,447261466.0
travel_new_regions,71191890,16.542,4,30,446379290.0
travel_new_regions,71208666,16.776,3,30,446741830.0
travel_new_regions,71225330,16.664,3,30,447056850.0
travel_new_regions,71241893,16.563,3,30,447143694.0
travel_new_regions,71258671,16.778,3,32,447364514.0
travel_new_regions,71275219,16.548,3,32,447472266.0
travel_new_regions,71291879,16.66,3,32,447613686.0
travel_new_regions,71308548,16.669,3,32,447728550.0
travel_new_regions,71325327,16.779,3,32,448026334.0
travel_new_regions,71341988,16.661,2,32,448179318.0
travel_new_regions,71358675,16.687,0,32,448319538.0
travel_new_regions,71375351,16.676,0,32,448334522.0
travel_new_regions,71391912,16.561,4,32,447580302.0
travel_new_regions,71408658,16.746,4,32,447621166.0
travel_new_regions,71425323,16.665,3,32,447921396.0
travel_new_regions,71441872,16.549,3,32,448198988.0
travel_new_regions,71458546,16.674,3,32,448681780.0
travel_new_regions,71475220,16.674,3,32,448622170.0
travel_new_regions,71491882,16.662,2,32,449070254.0
travel_new_regions,71508644,16.762,1,32,448388898.0
travel_new_regions,71525206,16.562,1,32,448569178.0
travel_new_regions,71541895,16.689,0,32,448692570.0
travel_new_regions,71558549,16.654,0,32,448905514.0
travel_new_regions,71575218,16.669,0,34,449252302.0
travel_new_regions,71591877,16.659,0,34,449631194.0
travel_new_regions,71608690,16.813,0,34,450123506.0
travel_new_regions,71625343,16.653,0,34,450150302.0
travel_new_regions,71641880,16.537,0,34,450205450.0
travel_new_regions,71658671,16.791,0,34,450496510.0
travel_new_regions,71675328,16.657,4,34,449061758.0
travel_new_regions,71691869,16.541,3,34,449138278.0
travel_new_regions,71708545,16.676,3,34,449597054.0
travel_new_regions,71725195,16.65,3,34,449838986.0
travel_new_regions,71741867,16.672,3,34,449823926.0
travel_new_regions,71758655,16.788,3,34,450112266.0
travel_new_regions,71775327,16.672,3,34,450283408.0
travel_new_regions,71791873,16.546,0,34,450347958.0
travel_new_regions,71808538,16.665,4,34,449719944.0
travel_new_regions,71825329,16.791,4,34,449897144.0
travel_new_regions,71841881,16.552,3,34,450786798.0
travel_new_regions,71858798,16.917,3,34,450417782.0
travel_new_regions,71875215,16.417,3,36,450798882.0
travel_new_regions,71891895,16.68,3,36,451319630.0
travel_new_regions,71908669,16.774,2,36,451418374.0
travel_new_regions,71925200,16.531,0,36,451449418.0
travel_new_regions,71941869,16.669,4,36,450649614.0
travel_new_regions,71958534,16.665,4,36,451043640.0
travel_new_regions,71975182,16.648,4,36,451412470.0
travel_new_regions,71991856,16.674,4,36,450933706.0
travel_new_regions,72008531,16.675,4,36,451258730.0
travel_new_regions,72025179,16.648,4,36,451396826.0
travel_new_regions,72041853,16.674,3,36,451509784.0
travel_new_regions,72058528,16.675,3,36,451018194.0
travel_new_regions,72075201,16.673,0,36,451080134.0
travel_new_regions,72092008,16.807,0,36,451489798.0
travel_new_regions,72108738,16.73,0,36,451240366.0
travel_new_regions,72125181,16.443,0,38,450535548.0
travel_new_regions,72142026,16.845,0,38,450791830.0
travel_new_regions,72158564,16.538,0,38,450969154.0
travel_new_regions,72175193,16.629,0,38,451101752.0
travel_new_regions,72191975,16.782,0,38,451350492.0
travel_new_regions,72208680,16.705,4,38,450668944.0
travel_new_regions,72225182,16.502,4,38,450686716.0
travel_new_regions,72241836,16.654,3,38,451111384.0
travel_new_regions,72258649,16.813,3,38,450591688.0
travel_new_regions,72275180,16.531,3,38,450655956.0
travel_new_regions,72291996,16.816,3,38,450770456.0
travel_new_regions,72308510,16.514,3,38,450888840.0
travel_new_regions,72325167,16.657,3,38,451011592.0
travel_new_regions,72341835,16.668,3,38,451305664.0
travel_new_regions,72358660,16.825,2,38,451542778.0
travel_new_regions,72375321,16.661,0,38,451631188.0
travel_new_regions,72391850,16.529,0,38,451682860.0
travel_new_regions,72408699,16.849,4,38,451335836.0
travel_new_regions,72425316,16.617,4,38,451141632.0
travel_new_regions,72442018,16.702,3,38,451510320.0
travel_new_regions,72458521,16.503,3,38,451229660.0
travel_new_regions,72475191,16.67,3,40,451338390.0
travel_new_regions,72491985,16.794,3,40,451453120.0
travel_new_regions,72508500,16.515,3,40,451602468.0
travel_new_regions,72525156,16.656,3,40,451715536.0
travel_new_regions,72541828,16.672,3,40,451936040.0
travel_new_regions,72558641,16.813,2,40,452302684.0
travel_new_regions,72575173,16.532,0,40,452431852.0
travel_new_regions,72591846,16.673,4,40,451328708.0
travel_new_regions,72608639,16.793,4,40,451707644.0
travel_new_regions,72625317,16.678,4,40,452094240.0
travel_new_regions,72641830,16.513,4,40,451753680.0
travel_new_regions,72658495,16.665,4,41,451721474.0
travel_new_regions,72675292,16.797,4,41,451845980.0
travel_new_regions,72691827,16.535,4,41,451931342.0
travel_new_regions,72708658,16.831,4,41,452123490.0
travel_new_regions,72725168,16.51,4,41,452310122.0
travel_new_regions,72741819,16.651,3,41,452551794.0
travel_new_regions,72758640,16.821,2,41,452828940.0
travel_new_regions,72775164,16.524,0,41,452864068.0
travel_new_regions,72791837,16.673,4,41,451964656.0
travel_new_regions,72808491,16.654,4,41,452316364.0
travel_new_regions,72825152,16.661,4,41,452745532.0
travel_new_regions,72841827,16.675,3,41,452114784.0
travel_new_regions,72858492,16.665,3,46,452263304.0
travel_new_regions,72875154,16.662,3,46,452399468.0
travel_new_regions,72891823,16.669,3,46,452514872.0
travel_new_regions,72908482,16.659,3,46,452698930.0
travel_new_regions,72925139,16.657,3,46,452803374.0
travel_new_regions,72941843,16.704,3,46,453028872.0
travel_new_regions,72958639,16.796,2,46,453268176.0
travel_new_regions,72975159,16.52,0,46,453613996.0
travel_new_regions,72991846,16.687,4,46,452431376.0
travel_new_regions,73008633,16.787,4,46,452949088.0
travel_new_regions,73025298,16.665,4,46,453293190.0
travel_new_regions,73041819,16.521,3,46,453121460.0
travel_new_regions,73058491,16.672,3,46,452989900.0
travel_new_regions,73075141,16.65,3,46,453195456.0
travel_new_regions,73091817,16.676,3,46,453310768.0
travel_new_regions,73108619,16.802,3,46,453427470.0
travel_new_regions,73125136,16.517,3,46,453544962.0
travel_new_regions,73141948,16.812,3,46,453712920.0
travel_new_regions,73158674,16.726,3,46,453915520.0
travel_new_regions,73175273,16.599,2,46,454158704.0
travel_new_regions,73191815,16.542,0,46,454309352.0
travel_new_regions,73208488,16.673,4,46,453260560.0
travel_new_regions,73225134,16.646,4,46,453488638.0
travel_new_regions,73241802,16.668,4,46,454045544.0
travel_new_regions,73258489,16.687,4,46,453288268.0
travel_new_regions,73275294,16.805,4,50,453436492.0
travel_new_regions,73291802,16.508,4,50,453658548.0
travel_new_regions,73308616,16.814,4,50,453891422.0
travel_new_regions,73325291,16.675,4,50,453897020.0
travel_new_regions,73341795,16.504,4,50,453995780.0
travel_new_regions,73358466,16.671,4,50,454140920.0
travel_new_regions,73375280,16.814,4,50,454400340.0
travel_new_regions,73391937,16.657,4,50,454630644.0
travel_new_regions,73408464,16.527,2,50,454848696.0
travel_new_regions,73425129,16.665,2,50,455238500.0
travel_new_regions,73441807,16.678,1,50,453878708.0
travel_new_regions,73458614,16.807,3,50,454218668.0
travel_new_regions,73475129,16.515,2,50,454622182.0
travel_new_regions,73491806,16.677,0,50,454825288.0
travel_new_regions,73508472,16.666,0,50,454643380.0
travel_new_regions,73525129,16.657,0,50,454510616.0
travel_new_regions,73541826,16.697,0,50,454731032.0
travel_new_regions,73558459,16.633,0,50,454960292.0
travel_new_regions,73575118,16.659,0,50,454974612.0
travel_new_regions,73591777,16.659,0,50,455068344.0
travel_new_regions,73608459,16.682,0,50,455217884.0
travel_new_regions,73625263,16.804,0,50,455477286.0
travel_new_regions,73641787,16.524,0,50,455699536.0
travel_new_regions,73658481,16.694,0,50,455914964.0
travel_new_regions,73675126,16.645,0,50,456007332.0
travel_new_regions,73691811,16.685,4,50,454830840.0
travel_new_regions,73708451,16.64,4,50,455060046.0
travel_new_regions,73725110,16.659,4,50,455442304.0
travel_new_regions,73741781,16.671,3,50,455051296.0
travel_new_regions,73758584,16.803,3,52,454384624.0
travel_new_regions,73775117,16.533,3,52,454499508.0
travel_new_regions,73791782,16.665,3,52,454613808.0
travel_new_regions,73808440,16.658,3,52,454805836.0
travel_new_regions,73825191,16.751,3,52,454910820.0
travel_new_regions,73841923,16.732,3,52,455207924.0
travel_new_regions,73858562,16.639,2,52,455413220.0
travel_new_regions,73875121,16.559,0,52,455545156.0
travel_new_regions,73891813,16.692,4,52,454403120.0
travel_new_regions,73908462,16.649,6,52,454735420.0
travel_new_regions,73925268,16.806,4,52,454961316.0
travel_new_regions,73941785,16.517,3,52,455270316.0
travel_new_regions,73958454,16.669,2,52,455310384.0
travel_new_regions,73975110,16.656,2,52,455550766.0
travel_new_regions,73991766,16.656,2,52,455582228.0
travel_new_regions,74008439,16.673,2,52,455659122.0
travel_new_regions,74025095,16.656,2,52,455780450.0
travel_new_regions,74041773,16.678,2,52,455867100.0
travel_new_regions,74058446,16.673,2,52,456121598.0
travel_new_regions,74075093,16.647,2,52,456290646.0
travel_new_regions,74091970,16.877,0,52,456496100.0
travel_new_regions,74108548,16.578,0,52,456720308.0
travel_new_regions,74125113,16.565,4,52,455571264.0
travel_new_regions,74141778,16.665,4,52,455803800.0
travel_new_regions,74158608,16.83,4,52,456328764.0
travel_new_regions,74175265,16.657,4,52,455736358.0
travel_new_regions,74191757,16.492,4,54,455867052.0
travel_new_regions,74208436,16.679,4,54,455981664.0
travel_new_regions,74225105,16.669,4,54,456098624.0
travel_new_regions,74241761,16.656,4,54,456245932.0
travel_new_regions,74258429,16.668,4,54,456390768.0
travel_new_regions,74275090,16.661,4,54,456500090.0
travel_new_regions,74291762,16.672,4,54,456796128.0
travel_new_regions,74308584,16.822,3,54,457030388.0
travel_new_regions,74325108,16.524,2,54,457139512.0
travel_new_regions,74341754,16.646,1,54,456151188.0
travel_new_regions,74358580,16.826,3,54,456518848.0
travel_new_regions,74375152,16.572,2,54,457195748.0
travel_new_regions,74391769,16.617,0,54,457086980.0
travel_new_regions,74408431,16.662,0,54,456770184.0
travel_new_regions,74425379,16.948,0,54,456899356.0
travel_new_regions,74441762,16.383,0,54,457019196.0
travel_new_regions,74458430,16.668,0,54,457133668.0
travel_new_regions,74475246,16.816,0,54,457283432.0
travel_new_regions,74491736,16.49,0,54,457432732.0
travel_new_regions,74508418,16.682,0,54,457733414.0
travel_new_regions,74525075,16.657,0,54,457837046.0
travel_new_regions,74541763,16.688,0,54,457999272.0
travel_new_regions,74558432,16.669,0,54,458149792.0
travel_new_regions,74575095,16.663,0,54,458243216.0
travel_new_regions,74591933,16.838,4,54,457087808.0
travel_new_regions,74608569,16.636,4,54,457314168.0
travel_new_regions,74625083,16.514,4,54,457725342.0
travel_new_regions,74641749,16.666,3,54,457241544.0
travel_new_regions,74658521,16.772,3,56,457375392.0
travel_new_regions,74675074,16.553,3,56,457526276.0
travel_new_regions,74691736,16.662,3,56,457705444.0
travel_new_regions,74708400,16.664,3,56,457848314.0
travel_new_regions,74725073,16.673,3,56,458002124.0
travel_new_regions,74741746,16.673,2,56,458295520.0
travel_new_regions,74758419,16.673,0,56,458532624.0
travel_new_regions,74775072,16.653,4,56,457436308.0
travel_new_regions,74791744,16.672,4,56,457669060.0
travel_new_regions,74808410,16.666,4,56,458210484.0
travel_new_regions,74825207,16.797,3,56,458167320.0
travel_new_regions,74841745,16.538,3,56,458306484.0
travel_new_regions,74858551,16.806,3,56,458462828.0
travel_new_regions,74875219,16.668,3,56,458640480.0
travel_new_regions,74891728,16.509,3,56,458778912.0
travel_new_regions,74908399,16.671,3,56,458978790.0
travel_new_regions,74925072,16.673,3,56,459159220.0
travel_new_regions,74941768,16.696,2,56,459487532.0
travel_new_regions,74958566,16.798,2,56,459864488.0
travel_new_regions,74975060,16.494,3,56,458908024.0
travel_new_regions,74991735,16.675,3,56,459392430.0
travel_new_regions,75008405,16.67,4,56,459847574.0
travel_new_regions,75025071,16.666,4,56,459398412.0
travel_new_regions,75041891,16.82,4,62,459493260.0
travel_new_regions,75058394,16.503,4,62,459678816.0
travel_new_regions,75075045,16.651,4,62,459807610.0
travel_new_regions,75091859,16.814,4,62,459947428.0
travel_new_regions,75108404,16.545,4,62,460267896.0
travel_new_regions,75125179,16.775,4,62,460388928.0
travel_new_regions,75141857,16.678,4,62,460638684.0
travel_new_regions,75158529,16.672,4,62,461053502.0
travel_new_regions,75175060,16.531,2,62,461034380.0
travel_new_regions,75191745,16.685,4,62,459939730.0
travel_new_regions,75208476,16.731,1,62,459909708.0
travel_new_regions,75225058,16.582,1,62,460290776.0
travel_new_regions,75241730,16.672,1,62,460449156.0
travel_new_regions,75258549,16.819,1,62,460557360.0
travel_new_regions,75275060,16.511,1,62,460610588.0
travel_new_regions,75291732,16.672,1,62,460763712.0
travel_new_regions,75308524,16.792,1,62,460948812.0
travel_new_regions,75325178,16.654,1,62,461175412.0
travel_new_regions,75341723,16.545,1,62,461412380.0
travel_new_regions,75358514,16.791,1,62,461633910.0
travel_new_regions,75375057,16.543,0,62,461728544.0
travel_new_regions,75391749,16.692,0,62,461979252.0
travel_new_regions,75408392,16.643,4,62,460862524.0
travel_new_regions,75425050,16.658,4,62,461029236.0
travel_new_regions,75441713,16.663,4,62,461515486.0
travel_new_regions,75458390,16.677,3,62,460837164.0
travel_new_regions,75475053,16.663,3,66,459874488.0
travel_new_regions,75491719,16.666,3,66,460057294.0
travel_new_regions,75508390,16.671,3,66,460323032.0
travel_new_regions,75525044,16.654,3,66,460474066.0
travel_new_regions,75541710,16.666,3,66,460603616.0
travel_new_regions,75558505,16.795,3,66,460863402.0
travel_new_regions,75575035,16.53,2,66,461045454.0
travel_new_regions,75592087,17.052,3,66,460141096.0
travel_new_regions,75608375,16.288,5,66,460240522.0
travel_new_regions,75625052,16.677,4,66,460246412.0
travel_new_regions,75641729,16.677,3,66,460733928.0
travel_new_regions,75658389,16.66,2,66,460823540.0
travel_new_regions,75675048,16.659,2,66,460904872.0
travel_new_regions,75692008,16.96,2,66,461256232.0
travel_new_regions,75708496,16.488,2,66,461231116.0
travel_new_regions,75725036,16.54,2,66,461354392.0
travel_new_regions,75741859,16.823,2,66,461478398.0
travel_new_regions,75758368,16.509,2,66,461604178.0
travel_new_regions,75775137,16.769,2,66,461804664.0
travel_new_regions,75791751,16.614,0,66,462008252.0
travel_new_regions,75808514,16.763,0,66,462261952.0
travel_new_regions,75825034,16.52,4,66,461168572.0
travel_new_regions,75841707,16.673,4,66,461397332.0
travel_new_regions,75858547,16.84,4,66,461922716.0
travel_new_regions,75875026,16.479,4,66,461762458.0
travel_new_regions,75891699,16.673,4,68,461491728.0
travel_new_regions,75908362,16.663,4,68,461615768.0
travel_new_regions,75925018,16.656,4,68,461788356.0
travel_new_regions,75941689,16.671,4,68,461913840.0
travel_new_regions,75958363,16.674,4,68,462143752.0
travel_new_regions,75975014,16.651,4,68,462317898.0
travel_new_regions,75991688,16.674,4,68,462547992.0
travel_new_regions,76008350,16.662,3,68,462836948.0
travel_new_regions,76025020,16.67,2,68,463121016.0
travel_new_regions,76041753,16.733,1,68,462028204.0
travel_new_regions,76058347,16.594,3,68,462224814.0
travel_new_regions,76075110,16.763,2,68,462352396.0
travel_new_regions,76091707,16.597,0,68,462746916.0
travel_new_regions,76108358,16.651,0,68,462417876.0
travel_new_regions,76125141,16.783,0,68,462521590.0
travel_new_regions,76141683,16.542,0,68,462643348.0
travel_new_regions,76158347,16.664,0,68,462749602.0
travel_new_regions,76175008,16.661,0,68,462928546.0
travel_new_regions,76191675,16.667,0,68,463235974.0
travel_new_regions,76208501,16.826,0,68,463394092.0
travel_new_regions,76225139,16.638,0,68,463561294.0
travel_new_regions,76241679,16.54,0,68,463753600.0
travel_new_regions,76258361,16.682,0,68,463881796.0
travel_new_regions,76275017,16.656,0,68,464006152.0
travel_new_regions,76291710,16.693,4,68,462849996.0
travel_new_regions,76308347,16.637,6,68,463047244.0
travel_new_regions,76325037,16.69,4,68,463302484.0
travel_new_regions,76341690,16.653,3,68,463612436.0
travel_new_regions,76358343,16.653,3,68,462963230.0
travel_new_regions,76375008,16.665,3,70,463096706.0
travel_new_regions,76391673,16.665,3,70,463219652.0
travel_new_regions,76408470,16.797,3,70,463358976.0
travel_new_regions,76425119,16.649,3,70,463469680.0
travel_new_regions,76441668,16.549,3,70,463758722.0
travel_new_regions,76458465,16.797,3,70,463982108.0
travel_new_regions,76475005,16.54,0,70,464191220.0
travel_new_regions,76495223,20.218,4,70,463173116.0
travel_new_regions,76508440,13.217,6,70,463389528.0
travel_new_regions,76525001,16.561,4,70,463644170.0
travel_new_regions,76541699,16.698,3,70,463956132.0
travel_new_regions,76558463,16.764,2,70,463992684.0
travel_new_regions,76574995,16.532,2,70,464132388.0
travel_new_regions,76591880,16.885,2,70,464200220.0
travel_new_regions,76608455,16.575,2,70,464332272.0
travel_new_regions,76625005,16.55,2,70,464465164.0
travel_new_regions,76641758,16.753,2,70,464628726.0
travel_new_regions,76658463,16.705,2,70,464796258.0
travel_new_regions,76675000,16.537,2,70,465008612.0
travel_new_regions,76691698,16.698,0,70,465226456.0
travel_new_regions,76708336,16.638,0,70,465488868.0
travel_new_regions,76725003,16.667,4,70,464338852.0
travel_new_regions,76741664,16.661,4,70,464595266.0
travel_new_regions,76758325,16.661,4,70,465139984.0
travel_new_regions,76775121,16.796,4,70,464376928.0
travel_new_regions,76791805,16.684,4,73,464514920.0
travel_new_regions,76808455,16.65,4,73,464645064.0
travel_new_regions,76824994,16.539,4,73,464742640.0
travel_new_regions,76841667,16.673,4,73,464870172.0
travel_new_regions,76858334,16.667,4,73,465006336.0
travel_new_regions,76875133,16.799,4,73,465207112.0
travel_new_regions,76891650,16.517,4,73,465369068.0
travel_new_regions,76908316,16.666,4,73,465596138.0
travel_new_regions,76925190,16.874,3,73,465810736.0
travel_new_regions,76941788,16.598,2,73,466034196.0
travel_new_regions,76958316,16.528,1,73,464981492.0
travel_new_regions,76974989,16.673,3,73,465182550.0
travel_new_regions,76991790,16.801,2,73,465365372.0
travel_new_regions,77008421,16.631,2,73,465862242.0
travel_new_regions,77025124,16.703,2,73,465650134.0
travel_new_regions,77041649,16.525,2,74,465834712.0
travel_new_regions,77058306,16.657,2,74,465843012.0
travel_new_regions,77074982,16.676,2,74,465970824.0
travel_new_regions,77091643,16.661,2,74,466113222.0
travel_new_regions,77108305,16.662,2,74,466233972.0
travel_new_regions,77124974,16.669,2,74,466355060.0
travel_new_regions,77141646,16.672,2,74,466694282.0
travel_new_regions,77158400,16.754,2,74,466933198.0
travel_new_regions,77174987,16.587,0,74,467063024.0
travel_new_regions,77191765,16.778,0,74,467200460.0
travel_new_regions,77208323,16.558,4,74,465949060.0
travel_new_regions,77225126,16.803,4,74,466211890.0
travel_new_regions,77241665,16.539,4,74,466627672.0
travel_new_regions,77258398,16.733,3,74,466114732.0
travel_new_regions,77274978,16.58,3,78,465540840.0
travel_new_regions,77291646,16.668,3,78,465671664.0
travel_new_regions,77308308,16.662,3,78,465809308.0
travel_new_regions,77324969,16.661,3,78,466023018.0
travel_new_regions,77341639,16.67,3,78,466167450.0
travel_new_regions,77358305,16.666,3,78,466394924.0
travel_new_regions,77374973,16.668,2,78,466613938.0
travel_new_regions,77391773,16.8,0,78,466843840.0
travel_new_regions,77408446,16.673,4,78,465636864.0
travel_new_regions,77425119,16.673,4,78,466007468.0
travel_new_regions,77441650,16.531,4,78,466385984.0
travel_new_regions,77458299,16.649,3,78,466755766.0
travel_new_regions,77474981,16.682,3,78,466827568.0
travel_new_regions,77491631,16.65,3,78,466950272.0
travel_new_regions,77508301,16.67,3,78,466889936.0
travel_new_regions,77524974,16.673,3,78,467027632.0
travel_new_regions,77541631,16.657,3,78,467171592.0
travel_new_regions,77558288,16.657,3,78,467312188.0
travel_new_regions,77574963,16.675,3,78,467533968.0
travel_new_regions,77591639,16.676,3,78,467841980.0
travel_new_regions,77608302,16.663,2,78,468007868.0
travel_new_regions,77624972,16.67,0,78,468289124.0
travel_new_regions,77641628,16.656,0,78,468463884.0
travel_new_regions,77658300,16.672,4,78,467263444.0
travel_new_regions,77674957,16.657,4,78,467670426.0
travel_new_regions,77691623,16.666,4,78,468198980.0
travel_new_regions,77708307,16.684,4,78,467865484.0
travel_new_regions,77724949,16.642,4,80,468008224.0
travel_new_regions,77741638,16.689,4,80,468107572.0
travel_new_regions,77758275,16.637,4,80,468248414.0
travel_new_regions,77774946,16.671,4,80,468384276.0
travel_new_regions,77791617,16.671,4,80,468476840.0
travel_new_regions,77808279,16.662,4,80,468700800.0
travel_new_regions,77824944,16.665,4,80,468940544.0
travel_new_regions,77841621,16.677,3,80,469167810.0
travel_new_regions,77858284,16.663,2,80,469413006.0
travel_new_regions,77874942,16.658,2,80,469769568.0
travel_new_regions,77891725,16.783,3,80,468879944.0
travel_new_regions,77908284,16.559,3,80,468877656.0
travel_new_regions,77924942,16.658,4,80,469116396.0
travel_new_regions,77941615,16.673,4,80,468870636.0
travel_new_regions,77958277,16.662,4,80,469025036.0
travel_new_regions,77974954,16.677,4,80,469124908.0
travel_new_regions,77991763,16.809,4,80,469260716.0
travel_new_regions,78008274,16.511,4,80,469405184.0
travel_new_regions,78024943,16.669,4,80,469572124.0
travel_new_regions,78041607,16.664,4,80,469820808.0
travel_new_regions,78058269,16.662,4,80,470172834.0
travel_new_regions,78074953,16.684,3,80,470453200.0
travel_new_regions,78091612,16.659,2,80,470747140.0
travel_new_regions,78108269,16.657,3,80,469293272.0
travel_new_regions,78124932,16.663,3,80,469471848.0
travel_new_regions,78141606,16.674,4,80,469878114.0
travel_new_regions,78158274,16.668,3,80,469387474.0
travel_new_regions,78174937,16.663,3,83,469629839.0
travel_new_regions,78191597,16.66,3,83,469704908.0
travel_new_regions,78208259,16.662,3,83,469806820.0
travel_new_regions,78224931,16.672,3,83,469936896.0
travel_new_regions,78241624,16.693,3,83,470237240.0
travel_new_regions,78258272,16.648,2,83,470466384.0
travel_new_regions,78274943,16.671,0,83,470598572.0
travel_new_regions,78291615,16.672,0,83,470824944.0
travel_new_regions,78308273,16.658,4,83,469784912.0
travel_new_regions,78324930,16.657,4,83,469836564.0
travel_new_regions,78341633,16.703,4,83,470238520.0
travel_new_regions,78358258,16.625,3,83,470361676.0
travel_new_regions,78374923,16.665,3,84,470688436.0
travel_new_regions,78391595,16.672,3,84,470751208.0
travel_new_regions,78408252,16.657,3,84,470852776.0
travel_new_regions,78424924,16.672,3,84,471025370.0
travel_new_regions,78441616,16.692,3,84,471285950.0
travel_new_regions,78458255,16.639,3,84,471516780.0
travel_new_regions,78474927,16.672,3,84,471686356.0
travel_new_regions,78491620,16.693,2,84,471928776.0
travel_new_regions,78511805,20.185,3,84,471326348.0
travel_new_regions,78524920,13.115,5,84,471639056.0
travel_new_regions,78541657,16.737,4,84,471887192.0
travel_new_regions,78558257,16.6,3,84,472268768.0
travel_new_regions,78574929,16.672,3,84,471610932.0
travel_new_regions,78591921,16.992,3,88,471815204.0
travel_new_regions,78608248,16.327,3,88,472037126.0
travel_new_regions,78624922,16.674,3,88,472061588.0
travel_new_regions,78641581,16.659,3,88,472265024.0
travel_new_regions,78658245,16.664,3,88,472476104.0
travel_new_regions,78674922,16.677,3,88,472792148.0
travel_new_regions,78691777,16.855,3,88,472901300.0
travel_new_regions,78708246,16.469,2,88,473185600.0
travel_new_regions,78724907,16.661,2,88,473460262.0
travel_new_regions,78744745,19.838,3,88,472244564.0
travel_new_regions,78758246,13.501,5,88,472491696.0
travel_new_regions,78774909,16.663,4,88,472647124.0
travel_new_regions,78791600,16.691,3,88,472904044.0
travel_new_regions,78808345,16.745,3,88,472697624.0
travel_new_regions,78824902,16.557,3,88,472963288.0
travel_new_regions,78841584,16.682,3,88,472967424.0
travel_new_regions,78858235,16.651,3,88,473128580.0
travel_new_regions,78874904,16.669,3,88,473237980.0
travel_new_regions,78891579,16.675,3,88,473472120.0
travel_new_regions,78908241,16.662,3,88,473774026.0
travel_new_regions,78924897,16.656,3,88,473870148.0
travel_new_regions,78941584,16.687,2,88,474062752.0
travel_new_regions,78962059,20.475,3,88,473391768.0
travel_new_regions,78974903,12.844,5,88,473219062.0
travel_new_regions,78991578,16.675,4,88,473230316.0
travel_new_regions,79008240,16.662,3,88,473629286.0
travel_new_regions,79024912,16.672,3,88,472971224.0
travel_new_regions,79041574,16.662,3,90,472039268.0
travel_new_regions,79058227,16.653,3,90,472234134.0
travel_new_regions,79074898,16.671,3,90,472510890.0
travel_new_regions,79091792,16.894,3,90,472647076.0
travel_new_regions,79108247,16.455,3,90,472713956.0
travel_new_regions,79124895,16.648,3,90,472912148.0
travel_new_regions,79141569,16.674,2,90,473140472.0
travel_new_regions,79158246,16.677,0,90,473348564.0
travel_new_regions,79177702,19.456,4,90,472723844.0
travel_new_regions,79191563,13.861,6,90,472560288.0
travel_new_regions,79208239,16.676,4,90,472402240.0
travel_new_regions,79224901,16.662,3,90,472797894.0
travel_new_regions,79241571,16.67,2,90,472891828.0
travel_new_regions,79258255,16.684,2,90,473022340.0
travel_new_regions,79274893,16.638,2,90,473149820.0
travel_new_regions,79291544,16.651,2,90,473372068.0
travel_new_regions,79308218,16.674,2,90,473478126.0
travel_new_regions,79324895,16.677,2,90,473650576.0
travel_new_regions,79341582,16.687,2,90,473715422.0
travel_new_regions,79358259,16.677,2,90,473913476.0
travel_new_regions,79374894,16.635,0,90,474084376.0
travel_new_regions,79391568,16.674,0,90,474336204.0
travel_new_regions,79408454,16.886,4,90,473584938.0
travel_new_regions,79424884,16.43,6,90,473478408.0
travel_new_regions,79441584,16.7,4,90,473481536.0
travel_new_regions,79458221,16.637,3,90,474068332.0
travel_new_regions,79474890,16.669,3,90,473289136.0
travel_new_regions,79491549,16.659,3,92,473506388.0
travel_new_regions,79508210,16.661,3,92,473609268.0
travel_new_regions,79524875,16.665,3,92,473688088.0
travel_new_regions,79541556,16.681,3,92,473846188.0
travel_new_regions,79558218,16.662,3,92,474095336.0
travel_new_regions,79574882,16.664,3,92,474269768.0
travel_new_regions,79591542,16.66,3,92,474398026.0
travel_new_regions,79608209,16.667,2,92,474581204.0
travel_new_regions,79624873,16.664,2,92,474967272.0
travel_new_regions,79647578,22.705,3,92,474118654.0
travel_new_regions,79658207,10.629,5,92,473985732.0
travel_new_regions,79674871,16.664,4,92,474207924.0
travel_new_regions,79691550,16.679,3,92,474829382.0
travel_new_regions,79708209,16.659,3,92,474426816.0
travel_new_regions,79724864,16.655,3,92,474512732.0
travel_new_regions,79741541,16.677,3,92,474629594.0
travel_new_regions,79758200,16.659,3,92,474709578.0
travel_new_regions,79774872,16.672,3,92,474813264.0
travel_new_regions,79791531,16.659,3,92,475064620.0
travel_new_regions,79808203,16.672,3,92,475305904.0
travel_new_regions,79824867,16.664,3,92,475524726.0
travel_new_regions,79841529,16.662,3,92,475588264.0
travel_new_regions,79858202,16.673,2,92,475958110.0
travel_new_regions,79874879,16.677,0,92,476076928.0
travel_new_regions,79895204,20.325,4,92,474957270.0
travel_new_regions,79908195,12.991,6,92,474982046.0
travel_new_regions,79925120,16.925,4,92,475165032.0
travel_new_regions,79941545,16.425,3,92,475343820.0
travel_new_regions,79958192,16.647,3,92,474898840.0
travel_new_regions,79974865,16.673,3,94,475025884.0
travel_new_regions,79991531,16.666,3,94,475139280.0
travel_new_regions,80008191,16.66,3,94,475239120.0
travel_new_regions,80024859,16.668,3,94,475397068.0
travel_new_regions,80041746,16.887,3,94,475625088.0
travel_new_regions,80058191,16.445,2,94,475878116.0
travel_new_regions,80074868,16.677,0,94,475999388.0
travel_new_regions,80094530,19.662,4,94,475194280.0
travel_new_regions,80108194,13.664,6,94,475246406.0
travel_new_regions,80124869,16.675,4,94,475253056.0
travel_new_regions,80141533,16.664,3,94,475759004.0
travel_new_regions,80158199,16.666,2,94,475640564.0
travel_new_regions,80174855,16.656,2,94,475879528.0
travel_new_regions,80191584,16.729,2,94,475926812.0
travel_new_regions,80208188,16.604,2,94,476040032.0
travel_new_regions,80224846,16.658,2,94,476181512.0
travel_new_regions,80241524,16.678,2,94,476257872.0
travel_new_regions,80258184,16.66,2,94,476535820.0
travel_new_regions,80274866,16.682,0,94,476654692.0
travel_new_regions,80291524,16.658,0,94,476775312.0
travel_new_regions,80308196,16.672,0,94,477003396.0
travel_new_regions,80326368,18.172,4,94,476178346.0
travel_new_regions,80341563,15.195,4,94,476225640.0
travel_new_regions,80358483,16.92,4,94,476740896.0
travel_new_regions,80374857,16.374,4,94,476043392.0
travel_new_regions,80391614,16.757,4,96,476285328.0
travel_new_regions,80408177,16.563,4,96,476356156.0
travel_new_regions,80424838,16.661,4,96,476471636.0
travel_new_regions,80441537,16.699,4,96,476574800.0
travel_new_regions,80458175,16.638,4,96,476716456.0
travel_new_regions,80474870,16.695,4,96,476837042.0
travel_new_regions,80491532,16.662,4,96,477113316.0
travel_new_regions,80508170,16.638,2,96,477329760.0
travel_new_regions,80524838,16.668,2,96,477650348.0
travel_new_regions,80544409,19.571,3,96,476850524.0
travel_new_regions,80558174,13.765,5,96,476897022.0
travel_new_regions,80574843,16.669,4,96,477253924.0
travel_new_regions,80591559,16.716,3,96,477380112.0
travel_new_regions,80608173,16.614,3,96,477089528.0
travel_new_regions,80624833,16.66,3,96,477212920.0
travel_new_regions,80641615,16.782,3,96,477290676.0
travel_new_regions,80658178,16.563,3,96,477403896.0
travel_new_regions,80674838,16.66,3,96,477648776.0
travel_new_regions,80691676,16.838,3,96,477655496.0
travel_new_regions,80708165,16.489,3,96,477979114.0
travel_new_regions,80724823,16.658,3,96,478055212.0
travel_new_regions,80741541,16.718,0,96,478257600.0
travel_new_regions,80758190,16.649,0,96,478408344.0
travel_new_regions,80776307,18.117,4,96,477501620.0
return_history_control,80817063,40.756,3,96,477914476.0
return_history_control,80826773,9.71,3,96,478106580.0
return_history_control,80837832,11.059,3,96,478437040.0
return_history_control,80851541,13.709,2,96,478688000.0
return_history_control,80867087,15.546,0,96,478994152.0
return_history_control,80899212,32.125,3,96,478796284.0
return_history_control,80906050,6.838,5,96,478902692.0
return_history_control,80917062,11.012,5,96,479425192.0
return_history_control,80933746,16.684,3,96,478946792.0
return_history_control,80951532,17.786,2,96,478970480.0
return_history_control,80967063,15.531,2,96,479437872.0
return_history_control,80983746,16.683,0,96,479103644.0
return_history_control,81001551,17.805,4,96,478942680.0
return_history_control,81017063,15.512,4,96,479023484.0
return_history_control,81033744,16.681,4,96,478975428.0
return_history_control,81051641,17.897,4,96,479016404.0
return_history_control,81067059,15.418,3,96,479403432.0
return_history_control,81083853,16.794,4,96,478997184.0
return_history_control,81101536,17.683,5,96,479141188.0
return_history_control,81117174,15.638,5,96,479247616.0
return_history_control,81133736,16.562,5,96,479258056.0
return_history_control,81151552,17.816,3,96,479375948.0
return_history_control,81167059,15.507,3,96,479143008.0
return_history_control,81183719,16.66,3,96,479158092.0
return_history_control,81201559,17.84,0,96,479547688.0
return_history_control,81217061,15.502,5,96,479146364.0
return_history_control,81233719,16.658,7,96,479282424.0
return_history_control,81251581,17.862,7,96,479403222.0
return_history_control,81267067,15.486,7,96,479406612.0
return_history_control,81283718,16.651,5,96,479527840.0
return_history_control,81301565,17.847,5,96,479386404.0
return_history_control,81317070,15.505,5,96,479401976.0
return_history_control,81333724,16.654,4,96,479620948.0
return_history_control,81351540,17.816,4,96,479341148.0
return_history_control,81367050,15.51,5,96,479392792.0
return_history_control,81383718,16.668,5,96,479448208.0
return_history_control,81401516,17.798,5,96,479509836.0
return_history_control,81417059,15.543,5,96,479517396.0
return_history_control,81433716,16.657,5,96,479570948.0
return_history_control,81451592,17.876,5,96,479623644.0
return_history_control,81467047,15.455,5,96,479682196.0
return_history_control,81483740,16.693,5,96,479738644.0
return_history_control,81501526,17.786,5,96,479786728.0
return_history_control,81517048,15.522,5,96,479841688.0
return_history_control,81533717,16.669,5,96,479891840.0
return_history_control,81551570,17.853,5,96,479958490.0
return_history_control,81567040,15.47,5,96,480005956.0
return_history_control,81583736,16.696,5,96,480018140.0
return_history_control,81601566,17.83,5,96,480076856.0
return_history_control,81617054,15.488,3,96,480133656.0
return_history_control,81633704,16.65,3,96,480390252.0
return_history_control,81651706,18.002,3,96,480637932.0
return_history_control,81667042,15.336,2,96,480937528.0
return_history_control,81683704,16.662,2,96,481113956.0
return_history_control,81701623,17.919,4,96,480851616.0
return_history_control,81717033,15.41,5,96,480895452.0
return_history_control,81733700,16.667,5,96,480945644.0
return_history_control,81751565,17.865,5,96,480998732.0
return_history_control,81767039,15.474,5,96,481010912.0
return_history_control,81783698,16.659,5,96,481066732.0
return_history_control,81801538,17.84,5,96,481118132.0
return_history_control,81817033,15.495,5,96,481168952.0
return_history_control,81833714,16.681,5,96,481257920.0
return_history_control,81851547,17.833,5,96,481365800.0
return_history_control,81867066,15.519,5,96,481419572.0
return_history_control,81883694,16.628,5,96,481470272.0
return_history_control,81901473,17.779,5,96,481520200.0
return_history_control,81917034,15.561,5,96,481576352.0
return_history_control,81933692,16.658,5,96,481626948.0
return_history_control,81951515,17.823,5,96,481672968.0
return_history_control,81967026,15.511,5,96,481726474.0
return_history_control,81983699,16.673,5,96,481812416.0
return_history_control,82001525,17.826,5,96,481917424.0
return_history_control,82017024,15.499,5,96,481968500.0
return_history_control,82033689,16.665,5,96,482013276.0
return_history_control,82051566,17.877,5,96,482068328.0
return_history_control,82067029,15.463,5,96,482155976.0
return_history_control,82083695,16.666,5,96,482127888.0
return_history_control,82101548,17.853,5,96,482177384.0
return_history_control,82117019,15.471,5,96,482232232.0
return_history_control,82133688,16.669,5,96,482273788.0
return_history_control,82151587,17.899,5,96,482455656.0
return_history_control,82167022,15.435,5,96,482506950.0
return_history_control,82183695,16.673,5,96,482514120.0
return_history_control,82201559,17.864,5,96,482569112.0
return_history_control,82217014,15.455,5,96,482623742.0
return_history_control,82233682,16.668,5,96,482676612.0
return_history_control,82251541,17.859,5,96,482723300.0
return_history_control,82267028,15.487,5,96,482764472.0
return_history_control,82283691,16.663,5,96,482774912.0
return_history_control,82301550,17.859,5,96,482824156.0
return_history_control,82317061,15.511,5,96,483014976.0
return_history_control,82333676,16.615,5,96,483060926.0
return_history_control,82351499,17.823,5,96,483104708.0
return_history_control,82367014,15.515,5,96,483116888.0
return_history_control,82383678,16.664,5,96,483298840.0
return_history_control,82401050,17.372,5,96,483349996.0
return_history_control,82417024,15.974,5,96,483398920.0
return_history_control,82433673,16.649,5,96,483449780.0
return_history_control,82451570,17.897,5,96,483508334.0
return_history_control,82467020,15.45,5,96,483591540.0
return_history_control,82483697,16.677,5,96,483704300.0
return_history_control,82501519,17.822,5,96,483752584.0
return_history_control,82517003,15.484,5,96,483794764.0
return_history_control,82533681,16.678,5,96,483845336.0
return_history_control,82551544,17.863,5,96,483897108.0
return_history_control,82567068,15.524,5,96,483909288.0
return_history_control,82583666,16.598,5,96,483967372.0
return_history_control,82601528,17.862,5,96,484013412.0
return_history_control,82617004,15.476,5,96,484063124.0
return_history_control,82633683,16.679,5,96,484148864.0
return_history_control,82651550,17.867,5,96,484257152.0
return_history_control,82667002,15.452,5,96,484306260.0
return_history_control,82683662,16.66,5,96,484357340.0
return_history_control,82701734,18.072,5,96,484408548.0
return_history_control,82717001,15.267,5,96,484491460.0
return_history_control,82733662,16.661,5,96,484466296.0
return_history_control,82751590,17.928,5,96,484516504.0
return_history_control,82766994,15.404,5,96,484563216.0
return_history_control,82783658,16.664,5,96,484609992.0
return_history_control,82801630,17.972,5,96,484700952.0
return_history_control,82816989,15.359,5,96,484802752.0
return_history_control,82833652,16.663,5,96,484854612.0
return_history_control,82851533,17.881,5,96,484907988.0
return_history_control,82866989,15.456,5,96,484956492.0
return_history_control,82883657,16.668,5,96,485004968.0
return_history_control,82901616,17.959,5,96,485055772.0
return_history_control,82916999,15.383,5,96,485067952.0
return_history_control,82933654,16.655,5,96,485119864.0
return_history_control,82951520,17.866,1,96,485173892.0
return_history_control,82966999,15.479,3,96,485495336.0
return_history_control,82983674,16.675,2,96,485632228.0
return_history_control,83001519,17.845,1,96,486021236.0
return_history_control,83016983,15.464,1,96,486232156.0
return_history_control,83033654,16.671,1,96,486424884.0
return_history_control,83051525,17.871,1,96,486706372.0
return_history_control,83066984,15.459,1,96,486921708.0
return_history_control,83083641,16.657,1,96,487251188.0
return_history_control,83101507,17.866,1,96,487487544.0
return_history_control,83116975,15.468,1,96,487766716.0
return_history_control,83133639,16.664,1,96,488037200.0
return_history_control,83150313,16.674,1,96,488271756.0
return_history_control,83166984,16.671,1,96,488488744.0
return_history_control,83183639,16.655,1,96,488753856.0
return_history_control,83201481,17.842,1,96,488304964.0
return_history_control,83216963,15.482,5,96,488423064.0
return_history_control,83233641,16.678,6,96,488203060.0
return_history_control,83251567,17.926,6,96,488278416.0
return_history_control,83266972,15.405,6,96,488283876.0
return_history_control,83283650,16.678,6,96,488348990.0
return_history_control,83301638,17.988,4,96,488402244.0
return_history_control,83316973,15.335,4,96,488731440.0
return_history_control,83333650,16.677,4,96,488956328.0
return_history_control,83351635,17.985,3,96,489233864.0
return_history_control,83366967,15.332,3,96,489246480.0
return_history_control,83383630,16.663,4,96,489142340.0
return_history_control,83401539,17.909,5,96,489103772.0
return_history_control,83416972,15.433,5,96,489166972.0
return_history_control,83433630,16.658,5,96,489219948.0
return_history_control,83451526,17.896,5,96,489283916.0
return_history_control,83466968,15.442,5,96,489337204.0
return_history_control,83483686,16.718,5,96,489393476.0
return_history_control,83501528,17.842,5,96,489458704.0
return_history_control,83516965,15.437,5,96,489458484.0
return_history_control,83533640,16.675,5,96,489515208.0
return_history_control,83551543,17.903,5,96,489570896.0
return_history_control,83566972,15.429,5,96,489629024.0
return_history_control,83583623,16.651,5,96,489687574.0
return_history_control,83601496,17.873,5,96,489736873.0
return_history_control,83616964,15.468,5,96,489793480.0
return_history_control,83633636,16.672,5,96,489798892.0
return_history_control,83651528,17.892,3,96,489858684.0
return_history_control,83666973,15.445,3,96,490102884.0
return_history_control,83683620,16.647,3,96,490396016.0
return_history_control,83701513,17.893,0,96,490779108.0
return_history_control,83716954,15.441,0,96,490864796.0
return_history_control,83734893,17.939,5,96,490698714.0
return_history_control,83751514,16.621,7,96,490745528.0
return_history_control,83766955,15.441,7,96,490795944.0
return_history_control,83783631,16.676,7,96,490806720.0
return_history_control,83801573,17.942,7,96,490861152.0
return_history_control,83816950,15.377,7,96,490918252.0
return_history_control,83833618,16.668,7,96,490964192.0
return_history_control,83851511,17.893,7,96,491014600.0
return_history_control,83866955,15.444,7,96,491099136.0
return_history_control,83883615,16.66,7,96,491177464.0
return_history_control,83901477,17.862,7,96,491228476.0
return_history_control,83916943,15.466,7,96,491275500.0
return_history_control,83933624,16.681,7,96,491328250.0
return_history_control,83951531,17.907,7,96,491380444.0
return_history_control,83966944,15.413,7,96,491429868.0
return_history_control,83983626,16.682,7,96,491438240.0
return_history_control,84001544,17.918,7,96,491515648.0
return_history_control,84016945,15.401,7,96,491647276.0
return_history_control,84033615,16.67,7,96,491797776.0
return_history_control,84051552,17.937,7,96,491809960.0
return_history_control,84066950,15.398,7,96,491861856.0
return_history_control,84084090,17.14,7,96,491909656.0
return_history_control,84101398,17.308,7,96,491958736.0
return_history_control,84116941,15.543,7,96,492008848.0
return_history_control,84133604,16.663,7,96,492066144.0
return_history_control,84151570,17.966,7,96,492143800.0
return_history_control,84166941,15.371,7,96,492179380.0
return_history_control,84183608,16.667,7,96,492274788.0
return_history_control,84201536,17.928,7,96,492441020.0
return_history_control,84216934,15.398,7,96,492483656.0
return_history_control,84233605,16.671,7,96,492532332.0
return_history_control,84251554,17.949,7,96,492603412.0
return_history_control,84266939,15.385,7,96,492599024.0
return_history_control,84283601,16.662,7,96,492655088.0
return_history_control,84301541,17.94,7,96,492711516.0
return_history_control,84316938,15.397,7,96,492767940.0
return_history_control,84333617,16.679,7,96,492829684.0
return_history_control,84351572,17.955,7,96,492974240.0
return_history_control,84367008,15.436,7,96,493059810.0
return_history_control,84383597,16.589,7,96,493103040.0
return_history_control,84401550,17.953,7,96,493152560.0
return_history_control,84416925,15.375,7,96,493200000.0
return_history_control,84433595,16.67,7,96,493251152.0
return_history_control,84451556,17.961,7,96,493330516.0
return_history_control,84466939,15.383,7,96,493318224.0
return_history_control,84483684,16.745,7,96,493375404.0
return_history_control,84501546,17.862,7,96,493451524.0
return_history_control,84516930,15.384,7,96,493695864.0
return_history_control,84533596,16.666,7,96,493627288.0
return_history_control,84551555,17.959,7,96,493682192.0
return_history_control,84566922,15.367,7,96,493740104.0
return_history_control,84583590,16.668,7,96,493782304.0
return_history_control,84601553,17.963,7,96,493834400.0
return_history_control,84616925,15.372,7,96,493887852.0
return_history_control,84633623,16.698,7,96,493940374.0
return_history_control,84651547,17.924,7,96,493947244.0
return_history_control,84666928,15.381,7,96,494002464.0
return_history_control,84683584,16.656,7,96,494184288.0
return_history_control,84701545,17.961,7,96,494242348.0
return_history_control,84716930,15.385,7,96,494302408.0
return_history_control,84733591,16.661,7,96,494299108.0
return_history_control,84751555,17.964,7,96,494352460.0
return_history_control,84766914,15.359,7,96,494405764.0
return_history_control,84783578,16.664,7,96,494448576.0
return_history_control,84801546,17.968,7,96,494501452.0
return_history_control,84816910,15.364,7,96,494552520.0
return_history_control,84833583,16.673,7,96,494645220.0
return_history_control,84851549,17.966,7,96,494785664.0
return_history_control,84866909,15.36,7,96,494831772.0
return_history_control,84883577,16.668,7,96,494928694.0
return_history_control,84901568,17.991,7,96,494974726.0
return_history_control,84916970,15.402,7,96,494953600.0
return_history_control,84933580,16.61,7,96,495006500.0
return_history_control,84951541,17.961,7,96,495060476.0
return_history_control,84966904,15.363,7,96,495105940.0
return_history_control,84983573,16.669,7,96,495164704.0
return_history_control,85001581,18.008,5,96,495169216.0
return_history_control,85016910,15.329,5,96,495791576.0
return_history_control,85033573,16.663,5,96,496062300.0
return_history_control,85051564,17.991,4,96,496303570.0
return_history_control,85066904,15.34,4,96,496556156.0
return_history_control,85083560,16.656,4,96,496760440.0
return_history_control,85101539,17.979,4,96,496993082.0
return_history_control,85116900,15.361,4,96,497255472.0
return_history_control,85133571,16.671,4,96,497407812.0
return_history_control,85151566,17.995,4,96,497644552.0
return_history_control,85166900,15.334,4,96,497877232.0
return_history_control,85183574,16.674,4,96,498063892.0
return_history_control,85201579,18.005,4,96,498269688.0
return_history_control,85216898,15.319,4,96,499165812.0
return_history_control,85233569,16.671,4,96,501001736.0
return_history_control,85251608,18.039,4,96,501341740.0
return_history_control,85266895,15.287,4,96,500863988.0
return_history_control,85285639,18.744,4,96,499548912.0
return_history_control,85301550,15.911,5,96,497109048.0
return_history_control,85316902,15.352,5,96,495263964.0
return_history_control,85333558,16.656,5,96,495326692.0
return_history_control,85351554,17.996,5,96,495384728.0
return_history_control,85366992,15.438,5,96,495441202.0
return_history_control,85383562,16.57,5,96,495488900.0
return_history_control,85401546,17.984,5,96,495492384.0
return_history_control,85416895,15.349,5,96,495492384.0
return_history_control,85433561,16.666,5,96,495492384.0
return_history_control,85451545,17.984,5,96,495492384.0
return_history_control,85466926,15.381,5,96,495630308.0
return_history_control,85483561,16.635,5,96,495710634.0
return_history_control,85501637,18.076,5,96,495713136.0
return_history_control,85516892,15.255,5,96,495713136.0
return_history_control,85533561,16.669,5,96,495713136.0
return_history_control,85551568,18.007,5,96,495713136.0
return_history_control,85566886,15.318,5,96,495713136.0
return_history_control,85583560,16.674,5,96,495713136.0
return_history_control,85601563,18.003,5,96,495713136.0
return_history_control,85616882,15.319,5,96,496033508.0
return_history_control,85633633,16.751,5,96,495913612.0
return_history_control,85651575,17.942,5,96,495913612.0
return_history_control,85666882,15.307,5,96,496056092.0
return_history_control,85683551,16.669,5,96,496103526.0
return_history_control,85701622,18.071,5,96,496161936.0
return_history_control,85716874,15.252,5,96,496214804.0
return_history_control,85733538,16.664,5,96,496288656.0
return_history_control,85751567,18.029,5,96,496345444.0
return_history_control,85766875,15.308,5,96,496397596.0
return_history_control,85783541,16.666,5,96,496459700.0
return_history_control,85801558,18.017,5,96,496505596.0
return_history_control,85816879,15.321,5,96,496507856.0
return_history_control,85833540,16.661,5,96,496585168.0
return_history_control,85851539,17.999,5,96,496588648.0
return_history_control,85866885,15.346,5,96,496588648.0
return_history_control,85883542,16.657,5,96,496588648.0
return_history_control,85901553,18.011,5,96,496588648.0
return_history_control,85916876,15.323,5,96,496588668.0
return_history_control,85933552,16.676,5,96,496588668.0
return_history_control,85951578,18.026,5,96,496588668.0
return_history_control,85966875,15.297,5,96,496588668.0
return_history_control,85983542,16.667,5,96,496588668.0
return_history_control,86001575,18.033,5,96,496848696.0
return_history_control,86016885,15.31,5,96,496898364.0
return_history_control,86033538,16.653,5,96,496954232.0
return_history_control,86051682,18.144,5,96,497052238.0
return_history_control,86066859,15.177,5,96,497107954.0
return_history_control,86083558,16.699,5,96,497113092.0
return_history_control,86101559,18.001,5,96,497174860.0
return_history_control,86116864,15.305,5,96,497232116.0
return_history_control,86133536,16.672,5,96,497336140.0
return_history_control,86151565,18.029,5,96,497396676.0
return_history_control,86166866,15.301,5,96,497415544.0
return_history_control,86183534,16.668,5,96,497475212.0
return_history_control,86201593,18.059,5,96,497475212.0
return_history_control,86216866,15.273,5,96,497475212.0
return_history_control,86233537,16.671,5,96,497475212.0
return_history_control,86251588,18.051,5,96,497475212.0
return_history_control,86266868,15.28,5,96,497648324.0
return_history_control,86283537,16.669,5,96,497706492.0
return_history_control,86301696,18.159,5,96,497706492.0
return_history_control,86316857,15.161,5,96,497766224.0
return_history_control,86333527,16.67,5,96,497844536.0
return_history_control,86351455,17.928,5,96,497903436.0
return_history_control,86366859,15.404,5,96,497912788.0
return_history_control,86383531,16.672,5,96,497980108.0
return_history_control,86401556,18.025,5,96,498052658.0
return_history_control,86416849,15.293,5,96,498113220.0
return_history_control,86433518,16.669,5,96,498185252.0
return_history_control,86451569,18.051,5,96,498256750.0
return_history_control,86466862,15.293,5,96,498265616.0
return_history_control,86483535,16.673,5,96,498265616.0
return_history_control,86501569,18.034,5,96,498265616.0
return_history_control,86516849,15.28,5,96,498392748.0
return_history_control,86533521,16.672,5,96,498399712.0
return_history_control,86551556,18.035,5,96,498399712.0
return_history_control,86566853,15.297,5,96,498399712.0
return_history_control,86583541,16.688,5,96,498399712.0
return_history_control,86601564,18.023,5,96,498529392.0
return_history_control,86616841,15.277,5,96,498591068.0
return_history_control,86633520,16.679,5,96,498651486.0
return_history_control,86651579,18.059,5,96,498732966.0
return_history_control,86666850,15.271,5,96,498779352.0
return_history_control,86683515,16.665,5,96,498853112.0
return_history_control,86701619,18.104,5,96,498922158.0
return_history_control,86716837,15.218,5,96,498986070.0
return_history_control,86733516,16.679,5,96,498992240.0
return_history_control,86751540,18.024,5,96,499062278.0
return_history_control,86766840,15.3,5,96,499116738.0
return_history_control,86783514,16.674,5,96,499116664.0
return_history_control,86801573,18.059,5,96,499116664.0
return_history_control,86816860,15.287,5,96,499138552.0
return_history_control,86833511,16.651,5,96,499138552.0
return_history_control,86851228,17.717,5,96,499138552.0
return_history_control,86866840,15.612,5,96,499138552.0
return_history_control,86883506,16.666,5,96,499372476.0
return_history_control,86901555,18.049,5,96,499432372.0
return_history_control,86916838,15.283,5,96,499442812.0
return_history_control,86933497,16.659,5,96,499508964.0
return_history_control,86951565,18.068,5,96,499577154.0
return_history_control,86966827,15.262,5,96,499637520.0
return_history_control,86983497,16.67,5,96,499703580.0
return_history_control,87001614,18.117,5,96,499725868.0
return_history_control,87016820,15.206,5,96,499819464.0
return_history_control,87033492,16.672,5,96,499901184.0
return_history_control,87051563,18.071,5,96,499904664.0
return_history_control,87066829,15.266,5,96,499904664.0
return_history_control,87083503,16.674,5,96,499904664.0
return_history_control,87101533,18.03,5,96,499904660.0
return_history_control,87116825,15.292,5,96,500096534.0
return_history_control,87133521,16.696,5,96,500135918.0
return_history_control,87151549,18.028,5,96,500220896.0
return_history_control,87166819,15.27,5,96,500312804.0
return_history_control,87183486,16.667,5,96,500351452.0
return_history_control,87201561,18.075,5,96,500431680.0
return_history_control,87216814,15.253,5,96,500489152.0
return_history_control,87233485,16.671,5,96,500557646.0
return_history_control,87251568,18.083,5,96,500613412.0
return_history_control,87266836,15.268,5,96,500623852.0
return_history_control,87283492,16.656,5,96,500684896.0
return_history_control,87301553,18.061,5,96,500684896.0
return_history_control,87316824,15.271,5,96,500684896.0
return_history_control,87333491,16.667,5,96,500684896.0
return_history_control,87351558,18.067,5,96,500824516.0
return_history_control,87366811,15.253,5,96,500884910.0
return_history_control,87383479,16.668,5,96,500945334.0
return_history_control,87401577,18.098,3,96,501026552.0
return_history_control,87416819,15.242,3,96,501265444.0
return_history_control,87433469,16.65,3,96,501442948.0
return_history_control,87451559,18.09,2,96,501722788.0
return_history_control,87466810,15.251,2,96,501868316.0
return_history_control,87483474,16.664,2,96,502184408.0
return_history_control,87501556,18.082,2,96,502354920.0
return_history_control,87516802,15.246,2,96,502567452.0
return_history_control,87533475,16.673,2,96,502761364.0
return_history_control,87551541,18.066,2,96,502997152.0
return_history_control,87566794,15.253,2,96,503233542.0
return_history_control,87583467,16.673,2,96,503547168.0
return_history_control,87601561,18.094,2,96,503766136.0
return_history_control,87616899,15.338,2,96,503968592.0
return_history_control,87633458,16.559,2,96,504251744.0
return_history_control,87651563,18.105,2,96,504472868.0
return_history_control,87666792,15.229,2,96,504721548.0
return_history_control,87683480,16.688,2,96,504257896.0
return_history_control,87702658,19.178,4,96,500047260.0
return_history_control,87716795,14.137,5,96,499282656.0
return_history_control,87733467,16.672,5,96,497072258.0
return_history_control,87751643,18.176,5,96,496117708.0
return_history_control,87766798,15.155,5,96,495461412.0
return_history_control,87783468,16.67,5,96,493328880.0
return_history_control,87801552,18.084,5,96,491946620.0
return_history_control,87816794,15.242,5,96,491238016.0
return_history_control,87833473,16.679,5,96,490615256.0
return_history_control,87851572,18.099,5,96,489914532.0
return_history_control,87866788,15.216,5,96,489272316.0
return_history_control,87883465,16.677,5,96,488288052.0
return_history_control,87901561,18.096,5,96,487635148.0
return_history_control,87916801,15.24,5,96,487113808.0
return_history_control,87933467,16.666,5,96,487152132.0
return_history_control,87951563,18.096,5,96,487236308.0
return_history_control,87966846,15.283,5,96,487288020.0
return_history_control,87983460,16.614,5,96,487352732.0
return_history_control,88001566,18.106,5,96,487417292.0
return_history_control,88016790,15.224,5,96,487433008.0
return_history_control,88033451,16.661,5,96,487496120.0
return_history_control,88051567,18.116,5,96,487551268.0
return_history_control,88066781,15.214,5,96,487611042.0
return_history_control,88083455,16.674,5,96,487672698.0
return_history_control,88101581,18.126,5,96,487688584.0
return_history_control,88116781,15.2,5,96,487758252.0
return_history_control,88133443,16.662,5,96,487838692.0
return_history_control,88151637,18.194,5,96,487917096.0
return_history_control,88166787,15.15,5,96,487940872.0
return_history_control,88183450,16.663,5,96,488041280.0
return_history_control,88201527,18.077,5,96,488096576.0
return_history_control,88216772,15.245,5,96,488190856.0
return_history_control,88233470,16.698,5,96,488246696.0
return_history_control,88251588,18.118,5,96,488303856.0
return_history_control,88266782,15.194,5,96,488317104.0
return_history_control,88283450,16.668,5,96,488372996.0
return_history_control,88301558,18.108,5,96,488425082.0
return_history_control,88316776,15.218,5,96,488471228.0
return_history_control,88333438,16.662,5,96,488527068.0
return_history_control,88351546,18.108,5,96,488536524.0
return_history_control,88366765,15.219,5,96,488603348.0
return_history_control,88383447,16.682,5,96,488665936.0
return_history_control,88401567,18.12,5,96,488753052.0
return_history_control,88416799,15.232,5,96,488811156.0
return_history_control,88433433,16.634,5,96,488872708.0
return_history_control,88451557,18.124,5,96,488880268.0
return_history_control,88466768,15.211,5,96,488934556.0
return_history_control,88483446,16.678,5,96,488990292.0
return_history_control,88501540,18.094,5,96,489037820.0
return_history_control,88516798,15.258,5,96,489090736.0
return_history_control,88533439,16.641,5,96,489139556.0
return_history_control,88551555,18.116,5,96,489231700.0
return_history_control,88566768,15.213,5,96,489237160.0
return_history_control,88583431,16.663,5,96,489309564.0
return_history_control,88601529,18.098,5,96,489371376.0
return_history_control,88616758,15.229,5,96,489425788.0
return_history_control,88633426,16.668,5,96,489480104.0
return_history_control,88651000,17.574,5,96,489526472.0
return_history_control,88666770,15.77,5,96,489544336.0
return_history_control,88683428,16.658,5,96,489603196.0
return_history_control,88701594,18.166,5,96,489658540.0
return_history_control,88716755,15.161,5,96,489716552.0
return_history_control,88733421,16.666,5,96,489811908.0
return_history_control,88751554,18.133,5,96,489929912.0
return_history_control,88766765,15.211,1,96,489889468.0
return_history_control,88783433,16.668,3,96,490054372.0
return_history_control,88801539,18.106,2,96,490404316.0
return_history_control,88816745,15.206,1,96,490749592.0
return_history_control,88833422,16.677,1,96,490971912.0
return_history_control,88851438,18.016,1,96,491223688.0
return_history_control,88866750,15.312,1,96,491424244.0
return_history_control,88883422,16.672,1,96,491669504.0
return_history_control,88901537,18.115,1,96,491945688.0
return_history_control,88916742,15.205,1,96,492198928.0
return_history_control,88933414,16.672,1,96,492488504.0
return_history_control,88951536,18.122,1,96,492696468.0
return_history_control,88966742,15.206,1,96,492910540.0
return_history_control,88983611,16.869,1,96,493174564.0
return_history_control,89001526,17.915,1,96,492740656.0
return_history_control,89021951,20.425,5,96,489833528.0
return_history_control,89033410,11.459,6,96,488563004.0
return_history_control,89051556,18.146,6,96,487369076.0
return_history_control,89066758,15.202,6,96,486741868.0
return_history_control,89083413,16.655,6,96,486140476.0
return_history_control,89101537,18.124,6,96,485594276.0
return_history_control,89116747,15.21,3,96,484629076.0
return_history_control,89133422,16.675,5,96,483890068.0
return_history_control,89151539,18.117,5,96,482978676.0
return_history_control,89166737,15.198,4,96,482285480.0
return_history_control,89183498,16.761,4,96,482377212.0
return_history_control,89201807,18.309,4,96,481161256.0
return_history_control,89216747,14.94,5,96,480408240.0
return_history_control,89233410,16.663,5,96,479410668.0
return_history_control,89251578,18.168,5,96,478518280.0
return_history_control,89266738,15.16,5,96,478253252.0
return_history_control,89283406,16.668,5,96,478312072.0
return_history_control,89301500,18.094,5,96,478358616.0
return_history_control,89316869,15.369,5,96,478413280.0
return_history_control,89333406,16.537,5,96,478466244.0
return_history_control,89351552,18.146,5,96,478519076.0
return_history_control,89366736,15.184,5,96,478531256.0
return_history_control,89383407,16.671,5,96,478586304.0
return_history_control,89401607,18.2,5,96,478640848.0
return_history_control,89416731,15.124,5,96,478697064.0
return_history_control,89433405,16.674,5,96,478747276.0
return_history_control,89451531,18.126,5,96,478801444.0
return_history_control,89466741,15.21,3,96,478826692.0
return_history_control,89483416,16.675,3,96,479085720.0
return_history_control,89501521,18.105,3,96,479336624.0
return_history_control,89516717,15.196,1,96,479618800.0
return_history_control,89533392,16.675,1,96,479646908.0
return_history_control,89551553,18.161,5,96,478864064.0
return_history_control,89566724,15.171,6,96,477730456.0
return_history_control,89583391,16.667,6,96,477278000.0
return_history_control,89601542,18.151,6,96,477375172.0
return_history_control,89616771,15.229,6,96,477384896.0
return_history_control,89633388,16.617,6,96,477439832.0
return_history_control,89651561,18.173,6,96,477494408.0
return_history_control,89666714,15.153,6,96,477547580.0
return_history_control,89683388,16.674,6,96,477649474.0
return_history_control,89701529,18.141,6,96,477707558.0
return_history_control,89716718,15.189,6,96,477760256.0
return_history_control,89733389,16.671,6,96,477819882.0
return_history_control,89751550,18.161,6,96,477886168.0
return_history_control,89766708,15.158,6,96,477928288.0
return_history_control,89783375,16.667,6,96,477992396.0
return_history_control,89801528,18.153,6,96,478053692.0
return_history_control,89816709,15.181,3,96,478160336.0
return_history_control,89833389,16.68,4,96,478342196.0
return_history_control,89851528,18.139,4,96,478676352.0
return_history_control,89866705,15.177,3,96,478997604.0
return_history_control,89883398,16.693,3,96,479011884.0
return_history_control,89901711,18.313,4,96,478023064.0
return_history_control,89916705,14.994,5,96,476937714.0
return_history_control,89933380,16.675,5,96,475680650.0
return_history_control,89951539,18.159,5,96,475732148.0
return_history_control,89966704,15.165,5,96,475783388.0
return_history_control,89983371,16.667,5,96,475835500.0
return_history_control,90001519,18.148,5,96,475903080.0
return_history_control,90016704,15.185,5,96,475967664.0
return_history_control,90033368,16.664,5,96,476040838.0
return_history_control,90051527,18.159,5,96,476127852.0
return_history_control,90066695,15.168,5,96,476139996.0
return_history_control,90083370,16.675,5,96,476204364.0
return_history_control,90101560,18.19,5,96,476265404.0
return_history_control,90116703,15.143,5,96,476340244.0
return_history_control,90133363,16.66,5,96,476425646.0
return_history_control,90151556,18.193,5,96,476490000.0
return_history_control,90166691,15.135,5,96,476542004.0
return_history_control,90183683,16.992,3,96,476597676.0
return_history_control,90201553,17.87,3,96,476816960.0
return_history_control,90216686,15.133,3,96,477040472.0
return_history_control,90233372,16.686,0,96,477253580.0
return_history_control,90251550,18.178,0,96,477205772.0
return_history_control,90266706,15.156,5,96,476384572.0
return_history_control,90283378,16.672,7,96,475436000.0
return_history_control,90301598,18.22,7,96,474823724.0
return_history_control,90316703,15.105,7,96,474392972.0
return_history_control,90333377,16.674,7,96,474392732.0
return_history_control,90351533,18.156,7,96,474392732.0
return_history_control,90366694,15.161,7,96,474392732.0
return_history_control,90383361,16.667,7,96,474392732.0
return_history_control,90401541,18.18,7,96,474392728.0
return_history_control,90416683,15.142,7,96,474622464.0
return_history_control,90433363,16.68,7,96,474685860.0
return_history_control,90451588,18.225,7,96,474691524.0
return_history_control,90466696,15.108,7,96,474691524.0
return_history_control,90483361,16.665,7,96,474691524.0
return_history_control,90501546,18.185,7,96,474691524.0
return_history_control,90516694,15.148,7,96,474691524.0
return_history_control,90533349,16.655,7,96,474857788.0
return_history_control,90551548,18.199,7,96,474916348.0
return_history_control,90566679,15.131,7,96,474967236.0
return_history_control,90583355,16.676,7,96,474967236.0
return_history_control,90601552,18.197,7,96,474967236.0
return_history_control,90616687,15.135,7,96,474967236.0
return_history_control,90633350,16.663,7,96,474967236.0
return_history_control,90651579,18.229,7,96,474967236.0
return_history_control,90666693,15.114,7,96,474967236.0
return_history_control,90683340,16.647,7,96,475161636.0
return_history_control,90701540,18.2,7,96,475214932.0
return_history_control,90716674,15.134,7,96,475243852.0
return_history_control,90733520,16.846,7,96,475300872.0
return_history_control,90751542,18.022,7,96,475359428.0
return_history_control,90766666,15.124,7,96,475415948.0
return_history_control,90783344,16.678,7,96,475422908.0
return_history_control,90801543,18.199,7,96,475483156.0
return_history_control,90816682,15.139,7,96,475537604.0
return_history_control,90833332,16.65,7,96,475584756.0
return_history_control,90851556,18.224,7,96,475673352.0
return_history_control,90866679,15.123,7,96,475648964.0
return_history_control,90883331,16.652,7,96,475674304.0
return_history_control,90901562,18.231,7,96,475730856.0
return_history_control,90916666,15.104,7,96,475782024.0
return_history_control,90933336,16.67,7,96,475836223.0
return_history_control,90951534,18.198,5,96,475891360.0
return_history_control,90966670,15.136,5,96,476079656.0
return_history_control,90983390,16.72,5,96,476332124.0
return_history_control,91001558,18.168,4,96,476604072.0
return_history_control,91017510,15.952,4,96,476843316.0
return_history_control,91033330,15.82,4,96,476837148.0
return_history_control,91051756,18.426,4,96,475534908.0
return_history_control,91066656,14.9,5,96,474484584.0
return_history_control,91083323,16.667,5,96,473534692.0
return_history_control,91101551,18.228,5,96,472444644.0
return_history_control,91116658,15.107,5,96,472497076.0
return_history_control,91133331,16.673,5,96,472509016.0
return_history_control,91151554,18.223,5,96,472606468.0
return_history_control,91166652,15.098,5,96,472663148.0
return_history_control,91183323,16.671,5,96,472753868.0
return_history_control,91201584,18.261,5,96,472821984.0
return_history_control,91216668,15.084,5,96,472880996.0
return_history_control,91233325,16.657,5,96,472972978.0
return_history_control,91251547,18.222,5,96,472980140.0
return_history_control,91266656,15.109,5,96,473061356.0
return_history_control,91283421,16.765,5,96,473134146.0
return_history_control,91301559,18.138,5,96,473251428.0
return_history_control,91316662,15.103,3,96,473233544.0
return_history_control,91333319,16.657,3,96,473465174.0
return_history_control,91351533,18.214,3,96,473731244.0
return_history_control,91366654,15.121,2,96,473969520.0
return_history_control,91383319,16.665,2,96,473979184.0
return_history_control,91402252,18.933,4,96,473148624.0
return_history_control,91416648,14.396,5,96,471769760.0
return_history_control,91433313,16.665,5,96,470824908.0
return_history_control,91451525,18.212,5,96,470855298.0
return_history_control,91466650,15.125,5,96,470905380.0
return_history_control,91483307,16.657,5,96,470950492.0
return_history_control,91501540,18.233,5,96,471007232.0
return_history_control,91516641,15.101,5,96,471066266.0
return_history_control,91533320,16.679,5,96,471075728.0
return_history_control,91551554,18.234,5,96,471134280.0
return_history_control,91567369,15.815,5,96,471187936.0
return_history_control,91583322,15.953,5,96,471245488.0
return_history_control,91601538,18.216,5,96,471306900.0
return_history_control,91616642,15.104,5,96,471352172.0
return_history_control,91633307,16.665,5,96,471404328.0
return_history_control,91651544,18.237,1,96,471461080.0
return_history_control,91666634,15.09,3,96,471692612.0
return_history_control,91683299,16.665,2,96,471963536.0
return_history_control,91701751,18.452,1,96,472262072.0
return_history_control,91716641,14.89,1,96,472278516.0
return_history_control,91734638,17.997,5,96,471642480.0
return_history_control,91751617,16.979,6,96,470245742.0
return_history_control,91766634,15.017,6,96,470291352.0
return_history_control,91783301,16.667,6,96,470353638.0
return_history_control,91801593,18.292,6,96,470390672.0
return_history_control,91816625,15.032,6,96,470456800.0
return_history_control,91833466,16.841,6,96,470514556.0
return_history_control,91851548,18.082,6,96,470577776.0
return_history_control,91866627,15.079,6,96,470640808.0
return_history_control,91883302,16.675,6,96,470735630.0
return_history_control,91901552,18.25,6,96,470896040.0
return_history_control,91916626,15.074,6,96,470826544.0
return_history_control,91933318,16.692,6,96,470884884.0
return_history_control,91951558,18.24,6,96,470954266.0
return_history_control,91966621,15.063,6,96,471015488.0
return_history_control,91983285,16.664,6,96,471107018.0
return_history_control,92001536,18.251,6,96,471186062.0
return_history_control,92016631,15.095,3,96,471237148.0
return_history_control,92033288,16.657,4,96,471479078.0
return_history_control,92051638,18.35,4,96,471811492.0
return_history_control,92066624,14.986,3,96,472085656.0
return_history_control,92083288,16.664,3,96,472301604.0
return_history_control,92101567,18.279,4,96,471163832.0
return_history_control,92116625,15.058,5,96,470258796.0
return_history_control,92133282,16.657,5,96,469337256.0
return_history_control,92151572,18.29,5,96,468496272.0
return_history_control,92166620,15.048,5,96,468543892.0
return_history_control,92183292,16.672,5,96,468556072.0
return_history_control,92201565,18.273,5,96,468608800.0
return_history_control,92216611,15.046,5,96,468661628.0
return_history_control,92233276,16.665,5,96,468903460.0
return_history_control,92251574,18.298,5,96,468926104.0
return_history_control,92266609,15.035,5,96,468978096.0
return_history_control,92283370,16.761,5,96,469035026.0
return_history_control,92301573,18.203,5,96,469089596.0
return_history_control,92316609,15.036,5,96,469140498.0
return_history_control,92333276,16.667,5,96,469185644.0
return_history_control,92351553,18.277,5,96,469239396.0
return_history_control,92366617,15.064,5,96,469250800.0
return_history_control,92383275,16.658,5,96,469301372.0
return_history_control,92401683,18.408,5,96,469506972.0
return_history_control,92416613,14.93,5,96,469557734.0
return_history_control,92433274,16.661,5,96,469566296.0
return_history_control,92451552,18.278,5,96,469618952.0
return_history_control,92466600,15.048,5,96,469672164.0
return_history_control,92483292,16.692,5,96,469723832.0
return_history_control,92501560,18.268,5,96,469784032.0
return_history_control,92516604,15.044,5,96,469823852.0
return_history_control,92533264,16.66,5,96,469871644.0
return_history_control,92551571,18.307,5,96,469962608.0
return_history_control,92566600,15.029,5,96,470082032.0
return_history_control,92583263,16.663,5,96,470135602.0
return_history_control,92601570,18.307,5,96,470188298.0
return_history_control,92616601,15.031,5,96,470231600.0
return_history_control,92633270,16.669,5,96,470295578.0
return_history_control,92651610,18.34,5,96,470302444.0
return_history_control,92666730,15.12,5,96,470355500.0
return_history_control,92683263,16.533,5,96,470404860.0
return_history_control,92701567,18.304,5,96,470454188.0
return_history_control,92716598,15.031,5,96,470679430.0
return_history_control,92733263,16.665,5,96,470745798.0
return_history_control,92751579,18.316,5,96,470833160.0
return_history_control,92766592,15.013,5,96,470879792.0
return_history_control,92783255,16.663,5,96,470929040.0
return_history_control,92801581,18.326,5,96,470984434.0
return_history_control,92816607,15.026,5,96,470989848.0
return_history_control,92833259,16.652,5,96,471044216.0
return_history_control,92851576,18.317,5,96,471097048.0
return_history_control,92866591,15.015,5,96,471152980.0
return_history_control,92883262,16.671,5,96,471320196.0
return_history_control,92901798,18.536,5,96,471373488.0
return_history_control,92916593,14.795,5,96,471467596.0
return_history_control,92933264,16.671,5,96,471516534.0
return_history_control,92951901,18.637,5,96,471563400.0
return_history_control,92966584,14.683,5,96,471614258.0
return_history_control,92983254,16.67,5,96,471702184.0
return_history_control,93001618,18.364,5,96,471672832.0
return_history_control,93016589,14.971,5,96,471727992.0
return_history_control,93033250,16.661,5,96,471781196.0
return_history_control,93051567,18.317,5,96,472039604.0
return_history_control,93066591,15.024,5,96,472085932.0
return_history_control,93083257,16.666,5,96,472281388.0
return_history_control,93101556,18.299,5,96,472454874.0
return_history_control,93116599,15.043,5,96,472597912.0
return_history_control,93133248,16.649,5,96,472625030.0
return_history_control,93151585,18.337,5,96,472787838.0
return_history_control,93166585,15.0,5,96,472870000.0
return_history_control,93183261,16.676,5,96,472954884.0
return_history_control,93201632,18.371,5,96,473119924.0
return_history_control,93216586,14.954,5,96,473258268.0
return_history_control,93234170,17.584,5,96,473283340.0
return_history_control,93251563,17.393,5,96,473294808.0
return_history_control,93266572,15.009,5,96,473312427.0
return_history_control,93283242,16.67,5,96,473339388.0
return_history_control,93301574,18.332,5,96,473356924.0
return_history_control,93316583,15.009,5,96,473370410.0
return_history_control,93333231,16.648,3,96,473385300.0
return_history_control,93351634,18.403,3,96,473596848.0
return_history_control,93366567,14.933,3,96,473870388.0
return_history_control,93383236,16.669,0,96,474143200.0
return_history_control,93401567,18.331,0,96,474368036.0
return_history_control,93416570,15.003,0,96,474649172.0
return_history_control,93433246,16.676,0,96,474818208.0
return_history_control,93451564,18.318,0,96,475144944.0
return_history_control,93466562,14.998,0,96,475378200.0
return_history_control,93483232,16.67,0,96,475651872.0
return_history_control,93501834,18.602,0,96,476019492.0
return_history_control,93516576,14.742,0,96,476149404.0
return_history_control,93533223,16.647,0,96,476361400.0
return_history_control,93551685,18.462,0,96,476696956.0
return_history_control,93566567,14.882,0,96,476986272.0
return_history_control,93583235,16.668,0,96,476541998.0
return_history_control,93601587,18.352,5,96,475250220.0
return_history_control,93616562,14.975,7,96,474232964.0
return_history_control,93633229,16.667,7,96,473267556.0
return_history_control,93651566,18.337,7,96,472048692.0
return_history_control,93666560,14.994,7,96,472000132.0
return_history_control,93683225,16.665,7,96,472100012.0
return_history_control,93701560,18.335,5,96,472111368.0
return_history_control,93716559,14.999,5,96,472337292.0
return_history_control,93733223,16.664,5,96,472592220.0
return_history_control,93751572,18.349,4,96,472855356.0
return_history_control,93766554,14.982,4,96,472888160.0
return_history_control,93783276,16.722,4,96,472669484.0
return_history_control,93801571,18.295,5,96,472726528.0
return_history_control,93816557,14.986,5,96,472815020.0
return_history_control,93833222,16.665,5,96,472867548.0
return_history_control,93851570,18.348,5,96,472937124.0
return_history_control,93866547,14.977,5,96,472999196.0
return_history_control,93883217,16.67,5,96,473055024.0
return_history_control,93901567,18.35,5,96,473120834.0
return_history_control,93916558,14.991,5,96,473165302.0
return_history_control,93933212,16.654,5,96,473214862.0
return_history_control,93951554,18.342,5,96,473302354.0
return_history_control,93966551,14.997,5,96,473275208.0
return_history_control,93983208,16.657,5,96,473327492.0
return_history_control,94001578,18.37,5,96,473381420.0
return_history_control,94016548,14.97,5,96,473445508.0
return_history_control,94033222,16.674,5,96,473521772.0
return_history_control,94051714,18.492,5,96,473568728.0
return_history_control,94066542,14.828,5,96,473694014.0
return_history_control,94083204,16.662,5,96,473738036.0
return_history_control,94101535,18.331,5,96,473788276.0
return_history_control,94116545,15.01,5,96,473836288.0
return_history_control,94133206,16.661,5,96,473890844.0
return_history_control,94151559,18.353,5,96,473936004.0
return_history_control,94166546,14.987,5,96,473944880.0
return_history_control,94183205,16.659,5,96,473998092.0
return_history_control,94201550,18.345,5,96,474112484.0
return_history_control,94216536,14.986,5,96,474238466.0
return_history_control,94233196,16.66,5,96,474286780.0
return_history_control,94251535,18.339,5,96,474330120.0
return_history_control,94266552,15.017,5,96,474342300.0
return_history_control,94283199,16.647,5,96,474397980.0
return_history_control,94301564,18.365,5,96,474453006.0
return_history_control,94316532,14.968,5,96,474501248.0
return_history_control,94333535,17.003,5,96,474550812.0
return_history_control,94351555,18.02,5,96,474644752.0
return_history_control,94366540,14.985,5,96,474703312.0
return_history_control,94383197,16.657,5,96,474760852.0
return_history_control,94401537,18.34,5,96,474809376.0
return_history_control,94416537,15.0,5,96,474854956.0
return_history_control,94433187,16.65,5,96,474908964.0
return_history_control,94451611,18.424,5,96,474956840.0
return_history_control,94466613,15.002,5,96,475010412.0
return_history_control,94483194,16.581,5,96,475057198.0
return_history_control,94501570,18.376,5,96,475066648.0
return_history_control,94516616,15.046,5,96,475142152.0
return_history_control,94533187,16.571,5,96,475210752.0
return_history_control,94551552,18.365,5,96,475260056.0
return_history_control,94566524,14.972,5,96,475306016.0
return_history_control,94583185,16.661,5,96,475361320.0
return_history_control,94601543,18.358,5,96,475410880.0
return_history_control,94616546,15.003,5,96,475420872.0
return_history_control,94633191,16.645,5,96,475474534.0
return_history_control,94651621,18.43,5,96,475520524.0
return_history_control,94666525,14.904,5,96,475570376.0
return_history_control,94683183,16.658,5,96,475622792.0
return_history_control,94701601,18.418,5,96,475713752.0
return_history_control,94716530,14.929,5,96,475787340.0
return_history_control,94733177,16.647,5,96,475946772.0
return_history_control,94751558,18.381,5,96,476033696.0
return_history_control,94766518,14.96,5,96,476124424.0
return_history_control,94783181,16.663,5,96,476297740.0
return_history_control,94801647,18.466,5,96,476555980.0
return_history_control,94816528,14.881,5,96,476480156.0
return_history_control,94833178,16.65,5,96,476650432.0
return_history_control,94851590,18.412,5,96,476816056.0
return_history_control,94866519,14.929,5,96,476907016.0
return_history_control,94883205,16.686,5,96,477003732.0
return_history_control,94901578,18.373,5,96,477025602.0
return_history_control,94916521,14.943,5,96,477036792.0
return_history_control,94933170,16.649,5,96,477064868.0
return_history_control,94951567,18.397,5,96,477079608.0
return_history_control,94966524,14.957,5,96,477094124.0
return_history_control,94983176,16.652,5,96,477110820.0
return_history_control,95001578,18.402,3,96,477132640.0
return_history_control,95016513,14.935,3,96,477362824.0
return_history_control,95033172,16.659,3,96,477709236.0
return_history_control,95051563,18.391,2,96,478016984.0
return_history_control,95066540,14.977,2,96,478308588.0
return_history_control,95083164,16.624,2,96,478505688.0
return_history_control,95101556,18.392,2,96,478791708.0
return_history_control,95116508,14.952,2,96,479009124.0
return_history_control,95133160,16.652,2,96,479295848.0
return_history_control,95151573,18.413,2,96,479547912.0
return_history_control,95166518,14.945,2,96,479922660.0
return_history_control,95183165,16.647,2,96,480127728.0
return_history_control,95201576,18.411,2,96,480324232.0
return_history_control,95216509,14.933,2,96,480547388.0
return_history_control,95233170,16.661,2,96,480787504.0
return_history_control,95251569,18.399,2,96,480232580.0
return_history_control,95266504,14.935,4,96,480061772.0
return_history_control,95283162,16.658,5,96,480119944.0
return_history_control,95301557,18.395,5,96,480178504.0
return_history_control,95316498,14.941,5,96,480237124.0
return_history_control,95333163,16.665,5,96,480292238.0
return_history_control,95351566,18.403,1,96,480307200.0
return_history_control,95366493,14.927,2,96,480598440.0
return_history_control,95383149,16.656,2,96,480886616.0
return_history_control,95399915,16.766,1,96,481106852.0
return_history_control,95416502,16.587,1,96,481142676.0
return_history_control,95435831,19.329,5,96,481038980.0
recovery,95454179,18.348,5,96,481072132.0
recovery,95466490,12.311,5,96,481120848.0
recovery,95483161,16.671,5,96,481176920.0
recovery,95499918,16.757,5,96,481233676.0
recovery,95516481,16.563,5,96,481286856.0
recovery,95533167,16.686,5,96,481299108.0
recovery,95550879,17.712,5,96,481358740.0
recovery,95566477,15.598,5,96,481417640.0
recovery,95583149,16.672,5,96,481474108.0
recovery,95600352,17.203,5,96,481531244.0
recovery,95616491,16.139,5,96,481580536.0
recovery,95633142,16.651,5,96,481636288.0
recovery,95651582,18.44,5,96,481641648.0
recovery,95666560,14.978,5,96,481641652.0
recovery,95683149,16.589,5,96,481642900.0
recovery,95701557,18.408,5,96,481774656.0
recovery,95716542,14.985,5,96,481776916.0
recovery,95733150,16.608,5,96,481776916.0
recovery,95751588,18.438,5,96,481777132.0
recovery,95766473,14.885,5,96,481873776.0
recovery,95783134,16.661,5,96,481937076.0
recovery,95800028,16.894,4,96,481983816.0
recovery,95816469,16.441,4,96,482165570.0
recovery,95833147,16.678,4,96,482332492.0
recovery,95851543,18.396,4,96,482638200.0
recovery,95866561,15.018,4,96,482659418.0
recovery,95883131,16.57,4,96,482737660.0
recovery,95900308,17.177,4,96,482794188.0
recovery,95916472,16.164,4,96,482857404.0
recovery,95933150,16.678,4,96,482873464.0
recovery,95951744,18.594,4,96,482941756.0
recovery,95966461,14.717,4,96,483030480.0
recovery,95983128,16.667,4,96,483085660.0
recovery,96001714,18.586,4,96,483157136.0
recovery,96016465,14.751,4,96,483284796.0
recovery,96033143,16.678,4,96,483250164.0
recovery,96049797,16.654,4,96,483329408.0
recovery,96066457,16.66,4,96,483383800.0
recovery,96083127,16.67,4,96,483474508.0
recovery,96101843,18.716,4,96,483562236.0
recovery,96116456,14.613,4,96,483628256.0
recovery,96133139,16.683,3,96,483695684.0
recovery,96151707,18.568,3,96,483907500.0
recovery,96166461,14.754,3,96,484053716.0
recovery,96183127,16.666,3,96,484343580.0
recovery,96201592,18.465,3,96,484579488.0
recovery,96216464,14.872,3,96,484523540.0
recovery,96233128,16.664,3,96,484629340.0
recovery,96251588,18.46,4,96,484638312.0
recovery,96266552,14.964,4,96,484707932.0
recovery,96283118,16.566,4,96,484778520.0
recovery,96301585,18.467,4,96,484832676.0
recovery,96316453,14.868,4,96,484908664.0
recovery,96333117,16.664,4,96,484996568.0
recovery,96351588,18.471,4,96,485008748.0
recovery,96366453,14.865,4,96,485076024.0
recovery,96383115,16.662,4,96,485130932.0
recovery,96401561,18.446,4,96,485218392.0
recovery,96416451,14.89,4,96,485295086.0
recovery,96433123,16.672,4,96,485387764.0
recovery,96451584,18.461,3,96,485477000.0
recovery,96466454,14.87,3,96,485802404.0
recovery,96483149,16.695,4,96,486027960.0
recovery,96501533,18.384,4,96,486243744.0
recovery,96516444,14.911,4,96,486219876.0
recovery,96533107,16.663,4,96,486289664.0
recovery,96551638,18.531,4,96,486348718.0
recovery,96566460,14.822,4,96,486377476.0
recovery,96583099,16.639,4,96,486444228.0
recovery,96601576,18.477,4,96,486506480.0
recovery,96616597,15.021,4,96,486589314.0
recovery,96633116,16.519,4,96,486670596.0
recovery,96651587,18.471,4,96,486781124.0
recovery,96666444,14.857,4,96,486836368.0
recovery,96683105,16.661,4,96,486899448.0
recovery,96701569,18.464,4,96,486985572.0
recovery,96716445,14.876,4,96,486992688.0
recovery,96733100,16.655,4,96,487061240.0
recovery,96751571,18.471,4,96,487147144.0
recovery,96766441,14.87,4,96,487201756.0
recovery,96783102,16.661,4,96,487213940.0
recovery,96801565,18.463,4,96,487353996.0
recovery,96816433,14.868,4,96,487475400.0
recovery,96833109,16.676,4,96,487561728.0
recovery,96849768,16.659,4,96,487675724.0
recovery,96866434,16.666,4,96,487667456.0
recovery,96883098,16.664,4,96,487766156.0
recovery,96901522,18.424,4,96,487831220.0
recovery,96916445,14.923,4,96,487895008.0
recovery,96933088,16.643,4,96,487937624.0
recovery,96949758,16.67,4,96,488007434.0
recovery,96966428,16.67,4,96,488063932.0
recovery,96983103,16.675,4,96,488147936.0
recovery,97001424,18.321,4,96,488285792.0
recovery,97016427,15.003,4,96,488418244.0
recovery,97033085,16.658,4,96,488528240.0
recovery,97051621,18.536,4,96,488638056.0
recovery,97066427,14.806,4,96,488643484.0
recovery,97083081,16.654,4,96,488702340.0
recovery,97100410,17.329,4,96,488762760.0
recovery,97116421,16.011,4,96,488854412.0
recovery,97133079,16.658,4,96,488914842.0
recovery,97149751,16.672,4,96,488999044.0
recovery,97166414,16.663,4,96,489109884.0
recovery,97183075,16.661,4,96,489207474.0
recovery,97199759,16.684,4,96,489265224.0
recovery,97216431,16.672,4,96,489272952.0
recovery,97233082,16.651,4,96,489323224.0
recovery,97251746,18.664,4,96,489377376.0
recovery,97266409,14.663,4,96,489438642.0
recovery,97283076,16.667,4,96,489506020.0
recovery,97301634,18.558,4,96,489536684.0
recovery,97316421,14.787,4,96,489601952.0
recovery,97333075,16.654,4,96,489794044.0
recovery,97351557,18.482,4,96,489863280.0
recovery,97366429,14.872,4,96,489891824.0
recovery,97383522,17.093,4,96,489962128.0
recovery,97401574,18.052,4,96,490011064.0
recovery,97416406,14.832,4,96,490056776.0
recovery,97433069,16.663,4,96,490119800.0
recovery,97451556,18.487,4,96,490179540.0
recovery,97466415,14.859,4,96,490188240.0
recovery,97483092,16.677,4,96,490257880.0
recovery,97501587,18.495,4,96,490445984.0
recovery,97516438,14.851,4,96,490503296.0
recovery,97533072,16.634,4,96,490523468.0
recovery,97550126,17.054,4,96,490618508.0
recovery,97566404,16.278,4,96,490671816.0
recovery,97583069,16.665,4,96,490725796.0
recovery,97601090,18.021,4,96,490803536.0
recovery,97616412,15.322,4,96,490840960.0
recovery,97633067,16.655,4,96,490907444.0
recovery,97649833,16.766,4,96,490981456.0
recovery,97666410,16.577,4,96,491269762.0
recovery,97683061,16.651,4,96,491179496.0
recovery,97700811,17.75,4,96,491229404.0
recovery,97716395,15.584,4,96,491327152.0
recovery,97733055,16.66,4,96,491433232.0
recovery,97751629,18.574,4,96,491530048.0
recovery,97766406,14.777,4,96,491534168.0
recovery,97783060,16.654,4,96,491613118.0
recovery,97801531,18.471,4,96,491672282.0
recovery,97816401,14.87,4,96,491722816.0
recovery,97833059,16.658,1,96,491743588.0
recovery,97849827,16.768,3,96,492301114.0
recovery,97866392,16.565,4,96,492636810.0
recovery,97883059,16.667,4,96,492860856.0
recovery,97899725,16.666,4,96,493103562.0
recovery,97916393,16.668,4,96,493296118.0
recovery,97933095,16.702,4,96,493508474.0
recovery,97949719,16.624,4,96,493804182.0
recovery,97966393,16.674,4,96,493999578.0
recovery,97983066,16.673,4,96,494146814.0
recovery,98000061,16.995,4,96,494458202.0
recovery,98016398,16.337,4,96,494654714.0
recovery,98033048,16.65,4,96,494885918.0
recovery,98049713,16.665,4,96,495331922.0
recovery,98066413,16.7,4,96,495500558.0
recovery,98083057,16.644,4,96,495680070.0
recovery,98099856,16.799,4,96,496115626.0
recovery,98116402,16.546,4,96,495578862.0
recovery,98133045,16.643,4,96,495691210.0
recovery,98150932,17.887,4,96,495732654.0
recovery,98166394,15.462,4,96,495796086.0
recovery,98183055,16.661,4,96,495860750.0
recovery,98199702,16.647,4,96,495919602.0
recovery,98216472,16.77,4,96,495986106.0
recovery,98233039,16.567,4,96,496087610.0
recovery,98250487,17.448,4,96,496098050.0
recovery,98266392,15.905,4,96,496162098.0
recovery,98283039,16.647,4,96,496219382.0
recovery,98301494,18.455,4,96,496290158.0
recovery,98316377,14.883,4,96,496336334.0
recovery,98333038,16.661,4,96,496430590.0
recovery,98351520,18.482,4,96,496493418.0
recovery,98366380,14.86,4,96,496554442.0
recovery,98383034,16.654,4,96,496670702.0
recovery,98399702,16.668,4,96,496802366.0
recovery,98416386,16.684,4,96,496808530.0
recovery,98433032,16.646,4,96,496869970.0
recovery,98449702,16.67,4,96,496931250.0
recovery,98466363,16.661,4,96,496988754.0
recovery,98483488,17.125,4,96,497034090.0
recovery,98501466,17.978,4,96,497079362.0
recovery,98516373,14.907,4,96,497091046.0
recovery,98533034,16.661,4,96,497150658.0
recovery,98550025,16.991,4,96,497289018.0
recovery,98566366,16.341,4,96,497402590.0
recovery,98583045,16.679,4,96,497434838.0
recovery,98599688,16.643,4,96,497506726.0
recovery,98616365,16.677,4,96,497564706.0
recovery,98633019,16.654,4,96,497618794.0
recovery,98649890,16.871,4,96,497672286.0
recovery,98666369,16.479,4,96,497727198.0
recovery,98683027,16.658,4,96,497792334.0
recovery,98701434,18.407,4,96,497863626.0
recovery,98716359,14.925,4,96,497936324.0
recovery,98733013,16.654,4,96,497984738.0
recovery,98751340,18.327,4,96,498064758.0
recovery,98766385,15.045,4,96,498077062.0
recovery,98783014,16.629,4,96,498169878.0
recovery,98799787,16.773,4,96,498236162.0
recovery,98816371,16.584,4,96,498238762.0
recovery,98833013,16.642,4,96,498299738.0
recovery,98849675,16.662,4,96,498363580.0
recovery,98866356,16.681,4,96,498448138.0
recovery,98883014,16.658,4,96,498504794.0
recovery,98899680,16.666,4,96,498562882.0
recovery,98916356,16.676,4,96,498575062.0
recovery,98933121,16.765,4,96,498641022.0
recovery,98949780,16.659,4,96,498710586.0
recovery,98966344,16.564,4,96,498805426.0
recovery,98983022,16.678,4,96,498890146.0
recovery,99000961,17.939,4,96,498903330.0
recovery,99016356,15.395,4,96,498971458.0
recovery,99033009,16.653,4,96,499052202.0
recovery,99050012,17.003,4,96,499110818.0
recovery,99066361,16.349,4,96,499136654.0
recovery,99083007,16.646,4,96,499204154.0
recovery,99099891,16.884,4,96,499291922.0
recovery,99116343,16.452,4,96,499378850.0
recovery,99133006,16.663,4,96,499414318.0
recovery,99149674,16.668,4,96,499478738.0
recovery,99166341,16.667,4,96,499568890.0
recovery,99183001,16.66,3,96,499651126.0
recovery,99200056,17.055,3,96,499869610.0
recovery,99216350,16.294,3,96,500048454.0
recovery,99233000,16.65,3,96,500393546.0
recovery,99249785,16.785,3,96,500610014.0
recovery,99266337,16.552,3,96,500861466.0
recovery,99283001,16.664,4,96,501084342.0
recovery,99299675,16.674,4,96,501223226.0
recovery,99316382,16.707,4,96,501583870.0
recovery,99332995,16.613,4,96,501799110.0
recovery,99351440,18.445,4,96,502018190.0
recovery,99366404,14.964,4,96,502306134.0
recovery,99383003,16.599,4,96,502646488.0
recovery,99399795,16.792,4,96,502740410.0
recovery,99416323,16.528,4,96,503001582.0
recovery,99433009,16.686,4,96,503213082.0
recovery,99449660,16.651,4,96,502672882.0
recovery,99466337,16.677,4,96,502725198.0
recovery,99482994,16.657,4,96,502778540.0
recovery,99499656,16.662,4,96,502787990.0
recovery,99516315,16.659,4,96,502838070.0
recovery,99532988,16.673,4,96,502897906.0
recovery,99549812,16.824,4,96,502962114.0
recovery,99566318,16.506,4,96,503064250.0
recovery,99582978,16.66,4,96,503118830.0
recovery,99599696,16.718,4,96,503217290.0
recovery,99616321,16.625,4,96,503186538.0
recovery,99632990,16.669,4,96,503241554.0
recovery,99649646,16.656,4,96,503297586.0
recovery,99666318,16.672,4,96,503344856.0
recovery,99682982,16.664,4,96,503389834.0
recovery,99701647,18.665,4,96,503444420.0
recovery,99716320,14.673,4,96,503452966.0
recovery,99732982,16.662,4,96,503508378.0
recovery,99750012,17.03,4,96,503613246.0
recovery,99766312,16.3,4,96,503670528.0
recovery,99782981,16.669,4,96,503719122.0
recovery,99801657,18.676,4,96,503777552.0
recovery,99816308,14.651,4,96,503787190.0
recovery,99832975,16.667,4,96,503838770.0
recovery,99849636,16.661,4,96,503888600.0
recovery,99866353,16.717,4,96,503938718.0
recovery,99882971,16.618,4,96,503985490.0
recovery,99901478,18.507,4,96,504081280.0
recovery,99916309,14.831,4,96,504122582.0
recovery,99932978,16.669,4,96,504134762.0
recovery,99949638,16.66,4,96,504193214.0
recovery,99966309,16.671,4,96,504250542.0
recovery,99982970,16.661,4,96,504298922.0
recovery,99999638,16.668,4,96,504348958.0
recovery,100016305,16.667,4,96,504400506.0
recovery,100032966,16.661,4,96,504446214.0
recovery,100049635,16.669,4,96,504515992.0
recovery,100066317,16.682,4,96,504556838.0
recovery,100082960,16.643,4,96,504610550.0
recovery,100099627,16.667,4,96,504665094.0
recovery,100116293,16.666,4,96,504719374.0
recovery,100132958,16.665,4,96,504769202.0
recovery,100149956,16.998,4,96,504780906.0
recovery,100166289,16.333,4,96,504831474.0
recovery,100182959,16.67,4,96,504897454.0
recovery,100199633,16.674,4,96,504961242.0
recovery,100216293,16.66,4,96,505028150.0
recovery,100232960,16.667,4,96,505079286.0
recovery,100251633,18.673,4,96,505137886.0
recovery,100266296,14.663,4,96,505238536.0
recovery,100282963,16.667,4,96,505204714.0
recovery,100301659,18.696,4,96,505256682.0
recovery,100316291,14.632,4,96,505310418.0
recovery,100333136,16.845,4,96,505360740.0
recovery,100349618,16.482,4,96,505423174.0
recovery,100366289,16.671,4,96,505491996.0
recovery,100382964,16.675,4,96,505523918.0
recovery,100399617,16.653,4,96,505578186.0
recovery,100416289,16.672,4,96,505630826.0
recovery,100433291,17.002,4,96,505687970.0
recovery,100451624,18.333,0,96,505758424.0
recovery,100467169,15.545,1,96,506223836.0
recovery,100482963,15.794,2,96,506458028.0
recovery,100501595,18.632,2,96,506734376.0
recovery,100516279,14.684,2,96,507020052.0
recovery,100532945,16.666,2,96,507211672.0
recovery,100551514,18.569,2,96,507442672.0
recovery,100566271,14.757,4,96,507719704.0
recovery,100582958,16.687,4,96,507892212.0
recovery,100601590,18.632,4,96,508117300.0
recovery,100616274,14.684,4,96,508499440.0
recovery,100632945,16.671,4,96,508720648.0
recovery,100651514,18.569,4,96,509017780.0
recovery,100666276,14.762,4,96,509237852.0
recovery,100682947,16.671,4,96,508812368.0
recovery,100701519,18.572,4,96,508777836.0
recovery,100716269,14.75,4,96,508838080.0
recovery,100732940,16.671,4,96,508889386.0
recovery,100751491,18.551,4,96,508921352.0
recovery,100766267,14.776,4,96,508980586.0
recovery,100782937,16.67,4,96,508988480.0
recovery,100801511,18.574,4,96,509050636.0
recovery,100816266,14.755,4,96,509108050.0
recovery,100832936,16.67,4,96,509158884.0
recovery,100851510,18.574,4,96,509212120.0
recovery,100866278,14.768,4,96,509222560.0
recovery,100882938,16.66,4,96,509275588.0
recovery,100901509,18.571,4,96,509325440.0
recovery,100916442,14.933,4,96,509372060.0
recovery,100932929,16.487,4,96,509467760.0
recovery,100949597,16.668,4,96,509533116.0
recovery,100966271,16.674,4,96,509557960.0
recovery,100982936,16.665,4,96,509622000.0
recovery,100999597,16.661,4,96,509684068.0
recovery,101016260,16.663,4,96,509731076.0
recovery,101032923,16.663,4,96,509785668.0
recovery,101049607,16.684,4,96,509834406.0
recovery,101066259,16.652,4,96,509880594.0
recovery,101082936,16.677,4,96,509887740.0
recovery,101099592,16.656,4,96,509951948.0
recovery,101116256,16.664,4,96,510013028.0
recovery,101132916,16.66,4,96,510104776.0
recovery,101149599,16.683,4,96,510141636.0
recovery,101166269,16.67,4,96,510192380.0
recovery,101182919,16.65,4,96,510292666.0
recovery,101200990,18.071,4,96,510346256.0
recovery,101216253,15.263,4,96,510395360.0
recovery,101232914,16.661,4,96,510454554.0
recovery,101249597,16.683,4,96,510459676.0
recovery,101266278,16.681,4,96,510515620.0
recovery,101282920,16.642,4,96,510577444.0
recovery,101301606,18.686,4,96,510628300.0
recovery,101316251,14.645,4,96,510682488.0
recovery,101332915,16.664,4,96,510741612.0
recovery,101349691,16.776,4,96,510800972.0
recovery,101366250,16.559,4,96,510862952.0
recovery,101382918,16.668,4,96,510924326.0
recovery,101399577,16.659,4,96,510974760.0
recovery,101416239,16.662,4,96,511023304.0
recovery,101432911,16.672,4,96,511080072.0
recovery,101450007,17.096,4,96,511085884.0
recovery,101466250,16.243,4,96,511143932.0
recovery,101482905,16.655,4,96,511200044.0
recovery,101501492,18.587,4,96,511254976.0
recovery,101516255,14.763,4,96,511262260.0
recovery,101533373,17.118,4,96,511376884.0
recovery,101549629,16.256,4,96,511423516.0
recovery,101566246,16.617,4,96,511524336.0
recovery,101582904,16.658,4,96,511572340.0
recovery,101599577,16.673,4,96,511689240.0
recovery,101616251,16.674,4,96,511655564.0
recovery,101632904,16.653,4,96,511718346.0
recovery,101649574,16.67,4,96,511782726.0
recovery,101666240,16.666,4,96,511831408.0
recovery,101682904,16.664,4,96,511881768.0
recovery,101699575,16.671,4,96,511893948.0
recovery,101716232,16.657,4,96,511949696.0
recovery,101732899,16.667,4,96,512022916.0
recovery,101749575,16.676,1,96,512036400.0
recovery,101766763,17.188,2,96,512525056.0
recovery,101782889,16.126,3,96,512750884.0
recovery,101799563,16.674,3,96,512965012.0
recovery,101816439,16.876,3,96,513154874.0
recovery,101832912,16.473,3,96,513324672.0
recovery,101849572,16.66,4,96,513559636.0
recovery,101866229,16.657,4,96,513645056.0
recovery,101882924,16.695,4,96,513937076.0
recovery,101899557,16.633,4,96,514196796.0
recovery,101916227,16.67,4,96,514284628.0
recovery,101932896,16.669,4,96,514528336.0
recovery,101949612,16.716,4,96,514768628.0
recovery,101966218,16.606,4,96,514956328.0
recovery,101982895,16.677,4,96,515284528.0
recovery,102000456,17.561,4,96,515514336.0
recovery,102016223,15.767,4,96,515719984.0
recovery,102032888,16.665,4,96,515260054.0
recovery,102049972,17.084,4,96,515329568.0
recovery,102066216,16.244,3,96,515384612.0
recovery,102082949,16.733,4,96,515571280.0
recovery,102099567,16.618,4,96,515778268.0
recovery,102116217,16.65,4,96,516003372.0
recovery,102132879,16.662,4,96,516028024.0
recovery,102150245,17.366,4,96,516109304.0
recovery,102166214,15.969,4,96,516172604.0
recovery,102182888,16.674,4,96,516183064.0
recovery,102200153,17.265,4,96,516244360.0
recovery,102216210,16.057,4,96,516307810.0
recovery,102232880,16.67,4,96,516352940.0
recovery,102249544,16.664,4,96,516403052.0
recovery,102266214,16.67,4,96,516452492.0
recovery,102282880,16.666,4,96,516502752.0
recovery,102299555,16.675,4,96,516516332.0
recovery,102316223,16.668,4,96,516571824.0
recovery,102332877,16.654,4,96,516664860.0
recovery,102349541,16.664,4,96,516722332.0
recovery,102366456,16.915,4,96,516775188.0
recovery,102382886,16.43,4,96,516785624.0
recovery,102399554,16.668,4,96,516839196.0
recovery,102416203,16.649,4,96,516893508.0
recovery,102432885,16.682,4,96,516947910.0
recovery,102449538,16.653,4,96,517005480.0
recovery,102466216,16.678,4,96,517099028.0
recovery,102482886,16.67,4,96,517109464.0
recovery,102499536,16.65,4,96,517184580.0
recovery,102516204,16.668,4,96,517236124.0
recovery,102532863,16.659,4,96,517299512.0
recovery,102549538,16.675,4,96,517355008.0
recovery,102566209,16.671,4,96,517362560.0
recovery,102582859,16.65,4,96,517420460.0
recovery,102599786,16.927,4,96,517477838.0
recovery,102616201,16.415,4,96,517571226.0
recovery,102632862,16.661,4,96,517624604.0
recovery,102649552,16.69,4,96,517692792.0
recovery,102666354,16.802,4,96,517699628.0
recovery,102682866,16.512,4,96,517766326.0
recovery,102699524,16.658,4,96,517858804.0
recovery,102716193,16.669,4,96,517913934.0
recovery,102732866,16.673,4,96,517924560.0
recovery,102751539,18.673,4,96,517981084.0
recovery,102766192,14.653,4,96,518072792.0
recovery,102782858,16.666,4,96,518150650.0
recovery,102800169,17.311,4,96,518216988.0
recovery,102816198,16.029,4,96,518224564.0
recovery,102832858,16.66,4,96,518285044.0
recovery,102849543,16.685,4,96,518383188.0
recovery,102866190,16.647,4,96,518442084.0
recovery,102882861,16.671,4,96,518468256.0
recovery,102900202,17.341,4,96,518534076.0
recovery,102916513,16.311,4,96,518632732.0
recovery,102932854,16.341,4,96,518694420.0
recovery,102950133,17.279,4,96,518757854.0
recovery,102966191,16.058,4,96,518767772.0
recovery,102982855,16.664,4,96,518833696.0
recovery,102999554,16.699,4,96,518935670.0
recovery,103016180,16.626,4,96,518993552.0
recovery,103032849,16.669,4,96,519046080.0
recovery,103049841,16.992,4,96,519058260.0
recovery,103066182,16.341,4,96,519134738.0
recovery,103082841,16.659,4,96,519192844.0
recovery,103099550,16.709,4,96,519245816.0
recovery,103116177,16.627,4,96,519307274.0
recovery,103132848,16.671,4,96,519353388.0
recovery,103150266,17.418,4,96,519410192.0
recovery,103166180,15.914,4,96,519465200.0
recovery,103182931,16.751,4,96,519515108.0
recovery,103199847,16.916,4,96,519563560.0
recovery,103216174,16.327,4,96,519625974.0
recovery,103232848,16.674,4,96,519632836.0
recovery,103249541,16.693,4,96,519692582.0
recovery,103266175,16.634,4,96,519741188.0
recovery,103282837,16.662,4,96,519828810.0
recovery,103301498,18.661,4,96,519906428.0
recovery,103316181,14.683,4,96,519915128.0
recovery,103332838,16.657,4,96,519976848.0
recovery,103349504,16.666,4,96,520027348.0
recovery,103366164,16.66,4,96,520077148.0
recovery,103382835,16.671,1,96,520134888.0
recovery,103401500,18.665,3,96,520602284.0
recovery,103416170,14.67,4,96,520856412.0
recovery,103432834,16.664,4,96,521078636.0
recovery,103451505,18.671,4,96,521311788.0
recovery,103466162,14.657,4,96,521608776.0
recovery,103483489,17.327,4,96,521780868.0
recovery,103501507,18.018,4,96,522074244.0
recovery,103516163,14.656,4,96,522327460.0
recovery,103532830,16.667,4,96,522555188.0
recovery,103550184,17.354,4,96,522842382.0
recovery,103566167,15.983,4,96,522978084.0
recovery,103582826,16.659,4,96,523201440.0
recovery,103601148,18.322,4,96,523503120.0
recovery,103616160,15.012,4,96,523712436.0
recovery,103632823,16.663,4,96,523215828.0
recovery,103649716,16.893,4,96,523226268.0
recovery,103666162,16.446,4,96,523313404.0
recovery,103682826,16.664,4,96,523377100.0
recovery,103701307,18.481,4,96,523437962.0
recovery,103716153,14.846,4,96,523485164.0
recovery,103732827,16.674,4,96,523493296.0
recovery,103750259,17.432,4,96,523544960.0
recovery,103766146,15.887,4,96,523602404.0
recovery,103782809,16.663,4,96,523652620.0
recovery,103799489,16.68,4,96,523734566.0
recovery,103816148,16.659,4,96,523798384.0
recovery,103832820,16.672,4,96,523813748.0
recovery,103849487,16.667,4,96,523877352.0
recovery,103866149,16.662,4,96,523970508.0
recovery,103882819,16.67,4,96,524017376.0
recovery,103899754,16.935,4,96,524068136.0
recovery,103916147,16.393,4,96,524123260.0
recovery,103932822,16.675,4,96,524135440.0
recovery,103949480,16.658,4,96,524190288.0
recovery,103966144,16.664,4,96,524249340.0
recovery,103982813,16.669,4,96,524325480.0
recovery,104001373,18.56,4,96,524390720.0
recovery,104016138,14.765,4,96,524458184.0
recovery,104032842,16.704,4,96,524472104.0
recovery,104051364,18.522,4,96,524581080.0
recovery,104066144,14.78,4,96,524632040.0
recovery,104082807,16.663,4,96,524686528.0
recovery,104099472,16.665,4,96,524738004.0
recovery,104116160,16.688,4,96,524747248.0
recovery,104132803,16.643,4,96,524806868.0
recovery,104150356,17.553,4,96,524884404.0
recovery,104166137,15.781,4,96,524938308.0
recovery,104182877,16.74,4,96,524997044.0
recovery,104200729,17.852,4,96,525070828.0
recovery,104216140,15.411,4,96,525099728.0
recovery,104232795,16.655,4,96,525151260.0
recovery,104249494,16.699,4,96,525204310.0
recovery,104266136,16.642,4,96,525257440.0
recovery,104282807,16.671,4,96,525312368.0
recovery,104300499,17.692,4,96,525368704.0
recovery,104316140,15.641,4,96,525409588.0
recovery,104332799,16.659,4,96,525483040.0
recovery,104349457,16.658,4,96,525546992.0
recovery,104366127,16.67,4,96,525590020.0
recovery,104382797,16.67,4,96,525644834.0
recovery,104399944,17.147,4,96,525691860.0
recovery,104416154,16.21,4,96,525704036.0
recovery,104432793,16.639,4,96,525759888.0
recovery,104449455,16.662,4,96,525818932.0
recovery,104466128,16.673,4,96,525903132.0
recovery,104482799,16.671,4,96,525957224.0
recovery,104500167,17.368,4,96,525965964.0
recovery,104516122,15.955,4,96,526029564.0
recovery,104532791,16.669,4,96,526079604.0
recovery,104549454,16.663,4,96,526126284.0
recovery,104566119,16.665,4,96,526187896.0
recovery,104583111,16.992,4,96,526239844.0
recovery,104600024,16.913,4,96,526258304.0
recovery,104616119,16.095,4,96,526320164.0
recovery,104632788,16.669,4,96,526398240.0
recovery,104649746,16.958,4,96,526455180.0
recovery,104666123,16.377,4,96,526511612.0
recovery,104682782,16.659,3,96,526567288.0
recovery,104701270,18.488,3,96,526844756.0
recovery,104716141,14.871,3,96,527008804.0
recovery,104732778,16.637,3,96,527230890.0
recovery,104751265,18.487,3,96,527493424.0
recovery,104766110,14.845,4,96,527723024.0
recovery,104782776,16.666,4,96,527939022.0
recovery,104799447,16.671,4,96,528250364.0
recovery,104816118,16.671,4,96,528380988.0
recovery,104832779,16.661,4,96,528671876.0
recovery,104851313,18.534,4,96,528895282.0
recovery,104866123,14.81,4,96,529119052.0
recovery,104882776,16.653,4,96,529476484.0
recovery,104899705,16.929,4,96,529700520.0
recovery,104916117,16.412,4,96,529245862.0
recovery,104932768,16.651,4,96,529296440.0
recovery,104949480,16.712,4,96,529305896.0
recovery,104966112,16.632,4,96,529369456.0
recovery,104982769,16.657,4,96,529423134.0
recovery,104999573,16.804,4,96,529475476.0
recovery,105016101,16.528,4,96,529531942.0
recovery,105032768,16.667,4,96,529577000.0
recovery,105049430,16.662,4,96,529627196.0
recovery,105066106,16.676,4,96,529639376.0
recovery,105082766,16.66,4,96,529693700.0
recovery,105099610,16.844,4,96,529749882.0
recovery,105116095,16.485,4,96,529792064.0
recovery,105132787,16.692,4,96,529859616.0
recovery,105150187,17.4,4,96,529931264.0
recovery,105166105,15.918,4,96,529940192.0
recovery,105182768,16.663,4,96,529993752.0
recovery,105199478,16.71,4,96,530050794.0
recovery,105216091,16.613,4,96,530097604.0
recovery,105232761,16.67,4,96,530163464.0
recovery,105249511,16.75,4,96,530219094.0
recovery,105266096,16.585,4,96,530268040.0
recovery,105282768,16.672,4,96,530320118.0
recovery,105299435,16.667,4,96,530327280.0
recovery,105316089,16.654,4,96,530418976.0
recovery,105332751,16.662,4,96,530467420.0
recovery,105349719,16.968,4,96,530518792.0
recovery,105366082,16.363,4,96,530576650.0
recovery,105382754,16.672,4,96,530731214.0
recovery,105401459,18.705,4,96,530740048.0
recovery,105417432,15.973,4,96,530792028.0
recovery,105432754,15.322,4,96,530876580.0
