phase,time_us,frame_ms,queued,sdf_pages,engine_static_bytes
startup,4039495,135.658,0,0,66383603.0
startup,4041709,2.214,0,0,66382695.0
startup,4055449,13.74,0,0,66359045.0
startup,4072114,16.665,0,0,66356023.0
startup,4088779,16.665,0,0,66358093.0
startup,4105447,16.668,0,0,66360067.0
startup,4122109,16.662,0,0,66363787.0
startup,4138775,16.666,0,0,66361713.0
startup,4155440,16.665,0,0,66357855.0
startup,4172158,16.718,0,0,66361041.0
startup,4188774,16.616,0,0,66361473.0
startup,4205439,16.665,0,0,66361877.0
startup,4222106,16.667,0,0,66363253.0
startup,4238813,16.707,0,0,66363643.0
startup,4255437,16.624,0,0,66344043.0
startup,4272104,16.667,0,0,66390943.0
startup,4288776,16.672,0,0,66546023.0
startup,4305435,16.659,0,0,66546259.0
startup,4322107,16.672,0,0,66543291.0
startup,4338772,16.665,0,0,66547251.0
startup,4355433,16.661,0,0,66549503.0
startup,4372099,16.666,0,0,66546939.0
startup,4388763,16.664,0,0,66545339.0
startup,4405436,16.673,0,0,66548867.0
startup,4422099,16.663,0,0,66547031.0
startup,4438763,16.664,0,0,66549735.0
startup,4455430,16.667,0,0,66546907.0
startup,4472096,16.666,0,0,66560891.0
startup,4488764,16.668,0,0,66561935.0
startup,4505430,16.666,0,0,66560355.0
startup,4522099,16.669,0,0,66560759.0
startup,4538760,16.661,0,0,66562987.0
startup,4555429,16.669,0,0,66564691.0
startup,4572091,16.662,0,0,66560167.0
startup,4588762,16.671,0,0,66564807.0
startup,4605426,16.664,0,0,66564823.0
startup,4622094,16.668,0,0,66566203.0
startup,4638757,16.663,0,0,66565651.0
startup,4655423,16.666,0,0,66567651.0
startup,4672090,16.667,0,0,66561783.0
startup,4688763,16.673,0,0,66564871.0
startup,4705421,16.658,0,0,66569367.0
startup,4722084,16.663,0,0,66567195.0
startup,4738753,16.669,0,0,66569993.0
startup,4755419,16.666,0,0,66516263.0
startup,4772094,16.675,0,0,66543373.0
startup,4788751,16.657,0,0,66543371.0
startup,4805418,16.667,0,0,66545009.0
startup,4822080,16.662,0,0,66544585.0
startup,4838750,16.67,0,0,66543081.0
startup,4855425,16.675,0,0,66544863.0
startup,4872081,16.656,0,0,66546621.0
startup,4888745,16.664,0,0,66568443.0
startup,4905416,16.671,0,0,66570099.0
startup,4922082,16.666,0,0,66564687.0
startup,4938745,16.663,0,0,66567781.0
startup,4955415,16.67,0,0,66567027.0
startup,4972076,16.661,0,0,66570575.0
startup,4988740,16.664,0,0,66571343.0
startup,5005409,16.669,0,0,66569403.0
startup,5022075,16.666,0,0,66571663.0
startup,5038743,16.668,0,0,66573793.0
startup,5055404,16.661,0,0,66574271.0
startup,5072077,16.673,0,0,66574703.0
startup,5088738,16.661,0,0,66575623.0
startup,5105402,16.664,0,0,66577163.0
startup,5122075,16.673,0,0,66578031.0
startup,5138734,16.659,0,0,66524511.0
startup,5155401,16.667,0,0,66565377.0
startup,5172073,16.672,0,0,66569911.0
startup,5188734,16.661,0,0,66566951.0
startup,5205400,16.666,0,0,66569015.0
startup,5222065,16.665,0,0,66568487.0
startup,5238732,16.667,0,0,66566355.0
startup,5255402,16.67,0,0,66566915.0
startup,5272064,16.662,0,0,66568245.0
startup,5288731,16.667,0,0,66568649.0
startup,5305399,16.668,0,0,66570911.0
startup,5322080,16.681,0,0,66571359.0
startup,5338737,16.657,0,0,66572855.0
startup,5357002,18.265,0,0,66513599.0
startup,5422744,65.742,4,0,66587855.0
startup,5424780,2.036,5,0,66590655.0
startup,5439391,14.611,4,0,66788019.0
startup,5457249,17.858,3,0,67641567.0
startup,5472731,15.482,3,0,67586553.0
startup,5489380,16.649,0,0,68093183.0
startup,5508213,18.833,4,0,69635099.0
startup,5522723,14.51,4,0,69955991.0
startup,5539392,16.669,3,0,70375407.0
startup,5556226,16.834,0,0,70612283.0
startup,5572711,16.485,3,0,71136333.0
startup,5589374,16.663,2,0,71465897.0
startup,5606044,16.67,1,0,71886029.0
startup,5622717,16.673,0,0,72428053.0
startup,5639381,16.664,3,0,72920429.0
startup,5656704,17.323,2,0,73093113.0
startup,5672711,16.007,1,0,73433645.0
startup,5689373,16.662,1,0,73842613.0
startup,5706052,16.679,5,0,74072353.0
startup,5722700,16.648,5,0,74125105.0
startup,5739373,16.673,5,0,74179973.0
startup,5756041,16.668,5,0,74273553.0
startup,5772706,16.665,5,0,74246177.0
startup,5789373,16.667,5,0,74295357.0
startup,5806033,16.66,5,0,74353485.0
startup,5822699,16.666,5,0,74415005.0
startup,5839363,16.664,5,0,74467761.0
startup,5856028,16.665,5,0,74513389.0
startup,5872697,16.669,5,0,74564009.0
startup,5889362,16.665,5,0,74618909.0
startup,5906027,16.665,5,0,74663673.0
startup,5922695,16.668,5,0,74714765.0
startup,5939362,16.667,5,0,74767233.0
startup,5956024,16.662,5,0,74823133.0
startup,5972687,16.663,5,0,74865341.0
startup,5989360,16.673,5,0,74916681.0
startup,6006022,16.662,5,0,74969357.0
startup,6022690,16.668,5,0,75031703.0
startup,6039354,16.664,5,0,75087427.0
startup,6056023,16.669,5,0,75142771.0
startup,6072687,16.664,5,0,75196555.0
startup,6089352,16.665,5,0,75243909.0
startup,6106020,16.668,5,0,75298833.0
startup,6122686,16.666,5,0,75351269.0
startup,6139348,16.662,5,0,75410097.0
startup,6156016,16.668,5,0,75465601.0
startup,6172691,16.675,5,0,75513801.0
startup,6189349,16.658,5,0,75567813.0
startup,6206015,16.666,5,0,75619633.0
startup,6222682,16.667,5,0,75670733.0
startup,6239347,16.665,5,0,75729453.0
startup,6256013,16.666,5,0,75780285.0
startup,6272690,16.677,5,0,75834673.0
startup,6289344,16.654,5,0,75884997.0
startup,6306015,16.671,5,0,75935905.0
startup,6322677,16.662,5,0,75988341.0
startup,6339351,16.674,5,0,76039729.0
startup,6356007,16.656,5,0,76096205.0
startup,6372678,16.671,5,0,76151417.0
startup,6389337,16.659,5,0,76207005.0
startup,6406005,16.668,5,0,76261385.0
startup,6422676,16.671,5,0,76310477.0
startup,6439339,16.663,5,0,76359089.0
startup,6456015,16.676,5,0,76409893.0
startup,6472671,16.656,5,0,76460913.0
startup,6489339,16.668,5,0,76512117.0
startup,6506006,16.667,5,0,76587241.0
startup,6522670,16.664,5,0,76637405.0
startup,6539346,16.676,5,0,76687489.0
startup,6556003,16.657,5,0,76737733.0
startup,6572681,16.678,5,0,76789233.0
startup,6589337,16.656,5,0,76911049.0
startup,6606000,16.663,5,0,76931799.0
startup,6622667,16.667,5,0,77031881.0
startup,6639340,16.673,5,0,77123749.0
startup,6656006,16.666,5,0,77126565.0
startup,6672667,16.661,5,0,77181721.0
startup,6689336,16.669,5,0,77237229.0
startup,6706001,16.665,5,0,77287129.0
startup,6722660,16.659,5,0,77338653.0
startup,6739331,16.671,5,0,77387401.0
startup,6755995,16.664,3,0,77443201.0
startup,6772734,16.739,5,0,77736157.0
startup,6789333,16.599,5,0,77909609.0
startup,6806003,16.67,5,0,78140621.0
startup,6822666,16.663,5,0,78314881.0
startup,6839334,16.668,5,0,78561749.0
startup,6855998,16.664,5,0,78730293.0
startup,6872655,16.657,5,0,79093281.0
startup,6889320,16.665,5,0,79403723.0
startup,6905989,16.669,5,0,79597577.0
startup,6922653,16.664,5,0,79884921.0
startup,6939321,16.668,5,0,80104173.0
startup,6955986,16.665,5,0,80320489.0
startup,6972660,16.674,5,0,79991545.0
startup,6989315,16.655,5,0,80038081.0
startup,7005990,16.675,5,0,80072645.0
startup,7022658,16.668,5,0,80073049.0
startup,7039316,16.658,5,0,80138253.0
startup,7055990,16.674,5,0,80133869.0
startup,7072658,16.668,5,0,80134273.0
startup,7089319,16.661,5,0,80299977.0
startup,7105986,16.667,5,0,80326353.0
startup,7122650,16.664,5,0,80387921.0
startup,7139313,16.663,5,0,80449869.0
startup,7155977,16.664,5,0,80507257.0
startup,7172647,16.67,5,0,80564084.0
startup,7189310,16.663,5,0,80617833.0
startup,7205978,16.668,5,0,80673929.0
startup,7222644,16.666,5,0,80735463.0
startup,7239309,16.665,5,0,80834353.0
startup,7255986,16.677,5,0,80798249.0
startup,7272640,16.654,5,0,80868745.0
startup,7289312,16.672,5,0,80955333.0
startup,7305972,16.66,5,0,81037629.0
startup,7322639,16.667,5,0,81099309.0
startup,7339301,16.662,5,0,81161253.0
startup,7355971,16.67,5,0,81223929.0
startup,7372638,16.667,5,0,81233757.0
startup,7389305,16.667,5,0,81293601.0
startup,7405973,16.668,5,0,81352589.0
startup,7422641,16.668,5,0,81408261.0
startup,7439301,16.66,5,0,81483489.0
startup,7455963,16.662,5,0,81544969.0
startup,7472632,16.669,5,0,81621329.0
startup,7489301,16.669,5,0,81686117.0
startup,7505975,16.674,5,0,81764209.0
startup,7522631,16.656,5,0,81850061.0
startup,7539296,16.665,5,0,81903849.0
startup,7555963,16.667,5,0,81978581.0
startup,7572647,16.684,5,0,82024633.0
startup,7589303,16.656,5,0,82114533.0
startup,7605994,16.691,5,0,82201905.0
startup,7622627,16.633,5,0,82280273.0
startup,7639302,16.675,5,0,82291117.0
startup,7655969,16.667,5,0,82358129.0
startup,7672628,16.659,5,0,82423185.0
startup,7689724,17.096,5,0,82491359.0
startup,7705964,16.24,5,0,82547209.0
startup,7722632,16.668,5,0,82613709.0
startup,7739289,16.657,5,0,82672801.0
startup,7755966,16.677,5,0,82685385.0
startup,7772638,16.672,5,0,82753597.0
startup,7789297,16.659,5,0,82819593.0
startup,7805950,16.653,5,0,82905205.0
startup,7822629,16.679,5,0,82986153.0
startup,7841761,19.132,5,0,83071741.0
startup,7856253,14.492,5,0,83082547.0
startup,7926727,70.474,5,0,83397205.0
startup,7929699,2.972,5,0,83398689.0
startup,7942713,13.014,5,0,83401557.0
startup,7959376,16.663,5,0,83484821.0
startup,7976040,16.664,5,0,83562737.0
startup,8006890,30.85,5,0,83639061.0
startup,8015465,8.575,5,0,83642761.0
startup,8026049,10.584,5,0,83643165.0
startup,8042710,16.661,5,0,83711249.0
startup,8059414,16.704,5,0,83710149.0
startup,8076047,16.633,5,0,83772065.0
startup,8092704,16.657,5,0,83833221.0
startup,8109386,16.682,5,0,83842325.0
startup,8126034,16.648,5,0,83896625.0
startup,8142701,16.667,5,0,83944469.0
startup,8159439,16.738,5,0,83953761.0
startup,8176048,16.609,5,0,84007097.0
startup,8192715,16.667,5,0,84013985.0
startup,8209510,16.795,5,0,84075801.0
startup,8226035,16.525,5,0,84133757.0
startup,8242704,16.669,5,0,84149525.0
startup,8259370,16.666,5,0,84215603.0
startup,8276039,16.669,5,0,84219365.0
startup,8292717,16.678,5,0,84299309.0
startup,8309465,16.748,5,0,84304933.0
startup,8326027,16.562,4,0,84388677.0
startup,8342694,16.667,4,0,84622249.0
startup,8359372,16.678,4,0,84774697.0
startup,8376027,16.655,4,0,84876677.0
startup,8392835,16.808,4,0,85107305.0
startup,8409391,16.556,4,0,85279519.0
startup,8426040,16.649,4,0,85320177.0
startup,8443081,17.041,4,0,85608869.0
startup,8459478,16.397,4,0,85772593.0
startup,8476032,16.554,4,0,85796973.0
startup,8493863,17.831,4,0,86007833.0
startup,8509361,15.498,4,0,86221025.0
startup,8526025,16.664,4,0,86332233.0
startup,8542697,16.672,4,0,86524197.0
startup,8559359,16.662,4,0,86686857.0
startup,8576019,16.66,4,0,86792157.0
startup,8592687,16.668,4,0,87088689.0
startup,8609359,16.672,4,0,87270685.0
startup,8626012,16.653,4,0,87427577.0
startup,8642676,16.664,4,0,87716429.0
startup,8659358,16.682,4,0,87877397.0
startup,8676013,16.655,4,0,87370981.0
startup,8692679,16.666,4,0,87813078.0
startup,8709351,16.672,4,0,87862682.0
startup,8726010,16.659,4,0,87915034.0
startup,8742676,16.666,4,0,88002474.0
startup,8759354,16.678,4,0,87974194.0
startup,8776006,16.652,4,0,88033734.0
startup,8792671,16.665,4,0,88122470.0
startup,8809348,16.677,4,0,88193430.0
startup,8826017,16.669,4,0,88243122.0
startup,8842673,16.656,4,0,88346270.0
startup,8859341,16.668,4,0,88409824.0
startup,8876004,16.663,4,0,88490046.0
startup,8892670,16.666,4,0,88571416.0
startup,8909337,16.667,4,0,88619406.0
startup,8926015,16.678,4,0,88631482.0
startup,8942683,16.668,4,0,88682478.0
startup,8959338,16.655,4,0,88733658.0
startup,8976001,16.663,4,0,88784486.0
startup,8992671,16.67,4,0,88882826.0
startup,9009333,16.662,4,0,89004138.0
startup,9026004,16.671,4,0,88966098.0
startup,9042662,16.658,4,0,89013354.0
startup,9059326,16.664,4,0,89082182.0
startup,9075998,16.672,4,0,89142774.0
startup,9092661,16.663,4,0,89155358.0
startup,9109332,16.671,4,0,89208410.0
startup,9126001,16.669,4,0,89260086.0
startup,9142659,16.658,4,0,89307586.0
startup,9159332,16.673,4,0,89395118.0
startup,9176009,16.677,4,0,89447670.0
startup,9192662,16.653,4,0,89498082.0
startup,9209325,16.663,4,0,89551818.0
startup,9225989,16.664,4,0,89648270.0
startup,9242657,16.668,4,0,89701898.0
startup,9259322,16.665,4,0,89753790.0
startup,9275991,16.669,4,0,89804258.0
startup,9292662,16.671,4,0,89872722.0
startup,9309329,16.667,4,0,89866866.0
startup,9325986,16.657,4,0,89915762.0
startup,9342737,16.751,4,0,89978026.0
startup,9359456,16.719,4,0,90062766.0
startup,9375987,16.531,4,0,90152826.0
startup,9393077,17.09,4,0,90275338.0
startup,9409320,16.243,4,0,90230878.0
startup,9425986,16.666,4,0,90311018.0
startup,9442647,16.661,4,0,90359630.0
startup,9459314,16.667,4,0,90409710.0
startup,9475982,16.668,4,0,90461778.0
startup,9492645,16.663,4,0,90504646.0
startup,9509320,16.675,4,0,90514462.0
startup,9525982,16.662,4,0,90564706.0
startup,9542664,16.682,4,0,90621098.0
startup,9559311,16.647,4,0,90668474.0
startup,9575977,16.666,4,0,90746062.0
startup,9592652,16.675,4,0,90753122.0
startup,9609310,16.658,4,0,90804814.0
startup,9625979,16.669,4,0,90853210.0
startup,9642649,16.67,4,0,90856074.0
startup,9659307,16.658,4,0,90909930.0
startup,9675972,16.665,4,0,90952082.0
startup,9692648,16.676,4,0,90962926.0
startup,9709308,16.66,4,0,91012030.0
startup,9726139,16.831,4,0,91053978.0
startup,9742646,16.507,4,0,91062054.0
startup,9759304,16.658,3,0,91111274.0
startup,9775989,16.685,3,0,91330757.0
startup,9792634,16.645,4,0,91603442.0
startup,9809314,16.68,4,0,91766222.0
startup,9825991,16.677,4,0,91983778.0
startup,9842642,16.651,4,0,92202138.0
startup,9859309,16.667,4,0,92330330.0
startup,9875972,16.663,4,0,92503238.0
startup,9892644,16.672,4,0,92790078.0
startup,9909301,16.657,4,0,92907234.0
startup,9925978,16.677,4,0,93079894.0
startup,9942627,16.649,4,0,93298710.0
startup,9959302,16.675,4,0,93389082.0
startup,9975972,16.67,4,0,93663890.0
startup,9992626,16.654,4,0,93871650.0
startup,10009296,16.67,4,0,93959034.0
startup,10025964,16.668,4,0,94224172.0
startup,10042627,16.663,4,0,94470054.0
startup,10059290,16.663,4,0,94519198.0
startup,10075959,16.669,4,0,94020930.0
startup,10092742,16.783,4,0,94042078.0
startup,10109297,16.555,4,0,94130330.0
startup,10125958,16.661,4,0,94285758.0
startup,10142626,16.668,4,0,94210802.0
startup,10159287,16.661,4,0,94293138.0
startup,10175951,16.664,4,0,94344882.0
startup,10192624,16.673,4,0,94392582.0
startup,10209287,16.663,4,0,94436497.0
startup,10225976,16.689,4,0,94447306.0
startup,10242619,16.643,4,0,94527154.0
startup,10259290,16.671,4,0,94629914.0
startup,10275954,16.664,4,0,94594366.0
startup,10292618,16.664,4,0,94656482.0
startup,10309297,16.679,4,0,94698506.0
startup,10325941,16.644,4,0,94757294.0
startup,10342613,16.672,4,0,94816722.0
startup,10359296,16.683,4,0,94823074.0
startup,10375997,16.701,4,0,94872402.0
startup,10392608,16.611,4,0,94916002.0
startup,10409280,16.672,4,0,94964238.0
startup,10425952,16.672,4,0,94979346.0
startup,10442608,16.656,4,0,95036518.0
startup,10459277,16.669,4,0,95117254.0
startup,10475948,16.671,4,0,95128102.0
startup,10492605,16.657,4,0,95188950.0
startup,10509280,16.675,4,0,95269453.0
startup,10525951,16.671,4,0,95272254.0
startup,10542604,16.653,4,0,95360218.0
startup,10559275,16.671,4,0,95398918.0
startup,10575939,16.664,4,0,95446966.0
startup,10592605,16.666,4,0,95459554.0
startup,10609280,16.675,4,0,95503912.0
startup,10625939,16.659,4,0,95516784.0
startup,10642596,16.657,4,0,95561438.0
startup,10659315,16.719,4,0,95632038.0
startup,10675934,16.619,4,0,95663214.0
startup,10692600,16.666,4,0,95727032.0
startup,10709276,16.676,4,0,95734218.0
startup,10725935,16.659,4,0,95788466.0
startup,10742613,16.678,4,0,95801054.0
startup,10759271,16.658,4,0,95867462.0
startup,10776974,17.703,4,0,95876570.0
startup,10792596,15.622,4,0,95926660.0
startup,10809270,16.674,4,0,95966570.0
startup,10826810,17.54,4,0,95976574.0
startup,10842596,15.786,4,0,96019398.0
startup,10859270,16.674,4,0,96123710.0
startup,10876679,17.409,4,0,96106878.0
startup,10892597,15.918,4,0,96217982.0
startup,10909259,16.662,4,0,96300333.0
startup,10925950,16.691,4,0,96312618.0
startup,10942589,16.639,4,0,96369590.0
startup,10959255,16.666,4,0,96421314.0
startup,10975929,16.674,4,0,96430422.0
startup,10992588,16.659,4,0,96481570.0
startup,11009266,16.678,4,0,96538424.0
startup,11025921,16.655,4,0,96590458.0
startup,11042590,16.669,4,0,96598462.0
startup,11059249,16.659,4,0,96701326.0
startup,11075911,16.662,4,0,96810102.0
startup,11092581,16.67,4,0,96911848.0
startup,11109259,16.678,4,0,96917354.0
startup,11125915,16.656,4,0,97003982.0
startup,11142581,16.666,4,0,97089408.0
startup,11159249,16.668,4,0,97149078.0
startup,11175920,16.671,4,0,97170754.0
startup,11192575,16.655,4,0,97268998.0
startup,11209259,16.684,4,0,97355110.0
startup,11225911,16.652,4,0,97430562.0
startup,11242576,16.665,4,0,97501286.0
startup,11259244,16.668,4,0,97589492.0
startup,11275908,16.664,4,0,97643034.0
startup,11292577,16.669,4,0,97650970.0
startup,11309241,16.664,2,0,97705906.0
startup,11325918,16.677,3,0,98248162.0
startup,11342574,16.656,3,0,98464904.0
startup,11359237,16.663,4,0,98831112.0
startup,11375899,16.662,0,0,99064020.0
startup,11392569,16.67,5,0,99691518.0
startup,11409232,16.663,4,0,99920114.0
startup,11425910,16.678,4,0,100407342.0
startup,11442569,16.659,3,0,100720670.0
startup,11459239,16.67,3,0,101084138.0
startup,11475932,16.693,0,0,101305126.0
startup,11492562,16.63,4,0,101729142.0
startup,11509236,16.674,5,0,102070862.0
startup,11525896,16.66,3,0,102371338.0
startup,11542561,16.665,2,0,102666790.0
startup,11559241,16.68,1,0,102833666.0
startup,11575892,16.651,1,0,103372760.0
startup,11592571,16.679,3,0,103309947.0
startup,11609247,16.676,4,0,103871015.0
startup,11625898,16.651,3,0,104121575.0
startup,11642564,16.666,1,0,104361411.0
startup,11661090,18.526,2,0,104678103.0
startup,11677425,16.335,2,0,105137857.0
startup,11692555,15.13,4,0,105356381.0
startup,11710966,18.411,1,0,105614577.0
startup,11726563,15.597,5,0,106040505.0
startup,11742559,15.996,2,0,106389505.0
startup,11760875,18.316,5,0,106862085.0
startup,11775895,15.02,4,0,107176169.0
startup,11792562,16.667,2,0,107412305.0
startup,11810693,18.131,2,0,107794149.0
startup,11825887,15.194,4,0,108045317.0
startup,11842572,16.685,1,0,108171121.0
startup,11862992,20.42,4,0,108765945.0
startup,11875901,12.909,4,0,109010013.0
startup,11892556,16.655,4,0,109421873.0
startup,11910444,17.888,3,0,109600101.0
startup,11925896,15.452,3,0,109825109.0
startup,11942554,16.658,0,0,110069047.0
startup,11963542,20.988,3,0,110444191.0
startup,11975888,12.346,3,0,110650343.0
startup,11992553,16.665,3,0,110901295.0
startup,12009333,16.78,0,0,111241587.0
startup,12027306,17.973,4,0,111584741.0
startup,12042538,15.232,4,0,111941287.0
startup,12059217,16.679,3,0,112174909.0
startup,12075881,16.664,0,0,112461289.0
startup,12092533,16.652,3,0,112939883.0
startup,12109336,16.803,3,0,113217395.0
startup,12125878,16.542,1,0,113573803.0
startup,12142558,16.68,0,0,113902619.0
startup,12159205,16.647,3,0,114210503.0
startup,12175887,16.682,3,0,114535071.0
startup,12192541,16.654,3,0,114761327.0
startup,12209204,16.663,0,0,115071787.0
startup,12226819,17.615,4,0,115593815.0
startup,12242538,15.719,5,0,116073103.0
startup,12259204,16.666,4,0,116489695.0
startup,12275871,16.667,3,0,116738179.0
startup,12292541,16.67,3,0,117263203.0
startup,12309203,16.662,3,0,117682135.0
startup,12325871,16.668,3,0,118111631.0
startup,12342529,16.658,3,0,118450249.0
startup,12359199,16.67,4,0,118821021.0
startup,12375875,16.676,4,0,119252377.0
startup,12392533,16.658,2,0,119576209.0
startup,12409192,16.659,1,0,119941489.0
startup,12426554,17.362,3,0,120315009.0
startup,12442524,15.97,4,0,120816487.0
startup,12459203,16.679,3,0,121112695.0
startup,12475861,16.658,2,0,121509467.0
startup,12492526,16.665,1,0,122026287.0
startup,12509187,16.661,2,0,122581483.0
startup,12525858,16.671,5,0,123111683.0
startup,12542528,16.67,3,0,123359095.0
startup,12559180,16.652,4,0,123835851.0
startup,12575957,16.777,3,0,124358821.0
startup,12592528,16.571,4,0,124794263.0
startup,12609196,16.668,2,0,125210691.0
startup,12626157,16.961,3,0,125421859.0
startup,12643042,16.885,3,0,125977167.0
startup,12659195,16.153,4,0,126428795.0
startup,12675857,16.662,3,0,126755443.0
startup,12692527,16.67,1,0,127061351.0
startup,12711280,18.753,2,0,127411849.0
startup,12725863,14.583,5,0,127924177.0
startup,12742535,16.672,4,0,128169705.0
startup,12759191,16.656,4,0,128621345.0
startup,12775881,16.69,2,0,129021865.0
startup,12798956,23.075,4,0,129648381.0
startup,12809186,10.23,4,0,129716965.0
startup,12825858,16.672,4,0,130097697.0
startup,12844956,19.098,4,0,130424497.0
startup,12859183,14.227,4,0,130795477.0
startup,12875847,16.664,2,0,131407029.0
startup,12898348,22.501,4,0,131528641.0
startup,12909177,10.829,4,0,131963841.0
startup,12925862,16.685,3,0,132141553.0
startup,12945775,19.913,3,0,132674003.0
startup,12959175,13.4,4,0,133110135.0
startup,12975849,16.674,2,0,133324791.0
startup,12998810,22.961,3,0,133856739.0
startup,13022136,23.326,3,0,134694261.0
startup,13030837,8.701,4,0,134889197.0
startup,13043050,12.213,3,0,135222609.0
startup,13059171,16.121,3,0,135747889.0
startup,13075848,16.677,1,0,135872909.0
startup,13097866,22.018,1,0,136366061.0
startup,13109173,11.307,5,0,136747465.0
startup,13125836,16.663,3,0,137035205.0
startup,13146158,20.322,4,0,137473485.0
startup,13159160,13.002,4,0,137962441.0
startup,13175922,16.762,4,0,138195397.0
startup,13192607,16.685,4,0,138673721.0
startup,13209178,16.571,4,0,138886449.0
startup,13234641,25.463,3,0,139806949.0
startup,13257345,22.704,4,0,139809277.0
startup,13265624,8.279,4,0,140225933.0
startup,13275826,10.202,3,0,140472409.0
startup,13292496,16.67,3,0,140947305.0
startup,13309174,16.678,4,0,141109609.0
startup,13334930,25.756,3,0,141718235.0
startup,13359781,24.851,5,0,142157309.0
startup,13368906,9.125,5,0,142392757.0
startup,13377957,9.051,5,0,142709501.0
startup,13393117,15.16,5,0,142897145.0
startup,13409774,16.657,5,0,143234241.0
startup,13426543,16.769,5,0,143495693.0
startup,13443116,16.573,5,0,143788733.0
startup,13459777,16.661,5,0,144009349.0
startup,13476444,16.667,5,0,144341675.0
startup,13493117,16.673,5,0,144579313.0
startup,13509772,16.655,5,0,144780357.0
startup,13526437,16.665,5,0,145032025.0
startup,13543108,16.671,5,0,145296213.0
startup,13559767,16.659,5,0,145498953.0
startup,13576439,16.672,5,0,145720433.0
startup,13593119,16.68,5,0,145944929.0
startup,13609769,16.65,5,0,146190177.0
startup,13626443,16.674,5,0,146428244.0
startup,13643109,16.666,5,0,146663149.0
startup,13659771,16.662,4,0,146955213.0
startup,13676433,16.662,4,0,147259065.0
startup,13694435,18.002,4,0,147481203.0
startup,13709766,15.331,4,0,147701699.0
startup,13726439,16.673,4,0,147932637.0
startup,13743092,16.653,4,0,148278569.0
startup,13759763,16.671,3,0,148509529.0
startup,13776429,16.666,3,0,148797225.0
startup,13793109,16.68,4,0,149016109.0
startup,13809760,16.651,4,0,149356949.0
startup,13826431,16.671,4,0,149689781.0
startup,13843088,16.657,4,0,149945289.0
startup,13859763,16.675,4,0,150127761.0
startup,13876428,16.665,4,0,150465861.0
startup,13893095,16.667,4,0,150722895.0
startup,13909752,16.657,4,0,151086163.0
startup,13926433,16.681,4,0,151261929.0
startup,13943083,16.65,4,0,151528747.0
startup,13959752,16.669,4,0,151745797.0
startup,13976423,16.671,4,0,151844185.0
startup,13993088,16.665,4,0,152200633.0
startup,14009748,16.66,4,0,152256809.0
startup,14026415,16.667,4,0,152315405.0
startup,14043083,16.668,4,0,152397241.0
startup,14059763,16.68,4,0,152411813.0
startup,14076428,16.665,4,0,152469569.0
startup,14093081,16.653,4,0,152524557.0
startup,14109744,16.663,4,0,152584467.0
startup,14126412,16.668,4,0,152662573.0
startup,14143082,16.67,4,0,152721961.0
startup,14159743,16.661,4,0,152777153.0
startup,14176416,16.673,4,0,152789745.0
startup,14193077,16.661,4,0,152854437.0
startup,14209740,16.663,4,0,152942329.0
startup,14226407,16.667,4,0,152998085.0
startup,14243075,16.668,4,0,153046007.0
startup,14259742,16.667,4,0,153095959.0
startup,14276408,16.666,4,0,153194951.0
startup,14293071,16.663,4,0,153192345.0
startup,14309744,16.673,4,0,153251673.0
startup,14326404,16.66,4,0,153312833.0
startup,14343076,16.672,4,0,153365049.0
startup,14359736,16.66,4,0,153404937.0
startup,14376399,16.663,4,0,153459413.0
startup,14393071,16.672,4,0,153508193.0
startup,14409732,16.661,4,0,153558261.0
startup,14426396,16.664,4,0,153615667.0
startup,14443063,16.667,4,0,153692399.0
startup,14459730,16.667,4,0,153744241.0
startup,14476398,16.668,4,0,153802433.0
startup,14493065,16.667,4,0,153850665.0
startup,14509730,16.665,4,0,153896781.0
startup,14526395,16.665,4,0,153950721.0
startup,14543063,16.668,4,0,154005749.0
startup,14559729,16.666,4,0,154056801.0
startup,14576390,16.661,4,0,154111357.0
startup,14593068,16.678,4,0,154197317.0
startup,14609728,16.66,4,0,154250653.0
startup,14626394,16.666,4,0,154305877.0
startup,14643058,16.664,4,0,154351417.0
startup,14659723,16.665,4,0,154407555.0
startup,14676392,16.669,4,0,154458169.0
startup,14693058,16.666,4,0,154509081.0
startup,14709731,16.673,4,0,154557593.0
startup,14726387,16.656,4,0,154620349.0
startup,14743057,16.67,4,0,154644305.0
startup,14759723,16.666,4,0,154706997.0
startup,14776382,16.659,4,0,154761449.0
startup,14793050,16.668,4,0,154824541.0
startup,14809737,16.687,4,0,154900687.0
startup,14826385,16.648,4,0,154952045.0
startup,14843053,16.668,4,0,155011795.0
startup,14859716,16.663,4,0,155058941.0
startup,14876389,16.673,4,0,155067781.0
startup,14893044,16.655,4,0,155147957.0
startup,14909712,16.668,4,0,155208189.0
startup,14926381,16.669,4,0,155268329.0
startup,14943044,16.663,4,0,155323017.0
startup,14959712,16.668,4,0,155404435.0
startup,14976384,16.672,4,0,155413357.0
startup,14993044,16.66,4,0,155469733.0
startup,15009708,16.664,2,0,155523753.0
startup,15030420,20.712,5,0,155751249.0
startup,15043047,12.627,5,0,155999765.0
startup,15059717,16.67,5,0,156170985.0
startup,15076386,16.669,5,0,156412057.0
startup,15093039,16.653,5,0,156701041.0
startup,15109712,16.673,5,0,156944505.0
startup,15126371,16.659,5,0,157077465.0
startup,15143039,16.668,5,0,157392121.0
startup,15159703,16.664,5,0,157725721.0
startup,15176369,16.666,5,0,157987453.0
startup,15193035,16.666,5,0,158278153.0
startup,15209699,16.664,5,0,158498079.0
startup,15226369,16.67,5,0,158691749.0
startup,15243041,16.672,5,0,159005429.0
startup,15259701,16.66,5,0,158533757.0
startup,15276374,16.673,5,0,158528877.0
startup,15293040,16.666,5,0,158529289.0
startup,15309705,16.665,5,0,158529701.0
startup,15326373,16.668,5,0,158530113.0
startup,15343040,16.667,5,0,158853609.0
startup,15359763,16.723,5,0,158760951.0
startup,15376362,16.599,5,0,158812217.0
startup,15393027,16.665,5,0,158824917.0
startup,15409702,16.675,5,0,158885561.0
startup,15426361,16.659,5,0,158948213.0
startup,15443026,16.665,5,0,159011171.0
startup,15459690,16.664,5,0,159069593.0
startup,15476360,16.67,5,0,159146217.0
startup,15493028,16.668,5,0,159157069.0
startup,15509692,16.664,5,0,159244405.0
startup,15526366,16.674,5,0,159244817.0
startup,15543044,16.678,5,0,159245229.0
startup,15559706,16.662,5,0,159245641.0
startup,15576361,16.655,5,0,159246053.0
startup,15593029,16.668,5,0,159246465.0
startup,15609708,16.679,5,0,159246877.0
startup,15626357,16.649,5,0,159484301.0
startup,15643791,17.434,5,0,159493413.0
startup,15659692,15.901,5,0,159564119.0
startup,15676357,16.665,5,0,159573949.0
startup,15693016,16.659,5,0,159633521.0
startup,15709679,16.663,5,0,159690795.0
startup,15726347,16.668,5,0,159748733.0
startup,15743016,16.669,5,0,159827651.0
startup,15759688,16.672,5,0,159835741.0
startup,15776363,16.675,5,0,159922609.0
startup,15793012,16.649,5,0,159989461.0
startup,15809687,16.675,5,0,159991613.0
startup,15826356,16.669,5,0,159992025.0
startup,15843017,16.661,5,0,159992437.0
startup,15859685,16.668,5,0,159992849.0
startup,15876351,16.666,5,0,159993261.0
startup,15893017,16.666,5,0,159993673.0
startup,15909677,16.66,5,0,160206819.0
startup,15926348,16.671,5,0,160217645.0
startup,15943014,16.666,5,0,160218057.0
startup,15959675,16.661,5,0,160321741.0
startup,15976338,16.663,5,0,160396775.0
startup,15993016,16.678,5,0,160436781.0
startup,16009673,16.657,5,0,160490013.0
startup,16026336,16.663,5,0,160575377.0
startup,16043003,16.667,5,0,160660439.0
startup,16059670,16.667,5,0,160718885.0
startup,16076337,16.667,5,0,160803499.0
startup,16093007,16.67,5,0,160811585.0
startup,16109674,16.667,5,0,160811997.0
startup,16126342,16.668,5,0,160812409.0
startup,16143006,16.664,5,0,160815341.0
startup,16159672,16.666,5,0,160815753.0
startup,16176352,16.68,5,0,160816161.0
startup,16193317,16.965,5,0,161004225.0
startup,16209672,16.355,5,0,161013337.0
startup,16226331,16.659,5,0,161044849.0
startup,16242996,16.665,5,0,161114979.0
startup,16260159,17.163,5,0,161186839.0
startup,16276335,16.176,5,0,161190885.0
startup,16292998,16.663,5,0,161258009.0
startup,16309664,16.666,5,0,161328153.0
startup,16326322,16.658,5,0,161397045.0
startup,16343026,16.704,5,0,161437373.0
startup,16359661,16.635,5,0,161495213.0
startup,16376332,16.671,5,0,161562293.0
startup,16393046,16.714,5,0,161571405.0
startup,16409668,16.622,5,0,161571817.0
startup,16426331,16.663,5,0,161572229.0
startup,16443005,16.674,5,0,161572641.0
startup,16459660,16.655,5,0,161700689.0
startup,16476321,16.661,5,0,161762517.0
startup,16492993,16.672,5,0,161766933.0
startup,16509656,16.663,5,0,161881217.0
startup,16526318,16.662,5,0,161905753.0
startup,16542979,16.661,5,0,161969281.0
startup,16559647,16.668,5,0,162046693.0
startup,16576314,16.667,5,0,162129847.0
startup,16592980,16.666,5,0,162182969.0
startup,16609663,16.683,5,0,162196217.0
startup,16626312,16.649,5,0,162254917.0
startup,16642977,16.665,5,0,162307365.0
startup,16659647,16.67,5,0,162366787.0
startup,16676317,16.67,5,0,162374873.0
startup,16692979,16.662,5,0,162445567.0
startup,16709642,16.663,5,0,162502415.0
startup,16726307,16.665,5,0,162554417.0
startup,16742977,16.67,5,0,162567005.0
startup,16759641,16.664,5,0,162624985.0
startup,16776306,16.665,5,0,162679837.0
startup,16792977,16.671,5,0,162734723.0
startup,16809649,16.672,5,0,162782359.0
startup,16826305,16.656,5,0,162864629.0
startup,16842985,16.68,5,0,162893065.0
startup,16859634,16.649,5,0,162964917.0
startup,16876304,16.67,5,0,163027881.0
startup,16892968,16.664,5,0,162989209.0
startup,16909633,16.665,5,0,163039433.0
startup,16926306,16.673,5,0,163092681.0
startup,16942968,16.662,5,0,163151843.0
startup,16959639,16.671,5,0,163159981.0
startup,16976300,16.661,3,0,163241897.0
startup,16997104,20.804,5,0,163530019.0
startup,17009628,12.524,5,0,163793403.0
startup,17026294,16.666,5,0,163986939.0
startup,17042962,16.668,5,0,164206247.0
startup,17059633,16.671,5,0,164543813.0
startup,17076301,16.668,5,0,164746739.0
startup,17092963,16.662,5,0,164933723.0
startup,17109634,16.671,5,0,165151811.0
startup,17126294,16.66,5,0,165367929.0
startup,17142956,16.662,5,0,165568745.0
startup,17159626,16.67,5,0,165888843.0
startup,17176301,16.675,5,0,166105291.0
startup,17193006,16.705,5,0,166254699.0
startup,17209628,16.622,5,0,166515871.0
startup,17226290,16.662,5,0,166730491.0
startup,17242953,16.663,5,0,166922547.0
startup,17259621,16.668,5,0,166708431.0
startup,17276288,16.667,5,0,166759171.0
startup,17292968,16.68,5,0,166803079.0
startup,17309620,16.652,5,0,166849723.0
startup,17326296,16.676,5,0,166861239.0
startup,17342963,16.667,5,0,166909835.0
startup,17359661,16.698,5,0,166961142.0
startup,17376293,16.632,5,0,167008135.0
startup,17392955,16.662,5,0,167056859.0
startup,17409618,16.663,5,0,167109651.0
startup,17426289,16.671,5,0,167117935.0
startup,17442949,16.66,5,0,167168159.0
startup,17459621,16.672,5,0,167216231.0
startup,17476277,16.656,5,0,167267391.0
startup,17492945,16.668,5,0,167308503.0
startup,17509621,16.676,5,0,167323615.0
startup,17526279,16.658,5,0,167376139.0
startup,17542946,16.667,5,0,167427875.0
startup,17559611,16.665,5,0,167482769.0
startup,17577211,17.6,5,0,167532981.0
startup,17592951,15.74,5,0,167537535.0
startup,17609613,16.662,5,0,167591611.0
startup,17627077,17.464,5,0,167643405.0
startup,17642946,15.869,5,0,167685615.0
startup,17659604,16.658,5,0,167734659.0
startup,17676906,17.302,5,0,167790945.0
startup,17692943,16.037,5,0,167796455.0
startup,17709606,16.663,5,0,167847939.0
startup,17726648,17.042,5,0,167900567.0
startup,17742932,16.284,5,0,167948063.0
startup,17759605,16.673,5,0,168006675.0
startup,17776268,16.663,5,0,168051231.0
startup,17792934,16.666,5,0,168103567.0
startup,17809610,16.676,5,0,168111851.0
startup,17826737,17.127,5,0,168161543.0
startup,17842936,16.199,5,0,168212675.0
startup,17859614,16.678,5,0,168266823.0
startup,17876422,16.808,5,0,168316739.0
startup,17892933,16.511,5,0,168361221.0
startup,17909602,16.669,5,0,168402007.0
startup,17926269,16.667,5,0,168414599.0
startup,17942925,16.656,5,0,168473931.0
startup,17959593,16.668,5,0,168520151.0
startup,17976265,16.672,5,0,168574471.0
startup,17992925,16.66,5,0,168622787.0
startup,18009591,16.666,5,0,168673487.0
startup,18026258,16.667,5,0,168722695.0
startup,18042924,16.666,5,0,168778517.0
startup,18059598,16.674,5,0,168786051.0
startup,18076262,16.664,5,0,168839591.0
startup,18092921,16.659,5,0,168893767.0
startup,18109587,16.666,5,0,168938827.0
startup,18126356,16.769,5,0,169049527.0
startup,18142922,16.566,5,0,169002095.0
startup,18159594,16.672,5,0,169059003.0
startup,18176250,16.656,5,0,169108695.0
startup,18192927,16.677,5,0,169155671.0
startup,18209586,16.659,5,0,169208295.0
startup,18226286,16.7,5,0,169251799.0
startup,18242913,16.627,4,0,169298403.0
startup,18259587,16.674,4,0,169565019.0
startup,18276251,16.664,4,0,169776961.0
startup,18292920,16.669,4,0,169991851.0
startup,18309581,16.661,4,0,170258863.0
startup,18327448,17.867,4,0,170442915.0
startup,18342915,15.467,4,0,170701167.0
startup,18359579,16.664,4,0,170882967.0
startup,18377305,17.726,4,0,171072407.0
startup,18392911,15.606,4,0,171378939.0
startup,18409615,16.704,4,0,171522899.0
startup,18427169,17.554,4,0,171720903.0
startup,18442907,15.738,4,0,172025623.0
startup,18459580,16.673,4,0,172169499.0
startup,18477032,17.452,4,0,172358639.0
startup,18492910,15.878,4,0,172580987.0
startup,18509568,16.658,4,0,172053115.0
startup,18527485,17.917,4,0,172148083.0
startup,18542906,15.421,4,0,172240783.0
startup,18559576,16.67,4,0,172251631.0
startup,18577492,17.916,4,0,172348043.0
startup,18592900,15.408,4,0,172431923.0
startup,18609566,16.666,4,0,172501395.0
startup,18627376,17.81,4,0,172548911.0
startup,18642905,15.529,4,0,172561503.0
startup,18659563,16.658,4,0,172621271.0
startup,18677009,17.446,4,0,172713771.0
startup,18692951,15.942,4,0,172728495.0
startup,18709566,16.615,4,0,172870107.0
startup,18726447,16.881,4,0,172918635.0
startup,18742894,16.447,4,0,172995367.0
startup,18759567,16.673,4,0,173055363.0
startup,18776751,17.184,4,0,173063303.0
startup,18792892,16.141,4,0,173113267.0
startup,18809563,16.671,4,0,173179115.0
startup,18826463,16.9,4,0,173262951.0
startup,18842891,16.428,4,0,173328907.0
startup,18859568,16.677,4,0,173341499.0
startup,18876246,16.678,4,0,173425887.0
startup,18892892,16.646,4,0,173501483.0
startup,18909555,16.663,4,0,173550791.0
startup,18926244,16.689,4,0,173600267.0
startup,18942895,16.651,4,0,173611119.0
startup,18959732,16.837,4,0,173663619.0
startup,18976722,16.99,4,0,173749043.0
startup,18992892,16.17,4,0,173837475.0
startup,19009556,16.664,4,0,173898395.0
startup,19026571,17.015,4,0,173949259.0
startup,19042885,16.314,4,0,174002159.0
startup,19059560,16.675,4,0,174043479.0
startup,19076453,16.893,4,0,174059863.0
startup,19092883,16.43,4,0,174111835.0
startup,19109549,16.666,4,0,174163219.0
startup,19126309,16.76,4,0,174213243.0
startup,19142885,16.576,4,0,174261815.0
startup,19159546,16.661,4,0,174269391.0
startup,19176218,16.672,4,0,174322679.0
startup,19192880,16.662,4,0,174373031.0
startup,19209546,16.666,4,0,174421139.0
startup,19226214,16.668,4,0,174528591.0
startup,19242920,16.706,4,0,174485295.0
startup,19259541,16.621,4,0,174528227.0
startup,19276210,16.669,4,0,174576391.0
startup,19292879,16.669,4,0,174672095.0
startup,19309558,16.679,4,0,174640839.0
startup,19326208,16.65,4,0,174694111.0
startup,19342869,16.661,4,0,174752711.0
startup,19359541,16.672,4,0,174799231.0
startup,19376206,16.665,4,0,174856381.0
startup,19392879,16.673,4,0,174862175.0
startup,19409546,16.667,4,0,174916947.0
startup,19426209,16.663,4,0,174969711.0
startup,19442866,16.657,4,0,175015019.0
startup,19459534,16.668,4,0,175064119.0
startup,19476195,16.661,4,0,175119627.0
startup,19492876,16.681,4,0,175130479.0
startup,19509672,16.796,4,0,175186587.0
startup,19526243,16.571,4,0,175241959.0
startup,19542863,16.62,4,0,175289059.0
startup,19559533,16.67,4,0,175337323.0
startup,19576213,16.68,3,0,175349823.0
startup,19592865,16.652,4,0,175599727.0
startup,19609540,16.675,4,0,175708583.0
startup,19626212,16.672,4,0,175965883.0
startup,19642900,16.688,4,0,176236611.0
startup,19659534,16.634,4,0,176327443.0
startup,19676207,16.673,4,0,176449891.0
startup,19692865,16.658,4,0,176672391.0
startup,19709525,16.66,4,0,176761683.0
startup,19726204,16.679,4,0,177021879.0
startup,19742869,16.665,4,0,177175263.0
startup,19759521,16.652,4,0,177280707.0
startup,19776187,16.666,4,0,177528479.0
startup,19793079,16.892,4,0,177809695.0
startup,19809522,16.443,4,0,177856287.0
startup,19826187,16.665,4,0,178082639.0
startup,19842853,16.666,4,0,178333283.0
startup,19859520,16.667,4,0,178414583.0
startup,19876186,16.666,4,0,178657215.0
startup,19892866,16.68,4,0,178812003.0
startup,19909518,16.652,4,0,178897555.0
startup,19926183,16.665,2,0,179180717.0
startup,19951794,25.611,3,0,178814097.0
startup,19961765,9.971,4,0,179006981.0
startup,19976192,14.427,4,0,179077905.0
startup,19992843,16.651,4,0,179363225.0
startup,20009518,16.675,4,0,179461061.0
startup,20026179,16.661,2,0,179700929.0
startup,20050622,24.443,3,0,179763489.0
startup,20059508,8.886,4,0,179913997.0
startup,20076469,16.961,4,0,179968729.0
startup,20092843,16.374,4,0,180021197.0
startup,20109540,16.697,4,0,180115825.0
startup,20126184,16.644,4,0,180168289.0
startup,20142842,16.658,4,0,180183217.0
startup,20159509,16.667,4,0,180237961.0
startup,20176180,16.671,4,0,180294305.0
startup,20192839,16.659,4,0,180355029.0
startup,20209522,16.683,4,0,180443021.0
startup,20226169,16.647,4,0,180449221.0
startup,20242838,16.669,4,0,180535289.0
startup,20259512,16.674,4,0,180598437.0
startup,20276164,16.652,4,0,180665101.0
startup,20292838,16.674,4,0,180720728.0
startup,20309520,16.682,4,0,180846753.0
startup,20326176,16.656,4,0,180806749.0
startup,20345626,19.45,2,0,180934725.0
startup,20370527,24.901,5,0,181184641.0
startup,20379236,8.709,5,0,181422261.0
startup,20392839,13.603,5,0,181634913.0
startup,20409500,16.661,3,0,181743777.0
startup,20437464,27.964,5,0,181925629.0
startup,20446647,9.183,5,0,181977653.0
startup,20459493,12.846,5,0,182041229.0
startup,20476163,16.67,5,0,182115205.0
startup,20492834,16.671,4,0,182184965.0
startup,20509496,16.662,4,0,182294593.0
startup,20526159,16.663,4,0,182491745.0
startup,20542856,16.697,4,0,182563139.0
startup,20791434,248.578,3,0,183781245.0
startup,20801381,9.947,4,0,183914109.0
startup,20810043,8.662,4,0,183930529.0
startup,20825886,15.843,4,0,183940365.0
startup,20841831,15.945,4,0,183992445.0
startup,20858037,16.206,2,0,184088681.0
startup,20883097,25.06,3,0,184404575.0
startup,20891370,8.273,4,0,184495619.0
startup,20908084,16.714,4,0,184723979.0
startup,20925928,17.844,2,0,184926975.0
startup,20951516,25.588,3,0,185305523.0
startup,20960064,8.548,4,0,185452455.0
startup,20975905,15.841,4,0,185503835.0
startup,20991370,15.465,4,0,185576703.0
startup,21008041,16.671,2,0,185677331.0
startup,21036510,28.469,5,0,186019313.0
startup,21046003,9.493,5,0,186088769.0
startup,21058031,12.028,5,0,186165788.0
startup,21075908,17.877,3,0,186235489.0
startup,21101469,25.561,5,0,186442403.0
startup,21109734,8.265,5,0,186499465.0
startup,21125907,16.173,5,0,186511765.0
startup,21141373,15.466,4,0,186586745.0
startup,21158029,16.656,4,0,186840209.0
startup,21175923,17.894,4,0,186898177.0
startup,21191383,15.46,4,0,186900757.0
startup,21208035,16.652,4,0,186951745.0
startup,21225982,17.947,4,0,187003197.0
startup,21241361,15.379,4,0,187057449.0
startup,21258022,16.661,4,0,187109333.0
startup,21275883,17.861,4,0,187159081.0
startup,21291356,15.473,4,0,187209409.0
startup,21308024,16.668,4,0,187296897.0
startup,21325869,17.845,4,0,187351827.0
startup,21341357,15.488,4,0,187392597.0
startup,21358017,16.66,4,0,187447781.0
startup,21375840,17.823,4,0,187345645.0
startup,21391361,15.521,4,0,187382433.0
startup,21408108,16.747,4,0,187392065.0
startup,21425840,17.732,4,0,187441621.0
startup,21441355,15.515,4,0,187486465.0
startup,21458020,16.665,4,0,187529777.0
startup,21476121,18.101,4,0,187619209.0
startup,21491354,15.233,4,0,187631741.0
startup,21508020,16.666,4,0,187685625.0
startup,21525986,17.966,4,0,187738005.0
startup,21541346,15.36,4,0,187791879.0
startup,21558011,16.665,4,0,187846119.0
startup,21575854,17.843,4,0,187899989.0
startup,21591343,15.489,4,0,187943337.0
startup,21608011,16.668,4,0,187991017.0
startup,21625769,17.758,4,0,188091665.0
startup,21641348,15.579,4,0,188094013.0
startup,21658012,16.664,4,0,188156017.0
startup,21675797,17.785,4,0,188239973.0
startup,21691342,15.545,4,0,188308169.0
startup,21708007,16.665,4,0,188362489.0
startup,21725820,17.813,4,0,188414685.0
startup,21741364,15.544,4,0,188465169.0
startup,21758009,16.645,4,0,188467825.0
startup,21775836,17.827,4,0,188515697.0
startup,21791334,15.498,4,0,188575541.0
startup,21808003,16.669,4,0,188684625.0
startup,21825839,17.836,4,0,188796025.0
startup,21841340,15.501,4,0,188901107.0
startup,21858014,16.674,4,0,188911605.0
startup,21875887,17.873,4,0,189017537.0
startup,21891335,15.448,4,0,189123785.0
startup,21907994,16.659,4,0,189186797.0
startup,21925940,17.946,4,0,189195577.0
startup,21941837,15.897,4,0,189245345.0
startup,21957996,16.159,4,0,189324641.0
startup,21975926,17.93,4,0,189413969.0
startup,21991336,15.41,4,0,189441785.0
startup,22008006,16.67,4,0,189499153.0
startup,22025909,17.903,4,0,189552069.0
startup,22041332,15.423,4,0,189611333.0
startup,22057993,16.661,4,0,189730093.0
startup,22075925,17.932,4,0,189863893.0
startup,22091325,15.4,4,0,189818589.0
startup,22107991,16.666,4,0,189871619.0
startup,22125920,17.929,4,0,189868957.0
startup,22141336,15.416,4,0,189869369.0
startup,22157996,16.66,4,0,189869777.0
startup,22176069,18.073,4,0,189967749.0
startup,22191329,15.26,4,0,190013353.0
startup,22207986,16.657,4,0,190076589.0
startup,22225949,17.963,4,0,190087441.0
startup,22241325,15.376,4,0,190186905.0
startup,22258000,16.675,4,0,190187317.0
startup,22275891,17.891,4,0,190187729.0
startup,22291322,15.431,4,0,190188141.0
startup,22307985,16.663,4,0,190316757.0
startup,22325906,17.921,4,0,190407605.0
startup,22341323,15.417,4,0,190408017.0
startup,22357988,16.665,4,0,190408429.0
startup,22375903,17.915,4,0,190408841.0
startup,22391319,15.416,4,0,190409253.0
startup,22407986,16.667,4,0,190409665.0
startup,22426239,18.253,4,0,190663513.0
startup,22441327,15.088,4,0,190671009.0
startup,22457987,16.66,4,0,190671417.0
startup,22476109,18.122,4,0,190671829.0
startup,22491320,15.211,4,0,190672241.0
startup,22508014,16.694,4,0,190672653.0
startup,22525981,17.967,4,0,190922537.0
startup,22541316,15.335,4,0,190935565.0
startup,22557978,16.662,4,0,190935977.0
startup,22575917,17.939,4,0,190936389.0
startup,22591336,15.419,4,0,190936801.0
startup,22607981,16.645,4,0,191042537.0
startup,22625817,17.836,4,0,191123321.0
startup,22641313,15.496,4,0,191127213.0
startup,22657982,16.669,4,0,191127625.0
startup,22675811,17.829,4,0,191128037.0
startup,22691310,15.499,4,0,191128449.0
startup,22707972,16.662,4,0,191128861.0
startup,22725800,17.828,4,0,191129273.0
startup,22741307,15.507,4,0,191129685.0
startup,22757973,16.666,4,0,191299541.0
startup,22775815,17.842,4,0,191299953.0
startup,22791309,15.494,4,0,191300365.0
startup,22807973,16.664,4,0,191300777.0
startup,22825818,17.845,4,0,191446617.0
startup,22841298,15.48,4,0,191490289.0
startup,22857972,16.674,4,0,191493061.0
startup,22876206,18.234,4,0,191493473.0
startup,22891302,15.096,4,0,191493885.0
startup,22907967,16.665,4,0,191494297.0
startup,22926399,18.432,4,0,191494709.0
startup,22941309,14.91,4,0,191496245.0
startup,22957968,16.659,4,0,191649573.0
startup,22975942,17.974,4,0,191649985.0
startup,22991299,15.357,4,0,191650397.0
startup,23007981,16.682,4,0,191751261.0
startup,23025810,17.829,4,0,191800493.0
startup,23041287,15.477,4,0,191858253.0
startup,23057993,16.706,4,0,191858665.0
startup,23075962,17.969,4,0,191902945.0
startup,23091306,15.344,4,0,191956841.0
startup,23107960,16.654,4,0,191957253.0
startup,23125817,17.857,4,0,191957665.0
startup,23141298,15.481,4,0,191958077.0
startup,23157962,16.664,4,0,191958489.0
startup,23175777,17.815,4,0,191958901.0
startup,23191281,15.504,4,0,192140877.0
startup,23207951,16.67,4,0,192211771.0
startup,23225746,17.795,4,0,192276873.0
startup,23241286,15.54,4,0,192284761.0
startup,23257953,16.667,4,0,192338817.0
startup,23275749,17.796,4,0,192385001.0
startup,23291272,15.523,4,0,192462813.0
startup,23307951,16.679,4,0,192465485.0
startup,23325755,17.804,4,0,192465897.0
startup,23341280,15.525,4,0,192466309.0
startup,23357950,16.67,4,0,192466717.0
startup,23375735,17.785,4,0,192576949.0
startup,23391280,15.545,4,0,192577361.0
startup,23407950,16.67,4,0,192672309.0
startup,23425720,17.77,4,0,192720837.0
startup,23441279,15.559,4,0,192721249.0
startup,23457950,16.671,4,0,192721661.0
startup,23475729,17.779,4,0,192722073.0
startup,23491276,15.547,4,0,192722485.0
startup,23507947,16.671,4,0,192722897.0
startup,23525688,17.741,4,0,192867657.0
startup,23541275,15.587,4,0,192868069.0
startup,23557943,16.668,4,0,192868481.0
startup,23575679,17.736,4,0,192868893.0
startup,23591274,15.595,4,0,193015957.0
startup,23608048,16.774,3,0,193113513.0
startup,23625675,17.627,4,0,193321629.0
startup,23641265,15.59,4,0,193536757.0
startup,23657929,16.664,4,0,193821369.0
startup,23675645,17.716,4,0,194001629.0
startup,23691266,15.621,4,0,194234269.0
startup,23707936,16.67,4,0,194428809.0
startup,23725636,17.7,4,0,194659893.0
startup,23741259,15.623,4,0,194892437.0
startup,23757926,16.667,4,0,195170521.0
startup,23775616,17.69,4,0,195417853.0
startup,23791261,15.645,4,0,195632953.0
startup,23807933,16.672,4,0,196982385.0
startup,23825576,17.643,4,0,197188185.0
startup,23841253,15.677,4,0,197383369.0
startup,23857922,16.669,4,0,197559941.0
startup,23875586,17.664,4,0,197819633.0
startup,23891284,15.698,4,0,197480621.0
startup,23907918,16.634,4,0,197526213.0
startup,23925557,17.639,4,0,197572393.0
startup,23941250,15.693,4,0,197635853.0
startup,23957948,16.698,4,0,197688293.0
startup,23975525,17.577,4,0,197740953.0
startup,23991250,15.725,4,0,197829925.0
startup,24007911,16.661,4,0,197888289.0
startup,24025508,17.597,4,0,197971557.0
startup,24041253,15.745,4,0,197982409.0
startup,24057918,16.665,4,0,198082279.0
startup,24075493,17.575,4,0,198136873.0
startup,24091246,15.753,4,0,198189329.0
startup,24107913,16.667,4,0,198245749.0
startup,24125481,17.568,4,0,198296121.0
startup,24141244,15.763,4,0,198369879.0
startup,24157932,16.688,4,0,198378025.0
startup,24175457,17.525,4,0,198450591.0
startup,24191241,15.784,4,0,198527053.0
startup,24207915,16.674,4,0,198535953.0
startup,24225436,17.521,4,0,198605005.0
startup,24241237,15.801,4,0,198684581.0
startup,24257899,16.662,4,0,198735321.0
startup,24275431,17.532,4,0,198788553.0
startup,24291238,15.807,4,0,198834765.0
startup,24307902,16.664,4,0,198903227.0
startup,24325410,17.508,4,0,198912449.0
startup,24341242,15.832,4,0,198979997.0
startup,24357912,16.67,4,0,199063253.0
startup,24375355,17.443,4,0,199131701.0
startup,24391249,15.894,4,0,199167549.0
startup,24407902,16.653,4,0,199228937.0
startup,24425310,17.408,4,0,199292287.0
startup,24441274,15.964,4,0,199343253.0
startup,24457896,16.622,4,0,199394109.0
startup,24475337,17.441,4,0,199472051.0
startup,24491237,15.9,4,0,199528121.0
startup,24507904,16.667,4,0,199540713.0
startup,24525257,17.353,4,0,199630201.0
startup,24541228,15.971,4,0,199696233.0
startup,24557895,16.667,4,0,199812379.0
startup,24575227,17.332,4,0,199793849.0
startup,24591230,16.003,4,0,199859373.0
startup,24607889,16.659,4,0,199914485.0
startup,24625200,17.311,4,0,199970205.0
startup,24641223,16.023,4,0,200042525.0
startup,24657895,16.672,4,0,200153245.0
startup,24675164,17.269,4,0,200115689.0
startup,24691223,16.059,4,0,200189105.0
startup,24707889,16.666,4,0,200263781.0
startup,24725149,17.26,4,0,200333831.0
startup,24741220,16.071,4,0,200381291.0
startup,24757885,16.665,4,0,200438493.0
startup,24775039,17.154,4,0,200499771.0
startup,24791220,16.181,4,0,200547477.0
startup,24807882,16.662,4,0,200608077.0
startup,24825038,17.156,4,0,200614285.0
startup,24841215,16.177,4,0,200699177.0
startup,24857880,16.665,4,0,200772373.0
startup,24874986,17.106,4,0,200822457.0
startup,24891216,16.23,4,0,200875501.0
startup,24907890,16.674,4,0,200931385.0
startup,24924951,17.061,4,0,201013921.0
startup,24941219,16.268,4,0,201027049.0
startup,24957877,16.658,2,0,201174221.0
startup,24987330,29.453,3,0,201440473.0
startup,24995847,8.517,4,0,201622109.0
startup,25007876,12.029,4,0,201858997.0
startup,25025229,17.353,4,0,202074721.0
startup,25041206,15.977,4,0,202364409.0
startup,25057874,16.668,4,0,202532529.0
startup,25075103,17.229,4,0,202730541.0
startup,25091209,16.106,4,0,203024475.0
startup,25107881,16.672,4,0,203151333.0
startup,25124968,17.087,4,0,203376297.0
startup,25141207,16.239,4,0,203654061.0
startup,25157878,16.671,4,0,203792853.0
startup,25174868,16.99,4,0,204037545.0
startup,25191201,16.333,4,0,204335189.0
startup,25207864,16.663,4,0,204556019.0
startup,25224818,16.954,4,0,204205853.0
startup,25241204,16.386,4,0,204260553.0
startup,25257865,16.661,4,0,204311181.0
startup,25275020,17.155,4,0,204364025.0
startup,25291199,16.179,4,0,204417421.0
startup,25307861,16.662,4,0,204461553.0
startup,25324707,16.846,4,0,204516889.0
startup,25341199,16.492,4,0,204562509.0
startup,25357858,16.659,4,0,204613425.0
startup,25374696,16.838,4,0,204664669.0
startup,25391196,16.5,4,0,204713149.0
startup,25407861,16.665,4,0,204772073.0
startup,25424660,16.799,4,0,204780237.0
startup,25441187,16.527,4,0,204832121.0
startup,25457855,16.668,4,0,204887293.0
startup,25474584,16.729,4,0,204937621.0
startup,25491189,16.605,4,0,204991767.0
startup,25507862,16.673,4,0,204995537.0
startup,25524538,16.676,4,0,205048493.0
startup,25541197,16.659,4,0,205095069.0
startup,25557853,16.656,4,0,205148577.0
startup,25574517,16.664,4,0,205197049.0
startup,25591185,16.668,4,0,205248741.0
startup,25607858,16.673,4,0,205259593.0
startup,25624520,16.662,4,0,205315965.0
startup,25641192,16.672,4,0,205258145.0
startup,25657847,16.655,4,0,205312453.0
startup,25674511,16.664,4,0,205360557.0
startup,25691183,16.672,4,0,205413977.0
startup,25707845,16.662,4,0,205466433.0
startup,25724512,16.667,4,0,205518849.0
startup,25741180,16.668,4,0,205574441.0
startup,25757845,16.665,4,0,205624729.0
startup,25774510,16.665,4,0,205678177.0
startup,25791183,16.673,4,0,205686213.0
startup,25807842,16.659,4,0,205743013.0
startup,25824530,16.688,4,0,205788397.0
startup,25841172,16.642,4,0,205835917.0
startup,25857841,16.669,4,0,205897955.0
startup,25874510,16.669,4,0,205905489.0
startup,25891175,16.665,4,0,205958765.0
startup,25907836,16.661,4,0,206010305.0
startup,25924505,16.669,4,0,206067597.0
startup,25941179,16.674,4,0,206118717.0
startup,25957839,16.66,4,0,206162569.0
startup,25974506,16.667,4,0,206218325.0
startup,25991172,16.666,4,0,206333985.0
startup,26007862,16.69,4,0,206291953.0
startup,26024501,16.639,4,0,206400893.0
startup,26041165,16.664,4,0,206454273.0
startup,26057834,16.669,4,0,206502317.0
startup,26074498,16.664,4,0,206555443.0
startup,26091165,16.667,4,0,206610547.0
startup,26107874,16.709,4,0,206616393.0
startup,26124601,16.727,4,0,206670601.0
startup,26141166,16.565,4,0,206723573.0
startup,26157842,16.676,4,0,206830125.0
startup,26174640,16.798,4,0,206826109.0
startup,26191163,16.523,4,0,206908305.0
startup,26207829,16.666,2,0,207016409.0
startup,26232668,24.839,5,0,207264537.0
startup,26241150,8.482,5,0,207536615.0
startup,26257827,16.677,5,0,207724623.0
startup,26274490,16.663,5,0,208024351.0
startup,26291153,16.663,5,0,208250667.0
startup,26307814,16.661,5,0,208459203.0
startup,26324516,16.702,5,0,208733215.0
startup,26341150,16.634,5,0,208939283.0
startup,26357818,16.668,5,0,209241315.0
startup,26374484,16.666,5,0,209675307.0
startup,26391149,16.665,5,0,209941015.0
startup,26407817,16.668,5,0,210227247.0
startup,26424494,16.677,5,0,210404063.0
startup,26441158,16.664,5,0,209905251.0
startup,26457825,16.667,5,0,209958495.0
startup,26474478,16.653,5,0,210008263.0
startup,26491145,16.667,5,0,210063927.0
startup,26507810,16.665,5,0,210113939.0
startup,26524502,16.692,5,0,210220143.0
startup,26541142,16.64,5,0,210326543.0
startup,26557813,16.671,5,0,210374739.0
startup,26574475,16.662,5,0,210424187.0
startup,26591141,16.666,5,0,210474623.0
startup,26607814,16.673,5,0,210487215.0
startup,26624475,16.661,5,0,210541531.0
startup,26641142,16.667,5,0,210592467.0
startup,26657979,16.837,5,0,210668743.0
startup,26674475,16.496,5,0,210740495.0
startup,26691137,16.662,5,0,210851127.0
startup,26707803,16.666,5,0,210902693.0
startup,26724493,16.69,5,0,210951207.0
startup,26741144,16.651,5,0,210960843.0
startup,26757801,16.657,5,0,211013423.0
startup,26774488,16.687,5,0,211064907.0
startup,26791156,16.668,5,0,211111299.0
startup,26807807,16.651,5,0,211198891.0
startup,26824476,16.669,5,0,211202891.0
startup,26841139,16.663,5,0,211251463.0
startup,26857798,16.659,5,0,211345579.0
startup,26874462,16.664,5,0,211393287.0
startup,26891132,16.67,5,0,211445695.0
startup,26907794,16.662,5,0,211496207.0
startup,26924476,16.682,5,0,211507059.0
startup,26941128,16.652,5,0,211559583.0
startup,26957792,16.664,5,0,211613263.0
startup,26974457,16.665,5,0,211701319.0
startup,26991128,16.671,5,0,211773841.0
startup,27007790,16.662,5,0,211874467.0
startup,27024485,16.695,5,0,211922707.0
startup,27041122,16.637,5,0,211976231.0
startup,27057788,16.666,5,0,212027631.0
startup,27074452,16.664,5,0,212073579.0
startup,27091120,16.668,5,0,212130795.0
startup,27107787,16.667,5,0,212229775.0
startup,27124453,16.666,5,0,212308579.0
startup,27141121,16.668,5,0,212325423.0
startup,27157787,16.666,5,0,212408251.0
startup,27174455,16.668,5,0,212462327.0
startup,27191117,16.662,5,0,212514451.0
startup,27207784,16.667,5,0,212570055.0
startup,27224450,16.666,5,0,212623207.0
startup,27241115,16.665,5,0,212682083.0
startup,27257779,16.664,5,0,212731683.0
startup,27274448,16.669,5,0,212800023.0
startup,27291110,16.662,5,0,212852091.0
startup,27307779,16.669,5,0,212912495.0
startup,27324467,16.688,5,0,212965291.0
startup,27341111,16.644,5,0,213018483.0
startup,27357779,16.668,5,0,213070471.0
startup,27374446,16.667,5,0,213126705.0
startup,27391110,16.664,3,0,213195891.0
startup,27412453,21.343,4,0,213516651.0
startup,27424438,11.985,4,0,213750551.0
startup,27441107,16.669,4,0,214008339.0
startup,27457773,16.666,4,0,214373663.0
startup,27474446,16.673,3,0,214825799.0
startup,27491107,16.661,4,0,215132139.0
startup,27507770,16.663,4,0,215405367.0
startup,27524436,16.666,4,0,215642803.0
startup,27541105,16.669,3,0,215942867.0
startup,27557774,16.669,4,0,216136507.0
startup,27574436,16.662,4,0,216348911.0
startup,27591137,16.701,4,0,216645595.0
startup,27607766,16.629,4,0,216884175.0
startup,27624434,16.668,4,0,216814019.0
startup,27641100,16.666,4,0,217000343.0
startup,27657765,16.665,4,0,217147567.0
startup,27674437,16.672,4,0,217204887.0
startup,27691097,16.66,4,0,217268887.0
startup,27707762,16.665,4,0,217323127.0
startup,27724428,16.666,4,0,217379603.0
startup,27741094,16.666,4,0,217436663.0
startup,27757762,16.668,4,0,217493671.0
startup,27774426,16.664,4,0,217557433.0
startup,27791101,16.675,4,0,217650731.0
startup,27807761,16.66,4,0,217620747.0
startup,27824424,16.663,1,0,217679499.0
startup,27846802,22.378,2,0,218111721.0
startup,27857755,10.953,5,0,218358057.0
startup,27874429,16.674,5,0,218591345.0
startup,27891096,16.667,5,0,218544553.0
startup,27907765,16.669,4,0,218619637.0
startup,27924426,16.661,4,0,218780085.0
startup,27941089,16.663,4,0,218843437.0
startup,27957758,16.669,4,0,218899813.0
startup,27974419,16.661,4,0,218956063.0
startup,27991172,16.753,4,0,219012585.0
startup,28007749,16.577,4,0,219071225.0
startup,28024415,16.666,4,0,219128897.0
startup,28041098,16.683,4,0,219179825.0
startup,28057748,16.65,4,0,219254613.0
startup,28074412,16.664,4,0,219313261.0
startup,28091079,16.667,4,0,219364825.0
startup,28107744,16.665,4,0,219416789.0
startup,28124416,16.672,4,0,219520529.0
startup,28141077,16.661,4,0,219605753.0
startup,28157744,16.667,4,0,219663657.0
startup,28174418,16.674,4,0,219716053.0
startup,28191089,16.671,2,0,219730453.0
startup,28214892,23.803,3,0,220143301.0
startup,28224404,9.512,4,0,220327413.0
startup,28241083,16.679,4,0,220630577.0
startup,28257742,16.659,4,0,220615513.0
startup,28274413,16.671,3,0,220701677.0
startup,28291079,16.666,4,0,221005933.0
startup,28307749,16.67,4,0,220975121.0
startup,28324408,16.659,4,0,221052997.0
startup,28341068,16.66,1,0,221136245.0
startup,28364834,23.766,5,0,221428539.0
startup,28374398,9.564,6,0,221517315.0
startup,28391068,16.67,6,0,221604027.0
startup,28407734,16.666,6,0,221685811.0
startup,28424405,16.671,5,0,221758951.0
startup,28441066,16.661,5,0,222001819.0
startup,28457735,16.669,5,0,222044543.0
startup,28474398,16.663,5,0,222150555.0
startup,28491064,16.666,4,0,222222723.0
startup,28507731,16.667,4,0,222481893.0
startup,28524401,16.67,4,0,222545543.0
startup,28541067,16.666,4,0,222611415.0
startup,28557729,16.662,4,0,222739263.0
startup,28574402,16.673,4,0,222823807.0
startup,28591064,16.662,4,0,222782055.0
startup,28607734,16.67,4,0,222874707.0
startup,28624395,16.661,4,0,222961587.0
startup,28641060,16.665,4,0,223041415.0
startup,28657725,16.665,4,0,223113235.0
startup,28674390,16.665,4,0,223188643.0
startup,28691061,16.671,4,0,223196515.0
startup,28707724,16.663,4,0,223268119.0
startup,28724388,16.664,4,0,223340471.0
startup,28741050,16.662,4,0,223416107.0
startup,28757720,16.67,4,0,223488327.0
startup,28774391,16.671,4,0,223578927.0
startup,28791058,16.667,4,0,223670235.0
startup,28807733,16.675,3,0,223677367.0
startup,28824407,16.674,4,0,223928393.0
startup,28841050,16.643,4,0,224177115.0
startup,28857717,16.667,4,0,224504987.0
startup,28874386,16.669,4,0,224524211.0
startup,28891049,16.663,3,0,224547779.0
startup,28907714,16.665,3,0,225013211.0
startup,28924388,16.674,4,0,225088989.0
startup,28941054,16.666,4,0,225160935.0
startup,28957767,16.713,1,0,225237117.0
startup,28981759,23.992,2,0,225780349.0
startup,28991036,9.277,5,0,225697397.0
startup,29007714,16.678,5,0,225771529.0
startup,29024375,16.661,4,0,225838177.0
startup,29041046,16.671,4,0,226044423.0
startup,29057718,16.672,4,0,226097189.0
startup,29074379,16.661,4,0,226200015.0
startup,29091042,16.663,4,0,226252409.0
startup,29107706,16.664,4,0,226321661.0
startup,29124379,16.673,4,0,226435569.0
startup,29141044,16.665,4,0,226420729.0
startup,29157706,16.662,4,0,226513677.0
startup,29174377,16.671,4,0,226591733.0
startup,29191035,16.658,4,0,226644167.0
startup,29207699,16.664,4,0,226693441.0
startup,29224390,16.691,4,0,226749909.0
startup,29241033,16.643,4,0,226808065.0
startup,29257702,16.669,4,0,226863173.0
startup,29274365,16.663,4,0,226918245.0
startup,29291031,16.666,4,0,226971037.0
startup,29307699,16.668,4,0,227025849.0
startup,29324367,16.668,4,0,227138695.0
startup,29346939,22.572,5,0,227445385.0
startup,29357695,10.756,5,0,227759981.0
startup,29374361,16.666,5,0,228020785.0
startup,29391032,16.671,4,0,228003381.0
startup,29407700,16.668,4,0,228240905.0
startup,29424371,16.671,4,0,228255505.0
startup,29441024,16.653,4,0,228322269.0
startup,29457693,16.669,2,0,228387321.0
startup,29479543,21.85,3,0,228583309.0
startup,29491016,11.473,4,0,228636107.0
startup,29507689,16.673,4,0,228721741.0
startup,29524361,16.672,4,0,228783195.0
startup,29541030,16.669,4,0,228790773.0
startup,29557688,16.658,4,0,228888157.0
startup,29574381,16.693,4,0,228943493.0
startup,29591022,16.641,4,0,228993121.0
startup,29607690,16.668,4,0,229046945.0
startup,29624353,16.663,4,0,229102147.0
startup,29641017,16.664,4,0,229147129.0
startup,29657686,16.669,4,0,229231093.0
startup,29674354,16.668,4,0,229292981.0
startup,29691016,16.662,4,0,229349809.0
startup,29707684,16.668,4,0,229390345.0
startup,29724352,16.668,4,0,229448005.0
startup,29741014,16.662,4,0,229503177.0
startup,29757681,16.667,4,0,229553109.0
startup,29774348,16.667,4,0,229603841.0
startup,29791014,16.666,4,0,229657245.0
startup,29807688,16.674,4,0,229742753.0
startup,29824359,16.671,4,0,229751865.0
startup,29841011,16.652,4,0,229812149.0
startup,29857681,16.67,4,0,229875436.0
startup,29874343,16.662,4,0,229952065.0
startup,29891008,16.665,4,0,229980433.0
startup,29907680,16.672,4,0,229928453.0
startup,29924343,16.663,4,0,229979505.0
startup,29941008,16.665,4,0,230033021.0
startup,29957674,16.666,4,0,230100829.0
startup,29974341,16.667,4,0,230203961.0
startup,29991005,16.664,4,0,230253637.0
startup,30007671,16.666,4,0,230310977.0
startup,30024345,16.674,4,0,230321829.0
startup,30041008,16.663,4,0,230386761.0
startup,30057665,16.657,4,0,230471779.0
startup,30074342,16.677,4,0,230538393.0
startup,30091001,16.659,4,0,230596603.0
startup,30107668,16.667,4,0,230667341.0
startup,30124334,16.666,4,0,230749207.0
startup,30140999,16.665,4,0,230801223.0
startup,30157680,16.681,4,0,230810349.0
startup,30174331,16.651,4,0,230871369.0
startup,30190997,16.666,4,0,230940551.0
startup,30207664,16.667,4,0,231002777.0
startup,30224328,16.664,4,0,231084101.0
startup,30240994,16.666,4,0,231130533.0
startup,30257664,16.67,4,0,231141381.0
startup,30274337,16.673,4,0,231196793.0
startup,30290991,16.654,4,0,231292221.0
startup,30307658,16.667,4,0,231388875.0
startup,30324323,16.665,4,0,231469173.0
startup,30340993,16.67,4,0,231561715.0
startup,30357655,16.662,4,0,231617089.0
startup,30374325,16.67,4,0,231630013.0
startup,30390994,16.669,4,0,231695237.0
startup,30407658,16.664,4,0,231751241.0
startup,30424321,16.663,4,0,231805021.0
startup,30441085,16.764,4,0,231858025.0
startup,30457650,16.565,4,0,231905881.0
startup,30474339,16.689,4,0,231963911.0
startup,30490984,16.645,4,0,232029621.0
startup,30507652,16.668,4,0,232106173.0
startup,30524316,16.664,4,0,232170953.0
startup,30540982,16.666,4,0,232226331.0
startup,30557647,16.665,4,0,232269521.0
startup,30574313,16.666,4,0,232322605.0
startup,30590982,16.669,4,0,232335197.0
startup,30607649,16.667,4,0,232392897.0
startup,30624314,16.665,4,0,232445477.0
startup,30640980,16.666,4,0,232526265.0
startup,30657644,16.664,4,0,232600333.0
startup,30674310,16.666,3,0,232685889.0
startup,30690978,16.668,4,0,232961217.0
startup,30707646,16.668,4,0,233281265.0
startup,30724311,16.665,4,0,233557653.0
startup,30740973,16.662,4,0,233820941.0
startup,30757644,16.671,1,0,234080277.0
startup,30782419,24.775,2,0,234518269.0
startup,30790965,8.546,5,0,234753485.0
startup,30807654,16.689,5,0,235007945.0
startup,30824308,16.654,5,0,235205109.0
startup,30840976,16.668,4,0,235527973.0
startup,30857637,16.661,4,0,235758147.0
startup,30874304,16.667,4,0,236000861.0
startup,30890969,16.665,4,0,236303005.0
startup,30907634,16.665,4,0,236533025.0
startup,30924327,16.693,2,0,235981253.0
startup,30947046,22.719,3,0,236302823.0
startup,30957630,10.584,4,0,236419275.0
startup,30974319,16.689,4,0,236551079.0
startup,30990968,16.649,4,0,236607859.0
startup,31007629,16.661,4,0,236660799.0
startup,31024298,16.669,4,0,236716035.0
startup,31040972,16.674,4,0,236771143.0
startup,31057629,16.657,4,0,236827339.0
startup,31074299,16.67,4,0,236883083.0
startup,31090978,16.679,4,0,236937631.0
startup,31107625,16.647,4,0,236992603.0
startup,31124290,16.665,4,0,237046407.0
startup,31140958,16.668,4,0,237100555.0
startup,31157621,16.663,4,0,237156247.0
startup,31174313,16.692,4,0,237208947.0
startup,31190957,16.644,3,0,237263795.0
startup,31207625,16.668,3,0,237571831.0
startup,31224295,16.67,4,0,237809299.0
startup,31240956,16.661,4,0,238117843.0
startup,31257630,16.674,1,0,238130799.0
startup,31280814,23.184,2,0,238486421.0
startup,31290952,10.138,5,0,238490453.0
startup,31307624,16.672,5,0,238490865.0
startup,31324286,16.662,5,0,238689369.0
startup,31340962,16.676,5,0,238748433.0
startup,31357616,16.654,5,0,238827769.0
startup,31374284,16.668,5,0,238881065.0
startup,31390948,16.664,5,0,238910929.0
startup,31407616,16.668,5,0,238978185.0
startup,31424284,16.668,5,0,239102121.0
startup,31440949,16.665,5,0,239108221.0
startup,31457614,16.665,5,0,239172473.0
startup,31474281,16.667,5,0,239233041.0
startup,31490946,16.665,5,0,239326557.0
startup,31507615,16.669,5,0,239410605.0
startup,31524277,16.662,5,0,239474613.0
startup,31540942,16.665,5,0,239547069.0
startup,31557608,16.666,5,0,239618557.0
startup,31574278,16.67,5,0,239628389.0
startup,31590944,16.666,5,0,239704369.0
startup,31607607,16.663,5,0,239778765.0
startup,31624273,16.666,4,0,239856793.0
startup,31640936,16.663,4,0,240124993.0
startup,31657607,16.671,4,0,240379665.0
startup,31674272,16.665,4,0,240709473.0
startup,31690940,16.668,4,0,240764353.0
startup,31707606,16.666,2,0,240853577.0
startup,31732068,24.462,5,0,241090429.0
startup,31740928,8.86,5,0,241132705.0
startup,31757615,16.687,5,0,241214163.0
startup,31774271,16.656,5,0,241282761.0
startup,31790938,16.667,5,0,241346269.0
startup,31807602,16.664,5,0,241409433.0
startup,31824265,16.663,5,0,241488517.0
startup,31840929,16.664,5,0,241567213.0
startup,31857599,16.67,5,0,241621153.0
startup,31874267,16.668,5,0,241718909.0
startup,31890930,16.663,5,0,241869413.0
startup,31907594,16.664,5,0,241892557.0
startup,31924266,16.672,5,0,241943525.0
startup,31940941,16.675,5,0,242082845.0
startup,31957592,16.651,5,0,242054277.0
startup,31974258,16.666,5,0,242109489.0
startup,31990924,16.666,4,0,242217309.0
startup,32007585,16.661,4,0,242538788.0
startup,32024261,16.676,4,0,242777709.0
startup,32040922,16.661,4,0,243104869.0
startup,32057593,16.671,2,0,243117737.0
startup,32081541,23.948,3,0,243328045.0
startup,32090919,9.378,4,0,243406501.0
startup,32107603,16.684,4,0,243473433.0
startup,32124252,16.649,4,0,243544557.0
startup,32140922,16.67,3,0,243630435.0
startup,32157594,16.672,4,0,243749397.0
startup,32174272,16.678,4,0,243821033.0
startup,32190930,16.658,4,0,243886929.0
startup,32207593,16.663,4,0,243931405.0
startup,32224252,16.659,4,0,243988673.0
startup,32240914,16.662,4,0,244066821.0
startup,32257582,16.668,4,0,244169225.0
startup,32274246,16.664,4,0,244240597.0
startup,32290912,16.666,4,0,244312073.0
startup,32307581,16.669,4,0,244455145.0
startup,32324244,16.663,4,0,244409993.0
startup,32340912,16.668,4,0,244480205.0
startup,32357575,16.663,4,0,244581225.0
startup,32374243,16.668,4,0,244658457.0
startup,32390912,16.669,4,0,244745261.0
startup,32407574,16.662,4,0,244809877.0
startup,32424242,16.668,4,0,244889081.0
startup,32440908,16.666,4,0,244932185.0
startup,32457578,16.67,1,0,245004565.0
startup,32482537,24.959,2,0,245478967.0
startup,32490900,8.363,5,0,245738189.0
startup,32507567,16.667,5,0,246002943.0
startup,32524243,16.676,5,0,246065735.0
startup,32540899,16.656,4,0,246158335.0
startup,32557569,16.67,4,0,246353519.0
startup,32574245,16.676,4,0,246439443.0
startup,32590901,16.656,4,0,246526395.0
startup,32607568,16.667,2,0,246617211.0
startup,32633581,26.013,5,0,246975669.0
startup,32641963,8.382,5,0,246946299.0
startup,32657564,15.601,5,0,247040675.0
startup,32674230,16.666,5,0,247134335.0
startup,32690902,16.672,4,0,247187575.0
startup,32707566,16.664,4,0,247411647.0
startup,32724231,16.665,4,0,247464227.0
startup,32740892,16.661,4,0,247523266.0
startup,32757562,16.67,4,0,247573847.0
startup,32774228,16.666,4,0,247633283.0
startup,32790907,16.679,4,0,247683015.0
startup,32807676,16.769,4,0,247692127.0
startup,32824226,16.55,4,0,247773819.0
startup,32840893,16.667,4,0,247834387.0
startup,32857557,16.664,4,0,247892255.0
startup,32874222,16.665,4,0,247955175.0
startup,32890892,16.67,4,0,248051115.0
startup,32907553,16.661,4,0,248121539.0
startup,32924231,16.678,4,0,248244743.0
startup,32940890,16.659,4,0,248242479.0
startup,32957551,16.661,4,0,248338035.0
startup,32974228,16.677,2,0,248416203.0
startup,32999175,24.947,5,0,248805211.0
startup,33007539,8.364,5,0,249064639.0
startup,33024215,16.676,5,0,249328911.0
startup,33040880,16.665,5,0,249319747.0
startup,33057549,16.669,4,0,249406387.0
startup,33074216,16.667,4,0,249610419.0
startup,33090885,16.669,4,0,249695295.0
startup,33107548,16.663,4,0,249724803.0
startup,33124228,16.68,2,0,249831839.0
startup,33147527,23.299,3,0,250141521.0
startup,33157543,10.016,4,0,250185737.0
startup,33174215,16.672,4,0,250237281.0
startup,33190880,16.665,4,0,250245781.0
startup,33207542,16.662,4,0,250296065.0
startup,33224209,16.667,4,0,250348373.0
startup,33240874,16.665,4,0,250404081.0
startup,33257545,16.671,4,0,250459601.0
startup,33274221,16.676,4,0,250545873.0
startup,33290878,16.657,4,0,250598929.0
startup,33307539,16.661,4,0,250658223.0
startup,33324208,16.669,4,0,250702077.0
startup,33340869,16.661,4,0,250752909.0
startup,33357535,16.666,4,0,250803517.0
startup,33374228,16.693,4,0,250857673.0
startup,33390877,16.649,4,0,250867509.0
startup,33407536,16.659,4,0,250951689.0
startup,33424200,16.664,4,0,251012797.0
startup,33440865,16.665,4,0,251075207.0
startup,33457532,16.667,4,0,251124665.0
startup,33474199,16.667,4,0,251173133.0
startup,33490867,16.668,4,0,251220573.0
startup,33507529,16.662,4,0,251276343.0
startup,33524196,16.667,4,0,251328083.0
startup,33540872,16.676,4,0,251383021.0
startup,33557529,16.657,4,0,251465173.0
startup,33574196,16.667,4,0,251518477.0
startup,33590867,16.671,4,0,251517717.0
startup,33607532,16.665,4,0,251518129.0
startup,33624195,16.663,4,0,251595597.0
startup,33640865,16.67,4,0,251645481.0
startup,33657533,16.668,4,0,251648153.0
startup,33674199,16.666,4,0,251648565.0
startup,33690864,16.665,4,0,251648977.0
startup,33707522,16.658,4,0,251758373.0
startup,33724193,16.671,4,0,251809105.0
startup,33740852,16.659,4,0,251857861.0
startup,33757522,16.67,4,0,251907949.0
startup,33774192,16.67,4,0,251961345.0
startup,33790852,16.66,4,0,252017341.0
startup,33807531,16.679,4,0,252091295.0
startup,33824217,16.686,4,0,252091869.0
startup,33840858,16.641,4,0,252092281.0
startup,33857531,16.673,4,0,252181849.0
startup,33874193,16.662,4,0,252185929.0
startup,33890857,16.664,4,0,252186341.0
startup,33907521,16.664,4,0,252186753.0
startup,33924204,16.683,4,0,252187165.0
startup,33940856,16.652,4,0,252187577.0
startup,33957520,16.664,4,0,252187989.0
startup,33974188,16.668,4,0,252188401.0
startup,33990869,16.681,4,0,252417257.0
startup,34007513,16.644,4,0,252474493.0
startup,34024185,16.672,4,0,252480565.0
startup,34040855,16.67,4,0,252480973.0
startup,34057516,16.661,4,0,252481385.0
startup,34074205,16.689,4,0,252481797.0
startup,34090844,16.639,4,0,252624877.0
startup,34107507,16.663,4,0,252691285.0
startup,34124172,16.665,4,0,252747907.0
startup,34140854,16.682,4,0,252794541.0
startup,34157507,16.653,4,0,252845965.0
startup,34174174,16.667,4,0,252745573.0
startup,34190839,16.665,4,0,252806701.0
startup,34207513,16.674,4,0,252881509.0
startup,34224176,16.663,4,0,252881945.0
startup,34240841,16.665,4,0,252882405.0
startup,34257509,16.668,4,0,252882817.0
startup,34274177,16.668,4,0,252883301.0
startup,34290841,16.664,4,0,252883713.0
startup,34307496,16.655,4,0,253075005.0
startup,34324162,16.666,4,0,253123577.0
startup,34340829,16.667,4,0,253150661.0
startup,34357496,16.667,4,0,253203725.0
startup,34374163,16.667,4,0,253254561.0
startup,34390829,16.666,4,0,253308217.0
startup,34407496,16.667,4,0,253365265.0
startup,34424162,16.666,4,0,253413425.0
startup,34440836,16.674,4,0,253539713.0
startup,34457494,16.658,4,0,253496157.0
startup,34474158,16.664,4,0,253571761.0
startup,34490823,16.665,4,0,253626213.0
startup,34507490,16.667,4,0,253630701.0
startup,34524157,16.667,4,0,253682557.0
startup,34540820,16.663,4,0,253737569.0
startup,34557488,16.668,4,0,253795903.0
startup,34574154,16.666,4,0,253847649.0
startup,34590821,16.667,4,0,253904797.0
startup,34607493,16.672,4,0,253988957.0
startup,34624155,16.662,4,0,254051201.0
startup,34640821,16.666,4,0,254062553.0
startup,34657484,16.663,4,0,254124897.0
startup,34674161,16.677,4,0,254173921.0
startup,34690819,16.658,4,0,254227009.0
startup,34707487,16.668,4,0,254242533.0
startup,34724149,16.662,4,0,254292225.0
startup,34740814,16.665,4,0,254371437.0
startup,34757485,16.671,4,0,254433263.0
startup,34774149,16.664,4,0,254506505.0
startup,34790829,16.68,3,0,254573437.0
startup,34807508,16.679,3,0,254863669.0
startup,34824146,16.638,4,0,255151377.0
startup,34840815,16.669,4,0,255371097.0
startup,34857474,16.659,4,0,255607629.0
startup,34874144,16.67,4,0,255934533.0
startup,34890807,16.663,4,0,256172257.0
startup,34916362,25.555,5,0,256524077.0
startup,34924860,8.498,6,0,256784441.0
startup,34940809,15.949,6,0,257018419.0
startup,34957473,16.664,5,0,257183173.0
startup,34974139,16.666,5,0,257477201.0
startup,34990804,16.665,5,0,257725565.0
startup,35007468,16.664,5,0,258023013.0
startup,35024134,16.666,4,0,258273889.0
startup,35040800,16.666,4,0,257763829.0
startup,35057468,16.668,4,0,258018705.0
startup,35074174,16.706,4,0,258237197.0
startup,35090806,16.632,3,0,258384633.0
startup,35107475,16.669,3,0,258538049.0
startup,35124163,16.688,4,0,258594105.0
startup,35140802,16.639,4,0,258651127.0
startup,35157503,16.701,4,0,258724329.0
startup,35174130,16.627,4,0,258800241.0
startup,35190798,16.668,4,0,258861873.0
startup,35207461,16.663,4,0,258919245.0
startup,35224130,16.669,4,0,258979897.0
startup,35240795,16.665,4,0,259034993.0
startup,35257460,16.665,4,0,259092125.0
startup,35274142,16.682,4,0,259189041.0
startup,35290792,16.65,4,0,259295801.0
startup,35307457,16.665,4,0,259362097.0
startup,35324144,16.687,4,0,259412393.0
startup,35340787,16.643,4,0,259460957.0
startup,35357455,16.668,4,0,259509069.0
startup,35374124,16.669,4,0,259559401.0
startup,35390790,16.666,4,0,259662165.0
startup,35407454,16.664,4,0,259760515.0
startup,35424122,16.668,4,0,259779485.0
startup,35440788,16.666,4,0,259863633.0
startup,35457454,16.666,4,0,259915221.0
startup,35474119,16.665,4,0,259966889.0
startup,35490788,16.669,4,0,260016901.0
startup,35507450,16.662,4,0,260068649.0
startup,35524117,16.667,4,0,260129705.0
startup,35540782,16.665,4,0,260197257.0
startup,35557449,16.667,4,0,260264409.0
startup,35574135,16.686,4,0,260334261.0
startup,35590779,16.644,4,0,260421285.0
startup,35607451,16.672,4,0,260511905.0
startup,35624115,16.664,4,0,260590985.0
startup,35640776,16.661,4,0,260667521.0
startup,35657444,16.668,4,0,260751489.0
startup,35674119,16.675,4,0,260776801.0
startup,35690775,16.656,4,0,260837965.0
startup,35707443,16.668,4,0,260981733.0
startup,35724109,16.666,4,0,260979721.0
startup,35740774,16.665,4,0,261048125.0
startup,35757443,16.669,4,0,261102361.0
startup,35774105,16.662,4,0,261163811.0
startup,35790927,16.822,4,0,261212613.0
startup,35807439,16.512,4,0,261268913.0
startup,35824104,16.665,4,0,261356137.0
startup,35840773,16.669,4,0,261406401.0
startup,35857446,16.673,4,0,261455073.0
startup,35874108,16.662,4,0,261532629.0
startup,35890772,16.664,4,0,261586221.0
startup,35907434,16.662,4,0,261638493.0
startup,35924101,16.667,4,0,261688333.0
startup,35940765,16.664,4,0,261735157.0
startup,35957433,16.668,4,0,261788737.0
startup,35974100,16.667,4,0,261840449.0
startup,35990769,16.669,4,0,261887941.0
startup,36007438,16.669,4,0,261949575.0
startup,36024099,16.661,4,0,262000737.0
startup,36040772,16.673,4,0,262066137.0
startup,36057431,16.659,4,0,262061841.0
startup,36074098,16.667,4,0,262112605.0
startup,36090760,16.662,4,0,262161953.0
startup,36107425,16.665,4,0,262212445.0
startup,36124097,16.672,4,0,262268473.0
startup,36140757,16.66,4,0,262322649.0
startup,36157424,16.667,4,0,262379057.0
startup,36174111,16.687,4,0,262431681.0
startup,36190763,16.652,4,0,262473737.0
startup,36207424,16.661,4,0,262527785.0
startup,36224091,16.667,4,0,262537621.0
startup,36240755,16.664,4,0,262589289.0
startup,36257420,16.665,3,0,262641545.0
startup,36274085,16.665,3,0,262965965.0
startup,36290754,16.669,4,0,263202013.0
startup,36307422,16.668,4,0,263480313.0
startup,36324108,16.686,4,0,263791097.0
startup,36340751,16.643,1,0,263972093.0
startup,36366998,26.247,5,0,264521945.0
startup,36375273,8.275,6,0,264686689.0
startup,36390747,15.474,6,0,265001325.0
startup,36407423,16.676,6,0,265430673.0
startup,36424087,16.664,6,0,265668677.0
startup,36440753,16.666,6,0,265970689.0
startup,36457416,16.663,6,0,266261973.0
startup,36474078,16.662,6,0,266505477.0
startup,36490747,16.669,6,0,266143105.0
startup,36507408,16.661,6,0,266308365.0
startup,36524249,16.841,6,0,266384289.0
streaming_baseline,36540830,16.581,6,0,265916645.0
streaming_baseline,36557503,16.673,6,0,265927581.0
streaming_baseline,36574151,16.648,6,0,265992657.0
streaming_baseline,36590825,16.674,6,0,266057529.0
streaming_baseline,36607484,16.659,6,0,266121471.0
streaming_baseline,36624175,16.691,6,0,266197273.0
streaming_baseline,36640828,16.653,6,0,266285525.0
streaming_baseline,36657493,16.665,6,0,266367361.0
streaming_baseline,36674169,16.676,6,0,266417153.0
streaming_baseline,36690830,16.661,5,0,266515401.0
streaming_baseline,36707490,16.66,5,0,266700625.0
streaming_baseline,36724176,16.686,5,0,267007805.0
streaming_baseline,36740820,16.644,5,0,267230229.0
streaming_baseline,36757479,16.659,4,0,267280309.0
streaming_baseline,36774177,16.698,4,0,267532205.0
streaming_baseline,36790822,16.645,4,0,267973817.0
streaming_baseline,36807604,16.782,4,0,268038493.0
streaming_baseline,36824151,16.547,4,0,268081309.0
streaming_baseline,36840825,16.674,3,0,268187461.0
streaming_baseline,36857482,16.657,3,0,268648557.0
streaming_baseline,36874147,16.665,3,0,268671999.0
streaming_baseline,36890811,16.664,3,0,268725849.0
streaming_baseline,36907493,16.682,4,0,268944501.0
streaming_baseline,36924140,16.647,4,0,269004607.0
streaming_baseline,36940804,16.664,4,0,269055081.0
streaming_baseline,36957483,16.679,4,0,269116537.0
streaming_baseline,36974143,16.66,4,0,269167301.0
streaming_baseline,36990807,16.664,4,0,269247017.0
streaming_baseline,37007477,16.67,4,0,269312237.0
streaming_baseline,37024150,16.673,4,0,269368835.0
streaming_baseline,37040805,16.655,4,0,269417993.0
streaming_baseline,37057470,16.665,4,0,269506855.0
streaming_baseline,37074148,16.678,4,0,269557213.0
streaming_baseline,37090800,16.652,4,0,269613953.0
streaming_baseline,37107463,16.663,4,0,269671205.0
streaming_baseline,37124134,16.671,3,0,269739103.0
streaming_baseline,37140798,16.664,4,0,269983049.0
streaming_baseline,37157482,16.684,4,0,270271229.0
streaming_baseline,37174141,16.659,4,0,270495529.0
streaming_baseline,37190831,16.69,1,0,270411173.0
streaming_baseline,37213808,22.977,2,0,270779205.0
streaming_baseline,37224130,10.322,3,0,270786719.0
streaming_baseline,37240788,16.658,3,0,270856955.0
streaming_baseline,37257474,16.686,4,0,270941615.0
streaming_baseline,37274147,16.673,3,0,271005619.0
streaming_baseline,37290806,16.659,3,0,271169031.0
streaming_baseline,37307479,16.673,3,0,271241821.0
streaming_baseline,37324137,16.658,3,0,271306995.0
streaming_baseline,37340786,16.649,0,0,271364667.0
streaming_baseline,37364819,24.033,1,0,271648681.0
streaming_baseline,37374126,9.307,5,0,271661529.0
streaming_baseline,37390797,16.671,5,0,271730517.0
streaming_baseline,37407459,16.662,5,0,271815685.0
streaming_baseline,37424136,16.677,5,0,271896657.0
streaming_baseline,37440798,16.662,5,0,271979633.0
streaming_baseline,37457467,16.669,5,0,271987005.0
streaming_baseline,37474130,16.663,5,0,271987417.0
streaming_baseline,37490814,16.684,5,0,272098665.0
streaming_baseline,37507453,16.639,5,0,272150873.0
streaming_baseline,37524125,16.672,5,0,272223433.0
streaming_baseline,37540798,16.673,5,0,272275713.0
streaming_baseline,37557448,16.65,5,0,272328313.0
streaming_baseline,37574116,16.668,5,0,272382677.0
streaming_baseline,37590789,16.673,5,0,272438601.0
streaming_baseline,37607446,16.657,5,0,272498781.0
streaming_baseline,37624118,16.672,5,0,272562957.0
streaming_baseline,37640787,16.669,5,0,272617541.0
streaming_baseline,37657449,16.662,5,0,272676057.0
streaming_baseline,37674125,16.676,5,0,272738811.0
streaming_baseline,37690778,16.653,5,0,272787093.0
streaming_baseline,37707458,16.68,5,0,272799681.0
streaming_baseline,37724105,16.647,5,0,272854957.0
streaming_baseline,37740782,16.677,5,0,272909113.0
streaming_baseline,37757447,16.665,5,0,272970209.0
streaming_baseline,37774107,16.66,5,0,273023131.0
streaming_baseline,37790782,16.675,5,0,273077363.0
streaming_baseline,37807457,16.675,5,0,273083725.0
streaming_baseline,37824113,16.656,5,0,273146353.0
streaming_baseline,37840766,16.653,5,0,273188421.0
streaming_baseline,37857449,16.683,5,0,273241059.0
streaming_baseline,37874125,16.676,5,0,273248317.0
streaming_baseline,37890782,16.657,5,0,273300451.0
streaming_baseline,37907460,16.678,5,0,273356797.0
streaming_baseline,37924105,16.645,5,0,273431013.0
streaming_baseline,37940774,16.669,5,0,273522047.0
streaming_baseline,37957472,16.698,5,0,273530337.0
streaming_baseline,37974103,16.631,5,0,273589725.0
streaming_baseline,37990763,16.66,5,0,273649197.0
streaming_baseline,38007431,16.668,5,0,273832809.0
streaming_baseline,38024097,16.666,5,0,273884729.0
streaming_baseline,38040774,16.677,5,0,273977605.0
streaming_baseline,38057428,16.654,5,0,274082085.0
streaming_baseline,38074095,16.667,5,0,274143049.0
streaming_baseline,38090773,16.678,5,0,274232945.0
streaming_baseline,38107422,16.649,5,0,274286745.0
streaming_baseline,38124095,16.673,5,0,274340797.0
streaming_baseline,38140755,16.66,5,0,274402287.0
streaming_baseline,38157434,16.679,5,0,274494879.0
streaming_baseline,38174088,16.654,5,0,274554463.0
streaming_baseline,38190755,16.667,5,0,274608945.0
streaming_baseline,38207446,16.691,5,0,274748797.0
streaming_baseline,38224092,16.646,5,0,274732817.0
streaming_baseline,38240772,16.68,5,0,274794161.0
streaming_baseline,38257419,16.647,5,0,274846365.0
streaming_baseline,38274136,16.717,5,0,274898089.0
streaming_baseline,38290761,16.625,5,0,274950521.0
streaming_baseline,38307419,16.658,5,0,275051749.0
streaming_baseline,38324125,16.706,5,0,275095521.0
streaming_baseline,38340745,16.62,5,0,275182201.0
streaming_baseline,38357418,16.673,5,0,275290517.0
streaming_baseline,38374085,16.667,5,0,275344853.0
streaming_baseline,38390757,16.672,5,0,275397893.0
streaming_baseline,38407413,16.656,5,0,275449303.0
streaming_baseline,38424094,16.681,5,0,275456561.0
streaming_baseline,38440756,16.662,5,0,275460941.0
streaming_baseline,38457435,16.679,5,0,275490349.0
streaming_baseline,38474114,16.679,5,0,275541185.0
streaming_baseline,38490767,16.653,5,0,275626637.0
streaming_baseline,38507421,16.654,5,0,275713919.0
streaming_baseline,38524095,16.674,5,0,275723761.0
streaming_baseline,38540761,16.666,5,0,275771993.0
streaming_baseline,38557422,16.661,5,0,275817641.0
streaming_baseline,38574095,16.673,5,0,275828493.0
streaming_baseline,38590745,16.65,5,0,275878333.0
streaming_baseline,38607413,16.668,5,0,275928233.0
streaming_baseline,38624085,16.672,3,0,275939293.0
streaming_baseline,38649708,25.623,4,0,276301785.0
streaming_baseline,38657417,7.709,4,0,276461233.0
streaming_baseline,38674110,16.693,4,0,276635013.0
streaming_baseline,38690756,16.646,4,0,277061025.0
streaming_baseline,38707404,16.648,4,0,277313405.0
streaming_baseline,38724081,16.677,4,0,277636873.0
streaming_baseline,38740751,16.67,4,0,277819737.0
streaming_baseline,38757405,16.654,4,0,278281657.0
streaming_baseline,38774074,16.669,3,0,278614157.0
streaming_baseline,38790736,16.662,3,0,278848437.0
streaming_baseline,38807412,16.676,3,0,279034669.0
streaming_baseline,38824092,16.68,3,0,279368753.0
streaming_baseline,38840740,16.648,2,0,279638145.0
streaming_baseline,38857412,16.672,2,0,279186065.0
streaming_baseline,38874068,16.656,2,0,279462573.0
streaming_baseline,38890749,16.681,4,0,279683425.0
streaming_baseline,38907416,16.667,4,0,279682981.0
streaming_baseline,38924105,16.689,4,0,279778273.0
streaming_baseline,38940730,16.625,4,0,279843631.0
streaming_baseline,38957387,16.657,4,0,279897697.0
streaming_baseline,38974056,16.669,4,0,279967101.0
streaming_baseline,38990726,16.67,4,0,280044989.0
streaming_baseline,39007393,16.667,4,0,280108891.0
streaming_baseline,39024094,16.701,4,0,280116133.0
streaming_baseline,39040721,16.627,4,0,280176241.0
streaming_baseline,39057396,16.675,4,0,280261389.0
streaming_baseline,39074067,16.671,4,0,280331809.0
streaming_baseline,39090724,16.657,4,0,280389749.0
streaming_baseline,39107391,16.667,4,0,280450859.0
streaming_baseline,39124077,16.686,4,0,280524333.0
streaming_baseline,39140751,16.674,4,0,280539293.0
streaming_baseline,39157405,16.654,1,0,280614777.0
streaming_baseline,39183545,26.14,2,0,281091823.0
streaming_baseline,39191275,7.73,3,0,281333627.0
streaming_baseline,39207401,16.126,3,0,281486167.0
streaming_baseline,39224075,16.674,3,0,281517111.0
streaming_baseline,39240725,16.65,3,0,281622987.0
streaming_baseline,39257391,16.666,3,0,281832711.0
streaming_baseline,39274052,16.661,3,0,281907419.0
streaming_baseline,39290717,16.665,3,0,281972731.0
streaming_baseline,39307385,16.668,3,0,282050059.0
streaming_baseline,39324041,16.656,3,0,282123427.0
streaming_baseline,39340721,16.68,0,0,282182527.0
streaming_baseline,39367193,26.472,5,0,282468581.0
streaming_baseline,39374829,7.636,6,0,282550361.0
streaming_baseline,39390726,15.897,6,0,282564861.0
streaming_baseline,39407371,16.645,6,0,282641389.0
streaming_baseline,39424039,16.668,6,0,282698049.0
streaming_baseline,39440713,16.674,6,0,282753525.0
streaming_baseline,39457384,16.671,6,0,282812481.0
streaming_baseline,39474034,16.65,6,0,282908557.0
streaming_baseline,39490720,16.686,6,0,282967633.0
streaming_baseline,39507377,16.657,6,0,283020201.0
streaming_baseline,39524042,16.665,6,0,283075793.0
streaming_baseline,39540707,16.665,6,0,283156781.0
streaming_baseline,39557369,16.662,6,0,283209457.0
streaming_baseline,39574049,16.68,6,0,283264593.0
streaming_baseline,39590704,16.655,6,0,283322373.0
streaming_baseline,39607381,16.677,6,0,283388937.0
streaming_baseline,39624069,16.688,5,0,283456125.0
streaming_baseline,39640698,16.629,5,0,283772513.0
streaming_baseline,39657371,16.673,5,0,284033743.0
streaming_baseline,39674044,16.673,5,0,284257077.0
streaming_baseline,39690696,16.652,4,0,284219773.0
streaming_baseline,39707375,16.679,4,0,284686405.0
streaming_baseline,39724055,16.68,4,0,284880137.0
streaming_baseline,39740692,16.637,4,0,284920517.0
streaming_baseline,39757369,16.677,4,0,284993345.0
streaming_baseline,39774022,16.653,4,0,285076349.0
streaming_baseline,39790703,16.681,4,0,285147201.0
streaming_baseline,39807373,16.67,4,0,285149909.0
streaming_baseline,39824029,16.656,4,0,285279077.0
streaming_baseline,39840703,16.674,4,0,285349093.0
streaming_baseline,39857363,16.66,4,0,285456649.0
streaming_baseline,39874028,16.665,4,0,285494389.0
streaming_baseline,39890688,16.66,4,0,285562633.0
streaming_baseline,39907386,16.698,4,0,285654305.0
streaming_baseline,39924032,16.646,4,0,285717977.0
streaming_baseline,39940695,16.663,4,0,285792765.0
streaming_baseline,39957367,16.672,4,0,285853917.0
streaming_baseline,39974016,16.649,4,0,285919421.0
streaming_baseline,39990687,16.671,4,0,285974865.0
streaming_baseline,40007400,16.713,4,0,286044149.0
streaming_baseline,40024017,16.617,4,0,286110957.0
streaming_baseline,40040689,16.672,4,0,286188349.0
streaming_baseline,40057351,16.662,4,0,286260375.0
streaming_baseline,40074020,16.669,3,0,286339017.0
streaming_baseline,40090700,16.68,3,0,286509957.0
streaming_baseline,40107349,16.649,3,0,286723249.0
streaming_baseline,40124016,16.667,3,0,287009933.0
streaming_baseline,40140679,16.663,3,0,287046757.0
streaming_baseline,40157353,16.674,3,0,287101887.0
streaming_baseline,40174031,16.678,4,0,287143305.0
streaming_baseline,40190683,16.652,4,0,287201205.0
streaming_baseline,40207355,16.672,4,0,287210013.0
streaming_baseline,40224021,16.666,4,0,287265089.0
streaming_baseline,40240715,16.694,4,0,287319205.0
streaming_baseline,40257349,16.634,4,0,287371241.0
streaming_baseline,40274010,16.661,4,0,287423677.0
streaming_baseline,40290669,16.659,4,0,287482505.0
streaming_baseline,40307358,16.689,4,0,287536733.0
streaming_baseline,40324027,16.669,4,0,287593957.0
streaming_baseline,40340677,16.65,4,0,287643945.0
streaming_baseline,40357344,16.667,4,0,287698889.0
streaming_baseline,40374008,16.664,3,0,287777761.0
streaming_baseline,40390686,16.678,3,0,288127853.0
streaming_baseline,40407357,16.671,4,0,288299245.0
streaming_baseline,40424002,16.645,4,0,288533749.0
streaming_baseline,40440669,16.667,1,0,288479933.0
streaming_baseline,40466312,25.643,2,0,288873329.0
streaming_baseline,40474065,7.753,3,0,288882471.0
streaming_baseline,40490680,16.615,3,0,288947113.0
streaming_baseline,40507328,16.648,3,0,289008721.0
streaming_baseline,40524004,16.676,3,0,289072575.0
streaming_baseline,40540686,16.682,3,0,289286245.0
streaming_baseline,40557331,16.645,3,0,289341759.0
streaming_baseline,40574004,16.673,3,0,289349225.0
streaming_baseline,40590671,16.667,3,0,289428213.0
streaming_baseline,40607335,16.664,3,0,289520041.0
streaming_baseline,40623995,16.66,3,0,289623059.0
streaming_baseline,40640657,16.662,4,0,289719309.0
streaming_baseline,40657333,16.676,4,0,289813121.0
streaming_baseline,40673999,16.666,4,0,289936441.0
streaming_baseline,40690665,16.666,4,0,289934145.0
streaming_baseline,40707339,16.674,4,0,290052237.0
streaming_baseline,40723991,16.652,4,0,290128805.0
streaming_baseline,40740655,16.664,4,0,290216373.0
streaming_baseline,40757316,16.661,4,0,290290653.0
streaming_baseline,40774001,16.685,4,0,290376341.0
streaming_baseline,40790691,16.69,4,0,290451241.0
streaming_baseline,40807329,16.638,4,0,290525529.0
streaming_baseline,40824014,16.685,1,0,290521953.0
streaming_baseline,40848785,24.771,2,0,290900777.0
streaming_baseline,40857330,8.545,3,0,291279429.0
streaming_baseline,40874020,16.69,4,0,291383373.0
streaming_baseline,40890653,16.633,4,0,291431009.0
streaming_baseline,40907328,16.675,4,0,291542011.0
streaming_baseline,40924010,16.682,3,0,291605257.0
streaming_baseline,40940650,16.64,3,0,291888621.0
streaming_baseline,40957323,16.673,3,0,291923301.0
streaming_baseline,40973988,16.665,3,0,291987125.0
streaming_baseline,40990658,16.67,1,0,292128813.0
streaming_baseline,41015538,24.88,2,0,292359819.0
streaming_baseline,41023979,8.441,3,0,292448381.0
streaming_baseline,41040659,16.68,3,0,292446849.0
streaming_baseline,41057320,16.661,3,0,292509721.0
streaming_baseline,41074037,16.717,3,0,292565093.0
streaming_baseline,41090675,16.638,3,0,292625113.0
streaming_baseline,41107313,16.638,4,0,292753097.0
streaming_baseline,41123977,16.664,4,0,292815381.0
streaming_baseline,41140640,16.663,4,0,292871373.0
streaming_baseline,41157308,16.668,4,0,292940675.0
streaming_baseline,41173986,16.678,4,0,293014973.0
streaming_baseline,41190647,16.661,4,0,293021205.0
streaming_baseline,41207314,16.667,4,0,293078885.0
streaming_baseline,41223967,16.653,4,0,293132441.0
streaming_baseline,41240650,16.683,4,0,293195285.0
streaming_baseline,41257320,16.67,4,0,293279053.0
streaming_baseline,41273973,16.653,4,0,293337849.0
streaming_baseline,41290641,16.668,3,0,293400857.0
streaming_baseline,41307297,16.656,3,0,293617855.0
streaming_baseline,41323978,16.681,3,0,293906745.0
streaming_baseline,41340635,16.657,4,0,294125905.0
streaming_baseline,41357295,16.66,4,0,294090769.0
streaming_baseline,41373953,16.658,4,0,294148061.0
streaming_baseline,41390631,16.678,4,0,294203409.0
streaming_baseline,41407302,16.671,4,0,294261553.0
streaming_baseline,41423957,16.655,4,0,294310737.0
streaming_baseline,41440636,16.679,4,0,294369857.0
streaming_baseline,41457296,16.66,4,0,294419661.0
streaming_baseline,41473966,16.67,4,0,294478381.0
streaming_baseline,41490645,16.679,4,0,294539071.0
streaming_baseline,41507289,16.644,4,0,294596027.0
streaming_baseline,41523968,16.679,4,0,294603277.0
compact_history_control,41540641,16.673,5,0,294559445.0
compact_history_control,41557302,16.661,1,0,294623097.0
compact_history_control,41583864,26.562,4,0,295252575.0
compact_history_control,41609141,25.277,3,0,296500445.0
compact_history_control,41618734,9.593,3,2,296931553.0
compact_history_control,41628148,9.414,5,2,296631813.0
compact_history_control,41642348,14.2,7,2,296822053.0
compact_history_control,41659013,16.665,7,2,297114505.0
compact_history_control,41675678,16.665,7,2,297066277.0
compact_history_control,41692346,16.668,7,2,297117293.0
compact_history_control,41709045,16.699,7,2,297209281.0
compact_history_control,41725677,16.632,7,2,297270279.0
compact_history_control,41742340,16.663,7,2,297326665.0
compact_history_control,41759012,16.672,7,2,297411957.0
compact_history_control,41775676,16.664,7,2,297493479.0
compact_history_control,41792343,16.667,7,2,297543537.0
compact_history_control,41809097,16.754,7,2,297599569.0
compact_history_control,41825696,16.599,7,2,297658977.0
compact_history_control,41842344,16.648,7,2,297673649.0
compact_history_control,41859007,16.663,7,2,297697269.0
compact_history_control,41875670,16.663,7,2,297766757.0
compact_history_control,41892339,16.669,7,2,297857213.0
compact_history_control,41909004,16.665,5,2,297908733.0
compact_history_control,41925674,16.67,5,2,298124319.0
compact_history_control,41942337,16.663,4,2,298242513.0
compact_history_control,41959001,16.664,4,2,298421883.0
compact_history_control,41975671,16.67,4,2,298156661.0
compact_history_control,41992339,16.668,5,2,298439785.0
compact_history_control,42009000,16.661,5,2,298726693.0
compact_history_control,42025669,16.669,5,2,298772211.0
compact_history_control,42042335,16.666,5,2,298834453.0
compact_history_control,42059007,16.672,5,2,298877129.0
compact_history_control,42075665,16.658,5,2,298932913.0
compact_history_control,42092333,16.668,5,2,298945505.0
compact_history_control,42108997,16.664,5,2,299003001.0
compact_history_control,42125661,16.664,5,2,299086001.0
compact_history_control,42142328,16.667,5,2,299160749.0
compact_history_control,42159000,16.672,5,2,299221477.0
compact_history_control,42175675,16.675,5,2,299318677.0
compact_history_control,42192332,16.657,5,2,299350909.0
compact_history_control,42208993,16.661,5,2,299365301.0
compact_history_control,42225666,16.673,5,2,299427305.0
compact_history_control,42242320,16.654,5,2,299493441.0
compact_history_control,42259014,16.694,5,2,299546561.0
compact_history_control,42275659,16.645,5,2,299593205.0
compact_history_control,42292323,16.664,5,2,299639733.0
compact_history_control,42308987,16.664,5,2,299702681.0
compact_history_control,42325655,16.668,5,2,299760129.0
compact_history_control,42342325,16.67,5,2,299857673.0
compact_history_control,42358985,16.66,5,2,299938735.0
compact_history_control,42375656,16.671,5,2,299963969.0
compact_history_control,42392327,16.671,5,2,300037493.0
compact_history_control,42408995,16.668,5,2,300099037.0
compact_history_control,42425652,16.657,5,2,300197841.0
compact_history_control,42442315,16.663,5,2,300274207.0
compact_history_control,42458993,16.678,5,2,300325621.0
compact_history_control,42475647,16.654,5,2,300383957.0
compact_history_control,42492319,16.672,5,2,300396549.0
compact_history_control,42508980,16.661,5,2,300460545.0
compact_history_control,42525645,16.665,5,2,300521041.0
compact_history_control,42542311,16.666,5,2,300578977.0
compact_history_control,42558976,16.665,5,2,300632801.0
compact_history_control,42575640,16.664,5,2,300696357.0
compact_history_control,42592308,16.668,5,2,300747705.0
compact_history_control,42608977,16.669,5,2,300799413.0
compact_history_control,42625647,16.67,5,2,300812001.0
compact_history_control,42642306,16.659,5,2,300875725.0
compact_history_control,42658969,16.663,5,2,300935309.0
compact_history_control,42675642,16.673,5,2,300992445.0
compact_history_control,42692305,16.663,5,2,301045949.0
compact_history_control,42708968,16.663,5,2,301094413.0
compact_history_control,42725749,16.781,5,2,301152945.0
compact_history_control,42742306,16.557,5,2,301207729.0
compact_history_control,42758969,16.663,5,2,301216593.0
compact_history_control,42775637,16.668,5,2,301278437.0
compact_history_control,42792306,16.669,5,2,301357101.0
compact_history_control,42808974,16.668,5,2,301436305.0
compact_history_control,42825642,16.668,5,2,301484389.0
compact_history_control,42842306,16.664,5,2,301528477.0
compact_history_control,42858973,16.667,5,2,301607161.0
compact_history_control,42875632,16.659,5,2,301659693.0
compact_history_control,42892302,16.67,5,2,301712445.0
compact_history_control,42908963,16.661,5,2,301772713.0
compact_history_control,42925653,16.69,5,2,301840013.0
compact_history_control,42942294,16.641,5,2,301895273.0
compact_history_control,42958957,16.663,5,2,301956775.0
compact_history_control,42975631,16.674,5,2,302004241.0
compact_history_control,42992292,16.661,5,2,302054321.0
compact_history_control,43008966,16.674,5,2,302137609.0
compact_history_control,43025626,16.66,5,2,302243635.0
compact_history_control,43042290,16.664,5,2,302296669.0
compact_history_control,43058957,16.667,5,2,302327793.0
compact_history_control,43075626,16.669,5,2,302394997.0
compact_history_control,43092288,16.662,5,2,302456093.0
compact_history_control,43108955,16.667,5,2,302507413.0
compact_history_control,43125619,16.664,5,2,302567595.0
compact_history_control,43142287,16.668,5,2,302610713.0
compact_history_control,43158957,16.67,5,2,302683645.0
compact_history_control,43175624,16.667,5,2,302786635.0
compact_history_control,43192286,16.662,5,2,302843961.0
compact_history_control,43208953,16.667,3,2,302894477.0
compact_history_control,43225619,16.666,3,2,303120785.0
compact_history_control,43242278,16.659,3,2,303202021.0
compact_history_control,43258945,16.667,0,2,303587089.0
compact_history_control,43275635,16.69,3,2,303392457.0
compact_history_control,43292296,16.661,3,2,303547155.0
compact_history_control,43308953,16.657,0,2,303827009.0
compact_history_control,43325610,16.657,0,2,304053445.0
compact_history_control,43342275,16.665,3,2,303998965.0
compact_history_control,43358946,16.671,3,2,304349781.0
compact_history_control,43375611,16.665,0,2,304608629.0
compact_history_control,43392269,16.658,0,2,304833189.0
compact_history_control,43408948,16.679,3,2,304701943.0
compact_history_control,43425610,16.662,3,2,304956613.0
compact_history_control,43442279,16.669,2,2,305364609.0
compact_history_control,43458942,16.663,2,2,305451165.0
compact_history_control,43475619,16.677,0,2,305591157.0
compact_history_control,43492277,16.658,4,2,305419745.0
compact_history_control,43508944,16.667,4,2,305791637.0
compact_history_control,43525612,16.668,3,2,305992049.0
compact_history_control,43542265,16.653,2,2,306219997.0
compact_history_control,43558953,16.688,4,2,306215741.0
compact_history_control,43575604,16.651,1,2,306642497.0
compact_history_control,43592267,16.663,1,2,306894377.0
compact_history_control,43608931,16.664,0,2,307041277.0
compact_history_control,43625616,16.685,4,2,306921613.0
compact_history_control,43642272,16.656,4,2,307198077.0
compact_history_control,43658967,16.695,3,2,308721793.0
compact_history_control,43675596,16.629,3,2,308902437.0
compact_history_control,43692276,16.68,2,2,309298421.0
compact_history_control,43709107,16.831,1,2,308975009.0
compact_history_control,43725605,16.498,1,2,309329633.0
compact_history_control,43742271,16.666,2,2,308972489.0
compact_history_control,43758933,16.662,2,2,309153109.0
compact_history_control,43775620,16.687,0,2,309412829.0
compact_history_control,43792272,16.652,4,2,309083461.0
compact_history_control,43808947,16.675,4,2,309411685.0
compact_history_control,43825604,16.657,4,2,309903461.0
compact_history_control,43842881,17.277,3,2,309930029.0
compact_history_control,43859852,16.971,4,2,309907313.0
compact_history_control,43875595,15.743,3,2,310111241.0
compact_history_control,43892270,16.675,3,2,310397941.0
compact_history_control,43909710,17.44,0,2,310478053.0
compact_history_control,43925604,15.894,5,2,310471773.0
compact_history_control,43942270,16.666,5,2,310656283.0
compact_history_control,43959606,17.336,5,2,310895037.0
compact_history_control,43975600,15.994,5,2,310910113.0
compact_history_control,43992252,16.652,4,2,311139549.0
compact_history_control,44009458,17.206,4,2,310886481.0
compact_history_control,44025596,16.138,5,2,311170177.0
compact_history_control,44042268,16.672,5,2,311378009.0
compact_history_control,44059330,17.062,3,2,311674481.0
compact_history_control,44075614,16.284,3,2,312081853.0
compact_history_control,44092251,16.637,2,2,312237481.0
compact_history_control,44108922,16.671,4,2,312143341.0
compact_history_control,44125583,16.661,5,2,312411243.0
compact_history_control,44142252,16.669,5,2,312658325.0
compact_history_control,44158942,16.69,5,2,312989765.0
compact_history_control,44175606,16.664,1,2,313130237.0
compact_history_control,44192385,16.779,2,2,313390557.0
compact_history_control,44208911,16.526,2,2,313491613.0
compact_history_control,44225577,16.666,1,2,313812825.0
compact_history_control,44242244,16.667,5,2,313476857.0
compact_history_control,44258960,16.716,6,2,313832005.0
compact_history_control,44275590,16.63,6,2,314112741.0
compact_history_control,44292253,16.663,3,2,314365977.0
compact_history_control,44308910,16.657,4,2,314675405.0
compact_history_control,44325579,16.669,4,2,314781137.0
compact_history_control,44342241,16.662,3,2,315088749.0
compact_history_control,44358952,16.711,4,2,314791837.0
compact_history_control,44375579,16.627,5,2,315017811.0
compact_history_control,44392244,16.665,5,2,315268345.0
compact_history_control,44408911,16.667,5,2,315503289.0
compact_history_control,44425600,16.689,5,2,315674981.0
compact_history_control,44442249,16.649,5,2,316031669.0
compact_history_control,44458942,16.693,5,2,316285613.0
compact_history_control,44475575,16.633,5,2,316561333.0
compact_history_control,44492248,16.673,5,2,316806881.0
compact_history_control,44508910,16.662,5,2,317125333.0
compact_history_control,44525597,16.687,5,2,317264277.0
compact_history_control,44542236,16.639,5,2,317420453.0
compact_history_control,44559062,16.826,5,2,317640545.0
compact_history_control,44575569,16.507,5,2,317624781.0
compact_history_control,44592230,16.661,5,2,317687947.0
compact_history_control,44608899,16.669,5,2,317736345.0
compact_history_control,44625565,16.666,5,2,317747393.0
compact_history_control,44642228,16.663,5,2,317808201.0
compact_history_control,44658895,16.667,5,2,317859561.0
compact_history_control,44675570,16.675,5,2,317911109.0
compact_history_control,44692225,16.655,5,2,317966589.0
compact_history_control,44708892,16.667,3,2,318017685.0
compact_history_control,44725568,16.676,3,2,318197837.0
compact_history_control,44742223,16.655,3,2,318386545.0
compact_history_control,44758907,16.684,0,2,318550333.0
compact_history_control,44775565,16.658,5,2,318223145.0
compact_history_control,44792248,16.683,7,2,318453693.0
compact_history_control,44808902,16.654,7,2,318688717.0
compact_history_control,44825572,16.67,7,2,318658509.0
compact_history_control,44842215,16.643,7,2,318669057.0
compact_history_control,44858886,16.671,7,2,318734725.0
compact_history_control,44875567,16.681,5,2,318741129.0
compact_history_control,44892230,16.663,5,2,318920381.0
compact_history_control,44908887,16.657,5,2,318981969.0
compact_history_control,44925555,16.668,4,2,319198409.0
compact_history_control,44942230,16.675,4,2,318935233.0
compact_history_control,44958904,16.674,5,2,318943341.0
compact_history_control,44975555,16.651,5,2,319003933.0
compact_history_control,44992215,16.66,5,2,319053277.0
compact_history_control,45008880,16.665,5,2,319110793.0
compact_history_control,45025546,16.666,5,2,319160725.0
compact_history_control,45042213,16.667,5,2,319219529.0
compact_history_control,45058885,16.672,5,2,319229305.0
compact_history_control,45075541,16.656,5,2,319289837.0
compact_history_control,45092209,16.668,5,2,319354577.0
compact_history_control,45108879,16.67,5,2,319411361.0
compact_history_control,45125540,16.661,5,2,319468285.0
compact_history_control,45142208,16.668,5,2,319540977.0
compact_history_control,45158877,16.669,5,2,319653425.0
compact_history_control,45175550,16.673,5,2,319703121.0
compact_history_control,45192205,16.655,5,2,319759129.0
compact_history_control,45208882,16.677,5,2,319830401.0
compact_history_control,45225555,16.673,5,2,319914305.0
compact_history_control,45242214,16.659,3,2,319960353.0
compact_history_control,45258875,16.661,3,2,320240901.0
compact_history_control,45275553,16.678,3,2,320366401.0
compact_history_control,45292209,16.656,2,2,320587785.0
compact_history_control,45309506,17.297,4,2,320298881.0
compact_history_control,45325555,16.049,5,2,320465769.0
compact_history_control,45342204,16.649,5,2,320655657.0
compact_history_control,45358883,16.679,5,2,320667781.0
compact_history_control,45376320,17.437,5,2,320719145.0
compact_history_control,45392218,15.898,5,2,320766101.0
compact_history_control,45408872,16.654,5,2,320816033.0
compact_history_control,45426070,17.198,5,2,320863205.0
compact_history_control,45442215,16.145,5,2,320949189.0
compact_history_control,45458871,16.656,5,2,320918477.0
compact_history_control,45475529,16.658,5,2,320969241.0
compact_history_control,45492194,16.665,5,2,321019105.0
compact_history_control,45508867,16.673,5,2,321075955.0
compact_history_control,45525528,16.661,5,2,321118633.0
compact_history_control,45542194,16.666,5,2,321165645.0
compact_history_control,45558863,16.669,5,2,321257929.0
compact_history_control,45575578,16.715,5,2,321228617.0
compact_history_control,45592191,16.613,5,2,321270861.0
compact_history_control,45608875,16.684,5,2,321281713.0
compact_history_control,45625538,16.663,5,2,321333437.0
compact_history_control,45642188,16.65,5,2,321384477.0
compact_history_control,45658857,16.669,5,2,321429649.0
compact_history_control,45675523,16.666,5,2,321476581.0
compact_history_control,45692187,16.664,5,2,321487433.0
compact_history_control,45708856,16.669,5,2,321538165.0
compact_history_control,45725521,16.665,5,2,321587509.0
compact_history_control,45742194,16.673,5,2,321634757.0
compact_history_control,45758860,16.666,5,2,321642129.0
compact_history_control,45775516,16.656,5,2,321700715.0
compact_history_control,45792196,16.68,5,2,321745189.0
compact_history_control,45808856,16.66,5,2,321794525.0
compact_history_control,45825522,16.666,5,2,321845807.0
compact_history_control,45842184,16.662,5,2,321888977.0
compact_history_control,45858853,16.669,5,2,321904089.0
compact_history_control,45875516,16.663,5,2,321953085.0
compact_history_control,45892177,16.661,5,2,322004025.0
compact_history_control,45908867,16.69,5,2,322051125.0
compact_history_control,45925513,16.646,5,2,322100017.0
compact_history_control,45942174,16.661,5,2,322150253.0
compact_history_control,45958851,16.677,5,2,322162845.0
compact_history_control,45975509,16.658,5,2,322210917.0
compact_history_control,45992184,16.675,5,2,322259329.0
compact_history_control,46008838,16.654,5,2,322307437.0
compact_history_control,46025520,16.682,5,2,322383329.0
compact_history_control,46042184,16.664,5,2,322369153.0
compact_history_control,46058843,16.659,5,2,322425905.0
compact_history_control,46075506,16.663,5,2,322474609.0
compact_history_control,46092171,16.665,5,2,322526525.0
compact_history_control,46108840,16.669,5,2,322581104.0
compact_history_control,46125511,16.671,5,2,322633561.0
compact_history_control,46142171,16.66,5,2,322641005.0
compact_history_control,46158834,16.663,5,2,322689761.0
compact_history_control,46175501,16.667,5,2,322741429.0
compact_history_control,46192170,16.669,5,2,322794753.0
compact_history_control,46208840,16.67,5,2,322852555.0
compact_history_control,46225505,16.665,5,2,322904697.0
compact_history_control,46242173,16.668,5,2,322911017.0
compact_history_control,46258833,16.66,5,2,322964073.0
compact_history_control,46275494,16.661,5,2,323015569.0
compact_history_control,46292160,16.666,5,2,323153921.0
compact_history_control,46308839,16.679,5,2,323241813.0
compact_history_control,46325530,16.691,5,2,323305309.0
compact_history_control,46342169,16.639,5,2,323438449.0
compact_history_control,46358825,16.656,5,2,323528081.0
compact_history_control,46375493,16.668,5,2,323585557.0
compact_history_control,46392157,16.664,5,2,323711269.0
compact_history_control,46408826,16.669,5,2,323800901.0
compact_history_control,46425494,16.668,5,2,323853841.0
compact_history_control,46442156,16.662,5,2,323988497.0
compact_history_control,46458833,16.677,5,2,323994333.0
compact_history_control,46475488,16.655,5,2,324134193.0
compact_history_control,46492156,16.668,5,2,324152005.0
compact_history_control,46508825,16.669,5,2,324169597.0
compact_history_control,46525483,16.658,5,2,324193129.0
compact_history_control,46542151,16.668,5,2,324209389.0
compact_history_control,46558818,16.667,5,2,324226681.0
compact_history_control,46575487,16.669,5,2,324241057.0
compact_history_control,46592153,16.666,1,2,324259061.0
compact_history_control,46608817,16.664,3,2,324503225.0
compact_history_control,46625488,16.671,2,2,324719765.0
compact_history_control,46642152,16.664,1,2,324929865.0
compact_history_control,46658816,16.664,5,2,324573349.0
compact_history_control,46675485,16.669,6,2,324794945.0
compact_history_control,46692154,16.669,6,2,325052765.0
compact_history_control,46708816,16.662,6,2,325230061.0
compact_history_control,46725502,16.686,6,2,325518021.0
compact_history_control,46742161,16.659,6,2,325690389.0
compact_history_control,46758818,16.657,6,2,325847625.0
compact_history_control,46775572,16.754,6,2,326106389.0
compact_history_control,46792142,16.57,6,2,326292889.0
compact_history_control,46808830,16.688,6,2,326531697.0
compact_history_control,46825495,16.665,6,2,326787113.0
compact_history_control,46842157,16.662,6,2,327169679.0
compact_history_control,46858825,16.668,6,2,327316673.0
compact_history_control,46875484,16.659,6,2,327588765.0
compact_history_control,46892822,17.338,6,2,327054909.0
compact_history_control,46908812,15.99,6,2,327104893.0
compact_history_control,46925478,16.666,6,2,327154789.0
compact_history_control,46942655,17.177,6,2,327205169.0
compact_history_control,46958818,16.163,6,2,327249921.0
compact_history_control,46975502,16.684,6,2,327143437.0
compact_history_control,46992553,17.051,6,2,327188245.0
compact_history_control,47008805,16.252,6,2,327203229.0
compact_history_control,47025481,16.676,6,2,327254325.0
compact_history_control,47042396,16.915,6,2,327300333.0
compact_history_control,47058805,16.409,6,2,327352241.0
compact_history_control,47075466,16.661,6,2,327398149.0
compact_history_control,47092255,16.789,6,2,327447117.0
compact_history_control,47108805,16.55,6,2,327502365.0
compact_history_control,47125467,16.662,6,2,327548081.0
compact_history_control,47142640,17.173,6,2,327597269.0
compact_history_control,47158899,16.259,6,2,327652653.0
compact_history_control,47175471,16.572,6,2,327734693.0
compact_history_control,47192505,17.034,6,2,327714789.0
compact_history_control,47208804,16.299,6,2,327764617.0
compact_history_control,47225474,16.67,6,2,327815265.0
compact_history_control,47242377,16.903,6,2,327866693.0
compact_history_control,47258810,16.433,6,2,327916545.0
compact_history_control,47275461,16.651,6,2,327966421.0
compact_history_control,47292235,16.774,6,2,328019881.0
compact_history_control,47308785,16.55,6,2,328072857.0
compact_history_control,47325472,16.687,6,2,328125005.0
compact_history_control,47342641,17.169,6,2,328174697.0
compact_history_control,47358797,16.156,6,2,328223933.0
compact_history_control,47375461,16.664,6,2,328272213.0
compact_history_control,47392470,17.009,6,2,328318613.0
compact_history_control,47408785,16.315,6,2,328368253.0
compact_history_control,47425458,16.673,6,2,328423277.0
compact_history_control,47442517,17.059,6,2,328482425.0
compact_history_control,47458794,16.277,6,2,328527009.0
compact_history_control,47475464,16.67,6,2,328535101.0
compact_history_control,47492221,16.757,6,2,328586061.0
compact_history_control,47508785,16.564,6,2,328633889.0
compact_history_control,47525452,16.667,6,2,328681673.0
compact_history_control,47542602,17.15,6,2,328692521.0
compact_history_control,47558790,16.188,6,2,328740621.0
compact_history_control,47575458,16.668,6,2,328786221.0
compact_history_control,47592467,17.009,6,2,328795333.0
compact_history_control,47608776,16.309,6,2,328842525.0
compact_history_control,47625447,16.671,6,2,328979461.0
compact_history_control,47642319,16.872,6,2,329066337.0
compact_history_control,47658778,16.459,6,2,329110073.0
compact_history_control,47675443,16.665,6,2,329228589.0
compact_history_control,47692202,16.759,6,2,329318221.0
compact_history_control,47708798,16.596,6,2,329369309.0
compact_history_control,47725450,16.652,6,2,329511957.0
compact_history_control,47742609,17.159,6,2,329644185.0
compact_history_control,47758776,16.167,6,2,329735557.0
compact_history_control,47775449,16.673,6,2,329793561.0
compact_history_control,47792433,16.984,6,2,329934791.0
compact_history_control,47808782,16.349,6,2,329945805.0
compact_history_control,47825438,16.656,6,2,329963617.0
compact_history_control,47842297,16.859,6,2,329987853.0
compact_history_control,47858767,16.47,6,2,330010267.0
compact_history_control,47875438,16.671,6,2,330025493.0
compact_history_control,47892169,16.731,6,2,330037069.0
compact_history_control,47908769,16.6,6,2,330055681.0
compact_history_control,47925442,16.673,3,2,330112369.0
compact_history_control,47942097,16.655,5,2,330354773.0
compact_history_control,47958782,16.685,5,2,330414101.0
compact_history_control,47975441,16.659,4,2,330650741.0
compact_history_control,47992423,16.982,4,2,330523677.0
compact_history_control,48008764,16.341,5,2,330655111.0
compact_history_control,48025436,16.672,5,2,330800917.0
compact_history_control,48042278,16.842,5,2,330991085.0
compact_history_control,48058774,16.496,5,2,331243117.0
compact_history_control,48075437,16.663,5,2,331380709.0
compact_history_control,48092138,16.701,5,2,331671323.0
compact_history_control,48108766,16.628,5,2,331819723.0
compact_history_control,48125432,16.666,5,2,332036937.0
compact_history_control,48142526,17.094,5,2,332251545.0
compact_history_control,48158767,16.241,5,2,332561097.0
compact_history_control,48175448,16.681,5,2,332792981.0
compact_history_control,48192393,16.945,5,2,333000509.0
compact_history_control,48208775,16.382,5,2,333211677.0
compact_history_control,48225427,16.652,5,2,333286185.0
compact_history_control,48242304,16.877,5,2,333589757.0
compact_history_control,48258770,16.466,5,2,333083005.0
compact_history_control,48275426,16.656,5,2,333131899.0
compact_history_control,48292090,16.664,5,2,333200971.0
compact_history_control,48308775,16.685,5,2,333267451.0
compact_history_control,48325422,16.647,5,2,333296483.0
compact_history_control,48342081,16.659,5,2,333363433.0
compact_history_control,48358802,16.721,3,2,333431511.0
compact_history_control,48375420,16.618,3,2,333601041.0
compact_history_control,48393172,17.752,3,2,333696845.0
compact_history_control,48408746,15.574,1,2,334009233.0
compact_history_control,48425419,16.673,5,2,333655405.0
compact_history_control,48442083,16.664,6,2,333877997.0
compact_history_control,48458748,16.665,6,2,334084949.0
compact_history_control,48475423,16.675,6,2,334304073.0
compact_history_control,48492140,16.717,6,2,334177377.0
compact_history_control,48508751,16.611,6,2,334234965.0
compact_history_control,48525411,16.66,6,2,334297319.0
compact_history_control,48543354,17.943,6,2,334353477.0
compact_history_control,48558742,15.388,6,2,334410173.0
compact_history_control,48575411,16.669,6,2,334467069.0
compact_history_control,48593160,17.749,6,2,334523965.0
compact_history_control,48608741,15.581,6,2,334578469.0
compact_history_control,48625414,16.673,6,2,334640861.0
compact_history_control,48642936,17.522,6,2,334648801.0
compact_history_control,48658739,15.803,6,2,334706021.0
compact_history_control,48675409,16.67,6,2,334766843.0
compact_history_control,48692117,16.708,3,2,334816277.0
compact_history_control,48708754,16.637,4,2,335096565.0
compact_history_control,48725396,16.642,4,2,335220509.0
compact_history_control,48742082,16.686,3,2,335554841.0
compact_history_control,48758751,16.669,4,2,335132937.0
compact_history_control,48775403,16.652,5,2,335360281.0
compact_history_control,48792641,17.238,5,2,335622957.0
compact_history_control,48808751,16.11,5,2,335741977.0
compact_history_control,48825454,16.703,5,2,335755225.0
compact_history_control,48842441,16.987,5,2,335844615.0
compact_history_control,48858725,16.284,5,2,335928677.0
compact_history_control,48875400,16.675,5,2,335956497.0
compact_history_control,48892301,16.901,5,2,336016669.0
compact_history_control,48908727,16.426,5,2,336049677.0
compact_history_control,48925398,16.671,5,2,336127093.0
compact_history_control,48942062,16.664,5,2,336194609.0
compact_history_control,48958729,16.667,5,2,336208211.0
compact_history_control,48975394,16.665,5,2,336310101.0
compact_history_control,48992071,16.677,5,2,336308117.0
compact_history_control,49008735,16.664,5,2,336308529.0
compact_history_control,49025405,16.67,5,2,336308937.0
compact_history_control,49042066,16.661,5,2,336309349.0
compact_history_control,49058723,16.657,5,2,336630213.0
compact_history_control,49075389,16.666,5,2,336530207.0
compact_history_control,49092064,16.675,5,2,336530505.0
compact_history_control,49108730,16.666,5,2,336530917.0
compact_history_control,49125403,16.673,5,2,336531329.0
compact_history_control,49142063,16.66,5,2,336531737.0
compact_history_control,49158727,16.664,5,2,336532149.0
compact_history_control,49175396,16.669,5,2,336698357.0
compact_history_control,49192053,16.657,5,2,336839213.0
compact_history_control,49208713,16.66,5,2,336800465.0
compact_history_control,49225382,16.669,5,2,336863505.0
compact_history_control,49242064,16.682,5,2,336865165.0
compact_history_control,49258714,16.65,5,2,336966647.0
compact_history_control,49275385,16.671,5,2,336967977.0
compact_history_control,49292055,16.67,5,2,336968385.0
compact_history_control,49308719,16.664,5,2,336968797.0
compact_history_control,49325384,16.665,5,2,336970889.0
compact_history_control,49342049,16.665,5,2,336971301.0
compact_history_control,49358711,16.662,5,2,337324909.0
compact_history_control,49375398,16.687,5,2,337213865.0
compact_history_control,49392047,16.649,5,2,337294401.0
compact_history_control,49408717,16.67,3,2,337375629.0
compact_history_control,49425381,16.664,3,2,337648297.0
compact_history_control,49442055,16.674,3,2,337626649.0
compact_history_control,49458706,16.651,0,2,337945941.0
compact_history_control,49475372,16.666,5,2,337727213.0
expanding_excavation,49493509,18.137,7,2,337698088.0
expanding_excavation,49508710,15.201,7,2,337914165.0
expanding_excavation,49525376,16.666,7,2,338106853.0
expanding_excavation,49542046,16.67,7,2,338043885.0
expanding_excavation,49558703,16.657,7,2,338097635.0
expanding_excavation,49575382,16.679,7,2,338103501.0
expanding_excavation,49592046,16.664,7,2,338161809.0
expanding_excavation,49608703,16.657,7,2,338216081.0
expanding_excavation,49625371,16.668,7,2,338309877.0
expanding_excavation,49642046,16.675,7,2,338277981.0
expanding_excavation,49658770,16.724,7,2,338331957.0
expanding_excavation,49675389,16.619,7,2,338337589.0
expanding_excavation,49692029,16.64,7,2,338398517.0
expanding_excavation,49708699,16.67,7,2,338447021.0
expanding_excavation,49725381,16.682,7,2,338455521.0
expanding_excavation,49742035,16.654,7,2,338517855.0
expanding_excavation,49758691,16.656,7,2,338568409.0
expanding_excavation,49775357,16.666,7,2,338629905.0
expanding_excavation,49792032,16.675,7,2,338680827.0
expanding_excavation,49808688,16.656,7,2,338684597.0
expanding_excavation,49825431,16.743,5,2,338770269.0
expanding_excavation,49842023,16.592,5,2,338995733.0
expanding_excavation,49866452,24.429,5,2,339041181.0
expanding_excavation,49875391,8.939,4,10,339293873.0
expanding_excavation,49892040,16.649,4,10,339101145.0
expanding_excavation,49908687,16.647,5,10,339351929.0
expanding_excavation,49925367,16.68,5,10,339527621.0
expanding_excavation,49942034,16.667,5,10,339543745.0
expanding_excavation,49958697,16.663,5,10,339594441.0
expanding_excavation,49975349,16.652,5,10,339649085.0
expanding_excavation,49992032,16.683,5,10,339651809.0
expanding_excavation,50008685,16.653,5,10,339707353.0
expanding_excavation,50025360,16.675,5,10,339761443.0
expanding_excavation,50042013,16.653,5,10,339822757.0
expanding_excavation,50058691,16.678,5,10,339909657.0
expanding_excavation,50075344,16.653,5,10,340010815.0
expanding_excavation,50092016,16.672,5,10,340056231.0
expanding_excavation,50108676,16.66,5,10,340103545.0
expanding_excavation,50125346,16.67,5,10,340152909.0
expanding_excavation,50142005,16.659,5,10,340184369.0
expanding_excavation,50158685,16.68,5,10,340195221.0
expanding_excavation,50175348,16.663,5,10,340251773.0
expanding_excavation,50192007,16.659,5,10,340308441.0
expanding_excavation,50208674,16.667,5,10,340405401.0
expanding_excavation,50225339,16.665,5,10,340583277.0
expanding_excavation,50242003,16.664,5,10,340633265.0
expanding_excavation,50258671,16.668,5,10,340682079.0
expanding_excavation,50275340,16.669,5,10,340737655.0
expanding_excavation,50292019,16.679,5,10,340747501.0
expanding_excavation,50308667,16.648,5,10,340802709.0
expanding_excavation,50325333,16.666,5,10,340866389.0
expanding_excavation,50342009,16.676,5,10,340928097.0
expanding_excavation,50358664,16.655,5,10,341017985.0
expanding_excavation,50375332,16.668,5,10,341201459.0
expanding_excavation,50392023,16.691,5,10,341246681.0
expanding_excavation,50408682,16.659,5,10,341296993.0
expanding_excavation,50425336,16.654,5,10,341395365.0
expanding_excavation,50442008,16.672,5,10,341367309.0
expanding_excavation,50458714,16.706,5,10,341422521.0
expanding_excavation,50475341,16.627,5,10,341464329.0
expanding_excavation,50492004,16.663,5,10,341479445.0
expanding_excavation,50508656,16.652,5,10,341565485.0
expanding_excavation,50525348,16.692,5,10,341628417.0
expanding_excavation,50541994,16.646,5,10,341807125.0
expanding_excavation,50558681,16.687,5,10,341814501.0
expanding_excavation,50575348,16.667,5,10,341818397.0
expanding_excavation,50591999,16.651,5,10,341863405.0
expanding_excavation,50608680,16.681,5,10,341915515.0
expanding_excavation,50625340,16.66,5,10,341921033.0
expanding_excavation,50641995,16.655,5,10,341972409.0
expanding_excavation,50658659,16.664,5,10,342026673.0
expanding_excavation,50675332,16.673,5,10,342075317.0
expanding_excavation,50693043,17.711,5,10,342087913.0
expanding_excavation,50708655,15.612,5,10,342137621.0
expanding_excavation,50725322,16.667,5,10,342206257.0
expanding_excavation,50742915,17.593,5,10,342290673.0
expanding_excavation,50758958,16.043,5,10,342399897.0
expanding_excavation,50775331,16.373,5,10,342449897.0
expanding_excavation,50792785,17.454,5,10,342505545.0
expanding_excavation,50808659,15.874,5,10,342548033.0
expanding_excavation,50825322,16.663,5,10,342605087.0
expanding_excavation,50842629,17.307,5,10,342652073.0
expanding_excavation,50858666,16.037,5,10,342662929.0
expanding_excavation,50875329,16.663,5,10,342721385.0
expanding_excavation,50892510,17.181,5,10,342785045.0
expanding_excavation,50908651,16.141,5,10,342967673.0
expanding_excavation,50925317,16.666,5,10,343019953.0
expanding_excavation,50942371,17.054,5,10,343105825.0
expanding_excavation,50958783,16.412,5,10,343080321.0
expanding_excavation,50975354,16.571,5,10,343132289.0
expanding_excavation,50993273,17.919,5,10,343190265.0
expanding_excavation,51008642,15.369,5,10,343237369.0
expanding_excavation,51025314,16.672,5,10,343292209.0
expanding_excavation,51041982,16.668,5,10,343341921.0
expanding_excavation,51058647,16.665,5,10,343429817.0
expanding_excavation,51075309,16.662,5,10,343544801.0
expanding_excavation,51091976,16.667,5,10,343591941.0
expanding_excavation,51108640,16.664,5,10,343642529.0
expanding_excavation,51125305,16.665,5,10,343700425.0
expanding_excavation,51141975,16.67,5,10,343752629.0
expanding_excavation,51158652,16.677,5,10,343804421.0
expanding_excavation,51175305,16.653,5,10,343853349.0
expanding_excavation,51191968,16.663,5,10,343903385.0
expanding_excavation,51208640,16.672,3,10,343917553.0
expanding_excavation,51225313,16.673,3,10,344143821.0
expanding_excavation,51241958,16.645,3,10,344300157.0
expanding_excavation,51258637,16.679,2,10,344556741.0
expanding_excavation,51275323,16.686,4,10,344222405.0
expanding_excavation,51291964,16.641,5,10,344414285.0
expanding_excavation,51308627,16.663,5,10,344641161.0
expanding_excavation,51325300,16.673,5,10,344899813.0
expanding_excavation,51341961,16.661,5,10,345213941.0
expanding_excavation,51358631,16.67,5,10,345433265.0
expanding_excavation,51375290,16.659,5,10,345723905.0
expanding_excavation,51391959,16.669,5,10,345908533.0
expanding_excavation,51408632,16.673,5,10,346077993.0
expanding_excavation,51425295,16.663,5,10,346358681.0
expanding_excavation,51441977,16.682,5,10,346565085.0
expanding_excavation,51458624,16.647,5,10,346844309.0
expanding_excavation,51475292,16.668,5,10,347049101.0
expanding_excavation,51491956,16.664,5,10,347278223.0
expanding_excavation,51508615,16.659,5,10,346858075.0
expanding_excavation,51525284,16.669,5,10,346939649.0
expanding_excavation,51541953,16.669,5,10,347022893.0
expanding_excavation,51558633,16.68,5,10,347074469.0
expanding_excavation,51575285,16.652,5,10,347127421.0
expanding_excavation,51591949,16.664,5,10,347178649.0
expanding_excavation,51608616,16.667,5,10,347228405.0
expanding_excavation,51625283,16.667,5,10,347284509.0
expanding_excavation,51641959,16.676,5,10,347338389.0
expanding_excavation,51658648,16.689,5,10,347346325.0
expanding_excavation,51675293,16.645,5,10,347405143.0
expanding_excavation,51691950,16.657,5,10,347452765.0
expanding_excavation,51708614,16.664,5,10,347508301.0
expanding_excavation,51725280,16.666,5,10,347556549.0
expanding_excavation,51741948,16.668,5,10,347609701.0
expanding_excavation,51758672,16.724,5,10,347663647.0
expanding_excavation,51775291,16.619,5,10,347714635.0
expanding_excavation,51791948,16.657,5,10,347759713.0
expanding_excavation,51808615,16.667,5,10,347772309.0
expanding_excavation,51825276,16.661,5,10,347825237.0
expanding_excavation,51841944,16.668,5,10,347877277.0
expanding_excavation,51858609,16.665,5,10,347927041.0
expanding_excavation,51875295,16.686,5,10,347976625.0
expanding_excavation,51891949,16.654,5,10,348026123.0
expanding_excavation,51908614,16.665,5,10,348035957.0
expanding_excavation,51925278,16.664,5,10,348084021.0
expanding_excavation,51941938,16.66,5,10,348135177.0
expanding_excavation,51958601,16.663,5,10,348187305.0
expanding_excavation,51975270,16.669,5,10,348237345.0
expanding_excavation,51991939,16.669,5,10,348290377.0
expanding_excavation,52008599,16.66,5,10,348345173.0
expanding_excavation,52025273,16.674,5,10,348397409.0
expanding_excavation,52041936,16.663,5,10,348451847.0
expanding_excavation,52058598,16.662,5,10,348496969.0
expanding_excavation,52075260,16.662,5,10,348551179.0
expanding_excavation,52091930,16.67,5,10,348600831.0
expanding_excavation,52108597,16.667,5,10,348642701.0
expanding_excavation,52125270,16.673,5,10,348692421.0
expanding_excavation,52141937,16.667,5,10,348749433.0
expanding_excavation,52158599,16.662,5,10,348797217.0
expanding_excavation,52175270,16.671,5,10,348845329.0
expanding_excavation,52191948,16.678,5,10,348849905.0
expanding_excavation,52208602,16.654,5,10,348900721.0
expanding_excavation,52225267,16.665,5,10,348952849.0
expanding_excavation,52241932,16.665,5,10,349003157.0
expanding_excavation,52258588,16.656,5,10,349058683.0
expanding_excavation,52275255,16.667,5,10,349109363.0
expanding_excavation,52291924,16.669,5,10,349155385.0
expanding_excavation,52308587,16.663,5,10,349203905.0
expanding_excavation,52325255,16.668,5,10,349250325.0
expanding_excavation,52341922,16.667,5,10,349306829.0
expanding_excavation,52358586,16.664,5,10,349358283.0
expanding_excavation,52375272,16.686,5,10,349362897.0
expanding_excavation,52391923,16.651,5,10,349414785.0
expanding_excavation,52408583,16.66,5,10,349461249.0
expanding_excavation,52425291,16.708,5,10,349511259.0
expanding_excavation,52441942,16.651,1,10,349763277.0
expanding_excavation,52458587,16.645,2,10,349879831.0
expanding_excavation,52475259,16.672,1,10,349998033.0
expanding_excavation,52491932,16.673,0,10,350289445.0
expanding_excavation,52508592,16.66,4,10,350307233.0
expanding_excavation,52525272,16.68,4,10,350263437.0
expanding_excavation,52541926,16.654,4,10,350690033.0
expanding_excavation,52558579,16.653,4,10,350609785.0
expanding_excavation,52575264,16.685,3,10,350916113.0
expanding_excavation,52591919,16.655,4,10,350729569.0
expanding_excavation,52608581,16.662,3,10,351074575.0
expanding_excavation,52625407,16.826,0,10,351245941.0
expanding_excavation,52641922,16.515,0,10,351352357.0
expanding_excavation,52658591,16.669,0,10,351656453.0
expanding_excavation,52675257,16.666,4,10,351445181.0
expanding_excavation,52691918,16.661,4,10,351686429.0
expanding_excavation,52708932,17.014,4,10,352073691.0
expanding_excavation,52725249,16.317,4,10,351966821.0
expanding_excavation,52742231,16.982,3,10,352722985.0
expanding_excavation,52758588,16.357,3,10,352063405.0
expanding_excavation,52775250,16.662,4,10,352373609.0
expanding_excavation,52792600,17.35,0,10,352813037.0
expanding_excavation,52808589,15.989,0,10,352945713.0
expanding_excavation,52825241,16.652,0,10,353061181.0
expanding_excavation,52842498,17.257,0,10,353368381.0
expanding_excavation,52858581,16.083,4,10,352970525.0
expanding_excavation,52875249,16.668,6,10,353072829.0
expanding_excavation,52892348,17.099,6,10,353288469.0
expanding_excavation,52908585,16.237,6,10,353511201.0
expanding_excavation,52925252,16.667,6,10,353592561.0
expanding_excavation,52942207,16.955,6,10,353983141.0
expanding_excavation,52958583,16.376,6,10,353471451.0
expanding_excavation,52975267,16.684,6,10,353657109.0
expanding_excavation,52992588,17.321,6,10,353952041.0
expanding_excavation,53008584,15.996,6,10,354182087.0
expanding_excavation,53025235,16.651,6,10,354397709.0
expanding_excavation,53042065,16.83,6,10,354643193.0
expanding_excavation,53058572,16.507,6,10,354867457.0
expanding_excavation,53075242,16.67,6,10,355035557.0
expanding_excavation,53091905,16.663,6,10,355211937.0
expanding_excavation,53108578,16.673,6,10,355511797.0
expanding_excavation,53125240,16.662,6,10,355711253.0
expanding_excavation,53141904,16.664,6,10,355894061.0
expanding_excavation,53158562,16.658,6,10,356401069.0
expanding_excavation,53175236,16.674,6,10,356634021.0
expanding_excavation,53191892,16.656,6,10,356916729.0
expanding_excavation,53208567,16.675,6,10,357009457.0
expanding_excavation,53225227,16.66,6,10,357073045.0
expanding_excavation,53243388,18.161,6,10,357073461.0
expanding_excavation,53258580,15.192,6,10,357073877.0
expanding_excavation,53275243,16.663,6,10,357074293.0
expanding_excavation,53293296,18.053,6,10,357074709.0
expanding_excavation,53308565,15.269,6,10,357075125.0
expanding_excavation,53325233,16.668,6,10,357075541.0
expanding_excavation,53341895,16.662,6,10,357075957.0
expanding_excavation,53358545,16.65,6,10,357266953.0
expanding_excavation,53375212,16.667,6,10,357327377.0
expanding_excavation,53391882,16.67,6,10,357346085.0
expanding_excavation,53408541,16.659,6,10,357411677.0
expanding_excavation,53425260,16.719,6,10,357475741.0
expanding_excavation,53441893,16.633,6,10,357539757.0
expanding_excavation,53458555,16.662,6,10,357540173.0
expanding_excavation,53475223,16.668,6,10,357540589.0
expanding_excavation,53491891,16.668,6,10,357541005.0
expanding_excavation,53508553,16.662,6,10,357541421.0
expanding_excavation,53525236,16.683,6,10,357541837.0
expanding_excavation,53541891,16.655,6,10,357542253.0
expanding_excavation,53558540,16.649,6,10,357676721.0
expanding_excavation,53575205,16.665,6,10,357762197.0
expanding_excavation,53591884,16.679,6,10,357764293.0
expanding_excavation,53608546,16.662,6,10,357813869.0
expanding_excavation,53625204,16.658,6,10,357878113.0
expanding_excavation,53641867,16.663,6,10,357961111.0
expanding_excavation,53658532,16.665,4,10,358050209.0
expanding_excavation,53675205,16.673,4,10,358299905.0
expanding_excavation,53691861,16.656,4,10,358419413.0
expanding_excavation,53708534,16.673,3,10,358764635.0
expanding_excavation,53725213,16.679,4,10,358382897.0
expanding_excavation,53741864,16.651,5,10,358641333.0
expanding_excavation,53758530,16.666,5,10,358858597.0
expanding_excavation,53775209,16.679,5,10,359067457.0
expanding_excavation,53791875,16.666,5,10,359519705.0
expanding_excavation,53809112,17.237,5,10,359622329.0
expanding_excavation,53825214,16.102,5,10,359633689.0
expanding_excavation,53841877,16.663,5,10,359715639.0
expanding_excavation,53858529,16.652,5,10,359717965.0
expanding_excavation,53875208,16.679,5,10,359772441.0
expanding_excavation,53891884,16.676,5,10,359773061.0
expanding_excavation,53908541,16.657,5,10,359773477.0
expanding_excavation,53925735,17.194,5,10,359773893.0
expanding_excavation,53941873,16.138,5,10,359774309.0
expanding_excavation,53958549,16.676,5,10,359774725.0
expanding_excavation,53975595,17.046,5,10,359876549.0
expanding_excavation,53991861,16.266,5,10,359921837.0
expanding_excavation,54008534,16.673,5,10,359925733.0
expanding_excavation,54025206,16.672,5,10,359926149.0
expanding_excavation,54041866,16.66,5,10,359926561.0
expanding_excavation,54058537,16.671,5,10,359926977.0
expanding_excavation,54075207,16.67,5,10,359927389.0
expanding_excavation,54091867,16.66,5,10,360084333.0
expanding_excavation,54108520,16.653,5,10,360185165.0
expanding_excavation,54125197,16.677,5,10,360196135.0
expanding_excavation,54141864,16.667,5,10,360196551.0
expanding_excavation,54158532,16.668,5,10,360191633.0
expanding_excavation,54175198,16.666,5,10,360192049.0
expanding_excavation,54191874,16.676,5,10,360192465.0
expanding_excavation,54208527,16.653,5,10,360192881.0
expanding_excavation,54227073,18.546,5,10,360193297.0
expanding_excavation,54241854,14.781,5,10,360323865.0
expanding_excavation,54258525,16.671,5,10,360387145.0
expanding_excavation,54276793,18.268,5,10,360387561.0
expanding_excavation,54291854,15.061,5,10,360387977.0
expanding_excavation,54308531,16.677,5,10,360388393.0
expanding_excavation,54326668,18.137,5,10,360388809.0
expanding_excavation,54341852,15.184,5,10,360389225.0
expanding_excavation,54358555,16.703,5,10,360389641.0
expanding_excavation,54376533,17.978,5,10,360390057.0
expanding_excavation,54391852,15.319,5,10,360559917.0
expanding_excavation,54408525,16.673,5,10,360560333.0
expanding_excavation,54425198,16.673,5,10,360560749.0
expanding_excavation,54441850,16.652,5,10,360561165.0
expanding_excavation,54458534,16.684,5,10,360561581.0
expanding_excavation,54475189,16.655,5,10,360707681.0
expanding_excavation,54491846,16.657,5,10,360757545.0
expanding_excavation,54508511,16.665,5,10,360757961.0
expanding_excavation,54525185,16.674,5,10,360758377.0
expanding_excavation,54541847,16.662,5,10,360758793.0
expanding_excavation,54558508,16.661,5,10,360759209.0
expanding_excavation,54575175,16.667,5,10,360759625.0
expanding_excavation,54591848,16.673,5,10,360760041.0
expanding_excavation,54608507,16.659,5,10,360913373.0
expanding_excavation,54625175,16.668,5,10,360913789.0
expanding_excavation,54641834,16.659,5,10,361132385.0
expanding_excavation,54658496,16.662,5,10,361068445.0
expanding_excavation,54675161,16.665,5,10,361126751.0
expanding_excavation,54691844,16.683,5,10,361127897.0
expanding_excavation,54708501,16.657,5,10,361202737.0
expanding_excavation,54725169,16.668,5,10,361257921.0
expanding_excavation,54741843,16.674,5,10,361262129.0
expanding_excavation,54758500,16.657,5,10,361265065.0
expanding_excavation,54775173,16.673,5,10,361265481.0
expanding_excavation,54791840,16.667,5,10,361375717.0
expanding_excavation,54808503,16.663,5,10,361376133.0
expanding_excavation,54825173,16.67,5,10,361376545.0
expanding_excavation,54841824,16.651,5,10,361471501.0
expanding_excavation,54858497,16.673,5,10,361524037.0
expanding_excavation,54875213,16.716,5,10,361524453.0
expanding_excavation,54891836,16.623,5,10,361524869.0
expanding_excavation,54908499,16.663,5,10,361525285.0
expanding_excavation,54925167,16.668,5,10,361525701.0
expanding_excavation,54941831,16.664,5,10,361526117.0
expanding_excavation,54958492,16.661,5,10,361526533.0
expanding_excavation,54975157,16.665,5,10,361671297.0
expanding_excavation,54991837,16.68,5,10,361671709.0
expanding_excavation,55008494,16.657,5,10,361672125.0
expanding_excavation,55025160,16.666,5,10,361672541.0
expanding_excavation,55041819,16.659,5,10,361819609.0
expanding_excavation,55058483,16.664,3,10,361924065.0
expanding_excavation,55075148,16.665,3,10,362102845.0
expanding_excavation,55091810,16.662,3,10,362227049.0
expanding_excavation,55108482,16.672,0,10,362536415.0
expanding_excavation,55125148,16.666,5,10,362167505.0
expanding_excavation,55141812,16.664,7,10,362370669.0
expanding_excavation,55158475,16.663,7,10,362599121.0
expanding_excavation,55175138,16.663,7,10,362811209.0
expanding_excavation,55191817,16.679,7,10,362801193.0
expanding_excavation,55208475,16.658,7,10,362863563.0
expanding_excavation,55225147,16.672,7,10,362949363.0
expanding_excavation,55241807,16.66,7,10,363014225.0
expanding_excavation,55258475,16.668,7,10,363070035.0
expanding_excavation,55275135,16.66,7,10,363121765.0
expanding_excavation,55291804,16.669,7,10,363213557.0
expanding_excavation,55308476,16.672,7,10,363332899.0
expanding_excavation,55325139,16.663,7,10,363382479.0
expanding_excavation,55341805,16.666,7,10,363349109.0
expanding_excavation,55358487,16.682,7,10,363501857.0
expanding_excavation,55375129,16.642,7,10,363526177.0
expanding_excavation,55391797,16.668,5,10,363584337.0
expanding_excavation,55408461,16.664,5,10,363804641.0
expanding_excavation,55425127,16.666,5,10,363926537.0
expanding_excavation,55441794,16.667,4,10,364294857.0
expanding_excavation,55458457,16.663,4,10,363891289.0
expanding_excavation,55475162,16.705,5,10,364095085.0
expanding_excavation,55491798,16.636,5,10,364314537.0
expanding_excavation,55508459,16.661,5,10,364174261.0
expanding_excavation,55525126,16.667,5,10,364223845.0
expanding_excavation,55541791,16.665,5,10,364274741.0
expanding_excavation,55558457,16.666,5,10,364323281.0
expanding_excavation,55575127,16.67,5,10,364379081.0
expanding_excavation,55591791,16.664,5,10,364428469.0
expanding_excavation,55608455,16.664,5,10,364485761.0
expanding_excavation,55625121,16.666,5,10,364534569.0
expanding_excavation,55641790,16.669,5,10,364587265.0
expanding_excavation,55658468,16.678,5,10,364628181.0
expanding_excavation,55675126,16.658,5,10,364640777.0
expanding_excavation,55691790,16.664,5,10,364691993.0
expanding_excavation,55708464,16.674,5,10,364743345.0
expanding_excavation,55725115,16.651,5,10,364795185.0
expanding_excavation,55741802,16.687,5,10,364848625.0
expanding_excavation,55758453,16.651,5,10,364903529.0
expanding_excavation,55775117,16.664,5,10,364958975.0
expanding_excavation,55791801,16.684,5,10,365001421.0
expanding_excavation,55808456,16.655,5,10,365053217.0
expanding_excavation,55825115,16.659,5,10,365098025.0
expanding_excavation,55841784,16.669,5,10,365153443.0
expanding_excavation,55858454,16.67,5,10,365228913.0
expanding_excavation,55875118,16.664,5,10,365207141.0
expanding_excavation,55891792,16.674,5,10,365261803.0
expanding_excavation,55908448,16.656,5,10,365305721.0
expanding_excavation,55925125,16.677,5,10,365361099.0
expanding_excavation,55941787,16.662,5,10,365368629.0
expanding_excavation,55958447,16.66,5,10,365424293.0
expanding_excavation,55975125,16.678,5,10,365470691.0
expanding_excavation,55991779,16.654,5,10,365518005.0
expanding_excavation,56008454,16.675,5,10,365521705.0
expanding_excavation,56025136,16.682,5,10,365575099.0
expanding_excavation,56041775,16.639,5,10,365617585.0
expanding_excavation,56058449,16.674,5,10,365663273.0
expanding_excavation,56075125,16.676,5,10,365720953.0
expanding_excavation,56091772,16.647,5,10,365775401.0
expanding_excavation,56108436,16.664,5,10,365828317.0
expanding_excavation,56125107,16.671,5,10,365877861.0
expanding_excavation,56141777,16.67,5,10,365934793.0
expanding_excavation,56158444,16.667,5,10,365940997.0
expanding_excavation,56175123,16.679,5,10,365994301.0
expanding_excavation,56191769,16.646,5,10,366038693.0
expanding_excavation,56208432,16.663,5,10,366093909.0
expanding_excavation,56225115,16.683,5,10,366103025.0
expanding_excavation,56241765,16.65,5,10,366167629.0
expanding_excavation,56258429,16.664,5,10,366251021.0
expanding_excavation,56275105,16.676,5,10,366332987.0
expanding_excavation,56291773,16.668,5,10,366355761.0
expanding_excavation,56308431,16.658,5,10,366428137.0
expanding_excavation,56325091,16.66,5,10,366492669.0
expanding_excavation,56341756,16.665,5,10,366559073.0
expanding_excavation,56358428,16.672,5,10,366612935.0
expanding_excavation,56375093,16.665,5,10,366671915.0
expanding_excavation,56391765,16.672,5,10,366732895.0
expanding_excavation,56408421,16.656,5,10,366790653.0
expanding_excavation,56425110,16.689,5,10,366803249.0
expanding_excavation,56441768,16.658,5,10,366869841.0
expanding_excavation,56458421,16.653,5,10,366934537.0
expanding_excavation,56475092,16.671,5,10,367002483.0
expanding_excavation,56491795,16.703,5,10,367004793.0
expanding_excavation,56508427,16.632,5,10,367074137.0
expanding_excavation,56525088,16.661,5,10,367154417.0
expanding_excavation,56541756,16.668,5,10,367229285.0
expanding_excavation,56558445,16.689,5,10,367282337.0
expanding_excavation,56575114,16.669,5,10,367319829.0
expanding_excavation,56591762,16.648,5,10,367402719.0
expanding_excavation,56608419,16.657,5,10,367481809.0
expanding_excavation,56625096,16.677,5,10,367499985.0
expanding_excavation,56641756,16.66,5,10,367562325.0
expanding_excavation,56658419,16.663,5,10,367619733.0
expanding_excavation,56675091,16.672,5,10,367678157.0
expanding_excavation,56691746,16.655,5,10,367730737.0
expanding_excavation,56708419,16.673,5,10,367743333.0
expanding_excavation,56725085,16.666,3,10,367803157.0
expanding_excavation,56741750,16.665,4,10,368094787.0
expanding_excavation,56758414,16.664,4,10,368154701.0
expanding_excavation,56775099,16.685,3,10,368517237.0
expanding_excavation,56791768,16.669,4,10,368109329.0
expanding_excavation,56808413,16.645,5,10,368315125.0
expanding_excavation,56825075,16.662,5,10,368601569.0
expanding_excavation,56841745,16.67,5,10,368838581.0
expanding_excavation,56858413,16.668,5,10,368993829.0
expanding_excavation,56875081,16.668,5,10,369287701.0
expanding_excavation,56891743,16.662,5,10,369516049.0
expanding_excavation,56908412,16.669,5,10,369798633.0
expanding_excavation,56925086,16.674,5,10,370014471.0
expanding_excavation,56941744,16.658,5,10,370255741.0
expanding_excavation,56958405,16.661,5,10,370520597.0
expanding_excavation,56975068,16.663,5,10,370756273.0
expanding_excavation,56991737,16.669,5,10,370982153.0
expanding_excavation,57008406,16.669,5,10,370579185.0
expanding_excavation,57025068,16.662,5,10,370639997.0
expanding_excavation,57041732,16.664,5,10,370694649.0
expanding_excavation,57058403,16.671,5,10,370753321.0
expanding_excavation,57075063,16.66,1,10,370805261.0
expanding_excavation,57091738,16.675,3,10,371004045.0
expanding_excavation,57108400,16.662,2,10,371064117.0
expanding_excavation,57125064,16.664,1,10,371430699.0
expanding_excavation,57141734,16.67,5,10,371091307.0
expanding_excavation,57158396,16.662,6,10,371346109.0
expanding_excavation,57175075,16.679,6,10,371596923.0
expanding_excavation,57191726,16.651,6,10,371529289.0
expanding_excavation,57208395,16.669,6,10,371586705.0
expanding_excavation,57225073,16.678,6,10,371659755.0
expanding_excavation,57241734,16.661,6,10,371679465.0
expanding_excavation,57258387,16.653,6,10,371751017.0
expanding_excavation,57275059,16.672,6,10,371844567.0
expanding_excavation,57291726,16.667,6,10,371903177.0
expanding_excavation,57308389,16.663,6,10,371983461.0
expanding_excavation,57325066,16.677,6,10,372047977.0
expanding_excavation,57341734,16.668,6,10,372058833.0
expanding_excavation,57358388,16.654,6,10,372132597.0
expanding_excavation,57375055,16.667,6,10,372200909.0
expanding_excavation,57391722,16.667,6,10,372265069.0
expanding_excavation,57408394,16.672,6,10,372354925.0
expanding_excavation,57425068,16.674,6,10,372360561.0
expanding_excavation,57441721,16.653,3,10,372438659.0
expanding_excavation,57458391,16.67,4,10,372628173.0
expanding_excavation,57475050,16.659,4,10,372698793.0
expanding_excavation,57491729,16.679,3,10,373020145.0
expanding_excavation,57508405,16.676,4,10,372670589.0
expanding_excavation,57525053,16.648,5,10,372926989.0
expanding_excavation,57541723,16.67,5,10,373130465.0
expanding_excavation,57558386,16.663,5,10,373343217.0
expanding_excavation,57575051,16.665,5,10,373251377.0
expanding_excavation,57591720,16.669,5,10,373311985.0
expanding_excavation,57608383,16.663,5,10,373366473.0
expanding_excavation,57625042,16.659,5,10,373420433.0
expanding_excavation,57641749,16.707,5,10,373483185.0
expanding_excavation,57658374,16.625,5,10,373540541.0
expanding_excavation,57675048,16.674,5,10,373603913.0
expanding_excavation,57691861,16.813,5,10,373658353.0
expanding_excavation,57708373,16.512,5,10,373718493.0
expanding_excavation,57725036,16.663,5,10,373784433.0
expanding_excavation,57741711,16.675,5,10,373833497.0
expanding_excavation,57758369,16.658,5,10,373888229.0
expanding_excavation,57775037,16.668,3,10,373982917.0
expanding_excavation,57791709,16.672,3,10,374394885.0
expanding_excavation,57808377,16.668,3,10,374320789.0
expanding_excavation,57825033,16.656,0,10,374644401.0
expanding_excavation,57841699,16.666,5,10,374281901.0
expanding_excavation,57858372,16.673,7,10,374482865.0
expanding_excavation,57875037,16.665,7,10,374703261.0
expanding_excavation,57891697,16.66,7,10,374733105.0
expanding_excavation,57908364,16.667,7,10,374781185.0
expanding_excavation,57925151,16.787,7,10,374837587.0
expanding_excavation,57941707,16.556,7,10,374844833.0
expanding_excavation,57958368,16.661,7,10,374900969.0
expanding_excavation,57975030,16.662,7,10,374959091.0
expanding_excavation,57991696,16.666,7,10,375006757.0
expanding_excavation,58008359,16.663,7,10,375054109.0
expanding_excavation,58025040,16.681,7,10,375102545.0
expanding_excavation,58041693,16.653,7,10,375152721.0
expanding_excavation,58058357,16.664,7,10,375209611.0
expanding_excavation,58075025,16.668,7,10,375258107.0
expanding_excavation,58091697,16.672,7,10,375304905.0
expanding_excavation,58108361,16.664,7,10,375354797.0
expanding_excavation,58125028,16.667,7,10,375369257.0
expanding_excavation,58141706,16.678,7,10,375420609.0
expanding_excavation,58158355,16.649,7,10,375472785.0
expanding_excavation,58175026,16.671,7,10,375523337.0
expanding_excavation,58191690,16.664,7,10,375572177.0
expanding_excavation,58208353,16.663,7,10,375623129.0
expanding_excavation,58225022,16.669,7,10,375674881.0
expanding_excavation,58241688,16.666,7,10,375729691.0
expanding_excavation,58258396,16.708,7,10,375778705.0
expanding_excavation,58275019,16.623,7,10,375825925.0
expanding_excavation,58291686,16.667,7,10,375874789.0
expanding_excavation,58308348,16.662,7,10,375926913.0
expanding_excavation,58325018,16.67,7,10,375975985.0
expanding_excavation,58341683,16.665,7,10,376029403.0
expanding_excavation,58358350,16.667,7,10,376079121.0
expanding_excavation,58375019,16.669,7,10,376128801.0
expanding_excavation,58391680,16.661,7,10,376171977.0
expanding_excavation,58408344,16.664,7,10,376231383.0
expanding_excavation,58425024,16.68,7,10,376314493.0
expanding_excavation,58441677,16.653,7,10,376289913.0
expanding_excavation,58458345,16.668,7,10,376346049.0
expanding_excavation,58475012,16.667,7,10,376399513.0
expanding_excavation,58491677,16.665,7,10,376451641.0
expanding_excavation,58508340,16.663,7,10,376501017.0
expanding_excavation,58525027,16.687,7,10,376550257.0
expanding_excavation,58541674,16.647,7,10,376607627.0
expanding_excavation,58558338,16.664,7,10,376658229.0
expanding_excavation,58575003,16.665,7,10,376711313.0
expanding_excavation,58591669,16.666,7,10,376765525.0
expanding_excavation,58608338,16.669,7,10,376818297.0
expanding_excavation,58625005,16.667,7,10,376870933.0
expanding_excavation,58641674,16.669,7,10,376920389.0
expanding_excavation,58658336,16.662,7,10,376972931.0
expanding_excavation,58675004,16.668,7,10,377020695.0
expanding_excavation,58691667,16.663,7,10,377109497.0
expanding_excavation,58708337,16.67,7,10,377268277.0
expanding_excavation,58725000,16.663,7,10,377296585.0
expanding_excavation,58741662,16.662,7,10,377427957.0
expanding_excavation,58758329,16.667,7,10,377566433.0
expanding_excavation,58775001,16.672,7,10,377656069.0
expanding_excavation,58791690,16.689,7,10,377734177.0
expanding_excavation,58808331,16.641,7,10,377907929.0
expanding_excavation,58825006,16.675,7,10,377987541.0
expanding_excavation,58841668,16.662,7,10,378070289.0
expanding_excavation,58858326,16.658,7,10,378233181.0
expanding_excavation,58874993,16.667,7,10,378248737.0
expanding_excavation,58891659,16.666,7,10,378267073.0
expanding_excavation,58908326,16.667,7,10,378295241.0
expanding_excavation,58924986,16.66,7,10,378316699.0
expanding_excavation,58941661,16.675,7,10,378336775.0
expanding_excavation,58958324,16.663,7,10,378350981.0
expanding_excavation,58974999,16.675,5,10,378438361.0
expanding_excavation,58991658,16.659,5,10,378744753.0
expanding_excavation,59008319,16.661,5,10,378729621.0
expanding_excavation,59024984,16.665,4,10,379044213.0
expanding_excavation,59041657,16.673,4,10,378620297.0
expanding_excavation,59058322,16.665,5,10,378842425.0
expanding_excavation,59075006,16.684,5,10,379131473.0
expanding_excavation,59091660,16.654,5,10,379362133.0
expanding_excavation,59108326,16.666,5,10,379624517.0
expanding_excavation,59124993,16.667,5,10,379842009.0
expanding_excavation,59141656,16.663,5,10,380063835.0
expanding_excavation,59158321,16.665,5,10,380323529.0
expanding_excavation,59174992,16.671,5,10,380554213.0
expanding_excavation,59191672,16.68,5,10,380813261.0
expanding_excavation,59208324,16.652,5,10,380960381.0
expanding_excavation,59225002,16.678,5,10,381126669.0
expanding_excavation,59241664,16.662,5,10,381338865.0
expanding_excavation,59258321,16.657,5,10,380949825.0
expanding_excavation,59275735,17.414,5,10,381005981.0
expanding_excavation,59291666,15.931,5,10,381055285.0
expanding_excavation,59308321,16.655,5,10,381063385.0
expanding_excavation,59324984,16.663,5,10,381117545.0
expanding_excavation,59341651,16.667,5,10,381167481.0
expanding_excavation,59358390,16.739,5,10,381219429.0
expanding_excavation,59374981,16.591,5,10,381277471.0
expanding_excavation,59391656,16.675,5,10,381324241.0
expanding_excavation,59408322,16.666,5,10,381330049.0
expanding_excavation,59425317,16.995,5,10,381391833.0
expanding_excavation,59441641,16.324,5,10,381445313.0
expanding_excavation,59458312,16.671,5,10,381489975.0
expanding_excavation,59475936,17.624,5,10,381497513.0
expanding_excavation,59491641,15.705,5,10,381552555.0
expanding_excavation,59508317,16.676,5,10,381592189.0
expanding_excavation,59525680,17.363,5,10,381645111.0
expanding_excavation,59541766,16.086,5,10,381655213.0
expanding_excavation,59558307,16.541,5,10,381709437.0
expanding_excavation,59575661,17.354,5,10,381805805.0
expanding_excavation,59591640,15.979,5,10,381901369.0
expanding_excavation,59608299,16.659,5,10,381944345.0
expanding_excavation,59625565,17.266,5,10,382011861.0
expanding_excavation,59641639,16.074,5,10,382073749.0
expanding_excavation,59658305,16.666,5,10,382122757.0
expanding_excavation,59675397,17.092,5,10,382178345.0
expanding_excavation,59691630,16.233,5,10,382226677.0
expanding_excavation,59708308,16.678,5,10,382373917.0
expanding_excavation,59725349,17.041,5,10,382326645.0
expanding_excavation,59741648,16.299,5,10,382398837.0
expanding_excavation,59758300,16.652,5,10,382496113.0
expanding_excavation,59775119,16.819,5,10,382475821.0
expanding_excavation,59791638,16.519,5,10,382563445.0
expanding_excavation,59808296,16.658,5,10,382585233.0
expanding_excavation,59824987,16.691,5,10,382669353.0
expanding_excavation,59841625,16.638,5,10,382750477.0
expanding_excavation,59858296,16.671,5,10,382853479.0
expanding_excavation,59875000,16.704,5,10,382858545.0
expanding_excavation,59891629,16.629,5,10,382970713.0
expanding_excavation,59908980,17.351,5,10,383028285.0
expanding_excavation,59925008,16.028,5,10,383080413.0
expanding_excavation,59941634,16.626,5,10,383130389.0
expanding_excavation,59958286,16.652,5,10,383211853.0
expanding_excavation,59975009,16.723,5,10,383223929.0
expanding_excavation,59991617,16.608,5,10,383321817.0
expanding_excavation,60008287,16.67,5,10,383466227.0
expanding_excavation,60025018,16.731,5,10,383602189.0
expanding_excavation,60041619,16.601,5,10,383740475.0
expanding_excavation,60058288,16.669,5,10,383855025.0
expanding_excavation,60075061,16.773,5,10,383867101.0
expanding_excavation,60091619,16.558,5,10,384012257.0
expanding_excavation,60108283,16.664,5,10,384149309.0
expanding_excavation,60125086,16.803,5,10,384320153.0
expanding_excavation,60141620,16.534,5,10,384298661.0
expanding_excavation,60158282,16.662,5,10,384437609.0
expanding_excavation,60175130,16.848,5,10,384460767.0
expanding_excavation,60191613,16.483,5,10,384471501.0
expanding_excavation,60208271,16.658,5,10,384493265.0
expanding_excavation,60225114,16.843,5,10,384507601.0
expanding_excavation,60241605,16.491,5,10,384528665.0
expanding_excavation,60258275,16.67,5,10,384544737.0
expanding_excavation,60275118,16.843,3,10,384563777.0
expanding_excavation,60291605,16.487,3,10,384995201.0
expanding_excavation,60308265,16.66,3,10,385121785.0
expanding_excavation,60325180,16.915,2,10,385395689.0
expanding_excavation,60341610,16.43,4,10,385024701.0
expanding_excavation,60358277,16.667,5,10,385192209.0
expanding_excavation,60375279,17.002,5,10,385487601.0
expanding_excavation,60391611,16.332,5,10,385726073.0
expanding_excavation,60408267,16.656,5,10,385878449.0
expanding_excavation,60425205,16.938,5,10,386170149.0
expanding_excavation,60441605,16.4,5,10,386401371.0
expanding_excavation,60458493,16.888,5,10,386483661.0
expanding_excavation,60475339,16.846,5,10,386769101.0
expanding_excavation,60491602,16.263,5,10,387000989.0
expanding_excavation,60508268,16.666,5,10,387171989.0
expanding_excavation,60525445,17.177,5,10,387447117.0
expanding_excavation,60541609,16.164,5,10,387612597.0
expanding_excavation,60558274,16.665,5,10,387770781.0
expanding_excavation,60575358,17.084,5,10,387963865.0
expanding_excavation,60591615,16.257,5,10,388238033.0
expanding_excavation,60608259,16.644,5,10,388488185.0
expanding_excavation,60625277,17.018,5,10,387946589.0
expanding_excavation,60641605,16.328,5,10,387974289.0
expanding_excavation,60658266,16.661,5,10,388053881.0
expanding_excavation,60675312,17.046,5,10,388116685.0
expanding_excavation,60691595,16.283,5,10,388410427.0
expanding_excavation,60708263,16.668,5,10,388475637.0
expanding_excavation,60725326,17.063,5,10,388532377.0
expanding_excavation,60741853,16.527,5,10,388600169.0
expanding_excavation,60758307,16.454,5,10,388664113.0
expanding_excavation,60775369,17.062,5,10,388721823.0
expanding_excavation,60791585,16.216,5,10,388772185.0
expanding_excavation,60808277,16.692,5,10,388783041.0
expanding_excavation,60825348,17.071,5,10,388842361.0
expanding_excavation,60841581,16.233,5,10,388896389.0
expanding_excavation,60858266,16.685,5,10,388969569.0
expanding_excavation,60875381,17.115,5,10,389061441.0
expanding_excavation,60891586,16.205,5,10,389071913.0
expanding_excavation,60908252,16.666,5,10,389139171.0
expanding_excavation,60925382,17.13,5,10,389198163.0
expanding_excavation,60941581,16.199,5,10,389249621.0
expanding_excavation,60958262,16.681,5,10,389260477.0
expanding_excavation,60975374,17.112,5,10,389318997.0
expanding_excavation,60991620,16.246,5,10,389376101.0
expanding_excavation,61008760,17.14,5,10,389435681.0
expanding_excavation,61025410,16.65,5,10,389507457.0
expanding_excavation,61041583,16.173,5,10,389620189.0
expanding_excavation,61058256,16.673,5,10,389581429.0
expanding_excavation,61075409,17.153,5,10,389642037.0
expanding_excavation,61091580,16.171,5,10,389697825.0
expanding_excavation,61108244,16.664,5,10,389771013.0
expanding_excavation,61125422,17.178,5,10,389859895.0
expanding_excavation,61141578,16.156,5,10,389983535.0
expanding_excavation,61158262,16.684,5,10,389996793.0
expanding_excavation,61175412,17.15,5,10,390040937.0
expanding_excavation,61191579,16.167,5,10,390104857.0
expanding_excavation,61208233,16.654,5,10,390166745.0
expanding_excavation,61225419,17.186,5,10,390231813.0
expanding_excavation,61241567,16.148,5,10,390304805.0
expanding_excavation,61258232,16.665,5,10,390390281.0
expanding_excavation,61275407,17.175,5,10,390453551.0
expanding_excavation,61291613,16.206,5,10,390459357.0
expanding_excavation,61308233,16.62,5,10,390513249.0
expanding_excavation,61325401,17.168,5,10,390572693.0
expanding_excavation,61341563,16.162,5,10,390636245.0
expanding_excavation,61358228,16.665,5,10,390722119.0
expanding_excavation,61375408,17.18,5,10,390807321.0
expanding_excavation,61391559,16.151,5,10,390888561.0
expanding_excavation,61408229,16.67,5,10,390940541.0
expanding_excavation,61425405,17.176,5,10,390989725.0
expanding_excavation,61441572,16.167,5,10,391042687.0
expanding_excavation,61458235,16.663,5,10,391126903.0
expanding_excavation,61475398,17.163,5,10,391159391.0
expanding_excavation,61491559,16.161,5,10,391198165.0
expanding_excavation,61508227,16.668,5,10,391250661.0
expanding_excavation,61525368,17.141,5,10,391314463.0
expanding_excavation,61541564,16.196,5,10,391358945.0
expanding_excavation,61558231,16.667,5,10,391416037.0
expanding_excavation,61575365,17.134,5,10,391462929.0
expanding_excavation,61591562,16.197,5,10,391512061.0
expanding_excavation,61608227,16.665,1,10,391566673.0
expanding_excavation,61625355,17.128,5,10,391909021.0
expanding_excavation,61641558,16.203,5,10,391832281.0
expanding_excavation,61658222,16.664,4,10,392116987.0
expanding_excavation,61675306,17.084,4,10,392347621.0
expanding_excavation,61691565,16.259,5,10,391861729.0
expanding_excavation,61708227,16.662,6,10,392094293.0
expanding_excavation,61725281,17.054,6,10,392340457.0
expanding_excavation,61741552,16.271,6,10,392552425.0
expanding_excavation,61758220,16.668,6,10,392782567.0
expanding_excavation,61775234,17.014,6,10,393016549.0
expanding_excavation,61791544,16.31,6,10,393215433.0
expanding_excavation,61808219,16.675,6,10,393469435.0
expanding_excavation,61825456,17.237,6,10,393661783.0
expanding_excavation,61842160,16.704,6,10,393876009.0
expanding_excavation,61858247,16.087,6,10,394020913.0
expanding_excavation,61875317,17.07,6,10,394360685.0
expanding_excavation,61891556,16.239,6,10,394500849.0
expanding_excavation,61908210,16.654,6,10,394651027.0
expanding_excavation,61925253,17.043,6,10,394963261.0
expanding_excavation,61941542,16.289,6,10,395168109.0
expanding_excavation,61958205,16.663,6,10,395306921.0
expanding_excavation,61975221,17.016,4,10,394827299.0
expanding_excavation,61991551,16.33,4,10,395080557.0
expanding_excavation,62008203,16.652,4,10,395179301.0
expanding_excavation,62025230,17.027,3,10,395458881.0
expanding_excavation,62041543,16.313,4,10,395071797.0
expanding_excavation,62058209,16.666,5,10,395227999.0
expanding_excavation,62075225,17.016,5,10,395441923.0
expanding_excavation,62091543,16.318,5,10,395546847.0
expanding_excavation,62108209,16.666,5,10,395614047.0
expanding_excavation,62125310,17.101,5,10,395699727.0
expanding_excavation,62141546,16.236,5,10,395699469.0
expanding_excavation,62158220,16.674,5,10,395759213.0
expanding_excavation,62175249,17.029,5,10,395818325.0
expanding_excavation,62191536,16.287,5,10,395872303.0
expanding_excavation,62208204,16.668,5,10,395923549.0
expanding_excavation,62225291,17.087,5,10,395936145.0
expanding_excavation,62241538,16.247,5,10,395995545.0
expanding_excavation,62258200,16.662,5,10,396052381.0
expanding_excavation,62275236,17.036,5,10,396103285.0
expanding_excavation,62291532,16.296,5,10,396178789.0
expanding_excavation,62308230,16.698,5,10,396262605.0
expanding_excavation,62325276,17.046,5,10,396310505.0
expanding_excavation,62341540,16.264,5,10,396356225.0
expanding_excavation,62358204,16.664,5,10,396413193.0
expanding_excavation,62375234,17.03,5,10,396469401.0
expanding_excavation,62391527,16.293,5,10,396522929.0
expanding_excavation,62408207,16.68,5,10,396583423.0
expanding_excavation,62425249,17.042,5,10,396637485.0
expanding_excavation,62441526,16.277,5,10,396683637.0
expanding_excavation,62458198,16.672,5,10,396754409.0
expanding_excavation,62475224,17.026,5,10,396749865.0
expanding_excavation,62491521,16.297,5,10,396808249.0
expanding_excavation,62508191,16.67,5,10,396866281.0
expanding_excavation,62525182,16.991,5,10,396930517.0
expanding_excavation,62541609,16.427,5,10,397015357.0
expanding_excavation,62558185,16.576,5,10,397118331.0
expanding_excavation,62575179,16.994,5,10,397129381.0
expanding_excavation,62591540,16.361,5,10,397195453.0
expanding_excavation,62608188,16.648,5,10,397248997.0
expanding_excavation,62625158,16.97,5,10,397301573.0
expanding_excavation,62641520,16.362,5,10,397363219.0
expanding_excavation,62658182,16.662,5,10,397420209.0
expanding_excavation,62675182,17.0,5,10,397507853.0
expanding_excavation,62691523,16.341,5,10,397518709.0
expanding_excavation,62708188,16.665,5,10,397577149.0
expanding_excavation,62725153,16.965,5,10,397647613.0
expanding_excavation,62741516,16.363,5,10,397721165.0
expanding_excavation,62758190,16.674,5,10,397775825.0
expanding_excavation,62775122,16.932,5,10,397834405.0
expanding_excavation,62791524,16.402,5,10,397842977.0
expanding_excavation,62808178,16.654,5,10,397923557.0
expanding_excavation,62825079,16.901,5,10,398014273.0
expanding_excavation,62841503,16.424,5,10,398074033.0
expanding_excavation,62858183,16.68,5,10,398084497.0
expanding_excavation,62875028,16.845,5,10,398140801.0
expanding_excavation,62891504,16.476,5,10,398200891.0
expanding_excavation,62908167,16.663,5,10,398273501.0
expanding_excavation,62925027,16.86,5,10,398335945.0
expanding_excavation,62941519,16.492,5,10,398346937.0
expanding_excavation,62958174,16.655,5,10,398424141.0
expanding_excavation,62975071,16.897,5,10,398498081.0
expanding_excavation,62991499,16.428,5,10,398572457.0
expanding_excavation,63008166,16.667,5,10,398629149.0
expanding_excavation,63024983,16.817,5,10,398637101.0
expanding_excavation,63041512,16.529,5,10,398691821.0
expanding_excavation,63058169,16.657,5,10,398754123.0
expanding_excavation,63074968,16.799,5,10,398834533.0
expanding_excavation,63091493,16.525,5,10,398898903.0
expanding_excavation,63108163,16.67,5,10,398953555.0
expanding_excavation,63125039,16.876,5,10,398991105.0
expanding_excavation,63141499,16.46,5,10,399050233.0
expanding_excavation,63158161,16.662,5,10,399119561.0
expanding_excavation,63174907,16.746,5,10,399154997.0
expanding_excavation,63191492,16.585,5,10,399214305.0
expanding_excavation,63208159,16.667,5,10,399269981.0
expanding_excavation,63224874,16.715,5,10,399334733.0
expanding_excavation,63241500,16.626,5,10,399370929.0
expanding_excavation,63258166,16.666,5,10,399431305.0
expanding_excavation,63274824,16.658,5,10,399504499.0
expanding_excavation,63291485,16.661,5,10,399587021.0
expanding_excavation,63308162,16.677,5,10,399651773.0
expanding_excavation,63324830,16.668,3,10,399704789.0
expanding_excavation,63341486,16.656,3,10,399925689.0
expanding_excavation,63358151,16.665,3,10,399941149.0
expanding_excavation,63374822,16.671,0,10,400356425.0
expanding_excavation,63391484,16.662,5,10,400035477.0
expanding_excavation,63408164,16.68,7,10,400181259.0
expanding_excavation,63425055,16.891,7,10,400467693.0
expanding_excavation,63441482,16.427,7,10,400685205.0
expanding_excavation,63458153,16.671,7,10,400852109.0
expanding_excavation,63474833,16.68,7,10,401129125.0
expanding_excavation,63491494,16.661,7,10,401391697.0
expanding_excavation,63508279,16.785,7,10,401512413.0
expanding_excavation,63524821,16.542,7,10,401804781.0
expanding_excavation,63541478,16.657,7,10,402153729.0
expanding_excavation,63558144,16.666,7,10,402325517.0
expanding_excavation,63574814,16.67,7,10,402576425.0
expanding_excavation,63591541,16.727,7,10,402767873.0
expanding_excavation,63608156,16.615,7,10,402912401.0
expanding_excavation,63624807,16.651,7,10,403262729.0
expanding_excavation,63641482,16.675,7,10,402785821.0
expanding_excavation,63658143,16.661,7,10,402838845.0
expanding_excavation,63674802,16.659,7,10,402886269.0
expanding_excavation,63691485,16.683,7,10,402974165.0
expanding_excavation,63708133,16.648,7,10,403083825.0
expanding_excavation,63724805,16.672,7,10,403129237.0
expanding_excavation,63741490,16.685,7,10,403141861.0
expanding_excavation,63758148,16.658,7,10,403197293.0
expanding_excavation,63774807,16.659,7,10,403246145.0
expanding_excavation,63791542,16.735,7,10,403288713.0
expanding_excavation,63808148,16.606,7,10,403297829.0
expanding_excavation,63824806,16.658,7,10,403348781.0
expanding_excavation,63841478,16.672,7,10,403397793.0
expanding_excavation,63858145,16.667,7,10,403452233.0
expanding_excavation,63874818,16.673,7,10,403533893.0
expanding_excavation,63891468,16.65,7,10,403637677.0
expanding_excavation,63908126,16.658,7,10,403685357.0
expanding_excavation,63924797,16.671,7,10,403699005.0
expanding_excavation,63941461,16.664,7,10,403748599.0
expanding_excavation,63958128,16.667,7,10,403795489.0
expanding_excavation,63975393,17.265,7,10,403803561.0
expanding_excavation,63991461,16.068,7,10,403853507.0
expanding_excavation,64008142,16.681,7,10,403857281.0
expanding_excavation,64026295,18.153,7,10,403907433.0
expanding_excavation,64041457,15.162,7,10,403845089.0
expanding_excavation,64058135,16.678,7,10,403893873.0
expanding_excavation,64076257,18.122,7,10,404079387.0
expanding_excavation,64091463,15.206,7,10,404086681.0
expanding_excavation,64108123,16.66,7,10,404138945.0
expanding_excavation,64126501,18.378,7,10,404194029.0
expanding_excavation,64141462,14.961,7,10,404244539.0
expanding_excavation,64158124,16.662,7,10,404291957.0
expanding_excavation,64176374,18.25,7,10,404343085.0
expanding_excavation,64191468,15.094,7,10,404350745.0
expanding_excavation,64208134,16.666,7,10,404402337.0
expanding_excavation,64226116,17.982,7,10,404457333.0
expanding_excavation,64241452,15.336,7,10,404637331.0
expanding_excavation,64258128,16.676,7,10,404644745.0
expanding_excavation,64276119,17.991,7,10,404697913.0
expanding_excavation,64291454,15.335,7,10,404745377.0
expanding_excavation,64308128,16.674,7,10,404796769.0
expanding_excavation,64325970,17.842,7,10,404804721.0
expanding_excavation,64341697,15.727,7,10,404854705.0
expanding_excavation,64358116,16.419,7,10,404899737.0
expanding_excavation,64374798,16.682,7,10,404908333.0
expanding_excavation,64391452,16.654,7,10,404951105.0
expanding_excavation,64408109,16.657,7,10,405001573.0
expanding_excavation,64424790,16.681,7,10,405011909.0
expanding_excavation,64441470,16.68,7,10,405208661.0
expanding_excavation,64458118,16.648,7,10,405186869.0
expanding_excavation,64474784,16.666,7,10,405237957.0
expanding_excavation,64491478,16.694,7,10,405294347.0
expanding_excavation,64508104,16.626,7,10,405343211.0
expanding_excavation,64524771,16.667,7,10,405387585.0
expanding_excavation,64541452,16.681,7,10,405396701.0
expanding_excavation,64558110,16.658,7,10,405448133.0
expanding_excavation,64576798,18.688,7,10,405495897.0
expanding_excavation,64591501,14.703,7,10,405564697.0
expanding_excavation,64608120,16.619,7,10,405552177.0
expanding_excavation,64626707,18.587,7,10,405713937.0
expanding_excavation,64641449,14.742,7,10,405723053.0
expanding_excavation,64658099,16.65,7,10,405775957.0
expanding_excavation,64676547,18.448,7,10,405819793.0
expanding_excavation,64691436,14.889,7,10,405875001.0
expanding_excavation,64708103,16.667,7,10,405925353.0
expanding_excavation,64726417,18.314,7,10,405932937.0
expanding_excavation,64741433,15.016,7,10,405989673.0
expanding_excavation,64758095,16.662,7,10,406034105.0
expanding_excavation,64776294,18.199,7,10,406089669.0
expanding_excavation,64791489,15.195,5,10,406096797.0
expanding_excavation,64808101,16.612,5,10,406337911.0
expanding_excavation,64826138,18.037,5,10,406377109.0
expanding_excavation,64841437,15.299,4,10,406718481.0
expanding_excavation,64858088,16.651,4,10,406332501.0
expanding_excavation,64876006,17.918,5,10,406605113.0
expanding_excavation,64891606,15.6,5,10,406823741.0
expanding_excavation,64908087,16.481,5,10,406985205.0
expanding_excavation,64925886,17.799,5,10,407217697.0
expanding_excavation,64941436,15.55,5,10,407431713.0
expanding_excavation,64958092,16.656,5,10,407620957.0
expanding_excavation,64975181,17.089,5,10,407893403.0
expanding_excavation,64991421,16.24,5,10,408068453.0
expanding_excavation,65008099,16.678,5,10,408238077.0
expanding_excavation,65024914,16.815,5,10,408509993.0
expanding_excavation,65041415,16.501,5,10,408763365.0
expanding_excavation,65058081,16.666,5,10,408962601.0
expanding_excavation,65074758,16.677,5,10,409240621.0
expanding_excavation,65091412,16.654,5,10,409444079.0
expanding_excavation,65108082,16.67,5,10,408978281.0
expanding_excavation,65124755,16.673,5,10,408947221.0
expanding_excavation,65141425,16.67,3,10,409003845.0
expanding_excavation,65158082,16.657,3,10,409226657.0
expanding_excavation,65174983,16.901,3,10,409267305.0
expanding_excavation,65191423,16.44,2,10,409610637.0
expanding_excavation,65208079,16.656,2,10,409862741.0
expanding_excavation,65225272,17.193,4,10,409443471.0
expanding_excavation,65241417,16.145,5,10,409655765.0
expanding_excavation,65258086,16.669,5,10,409894337.0
expanding_excavation,65275137,17.051,5,10,409949345.0
expanding_excavation,65291420,16.283,5,10,409992313.0
expanding_excavation,65308080,16.66,5,10,410047957.0
expanding_excavation,65324781,16.701,5,10,410109429.0
expanding_excavation,65341403,16.622,5,10,410251561.0
expanding_excavation,65358071,16.668,5,10,410316857.0
expanding_excavation,65374734,16.663,5,10,410399925.0
expanding_excavation,65391414,16.68,5,10,410462433.0
expanding_excavation,65408068,16.654,5,10,410527071.0
expanding_excavation,65424746,16.678,5,10,410579705.0
expanding_excavation,65441410,16.664,5,10,410592301.0
expanding_excavation,65458095,16.685,5,10,410671693.0
expanding_excavation,65474733,16.638,5,10,410730209.0
expanding_excavation,65491412,16.679,5,10,410739113.0
expanding_excavation,65508061,16.649,1,10,410803421.0
expanding_excavation,65524732,16.671,3,10,411101221.0
expanding_excavation,65541387,16.655,2,10,411154333.0
expanding_excavation,65558066,16.679,1,10,411496661.0
expanding_excavation,65574734,16.668,5,10,411141713.0
expanding_excavation,65591415,16.681,6,10,411390953.0
expanding_excavation,65608076,16.661,6,10,411648469.0
expanding_excavation,65624734,16.658,6,10,411630289.0
expanding_excavation,65641438,16.704,6,10,411690161.0
expanding_excavation,65658061,16.623,6,10,411745377.0
expanding_excavation,65674726,16.665,6,10,411800273.0
expanding_excavation,65691391,16.665,6,10,411942261.0
expanding_excavation,65708061,16.67,6,10,411997657.0
expanding_excavation,65724725,16.664,6,10,412051909.0
expanding_excavation,65741393,16.668,6,10,412106325.0
expanding_excavation,65758065,16.672,6,10,412162645.0
expanding_excavation,65774721,16.656,6,10,412222805.0
expanding_excavation,65791397,16.676,6,10,412309405.0
expanding_excavation,65808073,16.676,6,10,412359353.0
expanding_excavation,65824715,16.642,6,10,412404397.0
expanding_excavation,65841386,16.671,6,10,412481201.0
expanding_excavation,65858048,16.662,6,10,412544205.0
expanding_excavation,65874717,16.669,3,10,412584409.0
expanding_excavation,65891407,16.69,4,10,412746893.0
expanding_excavation,65908213,16.806,4,10,412809537.0
expanding_excavation,65924723,16.51,4,10,413043061.0
expanding_excavation,65941394,16.671,3,10,413235981.0
expanding_excavation,65958066,16.672,4,10,412837083.0
expanding_excavation,65974712,16.646,5,10,413078521.0
expanding_excavation,65991379,16.667,5,10,413380873.0
expanding_excavation,66008071,16.692,5,10,413324065.0
expanding_excavation,66024714,16.643,5,10,413416129.0
expanding_excavation,66041381,16.667,5,10,413479209.0
expanding_excavation,66058043,16.662,5,10,413543457.0
expanding_excavation,66074714,16.671,5,10,413609485.0
expanding_excavation,66091397,16.683,5,10,413622081.0
expanding_excavation,66108042,16.645,5,10,413694233.0
expanding_excavation,66124711,16.669,5,10,413754873.0
expanding_excavation,66141376,16.665,5,10,413841421.0
expanding_excavation,66158050,16.674,5,10,413847781.0
expanding_excavation,66174718,16.668,5,10,413919129.0
expanding_excavation,66191388,16.67,5,10,413994501.0
expanding_excavation,66208048,16.66,5,10,414013425.0
expanding_excavation,66224714,16.666,5,10,414078805.0
expanding_excavation,66241374,16.66,5,10,414161581.0
expanding_excavation,66258039,16.665,5,10,414221245.0
expanding_excavation,66274737,16.698,5,10,414257901.0
expanding_excavation,66291374,16.637,5,10,414333433.0
expanding_excavation,66308037,16.663,5,10,414343461.0
expanding_excavation,66324707,16.67,5,10,414406529.0
expanding_excavation,66341379,16.672,5,10,414438561.0
expanding_excavation,66358051,16.672,5,10,414499717.0
expanding_excavation,66374696,16.645,5,10,414569053.0
expanding_excavation,66391377,16.681,5,10,414637153.0
expanding_excavation,66408047,16.67,5,10,414654081.0
expanding_excavation,66424697,16.65,5,10,414737723.0
expanding_excavation,66441365,16.668,5,10,414789813.0
expanding_excavation,66458058,16.693,5,10,414800669.0
expanding_excavation,66474695,16.637,5,10,414858681.0
expanding_excavation,66491365,16.67,5,10,414914685.0
expanding_excavation,66508029,16.664,5,10,414927469.0
expanding_excavation,66524697,16.668,5,10,414989941.0
expanding_excavation,66541362,16.665,5,10,415076245.0
expanding_excavation,66558047,16.685,5,10,415096097.0
expanding_excavation,66574699,16.652,5,10,415164397.0
expanding_excavation,66591355,16.656,5,10,415236577.0
expanding_excavation,66608023,16.668,5,10,415319141.0
expanding_excavation,66624690,16.667,5,10,415383775.0
expanding_excavation,66641354,16.664,5,10,415429033.0
expanding_excavation,66658036,16.682,5,10,415437321.0
expanding_excavation,66674685,16.649,5,10,415489165.0
expanding_excavation,66691364,16.679,5,10,415497061.0
expanding_excavation,66708018,16.654,5,10,415562393.0
expanding_excavation,66724695,16.677,5,10,415655491.0
expanding_excavation,66741361,16.666,5,10,415739405.0
expanding_excavation,66758023,16.662,5,10,415743869.0
expanding_excavation,66774693,16.67,5,10,415812597.0
expanding_excavation,66791351,16.658,5,10,415902153.0
expanding_excavation,66808017,16.666,5,10,415954259.0
expanding_excavation,66824683,16.666,5,10,415997229.0
expanding_excavation,66841574,16.891,5,10,416049273.0
expanding_excavation,66858011,16.437,5,10,416072457.0
expanding_excavation,66874676,16.665,5,10,416137701.0
expanding_excavation,66891356,16.68,5,10,416224629.0
expanding_excavation,66908046,16.69,5,10,416220505.0
expanding_excavation,66924685,16.639,5,10,416308185.0
expanding_excavation,66941335,16.65,5,10,416375289.0
expanding_excavation,66958005,16.67,5,10,416452613.0
expanding_excavation,66974686,16.681,5,10,416463469.0
expanding_excavation,66991349,16.663,5,10,416523805.0
expanding_excavation,67008017,16.668,5,10,416576629.0
expanding_excavation,67024677,16.66,5,10,416629153.0
expanding_excavation,67041338,16.661,5,10,416715769.0
expanding_excavation,67058003,16.665,5,10,416784321.0
expanding_excavation,67074678,16.675,5,10,416827601.0
expanding_excavation,67091333,16.655,5,10,416878709.0
expanding_excavation,67107999,16.666,5,10,416943617.0
expanding_excavation,67124680,16.681,5,10,417028087.0
expanding_excavation,67141350,16.67,5,10,417081133.0
expanding_excavation,67157997,16.647,5,10,417126185.0
expanding_excavation,67174677,16.68,5,10,417138777.0
expanding_excavation,67191338,16.661,5,10,417190369.0
expanding_excavation,67207999,16.661,5,10,417283925.0
expanding_excavation,67224666,16.667,5,10,417348397.0
expanding_excavation,67241334,16.668,5,10,417429393.0
expanding_excavation,67258004,16.67,5,10,417466065.0
expanding_excavation,67274663,16.659,5,10,417534045.0
expanding_excavation,67291329,16.666,5,10,417616041.0
expanding_excavation,67307991,16.662,5,10,417674369.0
expanding_excavation,67324660,16.669,5,10,417718305.0
expanding_excavation,67341334,16.674,5,10,417730901.0
expanding_excavation,67357990,16.656,3,10,417781337.0
expanding_excavation,67374669,16.679,3,10,418011729.0
expanding_excavation,67391376,16.707,3,10,418079157.0
expanding_excavation,67407990,16.614,0,10,418442233.0
expanding_excavation,67424670,16.68,5,10,418123653.0
travel_new_regions,67444590,19.92,7,10,418247641.0
travel_new_regions,67458005,13.415,7,10,418433329.0
travel_new_regions,67474672,16.667,7,10,418652769.0
travel_new_regions,67491321,16.649,7,10,418959633.0
travel_new_regions,67507994,16.673,7,10,419219997.0
travel_new_regions,67524656,16.662,7,10,419492277.0
travel_new_regions,67541331,16.675,7,10,419716883.0
travel_new_regions,67557981,16.65,7,10,419944145.0
travel_new_regions,67574655,16.674,7,10,420231535.0
travel_new_regions,67591318,16.663,7,10,420445937.0
travel_new_regions,67607992,16.674,7,10,420623613.0
travel_new_regions,67624656,16.664,7,10,420903401.0
travel_new_regions,67641315,16.659,7,10,421131193.0
travel_new_regions,67657977,16.662,7,10,420714793.0
travel_new_regions,67675016,17.039,7,10,420772165.0
travel_new_regions,67691322,16.306,7,10,420828645.0
travel_new_regions,67707997,16.675,7,10,420839501.0
travel_new_regions,67724647,16.65,5,10,420923529.0
travel_new_regions,67741325,16.678,5,10,421204403.0
travel_new_regions,67766588,25.263,4,10,421387913.0
travel_new_regions,67793054,26.466,4,14,421267425.0
travel_new_regions,67805465,12.411,4,14,420926943.0
travel_new_regions,67815939,10.474,5,14,421098561.0
travel_new_regions,67826379,10.44,5,14,421310695.0
travel_new_regions,67843055,16.676,5,14,421363777.0
travel_new_regions,67859731,16.676,5,14,421455709.0
travel_new_regions,67876390,16.659,5,14,421427349.0
travel_new_regions,67895065,18.675,5,14,421482509.0
travel_new_regions,67909716,14.651,5,14,421534345.0
travel_new_regions,67926383,16.667,5,14,421585043.0
travel_new_regions,67944861,18.478,5,14,421804333.0
travel_new_regions,67959727,14.866,5,14,421747893.0
travel_new_regions,67976448,16.721,5,14,421799189.0
travel_new_regions,67994697,18.249,5,14,421836921.0
travel_new_regions,68009731,15.034,5,14,421849517.0
travel_new_regions,68026378,16.647,5,14,421900593.0
travel_new_regions,68043097,16.719,5,14,421925785.0
travel_new_regions,68059712,16.615,5,14,421970405.0
travel_new_regions,68076390,16.678,5,14,421978469.0
travel_new_regions,68093060,16.67,5,14,422052937.0
travel_new_regions,68109714,16.654,5,14,422158605.0
travel_new_regions,68126377,16.663,5,14,422315577.0
travel_new_regions,68143037,16.66,5,14,422370849.0
travel_new_regions,68159709,16.672,5,14,422416401.0
travel_new_regions,68176380,16.671,5,14,422468801.0
travel_new_regions,68193054,16.674,5,14,422479653.0
travel_new_regions,68209702,16.648,5,14,422531233.0
travel_new_regions,68226397,16.695,5,14,422586149.0
travel_new_regions,68243081,16.684,5,14,422658483.0
travel_new_regions,68259716,16.635,5,14,422662541.0
travel_new_regions,68276367,16.651,5,14,422763289.0
travel_new_regions,68293091,16.724,5,14,422852925.0
travel_new_regions,68309708,16.617,5,14,422929257.0
travel_new_regions,68326368,16.66,5,14,422977999.0
travel_new_regions,68343083,16.715,5,14,423019737.0
travel_new_regions,68359716,16.633,5,14,423034877.0
travel_new_regions,68376370,16.654,5,14,423087053.0
travel_new_regions,68393064,16.694,5,14,423140741.0
travel_new_regions,68409702,16.638,5,14,423190489.0
travel_new_regions,68426367,16.665,5,14,423200369.0
travel_new_regions,68443028,16.661,5,14,423259001.0
travel_new_regions,68459695,16.667,5,14,423352285.0
travel_new_regions,68476376,16.681,5,14,423361625.0
travel_new_regions,68493047,16.671,5,14,423444821.0
travel_new_regions,68509697,16.65,5,14,423528537.0
travel_new_regions,68526366,16.669,5,14,423575435.0
travel_new_regions,68543025,16.659,5,14,423620825.0
travel_new_regions,68559695,16.67,5,14,423671745.0
travel_new_regions,68577478,17.783,5,14,423732785.0
travel_new_regions,68593082,15.604,5,14,423735989.0
travel_new_regions,68609701,16.619,5,14,423790845.0
travel_new_regions,68627317,17.616,5,14,423843589.0
travel_new_regions,68643038,15.721,5,14,423918609.0
travel_new_regions,68659687,16.649,5,14,424091961.0
travel_new_regions,68677185,17.498,5,14,424140321.0
travel_new_regions,68693049,15.864,5,14,424195623.0
travel_new_regions,68709688,16.639,5,14,424246485.0
travel_new_regions,68727143,17.455,5,14,424255301.0
travel_new_regions,68743024,15.881,5,14,424307533.0
travel_new_regions,68759689,16.665,5,14,424360037.0
travel_new_regions,68777043,17.354,5,14,424415709.0
travel_new_regions,68793017,15.974,5,14,424470953.0
travel_new_regions,68809692,16.675,5,14,424742193.0
travel_new_regions,68826762,17.07,5,14,424662249.0
travel_new_regions,68843021,16.259,5,14,424714057.0
travel_new_regions,68859687,16.666,5,14,424768081.0
travel_new_regions,68876621,16.934,5,14,424821569.0
travel_new_regions,68893008,16.387,5,14,424874999.0
travel_new_regions,68909687,16.679,5,14,424915769.0
travel_new_regions,68926511,16.824,5,14,424923145.0
travel_new_regions,68943014,16.503,5,14,424977785.0
travel_new_regions,68959695,16.681,5,14,425031613.0
travel_new_regions,68976362,16.667,5,14,425240881.0
travel_new_regions,68993021,16.659,5,14,425252865.0
travel_new_regions,69009686,16.665,5,14,425310713.0
travel_new_regions,69026354,16.668,5,14,425365969.0
travel_new_regions,69043024,16.67,5,14,425422421.0
travel_new_regions,69059686,16.662,5,14,425475293.0
travel_new_regions,69076393,16.707,5,14,425526565.0
travel_new_regions,69093011,16.618,5,14,425580605.0
travel_new_regions,69109669,16.658,5,14,425634453.0
travel_new_regions,69126347,16.678,3,14,425747941.0
travel_new_regions,69143014,16.667,3,14,425901137.0
travel_new_regions,69159662,16.648,3,14,425990461.0
travel_new_regions,69176334,16.672,2,14,426302141.0
travel_new_regions,69193008,16.674,4,14,426024489.0
travel_new_regions,69209676,16.668,5,14,426012013.0
travel_new_regions,69226333,16.657,5,14,426234485.0
travel_new_regions,69242992,16.659,5,14,426532429.0
travel_new_regions,69259659,16.667,5,14,426743433.0
travel_new_regions,69276329,16.67,5,14,427042197.0
travel_new_regions,69293026,16.697,5,14,427269539.0
travel_new_regions,69309666,16.64,5,14,427488365.0
travel_new_regions,69326331,16.665,5,14,427664293.0
travel_new_regions,69342995,16.664,5,14,427992173.0
travel_new_regions,69359662,16.667,5,14,428163125.0
travel_new_regions,69376320,16.658,5,14,428367931.0
travel_new_regions,69392990,16.67,5,14,428650129.0
travel_new_regions,69409652,16.662,5,14,428905941.0
travel_new_regions,69426336,16.684,5,14,429038629.0
travel_new_regions,69443077,16.741,5,14,428684793.0
travel_new_regions,69459653,16.576,5,14,428746977.0
travel_new_regions,69476317,16.664,5,14,428808871.0
travel_new_regions,69492985,16.668,5,14,428865307.0
travel_new_regions,69509653,16.668,5,14,428924699.0
travel_new_regions,69526316,16.663,5,14,428976393.0
travel_new_regions,69543022,16.706,5,14,428989077.0
travel_new_regions,69559653,16.631,5,14,429049869.0
travel_new_regions,69576310,16.657,5,14,429123037.0
travel_new_regions,69593037,16.727,5,14,429188333.0
travel_new_regions,69609643,16.606,5,14,429273509.0
travel_new_regions,69626312,16.669,5,14,429347633.0
travel_new_regions,69643009,16.697,5,14,429404145.0
travel_new_regions,69659655,16.646,5,14,429414997.0
travel_new_regions,69676319,16.664,5,14,429483381.0
travel_new_regions,69693028,16.709,5,14,429550445.0
travel_new_regions,69709650,16.622,5,14,429611773.0
travel_new_regions,69726311,16.661,5,14,429663389.0
travel_new_regions,69743008,16.697,5,14,429731447.0
travel_new_regions,69759636,16.628,5,14,429786945.0
travel_new_regions,69776310,16.674,5,14,429857445.0
travel_new_regions,69792981,16.671,5,14,429900769.0
travel_new_regions,69809644,16.663,5,14,429967305.0
travel_new_regions,69826310,16.666,5,14,430026637.0
travel_new_regions,69842967,16.657,5,14,430099217.0
travel_new_regions,69859646,16.679,5,14,430179949.0
travel_new_regions,69876526,16.88,5,14,430286601.0
travel_new_regions,69893701,17.175,5,14,430277221.0
travel_new_regions,69909648,15.947,5,14,430328169.0
travel_new_regions,69926298,16.65,5,14,430386321.0
travel_new_regions,69942966,16.668,5,14,430445525.0
travel_new_regions,69959639,16.673,5,14,430503327.0
travel_new_regions,69976314,16.675,5,14,430510865.0
travel_new_regions,69992978,16.664,5,14,430563025.0
travel_new_regions,70009632,16.654,5,14,430617961.0
travel_new_regions,70026299,16.667,5,14,430684473.0
travel_new_regions,70042964,16.665,5,14,430744309.0
travel_new_regions,70059628,16.664,5,14,430824317.0
travel_new_regions,70076296,16.668,5,14,430884009.0
travel_new_regions,70092959,16.663,5,14,430942549.0
travel_new_regions,70109623,16.664,5,14,430994945.0
travel_new_regions,70126291,16.668,5,14,431047869.0
travel_new_regions,70142964,16.673,5,14,431099997.0
travel_new_regions,70159641,16.677,5,14,431154096.0
travel_new_regions,70176302,16.661,5,14,431166457.0
travel_new_regions,70192957,16.655,5,14,431245481.0
travel_new_regions,70209634,16.677,5,14,431302757.0
travel_new_regions,70226292,16.658,5,14,431373285.0
travel_new_regions,70242989,16.697,5,14,431439507.0
travel_new_regions,70259628,16.639,5,14,431493763.0
travel_new_regions,70276289,16.661,5,14,431539985.0
travel_new_regions,70292957,16.668,5,14,431593097.0
travel_new_regions,70309616,16.659,5,14,431652953.0
travel_new_regions,70326283,16.667,5,14,431710153.0
travel_new_regions,70342952,16.669,5,14,431762733.0
travel_new_regions,70359628,16.676,5,14,431811153.0
travel_new_regions,70376284,16.656,5,14,431865605.0
travel_new_regions,70392947,16.663,1,14,431995053.0
travel_new_regions,70409613,16.666,0,14,432233721.0
travel_new_regions,70426284,16.671,0,14,432450683.0
travel_new_regions,70442978,16.694,0,16,432721299.0
travel_new_regions,70459612,16.634,4,16,432384855.0
travel_new_regions,70476281,16.669,3,16,433745039.0
travel_new_regions,70492953,16.672,0,16,434049011.0
travel_new_regions,70509788,16.835,0,16,434199291.0
travel_new_regions,70526279,16.491,0,16,434669191.0
travel_new_regions,70542946,16.667,0,16,434985831.0
travel_new_regions,70559609,16.663,3,16,434538819.0
travel_new_regions,70576270,16.661,2,16,434782039.0
travel_new_regions,70592944,16.674,0,16,435063651.0
travel_new_regions,70609608,16.664,0,16,435351423.0
travel_new_regions,70626265,16.657,0,18,435780075.0
travel_new_regions,70642938,16.673,0,18,436311823.0
travel_new_regions,70659609,16.671,0,18,436452575.0
travel_new_regions,70676275,16.666,3,18,435238235.0
travel_new_regions,70692933,16.658,2,18,435467259.0
travel_new_regions,70709608,16.675,0,18,435670627.0
travel_new_regions,70726268,16.66,0,18,435881635.0
travel_new_regions,70742937,16.669,0,18,436604571.0
travel_new_regions,70759597,16.66,0,18,436700973.0
travel_new_regions,70776264,16.667,0,18,436920095.0
travel_new_regions,70792943,16.679,0,18,437030919.0
travel_new_regions,70809611,16.668,0,18,437226627.0
travel_new_regions,70826485,16.874,3,18,436294783.0
travel_new_regions,70842932,16.447,2,18,436542083.0
travel_new_regions,70859607,16.675,0,18,436754255.0
travel_new_regions,70876261,16.654,0,18,437100008.0
travel_new_regions,70892932,16.671,0,20,437274237.0
travel_new_regions,70909595,16.663,0,20,437697677.0
travel_new_regions,70926263,16.668,0,20,437973653.0
travel_new_regions,70942937,16.674,0,20,438222461.0
travel_new_regions,70959594,16.657,3,20,436952745.0
travel_new_regions,70976259,16.665,2,20,437268111.0
travel_new_regions,70992927,16.668,0,20,437535925.0
travel_new_regions,71009584,16.657,0,20,437805393.0
travel_new_regions,71026250,16.666,0,20,438203377.0
travel_new_regions,71042922,16.672,0,20,438486609.0
travel_new_regions,71059583,16.661,0,20,438897625.0
travel_new_regions,71076264,16.681,0,20,439310733.0
travel_new_regions,71092932,16.668,0,20,439470889.0
travel_new_regions,71109591,16.659,3,20,438245393.0
travel_new_regions,71126250,16.659,3,20,438549841.0
travel_new_regions,71142928,16.678,0,20,438832625.0
travel_new_regions,71159581,16.653,0,20,439003779.0
travel_new_regions,71179263,19.682,0,22,438816539.0
travel_new_regions,71192924,13.661,0,22,439084241.0
travel_new_regions,71209585,16.661,0,22,439603317.0
travel_new_regions,71226244,16.659,0,22,440094633.0
travel_new_regions,71242923,16.679,0,22,440182617.0
travel_new_regions,71259592,16.669,0,22,440408949.0
travel_new_regions,71276264,16.672,3,22,438335857.0
travel_new_regions,71292908,16.644,3,22,438489541.0
travel_new_regions,71309581,16.673,0,22,438739733.0
travel_new_regions,71326247,16.666,0,22,439030657.0
travel_new_regions,71342908,16.661,0,22,439555001.0
travel_new_regions,71359574,16.666,0,22,439793445.0
travel_new_regions,71376251,16.677,0,22,440095101.0
travel_new_regions,71392916,16.665,0,22,440392129.0
travel_new_regions,71409588,16.672,3,22,439503445.0
travel_new_regions,71426239,16.651,2,22,438970571.0
travel_new_regions,71442911,16.672,2,22,439286677.0
travel_new_regions,71459576,16.665,2,22,439261265.0
travel_new_regions,71476234,16.658,2,24,439693215.0
travel_new_regions,71492937,16.703,2,24,440089729.0
travel_new_regions,71509571,16.634,2,24,440385365.0
travel_new_regions,71526250,16.679,0,24,440536201.0
travel_new_regions,71542910,16.66,4,24,439347733.0
travel_new_regions,71559593,16.683,3,24,439404499.0
travel_new_regions,71576253,16.66,2,24,439564577.0
travel_new_regions,71592897,16.644,2,24,439801245.0
travel_new_regions,71609584,16.687,2,24,440156745.0
travel_new_regions,71626233,16.649,2,24,440648697.0
travel_new_regions,71642901,16.668,2,24,441052377.0
travel_new_regions,71659571,16.67,2,24,441243845.0
travel_new_regions,71676256,16.685,0,24,441350905.0
travel_new_regions,71692902,16.646,4,24,440289643.0
travel_new_regions,71709574,16.672,4,24,440474109.0
travel_new_regions,71726241,16.667,2,24,440559681.0
travel_new_regions,71742905,16.664,2,24,440788569.0
travel_new_regions,71759575,16.67,2,26,441151281.0
travel_new_regions,71776227,16.652,2,26,441590441.0
travel_new_regions,71794185,17.958,2,26,441992145.0
travel_new_regions,71809562,15.377,2,26,442274121.0
travel_new_regions,71826247,16.685,2,26,442580465.0
travel_new_regions,71844188,17.941,0,26,442786253.0
travel_new_regions,71859570,15.382,0,26,442927013.0
travel_new_regions,71876221,16.651,4,26,440812485.0
travel_new_regions,71894191,17.97,4,26,441094977.0
travel_new_regions,71909570,15.379,3,26,441318793.0
travel_new_regions,71926221,16.651,3,26,441557081.0
travel_new_regions,71944212,17.991,3,26,441922761.0
travel_new_regions,71959552,15.34,3,26,442406493.0
travel_new_regions,71976221,16.669,3,26,442522689.0
travel_new_regions,71994229,18.008,3,26,442832173.0
travel_new_regions,72009549,15.32,2,26,443096057.0
travel_new_regions,72026235,16.686,1,26,441835573.0
travel_new_regions,72044236,18.001,1,26,442187225.0
travel_new_regions,72059571,15.335,0,26,442344597.0
travel_new_regions,72076214,16.643,0,26,442576753.0
travel_new_regions,72094097,17.883,0,28,443000161.0
travel_new_regions,72109571,15.474,0,28,443430811.0
travel_new_regions,72126221,16.65,0,28,443626489.0
travel_new_regions,72144218,17.997,0,28,443958481.0
travel_new_regions,72159553,15.335,0,28,444249769.0
travel_new_regions,72176219,16.666,4,28,442646201.0
travel_new_regions,72194218,17.999,3,28,442959633.0
travel_new_regions,72209578,15.36,0,28,443046377.0
travel_new_regions,72226213,16.635,0,28,443283469.0
travel_new_regions,72244253,18.04,0,28,443643149.0
travel_new_regions,72259545,15.292,0,28,444142533.0
travel_new_regions,72276208,16.663,0,28,444377885.0
travel_new_regions,72292882,16.674,0,28,444579909.0
travel_new_regions,72309544,16.662,0,28,444681001.0
travel_new_regions,72326260,16.716,0,28,444906477.0
travel_new_regions,72342878,16.618,4,28,443698941.0
travel_new_regions,72359545,16.667,4,28,443918913.0
travel_new_regions,72376206,16.661,3,28,444428237.0
travel_new_regions,72392879,16.673,3,28,444238469.0
travel_new_regions,72415263,22.384,3,30,444068081.0
travel_new_regions,72426213,10.95,3,30,444280017.0
travel_new_regions,72442861,16.648,3,30,444554845.0
travel_new_regions,72459523,16.662,3,30,445003705.0
travel_new_regions,72476195,16.672,2,30,445154653.0
travel_new_regions,72492878,16.683,0,30,445553869.0
travel_new_regions,72509575,16.697,4,30,444099269.0
travel_new_regions,72526214,16.639,4,30,444004193.0
travel_new_regions,72542865,16.651,3,30,444456021.0
travel_new_regions,72559526,16.661,3,30,444324577.0
travel_new_regions,72576199,16.673,3,30,444286945.0
travel_new_regions,72592854,16.655,3,30,444459169.0
travel_new_regions,72609524,16.67,3,30,444642973.0
travel_new_regions,72626187,16.663,3,30,444817825.0
travel_new_regions,72642876,16.689,2,30,445512165.0
travel_new_regions,72659529,16.653,0,30,445468109.0
travel_new_regions,72676192,16.663,4,30,444883917.0
travel_new_regions,72692865,16.673,4,30,445396573.0
travel_new_regions,72709518,16.653,3,30,445303805.0
travel_new_regions,72726184,16.666,3,30,445158885.0
travel_new_regions,72742872,16.688,3,32,445255741.0
travel_new_regions,72759521,16.649,3,32,445360585.0
travel_new_regions,72776178,16.657,3,32,445509713.0
travel_new_regions,72792848,16.67,3,32,445802993.0
travel_new_regions,72809514,16.666,2,32,445988909.0
travel_new_regions,72826188,16.674,0,32,446200121.0
travel_new_regions,72842895,16.707,4,32,445565669.0
travel_new_regions,72859522,16.627,4,32,445219253.0
travel_new_regions,72876177,16.655,3,32,445769829.0
travel_new_regions,72892852,16.675,3,32,445682057.0
travel_new_regions,72909507,16.655,3,32,445792743.0
travel_new_regions,72926175,16.668,3,32,445892701.0
travel_new_regions,72942837,16.662,3,32,446043303.0
travel_new_regions,72959507,16.67,3,32,446332209.0
travel_new_regions,72976173,16.666,2,32,446551385.0
travel_new_regions,72992850,16.677,1,32,447020973.0
travel_new_regions,73009518,16.668,4,32,446209765.0
travel_new_regions,73026183,16.665,4,32,446364057.0
travel_new_regions,73042853,16.67,3,32,446666717.0
travel_new_regions,73059504,16.651,3,32,446624805.0
travel_new_regions,73076172,16.668,3,34,446752189.0
travel_new_regions,73092834,16.662,3,34,446857489.0
travel_new_regions,73109499,16.665,3,34,447027781.0
travel_new_regions,73126181,16.682,3,34,447284937.0
travel_new_regions,73142841,16.66,2,34,447578809.0
travel_new_regions,73159530,16.689,0,34,447776457.0
travel_new_regions,73176188,16.658,0,34,447922389.0
travel_new_regions,73192887,16.699,4,34,446936493.0
travel_new_regions,73210234,17.347,4,34,447088409.0
travel_new_regions,73226179,15.945,3,34,446141849.0
travel_new_regions,73242840,16.661,2,34,446036845.0
travel_new_regions,73259493,16.653,2,34,446173361.0
travel_new_regions,73276172,16.679,2,34,446279165.0
travel_new_regions,73292834,16.662,2,34,446455649.0
travel_new_regions,73309503,16.669,2,34,446647171.0
travel_new_regions,73326169,16.666,2,34,446976605.0
travel_new_regions,73342839,16.67,2,34,447157809.0
travel_new_regions,73359516,16.677,0,34,447337101.0
travel_new_regions,73376183,16.667,4,34,446853341.0
travel_new_regions,73392846,16.663,4,34,446865829.0
travel_new_regions,73409505,16.659,3,34,447335525.0
travel_new_regions,73426159,16.654,3,34,447245045.0
travel_new_regions,73442834,16.675,3,36,447417881.0
travel_new_regions,73459488,16.654,3,36,447525441.0
travel_new_regions,73476152,16.664,3,36,447697445.0
travel_new_regions,73492826,16.674,3,36,447823805.0
travel_new_regions,73509489,16.663,3,36,448203475.0
travel_new_regions,73526156,16.667,3,36,448435405.0
travel_new_regions,73542830,16.674,2,36,448666637.0
travel_new_regions,73559581,16.751,1,36,447614125.0
travel_new_regions,73576156,16.575,1,36,447423517.0
travel_new_regions,73592827,16.671,0,36,447958809.0
travel_new_regions,73609482,16.655,0,36,447867389.0
travel_new_regions,73626147,16.665,0,36,448005793.0
travel_new_regions,73642813,16.666,0,36,448113353.0
travel_new_regions,73659487,16.674,0,36,448281941.0
travel_new_regions,73676156,16.669,0,36,448429373.0
travel_new_regions,73692823,16.667,0,36,448792049.0
travel_new_regions,73709474,16.651,0,36,448930501.0
travel_new_regions,73726154,16.68,0,36,449161273.0
travel_new_regions,73742821,16.667,4,36,448163969.0
travel_new_regions,73759507,16.686,4,36,448506937.0
travel_new_regions,73776144,16.637,3,36,449025313.0
travel_new_regions,73792816,16.672,3,36,448913629.0
travel_new_regions,73809491,16.675,3,38,448164289.0
travel_new_regions,73826141,16.65,3,38,448225839.0
travel_new_regions,73842812,16.671,3,38,448532459.0
travel_new_regions,73859476,16.664,3,38,448683871.0
travel_new_regions,73876139,16.663,3,38,448799795.0
travel_new_regions,73892818,16.679,3,38,449065035.0
travel_new_regions,73909485,16.667,2,38,449283755.0
travel_new_regions,73926166,16.681,3,38,448311951.0
travel_new_regions,73943206,17.04,3,38,447975867.0
travel_new_regions,73959476,16.27,4,38,448399139.0
travel_new_regions,73976140,16.664,3,38,448571503.0
travel_new_regions,73993035,16.895,3,38,448689081.0
travel_new_regions,74009467,16.432,3,38,448867663.0
travel_new_regions,74026141,16.674,3,38,448929083.0
travel_new_regions,74043118,16.977,3,38,449086103.0
travel_new_regions,74059464,16.346,3,38,449282663.0
travel_new_regions,74076160,16.696,3,38,449474285.0
travel_new_regions,74093096,16.936,2,38,449881459.0
travel_new_regions,74109479,16.383,3,38,448939687.0
travel_new_regions,74126149,16.67,3,38,448860943.0
travel_new_regions,74142967,16.818,3,38,449420261.0
travel_new_regions,74159469,16.502,3,38,449313395.0
travel_new_regions,74176138,16.669,3,40,449421757.0
travel_new_regions,74192832,16.694,3,40,449533199.0
travel_new_regions,74209457,16.625,3,40,449685327.0
travel_new_regions,74226148,16.691,3,40,449884255.0
travel_new_regions,74242791,16.643,3,40,450112475.0
travel_new_regions,74259470,16.679,3,40,450290199.0
travel_new_regions,74276134,16.664,2,40,450488003.0
travel_new_regions,74292792,16.658,2,40,450852143.0
travel_new_regions,74309485,16.693,0,40,451023947.0
travel_new_regions,74326246,16.761,4,40,449845451.0
travel_new_regions,74342792,16.546,4,40,450026569.0
travel_new_regions,74359490,16.698,3,40,450192411.0
travel_new_regions,74376120,16.63,3,40,450495015.0
travel_new_regions,74392785,16.665,3,41,450479175.0
travel_new_regions,74409451,16.666,3,41,450588863.0
travel_new_regions,74426121,16.67,3,41,450734475.0
travel_new_regions,74442783,16.662,3,41,450877291.0
travel_new_regions,74459453,16.67,3,41,451143511.0
travel_new_regions,74476114,16.661,3,41,451401563.0
travel_new_regions,74492797,16.683,3,41,451576707.0
travel_new_regions,74509446,16.649,2,41,451915571.0
travel_new_regions,74526129,16.683,1,41,450909499.0
travel_new_regions,74542791,16.662,1,41,451068607.0
travel_new_regions,74559463,16.672,0,41,451510407.0
travel_new_regions,74576119,16.656,0,41,451312363.0
travel_new_regions,74592821,16.702,0,46,451460275.0
travel_new_regions,74609449,16.628,0,46,451593727.0
travel_new_regions,74626127,16.678,0,46,451825803.0
travel_new_regions,74642771,16.644,0,46,451897211.0
travel_new_regions,74659448,16.677,0,46,452200159.0
travel_new_regions,74676113,16.665,0,46,452422195.0
travel_new_regions,74692808,16.695,0,46,452588055.0
travel_new_regions,74709452,16.644,0,46,452731415.0
travel_new_regions,74726120,16.668,4,46,451934031.0
travel_new_regions,74742775,16.655,4,46,451322843.0
travel_new_regions,74759439,16.664,3,46,451855515.0
travel_new_regions,74776140,16.701,3,46,451667127.0
travel_new_regions,74792785,16.645,3,46,451817767.0
travel_new_regions,74809434,16.649,3,46,452007807.0
travel_new_regions,74826106,16.672,3,46,452127237.0
travel_new_regions,74842770,16.664,3,46,452239303.0
travel_new_regions,74859444,16.674,3,46,452303917.0
travel_new_regions,74876296,16.852,3,46,452527003.0
travel_new_regions,74892830,16.534,3,46,452724607.0
travel_new_regions,74909430,16.6,3,46,452948347.0
travel_new_regions,74926113,16.683,2,46,453846163.0
travel_new_regions,74942772,16.659,1,46,452445755.0
travel_new_regions,74959436,16.664,1,46,452914139.0
travel_new_regions,74976104,16.668,0,46,453262655.0
travel_new_regions,74992770,16.666,0,46,453498335.0
travel_new_regions,75009430,16.66,0,50,453687635.0
travel_new_regions,75026091,16.661,0,50,453664119.0
travel_new_regions,75042752,16.661,0,50,453778387.0
travel_new_regions,75059423,16.671,0,50,453886117.0
travel_new_regions,75076087,16.664,0,50,454087599.0
travel_new_regions,75092759,16.672,0,50,454192311.0
travel_new_regions,75109418,16.659,0,50,454411155.0
travel_new_regions,75126103,16.685,0,50,454660395.0
travel_new_regions,75142763,16.66,0,50,454893271.0
travel_new_regions,75159437,16.674,4,50,453548587.0
travel_new_regions,75176087,16.65,4,50,453608489.0
travel_new_regions,75192776,16.689,3,50,453784747.0
travel_new_regions,75209421,16.645,3,50,453964565.0
travel_new_regions,75226091,16.67,3,50,454241373.0
travel_new_regions,75242747,16.656,3,50,454197989.0
travel_new_regions,75259419,16.672,3,50,454306907.0
travel_new_regions,75276079,16.66,3,50,454423455.0
travel_new_regions,75292751,16.672,3,50,454574623.0
travel_new_regions,75309408,16.657,3,50,454756027.0
travel_new_regions,75326086,16.678,3,50,455053163.0
travel_new_regions,75342756,16.67,2,50,455494063.0
travel_new_regions,75359419,16.663,1,50,454467987.0
travel_new_regions,75376086,16.667,1,50,454195375.0
travel_new_regions,75392755,16.669,2,50,454626655.0
travel_new_regions,75409414,16.659,2,50,454465281.0
travel_new_regions,75426074,16.66,2,52,454032161.0
travel_new_regions,75442742,16.668,2,52,454149827.0
travel_new_regions,75459409,16.667,2,52,454263835.0
travel_new_regions,75476072,16.663,2,52,454452079.0
travel_new_regions,75492739,16.667,2,52,454666079.0
travel_new_regions,75509403,16.664,0,52,454908327.0
travel_new_regions,75526097,16.694,0,52,455124435.0
travel_new_regions,75542751,16.654,4,52,453875795.0
travel_new_regions,75559406,16.655,4,52,453754573.0
travel_new_regions,75576079,16.673,3,52,454065603.0
travel_new_regions,75592747,16.668,2,52,454375759.0
travel_new_regions,75609401,16.654,2,52,454366955.0
travel_new_regions,75626063,16.662,2,52,454454603.0
travel_new_regions,75642729,16.666,2,52,454579095.0
travel_new_regions,75659407,16.678,2,52,454717675.0
travel_new_regions,75676063,16.656,2,52,454844629.0
travel_new_regions,75692733,16.67,2,52,455016351.0
travel_new_regions,75709397,16.664,2,52,455399640.0
travel_new_regions,75726078,16.681,0,52,455536271.0
travel_new_regions,75742742,16.664,4,52,454533763.0
travel_new_regions,75759411,16.669,4,52,454958147.0
travel_new_regions,75776071,16.66,3,52,455356715.0
travel_new_regions,75792749,16.678,3,52,455425695.0
travel_new_regions,75809408,16.659,3,54,455415527.0
travel_new_regions,75826064,16.656,3,54,455526211.0
travel_new_regions,75842732,16.668,3,54,455642019.0
travel_new_regions,75859394,16.662,3,54,455790537.0
travel_new_regions,75876052,16.658,3,54,455924401.0
travel_new_regions,75892728,16.676,3,54,456079847.0
travel_new_regions,75909398,16.67,3,54,456309911.0
travel_new_regions,75926065,16.667,2,54,456608155.0
travel_new_regions,75942734,16.669,2,54,455852219.0
travel_new_regions,75959396,16.662,1,54,455547143.0
travel_new_regions,75976065,16.669,0,54,455957307.0
travel_new_regions,75992719,16.654,0,54,455891299.0
travel_new_regions,76009390,16.671,0,54,456019035.0
travel_new_regions,76026064,16.674,0,54,456130107.0
travel_new_regions,76042724,16.66,0,54,456245911.0
travel_new_regions,76059380,16.656,0,54,456460247.0
travel_new_regions,76076050,16.67,0,54,456672715.0
travel_new_regions,76092716,16.666,0,54,456892559.0
travel_new_regions,76109386,16.67,0,54,457221559.0
travel_new_regions,76126066,16.68,4,54,456213143.0
travel_new_regions,76142727,16.661,4,54,456651459.0
travel_new_regions,76159384,16.657,3,54,457115391.0
travel_new_regions,76176056,16.672,3,54,457028671.0
travel_new_regions,76192727,16.671,3,56,457150319.0
travel_new_regions,76209391,16.664,3,56,457297315.0
travel_new_regions,76226042,16.651,3,56,457481775.0
travel_new_regions,76242724,16.682,3,56,457775333.0
travel_new_regions,76259387,16.663,3,56,457991431.0
travel_new_regions,76276053,16.666,0,56,458177159.0
travel_new_regions,76292722,16.669,4,56,457274343.0
travel_new_regions,76309382,16.66,4,56,456932719.0
travel_new_regions,76326050,16.668,3,56,457417723.0
travel_new_regions,76342718,16.668,3,56,457508467.0
travel_new_regions,76359370,16.652,3,56,457639303.0
travel_new_regions,76376039,16.669,3,56,457786915.0
travel_new_regions,76392698,16.659,3,56,457970787.0
travel_new_regions,76409373,16.675,3,56,458258911.0
travel_new_regions,76426029,16.656,3,56,458499763.0
travel_new_regions,76442704,16.675,2,56,458867957.0
travel_new_regions,76459385,16.681,1,56,457976311.0
travel_new_regions,76476039,16.654,1,56,457921651.0
travel_new_regions,76492710,16.671,2,56,458436515.0
travel_new_regions,76509367,16.657,0,56,458344795.0
travel_new_regions,76526043,16.676,0,62,458515215.0
travel_new_regions,76542697,16.654,0,62,458588579.0
travel_new_regions,76559363,16.666,0,62,458763521.0
travel_new_regions,76576025,16.662,0,62,458928051.0
travel_new_regions,76592701,16.676,0,62,459161375.0
travel_new_regions,76609371,16.67,0,62,459415823.0
travel_new_regions,76626027,16.656,0,62,459749035.0
travel_new_regions,76642701,16.674,4,62,458584379.0
travel_new_regions,76659380,16.679,4,62,458821961.0
travel_new_regions,76676036,16.656,3,62,459156147.0
travel_new_regions,76692691,16.655,3,62,459323855.0
travel_new_regions,76709358,16.667,3,62,459505123.0
travel_new_regions,76726030,16.672,3,62,459577511.0
travel_new_regions,76742687,16.657,3,62,459714451.0
travel_new_regions,76759359,16.672,3,62,459922845.0
travel_new_regions,76776034,16.675,3,62,460158257.0
travel_new_regions,76792710,16.676,3,62,460400027.0
travel_new_regions,76809369,16.659,3,62,460565945.0
travel_new_regions,76826032,16.663,2,62,460991863.0
travel_new_regions,76842695,16.663,1,62,459796671.0
travel_new_regions,76859358,16.663,1,62,459395547.0
travel_new_regions,76876023,16.665,2,62,459935917.0
travel_new_regions,76892695,16.672,2,62,459757171.0
travel_new_regions,76909351,16.656,2,66,458785367.0
travel_new_regions,76926012,16.661,2,66,458969087.0
travel_new_regions,76942688,16.676,2,66,459266371.0
travel_new_regions,76959350,16.662,2,66,459454925.0
travel_new_regions,76976011,16.661,2,66,459567721.0
travel_new_regions,76992695,16.684,0,66,459769007.0
travel_new_regions,77009360,16.665,0,66,459911511.0
travel_new_regions,77026015,16.655,4,66,458970807.0
travel_new_regions,77042677,16.662,4,66,458504425.0
travel_new_regions,77059357,16.68,3,66,458824495.0
travel_new_regions,77076013,16.656,2,66,459049673.0
travel_new_regions,77092680,16.667,2,66,459137915.0
travel_new_regions,77109338,16.658,2,66,459305507.0
travel_new_regions,77126035,16.697,2,66,459360011.0
travel_new_regions,77142671,16.636,2,66,459532391.0
travel_new_regions,77159337,16.666,2,66,459658919.0
travel_new_regions,77176009,16.672,2,66,459941867.0
travel_new_regions,77192687,16.678,0,66,460150671.0
travel_new_regions,77209352,16.665,0,66,460394079.0
travel_new_regions,77226017,16.665,4,66,459320903.0
travel_new_regions,77242671,16.654,4,66,459751355.0
travel_new_regions,77259354,16.683,3,66,460120275.0
travel_new_regions,77276001,16.647,3,66,460169091.0
travel_new_regions,77292671,16.67,3,68,460150015.0
travel_new_regions,77309344,16.673,3,68,460273395.0
travel_new_regions,77326002,16.658,3,68,460444955.0
travel_new_regions,77342681,16.679,3,68,460740539.0
travel_new_regions,77359365,16.684,3,68,460892731.0
travel_new_regions,77376019,16.654,3,68,461071497.0
travel_new_regions,77392683,16.664,2,68,461280337.0
travel_new_regions,77409355,16.672,2,68,461784263.0
travel_new_regions,77426006,16.651,3,68,460700079.0
travel_new_regions,77442671,16.665,3,68,460631923.0
travel_new_regions,77459337,16.666,3,68,460569727.0
travel_new_regions,77476006,16.669,3,68,460668827.0
travel_new_regions,77492670,16.664,3,68,460796619.0
travel_new_regions,77509324,16.654,3,68,460959963.0
travel_new_regions,77526011,16.687,3,68,461108127.0
travel_new_regions,77542670,16.659,3,68,461507511.0
travel_new_regions,77559337,16.667,3,68,461729831.0
travel_new_regions,77575988,16.651,3,68,461712423.0
travel_new_regions,77592682,16.694,2,68,461935431.0
travel_new_regions,77609327,16.645,1,68,462342751.0
travel_new_regions,77626013,16.686,3,68,461012867.0
travel_new_regions,77642668,16.655,3,68,461324779.0
travel_new_regions,77659339,16.671,2,68,461849427.0
travel_new_regions,77676003,16.664,2,68,461858899.0
travel_new_regions,77692655,16.652,2,70,461875987.0
travel_new_regions,77709322,16.667,2,70,462007679.0
travel_new_regions,77725989,16.667,2,70,462146285.0
travel_new_regions,77742661,16.672,2,70,462343191.0
travel_new_regions,77759340,16.679,2,70,462561395.0
travel_new_regions,77776020,16.68,0,70,462797543.0
travel_new_regions,77792669,16.649,0,70,463032251.0
travel_new_regions,77809345,16.676,4,70,462041303.0
travel_new_regions,77825998,16.653,4,70,461594423.0
travel_new_regions,77842664,16.666,3,70,461976539.0
travel_new_regions,77859324,16.66,2,70,462030031.0
travel_new_regions,77875996,16.672,2,70,462166727.0
travel_new_regions,77892674,16.678,2,70,462295643.0
travel_new_regions,77909321,16.647,2,70,462356023.0
travel_new_regions,77925998,16.677,2,70,462481955.0
travel_new_regions,77942645,16.647,2,70,462678115.0
travel_new_regions,77959310,16.665,2,70,462782373.0
travel_new_regions,77975978,16.668,2,70,463099201.0
travel_new_regions,77992646,16.668,0,70,463368823.0
travel_new_regions,78009343,16.697,0,70,463501659.0
travel_new_regions,78025989,16.646,4,70,462500087.0
travel_new_regions,78042647,16.658,4,70,462312283.0
travel_new_regions,78059321,16.674,4,70,462719619.0
travel_new_regions,78075978,16.657,4,70,462633383.0
travel_new_regions,78092640,16.662,4,73,462774667.0
travel_new_regions,78109311,16.671,4,73,462878125.0
travel_new_regions,78125968,16.657,4,73,462998847.0
travel_new_regions,78142637,16.669,4,73,463136319.0
travel_new_regions,78159304,16.667,4,73,463326553.0
travel_new_regions,78175974,16.67,4,73,463519299.0
travel_new_regions,78192640,16.666,4,73,463721203.0
travel_new_regions,78209309,16.669,3,73,464013287.0
travel_new_regions,78226037,16.728,2,73,464461903.0
travel_new_regions,78242646,16.609,1,73,463744515.0
travel_new_regions,78259316,16.67,1,73,463687729.0
travel_new_regions,78275991,16.675,2,73,463918567.0
travel_new_regions,78292633,16.642,2,73,463844375.0
travel_new_regions,78309306,16.673,2,74,464064763.0
travel_new_regions,78325977,16.671,2,74,464160903.0
travel_new_regions,78342668,16.691,2,74,464286691.0
travel_new_regions,78359306,16.638,2,74,464427997.0
travel_new_regions,78375960,16.654,2,74,464546627.0
travel_new_regions,78392624,16.664,2,74,464789581.0
travel_new_regions,78409292,16.668,2,74,465023885.0
travel_new_regions,78425973,16.681,0,74,465249239.0
travel_new_regions,78442652,16.679,0,74,465402319.0
travel_new_regions,78459313,16.661,0,74,465515479.0
travel_new_regions,78476002,16.689,4,74,464277627.0
travel_new_regions,78492631,16.629,4,74,464700067.0
travel_new_regions,78509295,16.664,3,74,465207223.0
travel_new_regions,78525968,16.673,3,74,464930563.0
travel_new_regions,78542659,16.691,3,78,464542995.0
travel_new_regions,78559304,16.645,3,78,464673287.0
travel_new_regions,78575959,16.655,3,78,465018255.0
travel_new_regions,78592618,16.659,3,78,465027619.0
travel_new_regions,78609287,16.669,3,78,465251199.0
travel_new_regions,78625967,16.68,3,78,465552013.0
travel_new_regions,78642622,16.655,0,78,465778707.0
travel_new_regions,78659298,16.676,0,78,465915935.0
travel_new_regions,78675962,16.664,4,78,464594399.0
travel_new_regions,78692639,16.677,4,78,464437595.0
travel_new_regions,78709296,16.657,4,78,464848023.0
travel_new_regions,78725963,16.667,3,78,464844479.0
travel_new_regions,78742617,16.654,3,78,465134357.0
travel_new_regions,78759346,16.729,3,78,465087341.0
travel_new_regions,78775944,16.598,3,78,465218107.0
travel_new_regions,78794662,18.718,3,78,465358169.0
travel_new_regions,78809279,14.617,3,78,465416435.0
travel_new_regions,78825941,16.662,3,78,465673433.0
travel_new_regions,78844621,18.68,3,78,465900935.0
travel_new_regions,78859281,14.66,2,78,466130079.0
travel_new_regions,78875944,16.663,2,78,466526315.0
travel_new_regions,78894650,18.706,1,78,465466983.0
travel_new_regions,78909277,14.627,3,78,465981277.0
travel_new_regions,78925957,16.68,2,78,466167487.0
travel_new_regions,78942627,16.67,0,78,466702335.0
travel_new_regions,78959275,16.648,0,78,466617283.0
travel_new_regions,78975988,16.713,0,80,466758515.0
travel_new_regions,78992618,16.63,0,80,466851967.0
travel_new_regions,79009284,16.666,0,80,466986343.0
travel_new_regions,79025949,16.665,0,80,467214787.0
travel_new_regions,79042607,16.658,0,80,467377055.0
travel_new_regions,79059278,16.671,0,80,467670935.0
travel_new_regions,79075944,16.666,0,80,467897659.0
travel_new_regions,79092613,16.669,0,80,468064731.0
travel_new_regions,79109285,16.672,4,80,466900487.0
travel_new_regions,79125943,16.658,4,80,466575759.0
travel_new_regions,79142609,16.666,3,80,466956247.0
travel_new_regions,79159268,16.659,3,80,467123387.0
travel_new_regions,79175961,16.693,3,80,467283171.0
travel_new_regions,79192612,16.651,3,80,467378307.0
travel_new_regions,79209270,16.658,3,80,467511435.0
travel_new_regions,79225924,16.654,3,80,467732227.0
travel_new_regions,79242636,16.712,3,80,467973931.0
travel_new_regions,79259264,16.628,3,80,468202787.0
travel_new_regions,79275924,16.66,2,80,468443039.0
travel_new_regions,79292585,16.661,0,80,468816563.0
travel_new_regions,79309269,16.684,4,80,467496043.0
travel_new_regions,79325939,16.67,4,80,467311983.0
travel_new_regions,79342593,16.654,3,80,467908983.0
travel_new_regions,79359260,16.667,2,80,467808939.0
travel_new_regions,79375923,16.663,2,83,468049247.0
travel_new_regions,79392606,16.683,2,83,468084947.0
travel_new_regions,79409249,16.643,2,83,468279509.0
travel_new_regions,79425924,16.675,2,83,468424219.0
travel_new_regions,79442602,16.678,2,83,468700731.0
travel_new_regions,79459277,16.675,0,83,468953087.0
travel_new_regions,79475939,16.662,0,83,469104283.0
travel_new_regions,79492610,16.671,4,83,468049955.0
travel_new_regions,79509266,16.656,4,83,467574655.0
travel_new_regions,79525929,16.663,3,83,467813439.0
travel_new_regions,79542588,16.659,2,83,467952685.0
travel_new_regions,79559248,16.66,2,84,468192707.0
travel_new_regions,79575927,16.679,2,84,468227351.0
travel_new_regions,79592590,16.663,2,84,468357575.0
travel_new_regions,79609255,16.665,2,84,468572797.0
travel_new_regions,79625910,16.655,2,84,468795153.0
travel_new_regions,79642580,16.67,2,84,469151191.0
travel_new_regions,79659273,16.693,0,84,469361099.0
travel_new_regions,79676225,16.952,4,84,468515519.0
travel_new_regions,79692588,16.363,6,84,468743291.0
travel_new_regions,79709254,16.666,4,84,469185719.0
travel_new_regions,79725922,16.668,3,84,469453215.0
travel_new_regions,79742582,16.66,2,84,469241719.0
travel_new_regions,79759262,16.68,2,88,469439803.0
travel_new_regions,79775906,16.644,2,88,469649547.0
travel_new_regions,79792579,16.673,2,88,469913021.0
travel_new_regions,79809253,16.674,2,88,469871299.0
travel_new_regions,79825902,16.649,2,88,470106555.0
travel_new_regions,79842569,16.667,2,88,470431115.0
travel_new_regions,79859275,16.706,2,88,470765785.0
travel_new_regions,79875926,16.651,0,88,470974651.0
travel_new_regions,79892564,16.638,4,88,469987859.0
travel_new_regions,79909243,16.679,6,88,469453735.0
travel_new_regions,79925911,16.668,4,88,469661263.0
travel_new_regions,79942566,16.655,2,88,469868867.0
travel_new_regions,79959232,16.666,2,88,469760655.0
travel_new_regions,79975910,16.678,2,88,470012827.0
travel_new_regions,79992566,16.656,2,88,470069355.0
travel_new_regions,80009227,16.661,2,88,470179515.0
travel_new_regions,80025900,16.673,2,88,470382319.0
travel_new_regions,80042570,16.67,2,88,470604415.0
travel_new_regions,80059250,16.68,2,88,470829883.0
travel_new_regions,80075899,16.649,0,88,470989007.0
travel_new_regions,80092589,16.69,0,88,471113483.0
travel_new_regions,80109800,17.211,4,88,470266113.0
travel_new_regions,80125904,16.104,6,88,469904051.0
travel_new_regions,80142602,16.698,4,88,470113283.0
travel_new_regions,80159227,16.625,2,88,470378739.0
travel_new_regions,80175905,16.678,2,88,470158287.0
travel_new_regions,80192564,16.659,2,90,469221299.0
travel_new_regions,80209232,16.668,2,90,469416287.0
travel_new_regions,80225892,16.66,2,90,469708123.0
travel_new_regions,80242656,16.764,2,90,469980659.0
travel_new_regions,80259232,16.576,2,90,470000033.0
travel_new_regions,80275901,16.669,0,90,470196811.0
travel_new_regions,80292561,16.66,0,90,470325555.0
travel_new_regions,80309238,16.677,0,90,470469535.0
travel_new_regions,80325889,16.651,4,90,469652575.0
travel_new_regions,80342558,16.669,4,90,469067759.0
travel_new_regions,80359236,16.678,4,90,469632455.0
travel_new_regions,80375893,16.657,3,90,469432863.0
travel_new_regions,80392566,16.673,3,90,469556703.0
travel_new_regions,80409327,16.761,3,90,469913443.0
travel_new_regions,80425886,16.559,3,90,469902137.0
travel_new_regions,80442564,16.678,3,90,470009879.0
travel_new_regions,80459215,16.651,3,90,470120727.0
travel_new_regions,80475885,16.67,3,90,470360311.0
travel_new_regions,80492547,16.662,2,90,470651807.0
travel_new_regions,80509230,16.683,0,90,470858351.0
travel_new_regions,80525921,16.691,4,90,470031873.0
travel_new_regions,80542547,16.626,6,90,469539471.0
travel_new_regions,80559234,16.687,4,90,469767953.0
travel_new_regions,80575878,16.644,2,90,470021363.0
travel_new_regions,80592541,16.663,2,90,469938991.0
travel_new_regions,80609212,16.671,2,92,470032479.0
travel_new_regions,80625875,16.663,2,92,470142899.0
travel_new_regions,80642541,16.666,2,92,470289915.0
travel_new_regions,80659225,16.684,2,92,470740303.0
travel_new_regions,80675872,16.647,2,92,470747103.0
travel_new_regions,80692760,16.888,2,92,470805515.0
travel_new_regions,80709200,16.44,2,92,471113315.0
travel_new_regions,80725885,16.685,0,92,471317159.0
travel_new_regions,80742693,16.808,4,92,470360959.0
travel_new_regions,80759202,16.509,6,92,470452651.0
travel_new_regions,80775877,16.675,4,92,470796395.0
travel_new_regions,80792552,16.675,3,92,470971955.0
travel_new_regions,80809210,16.658,3,92,470757955.0
travel_new_regions,80825859,16.649,3,92,470971855.0
travel_new_regions,80842541,16.682,3,92,471082185.0
travel_new_regions,80859200,16.659,3,92,471153863.0
travel_new_regions,80875890,16.69,3,92,471353699.0
travel_new_regions,80892552,16.662,3,92,471788231.0
travel_new_regions,80909207,16.655,3,92,471752559.0
travel_new_regions,80925857,16.65,3,92,471937611.0
travel_new_regions,80942537,16.68,2,92,472214635.0
travel_new_regions,80959488,16.951,3,92,471290575.0
travel_new_regions,80975862,16.374,3,92,470968339.0
travel_new_regions,80992529,16.667,4,92,471514489.0
travel_new_regions,81009200,16.671,3,92,471416783.0
travel_new_regions,81025875,16.675,3,94,471534331.0
travel_new_regions,81042557,16.682,3,94,471648267.0
travel_new_regions,81059189,16.632,3,94,471812431.0
travel_new_regions,81075851,16.662,3,94,471943479.0
travel_new_regions,81092524,16.673,2,94,472320867.0
travel_new_regions,81109202,16.678,0,94,472415755.0
travel_new_regions,81126149,16.947,4,94,471635603.0
travel_new_regions,81143289,17.14,4,94,471164695.0
travel_new_regions,81159202,15.913,4,94,471699427.0
travel_new_regions,81175847,16.645,3,94,471608939.0
travel_new_regions,81192520,16.673,3,94,471730135.0
travel_new_regions,81209191,16.671,3,94,471774131.0
travel_new_regions,81225853,16.662,3,94,471986067.0
travel_new_regions,81242532,16.679,3,94,472088527.0
travel_new_regions,81259181,16.649,3,94,472252963.0
travel_new_regions,81275851,16.67,3,94,472623967.0
travel_new_regions,81292526,16.675,0,94,472802499.0
travel_new_regions,81309189,16.663,4,94,471903863.0
travel_new_regions,81325858,16.669,4,94,472148139.0
travel_new_regions,81342522,16.664,3,94,472677775.0
travel_new_regions,81359178,16.656,3,94,472592139.0
travel_new_regions,81375848,16.67,3,96,472709171.0
travel_new_regions,81392514,16.666,3,96,472787115.0
travel_new_regions,81409180,16.666,3,96,472898847.0
travel_new_regions,81425847,16.667,3,96,473075235.0
travel_new_regions,81442507,16.66,3,96,473278503.0
travel_new_regions,81459184,16.677,3,96,473484465.0
travel_new_regions,81475845,16.661,2,96,473714891.0
travel_new_regions,81492514,16.669,0,96,474153531.0
travel_new_regions,81509204,16.69,4,96,473140065.0
travel_new_regions,81525851,16.647,4,96,472880783.0
travel_new_regions,81542529,16.678,3,96,473105183.0
travel_new_regions,81559178,16.649,3,96,473136467.0
travel_new_regions,81575838,16.66,3,96,473142343.0
travel_new_regions,81592507,16.669,3,96,473220287.0
travel_new_regions,81609181,16.674,3,96,473332019.0
travel_new_regions,81625824,16.643,3,96,473515251.0
travel_new_regions,81642509,16.685,3,96,473775819.0
travel_new_regions,81659172,16.663,3,96,473912163.0
travel_new_regions,81675832,16.66,2,96,474282003.0
travel_new_regions,81692492,16.66,3,96,473527751.0
return_history_control,81724092,31.6,4,96,473752907.0
return_history_control,81730834,6.742,3,96,473936543.0
return_history_control,81742496,11.662,3,96,474319571.0
return_history_control,81759165,16.669,3,96,474329119.0
return_history_control,81775861,16.696,0,96,474538023.0
return_history_control,81799246,23.385,4,96,474444979.0
return_history_control,81809221,9.975,4,96,474640643.0
return_history_control,81825839,16.618,4,96,474993239.0
return_history_control,81842499,16.66,4,96,474941951.0
return_history_control,81859164,16.665,3,96,475411699.0
return_history_control,81875843,16.679,4,96,474925307.0
return_history_control,81892545,16.702,5,96,475328167.0
return_history_control,81909168,16.623,5,96,474853391.0
return_history_control,81925822,16.654,5,96,474978591.0
return_history_control,81942499,16.677,5,96,475086235.0
return_history_control,81959164,16.665,3,96,475146215.0
return_history_control,81975827,16.663,3,96,475405071.0
return_history_control,81992488,16.661,3,96,475469483.0
return_history_control,82009148,16.66,0,96,475855071.0
return_history_control,82025832,16.684,4,96,475628135.0
return_history_control,82042489,16.657,6,96,475387447.0
return_history_control,82059170,16.681,6,96,475181771.0
return_history_control,82075832,16.662,6,96,475128447.0
return_history_control,82092489,16.657,6,96,475218487.0
return_history_control,82109175,16.686,6,96,475277287.0
return_history_control,82125821,16.646,6,96,475334799.0
return_history_control,82142503,16.682,6,96,475399475.0
return_history_control,82159170,16.667,6,96,475457347.0
return_history_control,82175828,16.658,6,96,475512299.0
return_history_control,82192492,16.664,6,96,475567787.0
return_history_control,82209161,16.669,6,96,475625627.0
return_history_control,82225841,16.68,6,96,475769891.0
return_history_control,82242489,16.648,6,96,475739279.0
return_history_control,82259167,16.678,6,96,475794391.0
return_history_control,82275820,16.653,6,96,475851535.0
return_history_control,82292488,16.668,4,96,475910943.0
return_history_control,82309156,16.668,4,96,476030843.0
return_history_control,82325812,16.656,4,96,476146471.0
return_history_control,82342481,16.669,3,96,476493931.0
return_history_control,82359166,16.685,4,96,476133903.0
return_history_control,82375802,16.636,5,96,476358631.0
return_history_control,82392480,16.678,5,96,476562743.0
return_history_control,82409144,16.664,5,96,476867391.0
return_history_control,82425816,16.672,5,96,476833481.0
return_history_control,82442481,16.665,5,96,476962435.0
return_history_control,82459151,16.67,5,96,476949199.0
return_history_control,82475807,16.656,5,96,477157459.0
return_history_control,82492476,16.669,5,96,477224175.0
return_history_control,82509147,16.671,5,96,477315143.0
return_history_control,82525806,16.659,5,96,477389150.0
return_history_control,82542469,16.663,5,96,477448951.0
return_history_control,82559138,16.669,5,96,477509351.0
return_history_control,82575803,16.665,5,96,477577799.0
return_history_control,82592465,16.662,5,96,477640223.0
return_history_control,82609133,16.668,3,96,477698159.0
return_history_control,82625815,16.682,3,96,478029569.0
return_history_control,82642465,16.65,3,96,478015487.0
return_history_control,82659201,16.736,0,96,478328159.0
return_history_control,82675800,16.599,5,96,477969367.0
return_history_control,82692459,16.659,7,96,478163899.0
return_history_control,82709137,16.678,7,96,478445775.0
return_history_control,82725792,16.655,7,96,478494879.0
return_history_control,82742466,16.674,7,96,478553399.0
return_history_control,82759123,16.657,7,96,478608175.0
return_history_control,82775788,16.665,7,96,478662167.0
return_history_control,82792458,16.67,7,96,478723379.0
return_history_control,82809122,16.664,7,96,478777017.0
return_history_control,82825790,16.668,7,96,478829051.0
return_history_control,82842454,16.664,7,96,478885039.0
return_history_control,82859121,16.667,7,96,478943175.0
return_history_control,82875970,16.849,7,96,479001021.0
return_history_control,82892448,16.478,7,96,479052103.0
return_history_control,82909139,16.691,7,96,479107615.0
return_history_control,82927656,18.517,5,96,479200183.0
return_history_control,82942464,14.808,5,96,479490975.0
return_history_control,82959116,16.652,5,96,479468187.0
return_history_control,82977505,18.389,4,96,479787451.0
return_history_control,82992455,14.95,4,96,479432923.0
return_history_control,83009115,16.66,5,96,479704683.0
return_history_control,83025781,16.666,5,96,479925507.0
return_history_control,83042450,16.669,5,96,479887247.0
return_history_control,83059119,16.669,5,96,479953507.0
return_history_control,83075782,16.663,5,96,480011835.0
return_history_control,83092442,16.66,5,96,480066051.0
return_history_control,83109116,16.674,5,96,480124983.0
return_history_control,83125779,16.663,5,96,480185691.0
return_history_control,83142451,16.672,5,96,480237395.0
return_history_control,83159113,16.662,5,96,480294643.0
return_history_control,83177242,18.129,5,96,480355667.0
return_history_control,83192457,15.215,5,96,480408047.0
return_history_control,83209112,16.655,5,96,480464911.0
return_history_control,83226220,17.108,5,96,480523711.0
return_history_control,83242474,16.254,3,96,480530919.0
return_history_control,83259119,16.645,3,96,480752479.0
return_history_control,83276110,16.991,3,96,480924459.0
return_history_control,83292434,16.324,2,96,481137383.0
return_history_control,83309115,16.681,4,96,480874555.0
return_history_control,83325773,16.658,5,96,481067461.0
return_history_control,83342440,16.667,5,96,481184659.0
return_history_control,83359118,16.678,5,96,481827203.0
return_history_control,83377394,18.276,5,96,481805067.0
return_history_control,83392441,15.047,5,96,481863767.0
return_history_control,83409099,16.658,5,96,481916435.0
return_history_control,83427164,18.065,5,96,482017399.0
return_history_control,83442448,15.284,5,96,482017815.0
return_history_control,83459115,16.667,5,96,482019911.0
return_history_control,83477141,18.026,5,96,482020327.0
return_history_control,83492430,15.289,5,96,482133123.0
return_history_control,83509103,16.673,5,96,482184423.0
return_history_control,83526033,16.93,5,96,482269311.0
return_history_control,83542421,16.388,5,96,482327951.0
return_history_control,83559084,16.663,5,96,482414763.0
return_history_control,83575797,16.713,5,96,482474883.0
return_history_control,83592425,16.628,5,96,482529519.0
return_history_control,83609101,16.676,5,96,482588165.0
return_history_control,83625774,16.673,5,96,482588467.0
return_history_control,83642436,16.662,5,96,482588883.0
return_history_control,83659105,16.669,5,96,482589299.0
return_history_control,83676772,17.667,5,96,482589715.0
return_history_control,83692435,15.663,5,96,482727607.0
return_history_control,83709102,16.667,5,96,482841245.0
return_history_control,83725771,16.669,5,96,482809475.0
return_history_control,83742445,16.674,5,96,482809891.0
return_history_control,83759105,16.66,5,96,482810303.0
return_history_control,83775911,16.806,5,96,482810719.0
return_history_control,83792428,16.517,5,96,482811135.0
return_history_control,83809103,16.675,5,96,482811551.0
return_history_control,83827105,18.002,5,96,482811967.0
return_history_control,83842435,15.33,5,96,482812379.0
return_history_control,83859090,16.655,5,96,483011591.0
return_history_control,83877032,17.942,5,96,483012007.0
return_history_control,83892423,15.391,5,96,483107807.0
return_history_control,83909073,16.65,5,96,483161863.0
return_history_control,83927056,17.983,5,96,483249465.0
return_history_control,83942412,15.356,5,96,483300999.0
return_history_control,83959079,16.667,5,96,483371945.0
return_history_control,83976840,17.761,5,96,483459399.0
return_history_control,83992424,15.584,5,96,483519095.0
return_history_control,84010348,17.924,5,96,483575901.0
return_history_control,84026639,16.291,5,96,483578975.0
return_history_control,84042413,15.774,5,96,483657979.0
return_history_control,84059082,16.669,5,96,483660711.0
return_history_control,84076471,17.389,5,96,483661127.0
return_history_control,84092416,15.945,5,96,483661543.0
return_history_control,84109089,16.673,5,96,483661959.0
return_history_control,84126362,17.273,5,96,483662375.0
return_history_control,84142425,16.063,5,96,483662791.0
return_history_control,84159085,16.66,5,96,483663203.0
return_history_control,84176205,17.12,5,96,483663615.0
return_history_control,84192407,16.202,5,96,483664031.0
return_history_control,84209089,16.682,5,96,483921675.0
return_history_control,84226074,16.985,5,96,483969411.0
return_history_control,84242406,16.332,5,96,484023351.0
return_history_control,84259066,16.66,5,96,484107431.0
return_history_control,84275933,16.867,5,96,484165355.0
return_history_control,84292853,16.92,5,96,484224603.0
return_history_control,84309059,16.206,5,96,484283695.0
return_history_control,84325834,16.775,5,96,484375975.0
return_history_control,84342399,16.565,5,96,484495815.0
return_history_control,84359068,16.669,5,96,484460483.0
return_history_control,84375736,16.668,5,96,484518103.0
return_history_control,84392402,16.666,5,96,484518519.0
return_history_control,84409067,16.665,5,96,484518935.0
return_history_control,84425758,16.691,5,96,484519351.0
return_history_control,84442403,16.645,5,96,484519767.0
return_history_control,84459070,16.667,5,96,484743337.0
return_history_control,84475727,16.657,5,96,484746223.0
return_history_control,84492404,16.677,5,96,484746639.0
return_history_control,84509053,16.649,5,96,484873111.0
return_history_control,84525711,16.658,5,96,484929459.0
return_history_control,84542397,16.686,5,96,484944719.0
return_history_control,84559077,16.68,5,96,485010771.0
return_history_control,84576201,17.124,5,96,485080011.0
return_history_control,84592379,16.178,5,96,485145235.0
return_history_control,84609067,16.688,5,96,485213023.0
return_history_control,84625718,16.651,5,96,485288103.0
return_history_control,84642394,16.676,5,96,485287355.0
return_history_control,84659073,16.679,5,96,485287771.0
return_history_control,84675731,16.658,5,96,485364627.0
return_history_control,84692389,16.658,5,96,485421915.0
return_history_control,84709060,16.671,5,96,485422331.0
return_history_control,84725727,16.667,5,96,485422747.0
return_history_control,84742386,16.659,5,96,485423163.0
return_history_control,84759070,16.684,5,96,485548607.0
return_history_control,84775703,16.633,5,96,485603975.0
return_history_control,84792381,16.678,5,96,485666887.0
return_history_control,84809060,16.679,5,96,485733281.0
return_history_control,84825716,16.656,5,96,485751871.0
return_history_control,84843104,17.388,5,96,485842207.0
return_history_control,84859040,15.936,5,96,485924895.0
return_history_control,84875713,16.673,5,96,485990159.0
return_history_control,84892381,16.668,5,96,485999275.0
return_history_control,84909040,16.659,5,96,486062695.0
return_history_control,84925701,16.661,5,96,486118151.0
return_history_control,84942424,16.723,5,96,486121979.0
return_history_control,84959048,16.624,5,96,486122395.0
return_history_control,84975711,16.663,5,96,486122811.0
return_history_control,84992379,16.668,5,96,486123227.0
return_history_control,85009038,16.659,5,96,486123643.0
return_history_control,85025710,16.672,5,96,486124059.0
return_history_control,85042363,16.653,5,96,486362711.0
return_history_control,85059037,16.674,5,96,486415911.0
return_history_control,85075699,16.662,5,96,486481791.0
return_history_control,85092372,16.673,5,96,486492159.0
return_history_control,85109043,16.671,5,96,486559503.0
return_history_control,85125923,16.88,5,96,486625767.0
return_history_control,85142361,16.438,5,96,486703133.0
return_history_control,85159030,16.669,5,96,486783737.0
return_history_control,85175688,16.658,5,96,486869781.0
return_history_control,85192384,16.696,5,96,486871823.0
return_history_control,85209034,16.65,5,96,486874755.0
return_history_control,85225723,16.689,5,96,486875171.0
return_history_control,85242377,16.654,5,96,486875587.0
return_history_control,85259046,16.669,5,96,487015743.0
return_history_control,85275685,16.639,5,96,487098587.0
return_history_control,85292359,16.674,5,96,487186469.0
return_history_control,85309025,16.666,5,96,487265327.0
return_history_control,85325689,16.664,5,96,487308775.0
return_history_control,85342358,16.669,5,96,487378495.0
return_history_control,85359018,16.66,5,96,487449027.0
return_history_control,85375684,16.666,5,96,487504193.0
return_history_control,85392346,16.662,5,96,487559639.0
return_history_control,85409602,17.256,5,96,487619347.0
return_history_control,85425696,16.094,5,96,487622047.0
return_history_control,85442356,16.66,5,96,487622507.0
return_history_control,85459028,16.672,5,96,487622923.0
return_history_control,85475692,16.664,5,96,487623411.0
return_history_control,85492343,16.651,5,96,487818319.0
return_history_control,85509012,16.669,5,96,487884441.0
return_history_control,85525696,16.684,1,96,487973095.0
return_history_control,85542364,16.668,3,96,488265143.0
return_history_control,85559009,16.645,2,96,488245003.0
return_history_control,85575692,16.683,1,96,488425019.0
return_history_control,85592431,16.739,5,96,488098475.0
return_history_control,85609006,16.575,6,96,488228499.0
return_history_control,85625689,16.683,6,96,488380639.0
return_history_control,85642364,16.675,6,96,488593115.0
return_history_control,85659019,16.655,6,96,488660951.0
return_history_control,85675733,16.714,6,96,488818455.0
return_history_control,85692349,16.616,6,96,491363979.0
return_history_control,85709018,16.669,6,96,491487367.0
return_history_control,85725703,16.685,6,96,491614863.0
return_history_control,85742357,16.654,6,96,491841227.0
return_history_control,85759010,16.653,6,96,492139891.0
return_history_control,85775699,16.689,6,96,492440839.0
return_history_control,85792349,16.65,6,96,492581547.0
return_history_control,85809013,16.664,6,96,492648019.0
return_history_control,85825705,16.692,6,96,492809591.0
return_history_control,85842337,16.632,6,96,493036899.0
return_history_control,85859014,16.677,6,96,493248983.0
return_history_control,85875697,16.683,6,96,493452623.0
return_history_control,85892345,16.648,6,96,493698627.0
return_history_control,85909007,16.662,6,96,493813575.0
return_history_control,85925722,16.715,6,96,493249227.0
return_history_control,85942340,16.618,6,96,493249731.0
return_history_control,85959048,16.708,6,96,493250147.0
return_history_control,85975733,16.685,6,96,493250563.0
return_history_control,85992337,16.604,6,96,493250979.0
return_history_control,86009007,16.67,6,96,493251391.0
return_history_control,86025702,16.695,6,96,493442687.0
return_history_control,86042336,16.634,6,96,493496127.0
return_history_control,86058993,16.657,6,96,493523719.0
return_history_control,86075709,16.716,6,96,493579639.0
return_history_control,86092320,16.611,6,96,493636311.0
return_history_control,86108982,16.662,6,96,493699147.0
return_history_control,86125693,16.711,6,96,493703767.0
return_history_control,86142322,16.629,6,96,493765899.0
return_history_control,86158987,16.665,6,96,493815303.0
return_history_control,86175662,16.675,6,96,493877315.0
return_history_control,86192318,16.656,6,96,493930367.0
return_history_control,86209037,16.719,6,96,493938923.0
return_history_control,86225699,16.662,6,96,494011253.0
return_history_control,86242320,16.621,6,96,494064477.0
return_history_control,86259018,16.698,6,96,494072015.0
return_history_control,86275667,16.649,6,96,494126191.0
return_history_control,86292323,16.656,3,96,494256627.0
return_history_control,86308996,16.673,4,96,494427111.0
return_history_control,86325771,16.775,4,96,494404911.0
return_history_control,86342307,16.536,3,96,494762371.0
return_history_control,86359002,16.695,4,96,494397875.0
return_history_control,86375646,16.644,5,96,494600731.0
return_history_control,86392310,16.664,5,96,494887199.0
return_history_control,86409019,16.709,5,96,495050227.0
return_history_control,86425661,16.642,5,96,495361383.0
return_history_control,86442316,16.655,5,96,495176655.0
return_history_control,86458974,16.658,5,96,495282395.0
return_history_control,86475650,16.676,5,96,495342047.0
return_history_control,86492312,16.662,5,96,495395903.0
return_history_control,86509099,16.787,5,96,495498103.0
return_history_control,86525640,16.541,5,96,495610069.0
return_history_control,86542307,16.667,5,96,495662439.0
return_history_control,86558974,16.667,5,96,495741199.0
return_history_control,86575638,16.664,5,96,495817295.0
return_history_control,86592303,16.665,5,96,495924231.0
return_history_control,86608966,16.663,3,96,495985295.0
return_history_control,86625631,16.665,3,96,496180511.0
return_history_control,86642297,16.666,3,96,496295283.0
return_history_control,86658975,16.678,0,96,496548747.0
return_history_control,86675641,16.666,5,96,496404411.0
return_history_control,86692304,16.663,7,96,496570615.0
return_history_control,86708985,16.681,7,96,496674355.0
return_history_control,86725636,16.651,7,96,496885951.0
return_history_control,86742299,16.663,7,96,496919295.0
return_history_control,86758967,16.668,7,96,496976391.0
return_history_control,86775656,16.689,7,96,497029431.0
return_history_control,86792421,16.765,7,96,497148067.0
return_history_control,86809006,16.585,7,96,497333219.0
return_history_control,86825671,16.665,7,96,497434907.0
return_history_control,86842298,16.627,7,96,497465435.0
return_history_control,86858966,16.668,7,96,497441375.0
return_history_control,86875643,16.677,7,96,497496047.0
return_history_control,86892293,16.65,7,96,497553113.0
return_history_control,86908954,16.661,7,96,497600231.0
return_history_control,86925613,16.659,7,96,497650547.0
return_history_control,86942306,16.693,7,96,497702627.0
return_history_control,86958959,16.653,7,96,497888947.0
return_history_control,86975625,16.666,7,96,497935927.0
return_history_control,86992298,16.673,7,96,497988879.0
return_history_control,87008951,16.653,7,96,498041487.0
return_history_control,87025629,16.678,7,96,498097757.0
return_history_control,87042293,16.664,7,96,498144863.0
return_history_control,87059001,16.708,7,96,498193623.0
return_history_control,87075625,16.624,7,96,498243743.0
return_history_control,87092293,16.668,7,96,498336859.0
return_history_control,87108948,16.655,7,96,498444967.0
return_history_control,87125616,16.668,7,96,498496059.0
return_history_control,87142281,16.665,7,96,498546947.0
return_history_control,87158966,16.685,7,96,498600283.0
return_history_control,87175618,16.652,7,96,498652915.0
return_history_control,87192286,16.668,7,96,498702771.0
return_history_control,87208949,16.663,7,96,498757837.0
return_history_control,87225615,16.666,7,96,498808151.0
return_history_control,87242293,16.678,7,96,498888955.0
return_history_control,87259005,16.712,7,96,499000075.0
return_history_control,87275619,16.614,7,96,499048755.0
return_history_control,87292285,16.666,7,96,499098691.0
return_history_control,87308984,16.699,7,96,499149859.0
return_history_control,87325620,16.636,7,96,499207943.0
return_history_control,87342364,16.744,7,96,499253635.0
return_history_control,87358949,16.585,7,96,499304167.0
return_history_control,87375615,16.666,7,96,499360327.0
return_history_control,87392277,16.662,7,96,499544423.0
return_history_control,87408980,16.703,7,96,499593343.0
return_history_control,87425618,16.638,7,96,499605939.0
return_history_control,87442283,16.665,7,96,499656411.0
return_history_control,87458960,16.677,7,96,499708859.0
return_history_control,87475616,16.656,7,96,499762563.0
return_history_control,87492283,16.667,7,96,499814507.0
return_history_control,87508954,16.671,7,96,499868827.0
return_history_control,87525613,16.659,7,96,499919207.0
return_history_control,87542276,16.663,7,96,500108041.0
return_history_control,87558935,16.659,7,96,500159719.0
return_history_control,87575604,16.669,7,96,500212195.0
return_history_control,87592273,16.669,7,96,500261803.0
return_history_control,87608929,16.656,7,96,500318301.0
return_history_control,87625794,16.865,7,96,500366233.0
return_history_control,87642277,16.483,7,96,500415147.0
return_history_control,87658928,16.651,7,96,500471725.0
return_history_control,87675615,16.687,7,96,500556027.0
return_history_control,87692263,16.648,7,96,500661723.0
return_history_control,87708934,16.671,7,96,500712915.0
return_history_control,87725594,16.66,7,96,500772851.0
return_history_control,87742259,16.665,7,96,500824115.0
return_history_control,87758978,16.719,7,96,500871195.0
return_history_control,87775586,16.608,7,96,500924043.0
return_history_control,87792254,16.668,7,96,500974815.0
return_history_control,87808925,16.671,7,96,501031791.0
return_history_control,87825589,16.664,5,96,501084555.0
return_history_control,87842258,16.669,5,96,501366531.0
return_history_control,87858923,16.665,5,96,501373523.0
return_history_control,87875590,16.667,4,96,501602107.0
return_history_control,87892268,16.678,4,96,501365379.0
return_history_control,87908914,16.646,5,96,501485027.0
return_history_control,87925584,16.67,5,96,501693771.0
return_history_control,87942252,16.668,5,96,502005787.0
return_history_control,87958928,16.676,5,96,502051939.0
return_history_control,87975591,16.663,5,96,502274499.0
return_history_control,87992268,16.677,5,96,502531123.0
return_history_control,88008915,16.647,5,96,502692163.0
return_history_control,88025583,16.668,5,96,502923151.0
return_history_control,88042252,16.669,5,96,503147179.0
return_history_control,88058959,16.707,5,96,503222963.0
return_history_control,88075587,16.628,5,96,503512423.0
return_history_control,88092243,16.656,5,96,503719683.0
return_history_control,88108984,16.741,5,96,503814415.0
return_history_control,88125577,16.593,5,96,504109721.0
return_history_control,88142244,16.667,5,96,504341739.0
return_history_control,88158909,16.665,5,96,504438695.0
return_history_control,88175967,17.058,5,96,504593803.0
return_history_control,88192256,16.289,3,96,504848583.0
return_history_control,88208912,16.656,3,96,504328763.0
return_history_control,88225580,16.668,3,96,504409243.0
return_history_control,88242245,16.665,2,96,504719791.0
return_history_control,88258904,16.659,4,96,503516479.0
return_history_control,88275590,16.686,5,96,501235611.0
return_history_control,88292242,16.652,5,96,500900199.0
return_history_control,88308909,16.667,5,96,500956617.0
return_history_control,88325580,16.671,5,96,501190225.0
return_history_control,88342233,16.653,5,96,501205259.0
return_history_control,88358903,16.67,5,96,501294177.0
return_history_control,88375566,16.663,5,96,500690687.0
return_history_control,88392248,16.682,5,96,499577151.0
return_history_control,88408910,16.662,5,96,498363079.0
return_history_control,88425584,16.674,5,96,498432611.0
return_history_control,88442279,16.695,5,96,498525323.0
return_history_control,88458897,16.618,5,96,498601447.0
return_history_control,88475569,16.672,5,96,498691641.0
return_history_control,88492257,16.688,5,96,498778477.0
return_history_control,88508902,16.645,5,96,498846731.0
return_history_control,88525575,16.673,5,96,498882235.0
return_history_control,88542239,16.664,1,96,499001647.0
return_history_control,88558900,16.661,3,96,499087241.0
return_history_control,88575561,16.661,2,96,499146135.0
return_history_control,88592231,16.67,1,96,499456483.0
return_history_control,88608968,16.737,5,96,499088391.0
return_history_control,88625557,16.589,6,96,499301963.0
return_history_control,88642228,16.671,6,96,499501031.0
return_history_control,88658901,16.673,6,96,499574811.0
return_history_control,88675555,16.654,6,96,499807563.0
return_history_control,88692219,16.664,6,96,499818365.0
return_history_control,88708886,16.667,6,96,499867971.0
return_history_control,88725610,16.724,6,96,499255919.0
return_history_control,88742222,16.612,6,96,497687659.0
return_history_control,88758900,16.678,6,96,497129441.0
return_history_control,88775553,16.653,6,96,496880507.0
return_history_control,88792216,16.663,6,96,496939287.0
return_history_control,88808882,16.666,6,96,496990967.0
return_history_control,88825548,16.666,6,96,497060875.0
return_history_control,88842236,16.688,6,96,497092827.0
return_history_control,88858879,16.643,6,96,497156235.0
return_history_control,88875554,16.675,6,96,497215927.0
return_history_control,88892224,16.67,3,96,497315275.0
return_history_control,88908884,16.66,4,96,497545163.0
return_history_control,88925532,16.648,4,96,497658911.0
return_history_control,88942211,16.679,3,96,497975423.0
return_history_control,88958879,16.668,4,96,497642457.0
return_history_control,88975548,16.669,5,96,497951099.0
return_history_control,88992216,16.668,5,96,498142135.0
return_history_control,89008928,16.712,5,96,498107331.0
return_history_control,89025551,16.623,5,96,498166187.0
return_history_control,89042217,16.666,5,96,498227067.0
return_history_control,89058872,16.655,5,96,498326659.0
return_history_control,89075555,16.683,5,96,497639363.0
return_history_control,89092209,16.654,5,96,496889811.0
return_history_control,89108876,16.667,5,96,495197597.0
return_history_control,89125539,16.663,5,96,495235941.0
return_history_control,89144255,18.716,5,96,495289167.0
return_history_control,89187681,43.426,5,96,495416775.0
return_history_control,89511657,323.976,3,96,496761991.0
return_history_control,89520497,8.84,4,96,496964143.0
return_history_control,89527035,6.538,4,96,495844171.0
return_history_control,89544239,17.204,1,96,496107167.0
return_history_control,89560370,16.131,5,96,495847531.0
return_history_control,89577046,16.676,7,96,495991031.0
return_history_control,89594205,17.159,7,96,496218689.0
return_history_control,89610354,16.149,7,96,496455813.0
return_history_control,89627044,16.69,7,96,496588819.0
return_history_control,89644229,17.185,7,96,496533399.0
return_history_control,89660369,16.14,7,96,496588371.0
return_history_control,89677048,16.679,7,96,496093347.0
return_history_control,89694161,17.113,7,96,494854211.0
return_history_control,89710386,16.225,7,96,494456203.0
return_history_control,89727056,16.67,7,96,494508719.0
return_history_control,89744159,17.103,7,96,494625907.0
return_history_control,89760379,16.22,7,96,494618811.0
return_history_control,89777046,16.667,7,96,494674747.0
return_history_control,89794154,17.108,7,96,494730499.0
return_history_control,89810374,16.22,5,96,494786283.0
return_history_control,89827035,16.661,5,96,494939815.0
return_history_control,89844194,17.159,5,96,495028731.0
return_history_control,89860349,16.155,4,96,495342407.0
return_history_control,89877029,16.68,4,96,494994569.0
return_history_control,89894103,17.074,5,96,495194463.0
return_history_control,89910351,16.248,5,96,495504011.0
return_history_control,89927030,16.679,5,96,495656879.0
return_history_control,89944194,17.164,5,96,495672779.0
return_history_control,89960366,16.172,5,96,495635937.0
return_history_control,89977032,16.666,5,96,495683271.0
return_history_control,89994158,17.126,5,96,495097611.0
return_history_control,90010358,16.2,5,96,494790623.0
return_history_control,90027033,16.675,5,96,494190283.0
return_history_control,90044239,17.206,5,96,493605823.0
return_history_control,90060356,16.117,5,96,493640571.0
return_history_control,90077030,16.674,5,96,493712703.0
return_history_control,90094096,17.066,5,96,493768367.0
return_history_control,90110355,16.259,5,96,493861781.0
return_history_control,90127016,16.661,3,96,493946543.0
return_history_control,90144098,17.082,3,96,494163913.0
return_history_control,90160353,16.255,3,96,494268383.0
return_history_control,90177029,16.676,2,96,494491621.0
return_history_control,90194087,17.058,4,96,494223229.0
return_history_control,90210363,16.276,5,96,494430615.0
return_history_control,90227024,16.661,5,96,494561251.0
return_history_control,90244099,17.075,5,96,494780435.0
return_history_control,90260341,16.242,5,96,494737039.0
return_history_control,90277014,16.673,5,96,494788121.0
return_history_control,90294191,17.177,5,96,494844461.0
return_history_control,90310369,16.178,5,96,493934947.0
return_history_control,90327013,16.644,5,96,493329651.0
return_history_control,90344226,17.213,5,96,492627011.0
return_history_control,90360352,16.126,5,96,492106651.0
return_history_control,90377008,16.656,5,96,491456315.0
return_history_control,90394080,17.072,5,96,491497071.0
return_history_control,90410349,16.269,5,96,491549775.0
return_history_control,90427013,16.664,5,96,491602627.0
return_history_control,90444125,17.112,1,96,491688571.0
return_history_control,90460354,16.229,3,96,491926227.0
return_history_control,90476997,16.643,2,96,491954499.0
return_history_control,90494222,17.225,1,96,492277047.0
return_history_control,90510337,16.115,5,96,491953799.0
return_history_control,90527024,16.687,6,96,492138731.0
return_history_control,90544127,17.103,6,96,492301143.0
return_history_control,90560371,16.244,6,96,492307095.0
return_history_control,90577010,16.639,6,96,492403195.0
return_history_control,90594282,17.272,6,96,492464139.0
return_history_control,90610353,16.071,6,96,491962619.0
return_history_control,90627016,16.663,6,96,490982759.0
return_history_control,90644167,17.151,6,96,490049835.0
return_history_control,90660350,16.183,6,96,490157803.0
return_history_control,90676998,16.648,6,96,490224125.0
return_history_control,90694150,17.152,6,96,490279635.0
return_history_control,90710333,16.183,6,96,490346249.0
return_history_control,90727007,16.674,6,96,490413307.0
return_history_control,90744249,17.242,6,96,490497763.0
return_history_control,90760322,16.073,6,96,490579005.0
return_history_control,90777003,16.681,3,96,490659039.0
return_history_control,90794192,17.189,4,96,490894781.0
return_history_control,90810328,16.136,4,96,490919631.0
return_history_control,90826987,16.659,3,96,491162743.0
return_history_control,90844248,17.261,4,96,491031099.0
return_history_control,90860317,16.069,5,96,491239813.0
return_history_control,90877077,16.76,5,96,491400223.0
return_history_control,90894192,17.115,5,96,491455391.0
return_history_control,90910387,16.195,5,96,491501831.0
return_history_control,90927014,16.627,5,96,491554347.0
return_history_control,90944188,17.174,5,96,491019015.0
return_history_control,90960325,16.137,5,96,490172379.0
return_history_control,90977004,16.679,5,96,489255291.0
return_history_control,90994197,17.193,5,96,489425939.0
return_history_control,91010320,16.123,5,96,489478867.0
return_history_control,91027006,16.686,5,96,489535139.0
return_history_control,91044219,17.213,5,96,489592619.0
return_history_control,91060331,16.112,5,96,489644507.0
return_history_control,91076986,16.655,5,96,489698747.0
return_history_control,91094250,17.264,5,96,489751299.0
return_history_control,91110343,16.093,5,96,489802287.0
return_history_control,91127005,16.662,5,96,490012487.0
return_history_control,91144253,17.248,5,96,490063627.0
return_history_control,91160314,16.061,5,96,490111855.0
return_history_control,91176975,16.661,5,96,490171639.0
return_history_control,91194271,17.296,5,96,490218355.0
return_history_control,91210304,16.033,5,96,490274523.0
return_history_control,91226973,16.669,5,96,490358315.0
return_history_control,91244244,17.271,5,96,490375771.0
return_history_control,91260316,16.072,5,96,490468991.0
return_history_control,91276969,16.653,5,96,490582399.0
return_history_control,91294321,17.352,5,96,490637151.0
return_history_control,91310341,16.02,5,96,490686819.0
return_history_control,91327010,16.669,5,96,490739551.0
return_history_control,91344286,17.276,5,96,490788479.0
return_history_control,91360305,16.019,5,96,490842855.0
return_history_control,91376974,16.669,5,96,490924399.0
return_history_control,91394286,17.312,5,96,490900463.0
return_history_control,91410311,16.025,5,96,491112963.0
return_history_control,91427015,16.704,5,96,491211195.0
return_history_control,91444377,17.362,5,96,491308153.0
return_history_control,91460300,15.923,5,96,491346671.0
return_history_control,91476969,16.669,5,96,491354623.0
return_history_control,91494331,17.362,5,96,491407711.0
return_history_control,91510303,15.972,5,96,491458047.0
return_history_control,91526961,16.658,5,96,491513735.0
return_history_control,91544326,17.365,5,96,491566479.0
return_history_control,91560306,15.98,5,96,491619599.0
return_history_control,91576994,16.688,5,96,491832747.0
return_history_control,91594306,17.312,5,96,491891127.0
return_history_control,91610292,15.986,5,96,491974901.0
return_history_control,91626999,16.707,5,96,492019031.0
return_history_control,91644318,17.319,5,96,492075797.0
return_history_control,91660358,16.04,5,96,492083047.0
return_history_control,91676970,16.612,5,96,492136511.0
return_history_control,91694330,17.36,5,96,492191467.0
return_history_control,91710374,16.044,5,96,492244919.0
return_history_control,91726955,16.581,5,96,492537359.0
return_history_control,91744337,17.382,5,96,492626995.0
return_history_control,91760310,15.973,5,96,492825947.0
return_history_control,91776956,16.646,5,96,492915079.0
return_history_control,91794316,17.36,5,96,493081813.0
return_history_control,91810301,15.985,5,96,493239623.0
return_history_control,91826964,16.663,5,96,493326503.0
return_history_control,91844683,17.719,5,96,493494463.0
return_history_control,91860285,15.602,5,96,493575243.0
return_history_control,91876937,16.652,5,96,493724651.0
return_history_control,91894305,17.368,5,96,493742011.0
return_history_control,91910406,16.101,5,96,493763825.0
return_history_control,91926947,16.541,5,96,493784579.0
return_history_control,91944418,17.471,5,96,493810375.0
return_history_control,91960299,15.881,5,96,493827911.0
return_history_control,91976981,16.682,3,96,493845703.0
return_history_control,91994317,17.336,3,96,494057179.0
return_history_control,92010269,15.952,3,96,494178667.0
return_history_control,92026936,16.667,0,96,494425463.0
return_history_control,92044428,17.492,5,96,494172327.0
return_history_control,92060299,15.871,7,96,494347255.0
return_history_control,92076958,16.659,7,96,494590683.0
return_history_control,92094356,17.398,7,96,494909447.0
return_history_control,92110283,15.927,7,96,495036715.0
return_history_control,92126943,16.66,7,96,495308243.0
return_history_control,92144406,17.463,7,96,495505095.0
return_history_control,92160323,15.917,7,96,495757231.0
return_history_control,92176931,16.608,7,96,495872303.0
return_history_control,92194360,17.429,7,96,496186111.0
return_history_control,92210265,15.905,7,96,496471061.0
return_history_control,92226929,16.664,7,96,496673959.0
return_history_control,92244362,17.433,7,96,496941385.0
return_history_control,92260342,15.98,7,96,497145779.0
return_history_control,92276991,16.649,7,96,497298787.0
return_history_control,92294363,17.372,7,96,497499051.0
return_history_control,92310325,15.962,5,96,497138003.0
return_history_control,92326993,16.668,5,96,497272143.0
return_history_control,92344386,17.393,5,96,497381579.0
return_history_control,92360334,15.948,4,96,497692861.0
return_history_control,92377205,16.871,4,96,493902659.0
return_history_control,92394676,17.471,5,96,492906441.0
return_history_control,92410339,15.663,5,96,492360091.0
return_history_control,92426940,16.601,5,96,491905555.0
return_history_control,92444371,17.431,5,96,491444271.0
return_history_control,92460259,15.888,5,96,490149429.0
return_history_control,92476922,16.663,5,96,488606007.0
return_history_control,92494391,17.469,5,96,486933303.0
return_history_control,92510504,16.113,5,96,486060913.0
return_history_control,92527017,16.513,5,96,485235001.0
return_history_control,92544585,17.568,5,96,484273757.0
return_history_control,92560261,15.676,5,96,484163173.0
return_history_control,92576921,16.66,5,96,483029443.0
return_history_control,92594367,17.446,5,96,482443611.0
return_history_control,92610253,15.886,5,96,481687119.0
return_history_control,92626992,16.739,5,96,481075707.0
return_history_control,92644400,17.408,5,96,481136043.0
return_history_control,92660246,15.846,5,96,481189973.0
return_history_control,92676908,16.662,5,96,481243793.0
return_history_control,92694360,17.452,5,96,481288915.0
return_history_control,92710334,15.974,5,96,481343543.0
return_history_control,92726983,16.649,5,96,481390403.0
return_history_control,92744390,17.407,5,96,481404863.0
return_history_control,92760332,15.942,5,96,481499719.0
return_history_control,92776912,16.58,5,96,481607627.0
return_history_control,92794389,17.477,5,96,481661213.0
return_history_control,92810312,15.923,5,96,481707101.0
return_history_control,92826914,16.602,5,96,481756359.0
return_history_control,92844385,17.471,5,96,481806827.0
return_history_control,92860248,15.863,5,96,481857215.0
return_history_control,92876969,16.721,5,96,481914627.0
return_history_control,92894381,17.412,5,96,482045471.0
return_history_control,92910263,15.882,5,96,482104846.0
return_history_control,92926896,16.633,5,96,482109431.0
return_history_control,92944385,17.489,5,96,482153715.0
return_history_control,92960244,15.859,5,96,482200935.0
return_history_control,92976969,16.725,5,96,482253247.0
return_history_control,92994404,17.435,5,96,482307139.0
return_history_control,93010236,15.832,5,96,482361625.0
return_history_control,93026892,16.656,5,96,482414377.0
return_history_control,93044709,17.817,5,96,482482497.0
return_history_control,93060239,15.53,5,96,482548387.0
return_history_control,93076894,16.655,5,96,482598107.0
return_history_control,93094426,17.532,5,96,482649703.0
return_history_control,93110337,15.911,5,96,482700571.0
return_history_control,93126892,16.555,5,96,482755245.0
return_history_control,93144394,17.502,5,96,482808913.0
return_history_control,93160339,15.945,5,96,482854375.0
return_history_control,93176995,16.656,5,96,482913133.0
return_history_control,93194360,17.365,5,96,482964975.0
return_history_control,93210240,15.88,5,96,483178655.0
return_history_control,93226988,16.748,5,96,483208211.0
return_history_control,93244385,17.397,5,96,483289199.0
return_history_control,93260313,15.928,5,96,483459831.0
return_history_control,93276957,16.644,5,96,483629083.0
return_history_control,93294375,17.418,5,96,483720459.0
return_history_control,93310239,15.864,5,96,483982671.0
return_history_control,93326979,16.74,5,96,483992299.0
return_history_control,93344376,17.397,5,96,484161179.0
return_history_control,93360356,15.98,5,96,484246523.0
return_history_control,93376982,16.626,5,96,484355555.0
return_history_control,93394362,17.38,5,96,484376847.0
return_history_control,93410326,15.964,5,96,484403831.0
return_history_control,93426884,16.558,5,96,484425963.0
return_history_control,93444364,17.48,5,96,484451485.0
return_history_control,93460293,15.929,3,96,484469447.0
return_history_control,93476875,16.582,3,96,484645621.0
return_history_control,93494370,17.495,3,96,484757483.0
return_history_control,93510318,15.948,2,96,485093371.0
return_history_control,93526963,16.645,4,96,484735979.0
return_history_control,93544379,17.416,5,96,484959831.0
return_history_control,93560244,15.865,5,96,485202971.0
return_history_control,93576873,16.629,5,96,485405911.0
return_history_control,93594335,17.462,5,96,485675547.0
return_history_control,93610212,15.877,5,96,485899831.0
return_history_control,93626885,16.673,5,96,486046047.0
return_history_control,93644382,17.497,5,96,486318393.0
return_history_control,93660233,15.851,5,96,486498819.0
return_history_control,93676900,16.667,5,96,486667739.0
return_history_control,93694347,17.447,5,96,486936431.0
return_history_control,93710230,15.883,5,96,487087479.0
return_history_control,93726892,16.662,5,96,487244379.0
return_history_control,93744366,17.474,5,96,487552073.0
return_history_control,93760226,15.86,5,96,487744579.0
return_history_control,93776975,16.749,1,96,487902015.0
return_history_control,93794357,17.382,3,96,487344959.0
return_history_control,93810304,15.947,2,96,487461727.0
return_history_control,93826985,16.681,1,96,487628355.0
return_history_control,93845058,18.073,5,96,484892019.0
return_history_control,93860207,15.149,6,96,483925115.0
return_history_control,93876988,16.781,6,96,483090987.0
return_history_control,93894353,17.365,6,96,482211043.0
return_history_control,93910203,15.85,6,96,481231903.0
return_history_control,93926871,16.668,6,96,480384543.0
return_history_control,93944340,17.469,6,96,479810455.0
return_history_control,93960194,15.854,6,96,478256263.0
return_history_control,93976856,16.662,6,96,477731511.0
return_history_control,93994330,17.474,6,96,476923631.0
return_history_control,94010212,15.882,6,96,476324159.0
return_history_control,94026870,16.658,6,96,475849279.0
return_history_control,94044322,17.452,6,96,474788271.0
return_history_control,94060209,15.887,6,96,474772339.0
return_history_control,94076869,16.66,6,96,474772511.0
return_history_control,94094280,17.411,6,96,474902399.0
return_history_control,94110335,16.055,6,96,474906295.0
return_history_control,94126870,16.535,6,96,474906711.0
return_history_control,94144346,17.476,6,96,474907127.0
return_history_control,94160197,15.851,6,96,475004019.0
return_history_control,94176977,16.78,6,96,475068941.0
return_history_control,94194401,17.424,3,96,475122435.0
return_history_control,94210307,15.906,4,96,475354563.0
return_history_control,94226969,16.662,4,96,475359953.0
return_history_control,94244326,17.357,3,96,475680999.0
return_history_control,94260345,16.019,4,96,475330911.0
recovery,94977208,716.863,3,96,478665419.0
recovery,94987747,10.539,4,96,478843743.0
recovery,94994762,7.015,4,96,479087019.0
recovery,95010144,15.382,4,96,479103211.0
recovery,95026794,16.65,4,96,479330519.0
recovery,95044314,17.52,4,96,479559819.0
recovery,95060137,15.823,4,96,479787781.0
recovery,95076793,16.656,4,96,479696499.0
recovery,95094229,17.436,4,96,479775611.0
recovery,95110241,16.012,4,96,479834903.0
recovery,95126939,16.698,4,96,479922943.0
recovery,95144306,17.367,4,96,480037455.0
recovery,95160285,15.979,4,96,480123711.0
recovery,95176798,16.513,4,96,480184071.0
recovery,95194273,17.475,4,96,480236199.0
recovery,95210133,15.86,4,96,480291793.0
recovery,95226795,16.662,4,96,480347907.0
recovery,95244200,17.405,4,96,480418665.0
recovery,95260132,15.932,4,96,480500799.0
recovery,95276935,16.803,4,96,480590435.0
recovery,95294302,17.367,4,96,480703371.0
recovery,95310235,15.933,4,96,480773987.0
recovery,95326787,16.552,4,96,480851199.0
recovery,95344137,17.35,4,96,480902695.0
recovery,95360123,15.986,4,96,480952711.0
recovery,95376786,16.663,4,96,481010507.0
recovery,95394624,17.838,4,96,481079325.0
recovery,95410124,15.5,4,96,481142351.0
recovery,95426936,16.812,4,96,481231855.0
recovery,95445135,18.199,4,96,481342759.0
recovery,95460240,15.105,4,96,481410231.0
recovery,95476770,16.53,4,96,481492191.0
recovery,95493454,16.684,4,96,481557659.0
recovery,95510244,16.79,4,96,481612641.0
recovery,95526920,16.676,4,96,481688057.0
recovery,95543580,16.66,4,96,481768815.0
recovery,95560123,16.543,4,96,481894957.0
recovery,95576783,16.66,4,96,481932695.0
recovery,95593444,16.661,4,96,482044835.0
recovery,95610115,16.671,4,96,482099555.0
recovery,95626830,16.715,4,96,482182443.0
recovery,95643439,16.609,4,96,482286801.0
recovery,95660107,16.668,4,96,482371685.0
recovery,95676776,16.669,4,96,482439423.0
recovery,95693572,16.796,4,96,482490699.0
recovery,95710360,16.788,4,96,482557137.0
recovery,95726774,16.414,1,96,482574411.0
recovery,95745396,18.622,3,96,482790403.0
recovery,95760114,14.718,4,96,483016607.0
recovery,95776777,16.663,4,96,483259095.0
recovery,95795383,18.606,4,96,483554567.0
recovery,95810105,14.722,4,96,483964207.0
recovery,95826758,16.653,4,96,484164859.0
recovery,95845252,18.494,4,96,484472191.0
recovery,95860110,14.858,4,96,484701711.0
recovery,95876896,16.786,4,96,484945305.0
recovery,95895105,18.209,4,96,485206539.0
recovery,95910083,14.978,4,96,485470071.0
recovery,95926767,16.684,4,96,485750447.0
recovery,95944867,18.1,4,96,486029795.0
recovery,95960101,15.234,4,96,486180499.0
recovery,95977156,17.055,4,96,486522931.0
recovery,95994874,17.718,4,96,486000315.0
recovery,96010096,15.222,3,96,486067383.0
recovery,96026762,16.666,3,96,486346383.0
recovery,96044977,18.215,3,96,486576807.0
recovery,96060220,15.243,3,96,486890375.0
recovery,96076881,16.661,3,96,487034043.0
recovery,96095506,18.625,3,96,487090379.0
recovery,96110235,14.729,3,96,487101671.0
recovery,96126763,16.528,4,96,487182879.0
recovery,96145452,18.689,4,96,487249151.0
recovery,96160094,14.642,4,96,487302343.0
recovery,96176755,16.661,4,96,487362519.0
recovery,96195307,18.552,4,96,487419327.0
recovery,96210214,14.907,4,96,487507785.0
recovery,96226755,16.541,4,96,487565651.0
recovery,96245083,18.328,4,96,487630135.0
recovery,96260266,15.183,4,96,487689351.0
recovery,96276880,16.614,4,96,487762319.0
recovery,96295087,18.207,4,96,487832103.0
recovery,96310110,15.023,4,96,487950595.0
recovery,96326880,16.77,4,96,487949219.0
recovery,96344807,17.927,4,96,488121947.0
recovery,96360221,15.414,4,96,488112567.0
recovery,96376760,16.539,4,96,488171815.0
recovery,96394722,17.962,4,96,488235439.0
recovery,96410077,15.355,4,96,488290559.0
recovery,96426738,16.661,4,96,488353123.0
recovery,96444808,18.07,4,96,488408983.0
recovery,96460074,15.266,4,96,488496889.0
recovery,96476875,16.801,4,96,488589943.0
recovery,96494482,17.607,4,96,488697935.0
recovery,96510082,15.6,4,96,488831087.0
recovery,96526895,16.813,4,96,488815947.0
recovery,96544848,17.953,4,96,488877187.0
recovery,96560072,15.224,4,96,488937363.0
recovery,96576744,16.672,4,96,488992915.0
recovery,96594752,18.008,4,96,489044187.0
recovery,96610201,15.449,4,96,489096435.0
recovery,96626859,16.658,4,96,489155063.0
recovery,96644807,17.948,4,96,489265287.0
recovery,96660064,15.257,4,96,489358555.0
recovery,96676849,16.785,4,96,489441023.0
recovery,96694544,17.695,4,96,489498059.0
recovery,96710056,15.512,4,96,489554207.0
recovery,96726863,16.807,4,96,489608671.0
recovery,96744551,17.688,4,96,489665755.0
recovery,96760200,15.649,4,96,489810607.0
recovery,96776726,16.526,4,96,489844213.0
recovery,96794529,17.803,4,96,489898067.0
recovery,96810068,15.539,4,96,489906367.0
recovery,96826753,16.685,4,96,489989383.0
recovery,96844848,18.095,4,96,490074559.0
recovery,96860055,15.207,4,96,490135875.0
recovery,96876824,16.769,4,96,490195191.0
recovery,96894546,17.722,4,96,490207787.0
recovery,96910195,15.649,4,96,490266119.0
recovery,96926729,16.534,4,96,490352959.0
recovery,96944558,17.829,4,96,490412039.0
recovery,96960055,15.497,4,96,490472551.0
recovery,96976718,16.663,4,96,490532027.0
recovery,96994521,17.803,4,96,490605315.0
recovery,97010058,15.537,4,96,490671187.0
recovery,97026830,16.772,4,96,490801179.0
recovery,97044457,17.627,4,96,490787859.0
recovery,97060057,15.6,4,96,490854415.0
recovery,97076850,16.793,4,96,490938635.0
recovery,97094402,17.552,4,96,491008303.0
recovery,97110046,15.644,4,96,491077095.0
recovery,97126845,16.799,4,96,491158815.0
recovery,97144915,18.07,4,96,491245001.0
recovery,97160052,15.137,4,96,491282483.0
recovery,97176714,16.662,4,96,491370237.0
recovery,97194850,18.136,0,96,491448451.0
recovery,97210040,15.19,1,96,491952401.0
recovery,97226716,16.676,2,96,492275741.0
recovery,97245403,18.687,2,96,492517957.0
recovery,97260043,14.64,4,96,492749959.0
recovery,97276727,16.684,4,96,493055905.0
recovery,97294839,18.112,4,96,493274897.0
recovery,97310058,15.219,4,96,493395117.0
recovery,97326719,16.661,4,96,493755617.0
recovery,97343379,16.66,4,96,493989909.0
recovery,97360051,16.672,4,96,494223813.0
recovery,97376942,16.891,4,96,494510093.0
recovery,97394762,17.82,4,96,494754717.0
recovery,97410165,15.403,4,96,495062573.0
recovery,97426700,16.535,4,96,495224353.0
recovery,97443372,16.672,4,96,494780713.0
recovery,97460142,16.77,4,96,494821869.0
recovery,97476703,16.561,4,96,494874201.0
recovery,97493358,16.655,4,96,494918947.0
recovery,97510168,16.81,4,96,494976433.0
recovery,97526689,16.521,4,96,495047631.0
recovery,97543357,16.668,4,96,495136733.0
recovery,97560028,16.671,4,96,495191729.0
recovery,97576813,16.785,4,96,495254027.0
recovery,97594860,18.047,4,96,495304057.0
recovery,97610028,15.168,4,96,495355957.0
recovery,97626811,16.783,4,96,495407069.0
recovery,97643364,16.553,4,96,495458981.0
recovery,97660145,16.781,4,96,495511033.0
recovery,97676690,16.545,4,96,495569125.0
recovery,97694594,17.904,4,96,495667241.0
recovery,97710020,15.426,4,96,495717931.0
recovery,97726682,16.662,4,96,495772997.0
recovery,97744091,17.409,4,96,495826753.0
recovery,97760164,16.073,4,96,495841089.0
recovery,97776831,16.667,4,96,495893081.0
recovery,97794537,17.706,4,96,496015177.0
recovery,97810024,15.487,4,96,495993033.0
recovery,97826674,16.65,4,96,496080573.0
recovery,97844614,17.94,4,96,496128925.0
recovery,97860018,15.404,4,96,496180733.0
recovery,97876807,16.789,4,96,496237697.0
recovery,97894200,17.393,4,96,496293685.0
recovery,97910012,15.812,4,96,496349149.0
recovery,97926701,16.689,4,96,496394521.0
recovery,97943343,16.642,4,96,496443601.0
recovery,97960016,16.673,4,96,496495477.0
recovery,97976677,16.661,4,96,496585457.0
recovery,97994305,17.628,4,96,496641091.0
recovery,98010016,15.711,4,96,496693529.0
recovery,98026830,16.814,4,96,496753499.0
recovery,98044579,17.749,4,96,496765073.0
recovery,98060022,15.443,4,96,496817761.0
recovery,98076681,16.659,4,96,496868633.0
recovery,98094165,17.484,4,96,496934809.0
recovery,98110013,15.848,4,96,496994085.0
recovery,98126681,16.668,4,96,497060645.0
recovery,98143339,16.658,4,96,497113149.0
recovery,98160002,16.663,4,96,497170757.0
recovery,98176660,16.658,4,96,497234823.0
recovery,98194052,17.392,4,96,497282487.0
recovery,98210017,15.965,4,96,497339317.0
recovery,98226671,16.654,4,96,497383781.0
recovery,98244246,17.575,4,96,497457519.0
recovery,98259999,15.753,4,96,497535181.0
recovery,98276780,16.781,4,96,497589473.0
recovery,98294103,17.323,4,96,497650515.0
recovery,98310112,16.009,4,96,497702065.0
recovery,98326667,16.555,1,96,497757289.0
recovery,98343329,16.662,2,96,498246365.0
recovery,98360110,16.781,3,96,498475333.0
recovery,98376670,16.56,3,96,498732157.0
recovery,98394148,17.478,3,96,498941279.0
recovery,98410002,15.854,3,96,499192631.0
recovery,98426850,16.848,4,96,499370235.0
recovery,98444277,17.427,4,96,499577731.0
recovery,98460004,15.727,4,96,499865315.0
recovery,98476716,16.712,4,96,500065863.0
recovery,98493328,16.612,4,96,500354407.0
recovery,98510118,16.79,4,96,500647583.0
recovery,98526660,16.542,4,96,500809907.0
recovery,98544196,17.536,4,96,501099175.0
recovery,98560105,15.909,4,96,501306503.0
recovery,98576655,16.55,4,96,501487583.0
recovery,98594095,17.44,4,96,500956691.0
recovery,98609994,15.899,4,96,501018123.0
recovery,98626650,16.656,4,96,501072967.0
recovery,98644236,17.586,4,96,501127699.0
recovery,98660114,15.878,4,96,501187349.0
recovery,98676639,16.525,4,96,501240813.0
recovery,98694127,17.488,4,96,501291275.0
recovery,98710118,15.991,4,96,501345263.0
recovery,98726767,16.649,4,96,501391751.0
recovery,98744775,18.008,4,96,501484381.0
recovery,98759982,15.207,4,96,501559715.0
recovery,98776760,16.778,4,96,501620457.0
recovery,98794343,17.583,4,96,501717559.0
recovery,98809992,15.649,4,96,501688115.0
recovery,98826759,16.767,4,96,501744627.0
recovery,98844332,17.573,4,96,501796195.0
recovery,98860084,15.752,4,96,501846451.0
recovery,98876646,16.562,4,96,501896255.0
recovery,98894343,17.697,4,96,501963329.0
recovery,98909985,15.642,4,96,502018299.0
recovery,98926812,16.827,4,96,502104275.0
recovery,98944132,17.32,4,96,502185493.0
recovery,98959972,15.84,4,96,502271461.0
recovery,98976753,16.781,4,96,502321567.0
recovery,98994101,17.348,4,96,502375807.0
recovery,99010093,15.992,4,96,502428687.0
recovery,99026650,16.557,4,96,502446007.0
recovery,99043328,16.678,4,96,502501639.0
recovery,99059966,16.638,4,96,502559519.0
recovery,99076635,16.669,4,96,502617639.0
recovery,99093975,17.34,4,96,502677651.0
recovery,99109965,15.99,4,96,502735435.0
recovery,99126621,16.656,4,96,502835023.0
recovery,99144022,17.401,4,96,502890487.0
recovery,99159961,15.939,4,96,502945323.0
recovery,99176757,16.796,4,96,502986087.0
recovery,99194116,17.359,4,96,503043109.0
recovery,99209964,15.848,4,96,503096969.0
recovery,99226628,16.664,4,96,503150663.0
recovery,99244232,17.604,4,96,503212013.0
recovery,99259971,15.739,4,96,503221267.0
recovery,99276734,16.763,4,96,503320147.0
recovery,99293296,16.562,4,96,503371703.0
recovery,99310093,16.797,4,96,503469563.0
recovery,99326738,16.645,4,96,503519595.0
recovery,99344422,17.684,4,96,503586923.0
recovery,99360061,15.639,4,96,503652643.0
recovery,99376618,16.557,4,96,503710463.0
recovery,99394524,17.906,4,96,503771095.0
recovery,99409954,15.43,4,96,503819367.0
recovery,99426612,16.658,4,96,503875379.0
recovery,99444504,17.892,4,96,503950125.0
recovery,99459956,15.452,3,96,504005651.0
recovery,99476612,16.656,4,96,504240991.0
recovery,99494262,17.65,4,96,504432863.0
recovery,99509957,15.695,4,96,504643435.0
recovery,99526732,16.775,4,96,504901531.0
recovery,99543322,16.59,4,96,505104895.0
recovery,99559948,16.626,4,96,505302635.0
recovery,99576607,16.659,4,96,505591351.0
recovery,99593286,16.679,4,96,505818027.0
recovery,99610069,16.783,4,96,505980531.0
recovery,99626625,16.556,4,96,506130011.0
recovery,99644170,17.545,4,96,506458679.0
recovery,99659939,15.769,4,96,506642007.0
recovery,99676619,16.68,4,96,506933271.0
recovery,99693279,16.66,4,96,507155311.0
recovery,99710056,16.777,4,96,507381375.0
recovery,99726607,16.551,1,96,507651767.0
recovery,99743274,16.667,3,96,507334803.0
recovery,99759953,16.679,4,96,507541251.0
recovery,99776611,16.658,4,96,507759259.0
recovery,99793271,16.66,4,96,508043931.0
recovery,99809932,16.661,4,96,508021251.0
recovery,99826600,16.668,4,96,508089343.0
recovery,99843262,16.662,4,96,508144123.0
recovery,99859930,16.668,4,96,508200995.0
recovery,99876604,16.674,4,96,508254187.0
recovery,99893257,16.653,4,96,508309149.0
recovery,99909932,16.675,4,96,508355231.0
recovery,99926612,16.68,4,96,508411749.0
recovery,99943270,16.658,4,96,508465631.0
recovery,99959937,16.667,4,96,508539471.0
recovery,99976765,16.828,4,96,508562047.0
recovery,99993266,16.501,4,96,508620079.0
recovery,100009927,16.661,4,96,508683101.0
recovery,100026603,16.676,4,96,508724019.0
recovery,100043269,16.666,4,96,508778527.0
recovery,100059940,16.671,4,96,508832425.0
recovery,100076600,16.66,4,96,508897525.0
recovery,100093255,16.655,4,96,508981751.0
recovery,100109924,16.669,4,96,509045899.0
recovery,100126604,16.68,4,96,509059367.0
recovery,100143289,16.685,4,96,509121267.0
recovery,100159930,16.641,4,96,509187347.0
recovery,100176588,16.658,4,96,509240263.0
recovery,100193256,16.668,4,96,509303485.0
recovery,100209922,16.666,4,96,509356771.0
recovery,100226590,16.668,4,96,509450513.0
recovery,100243253,16.663,4,96,509508709.0
recovery,100259929,16.676,4,96,509570689.0
recovery,100276594,16.665,4,96,509631921.0
recovery,100293249,16.655,4,96,509718603.0
recovery,100309930,16.681,4,96,509732943.0
recovery,100326588,16.658,4,96,509789803.0
recovery,100343248,16.66,4,96,509946083.0
recovery,100359916,16.668,4,96,509935243.0
recovery,100376582,16.666,4,96,510014927.0
recovery,100393272,16.69,4,96,510073599.0
recovery,100409908,16.636,4,96,510136497.0
recovery,100426593,16.685,4,96,510225355.0
recovery,100443246,16.653,4,96,510285019.0
recovery,100459922,16.676,4,96,510311555.0
recovery,100476580,16.658,4,96,510427359.0
recovery,100493246,16.666,4,96,510464855.0
recovery,100509915,16.669,4,96,510528531.0
recovery,100526582,16.667,4,96,510594335.0
recovery,100543229,16.647,4,96,510658383.0
recovery,100559901,16.672,4,96,510752461.0
recovery,100576568,16.667,4,96,510814501.0
recovery,100593239,16.671,4,96,510869777.0
recovery,100609899,16.66,4,96,510930631.0
recovery,100626579,16.68,4,96,510996693.0
recovery,100643271,16.692,4,96,511006531.0
recovery,100659912,16.641,4,96,511065799.0
recovery,100676570,16.658,4,96,511168855.0
recovery,100695046,18.476,4,96,511213859.0
recovery,100709899,14.853,4,96,511270295.0
recovery,100726568,16.669,4,96,511323167.0
recovery,100743233,16.665,4,96,511376205.0
recovery,100759893,16.66,4,96,511430895.0
recovery,100776559,16.666,4,96,511485807.0
recovery,100793220,16.661,4,96,511538423.0
recovery,100809889,16.669,4,96,511624493.0
recovery,100827223,17.334,4,96,511689279.0
recovery,100843231,16.008,4,96,511708971.0
recovery,100859884,16.653,4,96,511765031.0
recovery,100877097,17.213,4,96,511818099.0
recovery,100893214,16.117,3,96,511867951.0
recovery,100909888,16.674,3,96,512019763.0
recovery,100926964,17.076,3,96,512220035.0
recovery,100943230,16.266,3,96,512476439.0
recovery,100959906,16.676,3,96,512607971.0
recovery,100976568,16.662,3,96,512824895.0
recovery,100993220,16.652,4,96,513112491.0
recovery,101009887,16.667,4,96,513314831.0
recovery,101026866,16.979,4,96,513555429.0
recovery,101043215,16.349,4,96,513856359.0
recovery,101059880,16.665,4,96,513993483.0
recovery,101076559,16.679,4,96,514207321.0
recovery,101093223,16.664,4,96,514485031.0
recovery,101109897,16.674,4,96,514642155.0
recovery,101126570,16.673,4,96,514949427.0
recovery,101143231,16.661,4,96,515168151.0
recovery,101159899,16.668,4,96,515368902.0
recovery,101176550,16.651,4,96,514885891.0
recovery,101193219,16.669,4,96,514952153.0
recovery,101209880,16.661,4,96,515002101.0
recovery,101226609,16.729,4,96,515054049.0
recovery,101243216,16.607,4,96,515107505.0
recovery,101260245,17.029,4,96,515161403.0
recovery,101276543,16.298,4,96,515242071.0
recovery,101293217,16.674,4,96,515362393.0
recovery,101309887,16.67,4,96,515318019.0
recovery,101326558,16.671,4,96,515380979.0
recovery,101343206,16.648,4,96,515473103.0
recovery,101359902,16.696,4,96,515524835.0
recovery,101376679,16.777,4,96,515580103.0
recovery,101393196,16.517,4,96,515639111.0
recovery,101409872,16.676,4,96,515693611.0
recovery,101426666,16.794,4,96,515749485.0
recovery,101443200,16.534,4,96,515827425.0
recovery,101459860,16.66,4,96,515878827.0
recovery,101476531,16.671,4,96,515954523.0
recovery,101493201,16.67,4,96,516050961.0
recovery,101509871,16.67,4,96,516105893.0
recovery,101526535,16.664,4,96,516156555.0
recovery,101543210,16.675,4,96,516252083.0
recovery,101560009,16.799,4,96,516224279.0
recovery,101576564,16.555,4,96,516283759.0
recovery,101593207,16.643,4,96,516358995.0
recovery,101609872,16.665,4,96,516415887.0
recovery,101626527,16.655,4,96,516478091.0
recovery,101643191,16.664,4,96,516563619.0
recovery,101659860,16.669,4,96,516610759.0
recovery,101676527,16.667,4,96,516667329.0
recovery,101693190,16.663,4,96,516716551.0
recovery,101709925,16.735,4,96,516773967.0
recovery,101726523,16.598,4,96,516863297.0
recovery,101743194,16.671,4,96,516923515.0
recovery,101759856,16.662,4,96,516993931.0
recovery,101776594,16.738,4,96,517038403.0
recovery,101793180,16.586,4,96,517091567.0
recovery,101809904,16.724,4,96,517168455.0
recovery,101826534,16.63,4,96,517156595.0
recovery,101843200,16.666,4,96,517212471.0
recovery,101859848,16.648,4,96,517268559.0
recovery,101876520,16.672,4,96,517345551.0
recovery,101893181,16.661,4,96,517408647.0
recovery,101909844,16.663,4,96,517465047.0
recovery,101926517,16.673,4,96,517513411.0
recovery,101943185,16.668,4,96,517571493.0
recovery,101959855,16.67,4,96,517623097.0
recovery,101976556,16.701,4,96,517703923.0
recovery,101993191,16.635,4,96,517703351.0
recovery,102009856,16.665,4,96,517763335.0
recovery,102026522,16.666,4,96,517840499.0
recovery,102043185,16.663,4,96,517900999.0
recovery,102059841,16.656,0,96,517973991.0
recovery,102076508,16.667,1,96,518528403.0
recovery,102093217,16.709,2,96,518717443.0
recovery,102109839,16.622,2,96,518904615.0
recovery,102126548,16.709,2,96,519075887.0
recovery,102143172,16.624,2,96,519352239.0
recovery,102159843,16.671,4,96,519483651.0
recovery,102176681,16.838,4,96,519656007.0
recovery,102193177,16.496,4,96,519930545.0
recovery,102209847,16.67,4,96,520055707.0
recovery,102226551,16.704,4,96,520275243.0
recovery,102243167,16.616,4,96,520571785.0
recovery,102259828,16.661,4,96,520667411.0
recovery,102276507,16.679,4,96,520849347.0
recovery,102293171,16.664,4,96,521047557.0
recovery,102309837,16.666,4,96,521157675.0
recovery,102326496,16.659,4,96,521503955.0
recovery,102343171,16.675,4,96,521728359.0
recovery,102359853,16.682,4,96,521804313.0
recovery,102376499,16.646,4,96,521289037.0
recovery,102393163,16.664,4,96,521330903.0
recovery,102409836,16.673,4,96,521417943.0
recovery,102426513,16.677,4,96,521444679.0
recovery,102443167,16.654,4,96,521517671.0
recovery,102459846,16.679,4,96,521492035.0
recovery,102476507,16.661,4,96,521555583.0
recovery,102493165,16.658,4,96,521632147.0
recovery,102509835,16.67,4,96,521685451.0
recovery,102526507,16.672,4,96,521739807.0
recovery,102543168,16.661,4,96,521791563.0
recovery,102559835,16.667,4,96,521859751.0
recovery,102576497,16.662,4,96,521914787.0
recovery,102593167,16.67,4,96,521964643.0
recovery,102609832,16.665,4,96,522018535.0
recovery,102626499,16.667,4,96,522103203.0
recovery,102643164,16.665,4,96,522152983.0
recovery,102659834,16.67,4,96,522205991.0
recovery,102676496,16.662,4,96,522262291.0
recovery,102695193,18.697,4,96,522361015.0
recovery,102709820,14.627,4,96,522460489.0
recovery,102726483,16.663,4,96,522534471.0
recovery,102745054,18.571,4,96,522624697.0
recovery,102759820,14.766,4,96,522689917.0
recovery,102776467,16.647,4,96,522745491.0
recovery,102795023,18.556,4,96,522806791.0
recovery,102809823,14.8,4,96,522902747.0
recovery,102826485,16.662,4,96,522905283.0
recovery,102844852,18.367,4,96,522972303.0
recovery,102859828,14.976,4,96,523031683.0
recovery,102876471,16.643,4,96,523100683.0
recovery,102894566,18.095,4,96,523157289.0
recovery,102909801,15.235,4,96,523245557.0
recovery,102926478,16.677,4,96,523321859.0
recovery,102943153,16.675,4,96,523358815.0
recovery,102959827,16.674,4,96,523421235.0
recovery,102976487,16.66,4,96,523486947.0
recovery,102993138,16.651,4,96,523549991.0
recovery,103009810,16.672,4,96,523613059.0
recovery,103026476,16.666,4,96,523691847.0
recovery,103043192,16.716,4,96,523769655.0
recovery,103059804,16.612,4,96,523825179.0
recovery,103076467,16.663,4,96,523893505.0
recovery,103093162,16.695,4,96,523901615.0
recovery,103109817,16.655,4,96,523975883.0
recovery,103126467,16.65,4,96,524058355.0
recovery,103145035,18.568,4,96,524143107.0
recovery,103159798,14.763,4,96,524231521.0
recovery,103176480,16.682,4,96,524355499.0
recovery,103193147,16.667,4,96,524312095.0
recovery,103209801,16.654,1,96,524377707.0
recovery,103226455,16.654,2,96,524875739.0
recovery,103243125,16.67,3,96,525088979.0
recovery,103259792,16.667,3,96,525390599.0
recovery,103276458,16.666,3,96,525617683.0
recovery,103293130,16.672,3,96,525849155.0
recovery,103309806,16.676,3,96,525932251.0
recovery,103326466,16.66,4,96,526254715.0
recovery,103343141,16.675,4,96,526483355.0
recovery,103359798,16.657,4,96,526644587.0
recovery,103376463,16.665,4,96,526958267.0
recovery,103393126,16.663,4,96,527273623.0
recovery,103409888,16.762,4,96,527436567.0
recovery,103426472,16.584,4,96,527718551.0
recovery,103444696,18.224,4,96,527854471.0
recovery,103459805,15.109,4,96,528003343.0
recovery,103476489,16.684,4,96,529410255.0
recovery,103493132,16.643,4,96,528846143.0
recovery,103509791,16.659,4,96,528891315.0
recovery,103526466,16.675,4,96,528947623.0
recovery,103544514,18.048,4,96,529004395.0
recovery,103559785,15.271,4,96,529057791.0
recovery,103576439,16.654,4,96,529114411.0
recovery,103593114,16.675,4,96,529169343.0
recovery,103609772,16.658,4,96,529224683.0
recovery,103626443,16.671,4,96,529278915.0
recovery,103645150,18.707,4,96,529334819.0
recovery,103659777,14.627,4,96,529384827.0
recovery,103676447,16.67,4,96,529439711.0
recovery,103693111,16.664,4,96,529488183.0
recovery,103709790,16.679,4,96,529540399.0
recovery,103726441,16.651,4,96,529590655.0
recovery,103744831,18.39,4,96,529651761.0
recovery,103759773,14.942,4,96,529705339.0
recovery,103776490,16.717,4,96,529753911.0
recovery,103794665,18.175,4,96,529809947.0
recovery,103809768,15.103,4,96,529862371.0
recovery,103826443,16.675,4,96,529945983.0
recovery,103844584,18.141,4,96,529999107.0
recovery,103859785,15.201,4,96,529973247.0
recovery,103876458,16.673,4,96,530024419.0
recovery,103894561,18.103,4,96,530077543.0
recovery,103909762,15.201,4,96,530138585.0
recovery,103926424,16.662,4,96,530192695.0
recovery,103944317,17.893,4,96,530246583.0
recovery,103959757,15.44,4,96,530297163.0
recovery,103976429,16.672,4,96,530348383.0
recovery,103994431,18.002,4,96,530398259.0
recovery,104009754,15.323,4,96,530444399.0
recovery,104026418,16.664,4,96,530498507.0
recovery,104043096,16.678,4,96,530554459.0
recovery,104059759,16.663,4,96,530607259.0
recovery,104076422,16.663,4,96,530657791.0
recovery,104093100,16.678,4,96,530713399.0
recovery,104109760,16.66,4,96,530761271.0
recovery,104126439,16.679,4,96,530815067.0
recovery,104143092,16.653,4,96,530860907.0
recovery,104159766,16.674,4,96,530920875.0
recovery,104176474,16.708,4,96,531012411.0
recovery,104194522,18.048,4,96,531029089.0
recovery,104209769,15.247,4,96,531036347.0
recovery,104226451,16.682,4,96,531085831.0
recovery,104243098,16.647,4,96,531137587.0
recovery,104259771,16.673,4,96,531187047.0
recovery,104276432,16.661,4,96,531244707.0
recovery,104293100,16.668,4,96,531297751.0
recovery,104309779,16.679,4,96,531353891.0
recovery,104326424,16.645,4,96,531404207.0
recovery,104343081,16.657,3,96,531460439.0
recovery,104359751,16.67,3,96,531615475.0
recovery,104376425,16.674,4,96,531786675.0
recovery,104393161,16.736,4,96,532016905.0
recovery,104409747,16.586,4,96,532247107.0
recovery,104426410,16.663,4,96,532451629.0
recovery,104443276,16.866,4,96,532671193.0
recovery,104459743,16.467,4,96,532924639.0
recovery,104476419,16.676,4,96,533128139.0
recovery,104493093,16.674,4,96,533297371.0
recovery,104509756,16.663,4,96,533402147.0
recovery,104526416,16.66,4,96,533686975.0
recovery,104543241,16.825,4,96,533903267.0
recovery,104559749,16.508,4,96,534184751.0
recovery,104576419,16.67,4,96,534575489.0
recovery,104594138,17.719,4,96,534796247.0
recovery,104609737,15.599,4,96,535044683.0
recovery,104626468,16.731,4,96,534533255.0
recovery,104643069,16.601,4,96,534593351.0
recovery,104659739,16.67,4,96,534658493.0
recovery,104676403,16.664,4,96,534708759.0
recovery,104693093,16.69,4,96,534763817.0
recovery,104709737,16.644,4,96,534812895.0
recovery,104726404,16.667,4,96,534865103.0
recovery,104744097,17.693,4,96,534922045.0
recovery,104759739,15.642,4,96,534967007.0
recovery,104776393,16.654,4,96,535031353.0
recovery,104794276,17.883,4,96,535082367.0
recovery,104809750,15.474,4,96,535095747.0
recovery,104826404,16.654,4,96,535151407.0
