phase,time_us,frame_ms,queued,sdf_pages,engine_static_bytes,process_ms,physics_ms,vegetation_us
startup,3897343,138.491,0,0,66348055.0,137.601,1124.721,26
startup,3901246,3.903,0,0,66368487.0,3.729,0.052,8
startup,3913823,12.577,0,0,66369803.0,3.729,0.052,8
startup,3930783,16.96,0,0,66371171.0,3.729,0.052,9
startup,3946579,15.796,0,0,66373707.0,3.729,0.052,9
startup,3963589,17.01,0,0,66371925.0,3.729,0.052,8
startup,3979917,16.328,0,0,66375381.0,3.729,0.052,9
startup,3996619,16.702,0,0,66375961.0,3.729,0.052,8
startup,4013598,16.979,0,0,66371095.0,3.729,0.052,8
startup,4029899,16.301,0,0,66374863.0,4.272,0.123,9
startup,4046573,16.674,0,0,66373719.0,4.272,0.123,9
startup,4063236,16.663,0,0,66374507.0,4.272,0.123,9
startup,4079903,16.667,0,0,66375847.0,4.272,0.123,8
startup,4096573,16.67,0,0,66377139.0,4.272,0.123,9
startup,4113232,16.659,0,0,66373743.0,4.272,0.123,8
startup,4129898,16.666,0,0,66376439.0,4.272,0.123,9
startup,4146567,16.669,0,0,66533601.0,4.272,0.123,9
startup,4163245,16.678,0,0,66532109.0,4.272,0.123,8
startup,4179907,16.662,0,0,66531919.0,4.272,0.123,8
startup,4196562,16.655,0,0,66517095.0,4.272,0.123,9
startup,4213230,16.668,0,0,66562237.0,4.272,0.123,8
startup,4229892,16.662,0,0,66562809.0,4.272,0.123,8
startup,4246556,16.664,0,0,66562983.0,4.272,0.123,8
startup,4263251,16.695,0,0,66561571.0,4.272,0.123,8
startup,4279898,16.647,0,0,66564143.0,4.272,0.123,9
startup,4296563,16.665,0,0,66562731.0,4.272,0.123,9
startup,4313230,16.667,0,0,66563269.0,4.272,0.123,12
startup,4329898,16.668,0,0,66566175.0,4.272,0.123,10
startup,4346567,16.669,0,0,66567431.0,4.272,0.123,9
startup,4363227,16.66,0,0,66569603.0,4.272,0.123,10
startup,4379892,16.665,0,0,66568715.0,4.272,0.123,9
startup,4396557,16.665,0,0,66569051.0,4.272,0.123,8
startup,4413226,16.669,0,0,66571015.0,4.272,0.123,9
startup,4429889,16.663,0,0,66571999.0,4.272,0.123,9
startup,4448537,18.648,0,0,66568299.0,4.272,0.123,9
startup,4463216,14.679,0,0,66568879.0,4.272,0.123,8
startup,4479883,16.667,0,0,66565623.0,4.272,0.123,9
startup,4498468,18.585,0,0,66583571.0,4.272,0.123,8
startup,4513210,14.742,0,0,66585463.0,4.272,0.123,8
startup,4529922,16.712,0,0,66584431.0,4.272,0.123,9
startup,4548336,18.414,0,0,66585413.0,4.272,0.123,8
startup,4563219,14.883,0,0,66582623.0,4.272,0.123,9
startup,4579881,16.662,0,0,66587823.0,4.272,0.123,8
startup,4598208,18.327,0,0,66583983.0,4.272,0.123,26
startup,4613217,15.009,0,0,66586843.0,4.272,0.123,8
startup,4629881,16.664,0,0,66591011.0,4.272,0.123,8
startup,4648059,18.178,0,0,66590327.0,4.272,0.123,9
startup,4663212,15.153,0,0,66591707.0,4.272,0.123,8
startup,4679880,16.668,0,0,66592751.0,4.272,0.123,8
startup,4697937,18.057,0,0,66592867.0,4.272,0.123,9
startup,4713210,15.273,0,0,66589823.0,4.272,0.123,9
startup,4729873,16.663,0,0,66591339.0,4.272,0.123,9
startup,4747802,17.929,0,0,66593881.0,4.272,0.123,8
startup,4763209,15.407,0,0,66595155.0,4.272,0.123,8
startup,4779870,16.661,0,0,66594635.0,4.272,0.123,9
startup,4797690,17.82,0,0,66539711.0,4.272,0.123,9
startup,4813259,15.569,0,0,66569295.0,4.272,0.123,10
startup,4829873,16.614,0,0,66568955.0,4.272,0.123,10
startup,4846538,16.665,0,0,66569531.0,4.272,0.123,8
startup,4863202,16.664,0,0,66569991.0,4.272,0.123,9
startup,4879867,16.665,0,0,66570691.0,4.272,0.123,8
startup,4896527,16.66,0,0,66571267.0,4.272,0.123,9
startup,4913205,16.678,0,0,66573825.0,4.272,0.123,9
startup,4929866,16.661,0,0,66575591.0,4.272,0.123,9
startup,4946534,16.668,0,0,66599609.0,4.272,0.123,9
startup,4963198,16.664,0,0,66596597.0,4.272,0.123,9
startup,4979867,16.669,0,0,66600367.0,4.272,0.123,8
startup,4996530,16.663,0,0,66597753.0,4.272,0.123,9
startup,5013195,16.665,0,0,66601929.0,4.272,0.123,9
startup,5029865,16.67,0,0,66598913.0,3.809,0.078,8
startup,5046530,16.665,0,0,66596803.0,3.809,0.078,8
startup,5063197,16.667,0,0,66602473.0,3.809,0.078,9
startup,5079916,16.719,0,0,66597963.0,3.809,0.078,9
startup,5096525,16.609,0,0,66604407.0,3.809,0.078,10
startup,5113193,16.668,0,0,66604587.0,3.809,0.078,9
startup,5129860,16.667,0,0,66604791.0,3.809,0.078,9
startup,5146523,16.663,0,0,66603005.0,3.809,0.078,9
startup,5163184,16.661,0,0,66605981.0,3.809,0.078,9
startup,5179871,16.687,0,0,66601671.0,3.809,0.078,8
startup,5196525,16.654,0,0,66604435.0,3.809,0.078,9
startup,5213192,16.667,0,0,66609103.0,3.809,0.078,9
startup,5229855,16.663,0,0,66594103.0,3.809,0.078,8
startup,5246526,16.671,0,0,66598711.0,3.809,0.078,8
startup,5263191,16.665,0,0,66599569.0,3.809,0.078,8
startup,5279858,16.667,0,0,66599379.0,3.809,0.078,8
startup,5296518,16.66,0,0,66598533.0,3.809,0.078,9
startup,5313183,16.665,0,0,66599113.0,3.809,0.078,9
startup,5329847,16.664,0,0,66601885.0,3.809,0.078,9
startup,5346520,16.673,0,0,66603005.0,3.809,0.078,8
startup,5363476,16.956,0,0,66603045.0,3.809,0.078,10
startup,5379854,16.378,0,0,66602031.0,3.809,0.078,9
startup,5396516,16.662,0,0,66603395.0,3.809,0.078,9
startup,5413179,16.663,0,0,66604789.0,3.809,0.078,9
startup,5429848,16.669,0,0,66603239.0,3.809,0.078,9
startup,5446514,16.666,0,0,66607141.0,3.809,0.078,9
startup,5463190,16.676,0,0,66550803.0,3.809,0.078,9
startup,5480084,16.894,4,0,66625235.0,3.809,0.078,23
startup,5496523,16.439,4,0,66878711.0,3.809,0.078,28
startup,5513182,16.659,3,0,67311927.0,3.809,0.078,8
startup,5529841,16.659,0,0,67734487.0,3.809,0.078,9
startup,5549295,19.454,3,0,69586343.0,3.809,0.078,2406
startup,5563183,13.888,0,0,69908439.0,3.809,0.078,104
startup,5579840,16.657,1,0,70630677.0,3.809,0.078,3298
startup,5596513,16.673,0,0,70901297.0,3.809,0.078,193
startup,5613165,16.652,2,0,71630261.0,3.809,0.078,4368
startup,5629842,16.677,0,0,71901085.0,3.809,0.078,277
startup,5646571,16.729,1,0,72498401.0,3.809,0.078,4744
startup,5663177,16.606,2,0,72848949.0,3.809,0.078,363
startup,5679841,16.664,4,0,73169425.0,3.809,0.078,363
startup,5696514,16.673,4,0,73367713.0,3.809,0.078,363
startup,5713172,16.658,4,0,73626553.0,3.809,0.078,363
startup,5729844,16.672,4,0,73958765.0,3.809,0.078,365
startup,5746511,16.667,4,0,74259093.0,3.809,0.078,357
startup,5763175,16.664,4,0,74388205.0,3.809,0.078,375
startup,5779837,16.662,4,0,74481805.0,3.809,0.078,370
startup,5796491,16.654,4,0,74543329.0,3.809,0.078,404
startup,5813170,16.679,4,0,74598265.0,3.809,0.078,396
startup,5829821,16.651,4,0,74688413.0,3.809,0.078,2486
startup,5846502,16.681,4,0,74751353.0,3.809,0.078,274
startup,5863164,16.662,4,0,74802553.0,3.809,0.078,2416
startup,5879829,16.665,4,0,74899393.0,3.809,0.078,192
startup,5896493,16.664,4,0,74953709.0,3.809,0.078,2055
startup,5913182,16.689,4,0,75009621.0,3.809,0.078,100
startup,5929825,16.643,4,0,75098689.0,3.809,0.078,1942
startup,5946497,16.672,4,0,75157921.0,3.809,0.078,9
startup,5963159,16.662,4,0,75216501.0,3.809,0.078,9
startup,5979829,16.67,4,0,75269109.0,3.809,0.078,8
startup,5996493,16.664,4,0,75372981.0,3.809,0.078,13
startup,6013163,16.67,4,0,75431589.0,3.809,0.078,9
startup,6029828,16.665,4,0,75525013.0,19.251,0.075,9
startup,6046488,16.66,4,0,75586209.0,19.251,0.075,8
startup,6063158,16.67,4,0,75644609.0,19.251,0.075,8
startup,6079820,16.662,4,0,75741921.0,19.251,0.075,9
startup,6096493,16.673,4,0,75802865.0,19.251,0.075,10
startup,6113155,16.662,4,0,75928385.0,19.251,0.075,8
startup,6129818,16.663,4,0,75952265.0,19.251,0.075,10
startup,6146487,16.669,4,0,76013337.0,19.251,0.075,8
startup,6163157,16.67,4,0,76150485.0,19.251,0.075,10
startup,6179821,16.664,4,0,76171981.0,19.251,0.075,8
startup,6196511,16.69,4,0,76223509.0,19.251,0.075,12
startup,6213152,16.641,4,0,76322549.0,19.251,0.075,7
startup,6229809,16.657,4,0,76378945.0,19.251,0.075,9
startup,6246482,16.673,4,0,76496349.0,19.251,0.075,8
startup,6263143,16.661,4,0,76555393.0,19.251,0.075,9
startup,6279820,16.677,4,0,76643385.0,19.251,0.075,7
startup,6296475,16.655,4,0,76704917.0,19.251,0.075,9
startup,6313147,16.672,4,0,76757737.0,19.251,0.075,7
startup,6329806,16.659,4,0,76854253.0,19.251,0.075,8
startup,6346478,16.672,4,0,76957889.0,19.251,0.075,7
startup,6363138,16.66,4,0,77092613.0,19.251,0.075,9
startup,6379815,16.677,4,0,77155261.0,19.251,0.075,8
startup,6396471,16.656,4,0,77247761.0,19.251,0.075,9
startup,6413142,16.671,4,0,77305389.0,19.251,0.075,8
startup,6429806,16.664,1,0,77363249.0,19.251,0.075,9
startup,6446476,16.67,5,0,77777837.0,19.251,0.075,6077
startup,6463137,16.661,6,0,77957909.0,19.251,0.075,79
startup,6479824,16.687,6,0,78176333.0,19.251,0.075,79
startup,6496475,16.651,6,0,78354229.0,19.251,0.075,80
startup,6513144,16.669,6,0,78567793.0,19.251,0.075,78
startup,6529802,16.658,6,0,78740113.0,19.251,0.075,80
startup,6546471,16.669,6,0,79163349.0,19.251,0.075,80
startup,6563144,16.673,6,0,79433449.0,19.251,0.075,81
startup,6579802,16.658,6,0,79667385.0,19.251,0.075,80
startup,6596469,16.667,6,0,79919185.0,19.251,0.075,81
startup,6613131,16.662,6,0,80199729.0,19.251,0.075,79
startup,6629795,16.664,6,0,80423201.0,19.251,0.075,83
startup,6646471,16.676,6,0,80656741.0,19.251,0.075,81
startup,6663131,16.66,6,0,80089805.0,19.251,0.075,80
startup,6679798,16.667,6,0,80175201.0,19.251,0.075,81
startup,6696464,16.666,6,0,80175757.0,19.251,0.075,168
startup,6713133,16.669,6,0,80176349.0,19.251,0.075,81
startup,6729786,16.653,6,0,80340133.0,19.251,0.075,1445
startup,6746480,16.694,6,0,80424385.0,19.251,0.075,8
startup,6763129,16.649,6,0,80424969.0,19.251,0.075,8
startup,6779793,16.664,6,0,80541821.0,19.251,0.075,8
startup,6796453,16.66,6,0,80603061.0,19.251,0.075,8
startup,6813124,16.671,6,0,80665457.0,19.251,0.075,9
startup,6829793,16.669,6,0,80723473.0,19.251,0.075,9
startup,6846461,16.668,6,0,80832453.0,19.251,0.075,8
startup,6863122,16.661,6,0,80851497.0,19.251,0.075,8
startup,6879789,16.667,6,0,80986173.0,19.251,0.075,8
startup,6896463,16.674,6,0,81072341.0,19.251,0.075,9
startup,6913113,16.65,6,0,81141985.0,19.251,0.075,9
startup,6929785,16.672,6,0,81209329.0,19.251,0.075,9
startup,6946457,16.672,6,0,81271173.0,19.251,0.075,8
startup,6963122,16.665,6,0,81331197.0,19.251,0.075,9
startup,6979788,16.666,6,0,81390365.0,19.251,0.075,8
startup,6996448,16.66,6,0,81505689.0,19.251,0.075,9
startup,7013120,16.672,6,0,81582701.0,19.251,0.075,8
startup,7029796,16.676,6,0,81658069.0,12.022,0.071,8
startup,7046446,16.65,6,0,81784933.0,12.022,0.071,8
startup,7063108,16.662,6,0,81889289.0,12.022,0.071,10
startup,7079780,16.672,6,0,81975761.0,12.022,0.071,8
startup,7096443,16.663,6,0,82054897.0,12.022,0.071,9
startup,7113111,16.668,6,0,82175109.0,12.022,0.071,8
startup,7129784,16.673,6,0,82255053.0,12.022,0.071,8
startup,7146441,16.657,6,0,82375945.0,12.022,0.071,8
startup,7163104,16.663,6,0,82449361.0,12.022,0.071,12
startup,7179777,16.673,6,0,82519569.0,12.022,0.071,8
startup,7196443,16.666,6,0,82582881.0,12.022,0.071,8
startup,7213105,16.662,6,0,82702833.0,12.022,0.071,9
startup,7229770,16.665,6,0,82778185.0,12.022,0.071,11
startup,7246446,16.676,6,0,82849585.0,12.022,0.071,9
startup,7263105,16.659,6,0,82935377.0,12.022,0.071,8
startup,7279765,16.66,6,0,83072785.0,12.022,0.071,9
startup,7296879,17.114,6,0,83184149.0,12.022,0.071,8
startup,7313102,16.223,6,0,83269737.0,12.022,0.071,8
startup,7329759,16.657,6,0,83382877.0,12.022,0.071,9
startup,7346436,16.677,6,0,83458893.0,12.022,0.071,7
startup,7363095,16.659,6,0,83591673.0,12.022,0.071,8
startup,7379764,16.669,6,0,83672129.0,12.022,0.071,7
startup,7396431,16.667,6,0,83747541.0,12.022,0.071,9
startup,7413127,16.696,6,0,83813637.0,12.022,0.071,10
startup,7429755,16.628,6,0,83924377.0,12.022,0.071,10
startup,7446436,16.681,6,0,83990489.0,12.022,0.071,7
startup,7463098,16.662,6,0,84050489.0,12.022,0.071,9
startup,7479761,16.663,6,0,84175253.0,12.022,0.071,9
startup,7496426,16.665,6,0,84251537.0,12.022,0.071,8
startup,7513093,16.667,6,0,84340361.0,12.022,0.071,8
startup,7529766,16.673,5,0,84426881.0,12.022,0.071,9
startup,7546428,16.662,5,0,84709617.0,12.022,0.071,8
startup,7563087,16.659,5,0,84932941.0,12.022,0.071,8
startup,7579876,16.789,5,0,85295313.0,12.022,0.071,8
startup,7596421,16.545,5,0,85533121.0,12.022,0.071,9
startup,7613092,16.671,5,0,85791325.0,12.022,0.071,8
startup,7629755,16.663,5,0,86077405.0,12.022,0.071,8
startup,7646436,16.681,5,0,86352613.0,12.022,0.071,7
startup,7663090,16.654,5,0,86726873.0,12.022,0.071,9
startup,7679755,16.665,5,0,87006037.0,12.022,0.071,7
startup,7696426,16.671,5,0,87216025.0,12.022,0.071,9
startup,7713085,16.659,5,0,87545481.0,12.022,0.071,7
startup,7729753,16.668,5,0,87770889.0,12.022,0.071,8
startup,7746421,16.668,5,0,88068789.0,12.022,0.071,7
startup,7763081,16.66,5,0,88419405.0,12.022,0.071,8
startup,7779751,16.67,5,0,88677797.0,12.022,0.071,8
startup,7796414,16.663,5,0,88230605.0,12.022,0.071,10
startup,7813085,16.671,5,0,88657402.0,12.022,0.071,8
startup,7829747,16.662,5,0,88713486.0,12.022,0.071,9
startup,7846419,16.672,5,0,88814034.0,12.022,0.071,8
startup,7863397,16.978,5,0,88930522.0,12.022,0.071,10
startup,7879751,16.354,5,0,88996846.0,12.022,0.071,8
startup,7896417,16.666,5,0,89113942.0,12.022,0.071,9
startup,7913074,16.657,5,0,89185154.0,12.022,0.071,8
startup,7929748,16.674,5,0,89238386.0,12.022,0.071,9
startup,7946416,16.668,5,0,89332118.0,12.022,0.071,9
startup,7963092,16.676,5,0,89423358.0,12.022,0.071,146
startup,7979743,16.651,5,0,89527798.0,12.022,0.071,8
startup,7996399,16.656,5,0,89668234.0,12.022,0.071,9
startup,8013074,16.675,5,0,89736970.0,12.022,0.071,8
startup,8029738,16.664,5,0,89794082.0,5.92,0.076,10
startup,8046411,16.673,5,0,89893826.0,5.92,0.076,8
startup,8063075,16.664,5,0,89947414.0,5.92,0.076,8
startup,8079743,16.668,5,0,90090010.0,5.92,0.076,9
startup,8096401,16.658,5,0,90184086.0,5.92,0.076,9
startup,8113070,16.669,5,0,90322822.0,5.92,0.076,8
startup,8129747,16.677,5,0,90387446.0,5.92,0.076,9
startup,8146404,16.657,5,0,90439970.0,5.92,0.076,9
startup,8163064,16.66,5,0,90537070.0,5.92,0.076,9
startup,8179735,16.671,5,0,90589358.0,5.92,0.076,9
startup,8196397,16.662,5,0,90690350.0,5.92,0.076,9
startup,8213063,16.666,5,0,90777382.0,5.92,0.076,8
startup,8229731,16.668,5,0,90874482.0,5.92,0.076,8
startup,8246401,16.67,5,0,90935930.0,5.92,0.076,8
startup,8263065,16.664,5,0,91028642.0,5.92,0.076,9
startup,8279733,16.668,5,0,91085058.0,5.92,0.076,8
startup,8296393,16.66,4,0,91184070.0,5.92,0.076,9
startup,8313064,16.671,4,0,91426198.0,5.92,0.076,7
startup,8329736,16.672,4,0,91710014.0,5.92,0.076,8
startup,8346399,16.663,4,0,91958774.0,5.92,0.076,8
startup,8363061,16.662,4,0,92214190.0,5.92,0.076,8
startup,8379721,16.66,4,0,92563418.0,5.92,0.076,8
startup,8396392,16.671,4,0,92801062.0,5.92,0.076,9
startup,8413150,16.758,4,0,93060846.0,5.92,0.076,8
startup,8429721,16.571,4,0,93356474.0,5.92,0.076,8
startup,8446399,16.678,4,0,93628722.0,5.92,0.076,8
startup,8463055,16.656,4,0,93926290.0,5.92,0.076,9
startup,8479725,16.67,4,0,94178014.0,5.92,0.076,8
startup,8496388,16.663,4,0,94507058.0,5.92,0.076,9
startup,8513059,16.671,4,0,94776482.0,5.92,0.076,8
startup,8529716,16.657,4,0,94976218.0,5.92,0.076,8
startup,8546385,16.669,4,0,94466414.0,5.92,0.076,8
startup,8563061,16.676,4,0,94549226.0,5.92,0.076,10
startup,8579720,16.659,4,0,94613094.0,5.92,0.076,13
startup,8596409,16.689,4,0,94716998.0,5.92,0.076,9
startup,8613055,16.646,4,0,94834294.0,5.92,0.076,8
startup,8629719,16.664,4,0,94890254.0,5.92,0.076,9
startup,8646382,16.663,4,0,94986606.0,5.92,0.076,8
startup,8663039,16.657,4,0,95054386.0,5.92,0.076,9
startup,8679795,16.756,4,0,95145730.0,5.92,0.076,18
startup,8696387,16.592,4,0,95210750.0,5.92,0.076,8
startup,8713048,16.661,4,0,95315490.0,5.92,0.076,9
startup,8729712,16.664,4,0,95416238.0,5.92,0.076,8
startup,8746379,16.667,4,0,95476634.0,5.92,0.076,9
startup,8763046,16.667,4,0,95528282.0,5.92,0.076,9
startup,8779710,16.664,4,0,95678186.0,5.92,0.076,8
startup,8796372,16.662,4,0,95750230.0,5.92,0.076,9
startup,8813044,16.672,4,0,95815086.0,5.92,0.076,8
startup,8829701,16.657,4,0,95928320.0,5.92,0.076,10
startup,8846370,16.669,4,0,95987838.0,5.92,0.076,10
startup,8863045,16.675,4,0,96039170.0,5.92,0.076,9
startup,8879705,16.66,4,0,96223026.0,5.92,0.076,8
startup,8896370,16.665,4,0,96321554.0,5.92,0.076,9
startup,8913042,16.672,4,0,96383938.0,5.92,0.076,9
startup,8929710,16.668,4,0,96443286.0,5.92,0.076,9
startup,8946372,16.662,4,0,96542226.0,5.92,0.076,9
startup,8963075,16.703,4,0,96605626.0,5.92,0.076,9
startup,8979701,16.626,4,0,96709226.0,5.92,0.076,8
startup,8996368,16.667,4,0,96823390.0,5.92,0.076,9
startup,9013034,16.666,4,0,96986850.0,5.92,0.076,9
startup,9029700,16.666,4,0,97098050.0,7.863,0.071,9
startup,9046369,16.669,4,0,97182762.0,7.863,0.071,9
startup,9063033,16.664,4,0,97323698.0,7.863,0.071,8
startup,9079701,16.668,4,0,97444226.0,7.863,0.071,8
startup,9096359,16.658,4,0,97553154.0,7.863,0.071,10
startup,9113035,16.676,4,0,97608622.0,7.863,0.071,9
startup,9129696,16.661,4,0,97708946.0,7.863,0.071,8
startup,9146361,16.665,3,0,97934682.0,7.863,0.071,9
startup,9163025,16.664,0,0,98250630.0,7.863,0.071,8
startup,9179690,16.665,4,0,98873956.0,7.863,0.071,3115
startup,9196369,16.679,2,0,99325820.0,7.863,0.071,81
startup,9213034,16.665,1,0,99843580.0,7.863,0.071,83
startup,9229706,16.672,0,0,100424306.0,7.863,0.071,2970
startup,9246740,17.034,3,0,100976470.0,7.863,0.071,3042
startup,9263028,16.288,3,0,101428894.0,7.863,0.071,175
startup,9279699,16.671,0,0,101783526.0,7.863,0.071,165
startup,9296361,16.662,0,0,102220208.0,7.863,0.071,4126
startup,9313013,16.652,3,0,102695728.0,7.863,0.071,3758
startup,9329689,16.676,2,0,103123176.0,7.863,0.071,255
startup,9346354,16.665,0,0,103612520.0,7.863,0.071,236
startup,9363022,16.668,0,0,104011298.0,7.863,0.071,3963
startup,9379687,16.665,2,0,104490998.0,7.863,0.071,4150
startup,9396362,16.675,0,0,104237046.0,7.863,0.071,325
startup,9413011,16.649,4,0,105243825.0,7.863,0.071,4956
startup,9429687,16.676,0,0,105651857.0,7.863,0.071,314
startup,9446348,16.661,4,0,106339847.0,7.863,0.071,4341
startup,9463019,16.671,3,0,106817423.0,7.863,0.071,1849
startup,9479690,16.671,0,0,107319691.0,7.863,0.071,309
startup,9496355,16.665,0,0,107633447.0,7.863,0.071,4013
startup,9513055,16.7,2,0,108134959.0,7.863,0.071,4275
startup,9529687,16.632,0,0,108403403.0,7.863,0.071,550
startup,9546342,16.655,2,0,109041385.0,7.863,0.071,3352
startup,9563032,16.69,0,0,109356209.0,7.863,0.071,175
startup,9579678,16.646,2,0,109966887.0,7.863,0.071,3657
startup,9596359,16.681,0,0,110209331.0,7.863,0.071,585
startup,9613010,16.651,1,0,110715042.0,7.863,0.071,2658
startup,9629697,16.687,0,0,110966983.0,7.863,0.071,99
startup,9646340,16.643,1,0,111468811.0,7.863,0.071,2990
startup,9663014,16.674,0,0,111680919.0,7.863,0.071,449
startup,9679661,16.647,4,0,112361995.0,7.863,0.071,2595
startup,9696345,16.684,4,0,112778847.0,7.863,0.071,194
startup,9713015,16.67,3,0,113208767.0,7.863,0.071,18
startup,9729686,16.671,0,0,113711803.0,7.863,0.071,205
startup,9746350,16.664,4,0,114449317.0,7.863,0.071,1345
startup,9763008,16.658,4,0,114988557.0,7.863,0.071,9
startup,9779680,16.672,3,0,115423749.0,7.863,0.071,8
startup,9796878,17.198,0,0,115671133.0,7.863,0.071,8
startup,9813013,16.135,2,0,116167435.0,7.863,0.071,1492
startup,9829681,16.668,2,0,116605871.0,7.863,0.071,9
startup,9846340,16.659,1,0,117248555.0,7.863,0.071,8
startup,9863006,16.666,1,0,117804011.0,7.863,0.071,1781
startup,9879668,16.662,3,0,118269535.0,7.863,0.071,9
startup,9896337,16.669,3,0,118902363.0,7.863,0.071,846
startup,9913005,16.668,3,0,119628919.0,7.863,0.071,8
startup,9929665,16.66,0,0,119853059.0,7.863,0.071,8
startup,9946328,16.663,4,0,120479403.0,7.863,0.071,1873
startup,9963000,16.672,3,0,120940407.0,7.863,0.071,8
startup,9979678,16.678,3,0,121404355.0,7.863,0.071,9
startup,9998331,18.653,0,0,121967495.0,7.863,0.071,9
startup,10012998,14.667,4,0,122584533.0,7.863,0.071,1367
startup,10029672,16.674,4,0,123011841.0,15.242,0.079,8
startup,10048196,18.524,3,0,123583713.0,15.242,0.079,7
startup,10063004,14.808,2,0,123796161.0,15.242,0.079,9
startup,10079695,16.691,1,0,124378365.0,15.242,0.079,8
startup,10098073,18.378,1,0,124910833.0,15.242,0.079,1975
startup,10113170,15.097,4,0,125458890.0,15.242,0.079,8
startup,10129657,16.487,4,0,125926909.0,15.242,0.079,1539
startup,10147956,18.299,4,0,126450377.0,15.242,0.079,8
startup,10162993,15.037,3,0,127011753.0,15.242,0.079,9
startup,10179669,16.676,4,0,127521517.0,15.242,0.079,8
startup,10197802,18.133,4,0,128419999.0,15.242,0.079,3648
startup,10213069,15.267,4,0,128740523.0,15.242,0.079,9
startup,10229655,16.586,3,0,129174703.0,15.242,0.079,9
startup,10248202,18.547,1,0,129619139.0,15.242,0.079,9
startup,10262994,14.792,1,0,130314701.0,15.242,0.079,1119
startup,10279651,16.657,3,0,130815817.0,15.242,0.079,8
startup,10298007,18.356,3,0,131462133.0,15.242,0.079,2374
startup,10312996,14.989,3,0,131907481.0,15.242,0.079,8
startup,10329645,16.649,0,0,132339993.0,15.242,0.079,10
startup,10347920,18.275,4,0,133062809.0,15.242,0.079,3275
startup,10362991,15.071,4,0,133509721.0,15.242,0.079,9
startup,10379656,16.665,4,0,133855637.0,15.242,0.079,9
startup,10398172,18.516,4,0,134210417.0,15.242,0.079,10
startup,10413166,14.994,4,0,134522205.0,15.242,0.079,8
startup,10429656,16.49,4,0,134880121.0,15.242,0.079,9
startup,10448079,18.423,4,0,135176653.0,15.242,0.079,8
startup,10462989,14.91,4,0,135449497.0,15.242,0.079,9
startup,10479646,16.657,4,0,135713673.0,15.242,0.079,8
startup,10497922,18.276,4,0,135986713.0,15.242,0.079,9
startup,10512984,15.062,4,0,136312973.0,15.242,0.079,7
startup,10529650,16.666,4,0,136542709.0,15.242,0.079,9
startup,10547838,18.188,4,0,136826821.0,15.242,0.079,8
startup,10562980,15.142,3,0,137133481.0,15.242,0.079,8
startup,10579644,16.664,4,0,137408749.0,15.242,0.079,8
startup,10598204,18.56,4,0,137776557.0,15.242,0.079,9
startup,10612978,14.774,4,0,138072069.0,15.242,0.079,7
startup,10629812,16.834,4,0,138309453.0,15.242,0.079,9
startup,10648116,18.304,4,0,138579361.0,15.242,0.079,8
startup,10662986,14.87,4,0,138840941.0,15.242,0.079,9
startup,10679641,16.655,4,0,139155605.0,15.242,0.079,8
startup,10696307,16.666,4,0,139455301.0,15.242,0.079,8
startup,10712974,16.667,4,0,139793245.0,15.242,0.079,8
startup,10729640,16.666,4,0,140059717.0,15.242,0.079,9
startup,10746302,16.662,4,0,140310505.0,15.242,0.079,8
startup,10762972,16.67,4,0,140556301.0,15.242,0.079,10
startup,10779636,16.664,4,0,140861189.0,15.242,0.079,8
startup,10796307,16.671,4,0,141041081.0,15.242,0.079,9
startup,10813007,16.7,4,0,141382641.0,15.242,0.079,8
startup,10829645,16.638,4,0,141660525.0,15.242,0.079,28
startup,10846304,16.659,4,0,141996873.0,15.242,0.079,8
startup,10862977,16.673,4,0,142274993.0,15.242,0.079,9
startup,10879643,16.666,4,0,142526773.0,15.242,0.079,8
startup,10896977,17.334,4,0,142778797.0,15.242,0.079,9
startup,10912968,15.991,4,0,143057313.0,15.242,0.079,8
startup,10929639,16.671,4,0,143285557.0,15.242,0.079,10
startup,10946290,16.651,4,0,143553117.0,15.242,0.079,8
startup,10962966,16.676,4,0,143833445.0,15.242,0.079,8
startup,10979638,16.672,4,0,144086165.0,15.242,0.079,8
startup,10996302,16.664,4,0,144250421.0,15.242,0.079,9
startup,11012964,16.662,4,0,144517297.0,15.242,0.079,8
startup,11029628,16.664,4,0,144784677.0,11.546,0.117,9
startup,11046291,16.663,4,0,145082825.0,11.546,0.117,8
startup,11062955,16.664,4,0,145316649.0,11.546,0.117,8
startup,11079639,16.684,4,0,145644213.0,11.546,0.117,8
startup,11096298,16.659,4,0,145901373.0,11.546,0.117,10
startup,11112952,16.654,4,0,146280549.0,11.546,0.117,7
startup,11129628,16.676,4,0,146538245.0,11.546,0.117,9
startup,11146288,16.66,4,0,146899725.0,11.546,0.117,8
startup,11162955,16.667,4,0,147141793.0,11.546,0.117,9
startup,11179665,16.71,4,0,147554549.0,11.546,0.117,8
startup,11196295,16.63,4,0,147795753.0,11.546,0.117,8
startup,11212948,16.653,4,0,148102277.0,11.546,0.117,8
startup,11229610,16.662,4,0,148394121.0,11.546,0.117,8
startup,11246284,16.674,4,0,148642565.0,11.546,0.117,8
startup,11262947,16.663,4,0,148995853.0,11.546,0.117,9
startup,11279619,16.672,4,0,149399913.0,11.546,0.117,8
startup,11296281,16.662,4,0,149631781.0,11.546,0.117,8
startup,11312956,16.675,4,0,149860269.0,11.546,0.117,7
startup,11329611,16.655,4,0,150197697.0,11.546,0.117,9
startup,11346283,16.672,4,0,150513965.0,11.546,0.117,8
startup,11362944,16.661,4,0,150799345.0,11.546,0.117,8
startup,11379616,16.672,4,0,151094525.0,11.546,0.117,7
startup,11396278,16.662,4,0,151369985.0,11.546,0.117,8
startup,11412959,16.681,4,0,151600529.0,11.546,0.117,7
startup,11429605,16.646,4,0,151979745.0,11.546,0.117,9
startup,11446276,16.671,4,0,152242677.0,11.546,0.117,7
startup,11462950,16.674,4,0,152578461.0,11.546,0.117,8
startup,11479612,16.662,4,0,153000481.0,11.546,0.117,7
startup,11496267,16.655,4,0,153283025.0,11.546,0.117,9
startup,11512948,16.681,1,0,153507141.0,11.546,0.117,8
startup,11529609,16.661,2,0,153797781.0,11.546,0.117,1711
startup,11546285,16.676,5,0,154011105.0,11.546,0.117,8
startup,11562939,16.654,5,0,154290105.0,11.546,0.117,9
startup,11579621,16.682,5,0,154589645.0,11.546,0.117,8
startup,11596275,16.654,5,0,154997241.0,11.546,0.117,9
startup,11612943,16.668,5,0,155310533.0,11.546,0.117,8
startup,11629596,16.653,5,0,155568209.0,11.546,0.117,9
startup,11646276,16.68,5,0,155830129.0,11.546,0.117,8
startup,11662926,16.65,5,0,155965353.0,11.546,0.117,9
startup,11679601,16.675,5,0,156369809.0,11.546,0.117,8
startup,11696269,16.668,5,0,156533177.0,11.546,0.117,8
startup,11712936,16.667,5,0,156788581.0,11.546,0.117,8
startup,11730144,17.208,5,0,156963021.0,11.546,0.117,8
startup,11746269,16.125,5,0,157123497.0,11.546,0.117,8
startup,11762931,16.662,5,0,157319737.0,11.546,0.117,8
startup,11779600,16.669,5,0,157480309.0,11.546,0.117,8
startup,11796253,16.653,5,0,157861601.0,11.546,0.117,8
startup,11812934,16.681,5,0,158295669.0,11.546,0.117,8
startup,11829599,16.665,5,0,158506297.0,11.546,0.117,9
startup,11846259,16.66,5,0,158850281.0,11.546,0.117,8
startup,11862925,16.666,5,0,159092045.0,11.546,0.117,8
startup,11879596,16.671,5,0,159337069.0,11.546,0.117,7
startup,11896247,16.651,5,0,159672369.0,11.546,0.117,9
startup,11914725,18.478,5,0,159851785.0,11.546,0.117,8
startup,11929597,14.872,5,0,159235377.0,11.546,0.117,9
startup,11946262,16.665,5,0,159236369.0,11.546,0.117,8
startup,11964590,18.328,5,0,159236649.0,11.546,0.117,10
startup,11979591,15.001,5,0,159237245.0,11.546,0.117,8
startup,11996261,16.67,5,0,159237833.0,11.546,0.117,8
startup,12014438,18.177,5,0,159478917.0,11.546,0.117,8
startup,12029581,15.143,5,0,159503025.0,7.478,0.085,8
startup,12046254,16.673,5,0,159565029.0,7.478,0.085,8
startup,12063711,17.457,5,0,159677189.0,7.478,0.085,9
startup,12079585,15.874,5,0,159761189.0,7.478,0.085,8
startup,12096251,16.666,5,0,159826525.0,7.478,0.085,8
startup,12114584,18.333,5,0,159971309.0,7.478,0.085,8
startup,12129587,15.003,5,0,159982337.0,7.478,0.085,8
startup,12146252,16.665,5,0,159982925.0,7.478,0.085,8
startup,12163625,17.373,5,0,159983513.0,7.478,0.085,10
startup,12179585,15.96,5,0,159984101.0,7.478,0.085,8
startup,12196247,16.662,5,0,159984689.0,7.478,0.085,10
startup,12214401,18.154,5,0,159985281.0,7.478,0.085,8
startup,12229576,15.175,5,0,160198761.0,7.478,0.085,8
startup,12246247,16.671,5,0,160201089.0,7.478,0.085,8
startup,12263636,17.389,5,0,160250517.0,7.478,0.085,9
startup,12279567,15.931,5,0,160377669.0,7.478,0.085,8
startup,12296250,16.683,5,0,160469681.0,7.478,0.085,10
startup,12314614,18.364,5,0,160558705.0,7.478,0.085,8
startup,12329579,14.965,5,0,160642357.0,7.478,0.085,8
startup,12346244,16.665,5,0,160734793.0,7.478,0.085,7
startup,12363703,17.459,5,0,160795033.0,7.478,0.085,8
startup,12379580,15.877,5,0,160795621.0,7.478,0.085,7
startup,12396236,16.656,5,0,160796209.0,7.478,0.085,8
startup,12414332,18.096,5,0,160639929.0,7.478,0.085,8
startup,12429569,15.237,5,0,160640597.0,7.478,0.085,9
startup,12446242,16.673,5,0,160828837.0,7.478,0.085,8
startup,12463719,17.477,5,0,160838149.0,7.478,0.085,8
startup,12479574,15.855,5,0,160869885.0,7.478,0.085,7
startup,12496228,16.654,5,0,161004833.0,7.478,0.085,9
startup,12514088,17.86,5,0,161076901.0,7.478,0.085,8
startup,12529568,15.48,5,0,161083225.0,7.478,0.085,8
startup,12546232,16.664,5,0,161220285.0,7.478,0.085,9
startup,12564134,17.902,5,0,161316053.0,7.478,0.085,9
startup,12579567,15.433,5,0,161396009.0,7.478,0.085,8
startup,12596235,16.668,5,0,161396597.0,7.478,0.085,9
startup,12613828,17.593,5,0,161397185.0,7.478,0.085,8
startup,12629558,15.73,5,0,161525549.0,7.478,0.085,9
startup,12646233,16.675,5,0,161591557.0,7.478,0.085,8
startup,12662909,16.676,5,0,161641677.0,7.478,0.085,8
startup,12679567,16.658,5,0,161730729.0,7.478,0.085,8
startup,12696228,16.661,5,0,161828493.0,7.478,0.085,8
startup,12712890,16.662,5,0,161952001.0,7.478,0.085,11
startup,12729548,16.658,5,0,162019377.0,7.478,0.085,8
startup,12746223,16.675,5,0,162079993.0,7.478,0.085,8
startup,12763452,17.229,5,0,162132989.0,7.478,0.085,9
startup,12779554,16.102,5,0,162256413.0,7.478,0.085,9
startup,12796209,16.655,5,0,162325661.0,7.478,0.085,10
startup,12813815,17.606,5,0,162391565.0,7.478,0.085,9
startup,12829553,15.738,5,0,162492013.0,7.478,0.085,8
startup,12846473,16.92,5,0,162551609.0,7.478,0.085,9
startup,12864056,17.583,5,0,162609489.0,7.478,0.085,9
startup,12879551,15.495,5,0,162717841.0,7.478,0.085,7
startup,12896219,16.668,5,0,162789869.0,7.478,0.085,9
startup,12914436,18.217,5,0,162918145.0,7.478,0.085,8
startup,12929541,15.105,5,0,162979045.0,7.478,0.085,8
startup,12946214,16.673,5,0,163038209.0,7.478,0.085,8
startup,12964319,18.105,5,0,163096501.0,7.478,0.085,8
startup,12979546,15.227,4,0,163250017.0,7.478,0.085,8
startup,12996214,16.668,4,0,163474417.0,7.478,0.085,10
startup,13014184,17.97,4,0,163856037.0,7.478,0.085,7
startup,13029544,15.36,4,0,164012617.0,6.968,0.204,7
startup,13046213,16.669,4,0,164282717.0,6.968,0.204,8
startup,13064043,17.83,4,0,164585601.0,6.968,0.204,9
startup,13079543,15.5,4,0,164817493.0,6.968,0.204,8
startup,13096203,16.66,4,0,165064693.0,6.968,0.204,8
startup,13113929,17.726,4,0,165356657.0,6.968,0.204,8
startup,13129542,15.613,4,0,165625365.0,6.968,0.204,8
startup,13146205,16.663,4,0,165813149.0,6.968,0.204,7
startup,13163704,17.499,4,0,166152305.0,6.968,0.204,9
startup,13179543,15.839,4,0,166404821.0,6.968,0.204,8
startup,13196213,16.67,4,0,166567309.0,6.968,0.204,9
startup,13214404,18.191,4,0,166895357.0,6.968,0.204,8
startup,13229547,15.143,4,0,167109037.0,6.968,0.204,7
startup,13246189,16.642,4,0,167318561.0,6.968,0.204,8
startup,13264292,18.103,4,0,166892965.0,6.968,0.204,9
startup,13279531,15.239,4,0,167190961.0,6.968,0.204,9
startup,13296198,16.667,4,0,167253789.0,6.968,0.204,8
startup,13314144,17.946,4,0,167387057.0,6.968,0.204,8
startup,13329539,15.395,4,0,167409001.0,6.968,0.204,8
startup,13346189,16.65,4,0,167468469.0,6.968,0.204,9
startup,13364520,18.331,4,0,167517641.0,6.968,0.204,10
startup,13379550,15.03,4,0,167613197.0,6.968,0.204,9
startup,13396422,16.872,4,0,167673017.0,6.968,0.204,8
startup,13414363,17.941,4,0,167768945.0,6.968,0.204,9
startup,13429527,15.164,4,0,167827525.0,6.968,0.204,8
startup,13446198,16.671,4,0,167885661.0,6.968,0.204,8
startup,13464239,18.041,4,0,167979956.0,6.968,0.204,8
startup,13479531,15.292,4,0,168038493.0,6.968,0.204,8
startup,13496192,16.661,4,0,168180333.0,6.968,0.204,9
startup,13514111,17.919,4,0,168190413.0,6.968,0.204,8
startup,13529526,15.415,4,0,168278661.0,6.968,0.204,8
startup,13546192,16.666,4,0,168345609.0,6.968,0.204,8
startup,13562857,16.665,4,0,168399481.0,6.968,0.204,9
startup,13579523,16.666,4,0,168500145.0,6.968,0.204,8
startup,13596191,16.668,4,0,168559721.0,6.968,0.204,9
startup,13613845,17.654,4,0,168655981.0,6.968,0.204,8
startup,13629518,15.673,4,0,168714913.0,6.968,0.204,8
startup,13646186,16.668,4,0,168830321.0,6.968,0.204,9
startup,13663699,17.513,4,0,168875073.0,6.968,0.204,9
startup,13679531,15.832,4,0,168934029.0,6.968,0.204,7
startup,13696181,16.65,4,0,169024149.0,6.968,0.204,8
startup,13713583,17.402,4,0,169084585.0,6.968,0.204,8
startup,13729514,15.931,2,0,169173585.0,6.968,0.204,8
startup,13746181,16.667,5,0,169610365.0,6.968,0.204,1228
startup,13762849,16.668,5,0,169828985.0,6.968,0.204,8
startup,13779518,16.669,5,0,170152705.0,6.968,0.204,8
startup,13796173,16.655,5,0,170346205.0,6.968,0.204,9
startup,13813548,17.375,5,0,170591045.0,6.968,0.204,8
startup,13829505,15.957,5,0,170888673.0,6.968,0.204,8
startup,13846178,16.673,5,0,171185845.0,6.968,0.204,8
startup,13863693,17.515,5,0,171380517.0,6.968,0.204,8
startup,13879516,15.823,5,0,171768369.0,6.968,0.204,7
startup,13896177,16.661,5,0,172037241.0,6.968,0.204,8
startup,13913792,17.615,5,0,172339465.0,6.968,0.204,8
startup,13929505,15.713,5,0,172663397.0,6.968,0.204,8
startup,13946416,16.911,5,0,172872513.0,6.968,0.204,7
startup,13963678,17.262,5,0,173154109.0,6.968,0.204,8
startup,13979512,15.834,5,0,172672065.0,6.968,0.204,8
startup,13996177,16.665,5,0,172787445.0,6.968,0.204,8
startup,14012829,16.652,5,0,172945525.0,6.968,0.204,8
startup,14029512,16.683,5,0,173006265.0,8.437,0.212,8
startup,14046174,16.662,5,0,173056405.0,8.437,0.212,8
startup,14062840,16.666,5,0,173223405.0,8.437,0.212,8
startup,14079505,16.665,5,0,173277213.0,8.437,0.212,9
startup,14096169,16.664,5,0,173368737.0,8.437,0.212,8
startup,14112839,16.67,5,0,173447985.0,8.437,0.212,8
startup,14129498,16.659,5,0,173545493.0,8.437,0.212,8
startup,14146174,16.676,5,0,173606169.0,8.437,0.212,9
startup,14162843,16.669,5,0,173691773.0,8.437,0.212,10
startup,14179501,16.658,5,0,173779893.0,8.437,0.212,9
startup,14196163,16.662,5,0,173886717.0,8.437,0.212,8
startup,14212832,16.669,5,0,173940361.0,8.437,0.212,8
startup,14230029,17.197,5,0,174002481.0,8.437,0.212,8
startup,14246163,16.134,5,0,174134861.0,8.437,0.212,8
startup,14262829,16.666,5,0,174109673.0,8.437,0.212,9
startup,14279499,16.67,5,0,174154205.0,8.437,0.212,9
startup,14296158,16.659,5,0,174204125.0,8.437,0.212,8
startup,14312831,16.673,5,0,174215153.0,8.437,0.212,9
startup,14329497,16.666,5,0,174268229.0,8.437,0.212,9
startup,14346164,16.667,5,0,174322105.0,8.437,0.212,8
startup,14362824,16.66,5,0,174452297.0,8.437,0.212,9
startup,14379493,16.669,5,0,174473405.0,8.437,0.212,8
startup,14396167,16.674,5,0,174528705.0,8.437,0.212,9
startup,14412829,16.662,5,0,174640121.0,8.437,0.212,10
startup,14429533,16.704,5,0,174687849.0,8.437,0.212,10
startup,14446153,16.62,5,0,174745517.0,8.437,0.212,10
startup,14462826,16.673,5,0,174803529.0,8.437,0.212,9
startup,14479490,16.664,5,0,174900209.0,8.437,0.212,9
startup,14496157,16.667,5,0,174959793.0,8.437,0.212,8
startup,14513045,16.888,5,0,175012549.0,8.437,0.212,9
startup,14529488,16.443,5,0,175120449.0,8.437,0.212,10
startup,14546144,16.656,5,0,175177057.0,8.437,0.212,9
startup,14562823,16.679,5,0,175183053.0,8.437,0.212,8
startup,14579483,16.66,5,0,175275201.0,8.437,0.212,8
startup,14596154,16.671,4,0,175343689.0,8.437,0.212,8
startup,14612814,16.66,4,0,175646777.0,8.437,0.212,8
startup,14629483,16.669,4,0,175763081.0,8.437,0.212,80
startup,14646154,16.671,4,0,176110441.0,8.437,0.212,10
startup,14662818,16.664,4,0,176418177.0,8.437,0.212,8
startup,14679486,16.668,4,0,176512349.0,8.437,0.212,8
startup,14696152,16.666,4,0,176816141.0,8.437,0.212,9
startup,14712810,16.658,4,0,177147617.0,8.437,0.212,9
startup,14729483,16.673,4,0,177271029.0,8.437,0.212,9
startup,14746148,16.665,4,0,177504893.0,8.437,0.212,9
startup,14762809,16.661,4,0,177791553.0,8.437,0.212,9
startup,14779530,16.721,4,0,177875189.0,8.437,0.212,8
startup,14796141,16.611,4,0,178224909.0,8.437,0.212,9
startup,14812811,16.67,4,0,178500121.0,8.437,0.212,8
startup,14829478,16.667,5,0,178904277.0,8.437,0.212,968
startup,14846136,16.658,4,0,179193893.0,8.437,0.212,8
startup,14862810,16.674,4,0,179442605.0,8.437,0.212,10
startup,14879471,16.661,4,0,179572809.0,8.437,0.212,8
startup,14896146,16.675,4,0,179863481.0,8.437,0.212,8
startup,14912803,16.657,4,0,179452745.0,8.437,0.212,9
startup,14929467,16.664,4,0,179538205.0,8.437,0.212,9
startup,14946142,16.675,4,0,179769901.0,8.437,0.212,8
startup,14962806,16.664,4,0,180108285.0,8.437,0.212,8
startup,14979468,16.662,4,0,180231441.0,8.437,0.212,8
startup,14996133,16.665,4,0,180465609.0,8.437,0.212,10
startup,15012797,16.664,4,0,180557285.0,8.437,0.212,8
startup,15029480,16.683,4,0,180659849.0,10.859,0.108,11
startup,15046134,16.654,2,0,180884937.0,10.859,0.108,9
startup,15062819,16.685,3,0,181189571.0,10.859,0.108,605
startup,15079460,16.641,4,0,181342231.0,10.859,0.108,8
startup,15096135,16.675,3,0,181576355.0,10.859,0.108,9
startup,15112790,16.655,4,0,181943851.0,10.859,0.108,8
startup,15129463,16.673,1,0,182053843.0,10.859,0.108,8
startup,15146129,16.666,5,0,182213181.0,10.859,0.108,788
startup,15162792,16.663,6,0,182414757.0,10.859,0.108,8
startup,15179453,16.661,5,0,182637869.0,10.859,0.108,9
startup,15196124,16.671,5,0,182743109.0,10.859,0.108,9
startup,15212798,16.674,5,0,182812793.0,10.859,0.108,8
startup,15229460,16.662,5,0,182882421.0,10.859,0.108,9
startup,15246128,16.668,5,0,182961837.0,10.859,0.108,8
startup,15262790,16.662,5,0,183077173.0,10.859,0.108,8
startup,15279456,16.666,5,0,183173201.0,10.859,0.108,12
startup,15296122,16.666,5,0,183293657.0,10.859,0.108,8
startup,15312793,16.671,5,0,183411021.0,10.859,0.108,7
startup,15329509,16.716,5,0,183520305.0,10.859,0.108,8
startup,15346125,16.616,5,0,183662389.0,10.859,0.108,8
startup,15362791,16.666,5,0,183799077.0,10.859,0.108,8
startup,15379460,16.669,5,0,183862737.0,10.859,0.108,8
startup,15396108,16.648,5,0,183973461.0,10.859,0.108,8
startup,15412789,16.681,4,0,184077245.0,10.859,0.108,8
startup,15429448,16.659,4,0,184266781.0,10.859,0.108,10
startup,15446119,16.671,3,0,184501537.0,10.859,0.108,7
startup,15462780,16.661,3,0,184843237.0,10.859,0.108,9
startup,15479492,16.712,4,0,185029953.0,10.859,0.108,8
startup,15496116,16.624,3,0,185275273.0,10.859,0.108,8
startup,15512780,16.664,4,0,185424729.0,10.859,0.108,7
startup,15529453,16.673,4,0,185547505.0,10.859,0.108,9
startup,15546106,16.653,1,0,185994281.0,10.859,0.108,8
startup,15562779,16.673,2,0,186221329.0,10.859,0.108,1468
startup,15579446,16.667,5,0,186435489.0,10.859,0.108,7
startup,15596108,16.662,4,0,186459817.0,10.859,0.108,8
startup,15613216,17.108,4,0,186695877.0,10.859,0.108,8
startup,15629445,16.229,4,0,186748785.0,10.859,0.108,10
startup,15646097,16.652,4,0,186849041.0,10.859,0.108,9
startup,15662768,16.671,4,0,186906325.0,10.859,0.108,8
startup,15679430,16.662,4,0,186998689.0,10.859,0.108,8
startup,15696103,16.673,4,0,187097317.0,10.859,0.108,8
startup,15712783,16.68,4,0,187194861.0,10.859,0.108,9
startup,15729430,16.647,4,0,187255441.0,10.859,0.108,8
startup,15746108,16.678,4,0,187309673.0,10.859,0.108,9
startup,15762760,16.652,4,0,187403769.0,10.859,0.108,10
startup,15779433,16.673,4,0,187500301.0,10.859,0.108,8
startup,15796092,16.659,4,0,187591957.0,10.859,0.108,8
startup,15812766,16.674,4,0,187653121.0,10.859,0.108,8
startup,15829444,16.678,4,0,187707349.0,10.859,0.108,9
startup,15846097,16.653,4,0,187814321.0,10.859,0.108,8
startup,15862767,16.67,4,0,187869009.0,10.859,0.108,8
startup,15879433,16.666,4,0,187997437.0,10.859,0.108,8
startup,15896099,16.666,4,0,188070653.0,10.859,0.108,9
startup,15912756,16.657,4,0,188156529.0,10.859,0.108,8
startup,15929421,16.665,4,0,188275897.0,10.859,0.108,8
startup,15946091,16.67,4,0,188332325.0,10.859,0.108,8
startup,15962762,16.671,4,0,188386397.0,10.859,0.108,8
startup,15979428,16.666,4,0,188485181.0,10.859,0.108,8
startup,15996098,16.67,4,0,188603141.0,10.859,0.108,8
startup,16012765,16.667,4,0,188723421.0,10.859,0.108,9
startup,16029428,16.663,4,0,188903753.0,9.709,0.109,9
startup,16046094,16.666,4,0,189041749.0,9.709,0.109,8
startup,16062760,16.666,4,0,189102553.0,9.709,0.109,9
startup,16079429,16.669,4,0,189159769.0,9.709,0.109,8
startup,16096098,16.669,4,0,189244461.0,9.709,0.109,8
startup,16112758,16.66,4,0,189346889.0,9.709,0.109,9
startup,16129424,16.666,4,0,189417181.0,9.709,0.109,8
startup,16146089,16.665,4,0,189470273.0,9.709,0.109,8
startup,16163090,17.001,4,0,189731445.0,9.709,0.109,8
startup,16179417,16.327,4,0,189716073.0,9.709,0.109,8
startup,16196079,16.662,4,0,189769685.0,9.709,0.109,19
startup,16212751,16.672,4,0,189773757.0,9.709,0.109,8
startup,16229421,16.67,4,0,189774341.0,9.709,0.109,8
startup,16246086,16.665,4,0,189774929.0,9.709,0.109,8
startup,16262741,16.655,4,0,189876557.0,9.709,0.109,8
startup,16279411,16.67,4,0,189983421.0,9.709,0.109,8
startup,16296071,16.66,4,0,190053965.0,9.709,0.109,9
startup,16312749,16.678,4,0,190092345.0,9.709,0.109,7
startup,16329411,16.662,4,0,190092933.0,9.709,0.109,9
startup,16346077,16.666,4,0,190093521.0,9.709,0.109,8
startup,16362751,16.674,4,0,190094109.0,9.709,0.109,8
startup,16379408,16.657,4,0,190313337.0,9.709,0.109,8
startup,16396079,16.671,4,0,190313925.0,9.709,0.109,8
startup,16412749,16.67,4,0,190314509.0,9.709,0.109,8
startup,16429411,16.662,4,0,190315097.0,9.709,0.109,8
startup,16446415,17.004,4,0,190315685.0,9.709,0.109,8
startup,16462735,16.32,4,0,190518813.0,9.709,0.109,8
startup,16479415,16.68,4,0,190576629.0,9.709,0.109,8
startup,16496075,16.66,4,0,190577213.0,9.709,0.109,8
startup,16512743,16.668,4,0,190577801.0,9.709,0.109,8
startup,16529405,16.662,4,0,190578389.0,9.709,0.109,8
startup,16546068,16.663,4,0,190735509.0,9.709,0.109,8
startup,16562737,16.669,4,0,190841653.0,9.709,0.109,9
startup,16579406,16.669,4,0,190842241.0,9.709,0.109,7
startup,16596075,16.669,4,0,190842829.0,9.709,0.109,8
startup,16612730,16.655,4,0,190948741.0,9.709,0.109,8
startup,16629405,16.675,4,0,191030921.0,9.709,0.109,8
startup,16646075,16.67,4,0,191033765.0,9.709,0.109,9
startup,16662738,16.663,4,0,191034353.0,9.709,0.109,8
startup,16679413,16.675,4,0,190876825.0,9.709,0.109,8
startup,16696071,16.658,4,0,190877493.0,9.709,0.109,9
startup,16712737,16.666,4,0,190878081.0,9.709,0.109,8
startup,16729406,16.669,4,0,190878693.0,9.709,0.109,8
startup,16746072,16.666,4,0,190879329.0,9.709,0.109,8
startup,16762737,16.665,4,0,191049361.0,9.709,0.109,9
startup,16779400,16.663,4,0,191050021.0,9.709,0.109,9
startup,16796065,16.665,4,0,191050609.0,9.709,0.109,8
startup,16812741,16.676,4,0,191193401.0,9.709,0.109,11
startup,16829403,16.662,4,0,191242937.0,9.709,0.109,11
startup,16846068,16.665,4,0,191243529.0,9.709,0.109,8
startup,16862731,16.663,4,0,191244117.0,9.709,0.109,8
startup,16879398,16.667,4,0,191244705.0,9.709,0.109,8
startup,16896059,16.661,4,0,191245437.0,9.709,0.109,8
startup,16912730,16.671,4,0,191246025.0,9.709,0.109,8
startup,16929391,16.661,4,0,191399529.0,9.709,0.109,8
startup,16946055,16.664,4,0,191400117.0,9.709,0.109,8
startup,16962727,16.672,4,0,191400705.0,9.709,0.109,8
startup,16979392,16.665,4,0,191401293.0,9.709,0.109,9
startup,16996072,16.68,4,0,191546145.0,9.709,0.109,9
startup,17012718,16.646,4,0,191609301.0,9.709,0.109,8
startup,17029383,16.665,4,0,191609889.0,4.019,0.079,9
startup,17046049,16.666,4,0,191704349.0,4.019,0.079,8
startup,17062718,16.669,4,0,191708417.0,4.019,0.079,8
startup,17079399,16.681,4,0,191709005.0,4.019,0.079,9
startup,17096054,16.655,4,0,191709593.0,4.019,0.079,11
startup,17112717,16.663,4,0,191710185.0,4.019,0.079,8
startup,17129384,16.667,4,0,191710773.0,4.019,0.079,8
startup,17146048,16.664,4,0,191945057.0,4.019,0.079,8
startup,17162717,16.669,4,0,191963513.0,4.019,0.079,9
startup,17179387,16.67,4,0,192037089.0,4.019,0.079,8
startup,17196053,16.666,4,0,192091321.0,4.019,0.079,8
startup,17212712,16.659,4,0,192166093.0,4.019,0.079,9
startup,17229382,16.67,4,0,192217925.0,4.019,0.079,8
startup,17246043,16.661,4,0,192218513.0,4.019,0.079,8
startup,17262712,16.669,4,0,192219101.0,4.019,0.079,9
startup,17279383,16.671,4,0,192219689.0,4.019,0.079,8
startup,17296049,16.666,4,0,192330097.0,4.019,0.079,8
startup,17312723,16.674,4,0,192330685.0,4.019,0.079,9
startup,17329376,16.653,4,0,192331273.0,4.019,0.079,9
startup,17346038,16.662,4,0,192474521.0,4.019,0.079,8
startup,17362710,16.672,4,0,192475109.0,4.019,0.079,23
startup,17379370,16.66,4,0,192476201.0,4.019,0.079,9
startup,17396041,16.671,4,0,192476789.0,4.019,0.079,8
startup,17412709,16.668,4,0,192477377.0,4.019,0.079,8
startup,17429378,16.669,4,0,192477965.0,4.019,0.079,8
startup,17446042,16.664,4,0,192622901.0,4.019,0.079,8
startup,17462706,16.664,4,0,192623489.0,4.019,0.079,9
startup,17479369,16.663,4,0,192624077.0,4.019,0.079,8
startup,17496038,16.669,4,0,192624665.0,4.019,0.079,8
startup,17512702,16.664,4,0,192814137.0,4.019,0.079,8
startup,17529359,16.657,2,0,192898229.0,4.019,0.079,8
startup,17546027,16.668,5,0,193212995.0,4.019,0.079,477
startup,17562701,16.674,5,0,193514919.0,4.019,0.079,9
startup,17579360,16.659,5,0,193847287.0,4.019,0.079,8
startup,17596023,16.663,5,0,194101895.0,4.019,0.079,8
startup,17612687,16.664,5,0,194412407.0,4.019,0.079,8
startup,17629365,16.678,5,0,194717866.0,4.019,0.079,8
startup,17646028,16.663,5,0,194941123.0,4.019,0.079,8
startup,17662687,16.659,5,0,195243143.0,4.019,0.079,8
startup,17679358,16.671,5,0,195559851.0,4.019,0.079,17
startup,17696027,16.669,5,0,195774163.0,4.019,0.079,8
startup,17712690,16.663,5,0,197203907.0,4.019,0.079,7
startup,17729349,16.659,5,0,197436387.0,4.019,0.079,8
startup,17746031,16.682,5,0,197614671.0,4.019,0.079,8
startup,17762694,16.663,5,0,197842183.0,4.019,0.079,9
startup,17779352,16.658,5,0,198208799.0,4.019,0.079,8
startup,17796010,16.658,5,0,197728551.0,4.019,0.079,9
startup,17812679,16.669,5,0,197951919.0,4.019,0.079,8
startup,17829408,16.729,5,0,198011719.0,4.019,0.079,8
startup,17846015,16.607,5,0,198113755.0,4.019,0.079,8
startup,17862681,16.666,5,0,198192463.0,4.019,0.079,10
startup,17879351,16.67,5,0,198261611.0,4.019,0.079,8
startup,17896020,16.669,5,0,198350331.0,4.019,0.079,10
startup,17912683,16.663,5,0,198488983.0,4.019,0.079,7
startup,17929348,16.665,5,0,198549219.0,4.019,0.079,8
startup,17946009,16.661,5,0,198606531.0,4.019,0.079,8
startup,17962684,16.675,5,0,198656399.0,4.019,0.079,8
startup,17979344,16.66,5,0,198781839.0,4.019,0.079,8
startup,17996011,16.667,5,0,198871015.0,4.019,0.079,8
startup,18012674,16.663,5,0,198947299.0,4.019,0.079,7
startup,18029335,16.661,5,0,199038367.0,7.027,0.081,8
startup,18046008,16.673,5,0,199107835.0,7.027,0.081,8
startup,18062684,16.676,5,0,199157747.0,7.027,0.081,8
startup,18079345,16.661,5,0,199264435.0,7.027,0.081,8
startup,18096006,16.661,5,0,199346043.0,7.027,0.081,8
startup,18113090,17.084,5,0,199438667.0,7.027,0.081,8
startup,18129339,16.249,5,0,199512291.0,7.027,0.081,8
startup,18145999,16.66,5,0,199606251.0,7.027,0.081,9
startup,18162666,16.667,5,0,199673691.0,7.027,0.081,9
startup,18179336,16.67,5,0,199728975.0,7.027,0.081,9
startup,18196007,16.671,5,0,199855039.0,7.027,0.081,8
startup,18212668,16.661,5,0,199927967.0,7.027,0.081,8
startup,18229331,16.663,5,0,200016643.0,7.027,0.081,12
startup,18246005,16.674,5,0,200086243.0,7.027,0.081,9
startup,18262665,16.66,5,0,200193807.0,7.027,0.081,9
startup,18279337,16.672,5,0,200252771.0,7.027,0.081,10
startup,18295999,16.662,5,0,200364427.0,7.027,0.081,8
startup,18312664,16.665,5,0,200429259.0,7.027,0.081,10
startup,18329334,16.67,5,0,200525235.0,7.027,0.081,8
startup,18345999,16.665,5,0,200593495.0,7.027,0.081,9
startup,18362668,16.669,5,0,200683431.0,7.027,0.081,8
startup,18379409,16.741,5,0,200749875.0,7.027,0.081,9
startup,18395993,16.584,5,0,200956023.0,7.027,0.081,9
startup,18412656,16.663,4,0,200956931.0,7.027,0.081,8
startup,18429324,16.668,4,0,201216243.0,7.027,0.081,8
startup,18445993,16.669,4,0,201515931.0,7.027,0.081,8
startup,18462667,16.674,4,0,201720323.0,7.027,0.081,9
startup,18479322,16.655,4,0,201996867.0,7.027,0.081,8
startup,18495987,16.665,4,0,202283227.0,7.027,0.081,8
startup,18512664,16.677,4,0,202499087.0,7.027,0.081,8
startup,18529327,16.663,4,0,202754743.0,7.027,0.081,9
startup,18545995,16.668,4,0,203053219.0,7.027,0.081,7
startup,18562660,16.665,4,0,203338719.0,7.027,0.081,8
startup,18579318,16.658,4,0,203548995.0,7.027,0.081,8
startup,18595994,16.676,4,0,203819147.0,7.027,0.081,8
startup,18612652,16.658,4,0,204114355.0,7.027,0.081,8
startup,18629310,16.658,4,0,204403123.0,7.027,0.081,8
startup,18645980,16.67,4,0,204735715.0,7.027,0.081,8
startup,18662689,16.709,4,0,204283291.0,7.027,0.081,9
startup,18679325,16.636,4,0,204417547.0,7.027,0.081,8
startup,18695983,16.658,4,0,204519983.0,7.027,0.081,10
startup,18712658,16.675,4,0,204575527.0,7.027,0.081,8
startup,18729308,16.65,4,0,204680787.0,7.027,0.081,8
startup,18745982,16.674,4,0,204738467.0,7.027,0.081,8
startup,18762666,16.684,4,0,204833063.0,7.027,0.081,8
startup,18779309,16.643,4,0,204890851.0,7.027,0.081,15
startup,18795974,16.665,4,0,205030541.0,7.027,0.081,8
startup,18812644,16.67,4,0,205054883.0,7.027,0.081,8
startup,18829314,16.67,4,0,205113627.0,7.027,0.081,8
startup,18845975,16.661,4,0,205211023.0,7.027,0.081,8
startup,18862637,16.662,4,0,205268467.0,7.027,0.081,9
startup,18879306,16.669,4,0,205368663.0,7.027,0.081,8
startup,18895978,16.672,4,0,205431711.0,7.027,0.081,8
startup,18912641,16.663,4,0,205489239.0,7.027,0.081,8
startup,18929301,16.66,4,0,205585967.0,7.027,0.081,8
startup,18946414,17.113,4,0,205643707.0,7.027,0.081,8
startup,18962638,16.224,4,0,205699535.0,7.027,0.081,9
startup,18979304,16.666,4,0,205805931.0,7.027,0.081,8
startup,18995967,16.663,4,0,205866287.0,7.027,0.081,9
startup,19012624,16.657,4,0,205961515.0,7.027,0.081,8
startup,19029303,16.679,4,0,206025239.0,6.307,0.073,8
startup,19045970,16.667,4,0,206134839.0,6.307,0.073,15
startup,19062633,16.663,4,0,206252659.0,6.307,0.073,8
startup,19079302,16.669,4,0,206309695.0,6.307,0.073,9
startup,19095965,16.663,4,0,206403547.0,6.307,0.073,8
startup,19112630,16.665,4,0,206471007.0,6.307,0.073,8
startup,19129298,16.668,4,0,206569975.0,6.307,0.073,8
startup,19145962,16.664,4,0,206673339.0,6.307,0.073,9
startup,19162628,16.666,2,0,206767459.0,6.307,0.073,9
startup,19179291,16.663,5,0,207218507.0,6.307,0.073,1521
startup,19195954,16.663,5,0,207537331.0,6.307,0.073,8
startup,19212674,16.72,5,0,207770615.0,6.307,0.073,8
startup,19229294,16.62,5,0,208099047.0,6.307,0.073,9
startup,19245956,16.662,5,0,208317751.0,6.307,0.073,9
startup,19262617,16.661,5,0,208682407.0,6.307,0.073,9
startup,19279293,16.676,5,0,208930811.0,6.307,0.073,9
startup,19295960,16.667,5,0,209217103.0,6.307,0.073,9
startup,19312633,16.673,5,0,209690615.0,6.307,0.073,8
startup,19329291,16.658,5,0,209940367.0,6.307,0.073,8
startup,19345958,16.667,5,0,210154103.0,6.307,0.073,8
startup,19362626,16.668,5,0,210466359.0,6.307,0.073,9
startup,19379284,16.658,5,0,210728175.0,6.307,0.073,7
startup,19395960,16.676,5,0,210291543.0,6.307,0.073,9
startup,19412626,16.666,5,0,210385303.0,6.307,0.073,8
startup,19429292,16.666,5,0,210447783.0,6.307,0.073,8
startup,19445961,16.669,5,0,210505755.0,6.307,0.073,9
startup,19462625,16.664,5,0,210619847.0,6.307,0.073,9
startup,19479287,16.662,5,0,210705879.0,6.307,0.073,8
startup,19496424,17.137,5,0,210817031.0,6.307,0.073,9
startup,19512625,16.201,5,0,210913355.0,6.307,0.073,9
startup,19529284,16.659,5,0,210976551.0,6.307,0.073,8
startup,19545957,16.673,5,0,211028211.0,6.307,0.073,8
startup,19562618,16.661,5,0,211162587.0,6.307,0.073,8
startup,19579283,16.665,5,0,211258923.0,6.307,0.073,8
startup,19595944,16.661,5,0,211350663.0,6.307,0.073,8
startup,19612615,16.671,5,0,211412343.0,6.307,0.073,9
startup,19629288,16.673,5,0,211469599.0,6.307,0.073,8
startup,19645945,16.657,5,0,211574347.0,6.307,0.073,8
startup,19662619,16.674,5,0,211661043.0,6.307,0.073,8
startup,19679280,16.661,5,0,211825255.0,6.307,0.073,8
startup,19695947,16.667,5,0,211885111.0,6.307,0.073,8
startup,19712612,16.665,5,0,211939395.0,6.307,0.073,8
startup,19729273,16.661,5,0,212039419.0,6.307,0.073,8
startup,19745939,16.666,5,0,212095239.0,6.307,0.073,9
startup,19762612,16.673,5,0,212205951.0,6.307,0.073,10
startup,19779280,16.668,5,0,212363359.0,6.307,0.073,8
startup,19795928,16.648,5,0,212424571.0,6.307,0.073,8
startup,19812602,16.674,5,0,212476871.0,6.307,0.073,8
startup,19829271,16.669,5,0,212583043.0,6.307,0.073,8
startup,19845938,16.667,5,0,212638663.0,6.307,0.073,8
startup,19862599,16.661,5,0,212749927.0,6.307,0.073,8
startup,19879264,16.665,5,0,212816743.0,6.307,0.073,8
startup,19896497,17.233,5,0,212919267.0,6.307,0.073,8
startup,19912593,16.096,5,0,212981335.0,6.307,0.073,8
startup,19929260,16.667,5,0,213040459.0,6.307,0.073,8
startup,19945932,16.672,4,0,213094599.0,6.307,0.073,9
startup,19962594,16.662,4,0,213439771.0,6.307,0.073,9
startup,19979263,16.669,4,0,213723511.0,6.307,0.073,8
startup,19995935,16.672,4,0,213985519.0,6.307,0.073,8
startup,20012610,16.675,2,0,214362823.0,6.307,0.073,8
startup,20029272,16.662,3,0,214894841.0,8.102,0.074,690
startup,20046103,16.831,4,0,215227213.0,8.102,0.074,8
startup,20062602,16.499,3,0,215528225.0,8.102,0.074,18
startup,20079271,16.669,4,0,215761557.0,8.102,0.074,8
startup,20095937,16.666,4,0,216068293.0,8.102,0.074,9
startup,20112593,16.656,4,0,216348213.0,8.102,0.074,7
startup,20129262,16.669,4,0,216550701.0,8.102,0.074,9
startup,20145915,16.653,4,0,216900457.0,8.102,0.074,8
startup,20162591,16.676,4,0,217137141.0,8.102,0.074,9
startup,20179254,16.663,4,0,217192193.0,8.102,0.074,8
startup,20195924,16.67,4,0,217369541.0,8.102,0.074,9
startup,20212589,16.665,4,0,217582309.0,8.102,0.074,8
startup,20229252,16.663,4,0,217644993.0,8.102,0.074,9
startup,20245918,16.666,1,0,217766817.0,8.102,0.074,8
startup,20262582,16.664,2,0,218158709.0,8.102,0.074,1424
startup,20279252,16.67,5,0,218459937.0,8.102,0.074,8
startup,20295914,16.662,4,0,218671369.0,8.102,0.074,8
startup,20312588,16.674,4,0,218771533.0,8.102,0.074,8
startup,20329366,16.778,4,0,218925225.0,8.102,0.074,8
startup,20345917,16.551,4,0,218989869.0,8.102,0.074,7
startup,20362581,16.664,4,0,219101449.0,8.102,0.074,8
startup,20379243,16.662,4,0,219222121.0,8.102,0.074,8
startup,20395911,16.668,4,0,219287109.0,8.102,0.074,8
startup,20412582,16.671,4,0,219386717.0,8.102,0.074,8
startup,20429242,16.66,4,0,219497477.0,8.102,0.074,8
startup,20445907,16.665,4,0,219588209.0,8.102,0.074,8
startup,20462574,16.667,4,0,219698205.0,8.102,0.074,8
startup,20479244,16.67,3,0,219777509.0,8.102,0.074,7
startup,20495905,16.661,4,0,220101891.0,8.102,0.074,249
startup,20512576,16.671,3,0,220407811.0,8.102,0.074,9
startup,20529240,16.664,3,0,220800287.0,8.102,0.074,8
startup,20545909,16.669,4,0,220873259.0,8.102,0.074,8
startup,20562573,16.664,2,0,221016271.0,8.102,0.074,9
startup,20579237,16.664,5,0,221358447.0,8.102,0.074,223
startup,20595907,16.67,5,0,221454519.0,8.102,0.074,8
startup,20613038,17.131,3,0,221609255.0,8.102,0.074,8
startup,20629243,16.205,4,0,221952393.0,8.102,0.074,464
startup,20645898,16.655,4,0,222069173.0,8.102,0.074,8
startup,20662574,16.676,3,0,222144737.0,8.102,0.074,9
startup,20679236,16.662,4,0,222463057.0,8.102,0.074,8
startup,20695906,16.67,4,0,222541285.0,8.102,0.074,8
startup,20712573,16.667,4,0,222610829.0,8.102,0.074,8
startup,20729241,16.668,4,0,222757309.0,8.102,0.074,9
startup,20745897,16.656,4,0,222878037.0,8.102,0.074,8
startup,20762563,16.666,4,0,222971497.0,8.102,0.074,8
startup,20779236,16.673,4,0,223043165.0,8.102,0.074,9
startup,20795922,16.686,4,0,223180001.0,8.102,0.074,8
startup,20812569,16.647,4,0,223259489.0,8.102,0.074,8
startup,20829244,16.675,4,0,223335301.0,8.102,0.074,11
startup,20845895,16.651,4,0,223492805.0,8.102,0.074,8
startup,20862562,16.667,3,0,223588697.0,8.102,0.074,9
startup,20879741,17.179,4,0,223843697.0,8.102,0.074,7
startup,20895902,16.161,4,0,224145569.0,8.102,0.074,9
startup,20912554,16.652,1,0,224392253.0,8.102,0.074,9
startup,20929220,16.666,2,0,224721849.0,8.102,0.074,1597
startup,20945901,16.681,5,0,224961721.0,8.102,0.074,8
startup,20962554,16.653,5,0,225100229.0,8.102,0.074,9
startup,20979224,16.67,4,0,225180173.0,8.102,0.074,8
startup,20995893,16.669,4,0,225538549.0,8.102,0.074,9
startup,21012553,16.66,2,0,225579773.0,8.102,0.074,9
startup,21029223,16.67,3,0,225850773.0,10.306,0.075,1354
startup,21045888,16.665,4,0,226001465.0,10.306,0.075,8
startup,21062557,16.669,4,0,226069873.0,10.306,0.075,8
startup,21079220,16.663,4,0,226214593.0,10.306,0.075,9
startup,21095883,16.663,4,0,226313477.0,10.306,0.075,9
startup,21112552,16.669,4,0,226475997.0,10.306,0.075,8
startup,21129218,16.666,4,0,226498929.0,10.306,0.075,9
startup,21145880,16.662,4,0,226603493.0,10.306,0.075,8
startup,21162678,16.798,4,0,226668753.0,10.306,0.075,8
startup,21179218,16.54,4,0,226771161.0,10.306,0.075,8
startup,21195882,16.664,3,0,226832717.0,10.306,0.075,9
startup,21212542,16.66,4,0,227157201.0,10.306,0.075,8
startup,21229210,16.668,4,0,227487101.0,10.306,0.075,9
startup,21245873,16.663,1,0,227814405.0,10.306,0.075,7
startup,21262541,16.668,2,0,227940199.0,10.306,0.075,835
startup,21279206,16.665,5,0,228194455.0,10.306,0.075,7
startup,21295879,16.673,4,0,228255647.0,10.306,0.075,8
startup,21312545,16.666,4,0,228448999.0,10.306,0.075,9
startup,21329207,16.662,4,0,228550919.0,10.306,0.075,8
startup,21345874,16.667,4,0,228620131.0,10.306,0.075,7
startup,21362544,16.67,4,0,228709775.0,10.306,0.075,10
startup,21379215,16.671,4,0,228765987.0,10.306,0.075,9
startup,21395868,16.653,4,0,228867695.0,10.306,0.075,8
startup,21412539,16.671,4,0,228970463.0,10.306,0.075,8
startup,21429347,16.808,4,0,229060471.0,10.306,0.075,8
startup,21445865,16.518,4,0,229129867.0,10.306,0.075,8
startup,21462558,16.693,4,0,229219131.0,10.306,0.075,8
startup,21479207,16.649,4,0,229317043.0,10.306,0.075,12
startup,21495868,16.661,4,0,229374919.0,10.306,0.075,8
startup,21512534,16.666,4,0,229485387.0,10.306,0.075,8
startup,21529199,16.665,4,0,229575803.0,10.306,0.075,9
startup,21545869,16.67,4,0,229649663.0,10.306,0.075,8
startup,21562535,16.666,4,0,229750995.0,10.306,0.075,9
startup,21579200,16.665,4,0,229812139.0,10.306,0.075,8
startup,21595861,16.661,4,0,229914135.0,10.306,0.075,8
startup,21612532,16.671,4,0,230022959.0,10.306,0.075,8
startup,21629198,16.666,4,0,230147871.0,10.306,0.075,9
startup,21645862,16.664,4,0,230218071.0,10.306,0.075,8
startup,21662572,16.71,4,0,230283179.0,10.306,0.075,7
startup,21679204,16.632,4,0,230381359.0,10.306,0.075,8
startup,21695868,16.664,4,0,230488371.0,10.306,0.075,8
startup,21713017,17.149,4,0,230586379.0,10.306,0.075,8
startup,21729193,16.176,4,0,230715375.0,10.306,0.075,9
startup,21745856,16.663,4,0,230763211.0,10.306,0.075,8
startup,21762522,16.666,4,0,230832963.0,10.306,0.075,8
startup,21779198,16.676,4,0,230899387.0,10.306,0.075,8
startup,21795853,16.655,4,0,231029767.0,10.306,0.075,8
startup,21812540,16.687,4,0,231092319.0,10.306,0.075,9
startup,21829189,16.649,4,0,231187927.0,10.306,0.075,8
startup,21845856,16.667,4,0,231357819.0,10.306,0.075,8
startup,21862519,16.663,4,0,231456351.0,10.306,0.075,8
startup,21879190,16.671,4,0,231525107.0,10.306,0.075,8
startup,21895888,16.698,4,0,231590511.0,10.306,0.075,9
startup,21912522,16.634,4,0,231689623.0,10.306,0.075,8
startup,21929185,16.663,4,0,231749767.0,10.306,0.075,8
startup,21945856,16.671,4,0,231803543.0,10.306,0.075,8
startup,21962522,16.666,4,0,231854143.0,10.306,0.075,8
startup,21979187,16.665,4,0,231996303.0,10.306,0.075,9
startup,21996022,16.835,4,0,232066047.0,10.306,0.075,8
startup,22012520,16.498,4,0,232126135.0,10.306,0.075,9
startup,22029187,16.667,4,0,232178335.0,7.16,0.099,9
startup,22045845,16.658,4,0,232286539.0,7.16,0.099,9
startup,22062512,16.667,4,0,232341127.0,7.16,0.099,8
startup,22079182,16.67,4,0,232487039.0,7.16,0.099,8
startup,22095848,16.666,2,0,232580867.0,7.16,0.099,9
startup,22112509,16.661,5,0,232936817.0,7.16,0.099,468
startup,22129180,16.671,5,0,233281349.0,7.16,0.099,8
startup,22145844,16.664,4,0,233618353.0,7.16,0.099,8
startup,22162507,16.663,4,0,233888957.0,7.16,0.099,8
startup,22179175,16.668,4,0,234277197.0,7.16,0.099,8
startup,22195842,16.667,4,0,234568677.0,7.16,0.099,9
startup,22212508,16.666,4,0,234856637.0,7.16,0.099,8
startup,22229171,16.663,5,0,235283985.0,7.16,0.099,1371
startup,22245841,16.67,4,0,235571925.0,7.16,0.099,7
startup,22262747,16.906,4,0,235903229.0,7.16,0.099,9
startup,22279176,16.429,4,0,236134469.0,7.16,0.099,8
startup,22295835,16.659,4,0,236393157.0,7.16,0.099,9
startup,22312499,16.664,4,0,236691293.0,7.16,0.099,7
startup,22329164,16.665,4,0,236318281.0,7.16,0.099,9
startup,22345842,16.678,4,0,236504441.0,7.16,0.099,9
startup,22362499,16.657,4,0,236784829.0,7.16,0.099,8
startup,22379171,16.672,4,0,236950833.0,7.16,0.099,8
startup,22395827,16.656,4,0,237058173.0,7.16,0.099,8
startup,22412501,16.674,4,0,237155505.0,7.16,0.099,8
startup,22429164,16.663,2,0,237232889.0,7.16,0.099,9
startup,22445831,16.667,5,0,237646369.0,7.16,0.099,735
startup,22462496,16.665,4,0,237883625.0,7.16,0.099,8
startup,22479166,16.67,4,0,238189985.0,7.16,0.099,8
startup,22495837,16.671,4,0,238205653.0,7.16,0.099,9
startup,22512506,16.669,4,0,238672225.0,7.16,0.099,9
startup,22529166,16.66,4,0,238541941.0,7.16,0.099,9
startup,22546460,17.294,4,0,238622173.0,7.16,0.099,9
startup,22562488,16.028,4,0,238704369.0,7.16,0.099,8
startup,22579162,16.674,4,0,238771797.0,7.16,0.099,8
startup,22595820,16.658,4,0,238896373.0,7.16,0.099,8
startup,22612495,16.675,4,0,238966017.0,7.16,0.099,8
startup,22629158,16.663,4,0,239110309.0,7.16,0.099,9
startup,22645821,16.663,4,0,239196165.0,7.16,0.099,9
startup,22662488,16.667,4,0,239276953.0,7.16,0.099,8
startup,22679157,16.669,4,0,239343965.0,7.16,0.099,7
startup,22695829,16.672,4,0,239487713.0,7.16,0.099,11
startup,22712483,16.654,4,0,239570985.0,7.16,0.099,8
startup,22729158,16.675,2,0,239761149.0,7.16,0.099,8
startup,22745816,16.658,5,0,240024753.0,7.16,0.099,1037
startup,22762484,16.668,5,0,240292521.0,7.16,0.099,8
startup,22779151,16.667,4,0,240676465.0,7.16,0.099,8
startup,22795814,16.663,4,0,240747313.0,7.16,0.099,9
startup,22812485,16.671,4,0,240922601.0,7.16,0.099,8
startup,22829176,16.691,4,0,241071553.0,7.16,0.099,8
startup,22845820,16.644,4,0,241179865.0,7.16,0.099,8
startup,22862485,16.665,4,0,241326869.0,7.16,0.099,8
startup,22879150,16.665,4,0,241396661.0,7.16,0.099,8
startup,22895819,16.669,4,0,241555809.0,7.16,0.099,8
startup,22912471,16.652,4,0,241711073.0,7.16,0.099,8
startup,22929140,16.669,4,0,241768669.0,7.16,0.099,9
startup,22945815,16.675,4,0,241872269.0,7.16,0.099,8
startup,22962525,16.71,4,0,241982217.0,7.16,0.099,9
startup,22979143,16.618,2,0,242063681.0,7.16,0.099,8
startup,22995811,16.668,3,0,242522981.0,7.16,0.099,973
startup,23012485,16.674,3,0,242764505.0,7.16,0.099,8
startup,23029144,16.659,3,0,243079097.0,10.085,0.075,8
startup,23045804,16.66,4,0,243199089.0,10.085,0.075,8
startup,23062476,16.672,1,0,243372089.0,10.085,0.075,9
startup,23079147,16.671,5,0,243651753.0,10.085,0.075,570
startup,23095854,16.707,6,0,243726461.0,10.085,0.075,8
startup,23112469,16.615,6,0,243888237.0,10.085,0.075,7
startup,23129140,16.671,6,0,243971785.0,10.085,0.075,8
startup,23145803,16.663,6,0,244074829.0,10.085,0.075,7
startup,23162473,16.67,6,0,244152937.0,10.085,0.075,9
startup,23179134,16.661,6,0,244310481.0,10.085,0.075,8
startup,23195801,16.667,6,0,244383381.0,10.085,0.075,8
startup,23212473,16.672,6,0,244485305.0,10.085,0.075,7
startup,23229131,16.658,6,0,244559601.0,10.085,0.075,9
startup,23245801,16.67,6,0,244653177.0,10.085,0.075,8
startup,23262465,16.664,6,0,244724313.0,10.085,0.075,7
startup,23279132,16.667,6,0,244893353.0,10.085,0.075,9
startup,23295795,16.663,5,0,245017865.0,10.085,0.075,8
startup,23312461,16.666,5,0,245358585.0,10.085,0.075,9
startup,23329131,16.67,5,0,245642353.0,10.085,0.075,9
startup,23345797,16.666,4,0,245887557.0,10.085,0.075,8
startup,23362517,16.72,4,0,246088433.0,10.085,0.075,9
startup,23379177,16.66,4,0,246316213.0,10.085,0.075,8
startup,23395791,16.614,3,0,246446393.0,10.085,0.075,9
startup,23412453,16.662,4,0,246683245.0,10.085,0.075,8
startup,23429124,16.671,4,0,246745477.0,10.085,0.075,8
startup,23445790,16.666,3,0,246883669.0,10.085,0.075,8
startup,23462453,16.663,3,0,247114125.0,10.085,0.075,9
startup,23479124,16.671,4,0,247223809.0,10.085,0.075,8
startup,23495788,16.664,4,0,247283305.0,10.085,0.075,9
startup,23512456,16.668,4,0,247383541.0,10.085,0.075,9
startup,23529123,16.667,4,0,247476377.0,10.085,0.075,8
startup,23545784,16.661,4,0,247584533.0,10.085,0.075,8
startup,23562453,16.669,4,0,247657729.0,10.085,0.075,9
startup,23579121,16.668,4,0,247760393.0,10.085,0.075,9
startup,23595788,16.667,4,0,247966549.0,10.085,0.075,8
startup,23612450,16.662,4,0,248032781.0,10.085,0.075,9
startup,23629114,16.664,1,0,248116873.0,10.085,0.075,9
startup,23645779,16.665,5,0,248555405.0,10.085,0.075,1532
startup,23662469,16.69,6,0,248913873.0,10.085,0.075,8
startup,23679118,16.649,5,0,249106673.0,10.085,0.075,9
startup,23695790,16.672,5,0,249174393.0,10.085,0.075,9
startup,23712446,16.656,5,0,249473889.0,10.085,0.075,8
startup,23729110,16.664,4,0,249583401.0,10.085,0.075,8
startup,23745776,16.666,4,0,249822785.0,10.085,0.075,8
startup,23762445,16.669,4,0,249882241.0,10.085,0.075,9
startup,23779108,16.663,4,0,249973469.0,10.085,0.075,9
startup,23795774,16.666,4,0,250033013.0,10.085,0.075,8
startup,23812448,16.674,4,0,250090641.0,10.085,0.075,8
startup,23829114,16.666,4,0,250187329.0,10.085,0.075,9
startup,23845797,16.683,4,0,250281437.0,10.085,0.075,9
startup,23862439,16.642,4,0,250345073.0,10.085,0.075,8
startup,23879110,16.671,4,0,250474009.0,10.085,0.075,8
startup,23895779,16.669,4,0,250495373.0,10.085,0.075,8
startup,23912439,16.66,4,0,250553909.0,10.085,0.075,9
startup,23929831,17.392,4,0,250638269.0,10.085,0.075,8
startup,23945782,15.951,4,0,250697037.0,10.085,0.075,8
startup,23962438,16.656,4,0,250797405.0,10.085,0.075,9
startup,23979105,16.667,4,0,250849033.0,10.085,0.075,8
startup,23995770,16.665,4,0,250908421.0,10.085,0.075,9
startup,24012443,16.673,4,0,250957573.0,10.085,0.075,9
startup,24029105,16.662,4,0,251058841.0,8.948,0.071,9
startup,24045768,16.663,4,0,251147745.0,8.948,0.071,8
startup,24062440,16.672,4,0,251201973.0,8.948,0.071,8
startup,24079110,16.67,4,0,251202557.0,8.948,0.071,11
startup,24095775,16.665,4,0,251203149.0,8.948,0.071,8
startup,24112445,16.67,4,0,251285445.0,8.948,0.071,7
startup,24129107,16.662,4,0,251333113.0,8.948,0.071,9
startup,24145774,16.667,4,0,251333701.0,8.948,0.071,8
startup,24162438,16.664,4,0,251334289.0,8.948,0.071,9
startup,24179097,16.659,4,0,251443861.0,8.948,0.071,8
startup,24195768,16.671,4,0,251494769.0,8.948,0.071,8
startup,24212453,16.685,4,0,251586285.0,8.948,0.071,9
startup,24229093,16.64,4,0,251648693.0,8.948,0.071,9
startup,24245762,16.669,4,0,251742137.0,8.948,0.071,9
startup,24262433,16.671,4,0,251777421.0,8.948,0.071,8
startup,24279106,16.673,4,0,251778009.0,8.948,0.071,8
startup,24295753,16.647,4,0,251871421.0,8.948,0.071,10
startup,24312437,16.684,4,0,251872013.0,8.948,0.071,8
startup,24329099,16.662,4,0,251872601.0,8.948,0.071,8
startup,24345769,16.67,4,0,251873185.0,8.948,0.071,8
startup,24362428,16.659,4,0,251873773.0,8.948,0.071,8
startup,24379093,16.665,4,0,251874361.0,8.948,0.071,18
startup,24395788,16.695,4,0,251874953.0,8.948,0.071,10
startup,24412437,16.649,4,0,251875545.0,8.948,0.071,8
startup,24429102,16.665,4,0,252118045.0,8.948,0.071,8
startup,24445764,16.662,4,0,252167649.0,8.948,0.071,8
startup,24462431,16.667,4,0,252170757.0,8.948,0.071,8
startup,24479115,16.684,4,0,252171345.0,8.948,0.071,9
startup,24495751,16.636,4,0,252171933.0,8.948,0.071,8
startup,24512420,16.669,4,0,252331673.0,8.948,0.071,8
startup,24529090,16.67,4,0,252388729.0,8.948,0.071,9
startup,24545751,16.661,4,0,252486661.0,8.948,0.071,8
startup,24562415,16.664,4,0,252548569.0,8.948,0.071,9
startup,24579085,16.67,4,0,252651985.0,8.948,0.071,8
startup,24595747,16.662,4,0,252684773.0,8.948,0.071,9
startup,24612423,16.676,4,0,252685361.0,8.948,0.071,8
startup,24629089,16.666,4,0,252685949.0,8.948,0.071,9
startup,24645748,16.659,4,0,252686537.0,8.948,0.071,8
startup,24662422,16.674,4,0,252687125.0,8.948,0.071,8
startup,24679086,16.664,4,0,252687713.0,8.948,0.071,8
startup,24695743,16.657,4,0,252927245.0,8.948,0.071,8
startup,24712410,16.667,4,0,252954505.0,8.948,0.071,9
startup,24729077,16.667,4,0,253008469.0,8.948,0.071,9
startup,24745743,16.666,4,0,253108377.0,8.948,0.071,8
startup,24762416,16.673,4,0,253171545.0,8.948,0.071,9
startup,24779075,16.659,4,0,253238449.0,8.948,0.071,10
startup,24795738,16.663,4,0,253357881.0,8.948,0.071,8
startup,24812406,16.668,4,0,253380917.0,8.948,0.071,8
startup,24829076,16.67,4,0,253434181.0,8.948,0.071,9
startup,24845744,16.668,4,0,253487953.0,8.948,0.071,8
startup,24862421,16.677,4,0,253590785.0,8.948,0.071,8
startup,24879074,16.653,4,0,253650417.0,8.948,0.071,8
startup,24895744,16.67,4,0,253744345.0,8.948,0.071,9
startup,24912397,16.653,4,0,253851977.0,8.948,0.071,8
startup,24929071,16.674,4,0,253865925.0,8.948,0.071,8
startup,24945728,16.657,4,0,253937145.0,8.948,0.071,8
startup,24962397,16.669,4,0,253989825.0,8.948,0.071,7
startup,24979117,16.72,4,0,254083117.0,8.948,0.071,8
startup,24995729,16.612,4,0,254143905.0,8.948,0.071,8
startup,25012396,16.667,4,0,254231629.0,8.948,0.071,8
startup,25029068,16.672,4,0,254311017.0,4.858,0.116,8
startup,25045763,16.695,3,0,254481417.0,4.858,0.116,8
startup,25062397,16.634,3,0,254769717.0,4.858,0.116,9
startup,25079063,16.666,4,0,255077993.0,4.858,0.116,8
startup,25095727,16.664,3,0,255395693.0,4.858,0.116,8
startup,25112393,16.666,4,0,255683337.0,4.858,0.116,9
startup,25129058,16.665,1,0,255979345.0,4.858,0.116,8
startup,25145742,16.684,5,0,256331997.0,4.858,0.116,1343
startup,25162385,16.643,6,0,256544457.0,4.858,0.116,9
startup,25179058,16.673,5,0,256885293.0,4.858,0.116,8
startup,25195723,16.665,5,0,257092665.0,4.858,0.116,9
startup,25212388,16.665,5,0,257186801.0,4.858,0.116,8
startup,25229053,16.665,4,0,257418369.0,4.858,0.116,9
startup,25245722,16.669,4,0,257753741.0,4.858,0.116,7
startup,25262389,16.667,4,0,258008773.0,4.858,0.116,8
startup,25279058,16.669,4,0,258329025.0,4.858,0.116,8
startup,25295720,16.662,4,0,257972197.0,4.858,0.116,9
startup,25312418,16.698,4,0,258266549.0,4.858,0.116,9
startup,25329054,16.636,4,0,258506017.0,4.858,0.116,9
startup,25345716,16.662,4,0,258803445.0,4.858,0.116,8
startup,25362382,16.666,4,0,258959341.0,4.858,0.116,10
startup,25379054,16.672,4,0,259049917.0,4.858,0.116,8
startup,25395717,16.663,4,0,259108645.0,4.858,0.116,8
startup,25412382,16.665,4,0,259234917.0,4.858,0.116,11
startup,25429048,16.666,4,0,259358257.0,4.858,0.116,9
startup,25445713,16.665,4,0,259457841.0,4.858,0.116,9
startup,25462376,16.663,4,0,259552161.0,4.858,0.116,9
startup,25479048,16.672,4,0,259611049.0,4.858,0.116,8
startup,25495711,16.663,4,0,259708085.0,4.858,0.116,8
startup,25512380,16.669,4,0,259791345.0,4.858,0.116,11
startup,25529047,16.667,4,0,259849201.0,4.858,0.116,9
startup,25545700,16.653,4,0,260015533.0,4.858,0.116,9
startup,25562385,16.685,4,0,260105501.0,4.858,0.116,9
startup,25579042,16.657,4,0,260231597.0,4.858,0.116,8
startup,25595734,16.692,4,0,260349529.0,4.858,0.116,8
startup,25612374,16.64,4,0,260432089.0,4.858,0.116,8
startup,25629036,16.662,4,0,260530181.0,4.858,0.116,9
startup,25645705,16.669,4,0,260638801.0,4.858,0.116,9
startup,25662376,16.671,4,0,260695473.0,4.858,0.116,9
startup,25679038,16.662,4,0,260802865.0,4.858,0.116,8
startup,25695706,16.668,4,0,260867521.0,4.858,0.116,8
startup,25712371,16.665,4,0,260999553.0,4.858,0.116,8
startup,25729035,16.664,4,0,261120325.0,4.858,0.116,9
startup,25745704,16.669,4,0,261178485.0,4.858,0.116,8
startup,25762361,16.657,4,0,261273401.0,4.858,0.116,9
startup,25779043,16.682,4,0,261331669.0,4.858,0.116,7
startup,25795697,16.654,4,0,261427197.0,4.858,0.116,8
startup,25812376,16.679,4,0,261489613.0,4.858,0.116,9
startup,25829033,16.657,4,0,261546081.0,4.858,0.116,8
startup,25845695,16.662,4,0,261650861.0,4.858,0.116,9
startup,25862360,16.665,4,0,261705281.0,4.858,0.116,8
startup,25879024,16.664,4,0,261799665.0,4.858,0.116,9
startup,25895698,16.674,4,0,261861089.0,4.858,0.116,8
startup,25912374,16.676,4,0,261957649.0,4.858,0.116,8
startup,25929034,16.66,4,0,262022969.0,4.858,0.116,9
startup,25945692,16.658,4,0,262079153.0,4.858,0.116,11
startup,25962357,16.665,4,0,262130625.0,4.858,0.116,8
startup,25979025,16.668,4,0,262223961.0,4.858,0.116,9
startup,25995691,16.666,3,0,262316773.0,4.858,0.116,8
startup,26012360,16.669,4,0,262696397.0,4.858,0.116,8
startup,26029038,16.678,4,0,262894761.0,8.828,0.074,8
startup,26045678,16.64,3,0,263173585.0,8.828,0.074,8
startup,26062362,16.684,3,0,263499445.0,8.828,0.074,9
startup,26079022,16.66,4,0,263752957.0,8.828,0.074,8
startup,26095687,16.665,4,0,263981805.0,8.828,0.074,8
startup,26112363,16.676,4,0,264338089.0,8.828,0.074,8
startup,26129020,16.657,4,0,264567113.0,8.828,0.074,9
startup,26145723,16.703,4,0,265086633.0,8.828,0.074,8
startup,26162355,16.632,4,0,265376513.0,8.828,0.074,9
startup,26179024,16.669,4,0,265618877.0,8.828,0.074,8
startup,26195693,16.669,4,0,265939541.0,8.828,0.074,9
startup,26212352,16.659,4,0,266166189.0,8.828,0.074,8
startup,26229048,16.696,4,0,266385821.0,8.828,0.074,9
startup,26245707,16.659,4,0,266096685.0,8.828,0.074,8
startup,26262346,16.639,4,0,266318789.0,8.828,0.074,9
startup,26279200,16.854,1,0,266381417.0,8.828,0.074,9
streaming_baseline,26301726,22.526,2,0,266309575.0,8.828,0.074,2067
streaming_baseline,26313618,11.892,5,0,266626811.0,8.828,0.074,12
streaming_baseline,26329138,15.52,4,0,266873999.0,8.828,0.074,12
streaming_baseline,26345793,16.655,4,0,267017011.0,8.828,0.074,11
streaming_baseline,26362457,16.664,4,0,267299999.0,8.828,0.074,12
streaming_baseline,26379263,16.806,2,0,267483679.0,8.828,0.074,11
streaming_baseline,26395774,16.511,3,0,267890307.0,8.828,0.074,1092
streaming_baseline,26412485,16.711,3,0,268064799.0,8.828,0.074,12
streaming_baseline,26429161,16.676,4,0,268472455.0,8.828,0.074,13
streaming_baseline,26445792,16.631,4,0,268575555.0,8.828,0.074,14
streaming_baseline,26462439,16.647,4,0,268642123.0,8.828,0.074,15
streaming_baseline,26479111,16.672,4,0,268771179.0,8.828,0.074,14
streaming_baseline,26495761,16.65,4,0,268837327.0,8.828,0.074,14
streaming_baseline,26512449,16.688,4,0,268968675.0,8.828,0.074,14
streaming_baseline,26529108,16.659,4,0,269034995.0,8.828,0.074,15
streaming_baseline,26545818,16.71,4,0,269135555.0,8.828,0.074,12
streaming_baseline,26562449,16.631,3,0,269214203.0,8.828,0.074,15
streaming_baseline,26579106,16.657,3,0,269496091.0,8.828,0.074,73
streaming_baseline,26595749,16.643,0,0,269773963.0,8.828,0.074,8
streaming_baseline,26612440,16.691,1,0,270212593.0,8.828,0.074,1057
streaming_baseline,26629102,16.662,2,0,270232545.0,8.828,0.074,7
streaming_baseline,26645813,16.711,0,0,270443929.0,8.828,0.074,7
streaming_baseline,26662439,16.626,4,0,270804753.0,8.828,0.074,1891
streaming_baseline,26679116,16.677,5,0,270932489.0,8.828,0.074,8
streaming_baseline,26695772,16.656,4,0,271007141.0,8.828,0.074,9
streaming_baseline,26712481,16.709,4,0,271209637.0,8.828,0.074,7
streaming_baseline,26729099,16.618,4,0,271284165.0,8.828,0.074,9
streaming_baseline,26745786,16.687,4,0,271377325.0,8.828,0.074,8
streaming_baseline,26762435,16.649,4,0,271492181.0,8.828,0.074,9
streaming_baseline,26779133,16.698,4,0,271547453.0,8.828,0.074,8
streaming_baseline,26795783,16.65,4,0,271548037.0,8.828,0.074,9
streaming_baseline,26812433,16.65,4,0,271659585.0,8.828,0.074,9
streaming_baseline,26829100,16.667,4,0,271711969.0,8.828,0.074,8
streaming_baseline,26845786,16.686,4,0,271830609.0,8.828,0.074,9
streaming_baseline,26862440,16.654,4,0,271889353.0,8.828,0.074,8
streaming_baseline,26879139,16.699,4,0,271988897.0,8.828,0.074,9
streaming_baseline,26895835,16.696,4,0,272056757.0,8.828,0.074,8
streaming_baseline,26913293,17.458,4,0,272121581.0,8.828,0.074,9
streaming_baseline,26929221,15.928,4,0,272181609.0,8.828,0.074,8
streaming_baseline,26945878,16.657,4,0,272340085.0,8.828,0.074,9
streaming_baseline,26962496,16.618,4,0,272348581.0,8.828,0.074,9
streaming_baseline,26979097,16.601,4,0,272410977.0,8.828,0.074,8
streaming_baseline,26995763,16.666,4,0,272467569.0,8.828,0.074,8
streaming_baseline,27012405,16.642,4,0,272575224.0,8.828,0.074,8
streaming_baseline,27029300,16.895,4,0,272639453.0,22.3,1.336,7
streaming_baseline,27045810,16.51,4,0,272701733.0,22.3,1.336,9
streaming_baseline,27062725,16.915,4,0,272800601.0,22.3,1.336,8
streaming_baseline,27079150,16.425,4,0,272857637.0,22.3,1.336,8
streaming_baseline,27095846,16.696,4,0,272942901.0,22.3,1.336,9
streaming_baseline,27112468,16.622,4,0,273084053.0,22.3,1.336,8
streaming_baseline,27129096,16.628,4,0,273147093.0,22.3,1.336,9
streaming_baseline,27145829,16.733,4,0,273248413.0,22.3,1.336,9
streaming_baseline,27162473,16.644,4,0,273442033.0,22.3,1.336,8
streaming_baseline,27179092,16.619,4,0,273585437.0,22.3,1.336,8
streaming_baseline,27195815,16.723,4,0,273692005.0,22.3,1.336,9
streaming_baseline,27212430,16.615,4,0,273790965.0,22.3,1.336,8
streaming_baseline,27229147,16.717,4,0,273850157.0,22.3,1.336,8
streaming_baseline,27245781,16.634,4,0,273946929.0,22.3,1.336,8
streaming_baseline,27262493,16.712,4,0,274055477.0,22.3,1.336,9
streaming_baseline,27279148,16.655,4,0,274118193.0,22.3,1.336,8
streaming_baseline,27295844,16.696,4,0,274238697.0,22.3,1.336,8
streaming_baseline,27312406,16.562,4,0,274346765.0,22.3,1.336,8
streaming_baseline,27329508,17.102,4,0,274403365.0,22.3,1.336,8
streaming_baseline,27345743,16.235,4,0,274499101.0,22.3,1.336,8
streaming_baseline,27362415,16.672,4,0,274604505.0,22.3,1.336,8
streaming_baseline,27379482,17.067,4,0,274725677.0,22.3,1.336,8
streaming_baseline,27395775,16.293,4,0,274845645.0,22.3,1.336,9
streaming_baseline,27412415,16.64,4,0,274912329.0,22.3,1.336,9
streaming_baseline,27429286,16.871,4,0,274963025.0,22.3,1.336,9
streaming_baseline,27445771,16.485,4,0,275062341.0,22.3,1.336,8
streaming_baseline,27462429,16.658,4,0,275159957.0,22.3,1.336,9
streaming_baseline,27479096,16.667,4,0,275295361.0,22.3,1.336,9
streaming_baseline,27495792,16.696,4,0,275392817.0,22.3,1.336,9
streaming_baseline,27512413,16.621,4,0,275484645.0,22.3,1.336,9
streaming_baseline,27529086,16.673,4,0,275543265.0,22.3,1.336,8
streaming_baseline,27545827,16.741,3,0,275607681.0,22.3,1.336,8
streaming_baseline,27562494,16.667,3,0,275741405.0,22.3,1.336,8
streaming_baseline,27579124,16.63,3,0,275971565.0,22.3,1.336,8
streaming_baseline,27595812,16.688,4,0,276286777.0,22.3,1.336,7
streaming_baseline,27612398,16.586,4,0,276459949.0,22.3,1.336,7
streaming_baseline,27629079,16.681,4,0,276685653.0,22.3,1.336,7
streaming_baseline,27646383,17.304,3,0,277055565.0,22.3,1.336,7
streaming_baseline,27662454,16.071,3,0,277323085.0,22.3,1.336,7
streaming_baseline,27679059,16.605,3,0,277700009.0,22.3,1.336,7
streaming_baseline,27695831,16.772,0,0,277954845.0,22.3,1.336,7
streaming_baseline,27712487,16.656,5,0,278482843.0,22.3,1.336,985
streaming_baseline,27729063,16.576,6,0,278768387.0,22.3,1.336,7
streaming_baseline,27745831,16.768,6,0,279028487.0,22.3,1.336,7
streaming_baseline,27762459,16.628,6,0,279176003.0,22.3,1.336,9
streaming_baseline,27779119,16.66,6,0,279411663.0,22.3,1.336,7
streaming_baseline,27795861,16.742,6,0,279682991.0,22.3,1.336,8
streaming_baseline,27812473,16.612,6,0,279821567.0,22.3,1.336,7
streaming_baseline,27829137,16.664,6,0,280043323.0,22.3,1.336,8
streaming_baseline,27845818,16.681,6,0,280321139.0,22.3,1.336,7
streaming_baseline,27862581,16.763,6,0,279825991.0,22.3,1.336,7
streaming_baseline,27879142,16.561,6,0,280098415.0,22.3,1.336,8
streaming_baseline,27897775,18.633,5,0,280271103.0,22.3,1.336,8
streaming_baseline,27912484,14.709,5,0,280478019.0,22.3,1.336,8
streaming_baseline,27929153,16.669,5,0,280776699.0,22.3,1.336,8
streaming_baseline,27948091,18.938,5,0,281133563.0,22.3,1.336,8
streaming_baseline,27963707,15.616,4,0,281398063.0,22.3,1.336,7
streaming_baseline,27979119,15.412,4,0,281522711.0,22.3,1.336,7
streaming_baseline,27997643,18.524,4,0,281643871.0,22.3,1.336,14
streaming_baseline,28012382,14.739,4,0,281725515.0,22.3,1.336,9
streaming_baseline,28029056,16.674,3,0,281805051.0,10.556,2.544,7
streaming_baseline,28047493,18.437,3,0,282060707.0,10.556,2.544,17
streaming_baseline,28062375,14.882,4,0,282205063.0,10.556,2.544,7
streaming_baseline,28079383,17.008,4,0,282290639.0,10.556,2.544,8
streaming_baseline,28097298,17.915,4,0,282392239.0,10.556,2.544,10
streaming_baseline,28112389,15.091,4,0,282459423.0,10.556,2.544,8
streaming_baseline,28129079,16.69,4,0,282560199.0,10.556,2.544,8
streaming_baseline,28147237,18.158,4,0,282661647.0,10.556,2.544,8
streaming_baseline,28162441,15.204,4,0,282723919.0,10.556,2.544,8
streaming_baseline,28179071,16.63,4,0,282810763.0,10.556,2.544,8
streaming_baseline,28197061,17.99,4,0,282917507.0,10.556,2.544,9
streaming_baseline,28212446,15.385,4,0,282976303.0,10.556,2.544,8
streaming_baseline,28229112,16.666,3,0,283109723.0,10.556,2.544,9
streaming_baseline,28247051,17.939,3,0,283320059.0,10.556,2.544,8
streaming_baseline,28262371,15.32,3,0,283724475.0,10.556,2.544,7
streaming_baseline,28279045,16.674,0,0,283901283.0,10.556,2.544,7
streaming_baseline,28296891,17.846,5,0,284412537.0,10.556,2.544,945
streaming_baseline,28312969,16.078,6,0,284672921.0,10.556,2.544,7
streaming_baseline,28329129,16.16,6,0,284749589.0,10.556,2.544,10
streaming_baseline,28346532,17.403,6,0,284830593.0,10.556,2.544,9
streaming_baseline,28362491,15.959,6,0,284902413.0,10.556,2.544,9
streaming_baseline,28379210,16.719,6,0,285092161.0,10.556,2.544,9
streaming_baseline,28396393,17.183,6,0,285152129.0,10.556,2.544,8
streaming_baseline,28412745,16.352,6,0,285306161.0,10.556,2.544,7
streaming_baseline,28429078,16.333,6,0,285398053.0,10.556,2.544,9
streaming_baseline,28447123,18.045,6,0,285474565.0,10.556,2.544,10
streaming_baseline,28462398,15.275,6,0,285545737.0,10.556,2.544,9
streaming_baseline,28479009,16.611,6,0,285678309.0,10.556,2.544,9
streaming_baseline,28496928,17.919,6,0,285774261.0,10.556,2.544,9
streaming_baseline,28512365,15.437,6,0,285871761.0,10.556,2.544,8
streaming_baseline,28529105,16.74,6,0,286000149.0,10.556,2.544,8
streaming_baseline,28546807,17.702,5,0,286096373.0,10.556,2.544,8
streaming_baseline,28562435,15.628,5,0,286337097.0,10.556,2.544,8
streaming_baseline,28579037,16.602,5,0,286517853.0,10.556,2.544,8
streaming_baseline,28596983,17.946,5,0,286822629.0,10.556,2.544,7
streaming_baseline,28612360,15.377,5,0,287059237.0,10.556,2.544,7
streaming_baseline,28629052,16.692,5,0,287063757.0,10.556,2.544,9
streaming_baseline,28646710,17.658,5,0,287159297.0,10.556,2.544,7
streaming_baseline,28662376,15.666,5,0,287228225.0,10.556,2.544,8
streaming_baseline,28679041,16.665,5,0,287330885.0,10.556,2.544,8
streaming_baseline,28696450,17.409,5,0,287395357.0,10.556,2.544,9
streaming_baseline,28712448,15.998,4,0,287519069.0,10.556,2.544,9
streaming_baseline,28729095,16.647,4,0,287723549.0,10.556,2.544,7
streaming_baseline,28746370,17.275,4,0,288063441.0,10.556,2.544,7
streaming_baseline,28762422,16.052,3,0,288297513.0,10.556,2.544,8
streaming_baseline,28779031,16.609,3,0,288565545.0,10.556,2.544,13
streaming_baseline,28795802,16.771,2,0,288672217.0,10.556,2.544,7
streaming_baseline,28812360,16.558,2,0,288957417.0,10.556,2.544,7
streaming_baseline,28829102,16.742,2,0,288991809.0,10.556,2.544,9
streaming_baseline,28846057,16.955,2,0,289152661.0,10.556,2.544,9
streaming_baseline,28862444,16.387,2,0,289258845.0,10.556,2.544,8
streaming_baseline,28879017,16.573,4,0,289373229.0,10.556,2.544,8
streaming_baseline,28896336,17.319,4,0,289577441.0,10.556,2.544,7
streaming_baseline,28912363,16.027,4,0,289666037.0,10.556,2.544,8
streaming_baseline,28929304,16.941,4,0,289774961.0,10.556,2.544,7
streaming_baseline,28947106,17.802,4,0,289864061.0,10.556,2.544,8
streaming_baseline,28962476,15.37,4,0,290015113.0,10.556,2.544,9
streaming_baseline,28979039,16.563,4,0,290102705.0,10.556,2.544,8
streaming_baseline,28996218,17.179,1,0,290167649.0,10.556,2.544,9
streaming_baseline,29012354,16.136,2,0,290553365.0,10.556,2.544,1915
streaming_baseline,29029036,16.682,3,0,290910445.0,14.763,1.757,10
streaming_baseline,29045934,16.898,2,0,291191389.0,14.763,1.757,8
streaming_baseline,29062385,16.451,2,0,291460961.0,14.763,1.757,7
streaming_baseline,29079027,16.642,2,0,291608721.0,14.763,1.757,7
streaming_baseline,29095974,16.947,0,0,291626209.0,14.763,1.757,8
streaming_baseline,29112362,16.388,4,0,292033891.0,14.763,1.757,1576
streaming_baseline,29129076,16.714,5,0,292131395.0,14.763,1.757,8
streaming_baseline,29145861,16.785,5,0,292239819.0,14.763,1.757,8
streaming_baseline,29162371,16.51,5,0,292297627.0,14.763,1.757,8
streaming_baseline,29179022,16.651,5,0,292441691.0,14.763,1.757,8
streaming_baseline,29196302,17.28,5,0,292510775.0,14.763,1.757,8
streaming_baseline,29212377,16.075,5,0,292627671.0,14.763,1.757,8
streaming_baseline,29229195,16.818,5,0,292714211.0,14.763,1.757,8
streaming_baseline,29246117,16.922,5,0,292816515.0,14.763,1.757,8
streaming_baseline,29262374,16.257,5,0,292888239.0,14.763,1.757,8
streaming_baseline,29279087,16.713,5,0,292975803.0,14.763,1.757,8
streaming_baseline,29296052,16.965,4,0,293091859.0,14.763,1.757,8
streaming_baseline,29312410,16.358,4,0,293350159.0,14.763,1.757,7
streaming_baseline,29329070,16.66,4,0,293570667.0,14.763,1.757,8
streaming_baseline,29346611,17.541,4,0,293825035.0,14.763,1.757,7
streaming_baseline,29362405,15.794,4,0,294056351.0,14.763,1.757,8
streaming_baseline,29379050,16.645,4,0,294004043.0,14.763,1.757,7
streaming_baseline,29395757,16.707,4,0,294067547.0,14.763,1.757,8
streaming_baseline,29412302,16.545,4,0,294175235.0,14.763,1.757,9
streaming_baseline,29429088,16.786,4,0,294237611.0,14.763,1.757,8
streaming_baseline,29445689,16.601,4,0,294349355.0,14.763,1.757,9
streaming_baseline,29462468,16.779,3,0,294413303.0,14.763,1.757,9
streaming_baseline,29479268,16.8,3,0,294453307.0,14.763,1.757,8
streaming_baseline,29496058,16.79,3,0,294688959.0,14.763,1.757,7
streaming_baseline,29512373,16.315,3,0,294943099.0,14.763,1.757,7
streaming_baseline,29529023,16.65,3,0,295227003.0,14.763,1.757,8
streaming_baseline,29545936,16.913,3,0,295242659.0,14.763,1.757,8
streaming_baseline,29562328,16.392,3,0,295272903.0,14.763,1.757,9
streaming_baseline,29579074,16.746,4,0,295274547.0,14.763,1.757,8
streaming_baseline,29595793,16.719,4,0,295509907.0,14.763,1.757,9
streaming_baseline,29612355,16.562,4,0,295580163.0,14.763,1.757,8
streaming_baseline,29629043,16.688,4,0,295705455.0,14.763,1.757,9
streaming_baseline,29645793,16.75,4,0,295709655.0,14.763,1.757,10
streaming_baseline,29662406,16.613,4,0,295710251.0,14.763,1.757,9
streaming_baseline,29678968,16.562,4,0,295957435.0,14.763,1.757,8
streaming_baseline,29695753,16.785,4,0,296035203.0,14.763,1.757,7
streaming_baseline,29712304,16.551,4,0,296109883.0,14.763,1.757,8
streaming_baseline,29729017,16.713,4,0,296174075.0,14.763,1.757,10
streaming_baseline,29745836,16.819,4,0,296174671.0,14.763,1.757,8
streaming_baseline,29762355,16.519,4,0,296394375.0,14.763,1.757,8
streaming_baseline,29778978,16.623,4,0,296502215.0,14.763,1.757,9
streaming_baseline,29796037,17.059,4,0,296588515.0,14.763,1.757,9
streaming_baseline,29812396,16.359,3,0,296714547.0,14.763,1.757,8
streaming_baseline,29829053,16.657,3,0,296922163.0,14.763,1.757,8
streaming_baseline,29845848,16.795,3,0,297129519.0,14.763,1.757,7
streaming_baseline,29862331,16.483,3,0,297361255.0,14.763,1.757,7
streaming_baseline,29879052,16.721,3,0,297644775.0,14.763,1.757,7
streaming_baseline,29895846,16.794,3,0,297845047.0,14.763,1.757,8
streaming_baseline,29912351,16.505,3,0,297869959.0,14.763,1.757,7
streaming_baseline,29929336,16.985,4,0,297948907.0,14.763,1.757,8
streaming_baseline,29945865,16.529,4,0,298063311.0,14.763,1.757,8
streaming_baseline,29962376,16.511,4,0,298130595.0,14.763,1.757,8
streaming_baseline,29979060,16.684,4,0,298244535.0,14.763,1.757,8
streaming_baseline,29995663,16.603,4,0,298342179.0,14.763,1.757,8
streaming_baseline,30012395,16.732,1,0,298406043.0,14.763,1.757,9
streaming_baseline,30029048,16.653,2,0,298589089.0,12.03,1.12,507
streaming_baseline,30045615,16.567,5,0,298865933.0,12.03,1.12,7
streaming_baseline,30062338,16.723,5,0,299242725.0,12.03,1.12,7
streaming_baseline,30078999,16.661,5,0,299476521.0,12.03,1.12,8
streaming_baseline,30095636,16.637,5,0,299496117.0,12.03,1.12,7
streaming_baseline,30112324,16.688,5,0,299621869.0,12.03,1.12,8
streaming_baseline,30129031,16.707,5,0,299645745.0,12.03,1.12,8
streaming_baseline,30145624,16.593,5,0,299703573.0,12.03,1.12,9
streaming_baseline,30162329,16.705,5,0,299805213.0,12.03,1.12,8
streaming_baseline,30178986,16.657,5,0,299900625.0,12.03,1.12,8
streaming_baseline,30195800,16.814,5,0,299990661.0,12.03,1.12,9
streaming_baseline,30212319,16.519,5,0,300090209.0,12.03,1.12,9
streaming_baseline,30229022,16.703,5,0,300147869.0,12.03,1.12,9
streaming_baseline,30246013,16.991,5,0,300245181.0,12.03,1.12,9
streaming_baseline,30262369,16.356,5,0,300307565.0,12.03,1.12,8
streaming_baseline,30278988,16.619,5,0,300363789.0,12.03,1.12,7
streaming_baseline,30295812,16.824,5,0,300462785.0,12.03,1.12,8
streaming_baseline,30312396,16.584,5,0,300527021.0,12.03,1.12,8
streaming_baseline,30329010,16.614,5,0,300617301.0,12.03,1.12,9
streaming_baseline,30345766,16.756,5,0,300679181.0,12.03,1.12,9
streaming_baseline,30362291,16.525,5,0,300732973.0,12.03,1.12,8
streaming_baseline,30379016,16.725,5,0,300834681.0,12.03,1.12,9
streaming_baseline,30395667,16.651,5,0,300891685.0,12.03,1.12,7
streaming_baseline,30412364,16.697,5,0,300988457.0,12.03,1.12,9
streaming_baseline,30429058,16.694,5,0,301042429.0,12.03,1.12,9
streaming_baseline,30445695,16.637,5,0,301139728.0,12.03,1.12,9
streaming_baseline,30462322,16.627,5,0,301195173.0,12.03,1.12,8
streaming_baseline,30478949,16.627,5,0,301295933.0,12.03,1.12,9
streaming_baseline,30495652,16.703,5,0,301355157.0,12.03,1.12,9
streaming_baseline,30512745,17.093,5,0,301444425.0,12.03,1.12,8
streaming_baseline,30528914,16.169,5,0,301505033.0,12.03,1.12,9
streaming_baseline,30545594,16.68,5,0,301557545.0,12.03,1.12,9
streaming_baseline,30562333,16.739,5,0,301649537.0,12.03,1.12,8
streaming_baseline,30579075,16.742,5,0,301706917.0,12.03,1.12,8
streaming_baseline,30595669,16.594,5,0,301757345.0,12.03,1.12,8
streaming_baseline,30612387,16.718,5,0,301852989.0,12.03,1.12,9
streaming_baseline,30629071,16.684,5,0,301911025.0,12.03,1.12,7
streaming_baseline,30645700,16.629,5,0,302006041.0,12.03,1.12,9
streaming_baseline,30662339,16.639,5,0,302063849.0,12.03,1.12,9
streaming_baseline,30679033,16.694,5,0,302154049.0,12.03,1.12,8
streaming_baseline,30695760,16.727,5,0,302209857.0,12.03,1.12,8
streaming_baseline,30712381,16.621,5,0,302270009.0,12.03,1.12,9
streaming_baseline,30728997,16.616,5,0,302364601.0,12.03,1.12,9
streaming_baseline,30745645,16.648,5,0,302423937.0,12.03,1.12,7
streaming_baseline,30762517,16.872,4,0,302476029.0,12.03,1.12,9
streaming_baseline,30779047,16.53,4,0,302804145.0,12.03,1.12,8
streaming_baseline,30795602,16.555,4,0,302985045.0,12.03,1.12,7
streaming_baseline,30812402,16.8,4,0,303309725.0,12.03,1.12,8
streaming_baseline,30828983,16.581,4,0,303590925.0,12.03,1.12,8
streaming_baseline,30845579,16.596,4,0,303816893.0,12.03,1.12,7
streaming_baseline,30862247,16.668,4,0,304092345.0,12.03,1.12,7
streaming_baseline,30878894,16.647,4,0,304399453.0,12.03,1.12,7
streaming_baseline,30896018,17.124,4,0,304651913.0,12.03,1.12,7
streaming_baseline,30912386,16.368,4,0,304940573.0,12.03,1.12,7
streaming_baseline,30929026,16.64,4,0,305157025.0,12.03,1.12,7
streaming_baseline,30945653,16.627,4,0,306461629.0,12.03,1.12,7
streaming_baseline,30962415,16.762,4,0,306730145.0,12.03,1.12,8
streaming_baseline,30978917,16.502,4,0,306951789.0,12.03,1.12,7
streaming_baseline,30995711,16.794,4,0,307165769.0,12.03,1.12,8
streaming_baseline,31012412,16.701,4,0,306753065.0,12.03,1.12,8
streaming_baseline,31028911,16.499,4,0,306864521.0,7.873,0.635,8
streaming_baseline,31045648,16.737,4,0,306966193.0,7.873,0.635,8
streaming_baseline,31062417,16.769,4,0,307054925.0,7.873,0.635,9
streaming_baseline,31079011,16.594,4,0,307151837.0,7.873,0.635,8
streaming_baseline,31095710,16.699,4,0,307294985.0,7.873,0.635,7
streaming_baseline,31112343,16.633,4,0,307413389.0,7.873,0.635,10
streaming_baseline,31129007,16.664,4,0,307479405.0,7.873,0.635,8
streaming_baseline,31145624,16.617,4,0,307543657.0,7.873,0.635,9
streaming_baseline,31162367,16.743,4,0,307607829.0,7.873,0.635,8
streaming_baseline,31178912,16.545,4,0,307724805.0,7.873,0.635,9
streaming_baseline,31195674,16.762,4,0,307787173.0,7.873,0.635,9
streaming_baseline,31212358,16.684,4,0,307851713.0,7.873,0.635,8
streaming_baseline,31229009,16.651,4,0,307949313.0,7.873,0.635,9
streaming_baseline,31245681,16.672,4,0,308020173.0,7.873,0.635,9
streaming_baseline,31262390,16.709,4,0,308083413.0,7.873,0.635,8
streaming_baseline,31279036,16.646,4,0,308225364.0,7.873,0.635,8
compact_history_control,31326848,47.812,5,0,308220449.0,7.873,0.635,9
compact_history_control,31335120,8.272,5,0,308287305.0,7.873,0.635,8
compact_history_control,31343417,8.297,5,0,308357465.0,7.873,0.635,8
compact_history_control,31360218,16.801,5,0,308450221.0,7.873,0.635,9
compact_history_control,31376761,16.543,5,0,308537457.0,7.873,0.635,8
compact_history_control,31393447,16.686,5,0,308616293.0,7.873,0.635,8
compact_history_control,31410105,16.658,5,0,308672577.0,7.873,0.635,8
compact_history_control,31426758,16.653,5,0,308783529.0,7.873,0.635,8
compact_history_control,31443416,16.658,5,0,308875501.0,7.873,0.635,7
compact_history_control,31460091,16.675,5,0,308962137.0,7.873,0.635,8
compact_history_control,31476761,16.67,5,0,309058353.0,7.873,0.635,9
compact_history_control,31493419,16.658,5,0,309147737.0,7.873,0.635,8
compact_history_control,31511617,18.198,5,0,309256285.0,7.873,0.635,7
compact_history_control,31526751,15.134,5,0,309336573.0,7.873,0.635,8
compact_history_control,31543404,16.653,5,0,309459897.0,7.873,0.635,8
compact_history_control,31562087,18.683,5,0,309524173.0,7.873,0.635,7
compact_history_control,31576743,14.656,5,0,309611629.0,7.873,0.635,9
compact_history_control,31593420,16.677,5,0,309690857.0,7.873,0.635,8
compact_history_control,31612003,18.583,5,0,309800165.0,7.873,0.635,8
compact_history_control,31626743,14.74,2,0,309903837.0,7.873,0.635,11
compact_history_control,31643412,16.669,3,0,310174921.0,7.873,0.635,663
compact_history_control,31675807,32.395,2,0,311463963.0,7.873,0.635,23254
compact_history_control,31684798,8.991,2,2,311882455.0,7.873,0.635,2537
compact_history_control,31695585,10.787,4,2,311565575.0,7.873,0.635,517
compact_history_control,31711745,16.16,5,2,311828558.0,7.873,0.635,490
compact_history_control,31726715,14.97,5,2,312072191.0,7.873,0.635,559
compact_history_control,31743369,16.654,5,2,312298291.0,7.873,0.635,548
compact_history_control,31760123,16.754,5,2,312564627.0,7.873,0.635,549
compact_history_control,31776713,16.59,5,2,312785859.0,7.873,0.635,526
compact_history_control,31793375,16.662,5,2,313050971.0,7.873,0.635,485
compact_history_control,31810031,16.656,5,2,313288063.0,7.873,0.635,492
compact_history_control,31826698,16.667,5,2,313569315.0,7.873,0.635,525
compact_history_control,31843363,16.665,5,2,313831199.0,7.873,0.635,509
compact_history_control,31861280,17.917,5,2,314130455.0,7.873,0.635,507
compact_history_control,31876706,15.426,5,2,314331983.0,7.873,0.635,523
compact_history_control,31893361,16.655,5,2,314572059.0,7.873,0.635,495
compact_history_control,31911118,17.757,5,2,314844851.0,7.873,0.635,513
compact_history_control,31926706,15.588,5,2,315028235.0,7.873,0.635,480
compact_history_control,31943359,16.653,5,2,314488487.0,7.873,0.635,6763
compact_history_control,31960978,17.619,5,2,314546563.0,7.873,0.635,8
compact_history_control,31976722,15.744,5,2,314599367.0,7.873,0.635,8
compact_history_control,31993357,16.635,5,2,314691179.0,7.873,0.635,8
compact_history_control,32010024,16.667,5,2,314750575.0,7.873,0.635,7
compact_history_control,32026701,16.677,5,2,314804051.0,47.501,1.681,8
compact_history_control,32043353,16.652,5,2,314934727.0,47.501,1.681,8
compact_history_control,32060549,17.196,5,2,314990139.0,47.501,1.681,8
compact_history_control,32076680,16.131,5,2,315088075.0,47.501,1.681,8
compact_history_control,32093356,16.676,5,2,315144907.0,47.501,1.681,8
compact_history_control,32110018,16.662,5,2,315237095.0,47.501,1.681,7
compact_history_control,32126691,16.673,5,2,315297403.0,47.501,1.681,7
compact_history_control,32143363,16.672,5,2,315393203.0,47.501,1.681,8
compact_history_control,32160022,16.659,5,2,315493611.0,47.501,1.681,7
compact_history_control,32176694,16.672,5,2,315553971.0,47.501,1.681,8
compact_history_control,32193360,16.666,5,2,315608419.0,47.501,1.681,9
compact_history_control,32210017,16.657,5,2,315704083.0,47.501,1.681,8
compact_history_control,32226690,16.673,5,2,315763771.0,47.501,1.681,7
compact_history_control,32243344,16.654,5,2,315914315.0,47.501,1.681,8
compact_history_control,32260008,16.664,5,2,316068519.0,47.501,1.681,8
compact_history_control,32276677,16.669,5,2,316201459.0,47.501,1.681,7
compact_history_control,32293344,16.667,5,2,316336727.0,47.501,1.681,8
compact_history_control,32310009,16.665,5,2,316477983.0,47.501,1.681,8
compact_history_control,32326671,16.662,5,2,316702923.0,47.501,1.681,7
compact_history_control,32343341,16.67,5,2,316842703.0,47.501,1.681,7
compact_history_control,32360014,16.673,5,2,316931259.0,47.501,1.681,8
compact_history_control,32376674,16.66,5,2,316975815.0,47.501,1.681,8
compact_history_control,32393334,16.66,5,2,317016423.0,47.501,1.681,6
compact_history_control,32409997,16.663,0,2,317153451.0,47.501,1.681,8
compact_history_control,32426684,16.687,0,2,317409611.0,47.501,1.681,8
compact_history_control,32443328,16.644,0,2,317636931.0,47.501,1.681,7
compact_history_control,32459998,16.67,2,2,317566123.0,47.501,1.681,7
compact_history_control,32476668,16.67,0,2,317899995.0,47.501,1.681,7
compact_history_control,32493332,16.664,0,2,318144837.0,47.501,1.681,5396
compact_history_control,32509991,16.659,0,2,318369385.0,47.501,1.681,8
compact_history_control,32526666,16.675,2,2,318353893.0,47.501,1.681,8
compact_history_control,32543342,16.676,0,2,318577101.0,47.501,1.681,8
compact_history_control,32559997,16.655,0,2,318879391.0,47.501,1.681,531
compact_history_control,32576675,16.678,0,2,319105311.0,47.501,1.681,7
compact_history_control,32593344,16.669,2,2,319042731.0,47.501,1.681,7
compact_history_control,32610000,16.656,2,2,319444707.0,47.501,1.681,8
compact_history_control,32626664,16.664,0,2,319969207.0,47.501,1.681,8
compact_history_control,32643325,16.661,0,2,320191847.0,47.501,1.681,7
compact_history_control,32659984,16.659,4,2,320175943.0,47.501,1.681,7
compact_history_control,32676653,16.669,3,2,320589751.0,47.501,1.681,8
compact_history_control,32693324,16.671,2,2,321075323.0,47.501,1.681,8
compact_history_control,32709982,16.658,0,2,321295835.0,47.501,1.681,7
compact_history_control,32726658,16.676,4,2,321278099.0,47.501,1.681,7
compact_history_control,32743327,16.669,3,2,321656619.0,47.501,1.681,8
compact_history_control,32759986,16.659,2,2,322238819.0,47.501,1.681,8
compact_history_control,32776651,16.665,0,2,322452211.0,47.501,1.681,7
compact_history_control,32793447,16.796,4,2,322425695.0,47.501,1.681,8
compact_history_control,32809982,16.535,3,2,322819843.0,47.501,1.681,8
compact_history_control,32826652,16.67,2,2,323221727.0,47.501,1.681,9
compact_history_control,32843310,16.658,0,2,323449779.0,47.501,1.681,6
compact_history_control,32860001,16.691,4,2,323436723.0,47.501,1.681,7
compact_history_control,32876650,16.649,4,2,322906527.0,47.501,1.681,9
compact_history_control,32893321,16.671,4,2,323213275.0,47.501,1.681,8
compact_history_control,32909977,16.656,3,2,323279891.0,47.501,1.681,7
compact_history_control,32926646,16.669,4,2,323185459.0,47.501,1.681,7
compact_history_control,32943317,16.671,5,2,323475003.0,47.501,1.681,8
compact_history_control,32959984,16.667,3,2,323827051.0,47.501,1.681,8
compact_history_control,32976655,16.671,3,2,324183047.0,47.501,1.681,8
compact_history_control,32993322,16.667,0,2,324284119.0,47.501,1.681,8
compact_history_control,33009977,16.655,5,2,324238035.0,47.501,1.681,7
compact_history_control,33026651,16.674,7,2,324479255.0,11.685,0.2,8
compact_history_control,33043315,16.664,5,2,324817727.0,11.685,0.2,8
compact_history_control,33059981,16.666,5,2,325058135.0,11.685,0.2,7
compact_history_control,33076636,16.655,4,2,325146687.0,11.685,0.2,7
compact_history_control,33093332,16.696,4,2,325104143.0,11.685,0.2,8
compact_history_control,33109970,16.638,5,2,325468055.0,11.685,0.2,8
compact_history_control,33126644,16.674,3,2,325854419.0,11.685,0.2,8
compact_history_control,33143305,16.661,3,2,326132075.0,11.685,0.2,8
compact_history_control,33159968,16.663,2,2,326245451.0,11.685,0.2,8
compact_history_control,33176635,16.667,4,2,326145715.0,11.685,0.2,8
compact_history_control,33193310,16.675,5,2,326507551.0,11.685,0.2,8
compact_history_control,33209973,16.663,5,2,326880927.0,11.685,0.2,9
compact_history_control,33226635,16.662,5,2,327165903.0,11.685,0.2,9
compact_history_control,33243303,16.668,5,2,327445027.0,11.685,0.2,8
compact_history_control,33259967,16.664,5,2,327728595.0,11.685,0.2,7
compact_history_control,33276638,16.671,5,2,328033067.0,11.685,0.2,7
compact_history_control,33293304,16.666,5,2,328280543.0,11.685,0.2,8
compact_history_control,33309962,16.658,5,2,328599407.0,11.685,0.2,8
compact_history_control,33326638,16.676,5,2,328949427.0,11.685,0.2,8
compact_history_control,33343292,16.654,1,2,329273363.0,11.685,0.2,8
compact_history_control,33359967,16.675,3,2,329547203.0,11.685,0.2,10
compact_history_control,33376644,16.677,1,2,329638095.0,11.685,0.2,7
compact_history_control,33393296,16.652,5,2,329533619.0,11.685,0.2,8
compact_history_control,33409966,16.67,6,2,329780507.0,11.685,0.2,8
compact_history_control,33426638,16.672,6,2,330166931.0,11.685,0.2,8
compact_history_control,33443314,16.676,6,2,330432703.0,11.685,0.2,8
compact_history_control,33459966,16.652,6,2,330738779.0,11.685,0.2,8
compact_history_control,33476647,16.681,6,2,330967171.0,11.685,0.2,8
compact_history_control,33493295,16.648,6,2,331265883.0,11.685,0.2,8
compact_history_control,33509975,16.68,6,2,331549595.0,11.685,0.2,8
compact_history_control,33526636,16.661,6,2,331765519.0,11.685,0.2,8
compact_history_control,33543300,16.664,6,2,331933263.0,11.685,0.2,7
compact_history_control,33559989,16.689,3,2,332288831.0,11.685,0.2,9
compact_history_control,33576632,16.643,4,2,332538499.0,11.685,0.2,8
compact_history_control,33593290,16.658,3,2,332628663.0,11.685,0.2,8
compact_history_control,33609961,16.671,4,2,332528075.0,11.685,0.2,8
compact_history_control,33626628,16.667,5,2,332821975.0,11.685,0.2,9
compact_history_control,33643293,16.665,5,2,332909703.0,11.685,0.2,8
compact_history_control,33659958,16.665,5,2,333127079.0,11.685,0.2,8
compact_history_control,33676633,16.675,5,2,333458575.0,11.685,0.2,8
compact_history_control,33693290,16.657,5,2,333488251.0,11.685,0.2,9
compact_history_control,33709966,16.676,5,2,333607707.0,11.685,0.2,8
compact_history_control,33726621,16.655,5,2,333722039.0,11.685,0.2,7
compact_history_control,33743293,16.672,5,2,333789335.0,11.685,0.2,7
compact_history_control,33759956,16.663,5,2,333929387.0,11.685,0.2,8
compact_history_control,33776614,16.658,3,2,334032643.0,11.685,0.2,8
compact_history_control,33793293,16.679,3,2,334256623.0,11.685,0.2,7
compact_history_control,33809953,16.66,0,2,334436899.0,11.685,0.2,8
compact_history_control,33826619,16.666,5,2,334345823.0,11.685,0.2,8
compact_history_control,33843290,16.671,7,2,334622623.0,11.685,0.2,8
compact_history_control,33859949,16.659,5,2,334901195.0,11.685,0.2,8
compact_history_control,33876613,16.664,5,2,334927267.0,11.685,0.2,7
compact_history_control,33893276,16.663,4,2,335061963.0,11.685,0.2,7
compact_history_control,33909945,16.669,4,2,335286979.0,11.685,0.2,8
compact_history_control,33926650,16.705,4,2,335025031.0,11.685,0.2,7
compact_history_control,33943293,16.643,5,2,335276435.0,11.685,0.2,7
compact_history_control,33959953,16.66,5,2,335358439.0,11.685,0.2,7
compact_history_control,33976607,16.654,5,2,335456507.0,11.685,0.2,7
compact_history_control,33993274,16.667,5,2,335529623.0,11.685,0.2,8
compact_history_control,34009970,16.696,5,2,335612719.0,11.685,0.2,8
compact_history_control,34026608,16.638,5,2,335752875.0,10.872,0.139,9
compact_history_control,34043317,16.709,5,2,335884791.0,10.872,0.139,9
compact_history_control,34059945,16.628,5,2,335960607.0,10.872,0.139,8
compact_history_control,34076630,16.685,5,2,336055323.0,10.872,0.139,7
compact_history_control,34093280,16.65,5,2,336188899.0,10.872,0.139,9
compact_history_control,34109935,16.655,3,2,336293611.0,10.872,0.139,8
compact_history_control,34126610,16.675,3,2,336664627.0,10.872,0.139,8
compact_history_control,34143275,16.665,2,2,336819523.0,10.872,0.139,7
compact_history_control,34159936,16.661,4,2,336705579.0,10.872,0.139,9
compact_history_control,34176605,16.669,5,2,336939259.0,10.872,0.139,8
compact_history_control,34193366,16.761,5,2,337263439.0,10.872,0.139,9
compact_history_control,34209941,16.575,5,2,337276043.0,10.872,0.139,8
compact_history_control,34226599,16.658,5,2,337382871.0,10.872,0.139,8
compact_history_control,34243263,16.664,5,2,337448671.0,10.872,0.139,7
compact_history_control,34259930,16.667,5,2,337512707.0,10.872,0.139,8
compact_history_control,34276596,16.666,5,2,337624935.0,10.872,0.139,7
compact_history_control,34293263,16.667,5,2,337688755.0,10.872,0.139,8
compact_history_control,34309942,16.679,5,2,337796007.0,10.872,0.139,8
compact_history_control,34326603,16.661,1,2,337861331.0,10.872,0.139,7
compact_history_control,34343266,16.663,3,2,338141359.0,10.872,0.139,8
compact_history_control,34359923,16.657,1,2,338277155.0,10.872,0.139,7
compact_history_control,34376599,16.676,5,2,338192727.0,10.872,0.139,7
compact_history_control,34393261,16.662,6,2,338541555.0,10.872,0.139,7
compact_history_control,34409921,16.66,6,2,338845679.0,10.872,0.139,7
compact_history_control,34426587,16.666,6,2,338828627.0,10.872,0.139,8
compact_history_control,34443253,16.666,6,2,338930843.0,10.872,0.139,8
compact_history_control,34459929,16.676,6,2,339006183.0,10.872,0.139,8
compact_history_control,34476621,16.692,6,2,339041111.0,10.872,0.139,8
compact_history_control,34493248,16.627,6,2,339125667.0,10.872,0.139,8
compact_history_control,34509933,16.685,6,2,339196843.0,10.872,0.139,8
compact_history_control,34526603,16.67,6,2,339297523.0,10.872,0.139,8
compact_history_control,34543270,16.667,6,2,339298115.0,10.872,0.139,8
compact_history_control,34559932,16.662,6,2,339298707.0,10.872,0.139,9
compact_history_control,34576599,16.667,6,2,339299299.0,10.872,0.139,8
compact_history_control,34593267,16.668,6,2,339427263.0,10.872,0.139,8
compact_history_control,34609931,16.664,6,2,339520403.0,10.872,0.139,7
compact_history_control,34626597,16.666,6,2,339520995.0,10.872,0.139,8
compact_history_control,34643262,16.665,6,2,339521587.0,10.872,0.139,8
compact_history_control,34659929,16.667,6,2,339522179.0,10.872,0.139,8
compact_history_control,34676605,16.676,6,2,339522771.0,10.872,0.139,8
compact_history_control,34693256,16.651,6,2,339692639.0,10.872,0.139,9
compact_history_control,34709934,16.678,6,2,339791039.0,10.872,0.139,8
compact_history_control,34726599,16.665,6,2,339854259.0,10.872,0.139,7
compact_history_control,34743250,16.651,6,2,339895239.0,10.872,0.139,9
compact_history_control,34759911,16.661,6,2,339957435.0,10.872,0.139,8
compact_history_control,34776590,16.679,6,2,339958027.0,10.872,0.139,8
compact_history_control,34793260,16.67,6,2,339958615.0,10.872,0.139,8
compact_history_control,34809920,16.66,6,2,339962467.0,10.872,0.139,8
compact_history_control,34826589,16.669,6,2,339963059.0,10.872,0.139,8
compact_history_control,34843253,16.664,6,2,339963651.0,10.872,0.139,7
compact_history_control,34859907,16.654,6,2,340206407.0,10.872,0.139,8
compact_history_control,34876584,16.677,6,2,340214055.0,10.872,0.139,8
compact_history_control,34893244,16.66,3,2,340336063.0,10.872,0.139,8
compact_history_control,34909919,16.675,4,2,340606387.0,10.872,0.139,8
compact_history_control,34926569,16.65,3,2,340730571.0,10.872,0.139,7
compact_history_control,34943240,16.671,4,2,340707211.0,10.872,0.139,7
compact_history_control,34959897,16.657,5,2,340923103.0,10.872,0.139,9
compact_history_control,34976570,16.673,5,2,341201279.0,10.872,0.139,8
compact_history_control,34993242,16.672,5,2,341466451.0,10.872,0.139,8
compact_history_control,35009907,16.665,5,2,341432231.0,10.872,0.139,8
compact_history_control,35026588,16.681,5,2,341494679.0,11.108,0.132,8
compact_history_control,35043236,16.648,5,2,341629503.0,11.108,0.132,8
compact_history_control,35059905,16.669,5,2,341741783.0,11.108,0.132,7
compact_history_control,35076571,16.666,5,2,341830279.0,11.108,0.132,8
compact_history_control,35093234,16.663,5,2,341892735.0,11.108,0.132,8
compact_history_control,35109903,16.669,5,2,341981499.0,11.108,0.132,8
compact_history_control,35126561,16.658,5,2,342044123.0,11.108,0.132,7
compact_history_control,35143241,16.68,5,2,342262223.0,11.108,0.132,14
compact_history_control,35159901,16.66,5,2,342297011.0,11.108,0.132,8
compact_history_control,35176579,16.678,5,2,342349499.0,11.108,0.132,8
compact_history_control,35193230,16.651,5,2,342448959.0,11.108,0.132,8
compact_history_control,35209906,16.676,5,2,342504987.0,11.108,0.132,8
compact_history_control,35226567,16.661,5,2,342598271.0,11.108,0.132,9
compact_history_control,35243237,16.67,5,2,342657787.0,11.108,0.132,7
compact_history_control,35259891,16.654,5,2,342847053.0,11.108,0.132,7
compact_history_control,35276560,16.669,5,2,342903015.0,11.108,0.132,8
compact_history_control,35293213,16.653,5,2,343004299.0,11.108,0.132,7
compact_history_control,35309883,16.67,5,2,343062995.0,11.108,0.132,7
compact_history_control,35326550,16.667,5,2,343160487.0,11.108,0.132,7
compact_history_control,35343224,16.674,5,2,343215807.0,11.108,0.132,8
compact_history_control,35359878,16.654,5,2,343404871.0,11.108,0.132,7
compact_history_control,35376562,16.684,5,2,343461787.0,11.108,0.132,7
compact_history_control,35393223,16.661,5,2,343560319.0,11.108,0.132,9
compact_history_control,35409881,16.658,5,2,343619363.0,11.108,0.132,7
compact_history_control,35426549,16.668,5,2,343711595.0,11.108,0.132,7
compact_history_control,35443213,16.664,5,2,343777207.0,11.108,0.132,8
compact_history_control,35459880,16.667,5,2,343959015.0,11.108,0.132,8
compact_history_control,35476547,16.667,5,2,344017579.0,11.108,0.132,7
compact_history_control,35493212,16.665,5,2,344113991.0,11.108,0.132,8
compact_history_control,35509875,16.663,5,2,344177371.0,11.108,0.132,7
compact_history_control,35526550,16.675,5,2,344229323.0,11.108,0.132,7
compact_history_control,35543221,16.671,5,2,344328763.0,11.108,0.132,8
compact_history_control,35559878,16.657,5,2,344496007.0,11.108,0.132,8
compact_history_control,35576534,16.656,5,2,344555971.0,11.108,0.132,8
compact_history_control,35593225,16.691,5,2,344609747.0,11.108,0.132,8
compact_history_control,35609875,16.65,5,2,344711635.0,11.108,0.132,8
compact_history_control,35626537,16.662,5,2,344767375.0,11.108,0.132,8
compact_history_control,35643202,16.665,5,2,344867671.0,11.108,0.132,6
compact_history_control,35659877,16.675,5,2,345030827.0,11.108,0.132,7
compact_history_control,35676535,16.658,5,2,345089855.0,11.108,0.132,8
compact_history_control,35693208,16.673,5,2,345186771.0,11.108,0.132,8
compact_history_control,35709873,16.665,5,2,345249111.0,11.108,0.132,8
compact_history_control,35726538,16.665,5,2,345305023.0,11.108,0.132,8
compact_history_control,35743205,16.667,5,2,345403743.0,11.108,0.132,8
compact_history_control,35759873,16.668,4,2,345582651.0,11.108,0.132,8
compact_history_control,35776536,16.663,4,2,345803895.0,11.108,0.132,8
compact_history_control,35793195,16.659,1,2,345801267.0,11.108,0.132,8
compact_history_control,35809883,16.688,5,2,345641571.0,11.108,0.132,7
compact_history_control,35826536,16.653,7,2,345895851.0,11.108,0.132,9
compact_history_control,35843202,16.666,7,2,346181059.0,11.108,0.132,8
compact_history_control,35859916,16.714,7,2,346395959.0,11.108,0.132,8
compact_history_control,35876532,16.616,7,2,346653071.0,11.108,0.132,8
compact_history_control,35893199,16.667,7,2,346928743.0,11.108,0.132,8
compact_history_control,35909875,16.676,7,2,347146247.0,11.108,0.132,7
compact_history_control,35926541,16.666,7,2,347411799.0,11.108,0.132,9
compact_history_control,35943200,16.659,7,2,347681303.0,11.108,0.132,8
compact_history_control,35959862,16.662,7,2,347904343.0,11.108,0.132,7
compact_history_control,35976526,16.664,7,2,348188951.0,11.108,0.132,7
compact_history_control,35993194,16.668,7,2,348421867.0,11.108,0.132,8
compact_history_control,36009878,16.684,7,2,348721267.0,11.108,0.132,7
compact_history_control,36026524,16.646,7,2,348274295.0,10.821,0.126,11
compact_history_control,36043234,16.71,7,2,348331935.0,10.821,0.126,8
compact_history_control,36059870,16.636,7,2,348423823.0,10.821,0.126,7
compact_history_control,36076523,16.653,7,2,348486167.0,10.821,0.126,8
compact_history_control,36093192,16.669,7,2,348539591.0,10.821,0.126,7
compact_history_control,36109853,16.661,7,2,348642331.0,10.821,0.126,7
compact_history_control,36126524,16.671,7,2,348696759.0,10.821,0.126,7
compact_history_control,36143186,16.662,7,2,348796035.0,10.821,0.126,8
compact_history_control,36159855,16.669,7,2,348848919.0,10.821,0.126,6
compact_history_control,36176526,16.671,7,2,348953291.0,10.821,0.126,8
compact_history_control,36193190,16.664,7,2,349007775.0,10.821,0.126,8
compact_history_control,36209847,16.657,7,2,349106987.0,10.821,0.126,8
compact_history_control,36226519,16.672,7,2,349161015.0,10.821,0.126,7
compact_history_control,36243182,16.663,7,2,349265511.0,10.821,0.126,8
compact_history_control,36259858,16.676,7,2,349320895.0,10.821,0.126,8
compact_history_control,36276517,16.659,7,2,349419495.0,10.821,0.126,7
compact_history_control,36293182,16.665,7,2,349484959.0,10.821,0.126,8
compact_history_control,36309843,16.661,7,2,349572971.0,10.821,0.126,7
compact_history_control,36326507,16.664,7,2,349637047.0,10.821,0.126,8
compact_history_control,36343179,16.672,7,2,349696519.0,10.821,0.126,8
compact_history_control,36359843,16.664,7,2,349796299.0,10.821,0.126,7
compact_history_control,36376520,16.677,7,2,349856675.0,10.821,0.126,8
compact_history_control,36393178,16.658,7,2,349999907.0,10.821,0.126,7
compact_history_control,36409858,16.68,7,2,350229139.0,10.821,0.126,8
compact_history_control,36426515,16.657,7,2,350368899.0,10.821,0.126,7
compact_history_control,36443187,16.672,7,2,350553595.0,10.821,0.126,7
compact_history_control,36459844,16.657,7,2,350692455.0,10.821,0.126,8
compact_history_control,36476514,16.67,7,2,350834451.0,10.821,0.126,7
compact_history_control,36493176,16.662,7,2,350982175.0,10.821,0.126,8
compact_history_control,36509840,16.664,7,2,351030215.0,10.821,0.126,7
compact_history_control,36526506,16.666,7,2,351070827.0,10.821,0.126,8
compact_history_control,36543165,16.659,5,2,351141531.0,10.821,0.126,8
compact_history_control,36559838,16.673,5,2,351393475.0,10.821,0.126,8
compact_history_control,36576494,16.656,4,2,351488115.0,10.821,0.126,8
compact_history_control,36593168,16.674,4,2,351460939.0,10.821,0.126,7
compact_history_control,36609838,16.67,5,2,351814235.0,10.821,0.126,8
compact_history_control,36626499,16.661,5,2,352063175.0,10.821,0.126,9
compact_history_control,36643165,16.666,5,2,352363015.0,10.821,0.126,9
compact_history_control,36659838,16.673,5,2,352626687.0,10.821,0.126,7
compact_history_control,36676506,16.668,5,2,352867043.0,10.821,0.126,8
compact_history_control,36693182,16.676,5,2,353344263.0,10.821,0.126,8
compact_history_control,36709829,16.647,5,2,353607783.0,10.821,0.126,7
compact_history_control,36726495,16.666,5,2,353901183.0,10.821,0.126,7
compact_history_control,36743162,16.667,5,2,354117183.0,10.821,0.126,8
compact_history_control,36759824,16.662,5,2,354360691.0,10.821,0.126,7
compact_history_control,36776496,16.672,5,2,354698787.0,10.821,0.126,8
compact_history_control,36793157,16.661,5,2,354412383.0,10.821,0.126,8
compact_history_control,36809823,16.666,5,2,354502887.0,10.821,0.126,8
compact_history_control,36826495,16.672,5,2,354572323.0,10.821,0.126,9
compact_history_control,36843158,16.663,5,2,354629579.0,10.821,0.126,8
compact_history_control,36859820,16.662,5,2,354751579.0,10.821,0.126,8
compact_history_control,36876488,16.668,5,2,354844791.0,10.821,0.126,7
compact_history_control,36893163,16.675,5,2,355033555.0,10.821,0.126,8
compact_history_control,36909823,16.66,5,2,355123731.0,10.821,0.126,7
compact_history_control,36926488,16.665,5,2,355190327.0,10.821,0.126,7
compact_history_control,36943157,16.669,5,2,355248143.0,10.821,0.126,8
compact_history_control,36959831,16.674,5,2,355303359.0,10.821,0.126,8
compact_history_control,36976495,16.664,5,2,355446647.0,10.821,0.126,8
compact_history_control,36993154,16.659,5,2,355630231.0,10.821,0.126,8
compact_history_control,37009816,16.662,5,2,355692815.0,10.821,0.126,8
compact_history_control,37026489,16.673,5,2,355787247.0,10.093,0.121,7
compact_history_control,37043150,16.661,5,2,355854591.0,10.093,0.121,8
compact_history_control,37059833,16.683,5,2,355909647.0,10.093,0.121,7
compact_history_control,37076481,16.648,5,2,356027751.0,10.093,0.121,7
compact_history_control,37093155,16.674,5,2,356210711.0,10.093,0.121,9
compact_history_control,37109809,16.654,5,2,356273079.0,10.093,0.121,7
compact_history_control,37126475,16.666,5,2,356365743.0,10.093,0.121,7
compact_history_control,37143142,16.667,5,2,356430095.0,10.093,0.121,7
compact_history_control,37159810,16.668,5,2,356524707.0,10.093,0.121,7
compact_history_control,37176485,16.675,5,2,356602971.0,10.093,0.121,7
compact_history_control,37193173,16.688,5,2,356786227.0,10.093,0.121,8
compact_history_control,37209812,16.639,5,2,356848927.0,10.093,0.121,8
compact_history_control,37226476,16.664,5,2,356901319.0,10.093,0.121,7
compact_history_control,37243145,16.669,5,2,357006043.0,10.093,0.121,7
compact_history_control,37259814,16.669,5,2,357061783.0,10.093,0.121,8
compact_history_control,37276469,16.655,5,2,357167487.0,10.093,0.121,8
compact_history_control,37293140,16.671,5,2,357356207.0,10.093,0.121,7
compact_history_control,37309809,16.669,5,2,357416223.0,10.093,0.121,8
compact_history_control,37326475,16.666,5,2,357515379.0,10.093,0.121,8
compact_history_control,37343134,16.659,5,2,357576463.0,10.093,0.121,8
compact_history_control,37359801,16.667,5,2,357671591.0,10.093,0.121,9
compact_history_control,37376467,16.666,3,2,357739035.0,10.093,0.121,7
compact_history_control,37393135,16.668,3,2,358010691.0,10.093,0.121,7
compact_history_control,37409789,16.654,2,2,358128167.0,10.093,0.121,7
compact_history_control,37426478,16.689,2,2,358859419.0,10.093,0.121,10
compact_history_control,37443149,16.671,4,2,358733351.0,10.093,0.121,7
compact_history_control,37459807,16.658,5,2,358954947.0,10.093,0.121,8
compact_history_control,37476474,16.667,5,2,359220035.0,10.093,0.121,9
compact_history_control,37493128,16.654,5,2,359512951.0,10.093,0.121,8
compact_history_control,37509797,16.669,5,2,359806551.0,10.093,0.121,7
compact_history_control,37526467,16.67,5,2,360016079.0,10.093,0.121,7
compact_history_control,37543131,16.664,5,2,360360211.0,10.093,0.121,8
compact_history_control,37559793,16.662,5,2,360605519.0,10.093,0.121,8
compact_history_control,37576457,16.664,5,2,360904147.0,10.093,0.121,9
compact_history_control,37593128,16.671,5,2,361266151.0,10.093,0.121,7
compact_history_control,37609795,16.667,2,2,361497343.0,10.093,0.121,8
compact_history_control,37626463,16.668,3,2,361812363.0,10.093,0.121,9
compact_history_control,37643116,16.653,1,2,361914855.0,10.093,0.121,7
compact_history_control,37659794,16.678,5,2,361869991.0,10.093,0.121,7
compact_history_control,37676458,16.664,6,2,362144323.0,10.093,0.121,8
compact_history_control,37693129,16.671,6,2,361642035.0,10.093,0.121,8
compact_history_control,37709788,16.659,6,2,362036723.0,10.093,0.121,8
compact_history_control,37726460,16.672,6,2,362298163.0,10.093,0.121,8
compact_history_control,37743118,16.658,6,2,362548123.0,10.093,0.121,8
compact_history_control,37759795,16.677,6,2,362512323.0,10.093,0.121,8
compact_history_control,37776466,16.671,6,2,362513003.0,10.093,0.121,8
compact_history_control,37793131,16.665,6,2,362513595.0,10.093,0.121,8
compact_history_control,37809783,16.652,6,2,362615227.0,10.093,0.121,8
compact_history_control,37826454,16.671,6,2,362664539.0,10.093,0.121,8
compact_history_control,37843128,16.674,6,2,362665131.0,10.093,0.121,8
compact_history_control,37859792,16.664,6,2,362665723.0,10.093,0.121,8
compact_history_control,37876461,16.669,6,2,362666315.0,10.093,0.121,8
compact_history_control,37893121,16.66,6,2,362910187.0,10.093,0.121,8
compact_history_control,37909783,16.662,6,2,362929663.0,10.093,0.121,7
compact_history_control,37926468,16.685,6,2,362930255.0,10.093,0.121,7
compact_history_control,37943128,16.66,6,2,362930843.0,10.093,0.121,8
compact_history_control,37959795,16.667,6,2,362931435.0,10.093,0.121,8
compact_history_control,37976442,16.647,6,2,363055479.0,10.093,0.121,8
compact_history_control,37993120,16.678,6,2,363125635.0,10.093,0.121,7
compact_history_control,38009792,16.672,6,2,363126227.0,10.093,0.121,7
compact_history_control,38026454,16.662,6,2,362968631.0,10.402,0.132,8
compact_history_control,38043122,16.668,6,2,362969303.0,10.402,0.132,8
compact_history_control,38059786,16.664,6,2,362969895.0,10.402,0.132,9
compact_history_control,38076615,16.829,6,2,362970511.0,10.402,0.132,8
compact_history_control,38093124,16.509,6,2,362971151.0,10.402,0.132,8
compact_history_control,38109787,16.663,6,2,362971743.0,10.402,0.132,8
compact_history_control,38126453,16.666,6,2,363141851.0,10.402,0.132,7
compact_history_control,38143122,16.669,6,2,363142443.0,10.402,0.132,8
compact_history_control,38159788,16.666,6,2,363143035.0,10.402,0.132,8
compact_history_control,38176451,16.663,6,2,363143723.0,10.402,0.132,7
compact_history_control,38193107,16.656,6,2,363339447.0,10.402,0.132,8
compact_history_control,38209784,16.677,6,2,363340039.0,10.402,0.132,8
compact_history_control,38226457,16.673,6,2,363340631.0,10.402,0.132,7
compact_history_control,38243119,16.662,6,2,363341367.0,10.402,0.132,7
compact_history_control,38259780,16.661,6,2,363341959.0,10.402,0.132,8
compact_history_control,38276448,16.668,6,2,363342551.0,10.402,0.132,8
compact_history_control,38293109,16.661,6,2,363343143.0,10.402,0.132,8
compact_history_control,38309784,16.675,6,2,363496651.0,10.402,0.132,8
compact_history_control,38326446,16.662,6,2,363497243.0,10.402,0.132,8
compact_history_control,38343117,16.671,6,2,363498051.0,10.402,0.132,8
compact_history_control,38359776,16.659,6,2,363647823.0,10.402,0.132,7
compact_history_control,38376445,16.669,6,2,363711679.0,10.402,0.132,8
compact_history_control,38393107,16.662,6,2,363746843.0,10.402,0.132,8
compact_history_control,38409776,16.669,6,2,363842055.0,10.402,0.132,8
compact_history_control,38426445,16.669,6,2,363842647.0,10.402,0.132,9
compact_history_control,38443114,16.669,6,2,363843239.0,10.402,0.132,8
compact_history_control,38459777,16.663,6,2,363843831.0,10.402,0.132,8
compact_history_control,38476436,16.659,6,2,363954243.0,10.402,0.132,8
compact_history_control,38493107,16.671,6,2,363955171.0,10.402,0.132,8
compact_history_control,38509781,16.674,6,2,363955763.0,10.402,0.132,9
compact_history_control,38526442,16.661,6,2,364148155.0,10.402,0.132,7
compact_history_control,38543112,16.67,6,2,364103603.0,10.402,0.132,8
compact_history_control,38559773,16.661,6,2,364104195.0,10.402,0.132,9
compact_history_control,38576438,16.665,6,2,364104787.0,10.402,0.132,9
compact_history_control,38593114,16.676,6,2,364105379.0,10.402,0.132,8
compact_history_control,38609772,16.658,6,2,364105971.0,10.402,0.132,9
compact_history_control,38626479,16.707,6,2,364106563.0,10.402,0.132,9
compact_history_control,38643102,16.623,6,2,364251503.0,10.402,0.132,8
compact_history_control,38659767,16.665,6,2,364252095.0,10.402,0.132,8
compact_history_control,38676433,16.666,6,2,364252687.0,10.402,0.132,9
compact_history_control,38693105,16.672,6,2,364253279.0,10.402,0.132,9
compact_history_control,38709767,16.662,6,2,364253871.0,10.402,0.132,8
compact_history_control,38726421,16.654,3,2,364454671.0,10.402,0.132,8
compact_history_control,38743088,16.667,4,2,364733823.0,10.402,0.132,8
compact_history_control,38759749,16.661,3,2,364844395.0,10.402,0.132,8
compact_history_control,38776418,16.669,4,2,364734295.0,10.402,0.132,8
compact_history_control,38793084,16.666,5,2,364956119.0,10.402,0.132,8
compact_history_control,38809763,16.679,5,2,365203927.0,10.402,0.132,7
compact_history_control,38826429,16.666,5,2,365451075.0,10.402,0.132,9
compact_history_control,38843084,16.655,5,2,365431791.0,10.402,0.132,8
compact_history_control,38859793,16.709,5,2,365486459.0,10.402,0.132,8
compact_history_control,38876427,16.634,5,2,365541299.0,10.402,0.132,8
compact_history_control,38893090,16.663,5,2,365595291.0,10.402,0.132,7
compact_history_control,38909754,16.664,5,2,365698535.0,10.402,0.132,9
compact_history_control,38926409,16.655,5,2,365757851.0,10.402,0.132,7
compact_history_control,38943089,16.68,5,2,365813143.0,10.402,0.132,8
compact_history_control,38959739,16.65,5,2,365909335.0,10.402,0.132,9
compact_history_control,38976409,16.67,5,2,365966403.0,10.402,0.132,8
compact_history_control,38993087,16.678,5,2,366026007.0,10.402,0.132,8
compact_history_control,39009759,16.672,5,2,366157547.0,10.402,0.132,7
compact_history_control,39026414,16.655,5,2,366192191.0,10.381,0.151,8
compact_history_control,39043076,16.662,5,2,366250239.0,10.381,0.151,8
compact_history_control,39059739,16.663,5,2,366343895.0,10.381,0.151,7
compact_history_control,39076403,16.664,5,2,366403615.0,10.381,0.151,7
compact_history_control,39093091,16.688,5,2,366503579.0,10.381,0.151,8
compact_history_control,39109735,16.644,5,2,366616043.0,10.381,0.151,8
compact_history_control,39126413,16.678,5,2,366747903.0,10.381,0.151,7
compact_history_control,39143064,16.651,5,2,366867279.0,10.381,0.151,9
compact_history_control,39159730,16.666,5,2,366930663.0,10.381,0.151,8
compact_history_control,39176407,16.677,5,2,367066347.0,10.381,0.151,8
compact_history_control,39193066,16.659,5,2,367134127.0,10.381,0.151,8
compact_history_control,39209728,16.662,5,2,367207715.0,10.381,0.151,7
compact_history_control,39226404,16.676,5,2,367391167.0,10.381,0.151,8
compact_history_control,39243063,16.659,5,2,367501115.0,10.381,0.151,7
compact_history_control,39259727,16.664,5,2,367594787.0,10.381,0.151,8
compact_history_control,39276392,16.665,5,2,367748639.0,10.381,0.151,8
compact_history_control,39293059,16.667,5,2,367886047.0,10.381,0.151,8
compact_history_control,39309726,16.667,5,2,367952803.0,10.381,0.151,8
compact_history_control,39326390,16.664,5,2,368053351.0,10.381,0.151,8
compact_history_control,39343060,16.67,5,2,368146647.0,10.381,0.151,8
compact_history_control,39359727,16.667,5,2,368244567.0,10.381,0.151,7
compact_history_control,39376398,16.671,5,2,368672323.0,10.381,0.151,8
compact_history_control,39393054,16.656,5,2,368658107.0,10.381,0.151,8
compact_history_control,39409721,16.667,5,2,368788331.0,10.381,0.151,7
compact_history_control,39426388,16.667,5,2,368932975.0,10.381,0.151,8
compact_history_control,39443062,16.674,5,2,369081815.0,10.381,0.151,8
compact_history_control,39459724,16.662,5,2,369349099.0,10.381,0.151,7
compact_history_control,39476387,16.663,5,2,369384491.0,10.381,0.151,7
compact_history_control,39493046,16.659,5,2,369430791.0,10.381,0.151,9
compact_history_control,39509719,16.673,5,2,369469663.0,10.381,0.151,7
compact_history_control,39526384,16.665,3,2,369534591.0,10.381,0.151,7
compact_history_control,39543056,16.672,3,2,369774791.0,10.381,0.151,9
compact_history_control,39559708,16.652,0,2,369899135.0,10.381,0.151,8
compact_history_control,39576398,16.69,5,2,369792687.0,10.381,0.151,8
compact_history_control,39593052,16.654,7,2,370126307.0,10.381,0.151,10
compact_history_control,39609715,16.663,7,2,370389591.0,10.381,0.151,8
compact_history_control,39626390,16.675,7,2,370681659.0,10.381,0.151,67
compact_history_control,39643068,16.678,7,2,370946687.0,10.381,0.151,9
compact_history_control,39659729,16.661,7,2,371191323.0,10.381,0.151,8
compact_history_control,39676394,16.665,7,2,371590991.0,10.381,0.151,7
compact_history_control,39693054,16.66,7,2,371749327.0,10.381,0.151,10
compact_history_control,39709734,16.68,7,2,372069531.0,10.381,0.151,8
compact_history_control,39726393,16.659,7,2,372352691.0,10.381,0.151,7
compact_history_control,39743043,16.65,7,2,372627847.0,10.381,0.151,8
compact_history_control,39759711,16.668,7,2,372874015.0,10.381,0.151,9
compact_history_control,39776379,16.668,7,2,373193731.0,10.381,0.151,8
compact_history_control,39793038,16.659,5,2,372742743.0,10.381,0.151,8
compact_history_control,39809714,16.676,5,2,373050115.0,10.381,0.151,8
compact_history_control,39826363,16.649,4,2,373172639.0,10.381,0.151,7
compact_history_control,39843038,16.675,4,2,373069899.0,10.381,0.151,7
compact_history_control,39859759,16.721,5,2,373347615.0,10.381,0.151,7
compact_history_control,39876375,16.616,5,2,373535447.0,10.381,0.151,8
compact_history_control,39893039,16.664,5,2,373598799.0,10.381,0.151,8
compact_history_control,39909706,16.667,5,2,373696583.0,10.381,0.151,7
compact_history_control,39926371,16.665,5,2,373763867.0,10.381,0.151,8
compact_history_control,39943030,16.659,5,2,373871171.0,10.381,0.151,8
compact_history_control,39959702,16.672,5,2,373968227.0,10.381,0.151,8
compact_history_control,39976380,16.678,5,2,374037051.0,10.381,0.151,7
compact_history_control,39993034,16.654,5,2,374161339.0,10.381,0.151,9
compact_history_control,40009694,16.66,5,2,374271971.0,10.381,0.151,8
compact_history_control,40026370,16.676,3,2,374388823.0,10.592,0.127,7
compact_history_control,40043031,16.661,3,2,374691967.0,10.592,0.127,8
compact_history_control,40059688,16.657,2,2,374791795.0,10.592,0.127,8
compact_history_control,40076357,16.669,4,2,374681287.0,10.592,0.127,7
compact_history_control,40093029,16.672,5,2,374910603.0,10.592,0.127,8
compact_history_control,40109734,16.705,5,2,375258943.0,10.592,0.127,8
compact_history_control,40126371,16.637,5,2,375221415.0,10.592,0.127,7
compact_history_control,40143026,16.655,5,2,375325587.0,10.592,0.127,11
compact_history_control,40159692,16.666,5,2,375393627.0,10.592,0.127,8
compact_history_control,40176357,16.665,5,2,375502195.0,10.592,0.127,8
compact_history_control,40193036,16.679,5,2,375565779.0,10.592,0.127,7
compact_history_control,40209686,16.65,5,2,375679471.0,10.592,0.127,7
compact_history_control,40226363,16.677,5,2,375742055.0,10.592,0.127,7
compact_history_control,40243028,16.665,1,2,375847763.0,10.592,0.127,8
compact_history_control,40259686,16.658,3,2,376062171.0,10.592,0.127,8
compact_history_control,40276350,16.664,1,2,376184659.0,10.592,0.127,7
compact_history_control,40293016,16.666,5,2,376103515.0,10.592,0.127,8
compact_history_control,40309684,16.668,6,2,376412163.0,10.592,0.127,8
compact_history_control,40326356,16.672,6,2,376691743.0,10.592,0.127,7
compact_history_control,40343018,16.662,6,2,376631735.0,10.592,0.127,7
compact_history_control,40359674,16.656,6,2,376743083.0,10.592,0.127,8
compact_history_control,40376355,16.681,6,2,376900959.0,10.592,0.127,8
compact_history_control,40393014,16.659,6,2,376924203.0,10.592,0.127,7
compact_history_control,40409691,16.677,6,2,376989663.0,10.592,0.127,7
compact_history_control,40426355,16.664,6,2,377106055.0,10.592,0.127,8
compact_history_control,40443025,16.67,6,2,377167091.0,10.592,0.127,8
compact_history_control,40459685,16.66,3,2,377275823.0,10.592,0.127,9
compact_history_control,40476343,16.658,4,2,377587575.0,10.592,0.127,8
compact_history_control,40493006,16.663,3,2,377705347.0,10.592,0.127,8
compact_history_control,40509675,16.669,4,2,377725395.0,10.592,0.127,7
compact_history_control,40526348,16.673,5,2,377995311.0,10.592,0.127,8
compact_history_control,40543011,16.663,5,2,378227151.0,10.592,0.127,7
compact_history_control,40559679,16.668,5,2,378333415.0,10.592,0.127,7
compact_history_control,40576340,16.661,5,2,378439835.0,10.592,0.127,8
compact_history_control,40593019,16.679,5,2,378572135.0,10.592,0.127,8
compact_history_control,40609686,16.667,5,2,378653319.0,10.592,0.127,7
compact_history_control,40626343,16.657,5,2,378749067.0,10.592,0.127,8
compact_history_control,40643010,16.667,5,2,378807799.0,10.592,0.127,8
compact_history_control,40659675,16.665,5,2,378905583.0,10.592,0.127,8
compact_history_control,40676340,16.665,5,2,378987191.0,10.592,0.127,8
compact_history_control,40693003,16.663,5,2,379175815.0,10.592,0.127,8
compact_history_control,40709665,16.662,5,2,379298155.0,10.592,0.127,8
compact_history_control,40726333,16.668,5,2,379360187.0,10.592,0.127,8
compact_history_control,40743002,16.669,5,2,379413279.0,10.592,0.127,7
compact_history_control,40759665,16.663,5,2,379517843.0,10.592,0.127,8
compact_history_control,40776346,16.681,5,2,379620659.0,10.592,0.127,8
compact_history_control,40793000,16.654,5,2,379785831.0,10.592,0.127,8
compact_history_control,40809662,16.662,5,2,379914139.0,10.592,0.127,8
compact_history_control,40826333,16.671,5,2,379976087.0,10.592,0.127,8
compact_history_control,40843004,16.671,5,2,380073487.0,10.592,0.127,8
compact_history_control,40859661,16.657,5,2,380137819.0,10.592,0.127,7
compact_history_control,40876332,16.671,5,2,380255539.0,10.592,0.127,7
compact_history_control,40893009,16.677,5,2,380384111.0,10.592,0.127,8
compact_history_control,40909666,16.657,5,2,380511595.0,10.592,0.127,8
compact_history_control,40926331,16.665,5,2,380570351.0,10.592,0.127,8
compact_history_control,40943000,16.669,5,2,380621639.0,10.592,0.127,8
compact_history_control,40959660,16.66,5,2,380721331.0,10.592,0.127,8
compact_history_control,40976323,16.663,5,2,380779895.0,10.592,0.127,8
compact_history_control,40992995,16.672,5,2,380857351.0,10.592,0.127,8
compact_history_control,41009661,16.666,5,2,381032899.0,10.592,0.127,8
compact_history_control,41026323,16.662,5,2,381133479.0,10.92,0.118,8
compact_history_control,41042993,16.67,5,2,381193731.0,10.92,0.118,8
compact_history_control,41059666,16.673,5,2,381289523.0,10.92,0.118,7
compact_history_control,41076318,16.652,5,2,381353731.0,10.92,0.118,8
compact_history_control,41092998,16.68,5,2,381514635.0,10.92,0.118,8
compact_history_control,41109656,16.658,5,2,381600199.0,10.92,0.118,8
compact_history_control,41126327,16.671,5,2,381695347.0,10.92,0.118,8
compact_history_control,41142993,16.666,5,2,381759447.0,10.92,0.118,7
compact_history_control,41159654,16.661,5,2,381851663.0,10.92,0.118,9
compact_history_control,41176329,16.675,5,2,381915175.0,10.92,0.118,7
compact_history_control,41192996,16.667,5,2,382051955.0,10.92,0.118,8
compact_history_control,41209667,16.671,5,2,382189055.0,10.92,0.118,7
compact_history_control,41226318,16.651,5,2,382289739.0,10.92,0.118,8
compact_history_control,41242984,16.666,5,2,382358039.0,10.92,0.118,8
compact_history_control,41259658,16.674,5,2,382411083.0,10.92,0.118,8
compact_history_control,41276311,16.653,5,2,382513819.0,10.92,0.118,8
compact_history_control,41292997,16.686,3,2,382578727.0,10.92,0.118,8
compact_history_control,41309647,16.65,3,2,382901007.0,10.92,0.118,7
compact_history_control,41326311,16.664,0,2,383036271.0,10.92,0.118,8
compact_history_control,41342983,16.672,5,2,382921163.0,10.92,0.118,8
compact_history_control,41359647,16.664,7,2,383158023.0,10.92,0.118,9
compact_history_control,41376325,16.678,7,2,383450995.0,10.92,0.118,8
compact_history_control,41392982,16.657,7,2,383692539.0,10.92,0.118,7
compact_history_control,41409657,16.675,7,2,383892287.0,10.92,0.118,8
compact_history_control,41426315,16.658,7,2,384160019.0,10.92,0.118,8
compact_history_control,41442979,16.664,7,2,384437227.0,10.92,0.118,8
compact_history_control,41459654,16.675,7,2,384660695.0,10.92,0.118,8
compact_history_control,41476310,16.656,7,2,384974211.0,10.92,0.118,7
compact_history_control,41492976,16.666,7,2,385189443.0,10.92,0.118,8
compact_history_control,41509630,16.654,7,2,385441971.0,10.92,0.118,8
compact_history_control,41526471,16.841,7,2,385881131.0,10.92,0.118,8
compact_history_control,41542978,16.507,7,2,386124415.0,10.92,0.118,9
compact_history_control,41559640,16.662,7,2,385785395.0,10.92,0.118,8
compact_history_control,41576597,16.957,7,2,386067835.0,10.92,0.118,8
compact_history_control,41592971,16.374,7,2,386166171.0,10.92,0.118,8
compact_history_control,41609638,16.667,7,2,386223339.0,10.92,0.118,7
compact_history_control,41626301,16.663,7,2,386315795.0,10.92,0.118,9
compact_history_control,41642975,16.674,7,2,386374955.0,10.92,0.118,8
compact_history_control,41659630,16.655,7,2,386469223.0,10.92,0.118,8
compact_history_control,41677704,18.074,7,2,386525915.0,10.92,0.118,7
compact_history_control,41692966,15.262,7,2,386614487.0,10.92,0.118,7
compact_history_control,41709628,16.662,7,2,386681179.0,10.92,0.118,9
compact_history_control,41726303,16.675,7,2,386734095.0,10.92,0.118,7
compact_history_control,41742963,16.66,7,2,386839967.0,10.92,0.118,9
compact_history_control,41759630,16.667,7,2,386895747.0,10.92,0.118,8
compact_history_control,41776333,16.703,7,2,386990639.0,10.92,0.118,8
compact_history_control,41792962,16.629,7,2,387048899.0,10.92,0.118,8
compact_history_control,41809633,16.671,7,2,387149883.0,10.92,0.118,7
compact_history_control,41826962,17.329,7,2,387214707.0,10.92,0.118,7
compact_history_control,41842969,16.007,7,2,387269391.0,10.92,0.118,13
compact_history_control,41859621,16.652,7,2,387370963.0,10.92,0.118,9
compact_history_control,41877132,17.511,7,2,387422371.0,10.92,0.118,9
compact_history_control,41892961,15.829,7,2,387553319.0,10.92,0.118,9
compact_history_control,41909625,16.664,7,2,387735467.0,10.92,0.118,8
compact_history_control,41926974,17.349,7,2,387871711.0,10.92,0.118,7
compact_history_control,41942959,15.985,7,2,388017187.0,10.92,0.118,8
compact_history_control,41959880,16.921,7,2,388176639.0,10.92,0.118,8
compact_history_control,41976843,16.963,7,2,388349179.0,10.92,0.118,7
compact_history_control,41992958,16.115,7,2,388507459.0,10.92,0.118,8
compact_history_control,42009619,16.661,7,2,388675223.0,10.92,0.118,8
compact_history_control,42026287,16.668,7,2,388715831.0,10.74,0.145,8
compact_history_control,42042955,16.668,7,2,388763867.0,10.74,0.145,7
compact_history_control,42059620,16.665,5,2,388804019.0,10.74,0.145,8
compact_history_control,42076403,16.783,5,2,389062339.0,10.74,0.145,8
compact_history_control,42092947,16.544,4,2,389193867.0,10.74,0.145,8
compact_history_control,42109626,16.679,4,2,389362031.0,10.74,0.145,10
compact_history_control,42126280,16.654,4,2,389164223.0,10.74,0.145,8
compact_history_control,42142981,16.701,5,2,389457447.0,10.74,0.145,8
compact_history_control,42159618,16.637,5,2,389701875.0,10.74,0.145,10
compact_history_control,42176282,16.664,5,2,389929671.0,10.74,0.145,7
compact_history_control,42192951,16.669,5,2,390153235.0,10.74,0.145,8
compact_history_control,42209615,16.664,5,2,390468423.0,10.74,0.145,8
compact_history_control,42226291,16.676,5,2,390713303.0,10.74,0.145,8
compact_history_control,42242940,16.649,5,2,391014243.0,10.74,0.145,8
compact_history_control,42259611,16.671,5,2,391189711.0,10.74,0.145,8
compact_history_control,42276271,16.66,5,2,391493063.0,10.74,0.145,7
compact_history_control,42292986,16.715,5,2,391626835.0,10.74,0.145,8
compact_history_control,42309606,16.62,5,2,391846131.0,10.74,0.145,7
compact_history_control,42326263,16.657,5,2,392036695.0,10.74,0.145,8
compact_history_control,42342937,16.674,5,2,392281639.0,10.74,0.145,7
compact_history_control,42359606,16.669,5,2,391949943.0,10.74,0.145,8
compact_history_control,42376281,16.675,5,2,392040151.0,10.74,0.145,7
compact_history_control,42392939,16.658,5,2,392101059.0,10.74,0.145,8
compact_history_control,42409604,16.665,5,2,392216543.0,10.74,0.145,9
compact_history_control,42426272,16.668,5,2,392274223.0,10.74,0.145,9
compact_history_control,42442929,16.657,5,2,392388639.0,10.74,0.145,7
compact_history_control,42459608,16.679,5,2,392526759.0,10.74,0.145,7
compact_history_control,42476281,16.673,5,2,392570731.0,10.74,0.145,7
compact_history_control,42492934,16.653,5,2,392637851.0,10.74,0.145,8
compact_history_control,42509609,16.675,5,2,392739331.0,10.74,0.145,8
compact_history_control,42526277,16.668,5,2,392805007.0,10.74,0.145,8
compact_history_control,42542934,16.657,5,2,392893783.0,10.74,0.145,8
compact_history_control,42559602,16.668,5,2,392958811.0,10.74,0.145,8
compact_history_control,42576262,16.66,5,2,393069643.0,10.74,0.145,8
compact_history_control,42592938,16.676,5,2,393149219.0,10.74,0.145,7
compact_history_control,42609598,16.66,5,2,393283739.0,10.74,0.145,8
compact_history_control,42626257,16.659,5,2,393374239.0,10.74,0.145,12
compact_history_control,42642926,16.669,5,2,393476847.0,10.74,0.145,7
compact_history_control,42659597,16.671,5,2,393544127.0,10.74,0.145,8
compact_history_control,42676263,16.666,5,2,393611107.0,10.74,0.145,8
compact_history_control,42692930,16.667,5,2,393767591.0,10.74,0.145,9
compact_history_control,42709591,16.661,5,2,393836423.0,10.74,0.145,7
compact_history_control,42726257,16.666,5,2,393890491.0,10.74,0.145,7
compact_history_control,42742923,16.666,5,2,394000115.0,10.74,0.145,8
compact_history_control,42759588,16.665,5,2,394084927.0,10.74,0.145,8
compact_history_control,42776260,16.672,5,2,394189959.0,10.74,0.145,7
compact_history_control,42792931,16.671,5,2,394310007.0,10.74,0.145,8
compact_history_control,42809586,16.655,5,2,394366911.0,10.74,0.145,8
compact_history_control,42826244,16.658,5,2,394459215.0,10.74,0.145,7
compact_history_control,42842922,16.678,5,2,394560999.0,10.74,0.145,8
compact_history_control,42859607,16.685,5,2,394620051.0,10.74,0.145,8
compact_history_control,42876255,16.648,5,2,394678975.0,10.74,0.145,9
compact_history_control,42892924,16.669,5,2,394730419.0,10.74,0.145,8
compact_history_control,42909577,16.653,5,2,394828939.0,10.74,0.145,8
compact_history_control,42926248,16.671,5,2,394886403.0,10.74,0.145,8
compact_history_control,42942919,16.671,3,2,394977039.0,10.74,0.145,7
compact_history_control,42959581,16.662,3,2,395088351.0,10.74,0.145,12
compact_history_control,42976241,16.66,2,2,395220139.0,10.74,0.145,8
compact_history_control,42992942,16.701,4,2,395071551.0,10.74,0.145,7
compact_history_control,43009576,16.634,5,2,395328915.0,10.74,0.145,9
compact_history_control,43026243,16.667,5,2,395677827.0,12.481,0.151,7
compact_history_control,43042924,16.681,5,2,395916683.0,12.481,0.151,8
compact_history_control,43059578,16.654,5,2,396184999.0,12.481,0.151,8
compact_history_control,43076241,16.663,5,2,396464223.0,12.481,0.151,8
compact_history_control,43092910,16.669,5,2,396729835.0,12.481,0.151,8
compact_history_control,43109587,16.677,5,2,396927279.0,12.481,0.151,7
compact_history_control,43126239,16.652,5,2,397256847.0,12.481,0.151,8
compact_history_control,43142908,16.669,5,2,397506075.0,12.481,0.151,8
compact_history_control,43159582,16.674,5,2,397839903.0,12.481,0.151,8
compact_history_control,43176242,16.66,1,2,398077591.0,12.481,0.151,8
compact_history_control,43192911,16.669,3,2,398309835.0,12.481,0.151,8
compact_history_control,43209565,16.654,1,2,398432439.0,12.481,0.151,7
compact_history_control,43226240,16.675,5,2,398273475.0,12.481,0.151,8
compact_history_control,43242909,16.669,6,2,398603259.0,12.481,0.151,8
compact_history_control,43259568,16.659,6,2,398195027.0,12.481,0.151,8
compact_history_control,43276248,16.68,6,2,398528795.0,12.481,0.151,7
compact_history_control,43292906,16.658,6,2,398768471.0,12.481,0.151,8
compact_history_control,43309572,16.666,6,2,398961367.0,12.481,0.151,8
compact_history_control,43326224,16.652,6,2,399033375.0,12.481,0.151,7
compact_history_control,43342977,16.753,6,2,399234135.0,12.481,0.151,8
compact_history_control,43359596,16.619,6,2,399320291.0,12.481,0.151,8
compact_history_control,43376222,16.626,6,2,399383987.0,12.481,0.151,8
compact_history_control,43392900,16.678,6,2,399437255.0,12.481,0.151,7
compact_history_control,43409569,16.669,6,2,399535191.0,12.481,0.151,8
compact_history_control,43426236,16.667,6,2,399597231.0,12.481,0.151,8
compact_history_control,43442896,16.66,6,2,399689659.0,12.481,0.151,8
compact_history_control,43459559,16.663,6,2,399748227.0,12.481,0.151,9
compact_history_control,43476225,16.666,6,2,399837791.0,12.481,0.151,8
compact_history_control,43492892,16.667,6,2,399898343.0,12.481,0.151,8
compact_history_control,43509563,16.671,6,2,399955595.0,12.481,0.151,8
compact_history_control,43526226,16.663,6,2,400052391.0,12.481,0.151,8
compact_history_control,43542890,16.664,6,2,400111147.0,12.481,0.151,8
compact_history_control,43559558,16.668,6,2,400203407.0,12.481,0.151,7
compact_history_control,43576214,16.656,6,2,400262915.0,12.481,0.151,7
compact_history_control,43592890,16.676,6,2,400353611.0,12.481,0.151,8
compact_history_control,43609552,16.662,6,2,400463627.0,12.481,0.151,7
compact_history_control,43626229,16.677,6,2,400524331.0,12.481,0.151,8
compact_history_control,43642887,16.658,6,2,400620179.0,12.481,0.151,8
compact_history_control,43659594,16.707,6,2,400682359.0,12.481,0.151,8
compact_history_control,43676221,16.627,6,2,400735627.0,12.481,0.151,7
compact_history_control,43692885,16.664,6,2,400846007.0,12.481,0.151,7
compact_history_control,43709551,16.666,6,2,400938795.0,12.481,0.151,8
compact_history_control,43726210,16.659,6,2,401028383.0,12.481,0.151,8
compact_history_control,43742886,16.676,6,2,401117067.0,12.481,0.151,7
compact_history_control,43759552,16.666,6,2,401181779.0,12.481,0.151,8
compact_history_control,43776213,16.661,6,2,401297491.0,12.481,0.151,8
compact_history_control,43792882,16.669,6,2,401359895.0,12.481,0.151,8
compact_history_control,43809560,16.678,6,2,401426503.0,12.481,0.151,8
compact_history_control,43826214,16.654,6,2,401549707.0,12.481,0.151,8
compact_history_control,43842877,16.663,6,2,401625539.0,12.481,0.151,7
compact_history_control,43859548,16.671,6,2,401694423.0,12.481,0.151,7
compact_history_control,43876227,16.679,6,2,401763943.0,12.481,0.151,8
compact_history_control,43892946,16.719,6,2,401848399.0,12.481,0.151,9
compact_history_control,43909548,16.602,6,2,401997971.0,12.481,0.151,8
compact_history_control,43926210,16.662,6,2,402081943.0,12.481,0.151,7
compact_history_control,43942868,16.658,6,2,402175963.0,12.481,0.151,7
compact_history_control,43959542,16.674,6,2,402247023.0,12.481,0.151,8
compact_history_control,43976215,16.673,6,2,402312607.0,12.481,0.151,8
compact_history_control,43992881,16.666,6,2,402374167.0,12.481,0.151,8
compact_history_control,44009537,16.656,6,2,402481279.0,12.481,0.151,8
compact_history_control,44026206,16.669,3,2,402545383.0,12.005,0.146,9
compact_history_control,44042876,16.67,5,2,402851075.0,12.005,0.146,8
compact_history_control,44059533,16.657,4,2,402971711.0,12.005,0.146,8
compact_history_control,44076201,16.668,4,2,402870463.0,12.005,0.146,7
compact_history_control,44092877,16.676,5,2,403106587.0,12.005,0.146,8
compact_history_control,44109547,16.67,5,2,403452311.0,12.005,0.146,8
compact_history_control,44126201,16.654,5,2,403680303.0,12.005,0.146,8
compact_history_control,44142865,16.664,5,2,404021475.0,12.005,0.146,8
compact_history_control,44159531,16.666,5,2,404259859.0,12.005,0.146,7
compact_history_control,44176245,16.714,5,2,404541191.0,12.005,0.146,8
compact_history_control,44192869,16.624,5,2,404842831.0,12.005,0.146,8
compact_history_control,44209530,16.661,5,2,405111683.0,12.005,0.146,8
compact_history_control,44226201,16.671,5,2,405413267.0,12.005,0.146,8
compact_history_control,44242866,16.665,3,2,405759167.0,12.005,0.146,8
compact_history_control,44259533,16.667,3,2,405989047.0,12.005,0.146,8
compact_history_control,44276187,16.654,1,2,406104903.0,12.005,0.146,8
compact_history_control,44292871,16.684,5,2,406028751.0,12.005,0.146,8
compact_history_control,44309533,16.662,6,2,406366959.0,12.005,0.146,7
compact_history_control,44326206,16.673,6,2,405849559.0,12.005,0.146,7
compact_history_control,44342867,16.661,6,2,406165215.0,12.005,0.146,8
compact_history_control,44359527,16.66,6,2,406514111.0,12.005,0.146,8
compact_history_control,44376204,16.677,6,2,406867755.0,12.005,0.146,8
compact_history_control,44392848,16.644,6,2,406847451.0,12.005,0.146,7
compact_history_control,44409526,16.678,6,2,407013763.0,12.005,0.146,7
compact_history_control,44426195,16.669,6,2,407123709.0,12.005,0.146,9
compact_history_control,44442865,16.67,6,2,407202631.0,12.005,0.146,8
compact_history_control,44459527,16.662,6,2,407315075.0,12.005,0.146,8
compact_history_control,44476182,16.655,3,2,407377499.0,12.005,0.146,8
compact_history_control,44492874,16.692,4,2,407594671.0,12.005,0.146,8
compact_history_control,44509531,16.657,3,2,407715307.0,12.005,0.146,9
compact_history_control,44526197,16.666,4,2,407614911.0,12.005,0.146,8
compact_history_control,44542869,16.672,5,2,407904739.0,12.005,0.146,8
compact_history_control,44559525,16.656,5,2,408187187.0,12.005,0.146,9
compact_history_control,44576203,16.678,5,2,408180103.0,12.005,0.146,7
compact_history_control,44592859,16.656,5,2,408283555.0,12.005,0.146,9
compact_history_control,44609528,16.669,5,2,408348599.0,12.005,0.146,8
compact_history_control,44626193,16.665,5,2,408448495.0,12.005,0.146,15
compact_history_control,44642862,16.669,5,2,408512971.0,12.005,0.146,8
compact_history_control,44659520,16.658,5,2,408622459.0,12.005,0.146,7
compact_history_control,44676197,16.677,5,2,408688283.0,12.005,0.146,8
compact_history_control,44692855,16.658,3,2,408828951.0,12.005,0.146,8
compact_history_control,44709526,16.671,3,2,409179963.0,12.005,0.146,8
compact_history_control,44728494,18.968,0,2,409220371.0,12.005,0.146,7
compact_history_control,44742850,14.356,5,2,409055891.0,12.005,0.146,2014
compact_history_control,44759513,16.663,7,2,409346187.0,12.005,0.146,7
compact_history_control,44776187,16.674,7,2,409654799.0,12.005,0.146,7
compact_history_control,44792847,16.66,7,2,409686631.0,12.005,0.146,8
compact_history_control,44809502,16.655,7,2,409706895.0,12.005,0.146,8
compact_history_control,44826371,16.869,7,2,409777143.0,12.005,0.146,8
compact_history_control,44842854,16.483,7,2,409831695.0,12.005,0.146,9
compact_history_control,44859509,16.655,7,2,409941183.0,12.005,0.146,7
compact_history_control,44878111,18.602,7,2,410006895.0,12.005,0.146,8
compact_history_control,44892843,14.732,7,2,410118099.0,12.005,0.146,8
compact_history_control,44909506,16.663,7,2,410212011.0,12.005,0.146,8
compact_history_control,44927972,18.466,7,2,410308695.0,12.005,0.146,7
compact_history_control,44942851,14.879,7,2,410365839.0,12.005,0.146,8
compact_history_control,44959504,16.653,7,2,410468899.0,12.005,0.146,8
compact_history_control,44976157,16.653,7,2,410532931.0,12.005,0.146,7
compact_history_control,44992835,16.678,7,2,410593463.0,12.005,0.146,8
compact_history_control,45009525,16.69,7,2,410648755.0,12.005,0.146,8
compact_history_control,45026173,16.648,7,2,410753571.0,12.668,0.305,8
compact_history_control,45042833,16.66,7,2,410822727.0,12.668,0.305,8
compact_history_control,45059499,16.666,7,2,410922479.0,12.668,0.305,7
compact_history_control,45076169,16.67,7,2,411065387.0,12.668,0.305,8
compact_history_control,45092836,16.667,7,2,411145863.0,12.668,0.305,8
compact_history_control,45109511,16.675,7,2,411201323.0,12.668,0.305,7
compact_history_control,45126165,16.654,7,2,411306779.0,12.668,0.305,8
compact_history_control,45142832,16.667,7,2,411377695.0,12.668,0.305,8
compact_history_control,45159498,16.666,7,2,411469003.0,12.668,0.305,8
compact_history_control,45176170,16.672,7,2,411529359.0,12.668,0.305,7
compact_history_control,45192850,16.68,7,2,411616719.0,12.668,0.305,9
compact_history_control,45209495,16.645,7,2,411726039.0,12.668,0.305,7
compact_history_control,45226155,16.66,7,2,411791395.0,12.668,0.305,8
compact_history_control,45242836,16.681,7,2,411875631.0,12.668,0.305,8
compact_history_control,45259503,16.667,7,2,411971743.0,12.668,0.305,8
compact_history_control,45276199,16.696,7,2,412036511.0,12.668,0.305,8
compact_history_control,45292832,16.633,7,2,412144695.0,12.668,0.305,8
compact_history_control,45309494,16.662,7,2,412230151.0,12.668,0.305,8
compact_history_control,45326153,16.659,7,2,412298651.0,12.668,0.305,7
compact_history_control,45342820,16.667,7,2,412393343.0,12.668,0.305,8
compact_history_control,45359503,16.683,7,2,412453471.0,12.668,0.305,9
compact_history_control,45376150,16.647,7,2,412581590.0,12.668,0.305,8
compact_history_control,45392822,16.672,7,2,412643407.0,12.668,0.305,8
compact_history_control,45409485,16.663,7,2,412735995.0,12.668,0.305,8
compact_history_control,45426164,16.679,7,2,412791403.0,12.668,0.305,7
compact_history_control,45442832,16.668,7,2,412964863.0,12.668,0.305,7
compact_history_control,45459481,16.649,7,2,413005179.0,12.668,0.305,9
compact_history_control,45476149,16.668,7,2,413106223.0,12.668,0.305,7
compact_history_control,45492830,16.681,7,2,413167447.0,12.668,0.305,8
compact_history_control,45509485,16.655,7,2,413285895.0,12.668,0.305,8
compact_history_control,45526149,16.664,7,2,413376487.0,12.668,0.305,8
compact_history_control,45542818,16.669,7,2,413450547.0,12.668,0.305,8
compact_history_control,45559490,16.672,7,2,413543255.0,12.668,0.305,7
compact_history_control,45576149,16.659,5,2,413683751.0,12.668,0.305,8
compact_history_control,45592825,16.676,5,2,413953439.0,12.668,0.305,9
compact_history_control,45610351,17.526,4,2,413988523.0,12.668,0.305,7
compact_history_control,45626152,15.801,4,2,413890067.0,12.668,0.305,11
compact_history_control,45642812,16.66,5,2,414088255.0,12.668,0.305,8
compact_history_control,45660217,17.405,5,2,414422155.0,12.668,0.305,7
compact_history_control,45676149,15.932,5,2,414659995.0,12.668,0.305,8
compact_history_control,45692813,16.664,5,2,414852479.0,12.668,0.305,9
compact_history_control,45710114,17.301,5,2,415198679.0,12.668,0.305,7
compact_history_control,45726147,16.033,5,2,415444783.0,12.668,0.305,8
compact_history_control,45742951,16.804,5,2,415667483.0,12.668,0.305,8
compact_history_control,45759641,16.69,5,2,415925055.0,12.668,0.305,8
compact_history_control,45776137,16.496,5,2,416203351.0,12.668,0.305,8
compact_history_control,45792814,16.677,3,2,416377387.0,12.668,0.305,8
compact_history_control,45809844,17.03,3,2,416732875.0,12.668,0.305,8
compact_history_control,45826130,16.286,2,2,416849455.0,12.668,0.305,8
compact_history_control,45843194,17.064,2,2,417042623.0,12.668,0.305,25
compact_history_control,45859678,16.484,4,2,416827111.0,12.668,0.305,7
compact_history_control,45876131,16.453,5,2,417114119.0,12.668,0.305,7
compact_history_control,45892799,16.668,5,2,417314243.0,12.668,0.305,10
compact_history_control,45909554,16.755,5,2,417601707.0,12.668,0.305,8
compact_history_control,45926138,16.584,5,2,417197939.0,12.668,0.305,9
compact_history_control,45942797,16.659,5,2,417355279.0,12.668,0.305,9
compact_history_control,45959607,16.81,5,2,417596927.0,12.668,0.305,7
compact_history_control,45976133,16.526,5,2,417951239.0,12.668,0.305,7
compact_history_control,45992798,16.665,5,2,418142223.0,12.668,0.305,8
compact_history_control,46009454,16.656,5,2,418127111.0,12.668,0.305,7
compact_history_control,46026138,16.684,5,2,418245939.0,13.166,0.253,7
compact_history_control,46042801,16.663,1,2,418360219.0,13.166,0.253,8
compact_history_control,46059458,16.657,3,2,418728735.0,13.166,0.253,7
compact_history_control,46076122,16.664,1,2,418724223.0,13.166,0.253,10
compact_history_control,46092798,16.676,1,2,418805787.0,13.166,0.253,9
compact_history_control,46110438,17.64,5,2,418882263.0,13.166,0.253,7
compact_history_control,46126126,15.688,6,2,419152323.0,13.166,0.253,7
compact_history_control,46142815,16.689,6,2,419256887.0,13.166,0.253,8
compact_history_control,46159468,16.653,6,2,419497695.0,13.166,0.253,9
compact_history_control,46176123,16.655,6,2,419597403.0,13.166,0.253,8
compact_history_control,46192788,16.665,6,2,419669443.0,13.166,0.253,7
compact_history_control,46209456,16.668,6,2,419776883.0,13.166,0.253,7
compact_history_control,46226119,16.663,6,2,419881823.0,13.166,0.253,7
compact_history_control,46242781,16.662,6,2,419958863.0,13.166,0.253,8
compact_history_control,46259455,16.674,6,2,420052051.0,13.166,0.253,8
compact_history_control,46276113,16.658,3,2,420164939.0,13.166,0.253,8
compact_history_control,46292781,16.668,4,2,420378959.0,13.166,0.253,8
compact_history_control,46309448,16.667,3,2,420428515.0,13.166,0.253,7
compact_history_control,46326113,16.665,4,2,420278575.0,13.166,0.253,8
compact_history_control,46342780,16.667,5,2,420517735.0,13.166,0.253,8
compact_history_control,46359444,16.664,5,2,420804711.0,13.166,0.253,8
compact_history_control,46376111,16.667,5,2,421119467.0,13.166,0.253,8
compact_history_control,46392799,16.688,5,2,421232523.0,13.166,0.253,7
compact_history_control,46409435,16.636,5,2,421185095.0,13.166,0.253,7
compact_history_control,46426106,16.671,5,2,421260903.0,13.166,0.253,8
compact_history_control,46442776,16.67,5,2,421353215.0,13.166,0.253,7
compact_history_control,46459451,16.675,5,2,421412643.0,13.166,0.253,7
compact_history_control,46476103,16.652,5,2,421556259.0,13.166,0.253,8
compact_history_control,46492769,16.666,5,2,421640351.0,13.166,0.253,8
compact_history_control,46509436,16.667,5,2,421731371.0,13.166,0.253,8
compact_history_control,46526117,16.681,5,2,421817579.0,13.166,0.253,8
compact_history_control,46542773,16.656,5,2,421907551.0,13.166,0.253,8
compact_history_control,46559435,16.662,5,2,421843623.0,13.166,0.253,8
compact_history_control,46576104,16.669,5,2,421969979.0,13.166,0.253,8
compact_history_control,46592767,16.663,5,2,422057067.0,13.166,0.253,8
compact_history_control,46609443,16.676,5,2,422141075.0,13.166,0.253,8
compact_history_control,46626104,16.661,5,2,422251343.0,13.166,0.253,8
compact_history_control,46642769,16.665,5,2,422321115.0,13.166,0.253,8
compact_history_control,46659427,16.658,5,2,422394275.0,13.166,0.253,8
compact_history_control,46676103,16.676,5,2,422498451.0,13.166,0.253,7
compact_history_control,46692772,16.669,5,2,422566927.0,13.166,0.253,9
compact_history_control,46709430,16.658,5,2,422730859.0,13.166,0.253,8
compact_history_control,46726096,16.666,5,2,422785695.0,13.166,0.253,8
compact_history_control,46742765,16.669,5,2,422839643.0,13.166,0.253,8
compact_history_control,46759434,16.669,5,2,422953619.0,13.166,0.253,8
compact_history_control,46776091,16.657,5,2,423050583.0,13.166,0.253,7
compact_history_control,46792759,16.668,5,2,423141615.0,13.166,0.253,7
compact_history_control,46809426,16.667,5,2,423214523.0,13.166,0.253,7
compact_history_control,46826093,16.667,5,2,423299603.0,13.166,0.253,8
compact_history_control,46842756,16.663,5,2,423404311.0,13.166,0.253,8
compact_history_control,46859419,16.663,5,2,423474079.0,13.166,0.253,7
compact_history_control,46876097,16.678,5,2,423541275.0,13.166,0.253,8
compact_history_control,46892754,16.657,5,2,423650947.0,13.166,0.253,8
compact_history_control,46909424,16.67,5,2,423769043.0,13.166,0.253,7
compact_history_control,46926083,16.659,5,2,423859555.0,13.166,0.253,8
compact_history_control,46942757,16.674,5,2,423925287.0,13.166,0.253,7
compact_history_control,46959425,16.668,5,2,423978287.0,13.166,0.253,8
compact_history_control,46976083,16.658,5,2,424066827.0,13.166,0.253,8
compact_history_control,46992754,16.671,5,2,424187519.0,13.166,0.253,7
compact_history_control,47009415,16.661,5,2,424280067.0,13.166,0.253,8
compact_history_control,47026094,16.679,5,2,424345487.0,17.461,0.132,7
compact_history_control,47042757,16.663,5,2,424428271.0,17.461,0.132,7
compact_history_control,47059415,16.658,5,2,424536695.0,17.461,0.132,8
compact_history_control,47076080,16.665,5,2,424595423.0,17.461,0.132,8
compact_history_control,47092759,16.679,5,2,424689935.0,17.461,0.132,8
compact_history_control,47109413,16.654,5,2,424838243.0,17.461,0.132,9
compact_history_control,47126082,16.669,5,2,424917307.0,17.461,0.132,7
compact_history_control,47142751,16.669,5,2,425009919.0,17.461,0.132,7
compact_history_control,47159439,16.688,5,2,425067407.0,17.461,0.132,8
compact_history_control,47176076,16.637,5,2,425162723.0,17.461,0.132,8
compact_history_control,47192755,16.679,3,2,425236887.0,17.461,0.132,8
compact_history_control,47209426,16.671,3,2,425492855.0,17.461,0.132,8
compact_history_control,47226115,16.689,0,2,425568231.0,17.461,0.132,8
compact_history_control,47242742,16.627,5,2,425553635.0,17.461,0.132,7
compact_history_control,47259431,16.689,7,2,425900827.0,17.461,0.132,8
compact_history_control,47276089,16.658,7,2,426126067.0,17.461,0.132,7
compact_history_control,47292750,16.661,7,2,426367263.0,17.461,0.132,8
compact_history_control,47309413,16.663,7,2,426709031.0,17.461,0.132,8
compact_history_control,47326078,16.665,7,2,426919223.0,17.461,0.132,8
compact_history_control,47342736,16.658,7,2,427285695.0,17.461,0.132,8
compact_history_control,47359568,16.832,7,2,427593207.0,17.461,0.132,8
compact_history_control,47376071,16.503,7,2,428961431.0,17.461,0.132,7
compact_history_control,47394757,18.686,7,2,429259407.0,17.461,0.132,7
compact_history_control,47409413,14.656,7,2,429428619.0,17.461,0.132,7
compact_history_control,47426078,16.665,7,2,429698211.0,17.461,0.132,7
compact_history_control,47444722,18.644,7,2,430119667.0,17.461,0.132,8
compact_history_control,47459404,14.682,7,2,430343659.0,17.461,0.132,9
compact_history_control,47476072,16.668,7,2,429775307.0,17.461,0.132,7
compact_history_control,47495584,19.512,7,2,429881195.0,17.461,0.132,9
compact_history_control,47509412,13.828,7,2,429931227.0,17.461,0.132,8
compact_history_control,47526067,16.655,7,2,430026835.0,17.461,0.132,8
compact_history_control,47544456,18.389,7,2,430217027.0,17.461,0.132,8
compact_history_control,47559398,14.942,7,2,430269123.0,17.461,0.132,8
compact_history_control,47576061,16.663,7,2,430363615.0,17.461,0.132,8
compact_history_control,47594315,18.254,7,2,430430211.0,17.461,0.132,7
compact_history_control,47609410,15.095,7,2,430480987.0,17.461,0.132,7
compact_history_control,47626066,16.656,7,2,430580643.0,17.461,0.132,8
compact_history_control,47644190,18.124,7,2,430771633.0,17.461,0.132,8
compact_history_control,47659399,15.209,7,2,430823187.0,17.461,0.132,8
compact_history_control,47676059,16.66,7,2,430913607.0,17.461,0.132,8
compact_history_control,47694089,18.03,7,2,430977659.0,17.461,0.132,9
compact_history_control,47709399,15.31,7,2,431126299.0,17.461,0.132,8
compact_history_control,47726054,16.655,7,2,431134619.0,17.461,0.132,8
compact_history_control,47743912,17.858,7,2,431327591.0,17.461,0.132,8
compact_history_control,47759398,15.486,7,2,431380167.0,17.461,0.132,9
compact_history_control,47776825,17.427,7,2,431477627.0,17.461,0.132,8
compact_history_control,47793851,17.026,7,2,431534467.0,17.461,0.132,8
compact_history_control,47809390,15.539,7,2,431588847.0,17.461,0.132,8
compact_history_control,47826071,16.681,7,2,431683387.0,17.461,0.132,8
compact_history_control,47843656,17.585,7,2,431776679.0,17.461,0.132,8
compact_history_control,47859388,15.732,7,2,431924467.0,17.461,0.132,8
compact_history_control,47876051,16.663,7,2,431987499.0,17.461,0.132,8
compact_history_control,47893525,17.474,7,2,432042351.0,17.461,0.132,8
compact_history_control,47909393,15.868,7,2,432138047.0,17.461,0.132,8
compact_history_control,47926055,16.662,7,2,432195679.0,17.461,0.132,8
compact_history_control,47943902,17.847,7,2,432330527.0,17.461,0.132,8
compact_history_control,47959388,15.486,7,2,432436399.0,17.461,0.132,8
compact_history_control,47976050,16.662,7,2,432532275.0,17.461,0.132,8
compact_history_control,47993763,17.713,7,2,432595759.0,17.461,0.132,8
compact_history_control,48009383,15.62,7,2,432646563.0,17.461,0.132,7
compact_history_control,48026058,16.675,7,2,432699587.0,10.987,2.125,9
compact_history_control,48043636,17.578,7,2,432751755.0,10.987,2.125,8
compact_history_control,48059391,15.755,5,2,432809003.0,10.987,2.125,10
compact_history_control,48076047,16.656,5,2,433147203.0,10.987,2.125,8
compact_history_control,48093483,17.436,4,2,433239195.0,10.987,2.125,8
compact_history_control,48109381,15.898,4,2,433079423.0,10.987,2.125,8
compact_history_control,48126050,16.669,5,2,433412627.0,10.987,2.125,8
compact_history_control,48143874,17.824,5,2,433639127.0,10.987,2.125,8
compact_history_control,48159385,15.511,5,2,434063991.0,10.987,2.125,9
compact_history_control,48176055,16.67,5,2,434222671.0,10.987,2.125,9
compact_history_control,48193739,17.684,5,2,434495499.0,10.987,2.125,7
compact_history_control,48209387,15.648,5,2,434716791.0,10.987,2.125,8
compact_history_control,48226045,16.658,5,2,434847083.0,10.987,2.125,8
compact_history_control,48242746,16.701,5,2,435031691.0,10.987,2.125,8
compact_history_control,48259366,16.62,5,2,435358675.0,10.987,2.125,7
compact_history_control,48276027,16.661,5,2,435583491.0,10.987,2.125,7
compact_history_control,48292699,16.672,5,2,435922851.0,10.987,2.125,9
compact_history_control,48309376,16.677,5,2,436146143.0,10.987,2.125,7
compact_history_control,48326060,16.684,5,2,435742191.0,10.987,2.125,10
compact_history_control,48342696,16.636,5,2,435847647.0,10.987,2.125,9
compact_history_control,48359367,16.671,5,2,435908095.0,10.987,2.125,7
compact_history_control,48376041,16.674,5,2,435908687.0,10.987,2.125,8
compact_history_control,48392707,16.666,5,2,435909279.0,10.987,2.125,8
compact_history_control,48409373,16.666,5,2,435909871.0,10.987,2.125,8
compact_history_control,48426045,16.672,5,2,435910463.0,10.987,2.125,8
compact_history_control,48442712,16.667,5,2,436048531.0,10.987,2.125,8
compact_history_control,48459362,16.65,5,2,436130155.0,10.987,2.125,6
compact_history_control,48476039,16.677,5,2,436130747.0,10.987,2.125,8
compact_history_control,48492705,16.666,5,2,436131339.0,10.987,2.125,8
compact_history_control,48509374,16.669,5,2,436131931.0,10.987,2.125,8
compact_history_control,48526035,16.661,5,2,436132523.0,10.987,2.125,8
compact_history_control,48542698,16.663,5,2,436133115.0,10.987,2.125,8
compact_history_control,48559369,16.671,5,2,436133707.0,10.987,2.125,9
compact_history_control,48576033,16.664,5,2,436134299.0,10.987,2.125,7
compact_history_control,48592701,16.668,5,2,436333687.0,10.987,2.125,8
compact_history_control,48609366,16.665,5,2,436334279.0,10.987,2.125,8
compact_history_control,48626075,16.709,5,2,436476379.0,10.987,2.125,8
compact_history_control,48642681,16.606,5,2,436563799.0,10.987,2.125,8
compact_history_control,48659350,16.669,5,2,436626867.0,10.987,2.125,7
compact_history_control,48676025,16.675,5,2,436748719.0,10.987,2.125,7
compact_history_control,48692682,16.657,5,2,436841419.0,10.987,2.125,7
compact_history_control,48709348,16.666,5,2,436901059.0,10.987,2.125,8
compact_history_control,48726016,16.668,5,2,436934543.0,10.987,2.125,8
compact_history_control,48742695,16.679,5,2,436981467.0,10.987,2.125,7
compact_history_control,48759358,16.663,5,2,436982059.0,10.987,2.125,8
compact_history_control,48776025,16.667,5,2,436982651.0,10.987,2.125,8
compact_history_control,48792696,16.671,5,2,436983243.0,10.987,2.125,8
compact_history_control,48809360,16.664,5,2,436983835.0,10.987,2.125,8
compact_history_control,48826025,16.665,5,2,436984427.0,10.987,2.125,8
compact_history_control,48842698,16.673,5,2,436985019.0,10.987,2.125,8
compact_history_control,48859357,16.659,5,2,436985611.0,10.987,2.125,8
compact_history_control,48876024,16.667,5,2,436986203.0,10.987,2.125,8
compact_history_control,48892687,16.663,5,2,437244023.0,10.987,2.125,8
compact_history_control,48909346,16.659,5,2,437336699.0,10.987,2.125,7
compact_history_control,48926015,16.669,5,2,437379167.0,10.987,2.125,7
compact_history_control,48942678,16.663,5,2,437482539.0,10.987,2.125,9
compact_history_control,48959343,16.665,5,2,437546611.0,10.987,2.125,8
compact_history_control,48976005,16.662,5,2,437611891.0,10.987,2.125,8
compact_history_control,48992670,16.665,5,2,437715855.0,10.987,2.125,7
compact_history_control,49009336,16.666,5,2,437784919.0,10.987,2.125,7
compact_history_control,49026011,16.675,5,2,437842715.0,12.744,0.161,7
compact_history_control,49042686,16.675,5,2,437843307.0,12.744,0.161,7
compact_history_control,49059347,16.661,5,2,437856691.0,12.744,0.161,8
compact_history_control,49076036,16.689,5,2,437857283.0,12.744,0.161,8
compact_history_control,49092666,16.63,5,2,438002007.0,12.744,0.161,8
compact_history_control,49109340,16.674,5,2,438084087.0,12.744,0.161,8
compact_history_control,49126011,16.671,5,2,438084679.0,12.744,0.161,8
compact_history_control,49142673,16.662,5,2,438143215.0,12.744,0.161,9
compact_history_control,49159331,16.658,5,2,438267851.0,12.744,0.161,7
compact_history_control,49175999,16.668,5,2,438345447.0,12.744,0.161,7
compact_history_control,49192668,16.669,5,2,438418343.0,12.744,0.161,9
compact_history_control,49209334,16.666,5,2,438487223.0,12.744,0.161,8
compact_history_control,49226015,16.681,5,2,438619207.0,12.744,0.161,8
compact_history_control,49242673,16.658,5,2,438623279.0,12.744,0.161,7
compact_history_control,49259352,16.679,5,2,438623871.0,12.744,0.161,7
compact_history_control,49275997,16.645,5,2,438750815.0,12.744,0.161,6
compact_history_control,49292677,16.68,5,2,438758363.0,12.744,0.161,8
compact_history_control,49309343,16.666,5,2,438758955.0,12.744,0.161,9
compact_history_control,49326004,16.661,5,2,438759547.0,12.744,0.161,8
compact_history_control,49342671,16.667,5,2,438760139.0,12.744,0.161,8
compact_history_control,49359323,16.652,5,2,438939067.0,12.744,0.161,8
compact_history_control,49375992,16.669,5,2,439007975.0,12.744,0.161,8
compact_history_control,49392670,16.678,5,2,439088543.0,12.744,0.161,7
compact_history_control,49409324,16.654,5,2,439201515.0,12.744,0.161,8
compact_history_control,49425988,16.664,5,2,439326767.0,12.744,0.161,7
compact_history_control,49442655,16.667,5,2,439394643.0,12.744,0.161,8
compact_history_control,49459320,16.665,5,2,439458107.0,12.744,0.161,8
compact_history_control,49475996,16.676,5,2,439458699.0,12.744,0.161,8
compact_history_control,49492662,16.666,5,2,439459291.0,12.744,0.161,8
compact_history_control,49509328,16.666,5,2,439459883.0,12.744,0.161,7
compact_history_control,49525996,16.668,5,2,439460475.0,12.744,0.161,7
compact_history_control,49542659,16.663,5,2,439461067.0,12.744,0.161,8
compact_history_control,49559311,16.652,5,2,439691771.0,12.744,0.161,8
compact_history_control,49575975,16.664,5,2,439761971.0,12.744,0.161,7
compact_history_control,49592649,16.674,5,2,439829279.0,12.744,0.161,8
compact_history_control,49609329,16.68,5,2,439896795.0,12.744,0.161,7
compact_history_control,49625986,16.657,5,2,440028699.0,12.744,0.161,7
compact_history_control,49642646,16.66,5,2,440121883.0,12.744,0.161,8
compact_history_control,49659310,16.664,5,2,440208811.0,12.744,0.161,8
compact_history_control,49675994,16.684,5,2,440209403.0,12.744,0.161,8
compact_history_control,49692662,16.668,5,2,440209995.0,12.744,0.161,8
compact_history_control,49709327,16.665,5,2,440210587.0,12.744,0.161,8
compact_history_control,49725989,16.662,5,2,440211179.0,12.744,0.161,8
compact_history_control,49742675,16.686,5,2,440431679.0,12.744,0.161,7
compact_history_control,49759311,16.636,5,2,440521883.0,12.744,0.161,8
compact_history_control,49775973,16.662,5,2,440644063.0,12.744,0.161,7
compact_history_control,49792651,16.678,5,2,440713959.0,12.744,0.161,8
compact_history_control,49809307,16.656,5,2,440841619.0,12.744,0.161,8
compact_history_control,49825970,16.663,5,2,440906871.0,12.744,0.161,8
compact_history_control,49842640,16.67,5,2,440967271.0,12.744,0.161,7
compact_history_control,49859322,16.682,5,2,440967863.0,12.744,0.161,7
compact_history_control,49875984,16.662,5,2,440968455.0,12.744,0.161,8
compact_history_control,49892647,16.663,5,2,440969047.0,12.744,0.161,9
compact_history_control,49909307,16.66,5,2,441108975.0,12.744,0.161,8
compact_history_control,49925969,16.662,5,2,441172847.0,12.744,0.161,9
compact_history_control,49942634,16.665,3,2,441331199.0,12.744,0.161,8
compact_history_control,49959296,16.662,3,2,441644223.0,12.744,0.161,8
compact_history_control,49975961,16.665,2,2,441718447.0,12.744,0.161,8
compact_history_control,49992635,16.674,4,2,441572607.0,12.744,0.161,7
compact_history_control,50009298,16.663,5,2,441808855.0,12.744,0.161,8
compact_history_control,50025976,16.678,5,2,442087167.0,10.351,0.141,7
compact_history_control,50042622,16.646,5,2,442529387.0,10.351,0.141,7
compact_history_control,50059295,16.673,5,2,442765403.0,10.351,0.141,8
compact_history_control,50075962,16.667,5,2,443015415.0,10.351,0.141,6
compact_history_control,50092632,16.67,5,2,443386807.0,10.351,0.141,7
compact_history_control,50109290,16.658,5,2,443627115.0,10.351,0.141,8
compact_history_control,50125958,16.668,5,2,443894303.0,10.351,0.141,8
compact_history_control,50142625,16.667,5,2,444218947.0,10.351,0.141,7
compact_history_control,50159313,16.688,5,2,444448019.0,10.351,0.141,8
compact_history_control,50175969,16.656,5,2,444765447.0,10.351,0.141,9
compact_history_control,50192637,16.668,5,2,444981511.0,10.351,0.141,6
compact_history_control,50209288,16.651,5,2,445275643.0,10.351,0.141,7
compact_history_control,50225967,16.679,5,2,444918223.0,10.351,0.141,8
compact_history_control,50242624,16.657,5,2,444982111.0,10.351,0.141,7
compact_history_control,50259290,16.666,5,2,445043079.0,10.351,0.141,8
compact_history_control,50275979,16.689,5,2,445176083.0,10.351,0.141,7
compact_history_control,50292619,16.64,5,2,445270651.0,10.351,0.141,8
compact_history_control,50309282,16.663,5,2,445349651.0,10.351,0.141,8
compact_history_control,50325956,16.674,5,2,445459495.0,10.351,0.141,8
compact_history_control,50342622,16.666,5,2,445534583.0,10.351,0.141,7
compact_history_control,50359282,16.66,5,2,445600475.0,10.351,0.141,8
compact_history_control,50375950,16.668,5,2,445660055.0,10.351,0.141,7
compact_history_control,50392618,16.668,5,2,445724687.0,10.351,0.141,8
compact_history_control,50409280,16.662,5,2,445850627.0,10.351,0.141,7
compact_history_control,50425956,16.676,5,2,445934315.0,10.351,0.141,10
compact_history_control,50442610,16.654,5,2,446010927.0,10.351,0.141,8
compact_history_control,50459288,16.678,5,2,446082075.0,10.351,0.141,7
compact_history_control,50476052,16.764,5,2,446175683.0,10.351,0.141,7
compact_history_control,50492764,16.712,5,2,446267659.0,10.351,0.141,8
compact_history_control,50509435,16.671,5,2,446326195.0,10.351,0.141,7
compact_history_control,50526149,16.714,5,2,446434095.0,10.351,0.141,8
compact_history_control,50542752,16.603,5,2,446499195.0,10.351,0.141,8
compact_history_control,50559492,16.74,5,2,446553267.0,10.351,0.141,8
compact_history_control,50576123,16.631,5,2,446655255.0,10.351,0.141,7
compact_history_control,50592764,16.641,5,2,446734487.0,10.351,0.141,8
compact_history_control,50609273,16.509,5,2,446818151.0,10.351,0.141,8
compact_history_control,50625944,16.671,5,2,446879759.0,10.351,0.141,8
compact_history_control,50642611,16.667,5,2,446941667.0,10.351,0.141,8
compact_history_control,50659292,16.681,5,2,446996267.0,10.351,0.141,8
compact_history_control,50675935,16.643,5,2,447101079.0,10.351,0.141,8
compact_history_control,50692604,16.669,5,2,447156859.0,10.351,0.141,8
compact_history_control,50709273,16.669,5,2,447236059.0,10.351,0.141,8
compact_history_control,50725931,16.658,5,2,447358403.0,10.351,0.141,8
compact_history_control,50742597,16.666,5,2,447428443.0,10.351,0.141,8
compact_history_control,50759265,16.668,5,2,447526779.0,10.351,0.141,8
compact_history_control,50775930,16.665,5,2,447596195.0,10.351,0.141,8
compact_history_control,50792599,16.669,5,2,447649731.0,10.351,0.141,8
compact_history_control,50809266,16.667,5,2,447756079.0,10.351,0.141,7
compact_history_control,50825950,16.684,5,2,447686395.0,10.351,0.141,36
compact_history_control,50842606,16.656,3,2,447762075.0,10.351,0.141,8
compact_history_control,50859265,16.659,2,2,448002403.0,10.351,0.141,7
compact_history_control,50875931,16.666,0,2,448151623.0,10.351,0.141,7
compact_history_control,50892595,16.664,5,2,448050279.0,10.351,0.141,7
compact_history_control,50909267,16.672,7,2,448342999.0,10.351,0.141,9
compact_history_control,50925931,16.664,7,2,448662247.0,10.351,0.141,8
compact_history_control,50942603,16.672,7,2,448919115.0,10.351,0.141,7
compact_history_control,50959264,16.661,7,2,449260407.0,10.351,0.141,8
compact_history_control,50975927,16.663,7,2,449562939.0,10.351,0.141,7
compact_history_control,50992596,16.669,7,2,449797767.0,10.351,0.141,7
compact_history_control,51009263,16.667,7,2,450179963.0,10.351,0.141,8
compact_history_control,51025923,16.66,7,2,450451403.0,11.181,0.134,6
compact_history_control,51042590,16.667,7,2,450684435.0,11.181,0.134,7
compact_history_control,51059252,16.662,7,2,451781591.0,11.181,0.134,7
compact_history_control,51075921,16.669,5,2,453592407.0,11.181,0.134,6
compact_history_control,51092587,16.666,5,2,453833775.0,11.181,0.134,7
compact_history_control,51109272,16.685,4,2,453995931.0,11.181,0.134,8
compact_history_control,51125928,16.656,4,2,453846315.0,11.181,0.134,8
compact_history_control,51142605,16.677,5,2,453494747.0,11.181,0.134,9
compact_history_control,51159252,16.647,5,2,453778931.0,11.181,0.134,7
compact_history_control,51175924,16.672,5,2,454087579.0,11.181,0.134,7
compact_history_control,51192588,16.664,5,2,454325339.0,11.181,0.134,9
compact_history_control,51209249,16.661,5,2,454335931.0,11.181,0.134,7
compact_history_control,51225920,16.671,5,2,454397235.0,11.181,0.134,9
compact_history_control,51242579,16.659,5,2,454567635.0,11.181,0.134,7
compact_history_control,51259251,16.672,5,2,454626755.0,11.181,0.134,7
compact_history_control,51275921,16.67,5,2,454733599.0,11.181,0.134,7
compact_history_control,51292584,16.663,5,2,454793343.0,11.181,0.134,8
compact_history_control,51309251,16.667,3,2,454930839.0,11.181,0.134,7
compact_history_control,51325909,16.658,3,2,455264455.0,11.181,0.134,7
compact_history_control,51342570,16.661,2,2,455337547.0,11.181,0.134,7
compact_history_control,51359241,16.671,4,2,455374735.0,11.181,0.134,7
compact_history_control,51375945,16.704,5,2,455646635.0,11.181,0.134,7
compact_history_control,51392581,16.636,5,2,455879627.0,11.181,0.134,7
compact_history_control,51409243,16.662,5,2,455835795.0,11.181,0.134,7
compact_history_control,51425902,16.659,5,2,455943263.0,11.181,0.134,8
compact_history_control,51442580,16.678,5,2,456045195.0,11.181,0.134,7
compact_history_control,51459244,16.664,5,2,456144651.0,11.181,0.134,8
compact_history_control,51475911,16.667,5,2,456208955.0,11.181,0.134,8
compact_history_control,51492596,16.685,5,2,456327987.0,11.181,0.134,8
compact_history_control,51509236,16.64,5,2,456360111.0,11.181,0.134,8
compact_history_control,51525909,16.673,5,2,456424199.0,11.181,0.134,8
compact_history_control,51542583,16.674,5,2,456484067.0,11.181,0.134,8
compact_history_control,51559251,16.668,1,2,456583387.0,11.181,0.134,8
compact_history_control,51575924,16.673,3,2,457000835.0,11.181,0.134,8
compact_history_control,51592570,16.646,1,2,457123107.0,11.181,0.134,7
compact_history_control,51609288,16.718,5,2,457016723.0,11.181,0.134,7
compact_history_control,51625931,16.643,6,2,457263027.0,11.181,0.134,12
compact_history_control,51642575,16.644,6,2,457619631.0,11.181,0.134,7
compact_history_control,51659288,16.713,6,2,457631615.0,11.181,0.134,8
compact_history_control,51675914,16.626,6,2,457724151.0,11.181,0.134,8
compact_history_control,51693021,17.107,6,2,457724743.0,11.181,0.134,8
compact_history_control,51709246,16.225,6,2,457725335.0,11.181,0.134,9
compact_history_control,51725915,16.669,6,2,457725927.0,11.181,0.134,8
compact_history_control,51742799,16.884,6,2,457729999.0,11.181,0.134,8
compact_history_control,51759250,16.451,6,2,457798679.0,11.181,0.134,8
compact_history_control,51775910,16.66,6,2,457860719.0,11.181,0.134,8
compact_history_control,51792662,16.752,6,2,457965859.0,11.181,0.134,8
compact_history_control,51809235,16.573,6,2,458082007.0,11.181,0.134,8
compact_history_control,51825910,16.675,6,2,458147323.0,11.181,0.134,8
compact_history_control,51843528,17.618,6,2,458246107.0,11.181,0.134,7
compact_history_control,51859236,15.708,6,2,458410683.0,11.181,0.134,8
compact_history_control,51875899,16.663,3,2,458435815.0,11.181,0.134,8
compact_history_control,51892568,16.669,4,2,458718791.0,11.181,0.134,7
compact_history_control,51909223,16.655,3,2,458844235.0,11.181,0.134,7
compact_history_control,51925937,16.714,3,2,459045171.0,11.181,0.134,10
compact_history_control,51943750,17.813,4,2,458867535.0,11.181,0.134,8
compact_history_control,51959231,15.481,5,2,459128971.0,11.181,0.134,9
compact_history_control,51975896,16.665,5,2,459424623.0,11.181,0.134,8
compact_history_control,51993641,17.745,5,2,459438031.0,11.181,0.134,7
compact_history_control,52009234,15.593,5,2,459512179.0,11.181,0.134,8
compact_history_control,52025908,16.674,5,2,459609999.0,11.425,0.22,9
compact_history_control,52042575,16.667,5,2,459692371.0,11.425,0.22,9
compact_history_control,52059235,16.66,5,2,459762743.0,11.425,0.22,8
compact_history_control,52075905,16.67,5,2,459855623.0,11.425,0.22,8
compact_history_control,52092561,16.656,5,2,460040119.0,11.425,0.22,8
compact_history_control,52109247,16.686,5,2,460023839.0,11.425,0.22,8
compact_history_control,52125898,16.651,5,2,460113491.0,11.425,0.22,8
compact_history_control,52144230,18.332,5,2,460212807.0,11.425,0.22,8
compact_history_control,52159218,14.988,3,2,460329787.0,11.425,0.22,9
compact_history_control,52175879,16.661,4,2,460578787.0,11.425,0.22,8
compact_history_control,52194186,18.307,1,2,460672543.0,11.425,0.22,7
compact_history_control,52209232,15.046,1,2,460878807.0,11.425,0.22,10
compact_history_control,52225893,16.661,5,2,460667199.0,11.425,0.22,7
compact_history_control,52242549,16.656,7,2,460967579.0,11.425,0.22,7
compact_history_control,52259231,16.682,7,2,461233383.0,11.425,0.22,7
compact_history_control,52275880,16.649,7,2,461299815.0,11.425,0.22,7
compact_history_control,52292540,16.66,7,2,461363323.0,11.425,0.22,8
compact_history_control,52309208,16.668,7,2,461509183.0,11.425,0.22,8
compact_history_control,52325883,16.675,7,2,461579319.0,11.425,0.22,7
compact_history_control,52342549,16.666,7,2,461734355.0,11.425,0.22,9
compact_history_control,52359206,16.657,7,2,461824879.0,11.425,0.22,8
compact_history_control,52375870,16.664,7,2,461933959.0,11.425,0.22,8
compact_history_control,52392547,16.677,5,2,462000891.0,11.425,0.22,9
compact_history_control,52409201,16.654,5,2,462332031.0,11.425,0.22,7
compact_history_control,52425880,16.679,4,2,462388455.0,11.425,0.22,8
compact_history_control,52442547,16.667,4,2,462303159.0,11.425,0.22,7
compact_history_control,52459201,16.654,5,2,462553735.0,11.425,0.22,10
compact_history_control,52475869,16.668,5,2,462832475.0,11.425,0.22,7
compact_history_control,52492535,16.666,5,2,463425415.0,11.425,0.22,10
compact_history_control,52509201,16.666,5,2,463573971.0,11.425,0.22,8
compact_history_control,52525887,16.686,5,2,463674367.0,11.425,0.22,7
compact_history_control,52542534,16.647,5,2,463738023.0,11.425,0.22,7
compact_history_control,52559324,16.79,5,2,463854055.0,11.425,0.22,8
compact_history_control,52575869,16.545,5,2,463917559.0,11.425,0.22,8
compact_history_control,52592536,16.667,5,2,464028807.0,11.425,0.22,7
compact_history_control,52609199,16.663,3,2,464142343.0,11.425,0.22,9
compact_history_control,52625894,16.695,3,2,464423771.0,11.425,0.22,7
compact_history_control,52642525,16.631,2,2,464503515.0,11.425,0.22,8
compact_history_control,52659189,16.664,4,2,464441711.0,11.425,0.22,8
compact_history_control,52675859,16.67,5,2,464689187.0,11.425,0.22,8
compact_history_control,52692557,16.698,5,2,465038131.0,11.425,0.22,8
compact_history_control,52709203,16.646,5,2,465016327.0,11.425,0.22,11
compact_history_control,52725865,16.662,5,2,465084779.0,11.425,0.22,8
compact_history_control,52742521,16.656,5,2,465206963.0,11.425,0.22,8
compact_history_control,52759190,16.669,5,2,465304559.0,11.425,0.22,7
compact_history_control,52775862,16.672,5,2,465386151.0,11.425,0.22,7
compact_history_control,52792523,16.661,5,2,465508031.0,11.425,0.22,9
compact_history_control,52809209,16.686,5,2,465579139.0,11.425,0.22,8
compact_history_control,52825869,16.66,5,2,465682191.0,11.425,0.22,9
compact_history_control,52842523,16.654,1,2,465801171.0,11.425,0.22,8
compact_history_control,52859185,16.662,3,2,466090675.0,11.425,0.22,7
compact_history_control,52875849,16.664,1,2,466150543.0,11.425,0.22,8
compact_history_control,52892518,16.669,5,2,466084523.0,11.425,0.22,7
compact_history_control,52909187,16.669,6,2,466422667.0,11.425,0.22,8
compact_history_control,52925867,16.68,6,2,466677015.0,11.425,0.22,7
compact_history_control,52942517,16.65,6,2,466696167.0,11.425,0.22,7
compact_history_control,52959179,16.662,6,2,466777947.0,11.425,0.22,8
compact_history_control,52975850,16.671,6,2,466914263.0,11.425,0.22,8
compact_history_control,52992515,16.665,6,2,467015571.0,11.425,0.22,8
compact_history_control,53009212,16.697,6,2,467089391.0,11.425,0.22,7
compact_history_control,53025842,16.63,6,2,467232031.0,11.176,0.179,8
compact_history_control,53042514,16.672,6,2,467318663.0,11.176,0.179,7
compact_history_control,53059177,16.663,6,2,467443067.0,11.176,0.179,8
compact_history_control,53075841,16.664,3,2,467539535.0,11.176,0.179,7
compact_history_control,53092512,16.671,4,2,467892359.0,11.176,0.179,8
compact_history_control,53109170,16.658,3,2,467962539.0,11.176,0.179,8
compact_history_control,53125836,16.666,4,2,467858607.0,11.176,0.179,7
compact_history_control,53142514,16.678,5,2,468095587.0,11.176,0.179,8
compact_history_control,53159176,16.662,5,2,468373015.0,11.176,0.179,7
compact_history_control,53175838,16.662,5,2,468438795.0,11.176,0.179,7
compact_history_control,53192506,16.668,5,2,468542435.0,11.176,0.179,8
compact_history_control,53209179,16.673,5,2,468653127.0,11.176,0.179,8
compact_history_control,53225833,16.654,5,2,468719499.0,11.176,0.179,10
compact_history_control,53242504,16.671,5,2,468894635.0,11.176,0.179,7
compact_history_control,53259170,16.666,5,2,468956835.0,11.176,0.179,8
compact_history_control,53275857,16.687,3,2,469057123.0,11.176,0.179,7
compact_history_control,53292506,16.649,3,2,469448531.0,11.176,0.179,8
compact_history_control,53309159,16.653,0,2,469457879.0,11.176,0.179,7
compact_history_control,53325831,16.672,5,2,469363195.0,11.176,0.179,8
compact_history_control,53342498,16.667,7,2,469656787.0,11.176,0.179,7
compact_history_control,53359165,16.667,7,2,469980823.0,11.176,0.179,8
compact_history_control,53375842,16.677,7,2,469956363.0,11.176,0.179,8
compact_history_control,53392489,16.647,7,2,470126103.0,11.176,0.179,9
compact_history_control,53409167,16.678,7,2,470242771.0,11.176,0.179,8
compact_history_control,53425834,16.667,7,2,470513931.0,11.176,0.179,8
compact_history_control,53442645,16.811,7,2,470538451.0,11.176,0.179,7
compact_history_control,53459158,16.513,7,2,470659715.0,11.176,0.179,7
compact_history_control,53475829,16.671,7,2,470781715.0,11.176,0.179,7
compact_history_control,53492494,16.665,5,2,470926171.0,11.176,0.179,8
compact_history_control,53509162,16.668,5,2,471307019.0,11.176,0.179,7
compact_history_control,53525833,16.671,4,2,471258279.0,11.176,0.179,7
compact_history_control,53542490,16.657,4,2,471151243.0,11.176,0.179,8
compact_history_control,53559162,16.672,5,2,471428183.0,11.176,0.179,7
compact_history_control,53575823,16.661,5,2,471666295.0,11.176,0.179,7
compact_history_control,53592493,16.67,5,2,471737715.0,11.176,0.179,8
compact_history_control,53609163,16.67,5,2,471853407.0,11.176,0.179,8
compact_history_control,53625826,16.663,5,2,471918851.0,11.176,0.179,8
compact_history_control,53642501,16.675,5,2,472016919.0,11.176,0.179,8
compact_history_control,53659156,16.655,5,2,472070443.0,11.176,0.179,7
compact_history_control,53675841,16.685,5,2,472176959.0,11.176,0.179,8
compact_history_control,53692487,16.646,5,2,472240091.0,11.176,0.179,7
compact_history_control,53709150,16.663,5,2,472435271.0,11.176,0.179,8
compact_history_control,53725881,16.731,5,2,472494107.0,11.176,0.179,8
compact_history_control,53742479,16.598,5,2,472589307.0,11.176,0.179,8
compact_history_control,53759153,16.674,5,2,472646915.0,11.176,0.179,8
compact_history_control,53775815,16.662,5,2,472743067.0,11.176,0.179,8
compact_history_control,53792484,16.669,5,2,472845059.0,11.176,0.179,8
compact_history_control,53809147,16.663,5,2,472991391.0,11.176,0.179,8
compact_history_control,53825819,16.672,5,2,473051547.0,11.176,0.179,8
compact_history_control,53842478,16.659,5,2,473150127.0,11.176,0.179,8
compact_history_control,53859141,16.663,5,2,473211131.0,11.176,0.179,8
compact_history_control,53875845,16.704,5,2,473366971.0,11.176,0.179,15
compact_history_control,53892477,16.632,5,2,473447675.0,11.176,0.179,7
compact_history_control,53909162,16.685,5,2,473569467.0,11.176,0.179,8
compact_history_control,53925807,16.645,5,2,473598347.0,11.176,0.179,8
compact_history_control,53942480,16.673,5,2,473653583.0,11.176,0.179,8
compact_history_control,53959144,16.664,5,2,473752703.0,11.176,0.179,8
compact_history_control,53975807,16.663,5,2,473826783.0,11.176,0.179,8
compact_history_control,53992477,16.67,5,2,473939175.0,11.176,0.179,8
compact_history_control,54009147,16.67,5,2,473997903.0,11.176,0.179,7
compact_history_control,54025804,16.657,5,2,474093483.0,10.958,0.17,8
compact_history_control,54042473,16.669,5,2,474153435.0,10.958,0.17,8
compact_history_control,54059140,16.667,5,2,474252191.0,10.958,0.17,7
compact_history_control,54075802,16.662,5,2,474313039.0,10.958,0.17,7
compact_history_control,54092467,16.665,5,2,474552551.0,10.958,0.17,8
compact_history_control,54109134,16.667,5,2,474716491.0,10.958,0.17,8
compact_history_control,54125809,16.675,5,2,474890255.0,10.958,0.17,7
compact_history_control,54142471,16.662,5,2,475064899.0,10.958,0.17,8
compact_history_control,54159139,16.668,5,2,475246823.0,10.958,0.17,9
compact_history_control,54175797,16.658,5,2,475499523.0,10.958,0.17,8
compact_history_control,54192476,16.679,5,2,475682287.0,10.958,0.17,8
compact_history_control,54209133,16.657,5,2,475727931.0,10.958,0.17,8
compact_history_control,54225796,16.663,5,2,475772671.0,10.958,0.17,8
compact_history_control,54242460,16.664,3,2,475813111.0,10.958,0.17,8
compact_history_control,54259135,16.675,3,2,476188671.0,10.958,0.17,8
compact_history_control,54275793,16.658,2,2,476293651.0,10.958,0.17,8
compact_history_control,54292457,16.664,4,2,476206503.0,10.958,0.17,7
compact_history_control,54309126,16.669,5,2,476468295.0,10.958,0.17,8
compact_history_control,54325793,16.667,5,2,476847383.0,10.958,0.17,7
compact_history_control,54342459,16.666,5,2,477144907.0,10.958,0.17,7
compact_history_control,54359128,16.669,5,2,477384091.0,10.958,0.17,7
compact_history_control,54375797,16.669,5,2,477724591.0,10.958,0.17,7
compact_history_control,54392457,16.66,5,2,477978519.0,10.958,0.17,6
compact_history_control,54409137,16.68,5,2,478226127.0,10.958,0.17,8
compact_history_control,54425811,16.674,5,2,478588375.0,10.958,0.17,9
compact_history_control,54442467,16.656,5,2,478827391.0,10.958,0.17,6
compact_history_control,54459125,16.658,5,2,479132327.0,10.958,0.17,7
compact_history_control,54475800,16.675,1,2,479569083.0,10.958,0.17,6
compact_history_control,54492452,16.652,3,2,479838831.0,10.958,0.17,7
compact_history_control,54509124,16.672,1,2,479760559.0,10.958,0.17,7
compact_history_control,54525819,16.695,5,2,479672835.0,10.958,0.17,7
compact_history_control,54542464,16.645,6,2,479247179.0,10.958,0.17,8
compact_history_control,54559120,16.656,6,2,479653139.0,10.958,0.17,8
compact_history_control,54575780,16.66,6,2,479903795.0,10.958,0.17,7
compact_history_control,54592455,16.675,6,2,480260831.0,10.958,0.17,8
compact_history_control,54609120,16.665,6,2,480274231.0,10.958,0.17,7
compact_history_control,54625806,16.686,6,2,480384647.0,10.958,0.17,8
compact_history_control,54642444,16.638,6,2,480454783.0,10.958,0.17,8
compact_history_control,54659161,16.717,6,2,480570931.0,10.958,0.17,7
compact_history_control,54675796,16.635,6,2,480696007.0,10.958,0.17,8
compact_history_control,54692458,16.662,3,2,480774159.0,10.958,0.17,9
compact_history_control,54709173,16.715,4,2,481149367.0,10.958,0.17,8
compact_history_control,54725779,16.606,3,2,481095871.0,10.958,0.17,7
compact_history_control,54742452,16.673,4,2,481053767.0,10.958,0.17,7
compact_history_control,54759111,16.659,5,2,481382227.0,10.958,0.17,8
compact_history_control,54775808,16.697,5,2,481705639.0,10.958,0.17,7
compact_history_control,54792447,16.639,5,2,481702207.0,10.958,0.17,8
compact_history_control,54809112,16.665,5,2,481788519.0,10.958,0.17,8
compact_history_control,54825782,16.67,5,2,481909915.0,10.958,0.17,8
compact_history_control,54842446,16.664,5,2,482202167.0,10.958,0.17,8
compact_history_control,54859107,16.661,5,2,482217731.0,10.958,0.17,8
compact_history_control,54875773,16.666,5,2,482298607.0,10.958,0.17,8
compact_history_control,54892436,16.663,5,2,482421175.0,10.958,0.17,8
compact_history_control,54909106,16.67,5,2,482512855.0,10.958,0.17,7
compact_history_control,54925773,16.667,5,2,482580619.0,10.958,0.17,7
compact_history_control,54942441,16.668,5,2,482720039.0,10.958,0.17,8
compact_history_control,54959109,16.668,5,2,482845875.0,10.958,0.17,8
compact_history_control,54975769,16.66,5,2,482997971.0,10.958,0.17,7
compact_history_control,54992439,16.67,5,2,483099235.0,10.958,0.17,7
compact_history_control,55009100,16.661,5,2,483167715.0,10.958,0.17,9
compact_history_control,55025769,16.669,5,2,483266171.0,11.232,0.157,8
compact_history_control,55042427,16.658,5,2,483388031.0,11.232,0.157,8
compact_history_control,55059107,16.68,5,2,483714003.0,11.232,0.157,7
compact_history_control,55075762,16.655,5,2,483710035.0,11.232,0.157,9
compact_history_control,55092438,16.676,5,2,483693783.0,11.232,0.157,7
compact_history_control,55109093,16.655,5,2,483801511.0,11.232,0.157,8
compact_history_control,55125757,16.664,5,2,483871395.0,11.232,0.157,7
compact_history_control,55142423,16.666,5,2,483962171.0,11.232,0.157,16
compact_history_control,55159091,16.668,5,2,484102183.0,11.232,0.157,8
compact_history_control,55175771,16.68,5,2,484276263.0,11.232,0.157,7
compact_history_control,55192433,16.662,5,2,484360911.0,11.232,0.157,8
compact_history_control,55209093,16.66,5,2,484415659.0,11.232,0.157,7
compact_history_control,55225797,16.704,5,2,484524987.0,11.232,0.157,8
compact_history_control,55242421,16.624,5,2,484600227.0,11.232,0.157,14
compact_history_control,55259089,16.668,5,2,484769075.0,11.232,0.157,8
compact_history_control,55275754,16.665,5,2,484882187.0,11.232,0.157,7
compact_history_control,55292426,16.672,5,2,485026815.0,11.232,0.157,8
compact_history_control,55309092,16.666,5,2,485083335.0,11.232,0.157,8
compact_history_control,55325753,16.661,5,2,485185871.0,11.232,0.157,7
compact_history_control,55342425,16.672,5,2,485260295.0,11.232,0.157,8
compact_history_control,55359085,16.66,5,2,485409783.0,11.232,0.157,8
compact_history_control,55375758,16.673,5,2,485520863.0,11.232,0.157,8
compact_history_control,55392417,16.659,5,2,485663619.0,11.232,0.157,8
compact_history_control,55409082,16.665,5,2,485736843.0,11.232,0.157,8
compact_history_control,55425757,16.675,5,2,485806307.0,11.232,0.157,7
compact_history_control,55442416,16.659,5,2,485950499.0,11.232,0.157,7
compact_history_control,55459083,16.667,5,2,486027883.0,11.232,0.157,8
compact_history_control,55475745,16.662,5,2,486221759.0,11.232,0.157,7
compact_history_control,55492408,16.663,5,2,486275463.0,11.232,0.157,8
compact_history_control,55509079,16.671,5,2,486458163.0,11.232,0.157,8
compact_history_control,55525749,16.67,5,2,486547075.0,11.232,0.157,7
compact_history_control,55542420,16.671,5,2,486667703.0,11.232,0.157,8
compact_history_control,55559070,16.65,3,2,486742171.0,11.232,0.157,7
compact_history_control,55575740,16.67,3,2,486982839.0,11.232,0.157,8
compact_history_control,55592409,16.669,0,2,487146127.0,11.232,0.157,8
compact_history_control,55609080,16.671,5,2,487278139.0,11.232,0.157,8
compact_history_control,55625768,16.688,7,2,487505711.0,11.232,0.157,7
compact_history_control,55642402,16.634,7,2,487788783.0,11.232,0.157,7
compact_history_control,55659069,16.667,7,2,488067775.0,11.232,0.157,7
compact_history_control,55675752,16.683,7,2,488341135.0,11.232,0.157,8
compact_history_control,55692420,16.668,7,2,488543015.0,11.232,0.157,7
compact_history_control,55709075,16.655,7,2,489043239.0,11.232,0.157,8
compact_history_control,55725905,16.83,7,2,489250899.0,11.232,0.157,8
compact_history_control,55742421,16.516,7,2,489538699.0,11.232,0.157,9
compact_history_control,55759076,16.655,7,2,489805239.0,11.232,0.157,9
compact_history_control,55775734,16.658,7,2,490053055.0,11.232,0.157,7
compact_history_control,55792426,16.692,7,2,490273195.0,11.232,0.157,8
compact_history_control,55809141,16.715,7,2,490706167.0,11.232,0.157,9
compact_history_control,55826218,17.077,7,2,491129507.0,11.232,0.157,7
compact_history_control,55842387,16.169,7,2,489395479.0,11.232,0.157,8
compact_history_control,55859094,16.707,7,2,488675431.0,11.232,0.157,8
compact_history_control,55876071,16.977,7,2,487991963.0,11.232,0.157,8
compact_history_control,55892406,16.335,7,2,486018723.0,11.232,0.157,7
compact_history_control,55909068,16.662,7,2,485744383.0,11.232,0.157,8
compact_history_control,55925950,16.882,7,2,485835455.0,11.232,0.157,8
compact_history_control,55942397,16.447,7,2,485900007.0,11.232,0.157,8
compact_history_control,55959068,16.671,7,2,485953907.0,11.232,0.157,8
compact_history_control,55975818,16.75,7,2,486051311.0,11.232,0.157,8
compact_history_control,55992394,16.576,7,2,486105931.0,11.232,0.157,8
compact_history_control,56009065,16.671,7,2,486371095.0,11.232,0.157,8
compact_history_control,56025739,16.674,7,2,486462127.0,14.544,0.13,8
compact_history_control,56042390,16.651,7,2,486559979.0,14.544,0.13,8
compact_history_control,56059067,16.677,7,2,486615895.0,14.544,0.13,8
compact_history_control,56075728,16.661,7,2,486715995.0,14.544,0.13,7
compact_history_control,56092472,16.744,7,2,486776251.0,14.544,0.13,8
compact_history_control,56109067,16.595,7,2,487000011.0,14.544,0.13,8
compact_history_control,56125740,16.673,7,2,487086295.0,14.544,0.13,8
compact_history_control,56142392,16.652,7,2,487188311.0,14.544,0.13,8
compact_history_control,56159065,16.673,7,2,487281171.0,14.544,0.13,8
compact_history_control,56175732,16.667,7,2,487346223.0,14.544,0.13,8
compact_history_control,56192397,16.665,7,2,487402107.0,14.544,0.13,7
compact_history_control,56209050,16.653,7,2,487700387.0,14.544,0.13,8
compact_history_control,56225718,16.668,7,2,487899063.0,14.544,0.13,8
compact_history_control,56242385,16.667,7,2,488072367.0,14.544,0.13,8
compact_history_control,56259056,16.671,7,2,488235163.0,14.544,0.13,8
compact_history_control,56275714,16.658,7,2,488483723.0,14.544,0.13,8
compact_history_control,56292384,16.67,7,2,488651851.0,14.544,0.13,8
compact_history_control,56309046,16.662,7,2,488815583.0,14.544,0.13,7
compact_history_control,56325725,16.679,7,2,488909275.0,14.544,0.13,8
compact_history_control,56342382,16.657,7,2,488955571.0,14.544,0.13,8
compact_history_control,56359046,16.664,7,2,488999659.0,14.544,0.13,8
compact_history_control,56375722,16.676,5,2,489070259.0,14.544,0.13,8
compact_history_control,56392380,16.658,5,2,489297699.0,14.544,0.13,7
compact_history_control,56409041,16.661,4,2,489398467.0,14.544,0.13,8
compact_history_control,56425715,16.674,4,2,489344267.0,14.544,0.13,8
compact_history_control,56442380,16.665,5,2,489603927.0,14.544,0.13,8
compact_history_control,56459046,16.666,5,2,489849619.0,14.544,0.13,8
compact_history_control,56475726,16.68,5,2,490128231.0,14.544,0.13,7
compact_history_control,56492376,16.65,5,2,490362171.0,14.544,0.13,7
compact_history_control,56509035,16.659,5,2,490659431.0,14.544,0.13,6
compact_history_control,56525709,16.674,5,2,490929291.0,14.544,0.13,6
compact_history_control,56542374,16.665,5,2,491290247.0,14.544,0.13,7
compact_history_control,56559037,16.663,5,2,491592971.0,14.544,0.13,8
compact_history_control,56575700,16.663,5,2,491809231.0,14.544,0.13,8
compact_history_control,56592367,16.667,5,2,492105823.0,14.544,0.13,7
compact_history_control,56609034,16.667,5,2,492310951.0,14.544,0.13,14
compact_history_control,56625701,16.667,5,2,492693463.0,14.544,0.13,7
compact_history_control,56642367,16.666,5,2,492218031.0,14.544,0.13,8
compact_history_control,56659043,16.676,5,2,492280675.0,14.544,0.13,9
compact_history_control,56675714,16.671,5,2,492386499.0,14.544,0.13,11
compact_history_control,56692387,16.673,5,2,492447795.0,14.544,0.13,8
compact_history_control,56709030,16.643,5,2,492543783.0,14.544,0.13,8
compact_history_control,56725703,16.673,5,2,492604763.0,14.544,0.13,8
compact_history_control,56742365,16.662,5,2,492750807.0,14.544,0.13,8
compact_history_control,56759032,16.667,5,2,492810815.0,14.544,0.13,9
compact_history_control,56775697,16.665,5,2,492916483.0,14.544,0.13,7
compact_history_control,56792367,16.67,5,2,492977343.0,14.544,0.13,8
compact_history_control,56809032,16.665,5,2,493071311.0,14.544,0.13,8
compact_history_control,56825695,16.663,5,2,493125283.0,14.544,0.13,8
compact_history_control,56842367,16.672,5,2,493252507.0,14.544,0.13,8
compact_history_control,56859024,16.657,5,2,493321823.0,14.544,0.13,8
compact_history_control,56875694,16.67,5,2,493383719.0,14.544,0.13,8
compact_history_control,56892358,16.664,5,2,493482051.0,14.544,0.13,7
compact_history_control,56909038,16.68,5,2,493534779.0,14.544,0.13,8
compact_history_control,56925698,16.66,5,2,493673319.0,14.544,0.13,8
compact_history_control,56942366,16.668,5,2,493731171.0,14.544,0.13,7
compact_history_control,56959018,16.652,5,2,493836375.0,14.544,0.13,8
compact_history_control,56975708,16.69,5,2,493899671.0,14.544,0.13,11
compact_history_control,56992355,16.647,5,2,493992019.0,14.544,0.13,7
compact_history_control,57009018,16.663,5,2,494077667.0,14.544,0.13,7
compact_history_control,57025689,16.671,5,2,494184307.0,10.547,0.124,8
compact_history_control,57042355,16.666,5,2,494254271.0,10.547,0.124,8
compact_history_control,57059020,16.665,5,2,494315187.0,10.547,0.124,8
compact_history_control,57075682,16.662,5,2,494415847.0,10.547,0.124,7
compact_history_control,57092355,16.673,5,2,494483235.0,10.547,0.124,8
compact_history_control,57109015,16.66,5,2,494616823.0,10.547,0.124,8
compact_history_control,57125679,16.664,5,2,494681731.0,10.547,0.124,7
compact_history_control,57142353,16.674,5,2,494785383.0,10.547,0.124,8
compact_history_control,57159011,16.658,3,2,494850475.0,10.547,0.124,7
compact_history_control,57175685,16.674,3,2,495120623.0,10.547,0.124,7
compact_history_control,57192340,16.655,2,2,495205863.0,10.547,0.124,7
compact_history_control,57209010,16.67,4,2,495091839.0,10.547,0.124,7
compact_history_control,57225673,16.663,5,2,495401875.0,10.547,0.124,7
compact_history_control,57242343,16.67,5,2,495656559.0,10.547,0.124,7
compact_history_control,57259008,16.665,5,2,496062343.0,10.547,0.124,8
compact_history_control,57275688,16.68,5,2,496361791.0,10.547,0.124,8
compact_history_control,57292348,16.66,5,2,496678151.0,10.547,0.124,7
compact_history_control,57309006,16.658,5,2,496945147.0,10.547,0.124,7
compact_history_control,57325674,16.668,5,2,497357939.0,10.547,0.124,8
compact_history_control,57342339,16.665,5,2,497606343.0,10.547,0.124,6
compact_history_control,57359008,16.669,5,2,497927967.0,10.547,0.124,9
compact_history_control,57375674,16.666,5,2,498207467.0,10.547,0.124,7
compact_history_control,57392339,16.665,5,2,498513303.0,10.547,0.124,7
compact_history_control,57409018,16.679,5,2,498732103.0,10.547,0.124,7
compact_history_control,57425670,16.652,5,2,498229543.0,10.547,0.124,6
compact_history_control,57442333,16.663,5,2,498329323.0,10.547,0.124,9
compact_history_control,57459004,16.671,5,2,498397995.0,10.547,0.124,8
compact_history_control,57475664,16.66,5,2,498517023.0,10.547,0.124,8
compact_history_control,57492330,16.666,5,2,498578811.0,10.547,0.124,8
compact_history_control,57508995,16.665,5,2,498682579.0,10.547,0.124,8
compact_history_control,57525664,16.669,5,2,498779099.0,10.547,0.124,8
compact_history_control,57542329,16.665,5,2,498844055.0,10.547,0.124,8
compact_history_control,57558995,16.666,5,2,498959727.0,10.547,0.124,7
compact_history_control,57575660,16.665,5,2,499063075.0,10.547,0.124,8
compact_history_control,57592335,16.675,5,2,499123587.0,10.547,0.124,8
compact_history_control,57608995,16.66,5,2,499263559.0,10.547,0.124,8
compact_history_control,57625661,16.666,5,2,499344339.0,10.547,0.124,8
compact_history_control,57642336,16.675,5,2,499411483.0,10.547,0.124,8
compact_history_control,57658995,16.659,5,2,499557251.0,10.547,0.124,8
compact_history_control,57675661,16.666,5,2,499629267.0,10.547,0.124,6
compact_history_control,57692350,16.689,5,2,499705083.0,10.547,0.124,8
compact_history_control,57709000,16.65,5,2,499853139.0,10.547,0.124,8
compact_history_control,57725658,16.658,5,2,499927815.0,10.547,0.124,11
compact_history_control,57742319,16.661,5,2,500044835.0,10.547,0.124,8
compact_history_control,57758987,16.668,5,2,500141855.0,10.547,0.124,7
compact_history_control,57775655,16.668,5,2,500206707.0,10.547,0.124,7
compact_history_control,57792325,16.67,5,2,500274823.0,10.547,0.124,7
compact_history_control,57808994,16.669,5,2,500393667.0,10.547,0.124,7
compact_history_control,57825684,16.69,5,2,500459047.0,10.547,0.124,7
compact_history_control,57842317,16.633,5,2,500591123.0,10.547,0.124,10
compact_history_control,57858991,16.674,5,2,500656283.0,10.547,0.124,8
compact_history_control,57875655,16.664,5,2,500708247.0,10.547,0.124,8
compact_history_control,57892335,16.68,5,2,500817787.0,10.547,0.124,9
compact_history_control,57908981,16.646,5,2,500903851.0,10.547,0.124,7
compact_history_control,57925677,16.696,5,2,501016643.0,10.547,0.124,8
compact_history_control,57942318,16.641,5,2,501112383.0,10.547,0.124,8
compact_history_control,57958987,16.669,5,2,501169103.0,10.547,0.124,8
compact_history_control,57975650,16.663,1,2,501278991.0,10.547,0.124,8
compact_history_control,57992311,16.661,3,2,501518163.0,10.547,0.124,7
compact_history_control,58008974,16.663,1,2,501619115.0,10.547,0.124,7
compact_history_control,58025643,16.669,5,2,501511447.0,11.271,0.136,7
compact_history_control,58042318,16.675,6,2,501812215.0,11.271,0.136,8
compact_history_control,58058978,16.66,6,2,502158539.0,11.271,0.136,7
compact_history_control,58075666,16.688,6,2,502463487.0,11.271,0.136,7
compact_history_control,58092320,16.654,6,2,502725879.0,11.271,0.136,7
compact_history_control,58109081,16.761,6,2,502952827.0,11.271,0.136,7
compact_history_control,58125647,16.566,6,2,503298391.0,11.271,0.136,7
compact_history_control,58142307,16.66,6,2,503532803.0,11.271,0.136,7
compact_history_control,58158975,16.668,6,2,503805311.0,11.271,0.136,8
compact_history_control,58175637,16.662,6,2,504113955.0,11.271,0.136,8
compact_history_control,58192310,16.673,6,2,504340303.0,11.271,0.136,8
compact_history_control,58208977,16.667,6,2,504762883.0,11.271,0.136,7
compact_history_control,58225643,16.666,6,2,504989083.0,11.271,0.136,7
compact_history_control,58242308,16.665,6,2,504532395.0,11.271,0.136,7
compact_history_control,58258973,16.665,6,2,504592843.0,11.271,0.136,10
compact_history_control,58275645,16.672,6,2,504686847.0,11.271,0.136,7
compact_history_control,58292306,16.661,6,2,504786607.0,11.271,0.136,7
compact_history_control,58308976,16.67,6,2,504865059.0,11.271,0.136,8
compact_history_control,58325635,16.659,6,2,504978699.0,11.271,0.136,8
compact_history_control,58342303,16.668,6,2,505042347.0,11.271,0.136,8
compact_history_control,58358975,16.672,6,2,505136971.0,11.271,0.136,8
compact_history_control,58375631,16.656,6,2,505193911.0,11.271,0.136,8
compact_history_control,58392295,16.664,6,2,505258263.0,11.271,0.136,8
compact_history_control,58408964,16.669,6,2,505399631.0,11.271,0.136,8
compact_history_control,58425656,16.692,6,2,505484875.0,11.271,0.136,8
compact_history_control,58442299,16.643,6,2,505574787.0,11.271,0.136,8
compact_history_control,58458962,16.663,6,2,505683439.0,11.271,0.136,8
compact_history_control,58475629,16.667,6,2,505743479.0,11.271,0.136,8
compact_history_control,58492304,16.675,6,2,505849791.0,11.271,0.136,7
compact_history_control,58508958,16.654,6,2,505915047.0,11.271,0.136,8
compact_history_control,58525627,16.669,6,2,505975239.0,11.271,0.136,7
compact_history_control,58542287,16.66,6,2,506129663.0,11.271,0.136,8
compact_history_control,58558962,16.675,6,2,506190271.0,11.271,0.136,7
compact_history_control,58575623,16.661,6,2,506294711.0,11.271,0.136,8
compact_history_control,58592292,16.669,6,2,506353787.0,11.271,0.136,8
compact_history_control,58608958,16.666,6,2,506465183.0,11.271,0.136,8
compact_history_control,58625643,16.685,6,2,506532019.0,11.271,0.136,8
compact_history_control,58642290,16.647,6,2,506631003.0,11.271,0.136,8
compact_history_control,58658954,16.664,6,2,506774959.0,11.271,0.136,7
compact_history_control,58675621,16.667,6,2,506830291.0,11.271,0.136,7
compact_history_control,58692292,16.671,6,2,506952195.0,11.271,0.136,9
compact_history_control,58708957,16.665,6,2,507022835.0,11.271,0.136,7
compact_history_control,58725620,16.663,6,2,507123179.0,11.271,0.136,7
compact_history_control,58742282,16.662,6,2,507202067.0,11.271,0.136,8
compact_history_control,58758949,16.667,3,2,507270795.0,11.271,0.136,8
compact_history_control,58775618,16.669,4,2,507640539.0,11.271,0.136,7
compact_history_control,58792275,16.657,3,2,507753491.0,11.271,0.136,7
compact_history_control,58808950,16.675,4,2,507647423.0,11.271,0.136,7
compact_history_control,58825618,16.668,5,2,507893947.0,11.271,0.136,7
compact_history_control,58842276,16.658,5,2,508158935.0,11.271,0.136,8
compact_history_control,58858947,16.671,5,2,508512527.0,11.271,0.136,7
compact_history_control,58875608,16.661,5,2,508776383.0,11.271,0.136,8
compact_history_control,58892278,16.67,5,2,509163243.0,11.271,0.136,7
compact_history_control,58908949,16.671,5,2,509482131.0,11.271,0.136,8
compact_history_control,58925608,16.659,5,2,509668863.0,11.271,0.136,9
compact_history_control,58942283,16.675,5,2,509972403.0,11.271,0.136,7
compact_history_control,58958946,16.663,5,2,510241351.0,11.271,0.136,9
compact_history_control,58975637,16.691,5,2,510563751.0,11.271,0.136,7
compact_history_control,58992272,16.635,5,2,510862275.0,11.271,0.136,7
compact_history_control,59008940,16.668,5,2,510448499.0,11.271,0.136,8
compact_history_control,59025604,16.664,5,2,510547495.0,11.931,0.214,8
compact_history_control,59042267,16.663,5,2,510630547.0,11.931,0.214,8
compact_history_control,59058944,16.677,5,2,510748507.0,11.931,0.214,9
compact_history_control,59075599,16.655,5,2,510821559.0,11.931,0.214,7
compact_history_control,59092272,16.673,5,2,510916115.0,11.931,0.214,7
compact_history_control,59108935,16.663,5,2,511013387.0,11.931,0.214,8
compact_history_control,59125605,16.67,5,2,511077519.0,11.931,0.214,8
compact_history_control,59142263,16.658,5,2,511184267.0,11.931,0.214,8
compact_history_control,59158938,16.675,5,2,511266971.0,11.931,0.214,7
compact_history_control,59175609,16.671,5,2,511340067.0,11.931,0.214,8
compact_history_control,59192266,16.657,5,2,511494535.0,11.931,0.214,8
compact_history_control,59208929,16.663,5,2,511556735.0,11.931,0.214,8
compact_history_control,59225617,16.688,5,2,511660695.0,11.931,0.214,7
compact_history_control,59242264,16.647,5,2,511724547.0,11.931,0.214,8
compact_history_control,59258930,16.666,5,2,511845987.0,11.931,0.214,7
compact_history_control,59275595,16.665,5,2,511920543.0,11.931,0.214,8
compact_history_control,59292262,16.667,5,2,512042523.0,11.931,0.214,8
compact_history_control,59308925,16.663,5,2,512107143.0,11.931,0.214,7
compact_history_control,59325593,16.668,5,2,512160839.0,11.931,0.214,7
compact_history_control,59342268,16.675,5,2,512301295.0,11.931,0.214,8
compact_history_control,59358926,16.658,5,2,512216395.0,11.931,0.214,8
compact_history_control,59375590,16.664,5,2,512318627.0,11.931,0.214,8
compact_history_control,59392253,16.663,5,2,512380971.0,11.931,0.214,7
compact_history_control,59408932,16.679,5,2,512438511.0,11.931,0.214,7
compact_history_control,59425586,16.654,5,2,512548535.0,11.931,0.214,8
compact_history_control,59442260,16.674,5,2,512629179.0,11.931,0.214,9
compact_history_control,59458932,16.672,5,2,512745019.0,11.931,0.214,8
compact_history_control,59475592,16.66,5,2,512805731.0,11.931,0.214,8
compact_history_control,59492253,16.661,5,2,512905463.0,11.931,0.214,8
compact_history_control,59508920,16.667,5,2,512984835.0,11.931,0.214,7
compact_history_control,59525591,16.671,5,2,513097491.0,11.931,0.214,8
compact_history_control,59542253,16.662,5,2,513178407.0,11.931,0.214,8
compact_history_control,59558925,16.672,3,2,513241791.0,11.931,0.214,7
compact_history_control,59575590,16.665,3,2,513580039.0,11.931,0.214,7
compact_history_control,59592245,16.655,0,2,513712259.0,11.931,0.214,7
compact_history_control,59608923,16.678,5,2,513558099.0,11.931,0.214,7
compact_history_control,59625582,16.659,7,2,513878163.0,11.931,0.214,7
compact_history_control,59642250,16.668,7,2,514178171.0,11.931,0.214,7
compact_history_control,59658916,16.666,7,2,514407383.0,11.931,0.214,7
compact_history_control,59675575,16.659,7,2,514716023.0,11.931,0.214,7
compact_history_control,59692268,16.693,7,2,515025039.0,11.931,0.214,7
compact_history_control,59708913,16.645,7,2,515304687.0,11.931,0.214,7
compact_history_control,59725573,16.66,7,2,515642147.0,11.931,0.214,8
compact_history_control,59742278,16.705,7,2,515894827.0,11.931,0.214,7
compact_history_control,59758911,16.633,7,2,516167667.0,11.931,0.214,8
compact_history_control,59775624,16.713,7,2,516511619.0,11.931,0.214,8
compact_history_control,59792251,16.627,7,2,516757191.0,11.931,0.214,7
compact_history_control,59808909,16.658,7,2,517057659.0,11.931,0.214,7
compact_history_control,59825577,16.668,7,2,516547847.0,11.931,0.214,7
compact_history_control,59842236,16.659,7,2,516701791.0,11.931,0.214,8
compact_history_control,59858900,16.664,7,2,516772551.0,11.931,0.214,8
compact_history_control,59875590,16.69,7,2,516829063.0,11.931,0.214,8
compact_history_control,59892257,16.667,7,2,516829655.0,11.931,0.214,8
compact_history_control,59908903,16.646,7,2,516894135.0,11.931,0.214,8
compact_history_control,59925584,16.681,7,2,516902207.0,11.931,0.214,8
compact_history_control,59942233,16.649,7,2,516951191.0,11.931,0.214,8
compact_history_control,59958925,16.692,7,2,516957099.0,11.931,0.214,7
compact_history_control,59975605,16.68,7,2,517040355.0,11.931,0.214,9
compact_history_control,59992237,16.632,7,2,517143279.0,11.931,0.214,8
compact_history_control,60008908,16.671,7,2,517347399.0,11.931,0.214,8
compact_history_control,60025644,16.736,7,2,517414223.0,10.94,0.153,8
compact_history_control,60042234,16.59,7,2,517479787.0,10.94,0.153,8
compact_history_control,60058907,16.673,7,2,517575399.0,10.94,0.153,7
compact_history_control,60075560,16.653,7,2,517634735.0,10.94,0.153,7
compact_history_control,60092240,16.68,7,2,517766259.0,10.94,0.153,7
compact_history_control,60108896,16.656,7,2,517897979.0,10.94,0.153,8
compact_history_control,60125562,16.666,7,2,517989195.0,10.94,0.153,8
compact_history_control,60142230,16.668,7,2,518095175.0,10.94,0.153,8
compact_history_control,60158893,16.663,7,2,518161283.0,10.94,0.153,8
compact_history_control,60175584,16.691,7,2,518274047.0,10.94,0.153,7
compact_history_control,60192230,16.646,7,2,518392403.0,10.94,0.153,7
compact_history_control,60208894,16.664,7,2,518448931.0,10.94,0.153,8
compact_history_control,60225557,16.663,7,2,518563731.0,10.94,0.153,8
compact_history_control,60242225,16.668,7,2,518680107.0,10.94,0.153,8
compact_history_control,60258892,16.667,7,2,518750035.0,10.94,0.153,8
compact_history_control,60275553,16.661,7,2,518855415.0,10.94,0.153,7
compact_history_control,60292218,16.665,7,2,518948475.0,10.94,0.153,8
compact_history_control,60308889,16.671,7,2,519015419.0,10.94,0.153,7
compact_history_control,60325559,16.67,7,2,519080283.0,10.94,0.153,8
compact_history_control,60342220,16.661,7,2,519213459.0,10.94,0.153,9
compact_history_control,60358884,16.664,7,2,519322407.0,10.94,0.153,8
compact_history_control,60375555,16.671,7,2,519396623.0,10.94,0.153,7
compact_history_control,60392219,16.664,7,2,519482755.0,10.94,0.153,8
compact_history_control,60408891,16.672,7,2,519558383.0,10.94,0.153,8
compact_history_control,60425547,16.656,7,2,519705347.0,10.94,0.153,7
compact_history_control,60442214,16.667,7,2,519793611.0,10.94,0.153,8
compact_history_control,60458928,16.714,7,2,519908163.0,10.94,0.153,8
compact_history_control,60475546,16.618,5,2,520014347.0,10.94,0.153,8
compact_history_control,60492216,16.67,5,2,520257519.0,10.94,0.153,7
compact_history_control,60508871,16.655,4,2,520383891.0,10.94,0.153,8
compact_history_control,60525556,16.685,4,2,520245495.0,10.94,0.153,7
compact_history_control,60542212,16.656,5,2,520595402.0,10.94,0.153,8
compact_history_control,60558882,16.67,5,2,520845827.0,10.94,0.153,8
compact_history_control,60575569,16.687,5,2,521019635.0,10.94,0.153,7
compact_history_control,60592223,16.654,5,2,521263563.0,10.94,0.153,8
compact_history_control,60608872,16.649,5,2,521491711.0,10.94,0.153,8
compact_history_control,60625556,16.684,5,2,521681959.0,10.94,0.153,7
compact_history_control,60642280,16.724,5,2,521977707.0,10.94,0.153,8
compact_history_control,60658874,16.594,5,2,522236563.0,10.94,0.153,7
compact_history_control,60675543,16.669,5,2,522473199.0,10.94,0.153,7
compact_history_control,60692219,16.676,5,2,522787019.0,10.94,0.153,7
compact_history_control,60708870,16.651,5,2,523071107.0,10.94,0.153,8
compact_history_control,60725538,16.668,5,2,523425835.0,10.94,0.153,7
compact_history_control,60742198,16.66,5,2,523670487.0,10.94,0.153,6
compact_history_control,60758883,16.685,5,2,523116747.0,10.94,0.153,9
compact_history_control,60775545,16.662,5,2,523220303.0,10.94,0.153,8
compact_history_control,60792203,16.658,5,2,523280259.0,10.94,0.153,8
compact_history_control,60808882,16.679,5,2,523416905.0,10.94,0.153,8
compact_history_control,60825533,16.651,5,2,523444563.0,10.94,0.153,8
compact_history_control,60842205,16.672,5,2,523501827.0,10.94,0.153,8
compact_history_control,60858862,16.657,5,2,523609927.0,10.94,0.153,7
compact_history_control,60875530,16.668,5,2,523666723.0,10.94,0.153,8
compact_history_control,60892200,16.67,5,2,523769147.0,10.94,0.153,12
compact_history_control,60908868,16.668,5,2,523825579.0,10.94,0.153,8
compact_history_control,60925528,16.66,5,2,523926663.0,10.94,0.153,8
compact_history_control,60942200,16.672,5,2,523983119.0,10.94,0.153,8
compact_history_control,60958861,16.661,5,2,524086663.0,10.94,0.153,8
compact_history_control,60975527,16.666,5,2,524151567.0,10.94,0.153,8
compact_history_control,60992192,16.665,5,2,524241879.0,10.94,0.153,7
compact_history_control,61008859,16.667,5,2,524305663.0,10.94,0.153,8
compact_history_control,61025533,16.674,5,2,524401659.0,11.069,0.177,7
compact_history_control,61042190,16.657,5,2,524467787.0,11.069,0.177,8
compact_history_control,61058854,16.664,5,2,524568415.0,11.069,0.177,7
compact_history_control,61075524,16.67,5,2,524628591.0,11.069,0.177,8
compact_history_control,61092198,16.674,5,2,524718943.0,11.069,0.177,8
compact_history_control,61108853,16.655,5,2,524779707.0,11.069,0.177,8
compact_history_control,61125523,16.67,5,2,524882555.0,11.069,0.177,8
compact_history_control,61142189,16.666,5,2,524945967.0,11.069,0.177,7
compact_history_control,61158851,16.662,5,2,525038663.0,11.069,0.177,7
compact_history_control,61175526,16.675,5,2,525101647.0,11.069,0.177,8
compact_history_control,61192185,16.659,5,2,525191831.0,11.069,0.177,8
compact_history_control,61208936,16.751,5,2,525258239.0,11.069,0.177,7
compact_history_control,61225519,16.583,5,2,525354595.0,11.069,0.177,7
compact_history_control,61242182,16.663,5,2,525416431.0,11.069,0.177,7
compact_history_control,61258848,16.666,5,2,525506959.0,11.069,0.177,7
compact_history_control,61275534,16.686,5,2,525575231.0,11.069,0.177,8
compact_history_control,61292184,16.65,5,2,525673723.0,11.069,0.177,7
compact_history_control,61308847,16.663,5,2,525734651.0,11.069,0.177,7
compact_history_control,61325529,16.682,3,2,525842503.0,11.069,0.177,7
compact_history_control,61342178,16.649,4,2,526105239.0,11.069,0.177,7
compact_history_control,61358845,16.667,3,2,526193419.0,11.069,0.177,8
compact_history_control,61375523,16.678,4,2,526073247.0,11.069,0.177,7
compact_history_control,61392184,16.661,5,2,526369847.0,11.069,0.177,7
compact_history_control,61408851,16.667,5,2,526679831.0,11.069,0.177,7
compact_history_control,61425511,16.66,5,2,526925171.0,11.069,0.177,7
compact_history_control,61442186,16.675,5,2,527287955.0,11.069,0.177,7
compact_history_control,61458842,16.656,5,2,527589995.0,11.069,0.177,7
compact_history_control,61475512,16.67,5,2,527875251.0,11.069,0.177,7
compact_history_control,61492343,16.831,5,2,528157931.0,11.069,0.177,8
compact_history_control,61508838,16.495,5,2,528556999.0,11.069,0.177,7
compact_history_control,61525508,16.67,5,2,528875475.0,11.069,0.177,8
compact_history_control,61542171,16.663,5,2,529137739.0,11.069,0.177,8
compact_history_control,61558839,16.668,5,2,529449919.0,11.069,0.177,7
compact_history_control,61575501,16.662,5,2,529040823.0,11.069,0.177,8
compact_history_control,61592177,16.676,5,2,529142879.0,11.069,0.177,8
compact_history_control,61608833,16.656,5,2,529240271.0,11.069,0.177,7
compact_history_control,61625500,16.667,5,2,529347983.0,11.069,0.177,7
compact_history_control,61642163,16.663,5,2,529451179.0,11.069,0.177,8
compact_history_control,61658833,16.67,5,2,529513167.0,11.069,0.177,8
compact_history_control,61675492,16.659,5,2,529610879.0,11.069,0.177,8
compact_history_control,61692177,16.685,5,2,529729767.0,11.069,0.177,7
compact_history_control,61708833,16.656,5,2,529813707.0,11.069,0.177,8
compact_history_control,61725499,16.666,5,2,529927979.0,11.069,0.177,8
compact_history_control,61742163,16.664,5,2,530019887.0,11.069,0.177,8
compact_history_control,61758829,16.666,5,2,530159315.0,11.069,0.177,8
compact_history_control,61775498,16.669,5,2,530266655.0,11.069,0.177,8
compact_history_control,61792160,16.662,5,2,530380187.0,11.069,0.177,7
compact_history_control,61808846,16.686,5,2,530519119.0,11.069,0.177,64
compact_history_control,61825498,16.652,5,2,530565651.0,11.069,0.177,8
compact_history_control,61842159,16.661,5,2,530632111.0,11.069,0.177,7
compact_history_control,61858829,16.67,5,2,530739911.0,11.069,0.177,8
compact_history_control,61875494,16.665,5,2,530815043.0,11.069,0.177,8
compact_history_control,61892175,16.681,5,2,530884315.0,11.069,0.177,8
compact_history_control,61908822,16.647,5,2,530990455.0,11.069,0.177,7
compact_history_control,61925488,16.666,5,2,531066399.0,11.069,0.177,7
compact_history_control,61942158,16.67,5,2,531141767.0,11.069,0.177,8
compact_history_control,61958834,16.676,5,2,531204631.0,11.069,0.177,7
compact_history_control,61975495,16.661,5,2,531322415.0,11.069,0.177,8
compact_history_control,61992152,16.657,5,2,531393687.0,11.069,0.177,7
compact_history_control,62008823,16.671,5,2,531455751.0,11.069,0.177,8
compact_history_control,62025482,16.659,5,2,531569735.0,11.155,0.276,7
compact_history_control,62042150,16.668,5,2,531646659.0,11.155,0.276,7
compact_history_control,62058814,16.664,5,2,531779827.0,11.155,0.276,9
compact_history_control,62075477,16.663,5,2,531859923.0,11.155,0.276,7
compact_history_control,62092160,16.683,5,2,531985415.0,11.155,0.276,8
compact_history_control,62108811,16.651,5,2,532077407.0,11.155,0.276,8
compact_history_control,62125484,16.673,5,2,532146047.0,11.155,0.276,8
compact_history_control,62142151,16.667,1,2,532255979.0,11.155,0.276,8
compact_history_control,62158817,16.666,3,2,532558695.0,11.155,0.276,12
compact_history_control,62175479,16.662,1,2,532685039.0,11.155,0.276,8
compact_history_control,62192147,16.668,5,2,532611519.0,11.155,0.276,7
compact_history_control,62208848,16.701,6,2,532852727.0,11.155,0.276,8
compact_history_control,62225508,16.66,6,2,533055499.0,11.155,0.276,8
compact_history_control,62242139,16.631,6,2,533378803.0,11.155,0.276,7
compact_history_control,62258806,16.667,6,2,533613959.0,11.155,0.276,7
compact_history_control,62275475,16.669,6,2,533942027.0,11.155,0.276,7
compact_history_control,62292139,16.664,6,2,534222103.0,11.155,0.276,7
compact_history_control,62308811,16.672,6,2,535645327.0,11.155,0.276,6
compact_history_control,62325477,16.666,6,2,536001547.0,11.155,0.276,7
compact_history_control,62342144,16.667,6,2,536218619.0,11.155,0.276,7
compact_history_control,62358804,16.66,6,2,536483583.0,11.155,0.276,8
compact_history_control,62375482,16.678,6,2,536772547.0,11.155,0.276,6
compact_history_control,62392140,16.658,6,2,537049655.0,11.155,0.276,8
compact_history_control,62408814,16.674,6,2,536654131.0,11.155,0.276,9
compact_history_control,62425486,16.672,6,2,536709383.0,11.155,0.276,9
compact_history_control,62442153,16.667,6,2,536811123.0,11.155,0.276,8
compact_history_control,62458813,16.66,6,2,536864547.0,11.155,0.276,8
compact_history_control,62475462,16.649,6,2,536977787.0,11.155,0.276,8
compact_history_control,62492139,16.677,6,2,537041491.0,11.155,0.276,8
compact_history_control,62508809,16.67,6,2,537138047.0,11.155,0.276,8
compact_history_control,62525471,16.662,6,2,537195039.0,11.155,0.276,7
compact_history_control,62542131,16.66,6,2,537287623.0,11.155,0.276,6
compact_history_control,62558807,16.676,6,2,537351123.0,11.155,0.276,8
compact_history_control,62575466,16.659,6,2,537488095.0,11.155,0.276,8
compact_history_control,62592131,16.665,6,2,537547923.0,11.155,0.276,8
compact_history_control,62608801,16.67,6,2,537658839.0,11.155,0.276,8
compact_history_control,62625462,16.661,6,2,537728343.0,11.155,0.276,8
compact_history_control,62642124,16.662,6,2,537876023.0,11.155,0.276,8
compact_history_control,62658791,16.667,6,2,537993923.0,11.155,0.276,7
compact_history_control,62675473,16.682,6,2,538123203.0,11.155,0.276,8
compact_history_control,62692124,16.651,6,2,538244967.0,11.155,0.276,8
compact_history_control,62708790,16.666,6,2,538355903.0,11.155,0.276,8
compact_history_control,62725461,16.671,6,2,538516823.0,11.155,0.276,8
compact_history_control,62742121,16.66,6,2,538609127.0,11.155,0.276,8
compact_history_control,62758786,16.665,6,2,538670415.0,11.155,0.276,7
compact_history_control,62775454,16.668,6,2,538777263.0,11.155,0.276,7
compact_history_control,62792149,16.695,6,2,538836391.0,11.155,0.276,8
compact_history_control,62808785,16.636,6,2,538974407.0,11.155,0.276,8
compact_history_control,62825460,16.675,6,2,539031863.0,11.155,0.276,8
compact_history_control,62842126,16.666,6,2,539133087.0,11.155,0.276,8
compact_history_control,62858808,16.682,6,2,539199783.0,11.155,0.276,8
compact_history_control,62875494,16.686,6,2,539297876.0,11.155,0.276,11
compact_history_control,62892152,16.658,6,2,539361335.0,11.155,0.276,8
compact_history_control,62908804,16.652,6,2,539452831.0,11.155,0.276,8
compact_history_control,62925475,16.671,3,2,539551715.0,11.155,0.276,8
compact_history_control,62942123,16.648,4,2,539860511.0,11.155,0.276,7
compact_history_control,62958782,16.659,3,2,539984731.0,11.155,0.276,7
compact_history_control,62975490,16.708,4,2,539830499.0,11.155,0.276,7
compact_history_control,62992119,16.629,5,2,540136339.0,11.155,0.276,7
compact_history_control,63008784,16.665,5,2,540446215.0,11.155,0.276,7
compact_history_control,63025449,16.665,5,2,540705815.0,11.784,0.149,7
compact_history_control,63042112,16.663,5,2,541143239.0,11.784,0.149,7
compact_history_control,63058781,16.669,5,2,541483223.0,11.784,0.149,8
compact_history_control,63075462,16.681,5,2,541751483.0,11.784,0.149,17
compact_history_control,63092107,16.645,5,2,542063855.0,11.784,0.149,8
compact_history_control,63108776,16.669,5,2,542346311.0,11.784,0.149,6
compact_history_control,63125445,16.669,5,2,542550303.0,11.784,0.149,7
compact_history_control,63142108,16.663,5,2,542880883.0,11.784,0.149,7
compact_history_control,63158776,16.668,5,2,543117439.0,11.784,0.149,7
compact_history_control,63175450,16.674,5,2,543477763.0,11.784,0.149,7
compact_history_control,63192107,16.657,5,2,542946355.0,11.784,0.149,8
compact_history_control,63208772,16.665,5,2,543048499.0,11.784,0.149,7
compact_history_control,63225436,16.664,5,2,543101931.0,11.784,0.149,9
compact_history_control,63242102,16.666,5,2,543204695.0,11.784,0.149,8
compact_history_control,63258770,16.668,5,2,543297799.0,11.784,0.149,8
compact_history_control,63275432,16.662,5,2,543361035.0,11.784,0.149,8
compact_history_control,63292109,16.677,5,2,543450391.0,11.784,0.149,8
compact_history_control,63308767,16.658,5,2,543512035.0,11.784,0.149,8
compact_history_control,63325435,16.668,5,2,543616079.0,11.784,0.149,7
compact_history_control,63342097,16.662,5,2,543683419.0,11.784,0.149,8
compact_history_control,63358761,16.664,5,2,543779691.0,11.784,0.149,7
compact_history_control,63375435,16.674,5,2,543841395.0,11.784,0.149,7
compact_history_control,63392096,16.661,5,2,543930479.0,11.784,0.149,8
compact_history_control,63408762,16.666,5,2,543999099.0,11.784,0.149,8
compact_history_control,63425431,16.669,5,2,544117671.0,11.784,0.149,8
compact_history_control,63442093,16.662,5,2,544240775.0,11.784,0.149,7
compact_history_control,63458798,16.705,5,2,544321275.0,11.784,0.149,7
compact_history_control,63475432,16.634,5,2,544421919.0,11.784,0.149,8
compact_history_control,63492097,16.665,5,2,544476531.0,11.784,0.149,9
compact_history_control,63508772,16.675,5,2,544610155.0,11.784,0.149,8
compact_history_control,63525441,16.669,5,2,544913559.0,11.784,0.149,8
compact_history_control,63542092,16.651,5,2,545039827.0,11.784,0.149,8
compact_history_control,63558758,16.666,5,2,545258771.0,11.784,0.149,8
compact_history_control,63575431,16.673,5,2,545452771.0,11.784,0.149,7
compact_history_control,63592089,16.658,5,2,545622195.0,11.784,0.149,7
compact_history_control,63608753,16.664,5,2,545851919.0,11.784,0.149,8
compact_history_control,63625419,16.666,5,2,545863527.0,11.784,0.149,8
compact_history_control,63642087,16.668,5,2,545905959.0,11.784,0.149,7
compact_history_control,63658762,16.675,5,2,545955739.0,11.784,0.149,7
compact_history_control,63675436,16.674,3,2,545998019.0,11.784,0.149,8
compact_history_control,63692095,16.659,3,2,546338087.0,11.784,0.149,8
compact_history_control,63708746,16.651,0,2,546405215.0,11.784,0.149,7
compact_history_control,63725413,16.667,5,2,546293435.0,11.784,0.149,7
compact_history_control,63742088,16.675,7,2,546529499.0,11.784,0.149,7
compact_history_control,63758756,16.668,7,2,546875503.0,11.784,0.149,8
compact_history_control,63775416,16.66,7,2,547234071.0,11.784,0.149,7
compact_history_control,63792084,16.668,7,2,547551783.0,11.784,0.149,7
compact_history_control,63808757,16.673,7,2,547779315.0,11.784,0.149,8
compact_history_control,63825418,16.661,7,2,548003555.0,11.784,0.149,7
compact_history_control,63842079,16.661,7,2,548356495.0,11.784,0.149,8
compact_history_control,63858748,16.669,7,2,548585127.0,11.784,0.149,8
compact_history_control,63875435,16.687,7,2,548917239.0,11.784,0.149,15
compact_history_control,63892078,16.643,7,2,549100135.0,11.784,0.149,7
compact_history_control,63908747,16.669,7,2,549303279.0,11.784,0.149,8
compact_history_control,63925420,16.673,7,2,549646295.0,11.784,0.149,7
compact_history_control,63942075,16.655,7,2,549151851.0,11.784,0.149,8
compact_history_control,63958762,16.687,7,2,549206299.0,11.784,0.149,9
compact_history_control,63975409,16.647,7,2,549303063.0,11.784,0.149,8
compact_history_control,63992096,16.687,7,2,549372003.0,11.784,0.149,8
compact_history_control,64008736,16.64,7,2,549491183.0,11.784,0.149,8
compact_history_control,64025416,16.68,7,2,549556147.0,11.449,0.13,8
compact_history_control,64042074,16.658,7,2,549665399.0,11.449,0.13,8
compact_history_control,64058740,16.666,7,2,549731043.0,11.449,0.13,7
compact_history_control,64075409,16.669,7,2,549825911.0,11.449,0.13,7
compact_history_control,64092071,16.662,7,2,549919715.0,11.449,0.13,8
compact_history_control,64108771,16.7,7,2,550010067.0,11.449,0.13,7
compact_history_control,64125411,16.64,7,2,550076451.0,11.449,0.13,7
compact_history_control,64142069,16.658,7,2,550175083.0,11.449,0.13,8
compact_history_control,64158742,16.673,7,2,550319923.0,11.449,0.13,8
compact_history_control,64175406,16.664,7,2,550435599.0,11.449,0.13,8
compact_history_control,64192068,16.662,7,2,550506727.0,11.449,0.13,7
compact_history_control,64208736,16.668,7,2,550612207.0,11.449,0.13,8
compact_history_control,64225393,16.657,7,2,550716759.0,11.449,0.13,7
compact_history_control,64242068,16.675,7,2,550780439.0,11.449,0.13,8
compact_history_control,64258731,16.663,7,2,550891695.0,11.449,0.13,8
compact_history_control,64275421,16.69,7,2,550962263.0,11.449,0.13,8
compact_history_control,64292064,16.643,7,2,551053659.0,11.449,0.13,9
compact_history_control,64308733,16.669,7,2,551230207.0,11.449,0.13,7
compact_history_control,64325392,16.659,7,2,551289947.0,11.449,0.13,8
compact_history_control,64342059,16.667,7,2,551358379.0,11.449,0.13,8
compact_history_control,64358727,16.668,7,2,551421615.0,11.449,0.13,7
compact_history_control,64375393,16.666,7,2,551572739.0,11.449,0.13,7
compact_history_control,64392069,16.676,7,2,551640611.0,11.449,0.13,8
compact_history_control,64408720,16.651,7,2,551709835.0,11.449,0.13,7
compact_history_control,64425388,16.668,7,2,551784271.0,11.449,0.13,8
compact_history_control,64442058,16.67,7,2,551909587.0,11.449,0.13,8
compact_history_control,64458727,16.669,7,2,552038815.0,11.449,0.13,8
compact_history_control,64475401,16.674,7,2,552118407.0,11.449,0.13,7
compact_history_control,64492062,16.661,5,2,552190123.0,11.449,0.13,8
compact_history_control,64508741,16.679,5,2,552473747.0,11.449,0.13,7
compact_history_control,64525401,16.66,4,2,552594875.0,11.449,0.13,8
compact_history_control,64542064,16.663,4,2,552522343.0,11.449,0.13,8
compact_history_control,64558719,16.655,5,2,552855839.0,11.449,0.13,10
compact_history_control,64575397,16.678,5,2,553081367.0,11.449,0.13,8
compact_history_control,64592065,16.668,5,2,553430591.0,11.449,0.13,7
compact_history_control,64608718,16.653,5,2,553697459.0,11.449,0.13,7
compact_history_control,64625396,16.678,5,2,553927047.0,11.449,0.13,7
compact_history_control,64642051,16.655,5,2,554274163.0,11.449,0.13,7
compact_history_control,64658719,16.668,5,2,554551659.0,11.449,0.13,9
compact_history_control,64675773,17.054,5,2,554874887.0,11.449,0.13,7
compact_history_control,64692053,16.28,5,2,555193703.0,11.449,0.13,8
compact_history_control,64708721,16.668,5,2,555320775.0,11.449,0.13,9
compact_history_control,64725496,16.775,5,2,555610335.0,11.449,0.13,7
compact_history_control,64742052,16.556,5,2,555979803.0,11.449,0.13,7
compact_history_control,64758722,16.67,5,2,556110051.0,11.449,0.13,9
compact_history_control,64775388,16.666,5,2,555729267.0,11.449,0.13,8
compact_history_control,64792102,16.714,5,2,555828703.0,11.449,0.13,7
compact_history_control,64808715,16.613,5,2,555901315.0,11.449,0.13,9
compact_history_control,64825408,16.693,5,2,556003859.0,11.449,0.13,8
compact_history_control,64842062,16.654,5,2,556142359.0,11.449,0.13,9
compact_history_control,64858710,16.648,5,2,556257247.0,11.449,0.13,11
compact_history_control,64875394,16.684,5,2,556321011.0,11.449,0.13,8
compact_history_control,64892050,16.656,5,2,556408987.0,11.449,0.13,7
compact_history_control,64908707,16.657,5,2,556534695.0,11.449,0.13,8
compact_history_control,64925382,16.675,5,2,556627875.0,11.449,0.13,8
compact_history_control,64942041,16.659,5,2,556767619.0,11.449,0.13,8
compact_history_control,64958750,16.709,5,2,556846127.0,11.449,0.13,16
compact_history_control,64975383,16.633,5,2,556956451.0,11.449,0.13,8
compact_history_control,64992035,16.652,5,2,557051187.0,11.449,0.13,8
compact_history_control,65008704,16.669,5,2,557117771.0,11.449,0.13,8
compact_history_control,65025372,16.668,5,2,557203883.0,13.566,0.209,8
compact_history_control,65042038,16.666,5,2,557320555.0,13.566,0.209,8
compact_history_control,65058701,16.663,5,2,557476883.0,13.566,0.209,15
compact_history_control,65075369,16.668,5,2,557537815.0,13.566,0.209,9
compact_history_control,65092032,16.663,5,2,557626387.0,13.566,0.209,8
compact_history_control,65108701,16.669,5,2,557744175.0,13.566,0.209,8
compact_history_control,65125375,16.674,5,2,557837383.0,13.566,0.209,6
compact_history_control,65142039,16.664,5,2,557898511.0,13.566,0.209,8
compact_history_control,65158702,16.663,5,2,558098739.0,13.566,0.209,9
compact_history_control,65175366,16.664,5,2,558165095.0,13.566,0.209,8
compact_history_control,65192038,16.672,5,2,558243819.0,13.566,0.209,8
compact_history_control,65208702,16.664,5,2,558365007.0,13.566,0.209,8
compact_history_control,65225767,17.065,5,2,558461635.0,13.566,0.209,8
compact_history_control,65242029,16.262,5,2,558526055.0,13.566,0.209,7
compact_history_control,65258697,16.668,5,2,558680503.0,13.566,0.209,8
compact_history_control,65275358,16.661,5,2,558807231.0,13.566,0.209,8
compact_history_control,65292025,16.667,5,2,558901191.0,13.566,0.209,8
compact_history_control,65308698,16.673,5,2,558972195.0,13.566,0.209,9
compact_history_control,65325368,16.67,5,2,559104039.0,13.566,0.209,8
compact_history_control,65342021,16.653,5,2,559176295.0,13.566,0.209,8
compact_history_control,65358687,16.666,3,2,559302707.0,13.566,0.209,10
compact_history_control,65375360,16.673,3,2,559578014.0,13.566,0.209,7
compact_history_control,65392012,16.652,2,2,559678335.0,13.566,0.209,7
compact_history_control,65408691,16.679,2,2,559973991.0,13.566,0.209,10
compact_history_control,65425354,16.663,4,2,559712539.0,13.566,0.209,8
compact_history_control,65442023,16.669,5,2,559940419.0,13.566,0.209,8
compact_history_control,65458693,16.67,5,2,560105979.0,13.566,0.209,9
compact_history_control,65475349,16.656,5,2,560451839.0,13.566,0.209,8
compact_history_control,65492037,16.688,5,2,560716431.0,13.566,0.209,8
compact_history_control,65508689,16.652,5,2,561004875.0,13.566,0.209,10
compact_history_control,65525354,16.665,5,2,561223715.0,13.566,0.209,7
compact_history_control,65542013,16.659,5,2,561545811.0,13.566,0.209,8
compact_history_control,65558753,16.74,5,2,561752151.0,13.566,0.209,10
compact_history_control,65575341,16.588,5,2,562168459.0,13.566,0.209,7
compact_history_control,65592015,16.674,5,2,562444579.0,13.566,0.209,7
compact_history_control,65608683,16.668,5,2,562720663.0,13.566,0.209,8
compact_history_control,65625341,16.658,5,2,563029127.0,13.566,0.209,9
compact_history_control,65642009,16.668,5,2,563269439.0,13.566,0.209,7
compact_history_control,65658677,16.668,5,2,563587155.0,13.566,0.209,8
compact_history_control,65675477,16.8,5,2,563101027.0,13.566,0.209,7
compact_history_control,65692010,16.533,5,2,563170539.0,13.566,0.209,8
compact_history_control,65708673,16.663,5,2,563269147.0,13.566,0.209,8
compact_history_control,65725363,16.69,5,2,563326615.0,13.566,0.209,8
compact_history_control,65742013,16.65,5,2,563459779.0,13.566,0.209,8
compact_history_control,65758676,16.663,5,2,563551815.0,13.566,0.209,9
compact_history_control,65775338,16.662,5,2,563670699.0,13.566,0.209,7
compact_history_control,65792081,16.743,5,2,563729091.0,13.566,0.209,8
compact_history_control,65808672,16.591,5,2,563827135.0,13.566,0.209,8
compact_history_control,65825456,16.784,5,2,563962107.0,13.566,0.209,8
compact_history_control,65842006,16.55,5,2,564048207.0,13.566,0.209,8
compact_history_control,65858670,16.664,5,2,564136335.0,13.566,0.209,8
compact_history_control,65875387,16.717,5,2,564244691.0,13.566,0.209,8
compact_history_control,65892001,16.614,5,2,564301175.0,13.566,0.209,8
compact_history_control,65908654,16.653,5,2,564398423.0,13.566,0.209,8
compact_history_control,65925330,16.676,5,2,564552215.0,13.566,0.209,8
compact_history_control,65942000,16.67,5,2,564645339.0,13.566,0.209,8
compact_history_control,65958675,16.675,5,2,564700747.0,13.566,0.209,8
compact_history_control,65975326,16.651,5,2,564800667.0,13.566,0.209,8
compact_history_control,65992007,16.681,5,2,564856155.0,13.566,0.209,8
compact_history_control,66008674,16.667,5,2,564987803.0,13.566,0.209,8
compact_history_control,66026746,18.072,5,2,565063819.0,11.098,0.231,9
compact_history_control,66042017,15.271,5,2,565133443.0,11.098,0.231,8
compact_history_control,66058733,16.716,5,2,565226295.0,11.098,0.231,8
compact_history_control,66077516,18.783,5,2,565291195.0,11.098,0.231,9
compact_history_control,66091987,14.471,5,2,565347915.0,11.098,0.231,8
compact_history_control,66108673,16.686,5,2,565401407.0,11.098,0.231,8
compact_history_control,66125322,16.649,5,2,565549171.0,11.098,0.231,7
compact_history_control,66141990,16.668,1,2,565615555.0,11.098,0.231,8
compact_history_control,66158674,16.684,3,2,565902983.0,11.098,0.231,8
compact_history_control,66175333,16.659,1,2,566012483.0,11.098,0.231,8
compact_history_control,66191991,16.658,5,2,565890875.0,11.098,0.231,8
compact_history_control,66208661,16.67,6,2,566126455.0,11.098,0.231,7
compact_history_control,66227247,18.586,6,2,566388739.0,11.098,0.231,7
compact_history_control,66242015,14.768,6,2,566686787.0,11.098,0.231,8
compact_history_control,66258662,16.647,6,2,566972971.0,11.098,0.231,7
compact_history_control,66275323,16.661,6,2,567360024.0,11.098,0.231,7
compact_history_control,66291987,16.664,6,2,567526815.0,11.098,0.231,7
compact_history_control,66308657,16.67,6,2,567766067.0,11.098,0.231,8
compact_history_control,66325311,16.654,6,2,568069487.0,11.098,0.231,8
compact_history_control,66342057,16.746,6,2,568307723.0,11.098,0.231,7
compact_history_control,66358662,16.605,6,2,568612199.0,11.098,0.231,7
compact_history_control,66375319,16.657,6,2,568876631.0,11.098,0.231,8
compact_history_control,66392000,16.681,6,2,569108803.0,11.098,0.231,8
compact_history_control,66408669,16.669,6,2,568710007.0,11.098,0.231,8
compact_history_control,66425309,16.64,6,2,568829655.0,11.098,0.231,10
compact_history_control,66441980,16.671,6,2,568931419.0,11.098,0.231,8
compact_history_control,66458640,16.66,6,2,569005275.0,11.098,0.231,8
compact_history_control,66475307,16.667,6,2,569095775.0,11.098,0.231,7
compact_history_control,66491980,16.673,6,2,569175371.0,11.098,0.231,8
compact_history_control,66508650,16.67,6,2,569238847.0,11.098,0.231,8
compact_history_control,66525313,16.663,6,2,569355003.0,11.098,0.231,8
compact_history_control,66541973,16.66,6,2,569480439.0,11.098,0.231,7
compact_history_control,66558635,16.662,6,2,569559911.0,11.098,0.231,8
compact_history_control,66575306,16.671,6,2,569657723.0,11.098,0.231,8
compact_history_control,66591977,16.671,6,2,569720979.0,11.098,0.231,8
compact_history_control,66608647,16.67,6,2,569849279.0,11.098,0.231,8
compact_history_control,66625310,16.663,6,2,569959347.0,11.098,0.231,7
compact_history_control,66641976,16.666,6,2,570033291.0,11.098,0.231,8
compact_history_control,66658628,16.652,6,2,570157119.0,11.098,0.231,7
compact_history_control,66675302,16.674,6,2,570249775.0,11.098,0.231,8
compact_history_control,66691978,16.676,6,2,570306279.0,11.098,0.231,9
compact_history_control,66708627,16.649,6,2,570448639.0,11.098,0.231,8
compact_history_control,66725304,16.677,6,2,570514435.0,11.098,0.231,8
compact_history_control,66741966,16.662,6,2,570624967.0,11.098,0.231,8
compact_history_control,66758633,16.667,6,2,570691731.0,11.098,0.231,8
compact_history_control,66775303,16.67,6,2,570778955.0,11.098,0.231,7
compact_history_control,66791963,16.66,6,2,570888775.0,11.098,0.231,8
compact_history_control,66808631,16.668,6,2,570981099.0,11.098,0.231,8
compact_history_control,66825295,16.664,6,2,571073819.0,11.098,0.231,7
compact_history_control,66841962,16.667,6,2,571166135.0,11.098,0.231,8
compact_history_control,66858634,16.672,6,2,571231515.0,11.098,0.231,7
compact_history_control,66875300,16.666,6,2,571316327.0,11.098,0.231,8
compact_history_control,66894568,19.268,6,2,571433231.0,11.098,0.231,7
compact_history_control,66908630,14.062,6,2,571516147.0,11.098,0.231,7
compact_history_control,66925335,16.705,6,2,571573619.0,11.098,0.231,8
compact_history_control,66941956,16.621,6,2,571703979.0,11.098,0.231,8
compact_history_control,66958617,16.661,6,2,571771527.0,11.098,0.231,8
compact_history_control,66975297,16.68,6,2,571864899.0,11.098,0.231,8
compact_history_control,66991968,16.671,6,2,571923995.0,11.098,0.231,8
compact_history_control,67008631,16.663,6,2,572044395.0,11.098,0.231,8
compact_history_control,67025309,16.678,6,2,572107903.0,13.441,2.292,7
compact_history_control,67041961,16.652,3,2,572171379.0,13.441,2.292,8
compact_history_control,67058624,16.663,4,2,572435927.0,13.441,2.292,8
compact_history_control,67075300,16.676,3,2,572557619.0,13.441,2.292,10
compact_history_control,67092925,17.625,4,2,572403979.0,13.441,2.292,7
compact_history_control,67108618,15.693,5,2,572658367.0,13.441,2.292,9
compact_history_control,67125293,16.675,5,2,572956695.0,13.441,2.292,8
compact_history_control,67142845,17.552,5,2,573208095.0,13.441,2.292,8
compact_history_control,67158636,15.791,5,2,573381711.0,13.441,2.292,8
compact_history_control,67175513,16.877,5,2,573712167.0,13.441,2.292,9
compact_history_control,67192662,17.149,5,2,574011219.0,13.441,2.292,8
compact_history_control,67208611,15.949,5,2,574243523.0,13.441,2.292,8
compact_history_control,67225285,16.674,5,2,574371687.0,13.441,2.292,8
compact_history_control,67242523,17.238,5,2,574702935.0,13.441,2.292,7
compact_history_control,67258612,16.089,5,2,574964715.0,13.441,2.292,7
compact_history_control,67275311,16.699,5,2,575266935.0,13.441,2.292,9
compact_history_control,67292389,17.078,5,2,575560951.0,13.441,2.292,7
compact_history_control,67308612,16.223,5,2,575789027.0,13.441,2.292,7
compact_history_control,67325305,16.693,5,2,575952875.0,13.441,2.292,9
compact_history_control,67342248,16.943,5,2,576263163.0,13.441,2.292,7
compact_history_control,67358620,16.372,5,2,575769011.0,13.441,2.292,8
compact_history_control,67375287,16.667,5,2,575960095.0,13.441,2.292,8
compact_history_control,67392132,16.845,5,2,576022347.0,13.441,2.292,8
compact_history_control,67408613,16.481,5,2,576073463.0,13.441,2.292,9
compact_history_control,67425269,16.656,5,2,576167375.0,13.441,2.292,8
compact_history_control,67441957,16.688,5,2,576752063.0,13.441,2.292,7
compact_history_control,67458605,16.648,5,2,576884167.0,13.441,2.292,8
compact_history_control,67475273,16.668,5,2,577003375.0,13.441,2.292,7
compact_history_control,67491933,16.66,5,2,577092799.0,13.441,2.292,14
compact_history_control,67508602,16.669,5,2,577153679.0,13.441,2.292,8
compact_history_control,67525262,16.66,5,2,577239523.0,13.441,2.292,7
compact_history_control,67541935,16.673,5,2,577298807.0,13.441,2.292,8
compact_history_control,67558608,16.673,5,2,577477135.0,13.441,2.292,8
compact_history_control,67575270,16.662,5,2,577546427.0,13.441,2.292,7
compact_history_control,67591929,16.659,5,2,577634679.0,13.441,2.292,8
compact_history_control,67608603,16.674,5,2,577697371.0,13.441,2.292,8
compact_history_control,67625276,16.673,5,2,577747963.0,13.441,2.292,9
compact_history_control,67641960,16.684,5,2,577945911.0,13.441,2.292,8
compact_history_control,67658608,16.648,5,2,577972603.0,13.441,2.292,8
compact_history_control,67675267,16.659,5,2,578076107.0,13.441,2.292,7
compact_history_control,67691937,16.67,5,2,578131031.0,13.441,2.292,7
compact_history_control,67708598,16.661,5,2,578229235.0,13.441,2.292,8
compact_history_control,67725270,16.672,5,2,578281427.0,13.441,2.292,8
compact_history_control,67741927,16.657,5,2,578447631.0,13.441,2.292,8
compact_history_control,67758595,16.668,5,2,578537291.0,13.441,2.292,8
compact_history_control,67775277,16.682,5,2,578600715.0,13.441,2.292,8
compact_history_control,67791961,16.684,5,2,578648723.0,13.441,2.292,8
compact_history_control,67808588,16.627,5,2,578711239.0,13.441,2.292,8
compact_history_control,67825267,16.679,5,2,578761727.0,13.441,2.292,7
compact_history_control,67841929,16.662,5,2,578892599.0,13.441,2.292,8
compact_history_control,67858600,16.671,3,2,579000003.0,13.441,2.292,8
compact_history_control,67875265,16.665,3,2,579252067.0,13.441,2.292,7
compact_history_control,67891920,16.655,0,2,579243563.0,13.441,2.292,7
compact_history_control,67910829,18.909,5,2,579090135.0,13.441,2.292,8
compact_history_control,67925267,14.438,7,2,579453059.0,13.441,2.292,8
compact_history_control,67941925,16.658,7,2,579695195.0,13.441,2.292,8
compact_history_control,67960611,18.686,7,2,579935375.0,13.441,2.292,8
compact_history_control,67975265,14.654,7,2,580221071.0,13.441,2.292,8
compact_history_control,67992045,16.78,7,2,580458755.0,13.441,2.292,8
compact_history_control,68010483,18.438,7,2,580653291.0,13.441,2.292,8
compact_history_control,68025265,14.782,7,2,580982279.0,14.188,2.298,9
compact_history_control,68041915,16.65,7,2,581272295.0,14.188,2.298,7
compact_history_control,68058580,16.665,7,2,581528895.0,14.188,2.298,7
compact_history_control,68075257,16.677,7,2,581852107.0,14.188,2.298,8
compact_history_control,68091913,16.656,7,2,582083687.0,14.188,2.298,8
compact_history_control,68108590,16.677,7,2,582394087.0,14.188,2.298,7
compact_history_control,68125268,16.678,7,2,582509699.0,14.188,2.298,8
compact_history_control,68141923,16.655,7,2,582097993.0,14.188,2.298,7
compact_history_control,68158582,16.659,7,2,582158279.0,14.188,2.298,82
compact_history_control,68175256,16.674,7,2,582272571.0,14.188,2.298,8
compact_history_control,68191917,16.661,7,2,582320371.0,14.188,2.298,9
compact_history_control,68208590,16.673,7,2,582389863.0,14.188,2.298,8
compact_history_control,68225277,16.687,7,2,582480475.0,14.188,2.298,8
compact_history_control,68241918,16.641,7,2,582582023.0,14.188,2.298,8
compact_history_control,68258575,16.657,7,2,582645435.0,14.188,2.298,8
compact_history_control,68275258,16.683,7,2,582701003.0,14.188,2.298,9
compact_history_control,68291895,16.637,7,2,582814059.0,14.188,2.298,8
compact_history_control,68310605,18.71,7,2,582908291.0,14.188,2.298,8
compact_history_control,68325248,14.643,7,2,582976319.0,14.188,2.298,8
compact_history_control,68341909,16.661,7,2,583075479.0,14.188,2.298,8
compact_history_control,68360559,18.65,7,2,583140195.0,14.188,2.298,8
compact_history_control,68375246,14.687,7,2,583199867.0,14.188,2.298,8
compact_history_control,68391911,16.665,7,2,583294579.0,14.188,2.298,8
compact_history_control,68408571,16.66,7,2,583427091.0,14.188,2.298,8
compact_history_control,68425282,16.711,7,2,583506135.0,14.188,2.298,8
compact_history_control,68441910,16.628,7,2,583572895.0,14.188,2.298,8
compact_history_control,68458573,16.663,7,2,583652279.0,14.188,2.298,8
compact_history_control,68475233,16.66,7,2,583792043.0,14.188,2.298,8
compact_history_control,68491904,16.671,7,2,583883635.0,14.188,2.298,7
compact_history_control,68508575,16.671,7,2,583955663.0,14.188,2.298,8
compact_history_control,68525229,16.654,7,2,584055191.0,14.188,2.298,8
compact_history_control,68541898,16.669,7,2,584170083.0,14.188,2.298,8
compact_history_control,68558586,16.688,7,2,584271975.0,14.188,2.298,8
compact_history_control,68575224,16.638,7,2,584343563.0,14.188,2.298,8
compact_history_control,68591992,16.768,7,2,584410151.0,14.188,2.298,9
compact_history_control,68608570,16.578,7,2,584483135.0,14.188,2.298,7
compact_history_control,68625257,16.687,7,2,584593247.0,14.188,2.298,27
compact_history_control,68641897,16.64,7,2,584706695.0,14.188,2.298,9
compact_history_control,68658556,16.659,7,2,584803419.0,14.188,2.298,8
compact_history_control,68675221,16.665,7,2,584893907.0,14.188,2.298,8
compact_history_control,68691898,16.677,7,2,584990419.0,14.188,2.298,8
compact_history_control,68710576,18.678,7,2,585123535.0,14.188,2.298,8
compact_history_control,68725233,14.657,7,2,585162435.0,14.188,2.298,8
compact_history_control,68741895,16.662,7,2,585366035.0,14.188,2.298,8
compact_history_control,68759164,17.269,5,2,585381115.0,14.188,2.298,7
compact_history_control,68775225,16.061,5,2,585643287.0,14.188,2.298,7
compact_history_control,68791881,16.656,4,2,585783887.0,14.188,2.298,7
compact_history_control,68808615,16.734,4,2,586104707.0,14.188,2.298,7
compact_history_control,68825281,16.666,5,2,586156275.0,14.188,2.298,9
compact_history_control,68841884,16.603,5,2,586494743.0,14.188,2.298,8
compact_history_control,68858693,16.809,5,2,586826239.0,14.188,2.298,7
compact_history_control,68875244,16.551,5,2,587141239.0,14.188,2.298,7
compact_history_control,68891904,16.66,5,2,587500471.0,14.188,2.298,7
compact_history_control,68910072,18.168,5,2,587926327.0,14.188,2.298,7
compact_history_control,68925246,15.174,5,2,588207767.0,14.188,2.298,7
compact_history_control,68941887,16.641,5,2,588549323.0,14.188,2.298,11
compact_history_control,68959933,18.046,5,2,588832039.0,14.188,2.298,7
compact_history_control,68975211,15.278,5,2,589055571.0,14.188,2.298,8
compact_history_control,68991891,16.68,5,2,589261067.0,14.188,2.298,9
compact_history_control,69008542,16.651,5,2,589600391.0,14.188,2.298,7
compact_history_control,69025209,16.667,5,2,589806279.0,13.713,2.142,7
compact_history_control,69041874,16.665,5,2,589321051.0,13.713,2.142,12
compact_history_control,69059662,17.788,5,2,589386307.0,13.713,2.142,8
compact_history_control,69075207,15.545,5,2,589486251.0,13.713,2.142,8
compact_history_control,69091875,16.668,5,2,589546939.0,13.713,2.142,9
compact_history_control,69108581,16.706,5,2,589634175.0,13.713,2.142,8
compact_history_control,69125206,16.625,5,2,589697027.0,13.713,2.142,8
compact_history_control,69141870,16.664,5,2,589791495.0,13.713,2.142,8
compact_history_control,69159397,17.527,5,2,589892487.0,13.713,2.142,8
compact_history_control,69175211,15.814,5,2,589961899.0,13.713,2.142,8
compact_history_control,69191869,16.658,5,2,590027085.0,13.713,2.142,8
compact_history_control,69209270,17.401,5,2,590115575.0,13.713,2.142,8
compact_history_control,69225204,15.934,5,2,590175255.0,13.713,2.142,8
compact_history_control,69241867,16.663,5,2,590227951.0,13.713,2.142,8
compact_history_control,69258537,16.67,5,2,590311963.0,13.713,2.142,15
compact_history_control,69275198,16.661,5,2,590444691.0,13.713,2.142,8
compact_history_control,69291863,16.665,5,2,590515335.0,13.713,2.142,7
compact_history_control,69308538,16.675,5,2,590576475.0,13.713,2.142,8
compact_history_control,69325193,16.655,5,2,590675699.0,13.713,2.142,8
compact_history_control,69341859,16.666,5,2,590738063.0,13.713,2.142,8
compact_history_control,69358530,16.671,5,2,590799327.0,13.713,2.142,8
compact_history_control,69375195,16.665,5,2,590917623.0,13.713,2.142,8
compact_history_control,69391861,16.666,5,2,591013007.0,13.713,2.142,8
compact_history_control,69408525,16.664,5,2,591097435.0,13.713,2.142,7
compact_history_control,69425195,16.67,5,2,591156847.0,13.713,2.142,8
compact_history_control,69441855,16.66,5,2,591263747.0,13.713,2.142,9
compact_history_control,69458535,16.68,5,2,591354859.0,13.713,2.142,8
compact_history_control,69475191,16.656,5,2,591425523.0,13.713,2.142,7
compact_history_control,69491857,16.666,5,2,591546003.0,13.713,2.142,8
compact_history_control,69508520,16.663,5,2,591618583.0,13.713,2.142,7
compact_history_control,69525187,16.667,5,2,591712831.0,13.713,2.142,8
compact_history_control,69541851,16.664,5,2,591822299.0,13.713,2.142,8
compact_history_control,69558512,16.661,5,2,591890015.0,13.713,2.142,8
compact_history_control,69575226,16.714,5,2,591973043.0,13.713,2.142,8
compact_history_control,69591857,16.631,5,2,592066531.0,13.713,2.142,9
compact_history_control,69608515,16.658,5,2,592190459.0,13.713,2.142,8
compact_history_control,69625177,16.662,5,2,592257091.0,13.713,2.142,7
compact_history_control,69641844,16.667,5,2,592347275.0,13.713,2.142,8
compact_history_control,69658670,16.826,3,2,592489319.0,13.713,2.142,9
compact_history_control,69675181,16.511,3,2,592778071.0,13.713,2.142,7
compact_history_control,69691848,16.667,2,2,592744091.0,13.713,2.142,8
compact_history_control,69708512,16.664,4,2,592705539.0,13.713,2.142,8
compact_history_control,69725174,16.662,5,2,592912239.0,13.713,2.142,8
compact_history_control,69741856,16.682,5,2,593197331.0,13.713,2.142,8
compact_history_control,69758506,16.65,5,2,593547459.0,13.713,2.142,7
compact_history_control,69775173,16.667,5,2,594085071.0,13.713,2.142,7
compact_history_control,69791838,16.665,5,2,594317555.0,13.713,2.142,8
compact_history_control,69808522,16.684,5,2,594616707.0,13.713,2.142,7
compact_history_control,69825175,16.653,5,2,594889387.0,13.713,2.142,9
compact_history_control,69841840,16.665,5,2,595182727.0,13.713,2.142,7
compact_history_control,69858524,16.684,5,2,595476979.0,13.713,2.142,9
compact_history_control,69875185,16.661,5,2,595761995.0,13.713,2.142,7
compact_history_control,69891842,16.657,5,2,596089971.0,13.713,2.142,8
compact_history_control,69908513,16.671,5,2,596333919.0,13.713,2.142,7
compact_history_control,69925180,16.667,5,2,596589755.0,13.713,2.142,7
compact_history_control,69942315,17.135,5,2,596999451.0,13.713,2.142,8
compact_history_control,69958499,16.184,5,2,597178531.0,13.713,2.142,8
compact_history_control,69975184,16.685,5,2,597248723.0,13.713,2.142,8
compact_history_control,69991833,16.649,5,2,597304431.0,13.713,2.142,8
compact_history_control,70008500,16.667,5,2,597403763.0,13.713,2.142,8
compact_history_control,70025162,16.662,5,2,597465703.0,11.865,0.151,7
compact_history_control,70041833,16.671,5,2,597596575.0,11.865,0.151,8
compact_history_control,70058498,16.665,5,2,597717463.0,11.865,0.151,7
compact_history_control,70075163,16.665,5,2,597807847.0,11.865,0.151,8
compact_history_control,70091834,16.671,5,2,597941363.0,11.865,0.151,7
compact_history_control,70108499,16.665,5,2,598001047.0,11.865,0.151,8
compact_history_control,70125162,16.663,5,2,598107323.0,11.865,0.151,8
compact_history_control,70141836,16.674,5,2,598343107.0,11.865,0.151,7
compact_history_control,70158491,16.655,5,2,598360223.0,11.865,0.151,8
compact_history_control,70175160,16.669,5,2,598504875.0,11.865,0.151,7
compact_history_control,70191845,16.685,5,2,598564679.0,11.865,0.151,8
compact_history_control,70208488,16.643,5,2,598693991.0,11.865,0.151,8
compact_history_control,70225153,16.665,5,2,598792939.0,11.865,0.151,8
compact_history_control,70241825,16.672,5,2,599014451.0,11.865,0.151,8
compact_history_control,70258489,16.664,5,2,599079931.0,11.865,0.151,9
compact_history_control,70275161,16.672,5,2,599180451.0,11.865,0.151,8
compact_history_control,70291822,16.661,5,2,599298131.0,11.865,0.151,7
compact_history_control,70308494,16.672,5,2,599411691.0,11.865,0.151,7
compact_history_control,70325153,16.659,5,2,599541223.0,11.865,0.151,8
compact_history_control,70341820,16.667,5,2,599687535.0,11.865,0.151,8
compact_history_control,70358494,16.674,5,2,599780355.0,11.865,0.151,7
compact_history_control,70375154,16.66,5,2,599860439.0,11.865,0.151,8
compact_history_control,70391820,16.666,5,2,599981663.0,11.865,0.151,8
compact_history_control,70408483,16.663,5,2,600103323.0,11.865,0.151,7
compact_history_control,70425150,16.667,5,2,600307871.0,11.865,0.151,8
compact_history_control,70441817,16.667,1,2,600427819.0,11.865,0.151,8
compact_history_control,70458489,16.672,3,2,600710303.0,11.865,0.151,7
compact_history_control,70475153,16.664,1,2,600798703.0,11.865,0.151,7
compact_history_control,70491816,16.663,5,2,600777647.0,11.865,0.151,8
compact_history_control,70508481,16.665,6,2,601127651.0,11.865,0.151,8
compact_history_control,70525147,16.666,6,2,601529611.0,11.865,0.151,7
compact_history_control,70541815,16.668,6,2,602001075.0,11.865,0.151,7
compact_history_control,70558489,16.674,6,2,602331639.0,11.865,0.151,7
compact_history_control,70575149,16.66,6,2,602648639.0,11.865,0.151,7
compact_history_control,70591811,16.662,6,2,602969667.0,11.865,0.151,7
compact_history_control,70608480,16.669,6,2,603358383.0,11.865,0.151,8
compact_history_control,70625159,16.679,6,2,603684399.0,11.865,0.151,6
compact_history_control,70641804,16.645,6,2,603890003.0,11.865,0.151,7
compact_history_control,70658476,16.672,6,2,604169487.0,11.865,0.151,8
compact_history_control,70675145,16.669,6,2,604432323.0,11.865,0.151,8
compact_history_control,70691816,16.671,6,2,604717279.0,11.865,0.151,8
compact_history_control,70708473,16.657,6,2,604246547.0,11.865,0.151,8
compact_history_control,70725139,16.666,6,2,604306703.0,11.865,0.151,7
compact_history_control,70741803,16.664,6,2,604403055.0,11.865,0.151,8
compact_history_control,70758470,16.667,6,2,604461007.0,11.865,0.151,7
compact_history_control,70775134,16.664,6,2,604557843.0,11.865,0.151,8
compact_history_control,70791805,16.671,6,2,604618663.0,11.865,0.151,8
compact_history_control,70808466,16.661,6,2,604708227.0,11.865,0.151,8
compact_history_control,70825132,16.666,6,2,604770279.0,11.865,0.151,8
compact_history_control,70841809,16.677,6,2,604826063.0,11.865,0.151,8
compact_history_control,70858463,16.654,6,2,604923439.0,11.865,0.151,7
compact_history_control,70875133,16.67,6,2,604979387.0,11.865,0.151,8
compact_history_control,70891796,16.663,6,2,605074811.0,11.865,0.151,8
compact_history_control,70908467,16.671,6,2,605131643.0,11.865,0.151,8
compact_history_control,70925146,16.679,6,2,605225487.0,11.865,0.151,8
compact_history_control,70941796,16.65,6,2,605287503.0,11.865,0.151,8
compact_history_control,70958485,16.689,6,2,605340311.0,11.865,0.151,8
compact_history_control,70975127,16.642,6,2,605437987.0,11.865,0.151,8
compact_history_control,70991800,16.673,6,2,605498103.0,11.865,0.151,8
compact_history_control,71008464,16.664,6,2,605594091.0,11.865,0.151,8
compact_history_control,71025139,16.675,6,2,605652015.0,11.725,0.128,8
compact_history_control,71042333,17.194,6,2,605748807.0,11.725,0.128,8
compact_history_control,71058466,16.133,6,2,605807591.0,11.725,0.128,8
compact_history_control,71075211,16.745,6,2,605858399.0,11.725,0.128,8
compact_history_control,71091787,16.576,6,2,605954539.0,11.725,0.128,8
compact_history_control,71108457,16.67,6,2,606016155.0,11.725,0.128,7
compact_history_control,71125123,16.666,6,2,606110375.0,11.725,0.128,11
compact_history_control,71141789,16.666,6,2,606171167.0,11.725,0.128,7
compact_history_control,71158457,16.668,6,2,606266427.0,11.725,0.128,8
compact_history_control,71175120,16.663,6,2,606332967.0,11.725,0.128,8
compact_history_control,71191800,16.68,6,2,606384227.0,11.725,0.128,7
compact_history_control,71208454,16.654,6,2,606485855.0,11.725,0.128,9
compact_history_control,71225122,16.668,6,2,606548987.0,11.725,0.128,7
compact_history_control,71241787,16.665,6,2,606646907.0,11.725,0.128,8
compact_history_control,71258450,16.663,6,2,606732643.0,11.725,0.128,7
compact_history_control,71275111,16.661,3,2,606838171.0,11.725,0.128,7
compact_history_control,71291786,16.675,4,2,607129543.0,11.725,0.128,7
compact_history_control,71308445,16.659,3,2,607215795.0,11.725,0.128,8
compact_history_control,71325122,16.677,4,2,607219643.0,11.725,0.128,8
compact_history_control,71341779,16.657,5,2,607565075.0,11.725,0.128,8
compact_history_control,71358451,16.672,5,2,607897579.0,11.725,0.128,7
compact_history_control,71375116,16.665,5,2,608271007.0,11.725,0.128,7
compact_history_control,71391781,16.665,5,2,608707655.0,11.725,0.128,8
compact_history_control,71408440,16.659,5,2,609071575.0,11.725,0.128,7
compact_history_control,71425111,16.671,5,2,609339643.0,11.725,0.128,6
compact_history_control,71441784,16.673,5,2,609775547.0,11.725,0.128,8
compact_history_control,71458447,16.663,5,2,610144019.0,11.725,0.128,7
compact_history_control,71475115,16.668,5,2,610457387.0,11.725,0.128,7
compact_history_control,71491777,16.662,5,2,610732275.0,11.725,0.128,8
compact_history_control,71508440,16.663,5,2,610948211.0,11.725,0.128,7
compact_history_control,71525116,16.676,5,2,611251731.0,11.725,0.128,8
compact_history_control,71541768,16.652,5,2,610732807.0,11.725,0.128,7
compact_history_control,71558445,16.677,5,2,610788495.0,11.725,0.128,8
compact_history_control,71575097,16.652,5,2,610891275.0,11.725,0.128,8
compact_history_control,71591771,16.674,5,2,610953871.0,11.725,0.128,8
compact_history_control,71608447,16.676,5,2,611084003.0,11.725,0.128,8
compact_history_control,71625100,16.653,5,2,611207615.0,11.725,0.128,8
compact_history_control,71641766,16.666,5,2,611302823.0,11.725,0.128,7
compact_history_control,71658442,16.676,5,2,611414683.0,11.725,0.128,7
compact_history_control,71675118,16.676,5,2,611505655.0,11.725,0.128,7
compact_history_control,71691783,16.665,5,2,611597391.0,11.725,0.128,8
compact_history_control,71708442,16.659,5,2,611660483.0,11.725,0.128,8
compact_history_control,71725104,16.662,5,2,611718619.0,11.725,0.128,8
compact_history_control,71741761,16.657,5,2,611831863.0,11.725,0.128,8
compact_history_control,71758443,16.682,5,2,611909439.0,11.725,0.128,7
compact_history_control,71775108,16.665,5,2,612003411.0,11.725,0.128,8
compact_history_control,71791760,16.652,5,2,612119391.0,11.725,0.128,7
compact_history_control,71808425,16.665,5,2,612186867.0,11.725,0.128,8
compact_history_control,71825096,16.671,5,2,612244563.0,11.725,0.128,8
compact_history_control,71841763,16.667,5,2,612350447.0,11.725,0.128,8
compact_history_control,71858426,16.663,5,2,612425211.0,11.725,0.128,8
compact_history_control,71875096,16.67,5,2,612494935.0,11.725,0.128,8
compact_history_control,71891764,16.668,5,2,612610731.0,11.725,0.128,8
compact_history_control,71908427,16.663,5,2,612673823.0,11.725,0.128,8
compact_history_control,71925097,16.67,5,2,612729867.0,11.725,0.128,8
compact_history_control,71941752,16.655,5,2,612836227.0,11.725,0.128,9
compact_history_control,71958430,16.678,5,2,612902015.0,11.725,0.128,8
compact_history_control,71975114,16.684,5,2,612970339.0,11.725,0.128,8
compact_history_control,71991755,16.641,5,2,613162463.0,11.725,0.128,8
compact_history_control,72008419,16.664,5,2,613200383.0,11.725,0.128,8
compact_history_control,72025087,16.668,5,2,613290131.0,11.03,0.193,8
compact_history_control,72041759,16.672,5,2,613402323.0,11.03,0.193,8
compact_history_control,72058419,16.66,5,2,613487123.0,11.03,0.193,8
compact_history_control,72075082,16.663,5,2,613592047.0,11.03,0.193,8
compact_history_control,72091748,16.666,5,2,613696011.0,11.03,0.193,8
compact_history_control,72108417,16.669,5,2,613810827.0,11.03,0.193,8
compact_history_control,72125080,16.663,5,2,613878063.0,11.03,0.193,8
compact_history_control,72141753,16.673,5,2,613938383.0,11.03,0.193,7
compact_history_control,72158417,16.664,5,2,613882543.0,11.03,0.193,8
compact_history_control,72175080,16.663,3,2,614053435.0,11.03,0.193,8
compact_history_control,72191755,16.675,3,2,614281187.0,11.03,0.193,8
compact_history_control,72208412,16.657,0,2,614257731.0,11.03,0.193,8
compact_history_control,72225093,16.681,5,2,614134323.0,11.03,0.193,8
compact_history_control,72241745,16.652,7,2,614372651.0,11.03,0.193,6
compact_history_control,72258409,16.664,7,2,614670635.0,11.03,0.193,7
compact_history_control,72275090,16.681,7,2,614954071.0,11.03,0.193,6
compact_history_control,72291745,16.655,7,2,615331967.0,11.03,0.193,8
compact_history_control,72308419,16.674,7,2,615591051.0,11.03,0.193,8
compact_history_control,72325081,16.662,7,2,615826871.0,11.03,0.193,8
compact_history_control,72341954,16.873,7,2,616112691.0,11.03,0.193,9
compact_history_control,72358405,16.451,7,2,616390179.0,11.03,0.193,7
compact_history_control,72375076,16.671,7,2,616689795.0,11.03,0.193,7
compact_history_control,72391749,16.673,7,2,616989275.0,11.03,0.193,7
compact_history_control,72408403,16.654,7,2,617237667.0,11.03,0.193,7
compact_history_control,72425075,16.672,7,2,617701415.0,11.03,0.193,7
compact_history_control,72441749,16.674,7,2,617975007.0,11.03,0.193,7
compact_history_control,72458404,16.655,7,2,617410675.0,11.03,0.193,8
compact_history_control,72475081,16.677,7,2,617622771.0,11.03,0.193,8
compact_history_control,72491742,16.661,7,2,617629003.0,11.03,0.193,8
compact_history_control,72508398,16.656,7,2,617740947.0,11.03,0.193,8
compact_history_control,72525067,16.669,7,2,617805779.0,11.03,0.193,7
compact_history_control,72541740,16.673,7,2,617895535.0,11.03,0.193,7
compact_history_control,72558400,16.66,7,2,617955875.0,11.03,0.193,8
compact_history_control,72575061,16.661,7,2,618090555.0,11.03,0.193,8
compact_history_control,72591744,16.683,7,2,618152511.0,11.03,0.193,8
compact_history_control,72608397,16.653,7,2,618251519.0,11.03,0.193,8
compact_history_control,72625153,16.756,7,2,618319703.0,11.03,0.193,7
compact_history_control,72641735,16.582,7,2,618410579.0,11.03,0.193,9
compact_history_control,72658396,16.661,7,2,618542023.0,11.03,0.193,8
compact_history_control,72675063,16.667,7,2,618612299.0,11.03,0.193,8
compact_history_control,72691726,16.663,7,2,618669927.0,11.03,0.193,8
compact_history_control,72708407,16.681,7,2,618891843.0,11.03,0.193,8
compact_history_control,72725057,16.65,7,2,618894391.0,11.03,0.193,8
compact_history_control,72741723,16.666,7,2,619026559.0,11.03,0.193,8
compact_history_control,72758404,16.681,7,2,619084979.0,11.03,0.193,7
compact_history_control,72775055,16.651,7,2,619181275.0,11.03,0.193,8
compact_history_control,72791726,16.671,7,2,619244351.0,11.03,0.193,7
compact_history_control,72808398,16.672,7,2,619325951.0,11.03,0.193,6
compact_history_control,72825055,16.657,7,2,619427635.0,11.03,0.193,9
compact_history_control,72841722,16.667,7,2,619560575.0,11.03,0.193,8
compact_history_control,72858388,16.666,7,2,619620499.0,11.03,0.193,8
compact_history_control,72875066,16.678,7,2,619678503.0,11.03,0.193,8
compact_history_control,72891732,16.666,7,2,619730723.0,11.03,0.193,8
compact_history_control,72908389,16.657,7,2,619831835.0,11.03,0.193,8
compact_history_control,72925056,16.667,7,2,619885447.0,11.03,0.193,8
compact_history_control,72941716,16.66,7,2,620013495.0,11.03,0.193,8
compact_history_control,72958402,16.686,5,2,620112043.0,11.03,0.193,8
compact_history_control,72975066,16.664,5,2,620437343.0,11.03,0.193,7
compact_history_control,72991812,16.746,4,2,620494767.0,11.03,0.193,7
compact_history_control,73008389,16.577,4,2,620343027.0,11.03,0.193,8
compact_history_control,73025054,16.665,5,2,620579239.0,12.201,0.201,8
compact_history_control,73041722,16.668,5,2,620918471.0,12.201,0.201,7
compact_history_control,73058381,16.659,5,2,621170927.0,12.201,0.201,7
compact_history_control,73075052,16.671,5,2,621395959.0,12.201,0.201,7
compact_history_control,73091715,16.663,5,2,621720163.0,12.201,0.201,9
compact_history_control,73108375,16.66,5,2,621958431.0,12.201,0.201,7
compact_history_control,73125058,16.683,5,2,622203843.0,12.201,0.201,9
compact_history_control,73141720,16.662,5,2,622552871.0,12.201,0.201,8
compact_history_control,73158371,16.651,5,2,622735483.0,12.201,0.201,7
compact_history_control,73175041,16.67,5,2,622974259.0,12.201,0.201,7
compact_history_control,73191709,16.668,5,2,623310839.0,12.201,0.201,7
compact_history_control,73208377,16.668,5,2,623540183.0,12.201,0.201,7
compact_history_control,73225037,16.66,5,2,623112627.0,12.201,0.201,7
compact_history_control,73241706,16.669,5,2,623209219.0,12.201,0.201,8
compact_history_control,73258381,16.675,5,2,623304227.0,12.201,0.201,8
compact_history_control,73275034,16.653,5,2,623436511.0,12.201,0.201,8
compact_history_control,73291704,16.67,5,2,623503495.0,12.201,0.201,7
compact_history_control,73308379,16.675,5,2,623566867.0,12.201,0.201,8
compact_history_control,73325033,16.654,5,2,623702367.0,12.201,0.201,8
compact_history_control,73341713,16.68,5,2,623764727.0,12.201,0.201,8
compact_history_control,73358368,16.655,5,2,623856031.0,12.201,0.201,9
compact_history_control,73375038,16.67,5,2,623957795.0,12.201,0.201,8
compact_history_control,73391705,16.667,5,2,624014783.0,12.201,0.201,7
compact_history_control,73408364,16.659,5,2,624105087.0,12.201,0.201,8
compact_history_control,73425029,16.665,5,2,624212943.0,12.201,0.201,8
compact_history_control,73441699,16.67,5,2,624267871.0,12.201,0.201,8
compact_history_control,73458363,16.664,5,2,624380555.0,12.201,0.201,8
compact_history_control,73475028,16.665,5,2,624477483.0,12.201,0.201,7
compact_history_control,73491701,16.673,5,2,624536259.0,12.201,0.201,8
compact_history_control,73508361,16.66,5,2,624646755.0,12.201,0.201,8
compact_history_control,73525029,16.668,5,2,624707171.0,12.201,0.201,8
compact_history_control,73541724,16.695,5,2,624760707.0,12.201,0.201,7
compact_history_control,73558360,16.636,5,2,624852523.0,12.201,0.201,8
compact_history_control,73575029,16.669,5,2,624933623.0,12.201,0.201,8
compact_history_control,73591702,16.673,5,2,625015215.0,12.201,0.201,8
compact_history_control,73608364,16.662,5,2,625071479.0,12.201,0.201,8
compact_history_control,73625016,16.652,5,2,625179375.0,12.201,0.201,9
compact_history_control,73641697,16.681,5,2,625236579.0,12.201,0.201,8
compact_history_control,73658356,16.659,5,2,625335323.0,12.201,0.201,8
compact_history_control,73675025,16.669,5,2,625429483.0,12.201,0.201,8
compact_history_control,73691685,16.66,5,2,625523155.0,12.201,0.201,8
compact_history_control,73708362,16.677,5,2,625594439.0,12.201,0.201,7
compact_history_control,73725015,16.653,5,2,625687055.0,12.201,0.201,8
compact_history_control,73741683,16.668,5,2,625753455.0,12.201,0.201,8
compact_history_control,73758350,16.667,5,2,625847819.0,12.201,0.201,7
compact_history_control,73775017,16.667,5,2,625943411.0,12.201,0.201,7
compact_history_control,73791686,16.669,5,2,626005315.0,12.201,0.201,7
compact_history_control,73808352,16.666,3,2,626116539.0,12.201,0.201,9
compact_history_control,73825037,16.685,4,2,626438251.0,12.201,0.201,8
compact_history_control,73841676,16.639,3,2,626526579.0,12.201,0.201,7
compact_history_control,73858479,16.803,4,2,626390295.0,12.201,0.201,7
compact_history_control,73875011,16.532,5,2,626703935.0,12.201,0.201,7
compact_history_control,73891674,16.663,5,2,627008447.0,12.201,0.201,8
compact_history_control,73908358,16.684,5,2,627266643.0,12.201,0.201,8
compact_history_control,73925030,16.672,5,2,627540339.0,12.201,0.201,7
compact_history_control,73941684,16.654,5,2,627863327.0,12.201,0.201,7
compact_history_control,73958350,16.666,5,2,628126163.0,12.201,0.201,7
compact_history_control,73975008,16.658,5,2,628439863.0,12.201,0.201,7
compact_history_control,73991673,16.665,5,2,628782207.0,12.201,0.201,7
compact_history_control,74008363,16.69,5,2,629013251.0,12.201,0.201,7
compact_history_control,74025014,16.651,5,2,629363959.0,11.644,0.133,8
compact_history_control,74041669,16.655,5,2,629636887.0,11.644,0.133,7
compact_history_control,74058345,16.676,5,2,629925019.0,11.644,0.133,7
compact_history_control,74075021,16.676,5,2,629508567.0,11.644,0.133,9
compact_history_control,74091903,16.882,5,2,629660271.0,11.644,0.133,9
compact_history_control,74108337,16.434,5,2,629727051.0,11.644,0.133,8
compact_history_control,74125007,16.67,5,2,629857063.0,11.644,0.133,8
compact_history_control,74141674,16.667,5,2,629956895.0,11.644,0.133,8
compact_history_control,74158349,16.675,5,2,630024379.0,11.644,0.133,8
compact_history_control,74175024,16.675,5,2,630138411.0,11.644,0.133,8
compact_history_control,74191677,16.653,5,2,630260651.0,11.644,0.133,8
compact_history_control,74208336,16.659,5,2,630321895.0,11.644,0.133,7
compact_history_control,74225005,16.669,5,2,630451407.0,11.644,0.133,8
compact_history_control,74241683,16.678,5,2,630537171.0,11.644,0.133,8
compact_history_control,74258355,16.672,5,2,630632931.0,11.644,0.133,8
compact_history_control,74275010,16.655,5,2,630704111.0,11.644,0.133,8
compact_history_control,74291672,16.662,5,2,630843035.0,11.644,0.133,9
compact_history_control,74308348,16.676,5,2,630901639.0,11.644,0.133,9
compact_history_control,74325002,16.654,5,2,631035239.0,11.644,0.133,8
compact_history_control,74341665,16.663,5,2,631131119.0,11.644,0.133,8
compact_history_control,74358330,16.665,5,2,631208391.0,11.644,0.133,8
compact_history_control,74375156,16.826,5,2,631300327.0,11.644,0.133,8
compact_history_control,74391673,16.517,5,2,631366319.0,11.644,0.133,8
compact_history_control,74408326,16.653,5,2,631463723.0,11.644,0.133,8
compact_history_control,74424991,16.665,5,2,631519411.0,11.644,0.133,9
compact_history_control,74441659,16.668,5,2,631696531.0,11.644,0.133,8
compact_history_control,74458328,16.669,5,2,631771623.0,11.644,0.133,8
compact_history_control,74475003,16.675,5,2,631859687.0,11.644,0.133,7
compact_history_control,74491677,16.674,5,2,631956315.0,11.644,0.133,8
compact_history_control,74508322,16.645,5,2,632018919.0,11.644,0.133,8
compact_history_control,74524995,16.673,5,2,632152463.0,11.644,0.133,7
compact_history_control,74541662,16.667,5,2,632251407.0,11.644,0.133,21
compact_history_control,74558334,16.672,5,2,632340083.0,11.644,0.133,8
compact_history_control,74574993,16.659,5,2,632444183.0,11.644,0.133,7
compact_history_control,74591658,16.665,5,2,632511011.0,11.644,0.133,8
compact_history_control,74608334,16.676,5,2,632567675.0,11.644,0.133,8
compact_history_control,74625003,16.669,5,2,632701059.0,11.644,0.133,9
compact_history_control,74641675,16.672,1,2,632797743.0,11.644,0.133,8
compact_history_control,74658326,16.651,3,2,633203611.0,11.644,0.133,8
compact_history_control,74674981,16.655,1,2,633259399.0,11.644,0.133,8
compact_history_control,74691659,16.678,5,2,633141107.0,11.644,0.133,9
compact_history_control,74708319,16.66,6,2,633355731.0,11.644,0.133,8
compact_history_control,74724983,16.664,6,2,633643239.0,11.644,0.133,7
compact_history_control,74741648,16.665,6,2,633951855.0,11.644,0.133,6
compact_history_control,74758320,16.672,6,2,634312879.0,11.644,0.133,8
compact_history_control,74774978,16.658,6,2,634520503.0,11.644,0.133,8
compact_history_control,74791648,16.67,6,2,634742999.0,11.644,0.133,7
compact_history_control,74808328,16.68,6,2,635051223.0,11.644,0.133,8
compact_history_control,74824980,16.652,6,2,635364051.0,11.644,0.133,7
compact_history_control,74841649,16.669,6,2,635637335.0,11.644,0.133,8
compact_history_control,74858323,16.674,6,2,635996495.0,11.644,0.133,8
compact_history_control,74874973,16.65,6,2,636218843.0,11.644,0.133,7
compact_history_control,74891658,16.685,6,2,636522083.0,11.644,0.133,7
compact_history_control,74908320,16.662,6,2,636130595.0,11.644,0.133,9
compact_history_control,74924994,16.674,6,2,636261079.0,11.644,0.133,8
compact_history_control,74943659,18.665,6,2,636332987.0,11.644,0.133,8
compact_history_control,74958304,14.645,6,2,636470703.0,11.644,0.133,8
compact_history_control,74974961,16.657,6,2,636530379.0,11.644,0.133,8
compact_history_control,74993557,18.596,6,2,636607635.0,11.644,0.133,8
compact_history_control,75008320,14.763,6,2,636675555.0,11.644,0.133,8
compact_history_control,75025007,16.687,6,2,636784715.0,12.377,2.125,8
compact_history_control,75041640,16.633,6,2,636858463.0,12.377,2.125,8
compact_history_control,75058360,16.72,6,2,636998591.0,12.377,2.125,8
compact_history_control,75074969,16.609,6,2,637063351.0,12.377,2.125,8
compact_history_control,75091658,16.689,6,2,637222939.0,12.377,2.125,8
compact_history_control,75108307,16.649,6,2,637319895.0,12.377,2.125,8
compact_history_control,75124983,16.676,6,2,637401799.0,12.377,2.125,8
compact_history_control,75141644,16.661,6,2,637456823.0,12.377,2.125,8
compact_history_control,75158303,16.659,6,2,637601423.0,12.377,2.125,8
compact_history_control,75174979,16.676,6,2,637657595.0,12.377,2.125,8
compact_history_control,75191633,16.654,6,2,637762295.0,12.377,2.125,9
compact_history_control,75208378,16.745,6,2,637823891.0,12.377,2.125,8
compact_history_control,75224968,16.59,6,2,637877583.0,12.377,2.125,8
compact_history_control,75241629,16.661,6,2,638047035.0,12.377,2.125,8
compact_history_control,75258304,16.675,6,2,638150767.0,12.377,2.125,8
compact_history_control,75274983,16.679,6,2,638318639.0,12.377,2.125,8
compact_history_control,75291652,16.669,6,2,638475167.0,12.377,2.125,8
compact_history_control,75308292,16.64,6,2,638663047.0,12.377,2.125,9
compact_history_control,75324956,16.664,6,2,638805207.0,12.377,2.125,8
compact_history_control,75341628,16.672,6,2,638949763.0,12.377,2.125,8
compact_history_control,75358285,16.657,6,2,639079559.0,12.377,2.125,8
compact_history_control,75374956,16.671,6,2,639111991.0,12.377,2.125,8
compact_history_control,75391624,16.668,6,2,639147851.0,12.377,2.125,7
compact_history_control,75408303,16.679,6,2,639181315.0,12.377,2.125,8
compact_history_control,75424955,16.652,3,2,639215899.0,12.377,2.125,8
compact_history_control,75441622,16.667,4,2,639582431.0,12.377,2.125,8
compact_history_control,75458288,16.666,3,2,639638899.0,12.377,2.125,12
compact_history_control,75475160,16.872,4,2,639600787.0,12.377,2.125,8
compact_history_control,75491633,16.473,5,2,639954851.0,12.377,2.125,8
compact_history_control,75508290,16.657,5,2,640200851.0,12.377,2.125,7
compact_history_control,75524955,16.665,5,2,640551251.0,12.377,2.125,8
compact_history_control,75541620,16.665,5,2,640935387.0,12.377,2.125,7
compact_history_control,75558282,16.662,5,2,641241051.0,12.377,2.125,8
compact_history_control,75575175,16.893,5,2,641480435.0,12.377,2.125,7
compact_history_control,75591628,16.453,5,2,641919943.0,12.377,2.125,8
compact_history_control,75608291,16.663,5,2,642064191.0,12.377,2.125,8
compact_history_control,75624959,16.668,5,2,642386055.0,12.377,2.125,8
compact_history_control,75643642,18.683,5,2,642740535.0,12.377,2.125,8
compact_history_control,75658286,14.644,5,2,642949855.0,12.377,2.125,9
compact_history_control,75674953,16.667,5,2,643198839.0,12.377,2.125,7
compact_history_control,75692082,17.129,5,2,643488779.0,12.377,2.125,8
compact_history_control,75708283,16.201,5,2,643647819.0,12.377,2.125,9
compact_history_control,75724960,16.677,5,2,643216643.0,12.377,2.125,8
compact_history_control,75741606,16.646,5,2,643321007.0,12.377,2.125,9
compact_history_control,75758426,16.82,5,2,643383391.0,12.377,2.125,11
compact_history_control,75774953,16.527,5,2,643488771.0,12.377,2.125,8
compact_history_control,75791618,16.665,5,2,643547147.0,12.377,2.125,8
compact_history_control,75808282,16.664,5,2,643598823.0,12.377,2.125,11
compact_history_control,75824942,16.66,5,2,643770075.0,12.377,2.125,7
compact_history_control,75843653,18.711,5,2,643905771.0,12.377,2.125,8
compact_history_control,75858277,14.624,5,2,644010843.0,12.377,2.125,9
compact_history_control,75874951,16.674,5,2,644074159.0,12.377,2.125,8
compact_history_control,75893593,18.642,5,2,644131155.0,12.377,2.125,8
compact_history_control,75908289,14.696,5,2,644182751.0,12.377,2.125,8
compact_history_control,75924932,16.643,5,2,644427451.0,12.377,2.125,9
compact_history_control,75941602,16.67,5,2,644509907.0,12.377,2.125,7
compact_history_control,75958278,16.676,5,2,644561543.0,12.377,2.125,11
compact_history_control,75974926,16.648,5,2,644658655.0,12.377,2.125,8
compact_history_control,75991600,16.674,5,2,644718267.0,12.377,2.125,8
compact_history_control,76008279,16.679,5,2,644781167.0,12.377,2.125,8
compact_history_control,76024932,16.653,5,2,644945147.0,13.255,2.158,9
compact_history_control,76043644,18.712,5,2,645055635.0,13.255,2.158,9
compact_history_control,76058266,14.622,5,2,645110131.0,13.255,2.158,8
compact_history_control,76074943,16.677,5,2,645160619.0,13.255,2.158,8
compact_history_control,76093557,18.614,5,2,645271359.0,13.255,2.158,9
compact_history_control,76108263,14.706,5,2,645355087.0,13.255,2.158,8
compact_history_control,76124982,16.719,5,2,645495051.0,13.255,2.158,8
compact_history_control,76141590,16.608,5,2,645583283.0,13.255,2.158,8
compact_history_control,76158257,16.667,5,2,645643835.0,13.255,2.158,7
compact_history_control,76174932,16.675,5,2,645695795.0,13.255,2.158,8
compact_history_control,76191588,16.656,5,2,645816211.0,13.255,2.158,8
compact_history_control,76208266,16.678,5,2,645852087.0,13.255,2.158,9
compact_history_control,76224919,16.653,5,2,646046319.0,13.255,2.158,9
compact_history_control,76243601,18.682,5,2,646104651.0,13.255,2.158,8
compact_history_control,76258253,14.652,5,2,646203483.0,13.255,2.158,8
compact_history_control,76274917,16.664,5,2,646275771.0,13.255,2.158,7
compact_history_control,76291595,16.678,5,2,646344859.0,13.255,2.158,8
compact_history_control,76308972,17.377,5,2,646442711.0,13.255,2.158,8
compact_history_control,76324931,15.959,3,2,646590447.0,13.255,2.158,9
compact_history_control,76341598,16.667,3,2,646881011.0,13.255,2.158,7
compact_history_control,76358244,16.646,0,2,646869691.0,13.255,2.158,7
compact_history_control,76374907,16.663,5,2,646891471.0,13.255,2.158,7
compact_history_control,76391589,16.682,7,2,647214927.0,13.255,2.158,7
compact_history_control,76408258,16.669,7,2,647470035.0,13.255,2.158,8
compact_history_control,76424923,16.665,7,2,648787791.0,13.255,2.158,8
compact_history_control,76441679,16.756,7,2,649429899.0,13.255,2.158,7
compact_history_control,76458256,16.577,7,2,649657143.0,13.255,2.158,9
compact_history_control,76474909,16.653,7,2,650091423.0,13.255,2.158,7
compact_history_control,76491582,16.673,7,2,650508931.0,13.255,2.158,9
compact_history_control,76508256,16.674,7,2,650638691.0,13.255,2.158,7
compact_history_control,76524930,16.674,7,2,651039527.0,13.255,2.158,8
compact_history_control,76541577,16.647,7,2,651312171.0,13.255,2.158,7
compact_history_control,76558252,16.675,7,2,651514067.0,13.255,2.158,8
compact_history_control,76574912,16.66,7,2,651866179.0,13.255,2.158,8
compact_history_control,76591583,16.671,7,2,652127031.0,13.255,2.158,8
compact_history_control,76608235,16.652,7,2,652373691.0,13.255,2.158,8
compact_history_control,76624891,16.656,7,2,651849183.0,13.255,2.158,8
compact_history_control,76641573,16.682,7,2,651912203.0,13.255,2.158,7
compact_history_control,76658229,16.656,7,2,652021699.0,13.255,2.158,8
compact_history_control,76674897,16.668,7,2,652122563.0,13.255,2.158,8
compact_history_control,76691565,16.668,7,2,652182879.0,13.255,2.158,8
compact_history_control,76708230,16.665,7,2,652285747.0,13.255,2.158,7
compact_history_control,76724904,16.674,7,2,652392519.0,13.255,2.158,8
compact_history_control,76741560,16.656,7,2,652445131.0,13.255,2.158,9
compact_history_control,76758243,16.683,7,2,652529015.0,13.255,2.158,8
compact_history_control,76774893,16.65,7,2,652629315.0,13.255,2.158,7
compact_history_control,76791567,16.674,7,2,652686019.0,13.255,2.158,7
compact_history_control,76808230,16.663,7,2,652783283.0,13.255,2.158,7
compact_history_control,76824901,16.671,7,2,652839559.0,13.255,2.158,8
compact_history_control,76841557,16.656,7,2,652981807.0,13.255,2.158,7
compact_history_control,76858229,16.672,7,2,653044635.0,13.255,2.158,8
compact_history_control,76874887,16.658,7,2,653139947.0,13.255,2.158,9
compact_history_control,76891563,16.676,7,2,653236451.0,13.255,2.158,8
compact_history_control,76908220,16.657,7,2,653300267.0,13.255,2.158,8
compact_history_control,76924896,16.676,7,2,653421195.0,13.255,2.158,8
compact_history_control,76941554,16.658,7,2,653515411.0,13.255,2.158,7
compact_history_control,76958219,16.665,7,2,653572003.0,13.255,2.158,7
compact_history_control,76974889,16.67,7,2,653663167.0,13.255,2.158,8
compact_history_control,76991560,16.671,7,2,653726203.0,13.255,2.158,8
compact_history_control,77008218,16.658,7,2,653838087.0,13.255,2.158,7
compact_history_control,77024883,16.665,7,2,653936635.0,13.312,2.146,8
compact_history_control,77041547,16.664,7,2,654025747.0,13.312,2.146,8
compact_history_control,77058236,16.689,7,2,654087183.0,13.312,2.146,8
compact_history_control,77074883,16.647,7,2,654182819.0,13.312,2.146,8
compact_history_control,77091552,16.669,7,2,654242883.0,13.312,2.146,9
compact_history_control,77108217,16.665,7,2,654385227.0,13.312,2.146,8
compact_history_control,77124881,16.664,7,2,654452527.0,13.312,2.146,8
compact_history_control,77141547,16.666,7,2,654544447.0,13.312,2.146,8
compact_history_control,77158214,16.667,5,2,654632251.0,13.312,2.146,8
compact_history_control,77174888,16.674,5,2,655076783.0,13.312,2.146,7
compact_history_control,77191545,16.657,4,2,655075171.0,13.312,2.146,7
compact_history_control,77208216,16.671,4,2,654951707.0,13.312,2.146,8
compact_history_control,77224874,16.658,5,2,655206679.0,13.312,2.146,7
compact_history_control,77241541,16.667,5,2,655432279.0,13.312,2.146,7
compact_history_control,77258209,16.668,5,2,655868767.0,13.312,2.146,7
compact_history_control,77274875,16.666,5,2,656357699.0,13.312,2.146,7
compact_history_control,77291540,16.665,5,2,656707127.0,13.312,2.146,7
compact_history_control,77308213,16.673,5,2,657074039.0,13.312,2.146,7
compact_history_control,77324873,16.66,5,2,657317383.0,13.312,2.146,8
compact_history_control,77341544,16.671,5,2,657625223.0,13.312,2.146,7
compact_history_control,77358206,16.662,5,2,657968557.0,13.312,2.146,8
compact_history_control,77374877,16.671,5,2,658321847.0,13.312,2.146,7
compact_history_control,77391551,16.674,5,2,658646803.0,13.312,2.146,7
compact_history_control,77408203,16.652,5,2,658960831.0,13.312,2.146,7
compact_history_control,77424874,16.671,5,2,659277375.0,13.312,2.146,7
compact_history_control,77441541,16.667,5,2,658737535.0,13.312,2.146,8
compact_history_control,77458199,16.658,5,2,658891911.0,13.312,2.146,8
compact_history_control,77474868,16.669,5,2,659093615.0,13.312,2.146,8
compact_history_control,77491534,16.666,5,2,659116827.0,13.312,2.146,7
compact_history_control,77508199,16.665,5,2,659243459.0,13.312,2.146,8
compact_history_control,77524864,16.665,5,2,659339351.0,13.312,2.146,8
compact_history_control,77541537,16.673,5,2,659403183.0,13.312,2.146,8
compact_history_control,77558202,16.665,5,2,659516151.0,13.312,2.146,8
compact_history_control,77574858,16.656,5,2,659743423.0,13.312,2.146,9
compact_history_control,77591540,16.682,5,2,659821727.0,13.312,2.146,7
compact_history_control,77608197,16.657,5,2,659909879.0,13.312,2.146,9
compact_history_control,77624871,16.674,5,2,660001183.0,13.312,2.146,8
compact_history_control,77641528,16.657,5,2,660131211.0,13.312,2.146,8
compact_history_control,77658198,16.67,5,2,660202755.0,13.312,2.146,8
compact_history_control,77674862,16.664,5,2,660423547.0,13.312,2.146,8
compact_history_control,77691522,16.66,5,2,660518171.0,13.312,2.146,9
compact_history_control,77708189,16.667,5,2,660590639.0,13.312,2.146,8
compact_history_control,77724855,16.666,5,2,660677007.0,13.312,2.146,8
compact_history_control,77741529,16.674,5,2,660807923.0,13.312,2.146,8
compact_history_control,77758185,16.656,5,2,660916847.0,13.312,2.146,8
compact_history_control,77774854,16.669,5,2,661130879.0,13.312,2.146,8
compact_history_control,77791522,16.668,5,2,661226055.0,13.312,2.146,7
compact_history_control,77808184,16.662,5,2,661294751.0,13.312,2.146,8
compact_history_control,77824869,16.685,5,2,661380231.0,13.312,2.146,8
compact_history_control,77841519,16.65,5,2,661526959.0,13.312,2.146,8
compact_history_control,77858188,16.669,5,2,661583211.0,13.312,2.146,8
compact_history_control,77874850,16.662,5,2,661779843.0,13.312,2.146,7
compact_history_control,77891513,16.663,5,2,661875411.0,13.312,2.146,8
compact_history_control,77908193,16.68,5,2,661937767.0,13.312,2.146,7
compact_history_control,77924865,16.672,5,2,662026743.0,13.312,2.146,8
compact_history_control,77941518,16.653,5,2,662171167.0,13.312,2.146,9
compact_history_control,77958179,16.661,5,2,662226967.0,13.312,2.146,7
compact_history_control,77974850,16.671,5,2,662412007.0,13.312,2.146,8
compact_history_control,77991518,16.668,3,2,662708051.0,13.312,2.146,8
compact_history_control,78008185,16.667,3,2,662863783.0,13.312,2.146,6
compact_history_control,78024839,16.654,2,2,662816295.0,10.799,0.124,7
compact_history_control,78041517,16.678,4,2,662808539.0,10.799,0.124,7
compact_history_control,78058188,16.671,5,2,663215783.0,10.799,0.124,7
compact_history_control,78074864,16.676,5,2,663754267.0,10.799,0.124,7
compact_history_control,78091517,16.653,5,2,663872819.0,10.799,0.124,7
compact_history_control,78108172,16.655,5,2,664256039.0,10.799,0.124,7
compact_history_control,78124843,16.671,5,2,664633399.0,10.799,0.124,7
compact_history_control,78141509,16.666,5,2,664991935.0,10.799,0.124,7
compact_history_control,78158183,16.674,5,2,665465263.0,10.799,0.124,10
compact_history_control,78174843,16.66,5,2,665721459.0,10.799,0.124,7
compact_history_control,78191513,16.67,5,2,666011027.0,10.799,0.124,7
compact_history_control,78208174,16.661,5,2,666388695.0,10.799,0.124,7
compact_history_control,78224837,16.663,5,2,666696403.0,10.799,0.124,7
compact_history_control,78241503,16.666,5,2,666921667.0,10.799,0.124,7
compact_history_control,78258170,16.667,5,2,667343559.0,10.799,0.124,7
compact_history_control,78274835,16.665,5,2,666782791.0,10.799,0.124,8
compact_history_control,78291502,16.667,5,2,666889435.0,10.799,0.124,8
compact_history_control,78308178,16.676,5,2,667004251.0,10.799,0.124,8
compact_history_control,78324837,16.659,5,2,667097591.0,10.799,0.124,8
compact_history_control,78341548,16.711,5,2,667234823.0,10.799,0.124,8
compact_history_control,78358164,16.616,5,2,667340143.0,10.799,0.124,8
compact_history_control,78374853,16.689,5,2,667394351.0,10.799,0.124,8
compact_history_control,78391499,16.646,5,2,667482843.0,10.799,0.124,8
compact_history_control,78408173,16.674,5,2,667584711.0,10.799,0.124,7
compact_history_control,78424827,16.654,5,2,667677807.0,10.799,0.124,9
compact_history_control,78441498,16.671,5,2,667811783.0,10.799,0.124,8
compact_history_control,78458166,16.668,5,2,667917567.0,10.799,0.124,8
compact_history_control,78474828,16.662,5,2,668069843.0,10.799,0.124,7
compact_history_control,78491493,16.665,5,2,668202003.0,10.799,0.124,8
compact_history_control,78508156,16.663,5,2,668352795.0,10.799,0.124,7
compact_history_control,78524823,16.667,5,2,668442775.0,10.799,0.124,7
compact_history_control,78541495,16.672,5,2,668630455.0,10.799,0.124,8
compact_history_control,78558159,16.664,5,2,668700635.0,10.799,0.124,8
compact_history_control,78574846,16.687,5,2,668759703.0,10.799,0.124,8
compact_history_control,78591484,16.638,5,2,668905451.0,10.799,0.124,8
compact_history_control,78608159,16.675,5,2,668978503.0,10.799,0.124,8
compact_history_control,78624822,16.663,5,2,669107799.0,10.799,0.124,7
compact_history_control,78641484,16.662,5,2,669230691.0,10.799,0.124,8
compact_history_control,78658152,16.668,5,2,669344095.0,10.799,0.124,8
compact_history_control,78674820,16.668,5,2,669453191.0,10.799,0.124,8
compact_history_control,78691488,16.668,5,2,669545099.0,10.799,0.124,8
compact_history_control,78708149,16.661,5,2,669604059.0,10.799,0.124,8
compact_history_control,78724813,16.664,5,2,669799931.0,10.799,0.124,8
compact_history_control,78741486,16.673,5,2,669872979.0,10.799,0.124,7
compact_history_control,78758149,16.663,5,2,669948187.0,10.799,0.124,8
compact_history_control,78774819,16.67,5,2,670111791.0,10.799,0.124,8
compact_history_control,78791483,16.664,5,2,670181339.0,10.799,0.124,8
compact_history_control,78808153,16.67,5,2,670310095.0,10.799,0.124,7
compact_history_control,78824815,16.662,1,2,670433099.0,10.799,0.124,7
compact_history_control,78841589,16.774,3,2,670790743.0,10.799,0.124,7
compact_history_control,78858148,16.559,2,2,670730663.0,10.799,0.124,7
compact_history_control,78874824,16.676,1,2,671072863.0,10.799,0.124,8
compact_history_control,78891489,16.665,3,2,670852407.0,10.799,0.124,8
compact_history_control,78908160,16.671,4,2,671096111.0,10.799,0.124,8
compact_history_control,78924817,16.657,4,2,671653303.0,10.799,0.124,7
compact_history_control,78941497,16.68,4,2,671812767.0,10.799,0.124,8
compact_history_control,78958141,16.644,4,2,672173759.0,10.799,0.124,8
compact_history_control,78974827,16.686,4,2,672479763.0,10.799,0.124,8
compact_history_control,78991492,16.665,4,2,672764815.0,10.799,0.124,8
compact_history_control,79008144,16.652,4,2,673193055.0,10.799,0.124,8
compact_history_control,79024811,16.667,4,2,673553547.0,11.039,0.215,8
compact_history_control,79041483,16.672,4,2,673795615.0,11.039,0.215,8
compact_history_control,79058141,16.658,4,2,674207635.0,11.039,0.215,7
compact_history_control,79074810,16.669,4,2,674424539.0,11.039,0.215,7
compact_history_control,79091475,16.665,4,2,674687911.0,11.039,0.215,8
compact_history_control,79108137,16.662,4,2,674993779.0,11.039,0.215,8
compact_history_control,79124807,16.67,4,2,674593575.0,11.039,0.215,8
compact_history_control,79141468,16.661,4,2,674658803.0,11.039,0.215,8
compact_history_control,79158144,16.676,4,2,674755047.0,11.039,0.215,7
compact_history_control,79174806,16.662,4,2,674821827.0,11.039,0.215,8
compact_history_control,79191465,16.659,4,2,674932279.0,11.039,0.215,8
compact_history_control,79208126,16.661,4,2,675057779.0,11.039,0.215,13
compact_history_control,79224794,16.668,4,2,675159295.0,11.039,0.215,13
compact_history_control,79241460,16.666,4,2,675281031.0,11.039,0.215,7
compact_history_control,79258128,16.668,4,2,675370127.0,11.039,0.215,8
compact_history_control,79274796,16.668,4,2,675433763.0,11.039,0.215,8
compact_history_control,79291476,16.68,4,2,675591091.0,11.039,0.215,8
compact_history_control,79308196,16.72,4,2,675650699.0,11.039,0.215,8
compact_history_control,79324812,16.616,4,2,675792375.0,11.039,0.215,8
compact_history_control,79341461,16.649,4,2,675871779.0,11.039,0.215,7
compact_history_control,79358124,16.663,4,2,675964451.0,11.039,0.215,7
compact_history_control,79374893,16.769,4,2,676056759.0,11.039,0.215,8
compact_history_control,79391462,16.569,4,2,676123287.0,11.039,0.215,7
compact_history_control,79408119,16.657,4,2,676241007.0,11.039,0.215,8
compact_history_control,79424791,16.672,4,2,676326019.0,11.039,0.215,8
compact_history_control,79441464,16.673,4,2,676422223.0,11.039,0.215,7
compact_history_control,79458124,16.66,4,2,676574583.0,11.039,0.215,8
compact_history_control,79474786,16.662,4,2,676661183.0,11.039,0.215,7
compact_history_control,79491460,16.674,4,2,676749059.0,11.039,0.215,8
compact_history_control,79508119,16.659,4,2,676835595.0,11.039,0.215,8
compact_history_control,79524795,16.676,4,2,677024199.0,11.039,0.215,8
compact_history_control,79541451,16.656,4,2,677031623.0,11.039,0.215,9
compact_history_control,79558121,16.67,4,2,677101899.0,11.039,0.215,8
compact_history_control,79574782,16.661,4,2,677169443.0,11.039,0.215,8
compact_history_control,79591456,16.674,4,2,677358327.0,11.039,0.215,7
compact_history_control,79608120,16.664,4,2,677367015.0,11.039,0.215,8
compact_history_control,79624779,16.659,4,2,677462783.0,11.039,0.215,7
compact_history_control,79641448,16.669,4,2,677553159.0,11.039,0.215,7
compact_history_control,79658118,16.67,4,2,677672667.0,11.039,0.215,7
compact_history_control,79674775,16.657,4,2,677779543.0,11.039,0.215,8
compact_history_control,79691442,16.667,4,2,677870575.0,11.039,0.215,7
compact_history_control,79708116,16.674,4,2,677954671.0,11.039,0.215,7
compact_history_control,79724786,16.67,4,2,678043075.0,11.039,0.215,7
compact_history_control,79741452,16.666,4,2,678172351.0,11.039,0.215,8
compact_history_control,79758110,16.658,1,2,678273819.0,11.039,0.215,9
compact_history_control,79774774,16.664,3,2,678725895.0,11.039,0.215,7
compact_history_control,79791431,16.657,0,2,678717975.0,11.039,0.215,7
compact_history_control,79808130,16.699,1,2,678583811.0,11.039,0.215,8
compact_history_control,79824779,16.649,3,2,679021859.0,11.039,0.215,7
compact_history_control,79841457,16.678,3,2,679330275.0,11.039,0.215,7
compact_history_control,79858107,16.65,3,2,679676333.0,11.039,0.215,8
compact_history_control,79874773,16.666,3,2,680012275.0,11.039,0.215,8
compact_history_control,79891440,16.667,3,2,680369771.0,11.039,0.215,7
compact_history_control,79908107,16.667,3,2,680806975.0,11.039,0.215,8
compact_history_control,79924784,16.677,3,2,681063539.0,11.039,0.215,8
compact_history_control,79941435,16.651,3,2,681444415.0,11.039,0.215,8
compact_history_control,79958107,16.672,3,2,681857803.0,11.039,0.215,8
compact_history_control,79974767,16.66,3,2,682097587.0,11.039,0.215,7
compact_history_control,79991436,16.669,3,2,682349631.0,11.039,0.215,7
compact_history_control,80008102,16.666,3,2,682711791.0,11.039,0.215,7
compact_history_control,80024769,16.667,3,2,682940251.0,11.776,0.174,8
compact_history_control,80041423,16.654,3,2,682532099.0,11.776,0.174,7
compact_history_control,80058095,16.672,3,2,682592539.0,11.776,0.174,8
compact_history_control,80074764,16.669,3,2,682690107.0,11.776,0.174,7
compact_history_control,80091426,16.662,3,2,682771767.0,11.776,0.174,8
compact_history_control,80108102,16.676,3,2,682888267.0,11.776,0.174,8
compact_history_control,80124770,16.668,3,2,682966687.0,11.776,0.174,7
compact_history_control,80141428,16.658,3,2,683165955.0,11.776,0.174,8
compact_history_control,80158098,16.67,3,2,683190023.0,11.776,0.174,7
compact_history_control,80174764,16.666,3,2,683252887.0,11.776,0.174,9
compact_history_control,80191428,16.664,3,2,683398155.0,11.776,0.174,8
compact_history_control,80208093,16.665,3,2,683499219.0,11.776,0.174,8
compact_history_control,80224754,16.661,3,2,683664239.0,11.776,0.174,7
compact_history_control,80241429,16.675,3,2,683739499.0,11.776,0.174,7
compact_history_control,80258092,16.663,3,2,683791007.0,11.776,0.174,8
compact_history_control,80274750,16.658,3,2,683912887.0,11.776,0.174,8
compact_history_control,80291421,16.671,3,2,684047127.0,11.776,0.174,9
compact_history_control,80308090,16.669,3,2,684155983.0,11.776,0.174,8
compact_history_control,80324755,16.665,3,2,684223619.0,11.776,0.174,7
compact_history_control,80341417,16.662,3,2,684286751.0,11.776,0.174,8
compact_history_control,80358090,16.673,3,2,684387931.0,11.776,0.174,7
compact_history_control,80374758,16.668,3,2,684443799.0,11.776,0.174,8
compact_history_control,80391417,16.659,3,2,684559703.0,11.776,0.174,7
compact_history_control,80408083,16.666,3,2,684631619.0,11.776,0.174,8
compact_history_control,80424760,16.677,3,2,684696735.0,11.776,0.174,9
compact_history_control,80441414,16.654,3,2,684813439.0,11.776,0.174,8
compact_history_control,80458078,16.664,3,2,684875911.0,11.776,0.174,8
compact_history_control,80474766,16.688,3,2,684937279.0,11.776,0.174,8
compact_history_control,80491412,16.646,3,2,685079067.0,11.776,0.174,8
compact_history_control,80508084,16.672,3,2,685168619.0,11.776,0.174,7
compact_history_control,80524750,16.666,3,2,685272515.0,11.776,0.174,8
compact_history_control,80541411,16.661,3,2,685362927.0,11.776,0.174,8
compact_history_control,80558082,16.671,3,2,685474411.0,11.776,0.174,8
compact_history_control,80574746,16.664,3,2,685549335.0,11.776,0.174,8
compact_history_control,80591415,16.669,3,2,685647859.0,11.776,0.174,8
compact_history_control,80608085,16.67,3,2,685716839.0,11.776,0.174,8
compact_history_control,80624743,16.658,3,2,685860323.0,11.776,0.174,7
compact_history_control,80641407,16.664,0,2,685948943.0,11.776,0.174,8
compact_history_control,80658081,16.674,0,2,686215919.0,11.776,0.174,737
compact_history_control,80674738,16.657,0,2,686442851.0,11.776,0.174,7
compact_history_control,80691401,16.663,0,2,686078715.0,11.776,0.174,7
compact_history_control,80708086,16.685,0,2,686216903.0,11.776,0.174,7
compact_history_control,80724741,16.655,0,2,686505139.0,11.776,0.174,671
compact_history_control,80741394,16.653,0,2,686729351.0,11.776,0.174,8
compact_history_control,80758077,16.683,0,2,686515887.0,11.776,0.174,8
compact_history_control,80774743,16.666,0,2,686766099.0,11.776,0.174,7
compact_history_control,80791405,16.662,0,2,687021953.0,11.776,0.174,466
compact_history_control,80808083,16.678,0,2,687249177.0,11.776,0.174,8
compact_history_control,80824753,16.67,0,2,687043825.0,11.776,0.174,11
compact_history_control,80841409,16.656,0,2,687204913.0,11.776,0.174,8
compact_history_control,80858072,16.663,0,2,687482717.0,11.776,0.174,929
compact_history_control,80874741,16.669,0,2,687706273.0,11.776,0.174,7
compact_history_control,80891399,16.658,0,2,687492761.0,11.776,0.174,7
compact_history_control,80908078,16.679,0,2,687894041.0,11.776,0.174,8
compact_history_control,80924739,16.661,0,2,688101037.0,11.776,0.174,950
compact_history_control,80941389,16.65,0,2,688326357.0,11.776,0.174,7
compact_history_control,80958083,16.694,0,2,688188385.0,11.776,0.174,8
compact_history_control,80974738,16.655,0,2,688363017.0,11.776,0.174,7
compact_history_control,80991403,16.665,0,2,688593647.0,11.776,0.174,465
compact_history_control,81008049,16.646,0,2,688817715.0,11.776,0.174,8
compact_history_control,81024723,16.674,0,2,688604203.0,12.456,0.128,8
compact_history_control,81041408,16.685,0,2,688843363.0,12.456,0.128,7
compact_history_control,81058066,16.658,0,2,689085935.0,12.456,0.128,690
compact_history_control,81074715,16.649,0,2,689311439.0,12.456,0.128,7
compact_history_control,81091389,16.674,0,2,689106091.0,12.456,0.128,7
expanding_excavation,81108060,16.671,0,2,689117251.0,12.456,0.128,8
expanding_excavation,81124737,16.677,0,2,688683343.0,12.456,0.128,686
expanding_excavation,81149464,24.727,0,2,688962523.0,12.456,0.128,18720
expanding_excavation,81160534,11.07,0,10,688851775.0,12.456,0.128,4173
expanding_excavation,81174710,14.176,3,10,687937627.0,12.456,0.128,401
expanding_excavation,81191382,16.672,0,10,687270771.0,12.456,0.128,390
expanding_excavation,81208058,16.676,0,10,686751123.0,12.456,0.128,4044
expanding_excavation,81224722,16.664,0,10,686958567.0,12.456,0.128,399
expanding_excavation,81241389,16.667,0,10,687176683.0,12.456,0.128,389
expanding_excavation,81258046,16.657,2,10,686959215.0,12.456,0.128,409
expanding_excavation,81274725,16.679,0,10,687264911.0,12.456,0.128,402
expanding_excavation,81291386,16.661,0,10,687547239.0,12.456,0.128,4998
expanding_excavation,81308039,16.653,0,10,687761883.0,12.456,0.128,423
expanding_excavation,81324727,16.688,0,10,688057127.0,12.456,0.128,428
expanding_excavation,81341380,16.653,1,10,687764139.0,12.456,0.128,388
expanding_excavation,81358055,16.675,0,10,688061907.0,12.456,0.128,438
expanding_excavation,81374715,16.66,0,10,688358573.0,12.456,0.128,4198
expanding_excavation,81391383,16.668,0,10,688577321.0,12.456,0.128,420
expanding_excavation,81408052,16.669,0,10,688799709.0,12.456,0.128,387
expanding_excavation,81424699,16.647,4,10,688578861.0,12.456,0.128,4275
expanding_excavation,81441378,16.679,3,10,688922137.0,12.456,0.128,7
expanding_excavation,81458057,16.679,2,10,689446537.0,12.456,0.128,8
expanding_excavation,81474707,16.65,0,10,689668597.0,12.456,0.128,7
expanding_excavation,81491380,16.673,0,10,689884165.0,12.456,0.128,9
expanding_excavation,81508053,16.673,4,10,689698169.0,12.456,0.128,7
expanding_excavation,81524704,16.651,3,10,690136521.0,12.456,0.128,7
expanding_excavation,81541386,16.682,2,10,690550809.0,12.456,0.128,7
expanding_excavation,81558039,16.653,0,10,690773877.0,12.456,0.128,8
expanding_excavation,81574717,16.678,0,10,690978937.0,12.456,0.128,9
expanding_excavation,81591379,16.662,4,10,690765405.0,12.456,0.128,7
expanding_excavation,81608038,16.659,3,10,691289745.0,12.456,0.128,9
expanding_excavation,81624707,16.669,2,10,691766549.0,12.456,0.128,9
expanding_excavation,81641359,16.652,0,10,691989737.0,12.456,0.128,7
expanding_excavation,81658040,16.681,0,10,692208633.0,12.456,0.128,8
expanding_excavation,81674700,16.66,3,10,691997241.0,12.456,0.128,7
expanding_excavation,81691365,16.665,2,10,692407273.0,12.456,0.128,8
expanding_excavation,81708044,16.679,0,10,692922765.0,12.456,0.128,7
expanding_excavation,81724687,16.643,0,10,693146005.0,12.456,0.128,7
expanding_excavation,81741372,16.685,0,10,693360181.0,12.456,0.128,8
expanding_excavation,81758034,16.662,0,10,692946765.0,12.456,0.128,8
expanding_excavation,81774712,16.678,0,10,693145005.0,12.456,0.128,8
expanding_excavation,81791381,16.669,0,10,693404805.0,12.456,0.128,4664
expanding_excavation,81808021,16.64,0,10,693631753.0,12.456,0.128,8
expanding_excavation,81824704,16.683,0,10,693845401.0,12.456,0.128,9
expanding_excavation,81841365,16.661,0,10,693424133.0,12.456,0.128,7
expanding_excavation,81858039,16.674,0,10,693705065.0,12.456,0.128,8
expanding_excavation,81874704,16.665,0,10,693903653.0,12.456,0.128,7
expanding_excavation,81891347,16.643,0,10,694134545.0,12.456,0.128,8
expanding_excavation,81908039,16.692,0,10,694351937.0,12.456,0.128,8
expanding_excavation,81924703,16.664,0,10,693931429.0,12.456,0.128,8
expanding_excavation,81941366,16.663,0,10,694140389.0,12.456,0.128,7
expanding_excavation,81958039,16.673,0,10,694444653.0,12.456,0.128,8
expanding_excavation,81974686,16.647,0,10,694619601.0,12.456,0.128,7
expanding_excavation,81991362,16.676,0,10,694884493.0,12.456,0.128,9
expanding_excavation,82008015,16.653,0,10,694465081.0,12.456,0.128,7
expanding_excavation,82024707,16.692,0,10,694718181.0,24.524,0.128,8
expanding_excavation,82041361,16.654,0,10,694935733.0,24.524,0.128,7
expanding_excavation,82058015,16.654,0,10,695169889.0,24.524,0.128,7
expanding_excavation,82074691,16.676,0,10,695391361.0,24.524,0.128,9
expanding_excavation,82091357,16.666,0,10,694971233.0,24.524,0.128,7
expanding_excavation,82108048,16.691,0,10,695273361.0,24.524,0.128,8
expanding_excavation,82124713,16.665,0,10,695524389.0,24.524,0.128,8
expanding_excavation,82141384,16.671,0,10,695809845.0,24.524,0.128,7
expanding_excavation,82158035,16.651,0,10,695970981.0,24.524,0.128,9
expanding_excavation,82174701,16.666,0,10,695556737.0,24.524,0.128,8
expanding_excavation,82191363,16.662,0,10,695756265.0,24.524,0.128,8
expanding_excavation,82208037,16.674,0,10,695754149.0,24.524,0.128,7
expanding_excavation,82224677,16.64,0,10,695991565.0,24.524,0.128,8
expanding_excavation,82241361,16.684,0,10,696216753.0,24.524,0.128,9
expanding_excavation,82258353,16.992,0,10,695790377.0,24.524,0.128,8
expanding_excavation,82274697,16.344,0,10,695786105.0,24.524,0.128,7
expanding_excavation,82291363,16.666,0,10,695787549.0,24.524,0.128,8
expanding_excavation,82308016,16.653,0,10,696024969.0,24.524,0.128,8
expanding_excavation,82324694,16.678,0,10,696249629.0,24.524,0.128,10
expanding_excavation,82341355,16.661,0,10,695806377.0,24.524,0.128,7
expanding_excavation,82358031,16.676,0,10,695802105.0,24.524,0.128,7
expanding_excavation,82374688,16.657,0,10,695803549.0,24.524,0.128,7
expanding_excavation,82391328,16.64,0,10,695984317.0,24.524,0.128,7
expanding_excavation,82408011,16.683,0,10,696260925.0,24.524,0.128,9
expanding_excavation,82424666,16.655,0,10,695830913.0,24.524,0.128,8
expanding_excavation,82441390,16.724,0,10,695826641.0,24.524,0.128,7
expanding_excavation,82458009,16.619,0,10,695828085.0,24.524,0.128,8
expanding_excavation,82474664,16.655,0,10,696068769.0,24.524,0.128,8
expanding_excavation,82491340,16.676,0,10,696298517.0,24.524,0.128,9
expanding_excavation,82508007,16.667,0,10,695848037.0,24.524,0.128,7
expanding_excavation,82524674,16.667,0,10,695843765.0,24.524,0.128,7
expanding_excavation,82541340,16.666,0,10,695845209.0,24.524,0.128,7
expanding_excavation,82558008,16.668,0,10,696197021.0,24.524,0.128,7
expanding_excavation,82574671,16.663,0,10,696308493.0,24.524,0.128,9
expanding_excavation,82591328,16.657,0,10,695872577.0,24.524,0.128,8
expanding_excavation,82608008,16.68,0,10,695868301.0,24.524,0.128,7
expanding_excavation,82624668,16.66,0,10,695869741.0,24.524,0.128,7
expanding_excavation,82641320,16.652,0,10,696052657.0,24.524,0.128,7
expanding_excavation,82658016,16.696,0,10,696334153.0,24.524,0.128,9
expanding_excavation,82674666,16.65,0,10,695891153.0,24.524,0.128,8
expanding_excavation,82691335,16.669,0,10,695886881.0,24.524,0.128,8
expanding_excavation,82708001,16.666,0,10,695888325.0,24.524,0.128,7
expanding_excavation,82724659,16.658,0,10,696080897.0,24.524,0.128,8
expanding_excavation,82741338,16.679,0,10,696368985.0,24.524,0.128,9
expanding_excavation,82758018,16.68,0,10,695915625.0,24.524,0.128,8
expanding_excavation,82774670,16.652,0,10,695911353.0,24.524,0.128,7
expanding_excavation,82791338,16.668,0,10,695912797.0,24.524,0.128,8
expanding_excavation,82807982,16.644,0,10,696105521.0,24.524,0.128,7
expanding_excavation,82824674,16.692,0,10,696393457.0,24.524,0.128,8
expanding_excavation,82841349,16.675,0,10,695931621.0,24.524,0.128,8
expanding_excavation,82857998,16.649,0,10,695927349.0,24.524,0.128,8
expanding_excavation,82874658,16.66,0,10,695928789.0,24.524,0.128,8
expanding_excavation,82891309,16.651,0,10,696123353.0,24.524,0.128,14
expanding_excavation,82907989,16.68,0,10,696415353.0,24.524,0.128,8
expanding_excavation,82924664,16.675,0,10,695956157.0,24.524,0.128,7
expanding_excavation,82941327,16.663,0,10,695951885.0,24.524,0.128,8
expanding_excavation,82958001,16.674,0,10,695953329.0,24.524,0.128,8
expanding_excavation,82974644,16.643,0,10,696148041.0,24.524,0.128,7
expanding_excavation,82991325,16.681,0,10,696439889.0,24.524,0.128,9
expanding_excavation,83007973,16.648,0,10,695972149.0,24.524,0.128,8
expanding_excavation,83024655,16.682,0,10,695967877.0,13.512,0.447,8
expanding_excavation,83041325,16.67,0,10,695970997.0,13.512,0.447,8
expanding_excavation,83057977,16.652,0,10,696167553.0,13.512,0.447,7
expanding_excavation,83074668,16.691,0,10,696463465.0,13.512,0.447,8
expanding_excavation,83091316,16.648,0,10,695998369.0,13.512,0.447,7
expanding_excavation,83107982,16.666,0,10,695994097.0,13.512,0.447,8
expanding_excavation,83124648,16.666,0,10,695995541.0,13.512,0.447,8
expanding_excavation,83141307,16.659,0,10,696262793.0,13.512,0.447,5576
expanding_excavation,83158017,16.71,0,10,696403997.0,13.512,0.447,107
expanding_excavation,83174649,16.632,4,10,696308513.0,13.512,0.447,104
expanding_excavation,83191320,16.671,2,10,696587893.0,13.512,0.447,105
expanding_excavation,83207977,16.657,1,10,697148409.0,13.512,0.447,113
expanding_excavation,83224634,16.657,0,10,697384845.0,13.512,0.447,104
expanding_excavation,83241341,16.707,1,10,697521873.0,13.512,0.447,103
expanding_excavation,83257987,16.646,0,10,697618397.0,13.512,0.447,107
expanding_excavation,83274648,16.661,0,10,697632045.0,13.512,0.447,110
expanding_excavation,83291292,16.644,0,10,697872117.0,13.512,0.447,112
expanding_excavation,83307976,16.684,0,10,697658817.0,13.512,0.447,105
expanding_excavation,83324649,16.673,0,10,697933565.0,13.512,0.447,103
expanding_excavation,83341313,16.664,0,10,698119077.0,13.512,0.447,104
expanding_excavation,83357959,16.646,0,10,698359537.0,13.512,0.447,105
expanding_excavation,83374639,16.68,0,10,698139745.0,13.512,0.447,103
expanding_excavation,83391313,16.674,0,10,698414493.0,13.512,0.447,111
expanding_excavation,83407974,16.661,0,10,698588649.0,13.512,0.447,103
expanding_excavation,83424628,16.654,0,10,698826501.0,13.512,0.447,1373
expanding_excavation,83441300,16.672,0,10,698611589.0,13.512,0.447,8
expanding_excavation,83457967,16.667,0,10,698886329.0,13.512,0.447,8
expanding_excavation,83474645,16.678,0,10,699062805.0,13.512,0.447,8
expanding_excavation,83491291,16.646,0,10,699306405.0,13.512,0.447,7
expanding_excavation,83507967,16.676,0,10,699093697.0,13.512,0.447,7
expanding_excavation,83524635,16.668,0,10,699089425.0,13.512,0.447,7
expanding_excavation,83541299,16.664,0,10,699090869.0,13.512,0.447,7
expanding_excavation,83557951,16.652,0,10,699337625.0,13.512,0.447,7
expanding_excavation,83574632,16.681,0,10,699490701.0,13.512,0.447,8
expanding_excavation,83591301,16.669,0,10,699118129.0,13.512,0.447,9
expanding_excavation,83607967,16.666,0,10,699113857.0,13.512,0.447,8
expanding_excavation,83624632,16.665,0,10,699115301.0,13.512,0.447,7
expanding_excavation,83641285,16.653,0,10,699362057.0,13.512,0.447,7
expanding_excavation,83657961,16.676,0,10,699515133.0,13.512,0.447,8
expanding_excavation,83674625,16.664,0,10,699134125.0,13.512,0.447,7
expanding_excavation,83691300,16.675,0,10,699129853.0,13.512,0.447,7
expanding_excavation,83707966,16.666,0,10,699131297.0,13.512,0.447,8
expanding_excavation,83724617,16.651,0,10,699381205.0,13.512,0.447,8
expanding_excavation,83741287,16.67,0,10,699157953.0,13.512,0.447,7
expanding_excavation,83757959,16.672,0,10,699153681.0,13.512,0.447,8
expanding_excavation,83774626,16.667,0,10,699155125.0,13.512,0.447,8
expanding_excavation,83791280,16.654,0,10,699405033.0,13.512,0.447,8
expanding_excavation,83807958,16.678,0,10,699562069.0,13.512,0.447,8
expanding_excavation,83824649,16.691,0,10,699173949.0,13.512,0.447,8
expanding_excavation,83841291,16.642,0,10,699169677.0,13.512,0.447,8
expanding_excavation,83857954,16.663,0,10,699171121.0,13.512,0.447,7
expanding_excavation,83874622,16.668,0,10,699424177.0,13.512,0.447,8
expanding_excavation,83891298,16.676,0,10,699569009.0,13.512,0.447,8
expanding_excavation,83907962,16.664,0,10,699198373.0,13.512,0.447,8
expanding_excavation,83924619,16.657,0,10,699194101.0,13.512,0.447,8
expanding_excavation,83941287,16.668,0,10,699195545.0,13.512,0.447,8
expanding_excavation,83957942,16.655,0,10,699398469.0,13.512,0.447,8
expanding_excavation,83974615,16.673,0,10,699708293.0,13.512,0.447,10
expanding_excavation,83991284,16.669,0,10,699214377.0,13.512,0.447,9
expanding_excavation,84007952,16.668,0,10,699210105.0,13.512,0.447,7
expanding_excavation,84024626,16.674,0,10,699211549.0,12.671,0.138,8
expanding_excavation,84041267,16.641,0,10,699467761.0,12.671,0.138,8
expanding_excavation,84057945,16.678,0,10,699616553.0,12.671,0.138,8
expanding_excavation,84074616,16.671,0,10,699238805.0,12.671,0.138,7
expanding_excavation,84091280,16.664,0,10,699234533.0,12.671,0.138,7
expanding_excavation,84107950,16.67,0,10,699235973.0,12.671,0.138,7
expanding_excavation,84124602,16.652,0,10,699492185.0,12.671,0.138,8
expanding_excavation,84141278,16.676,0,10,699657141.0,12.671,0.138,8
expanding_excavation,84157944,16.666,0,10,699254797.0,12.671,0.138,8
expanding_excavation,84174628,16.684,0,10,699250525.0,12.671,0.138,7
expanding_excavation,84191288,16.66,0,10,699251965.0,12.671,0.138,8
expanding_excavation,84207926,16.638,0,10,699514397.0,12.671,0.138,8
expanding_excavation,84224607,16.681,0,10,699669489.0,12.671,0.138,9
expanding_excavation,84241266,16.659,0,10,699284629.0,12.671,0.138,7
expanding_excavation,84257941,16.675,0,10,699280357.0,12.671,0.138,6
expanding_excavation,84274600,16.659,0,10,699281801.0,12.671,0.138,8
expanding_excavation,84291263,16.663,0,10,699491577.0,12.671,0.138,8
expanding_excavation,84307939,16.676,0,10,699811017.0,12.671,0.138,9
expanding_excavation,84324606,16.667,0,10,699300625.0,12.671,0.138,8
expanding_excavation,84341267,16.661,0,10,699296353.0,12.671,0.138,7
expanding_excavation,84357940,16.673,0,10,699297797.0,12.671,0.138,7
expanding_excavation,84374589,16.649,0,10,699560861.0,12.671,0.138,7
expanding_excavation,84391271,16.682,0,10,699742429.0,12.671,0.138,8
expanding_excavation,84407918,16.647,0,10,699325053.0,12.671,0.138,9
expanding_excavation,84424604,16.686,0,10,699320781.0,12.671,0.138,6
expanding_excavation,84441267,16.663,0,10,699322225.0,12.671,0.138,7
expanding_excavation,84457915,16.648,0,10,699585289.0,12.671,0.138,8
expanding_excavation,84474611,16.696,0,10,699753593.0,12.671,0.138,9
expanding_excavation,84491262,16.651,0,10,699341553.0,12.671,0.138,8
expanding_excavation,84507930,16.668,0,10,699337281.0,12.671,0.138,8
expanding_excavation,84524597,16.667,0,10,699338725.0,12.671,0.138,7
expanding_excavation,84541252,16.655,0,10,699562617.0,12.671,0.138,7
expanding_excavation,84557927,16.675,0,10,699792113.0,12.671,0.138,8
expanding_excavation,84574601,16.674,0,10,699365977.0,12.671,0.138,8
expanding_excavation,84591264,16.663,0,10,699361705.0,12.671,0.138,7
expanding_excavation,84607927,16.663,0,10,699365669.0,12.671,0.138,7
expanding_excavation,84624576,16.649,0,10,699589565.0,12.671,0.138,7
expanding_excavation,84641263,16.687,0,10,699811949.0,12.671,0.138,9
expanding_excavation,84657934,16.671,0,10,699384497.0,12.671,0.138,8
expanding_excavation,84674596,16.662,0,10,699380225.0,12.671,0.138,8
expanding_excavation,84691256,16.66,0,10,699381665.0,12.671,0.138,7
expanding_excavation,84707914,16.658,0,10,699608713.0,12.671,0.138,7
expanding_excavation,84724584,16.67,0,10,699844685.0,12.671,0.138,8
expanding_excavation,84741244,16.66,0,10,699412681.0,12.671,0.138,7
expanding_excavation,84757917,16.673,0,10,699408409.0,12.671,0.138,8
expanding_excavation,84774583,16.666,0,10,699409853.0,12.671,0.138,8
expanding_excavation,84791235,16.652,0,10,699636901.0,12.671,0.138,7
expanding_excavation,84807915,16.68,0,10,699866189.0,12.671,0.138,7
expanding_excavation,84824578,16.663,0,10,699428673.0,12.671,0.138,8
expanding_excavation,84841245,16.667,0,10,699424401.0,12.671,0.138,7
expanding_excavation,84857917,16.672,0,10,699425845.0,12.671,0.138,12
expanding_excavation,84874574,16.657,0,10,699656049.0,12.671,0.138,8
expanding_excavation,84891252,16.678,0,10,699886353.0,12.671,0.138,8
expanding_excavation,84907922,16.67,0,10,699453101.0,12.671,0.138,7
expanding_excavation,84924589,16.667,0,10,699448829.0,12.671,0.138,8
expanding_excavation,84941253,16.664,0,10,699450273.0,12.671,0.138,7
expanding_excavation,84957900,16.647,0,10,699672673.0,12.671,0.138,8
expanding_excavation,84974595,16.695,0,10,699925869.0,12.671,0.138,9
expanding_excavation,84991251,16.656,0,10,699634097.0,12.671,0.138,8
expanding_excavation,85007911,16.66,0,10,699457581.0,12.671,0.138,8
expanding_excavation,85024588,16.677,0,10,699458617.0,11.344,0.128,7
expanding_excavation,85041238,16.65,0,10,699710361.0,11.344,0.128,7526
expanding_excavation,85057919,16.681,0,14,699946393.0,11.344,0.128,129
expanding_excavation,85074581,16.662,0,14,700140837.0,11.344,0.128,120
expanding_excavation,85091243,16.662,2,14,699547349.0,11.344,0.128,123
expanding_excavation,85107915,16.672,0,14,699242061.0,11.344,0.128,123
expanding_excavation,85124595,16.68,0,14,699490989.0,11.344,0.128,124
expanding_excavation,85141230,16.635,0,14,699717437.0,11.344,0.128,134
expanding_excavation,85157909,16.679,0,14,700048053.0,11.344,0.128,137
expanding_excavation,85174576,16.667,0,14,699510069.0,11.344,0.128,122
expanding_excavation,85191264,16.688,0,14,699644749.0,11.344,0.128,124
expanding_excavation,85207904,16.64,0,14,699646197.0,11.344,0.128,132
expanding_excavation,85224559,16.655,0,14,699874873.0,11.344,0.128,121
expanding_excavation,85241241,16.682,0,14,700133741.0,11.344,0.128,121
expanding_excavation,85257942,16.701,0,14,699683749.0,11.344,0.128,122
expanding_excavation,85274565,16.623,0,14,699675257.0,11.344,0.128,2963
expanding_excavation,85291235,16.67,0,14,699674821.0,11.344,0.128,146
expanding_excavation,85307885,16.65,0,14,699903645.0,11.344,0.128,124
expanding_excavation,85324561,16.676,0,14,700230373.0,11.344,0.128,1849
expanding_excavation,85341239,16.678,0,14,699686113.0,11.344,0.128,7
expanding_excavation,85357900,16.661,0,14,699681841.0,11.344,0.128,8
expanding_excavation,85374578,16.678,0,14,699683285.0,11.344,0.128,8
expanding_excavation,85391216,16.638,0,14,699913421.0,11.344,0.128,7
expanding_excavation,85407897,16.681,0,14,700175925.0,11.344,0.128,8
expanding_excavation,85424561,16.664,0,14,700373453.0,11.344,0.128,7
expanding_excavation,85441217,16.656,0,14,699711589.0,11.344,0.128,8
expanding_excavation,85457900,16.683,0,14,699707317.0,11.344,0.128,7
expanding_excavation,85474556,16.656,0,14,699708761.0,11.344,0.128,7
expanding_excavation,85491215,16.659,0,14,699939573.0,11.344,0.128,7
expanding_excavation,85507888,16.673,0,14,700201137.0,11.344,0.128,8
expanding_excavation,85524545,16.657,0,14,699727585.0,11.344,0.128,7
expanding_excavation,85541222,16.677,0,14,699723313.0,11.344,0.128,8
expanding_excavation,85557890,16.668,0,14,699724757.0,11.344,0.128,7
expanding_excavation,85574551,16.661,0,14,699957409.0,11.344,0.128,7
expanding_excavation,85591225,16.674,0,14,700222509.0,11.344,0.128,8
expanding_excavation,85607892,16.667,0,14,700422605.0,11.344,0.128,8
expanding_excavation,85624546,16.654,0,14,699752721.0,11.344,0.128,9
expanding_excavation,85641215,16.669,0,14,699748449.0,11.344,0.128,7
expanding_excavation,85657887,16.672,0,14,699750397.0,11.344,0.128,7
expanding_excavation,85674539,16.652,0,14,699983201.0,11.344,0.128,7
expanding_excavation,85691222,16.683,0,14,700247881.0,11.344,0.128,9
expanding_excavation,85707886,16.664,0,14,700447977.0,11.344,0.128,8
expanding_excavation,85724550,16.664,0,14,699769813.0,11.344,0.128,8
expanding_excavation,85741215,16.665,0,14,699765541.0,11.344,0.128,7
expanding_excavation,85757879,16.664,0,14,699766985.0,11.344,0.128,7
expanding_excavation,85774532,16.653,0,14,700000377.0,11.344,0.128,7
expanding_excavation,85791216,16.684,0,14,700268597.0,11.344,0.128,8
expanding_excavation,85807884,16.668,0,14,700458333.0,11.344,0.128,9
expanding_excavation,85824549,16.665,0,14,699793701.0,11.344,0.128,8
expanding_excavation,85841214,16.665,0,14,699789429.0,11.344,0.128,8
expanding_excavation,85857922,16.708,0,14,699790873.0,11.344,0.128,7
expanding_excavation,85874533,16.611,0,14,700025665.0,11.344,0.128,8
expanding_excavation,85891209,16.676,0,14,700293469.0,11.344,0.128,9
expanding_excavation,85907879,16.67,0,14,700496465.0,11.344,0.128,8
expanding_excavation,85924546,16.667,0,14,699810289.0,11.344,0.128,8
expanding_excavation,85941209,16.663,0,14,699806017.0,11.344,0.128,8
expanding_excavation,85957880,16.671,0,14,699807461.0,11.344,0.128,7
expanding_excavation,85974533,16.653,0,14,700044097.0,11.344,0.128,8
expanding_excavation,85991214,16.681,0,14,700315437.0,11.344,0.128,9
expanding_excavation,86007871,16.657,0,14,700508821.0,11.344,0.128,9
expanding_excavation,86024537,16.666,0,14,699836173.0,12.798,0.158,7
expanding_excavation,86041208,16.671,0,14,699831901.0,12.798,0.158,7
expanding_excavation,86057878,16.67,0,14,699833341.0,12.798,0.158,7
expanding_excavation,86074524,16.646,0,14,700070129.0,12.798,0.158,8
expanding_excavation,86091245,16.721,0,14,700341053.0,12.798,0.158,9
expanding_excavation,86107865,16.62,0,14,700546953.0,12.798,0.158,15
expanding_excavation,86124539,16.674,0,14,699852761.0,12.798,0.158,8
expanding_excavation,86141203,16.664,0,14,699848489.0,12.798,0.158,8
expanding_excavation,86157864,16.661,0,14,699849933.0,12.798,0.158,9
expanding_excavation,86174518,16.654,0,14,700088561.0,12.798,0.158,7
expanding_excavation,86191195,16.677,0,14,700363021.0,12.798,0.158,8
expanding_excavation,86207889,16.694,0,14,700558565.0,12.798,0.158,9
expanding_excavation,86224531,16.642,0,14,699877897.0,12.798,0.158,8
expanding_excavation,86241200,16.669,0,14,699873625.0,12.798,0.158,7
expanding_excavation,86257875,16.675,0,14,699875069.0,12.798,0.158,7
expanding_excavation,86274512,16.637,0,14,700113849.0,12.798,0.158,7
expanding_excavation,86291195,16.683,0,14,700387893.0,12.798,0.158,8
expanding_excavation,86307865,16.67,0,14,700580485.0,12.798,0.158,8
expanding_excavation,86324546,16.681,0,14,699894485.0,12.798,0.158,10
expanding_excavation,86341189,16.643,0,14,699890217.0,12.798,0.158,7
expanding_excavation,86357861,16.672,0,14,699895453.0,12.798,0.158,8
expanding_excavation,86374518,16.657,0,14,700136073.0,12.798,0.158,31
expanding_excavation,86391187,16.669,0,14,700400393.0,12.798,0.158,9
expanding_excavation,86407859,16.672,0,14,700609157.0,12.798,0.158,8
expanding_excavation,86424522,16.663,0,14,699924165.0,12.798,0.158,8
expanding_excavation,86441187,16.665,0,14,699919893.0,12.798,0.158,8
expanding_excavation,86457858,16.671,0,14,699921337.0,12.798,0.158,7
expanding_excavation,86474603,16.745,0,14,700162109.0,12.798,0.158,8
expanding_excavation,86491189,16.586,0,14,700422957.0,12.798,0.158,9
expanding_excavation,86507856,16.667,0,14,700634773.0,12.798,0.158,9
expanding_excavation,86524535,16.679,0,14,699941885.0,12.798,0.158,8
expanding_excavation,86541183,16.648,0,14,699937613.0,12.798,0.158,8
expanding_excavation,86557853,16.67,0,14,699939053.0,12.798,0.158,7
expanding_excavation,86574502,16.649,0,14,700194581.0,12.798,0.158,7
expanding_excavation,86591182,16.68,0,14,700455257.0,12.798,0.158,8
expanding_excavation,86607867,16.685,0,14,700674489.0,12.798,0.158,9
expanding_excavation,86624516,16.649,0,14,699967009.0,12.798,0.158,8
expanding_excavation,86641178,16.662,0,14,699962737.0,12.798,0.158,8
expanding_excavation,86657849,16.671,0,14,699964181.0,12.798,0.158,7
expanding_excavation,86674505,16.656,0,14,700219861.0,12.798,0.158,7
expanding_excavation,86691179,16.674,0,14,700480125.0,12.798,0.158,10
expanding_excavation,86707845,16.666,0,14,700699361.0,12.798,0.158,9
expanding_excavation,86724818,16.973,0,14,699983605.0,12.798,0.158,7
expanding_excavation,86741179,16.361,0,14,699979333.0,12.798,0.158,7
expanding_excavation,86757843,16.664,0,14,699980777.0,12.798,0.158,7
expanding_excavation,86774495,16.652,0,14,700234205.0,12.798,0.158,16
expanding_excavation,86791174,16.679,0,14,700502105.0,12.798,0.158,8
expanding_excavation,86807836,16.662,0,14,700724241.0,12.798,0.158,8
expanding_excavation,86824514,16.678,0,14,700008749.0,12.798,0.158,8
expanding_excavation,86841196,16.682,0,14,700004477.0,12.798,0.158,7
expanding_excavation,86857844,16.648,0,14,700005921.0,12.798,0.158,8
expanding_excavation,86874497,16.653,0,14,700146389.0,12.798,0.158,8
expanding_excavation,86891173,16.676,0,14,700554285.0,12.798,0.158,8
expanding_excavation,86907839,16.666,0,14,700838377.0,12.798,0.158,11
expanding_excavation,86924507,16.668,0,14,700025345.0,12.798,0.158,8
expanding_excavation,86941170,16.663,0,14,700021073.0,12.798,0.158,7
expanding_excavation,86957836,16.666,0,14,700022517.0,12.798,0.158,9
expanding_excavation,86974506,16.67,0,14,700163549.0,12.798,0.158,7
expanding_excavation,86991167,16.661,0,14,700574933.0,12.798,0.158,8
expanding_excavation,87007830,16.663,0,14,700861401.0,12.798,0.158,9
expanding_excavation,87024569,16.739,0,14,700050477.0,10.958,0.422,8
expanding_excavation,87041173,16.604,0,14,700046205.0,10.958,0.422,7
expanding_excavation,87057837,16.664,0,14,700047649.0,10.958,0.422,8
expanding_excavation,87074490,16.653,0,14,700303217.0,10.958,0.422,7
expanding_excavation,87091166,16.676,0,14,700573817.0,10.958,0.422,9
expanding_excavation,87107837,16.671,0,14,700802649.0,10.958,0.422,9
expanding_excavation,87124492,16.655,0,14,700070857.0,10.958,0.422,7
expanding_excavation,87141164,16.672,0,14,700066585.0,10.958,0.422,8
expanding_excavation,87157823,16.659,0,14,700068029.0,10.958,0.422,8
expanding_excavation,87174487,16.664,0,14,700209937.0,10.958,0.422,8
expanding_excavation,87191158,16.671,0,16,700625033.0,10.958,0.422,8
expanding_excavation,87207827,16.669,0,16,700913613.0,10.958,0.422,9
expanding_excavation,87224525,16.698,0,16,700095997.0,10.958,0.422,9
expanding_excavation,87241157,16.632,0,16,700091725.0,10.958,0.422,7
expanding_excavation,87257822,16.665,0,16,700093169.0,10.958,0.422,8
expanding_excavation,87274497,16.675,0,16,700235381.0,10.958,0.422,7
expanding_excavation,87291164,16.667,0,18,700650701.0,10.958,0.422,8
expanding_excavation,87307824,16.66,0,18,700940693.0,10.958,0.422,9
expanding_excavation,87324487,16.663,0,18,700115513.0,10.958,0.422,8
expanding_excavation,87341151,16.664,0,18,700111241.0,10.958,0.422,8
expanding_excavation,87357821,16.67,0,18,700112681.0,10.958,0.422,7
expanding_excavation,87374479,16.658,0,18,700330985.0,10.958,0.422,8100
expanding_excavation,87391155,16.676,0,18,700617893.0,10.958,0.422,136
expanding_excavation,87407817,16.662,1,18,700373301.0,10.958,0.422,121
expanding_excavation,87424491,16.674,0,18,700661769.0,10.958,0.422,118
expanding_excavation,87441159,16.668,0,18,700881637.0,10.958,0.422,120
expanding_excavation,87457806,16.647,0,18,701073473.0,10.958,0.422,124
expanding_excavation,87474481,16.675,0,18,701362765.0,10.958,0.422,122
expanding_excavation,87491145,16.664,1,18,701108489.0,10.958,0.422,125
expanding_excavation,87507822,16.677,0,18,701313325.0,10.958,0.422,123
expanding_excavation,87524485,16.663,0,18,701597917.0,10.958,0.422,119
expanding_excavation,87541130,16.645,0,18,701791685.0,10.958,0.422,118
expanding_excavation,87557811,16.681,0,18,701997009.0,10.958,0.422,121
expanding_excavation,87574470,16.659,2,18,701819265.0,10.958,0.422,118
expanding_excavation,87591152,16.682,0,18,702123977.0,10.958,0.422,120
expanding_excavation,87607812,16.66,0,18,702364297.0,10.958,0.422,118
expanding_excavation,87624465,16.653,0,18,702559281.0,10.958,0.422,119
expanding_excavation,87641139,16.674,0,18,702853853.0,10.958,0.422,128
expanding_excavation,87657808,16.669,0,18,702385169.0,10.958,0.422,1688
expanding_excavation,87674482,16.674,0,18,702505861.0,10.958,0.422,7
expanding_excavation,87691168,16.686,0,18,702507305.0,10.958,0.422,8
expanding_excavation,87707795,16.627,0,18,702704609.0,10.958,0.422,7
expanding_excavation,87724484,16.689,0,18,703002065.0,10.958,0.422,9
expanding_excavation,87741140,16.656,0,18,702552309.0,10.958,0.422,8
expanding_excavation,87757797,16.657,0,18,702548037.0,10.958,0.422,8
expanding_excavation,87774470,16.673,0,18,702549481.0,10.958,0.422,8
expanding_excavation,87791130,16.66,0,18,702747997.0,10.958,0.422,7
expanding_excavation,87807798,16.668,0,18,703047565.0,10.958,0.422,11
expanding_excavation,87824473,16.675,0,18,702571633.0,10.958,0.422,8
expanding_excavation,87841141,16.668,0,18,702567361.0,10.958,0.422,8
expanding_excavation,87857801,16.66,0,18,702568801.0,10.958,0.422,8
expanding_excavation,87874445,16.644,0,18,702769257.0,10.958,0.422,8
expanding_excavation,87891122,16.677,0,18,703071993.0,10.958,0.422,9
expanding_excavation,87907797,16.675,0,18,702592729.0,10.958,0.422,8
expanding_excavation,87924461,16.664,0,18,702588457.0,10.958,0.422,7
expanding_excavation,87941127,16.666,0,18,702589901.0,10.958,0.422,8
expanding_excavation,87957811,16.684,0,18,702791573.0,10.958,0.422,7
expanding_excavation,87974460,16.649,0,18,703096421.0,10.958,0.422,9
expanding_excavation,87991130,16.67,0,18,702612049.0,10.958,0.422,9
expanding_excavation,88007792,16.662,0,18,702607777.0,10.958,0.422,8
expanding_excavation,88024507,16.715,0,18,702609221.0,11.484,0.187,7
expanding_excavation,88041111,16.604,0,18,702812825.0,11.484,0.187,8
expanding_excavation,88057794,16.683,0,18,703120841.0,11.484,0.187,8
expanding_excavation,88074458,16.664,0,18,702633145.0,11.484,0.187,8
expanding_excavation,88091122,16.664,0,18,702628873.0,11.484,0.187,7
expanding_excavation,88107783,16.661,0,18,702630317.0,11.484,0.187,7
expanding_excavation,88124436,16.653,0,18,702835141.0,11.484,0.187,7
expanding_excavation,88141117,16.681,0,18,703145269.0,11.484,0.187,8
expanding_excavation,88157791,16.674,0,18,702652473.0,11.484,0.187,9
expanding_excavation,88174447,16.656,0,18,702648201.0,11.484,0.187,7
expanding_excavation,88191116,16.669,0,18,702649645.0,11.484,0.187,7
expanding_excavation,88207770,16.654,0,18,702856405.0,11.484,0.187,7
expanding_excavation,88224445,16.675,0,18,703169701.0,11.484,0.187,8
expanding_excavation,88241307,16.862,0,18,702673573.0,11.484,0.187,8
expanding_excavation,88257784,16.477,0,18,702669301.0,11.484,0.187,7
expanding_excavation,88274444,16.66,0,18,702670741.0,11.484,0.187,8
expanding_excavation,88291098,16.654,0,18,702878717.0,11.484,0.187,8
expanding_excavation,88307788,16.69,0,18,703194121.0,11.484,0.187,9
expanding_excavation,88324510,16.722,0,18,702692889.0,11.484,0.187,9
expanding_excavation,88341109,16.599,0,18,702688617.0,11.484,0.187,7
expanding_excavation,88357776,16.667,0,18,702690061.0,11.484,0.187,7
expanding_excavation,88374425,16.649,0,18,702900521.0,11.484,0.187,7
expanding_excavation,88391108,16.683,0,18,703128901.0,11.484,0.187,8
expanding_excavation,88407775,16.667,0,18,702718125.0,11.484,0.187,8
expanding_excavation,88424444,16.669,0,18,702713853.0,11.484,0.187,8
expanding_excavation,88441107,16.663,0,18,702715297.0,11.484,0.187,8
expanding_excavation,88457761,16.654,0,18,702934673.0,11.484,0.187,8
expanding_excavation,88474442,16.681,0,18,703159457.0,11.484,0.187,9
expanding_excavation,88491103,16.661,0,18,702739969.0,11.484,0.187,8
expanding_excavation,88507773,16.67,0,18,702735693.0,11.484,0.187,8
expanding_excavation,88524450,16.677,0,18,702737137.0,11.484,0.187,7
expanding_excavation,88541086,16.636,0,18,702959573.0,11.484,0.187,8
expanding_excavation,88557766,16.68,0,18,703185457.0,11.484,0.187,8
expanding_excavation,88574431,16.665,0,18,702761061.0,11.484,0.187,8
expanding_excavation,88591152,16.721,0,18,702756789.0,11.484,0.187,7
expanding_excavation,88607763,16.611,0,18,702758233.0,11.484,0.187,8
expanding_excavation,88624419,16.656,0,18,702985981.0,11.484,0.187,8
expanding_excavation,88641095,16.676,0,18,703202245.0,11.484,0.187,8
expanding_excavation,88657759,16.664,0,18,702780385.0,11.484,0.187,8
expanding_excavation,88674434,16.675,0,18,702776113.0,11.484,0.187,7
expanding_excavation,88691100,16.666,0,18,702777557.0,11.484,0.187,8
expanding_excavation,88707747,16.647,0,18,702999017.0,11.484,0.187,7
expanding_excavation,88724421,16.674,0,18,703225881.0,11.484,0.187,8
expanding_excavation,88741090,16.669,0,18,702801485.0,11.484,0.187,8
expanding_excavation,88757763,16.673,0,18,702797213.0,11.484,0.187,8
expanding_excavation,88774440,16.677,0,18,702798657.0,11.484,0.187,7
expanding_excavation,88791088,16.648,0,18,703106693.0,11.484,0.187,8
expanding_excavation,88807757,16.669,0,18,703192973.0,11.484,0.187,8
expanding_excavation,88824431,16.674,0,18,702820805.0,11.484,0.187,9
expanding_excavation,88841096,16.665,0,18,702816533.0,11.484,0.187,8
expanding_excavation,88857755,16.659,0,18,702817977.0,11.484,0.187,7
expanding_excavation,88874414,16.659,0,18,703041341.0,11.484,0.187,7
expanding_excavation,88891094,16.68,0,18,703295549.0,11.484,0.187,8
expanding_excavation,88907757,16.663,0,18,702840657.0,11.484,0.187,7
expanding_excavation,88924426,16.669,0,18,702836385.0,11.484,0.187,8
expanding_excavation,88941097,16.671,0,18,702837829.0,11.484,0.187,8
expanding_excavation,88957749,16.652,0,18,703191757.0,11.484,0.187,7
expanding_excavation,88974422,16.673,0,18,703236621.0,11.484,0.187,9
expanding_excavation,88991097,16.675,0,18,702865669.0,11.484,0.187,8
expanding_excavation,89007757,16.66,0,18,702861393.0,11.484,0.187,7
expanding_excavation,89024419,16.662,0,18,702862837.0,11.702,0.306,8
expanding_excavation,89041081,16.662,0,18,703220773.0,11.702,0.306,7
expanding_excavation,89057755,16.674,0,18,703264357.0,11.702,0.306,9
expanding_excavation,89074497,16.742,0,18,702886765.0,11.702,0.306,8
expanding_excavation,89091090,16.593,0,18,702882493.0,11.702,0.306,8
expanding_excavation,89107754,16.664,0,18,702883937.0,11.702,0.306,7
expanding_excavation,89124407,16.653,0,18,703016005.0,11.702,0.306,9
expanding_excavation,89141086,16.679,0,18,703287201.0,11.702,0.306,10
expanding_excavation,89157753,16.667,0,18,702907221.0,11.702,0.306,8
expanding_excavation,89174427,16.674,0,18,702902949.0,11.702,0.306,8
expanding_excavation,89191085,16.658,0,18,702904393.0,11.702,0.306,7
expanding_excavation,89207744,16.659,0,18,703225985.0,11.702,0.306,7
expanding_excavation,89224412,16.668,0,18,703150017.0,11.702,0.306,9
expanding_excavation,89241105,16.693,0,18,702768033.0,11.702,0.306,8
expanding_excavation,89257762,16.657,0,18,702763761.0,11.702,0.306,7
expanding_excavation,89274411,16.649,0,18,702765229.0,11.702,0.306,7
expanding_excavation,89291081,16.67,0,18,702898153.0,11.702,0.306,7
expanding_excavation,89307743,16.662,0,18,703173005.0,11.702,0.306,9
expanding_excavation,89324413,16.67,0,18,702787493.0,11.702,0.306,8
travel_new_regions,89341070,16.657,0,18,702627497.0,11.702,0.306,8
travel_new_regions,89357744,16.674,0,18,702628941.0,11.702,0.306,8
travel_new_regions,89374394,16.65,0,18,702970657.0,11.702,0.306,8208
travel_new_regions,89391064,16.67,0,20,702606665.0,11.702,0.306,5719
travel_new_regions,89407734,16.67,0,20,702866053.0,11.702,0.306,132
travel_new_regions,89424401,16.667,4,20,701646421.0,11.702,0.306,130
travel_new_regions,89441062,16.661,4,20,700851381.0,11.702,0.306,128
travel_new_regions,89457873,16.811,3,20,699835769.0,11.702,0.306,143
travel_new_regions,89474386,16.513,2,20,700093505.0,11.702,0.306,8921
travel_new_regions,89491075,16.689,4,20,698971185.0,11.702,0.306,232
travel_new_regions,89507722,16.647,5,20,697155225.0,11.702,0.306,358
travel_new_regions,89524396,16.674,5,20,695111341.0,11.702,0.306,242
travel_new_regions,89541048,16.652,5,20,694956433.0,11.702,0.306,236
travel_new_regions,89557716,16.668,5,20,695042001.0,11.702,0.306,239
travel_new_regions,89574388,16.672,5,20,695129601.0,11.702,0.306,300
travel_new_regions,89591044,16.656,5,20,695250017.0,11.702,0.306,238
travel_new_regions,89607726,16.682,5,20,694966949.0,11.702,0.306,240
travel_new_regions,89624382,16.656,5,20,694342261.0,11.702,0.306,234
travel_new_regions,89641052,16.67,5,20,694144129.0,11.702,0.306,234
travel_new_regions,89657725,16.673,5,20,694220653.0,11.702,0.306,1890
travel_new_regions,89674379,16.654,1,20,694374321.0,11.702,0.306,148
travel_new_regions,89691046,16.667,3,20,694633305.0,11.702,0.306,140
travel_new_regions,89707712,16.666,2,20,694680543.0,11.702,0.306,9073
travel_new_regions,89724377,16.665,1,22,695033963.0,11.702,0.306,239
travel_new_regions,89741046,16.669,5,22,693904227.0,11.702,0.306,231
travel_new_regions,89757712,16.666,6,22,693122415.0,11.702,0.306,2060
travel_new_regions,89774379,16.667,1,22,691828479.0,11.702,0.306,110
travel_new_regions,89791053,16.674,0,22,691820871.0,11.702,0.306,110
travel_new_regions,89807726,16.673,0,22,692067627.0,11.702,0.306,8384
travel_new_regions,89824379,16.653,2,22,692011087.0,11.702,0.306,200
travel_new_regions,89841065,16.686,0,22,692286563.0,11.702,0.306,191
travel_new_regions,89857716,16.651,0,22,692541739.0,11.702,0.306,204
travel_new_regions,89874365,16.649,0,22,692811027.0,11.702,0.306,8095
travel_new_regions,89891103,16.738,0,24,693026975.0,11.702,0.306,271
travel_new_regions,89907713,16.61,2,24,691422558.0,11.702,0.306,273
travel_new_regions,89924384,16.671,0,24,691074499.0,11.702,0.306,275
travel_new_regions,89941057,16.673,0,24,691121303.0,11.702,0.306,293
travel_new_regions,89957709,16.652,0,24,691211335.0,11.702,0.306,11298
travel_new_regions,89974359,16.65,2,24,689312855.0,11.702,0.306,325
travel_new_regions,89991052,16.693,0,24,689486759.0,11.702,0.306,2238
travel_new_regions,90007717,16.665,0,24,689085463.0,11.702,0.306,277
travel_new_regions,90024360,16.643,0,24,687972469.0,14.934,0.169,9285
travel_new_regions,90041050,16.69,0,26,688193429.0,14.934,0.169,329
travel_new_regions,90057700,16.65,2,26,686297257.0,14.934,0.169,340
travel_new_regions,90074378,16.678,0,26,686068213.0,14.934,0.169,351
travel_new_regions,90091048,16.67,0,26,686111789.0,14.934,0.169,1726
travel_new_regions,90107703,16.655,0,26,686139233.0,14.934,0.169,8156
travel_new_regions,90124375,16.672,0,26,686621525.0,14.934,0.169,474
travel_new_regions,90141026,16.651,1,26,686216917.0,14.934,0.169,347
travel_new_regions,90157724,16.698,0,26,686426285.0,14.934,0.169,1742
travel_new_regions,90174444,16.72,0,26,686682417.0,14.934,0.169,273
travel_new_regions,90191035,16.591,0,26,686894971.0,14.934,0.169,8424
travel_new_regions,90207706,16.671,0,28,686429561.0,14.934,0.169,3969
travel_new_regions,90224374,16.668,2,28,685504325.0,14.934,0.169,346
travel_new_regions,90241045,16.671,0,28,684751153.0,14.934,0.169,1656
travel_new_regions,90257705,16.66,0,28,683584929.0,14.934,0.169,276
travel_new_regions,90274369,16.664,0,28,683844773.0,14.934,0.169,7572
travel_new_regions,90291039,16.67,0,28,683972909.0,14.934,0.169,307
travel_new_regions,90307693,16.654,2,28,683330261.0,14.934,0.169,1853
travel_new_regions,90324375,16.682,0,28,681689017.0,14.934,0.169,273
travel_new_regions,90341040,16.665,0,28,681907469.0,14.934,0.169,251
travel_new_regions,90357689,16.649,0,28,682162809.0,14.934,0.169,7479
travel_new_regions,90374362,16.673,0,30,682400021.0,14.934,0.169,300
travel_new_regions,90391030,16.668,3,30,681154077.0,14.934,0.169,1477
travel_new_regions,90407690,16.66,2,30,679738765.0,14.934,0.169,263
travel_new_regions,90424365,16.675,0,30,678975317.0,14.934,0.169,253
travel_new_regions,90441016,16.651,0,30,679339213.0,14.934,0.169,7042
travel_new_regions,90457700,16.684,0,30,679765057.0,14.934,0.169,286
travel_new_regions,90474360,16.66,0,30,679760241.0,14.934,0.169,1670
travel_new_regions,90491012,16.652,2,30,679244273.0,14.934,0.169,215
travel_new_regions,90507696,16.684,0,30,679701457.0,14.934,0.169,223
travel_new_regions,90524364,16.668,0,30,679851865.0,14.934,0.169,3862
travel_new_regions,90541021,16.657,0,30,680059833.0,14.934,0.169,6385
travel_new_regions,90557690,16.669,0,32,680565565.0,14.934,0.169,1561
travel_new_regions,90574360,16.67,0,32,680731789.0,14.934,0.169,229
travel_new_regions,90592287,17.927,2,32,673525817.0,14.934,0.169,209
travel_new_regions,90607691,15.404,0,32,673684477.0,14.934,0.169,214
travel_new_regions,90624363,16.672,0,32,673694961.0,14.934,0.169,214
travel_new_regions,90641016,16.653,0,32,673792177.0,14.934,0.169,7917
travel_new_regions,90657683,16.667,0,32,673988093.0,14.934,0.169,221
travel_new_regions,90674345,16.662,1,32,673306621.0,14.934,0.169,199
travel_new_regions,90691020,16.675,0,32,673475385.0,14.934,0.169,220
travel_new_regions,90707691,16.671,0,32,673537741.0,14.934,0.169,222
travel_new_regions,90724347,16.656,0,32,673684881.0,14.934,0.169,6880
travel_new_regions,90741646,17.299,0,34,673995533.0,14.934,0.169,238
travel_new_regions,90757673,16.027,4,34,674156961.0,14.934,0.169,208
travel_new_regions,90774348,16.675,2,34,673953745.0,14.934,0.169,228
travel_new_regions,90791674,17.326,1,34,674330225.0,14.934,0.169,2274
travel_new_regions,90807678,16.004,1,34,673658885.0,14.934,0.169,6068
travel_new_regions,90824335,16.657,1,34,672166065.0,14.934,0.169,1648
travel_new_regions,90841559,17.224,0,34,671523073.0,14.934,0.169,213
travel_new_regions,90857671,16.112,2,34,670850801.0,14.934,0.169,218
travel_new_regions,90874335,16.664,1,34,671045013.0,14.934,0.169,234
travel_new_regions,90891690,17.355,0,34,671300173.0,14.934,0.169,222
travel_new_regions,90907661,15.971,0,34,671558041.0,14.934,0.169,9189
travel_new_regions,90924324,16.663,0,36,671232057.0,14.934,0.169,7359
travel_new_regions,90941287,16.963,0,36,671348493.0,14.934,0.169,205
travel_new_regions,90957676,16.389,0,36,671607021.0,14.934,0.169,219
travel_new_regions,90974332,16.656,4,36,670257841.0,14.934,0.169,200
travel_new_regions,90991018,16.686,0,36,669319485.0,14.934,0.169,208
travel_new_regions,91007690,16.672,0,36,668815569.0,14.934,0.169,1410
travel_new_regions,91024342,16.652,0,36,668470209.0,17.747,0.134,5695
travel_new_regions,91041022,16.68,0,36,668646021.0,17.747,0.134,221
travel_new_regions,91057660,16.638,0,36,668860177.0,17.747,0.134,208
travel_new_regions,91074334,16.674,0,36,669117669.0,17.747,0.134,259
travel_new_regions,91091007,16.673,0,36,669268841.0,17.747,0.134,1225
travel_new_regions,91107686,16.679,0,36,669395821.0,17.747,0.134,161
travel_new_regions,91124328,16.642,2,36,667791645.0,17.747,0.134,162
travel_new_regions,91141008,16.68,0,36,666334013.0,17.747,0.134,154
travel_new_regions,91157679,16.671,0,36,664702845.0,17.747,0.134,168
travel_new_regions,91174351,16.672,0,36,664716077.0,17.747,0.134,5354
travel_new_regions,91190995,16.644,0,38,664807877.0,17.747,0.134,1381
travel_new_regions,91207651,16.656,0,38,665055593.0,17.747,0.134,131
travel_new_regions,91224319,16.668,0,38,665309333.0,17.747,0.134,123
travel_new_regions,91241001,16.682,0,38,665462593.0,17.747,0.134,129
travel_new_regions,91257670,16.669,0,38,665612969.0,17.747,0.134,129
travel_new_regions,91274336,16.666,0,38,665803765.0,17.747,0.134,126
travel_new_regions,91291001,16.665,2,38,664074337.0,17.747,0.134,129
travel_new_regions,91307655,16.654,0,38,663481201.0,17.747,0.134,1360
travel_new_regions,91324332,16.677,0,38,662102145.0,17.747,0.134,67
travel_new_regions,91340987,16.655,0,38,661946725.0,17.747,0.134,7812
travel_new_regions,91357683,16.696,0,38,662047573.0,17.747,0.134,124
travel_new_regions,91374312,16.629,0,38,662287707.0,17.747,0.134,135
travel_new_regions,91390984,16.672,0,38,662562465.0,17.747,0.134,135
travel_new_regions,91407660,16.676,0,38,662811549.0,17.747,0.134,124
travel_new_regions,91424333,16.673,0,38,662965501.0,17.747,0.134,129
travel_new_regions,91445628,21.295,3,38,653619481.0,17.747,0.134,123
travel_new_regions,91457652,12.024,2,38,653927161.0,17.747,0.134,876
travel_new_regions,91474319,16.667,1,38,653606929.0,17.747,0.134,85
travel_new_regions,91490978,16.659,1,38,653581661.0,17.747,0.134,4843
travel_new_regions,91507654,16.676,1,40,653555289.0,17.747,0.134,130
travel_new_regions,91524305,16.651,1,40,653625085.0,17.747,0.134,138
travel_new_regions,91540967,16.662,1,40,653726813.0,17.747,0.134,140
travel_new_regions,91557650,16.683,0,40,653895173.0,17.747,0.134,261
travel_new_regions,91574317,16.667,0,40,653917029.0,17.747,0.134,137
travel_new_regions,91590974,16.657,4,40,651923097.0,17.747,0.134,127
travel_new_regions,91607641,16.667,3,40,652302329.0,17.747,0.134,134
travel_new_regions,91624325,16.684,0,40,652444001.0,17.747,0.134,1180
travel_new_regions,91640974,16.649,0,40,652176125.0,17.747,0.134,7294
travel_new_regions,91657648,16.674,0,40,652124513.0,17.747,0.134,124
travel_new_regions,91674302,16.654,0,40,652202453.0,17.747,0.134,130
travel_new_regions,91690969,16.667,0,40,652390365.0,17.747,0.134,123
travel_new_regions,91707642,16.673,0,40,652529765.0,17.747,0.134,261
travel_new_regions,91724308,16.666,0,40,652662393.0,17.747,0.134,134
travel_new_regions,91740975,16.667,4,40,649968481.0,17.747,0.134,160
travel_new_regions,91757635,16.66,3,40,649994769.0,17.747,0.134,131
travel_new_regions,91774302,16.667,2,40,650203217.0,17.747,0.134,1071
travel_new_regions,91790968,16.666,2,40,649477137.0,17.747,0.134,4469
travel_new_regions,91807677,16.709,2,42,649147937.0,17.747,0.134,129
travel_new_regions,91824305,16.628,2,42,648990809.0,17.747,0.134,139
travel_new_regions,91841155,16.85,2,42,648012893.0,17.747,0.134,131
travel_new_regions,91857633,16.478,2,42,647906629.0,17.747,0.134,143
travel_new_regions,91874297,16.664,1,42,648121525.0,17.747,0.134,129
travel_new_regions,91890964,16.667,0,42,648169473.0,17.747,0.134,129
travel_new_regions,91907635,16.671,4,42,646828881.0,17.747,0.134,159
travel_new_regions,91924300,16.665,3,42,647016153.0,17.747,0.134,997
travel_new_regions,91940966,16.666,2,42,647252445.0,17.747,0.134,80
travel_new_regions,91957618,16.652,2,42,646925869.0,17.747,0.134,3844
travel_new_regions,91974288,16.67,2,42,647056505.0,17.747,0.134,125
travel_new_regions,91990966,16.678,2,42,647161993.0,17.747,0.134,119
travel_new_regions,92007621,16.655,2,42,647423617.0,17.747,0.134,125
travel_new_regions,92024302,16.681,2,42,647789157.0,21.08,0.154,120
travel_new_regions,92040958,16.656,1,42,648064041.0,21.08,0.154,116
travel_new_regions,92057631,16.673,0,42,648526949.0,21.08,0.154,115
travel_new_regions,92074295,16.664,4,42,647694665.0,21.08,0.154,1106
travel_new_regions,92090956,16.661,3,42,648095985.0,21.08,0.154,56
travel_new_regions,92107624,16.668,2,42,647618157.0,21.08,0.154,56
travel_new_regions,92124294,16.67,1,42,647419357.0,21.08,0.154,3840
travel_new_regions,92140954,16.66,1,44,646753823.0,21.08,0.154,1511
travel_new_regions,92157612,16.658,0,44,646938831.0,21.08,0.154,95
travel_new_regions,92174294,16.682,0,44,647212091.0,21.08,0.154,99
travel_new_regions,92190967,16.673,4,44,646080607.0,21.08,0.154,97
travel_new_regions,92207617,16.65,3,44,643966291.0,21.08,0.154,99
travel_new_regions,92224285,16.668,2,44,643874911.0,21.08,0.154,103
travel_new_regions,92240958,16.673,1,44,643029387.0,21.08,0.154,3737
travel_new_regions,92257625,16.667,1,44,643094375.0,21.08,0.154,101
travel_new_regions,92274286,16.661,1,44,643332091.0,21.08,0.154,105
travel_new_regions,92290944,16.658,0,44,643720967.0,21.08,0.154,102
travel_new_regions,92307637,16.693,0,44,643876963.0,21.08,0.154,101
travel_new_regions,92324300,16.663,0,44,644130335.0,21.08,0.154,109
travel_new_regions,92340956,16.656,4,44,642547415.0,21.08,0.154,102
travel_new_regions,92357645,16.689,3,44,640976811.0,21.08,0.154,107
travel_new_regions,92374279,16.634,1,44,640261771.0,21.08,0.154,102
travel_new_regions,92390955,16.676,1,44,639367499.0,21.08,0.154,3289
travel_new_regions,92407616,16.661,1,46,639463055.0,21.08,0.154,815
travel_new_regions,92424278,16.662,1,46,639733803.0,21.08,0.154,102
travel_new_regions,92440939,16.661,0,46,640125367.0,21.08,0.154,102
travel_new_regions,92457616,16.677,0,46,640278851.0,21.08,0.154,106
travel_new_regions,92474283,16.667,0,46,640445879.0,21.08,0.154,100
travel_new_regions,92491089,16.806,4,46,639577111.0,21.08,0.154,100
travel_new_regions,92507602,16.513,3,46,639283791.0,21.08,0.154,99
travel_new_regions,92524271,16.669,2,46,639811679.0,21.08,0.154,794
travel_new_regions,92540944,16.673,2,46,639497355.0,21.08,0.154,4352
travel_new_regions,92557614,16.67,2,47,639603639.0,21.08,0.154,101
travel_new_regions,92574267,16.653,2,47,639805175.0,21.08,0.154,110
travel_new_regions,92590926,16.659,2,47,640085459.0,21.08,0.154,103
travel_new_regions,92607605,16.679,0,47,640496547.0,21.08,0.154,108
travel_new_regions,92624275,16.67,0,47,640592403.0,21.08,0.154,102
travel_new_regions,92640931,16.656,4,47,640006039.0,21.08,0.154,109
travel_new_regions,92657612,16.681,3,47,639763863.0,21.08,0.154,102
travel_new_regions,92674280,16.668,1,47,640140703.0,21.08,0.154,804
travel_new_regions,92690945,16.665,1,47,640036755.0,21.08,0.154,2922
travel_new_regions,92707589,16.644,1,52,640176969.0,21.08,0.154,83
travel_new_regions,92724263,16.674,1,52,640293559.0,21.08,0.154,86
travel_new_regions,92740929,16.666,1,52,640485379.0,21.08,0.154,86
travel_new_regions,92757595,16.666,0,52,640878351.0,21.08,0.154,114
travel_new_regions,92774265,16.67,0,52,641033779.0,21.08,0.154,89
travel_new_regions,92790944,16.679,0,52,641191715.0,21.08,0.154,87
travel_new_regions,92807606,16.662,4,52,638479095.0,21.08,0.154,85
travel_new_regions,92824275,16.669,3,52,638106243.0,21.08,0.154,858
travel_new_regions,92840928,16.653,2,52,638823255.0,21.08,0.154,43
travel_new_regions,92857591,16.663,2,52,638402839.0,21.08,0.154,2749
travel_new_regions,92874254,16.663,2,52,637786287.0,21.08,0.154,82
travel_new_regions,92890929,16.675,2,52,637844639.0,21.08,0.154,90
travel_new_regions,92907585,16.656,2,52,638073543.0,21.08,0.154,79
travel_new_regions,92924246,16.661,2,52,638207095.0,21.08,0.154,78
travel_new_regions,92940931,16.685,1,52,638598239.0,21.08,0.154,117
travel_new_regions,92957595,16.664,0,52,638839175.0,21.08,0.154,80
travel_new_regions,92974280,16.685,0,52,638917379.0,21.08,0.154,521
travel_new_regions,92990925,16.645,4,52,638304179.0,21.08,0.154,50
travel_new_regions,93007587,16.662,3,52,638960119.0,21.08,0.154,53
travel_new_regions,93024263,16.676,1,52,639011839.0,13.218,0.134,53
travel_new_regions,93040918,16.655,1,52,639100839.0,13.218,0.134,2987
travel_new_regions,93057576,16.658,1,56,639068647.0,13.218,0.134,80
travel_new_regions,93074253,16.677,1,56,639152115.0,13.218,0.134,84
travel_new_regions,93090931,16.678,1,56,639266711.0,13.218,0.134,81
travel_new_regions,93107590,16.659,1,56,639476847.0,13.218,0.134,84
travel_new_regions,93124243,16.653,1,56,639780059.0,13.218,0.134,84
travel_new_regions,93140921,16.678,0,56,640098231.0,13.218,0.134,906
travel_new_regions,93157587,16.666,0,56,640245595.0,13.218,0.134,50
travel_new_regions,93174261,16.674,4,56,639205803.0,13.218,0.134,53
travel_new_regions,93190935,16.674,3,56,639037931.0,13.218,0.134,48
travel_new_regions,93207603,16.668,2,56,639682811.0,13.218,0.134,48
travel_new_regions,93224245,16.642,2,56,639464883.0,13.218,0.134,2780
travel_new_regions,93240908,16.663,2,56,639535979.0,13.218,0.134,77
travel_new_regions,93257578,16.67,2,56,639615347.0,13.218,0.134,80
travel_new_regions,93274244,16.666,2,56,639729943.0,13.218,0.134,80
travel_new_regions,93290904,16.66,2,56,639940075.0,13.218,0.134,81
travel_new_regions,93307576,16.672,2,56,640244951.0,13.218,0.134,88
travel_new_regions,93324272,16.696,0,56,640638311.0,13.218,0.134,694
travel_new_regions,93340913,16.641,0,56,640814023.0,13.218,0.134,46
travel_new_regions,93357566,16.653,4,56,639872291.0,13.218,0.134,45
travel_new_regions,93374242,16.676,3,56,639750439.0,13.218,0.134,44
travel_new_regions,93390915,16.673,1,56,640136251.0,13.218,0.134,46
travel_new_regions,93407563,16.648,1,56,639972939.0,13.218,0.134,2120
travel_new_regions,93424226,16.663,1,58,639542695.0,13.218,0.134,4309
travel_new_regions,93440905,16.679,1,58,639654963.0,13.218,0.134,63
travel_new_regions,93457563,16.658,1,58,639907287.0,13.218,0.134,64
travel_new_regions,93474242,16.679,0,58,640221167.0,13.218,0.134,64
travel_new_regions,93490910,16.668,0,58,640366355.0,13.218,0.134,64
travel_new_regions,93507582,16.672,0,58,640528851.0,13.218,0.134,556
travel_new_regions,93524255,16.673,4,58,638562243.0,13.218,0.134,34
travel_new_regions,93540915,16.66,3,58,637456071.0,13.218,0.134,35
travel_new_regions,93557594,16.679,2,58,636584927.0,13.218,0.134,35
travel_new_regions,93574229,16.635,2,58,636096299.0,13.218,0.134,2269
travel_new_regions,93590893,16.664,2,58,635703087.0,13.218,0.134,57
travel_new_regions,93607577,16.684,2,58,635788955.0,13.218,0.134,54
travel_new_regions,93624218,16.641,2,58,636023527.0,13.218,0.134,53
travel_new_regions,93640884,16.666,2,58,636185303.0,13.218,0.134,54
travel_new_regions,93657551,16.667,1,58,636553046.0,13.218,0.134,52
travel_new_regions,93674232,16.681,0,58,636785819.0,13.218,0.134,52
travel_new_regions,93690898,16.666,0,58,636865931.0,13.218,0.134,417
travel_new_regions,93707567,16.669,4,58,635470135.0,13.218,0.134,34
travel_new_regions,93724229,16.662,3,58,634157959.0,13.218,0.134,35
travel_new_regions,93740902,16.673,1,58,632973759.0,13.218,0.134,35
travel_new_regions,93757559,16.657,1,58,631959971.0,13.218,0.134,2003
travel_new_regions,93774718,17.159,1,60,632081419.0,13.218,0.134,57
travel_new_regions,93790892,16.174,1,60,632192675.0,13.218,0.134,61
travel_new_regions,93807568,16.676,1,60,632428367.0,13.218,0.134,65
travel_new_regions,93824216,16.648,1,60,632592807.0,13.218,0.134,67
travel_new_regions,93840895,16.679,0,60,632963995.0,13.218,0.134,58
travel_new_regions,93857572,16.677,0,60,633122531.0,13.218,0.134,420
travel_new_regions,93874229,16.657,0,60,633267091.0,13.218,0.134,50
travel_new_regions,93891009,16.78,4,60,632747643.0,13.218,0.134,38
travel_new_regions,93907561,16.552,3,60,632953139.0,13.218,0.134,162
travel_new_regions,93924240,16.679,2,60,632621811.0,13.218,0.134,38
travel_new_regions,93940882,16.642,2,60,632512507.0,13.218,0.134,2058
travel_new_regions,93957542,16.66,2,60,632641447.0,13.218,0.134,62
travel_new_regions,93974219,16.677,2,60,632752703.0,13.218,0.134,59
travel_new_regions,93990881,16.662,2,60,632868695.0,13.218,0.134,63
travel_new_regions,94007539,16.658,2,60,633149123.0,13.218,0.134,60
travel_new_regions,94024206,16.667,1,60,633452947.0,12.777,0.137,58
travel_new_regions,94040900,16.694,0,60,633738003.0,12.777,0.137,504
travel_new_regions,94057553,16.653,0,60,633836731.0,12.777,0.137,38
travel_new_regions,94074475,16.922,4,60,633110263.0,12.777,0.137,32
travel_new_regions,94090882,16.407,3,60,633054783.0,12.777,0.137,33
travel_new_regions,94107543,16.661,2,60,633594291.0,12.777,0.137,162
travel_new_regions,94124207,16.664,2,60,633279455.0,12.777,0.137,2160
travel_new_regions,94140886,16.679,2,62,633409907.0,12.777,0.137,48
travel_new_regions,94157531,16.645,2,62,633661215.0,12.777,0.137,46
travel_new_regions,94174205,16.674,2,62,633948127.0,12.777,0.137,47
travel_new_regions,94190880,16.675,0,62,634305095.0,12.777,0.137,45
travel_new_regions,94207552,16.672,0,62,634464087.0,12.777,0.137,46
travel_new_regions,94224219,16.667,4,62,632470299.0,12.777,0.137,379
travel_new_regions,94240876,16.657,3,62,632128475.0,12.777,0.137,29
travel_new_regions,94258289,17.413,2,62,632510359.0,12.777,0.137,29
travel_new_regions,94274200,15.911,2,62,632106159.0,12.777,0.137,5043
travel_new_regions,94290870,16.67,2,62,631773975.0,12.777,0.137,54
travel_new_regions,94308141,17.271,2,62,631230995.0,12.777,0.137,47
travel_new_regions,94324206,16.065,2,62,631492571.0,12.777,0.137,48
travel_new_regions,94340868,16.662,2,62,631825475.0,12.777,0.137,49
travel_new_regions,94357880,17.012,0,62,632112127.0,12.777,0.137,47
travel_new_regions,94374210,16.33,0,62,632191415.0,12.777,0.137,53
travel_new_regions,94390883,16.673,0,62,632312423.0,12.777,0.137,46
travel_new_regions,94414730,23.847,4,62,625084675.0,12.777,0.137,368
travel_new_regions,94424186,9.456,3,62,624918383.0,12.777,0.137,33
travel_new_regions,94440865,16.679,1,62,625183611.0,12.777,0.137,33
travel_new_regions,94457520,16.655,1,62,624931519.0,12.777,0.137,1262
travel_new_regions,94474188,16.668,1,68,624890691.0,12.777,0.137,45
travel_new_regions,94490858,16.67,1,68,624897883.0,12.777,0.137,43
travel_new_regions,94507557,16.699,1,68,624963075.0,12.777,0.137,44
travel_new_regions,94524192,16.635,1,68,625145707.0,12.777,0.137,42
travel_new_regions,94540863,16.671,1,68,625200855.0,12.777,0.137,43
travel_new_regions,94557529,16.666,0,68,625332563.0,12.777,0.137,408
travel_new_regions,94574190,16.661,0,68,625337615.0,12.777,0.137,24
travel_new_regions,94590872,16.682,4,68,623860879.0,12.777,0.137,21
travel_new_regions,94607537,16.665,3,68,624192475.0,12.777,0.137,23
travel_new_regions,94624199,16.662,2,68,624892903.0,12.777,0.137,24
travel_new_regions,94640850,16.651,2,68,623743055.0,12.777,0.137,1309
travel_new_regions,94657525,16.675,2,68,623359971.0,12.777,0.137,30
travel_new_regions,94674190,16.665,2,68,623375723.0,12.777,0.137,31
travel_new_regions,94690844,16.654,2,68,623637079.0,12.777,0.137,30
travel_new_regions,94707531,16.687,2,68,624032831.0,12.777,0.137,30
travel_new_regions,94724185,16.654,1,68,624311886.0,12.777,0.137,31
travel_new_regions,94740859,16.674,0,68,624639903.0,12.777,0.137,264
travel_new_regions,94757533,16.674,4,68,623530987.0,12.777,0.137,20
travel_new_regions,94774200,16.667,3,68,623549319.0,12.777,0.137,20
travel_new_regions,94790844,16.644,2,68,624189631.0,12.777,0.137,20
travel_new_regions,94807509,16.665,2,68,623967631.0,12.777,0.137,778
travel_new_regions,94824179,16.67,2,72,623064183.0,12.777,0.137,895
travel_new_regions,94840858,16.679,2,72,623402171.0,12.777,0.137,18
travel_new_regions,94857525,16.667,2,72,623559471.0,12.777,0.137,20
travel_new_regions,94874169,16.644,2,72,623811143.0,12.777,0.137,20
travel_new_regions,94890849,16.68,0,72,624117195.0,12.777,0.137,21
travel_new_regions,94907524,16.675,4,72,622752775.0,12.777,0.137,19
travel_new_regions,94924178,16.654,3,72,621623531.0,12.777,0.137,247
travel_new_regions,94940856,16.678,2,72,621289387.0,12.777,0.137,8
travel_new_regions,94957518,16.662,2,72,620888643.0,12.777,0.137,671
travel_new_regions,94974175,16.657,2,72,621084523.0,12.777,0.137,14
travel_new_regions,94990836,16.661,2,72,621098423.0,12.777,0.137,15
travel_new_regions,95007499,16.663,2,72,621316235.0,12.777,0.137,15
travel_new_regions,95024170,16.671,2,72,621450311.0,23.685,0.457,15
travel_new_regions,95040840,16.67,1,72,621826323.0,23.685,0.457,15
travel_new_regions,95057513,16.673,0,72,622049679.0,23.685,0.457,14
travel_new_regions,95074180,16.667,0,72,622236131.0,23.685,0.457,17
travel_new_regions,95090850,16.67,4,72,620858551.0,23.685,0.457,14
travel_new_regions,95107509,16.659,3,72,620569595.0,23.685,0.457,17
travel_new_regions,95124169,16.66,1,72,619356047.0,23.685,0.457,15
travel_new_regions,95140829,16.66,1,72,619287351.0,23.685,0.457,852
travel_new_regions,95157502,16.673,1,74,619383343.0,23.685,0.457,19
travel_new_regions,95174354,16.852,1,74,619604619.0,23.685,0.457,21
travel_new_regions,95190837,16.483,1,74,619806459.0,23.685,0.457,19
travel_new_regions,95207493,16.656,1,74,620117531.0,23.685,0.457,20
travel_new_regions,95224157,16.664,1,74,620369035.0,23.685,0.457,20
travel_new_regions,95240854,16.697,0,74,620523987.0,23.685,0.457,154
travel_new_regions,95257516,16.662,0,74,620773919.0,23.685,0.457,18
travel_new_regions,95274164,16.648,4,74,619732043.0,23.685,0.457,15
travel_new_regions,95290839,16.675,3,74,619813135.0,23.685,0.457,19
travel_new_regions,95307510,16.671,2,74,620219623.0,23.685,0.457,15
travel_new_regions,95324161,16.651,2,74,620052775.0,23.685,0.457,1030
travel_new_regions,95340815,16.654,2,74,620154327.0,23.685,0.457,18
travel_new_regions,95357551,16.736,2,74,620280043.0,23.685,0.457,18
travel_new_regions,95374153,16.602,2,74,620529451.0,23.685,0.457,21
travel_new_regions,95390831,16.678,2,74,620938551.0,23.685,0.457,21
travel_new_regions,95407489,16.658,2,74,621184103.0,23.685,0.457,19
travel_new_regions,95424157,16.668,0,74,621379275.0,23.685,0.457,187
travel_new_regions,95441642,17.485,0,74,621563187.0,23.685,0.457,15
travel_new_regions,95459536,17.894,4,74,620462019.0,23.685,0.457,11
travel_new_regions,95474170,14.634,3,74,620391907.0,23.685,0.457,12
travel_new_regions,95490831,16.661,2,74,620953439.0,23.685,0.457,13
travel_new_regions,95509458,18.627,2,74,620846087.0,23.685,0.457,637
travel_new_regions,95524164,14.706,2,76,620978183.0,23.685,0.457,15
travel_new_regions,95540815,16.651,2,76,621115611.0,23.685,0.457,16
travel_new_regions,95559319,18.504,2,76,621326019.0,23.685,0.457,16
travel_new_regions,95574152,14.833,2,76,621637455.0,23.685,0.457,16
travel_new_regions,95590820,16.668,0,76,621949763.0,23.685,0.457,18
travel_new_regions,95609202,18.382,0,76,622090279.0,23.685,0.457,91
travel_new_regions,95631278,22.076,4,76,615942671.0,23.685,0.457,14
travel_new_regions,95640817,9.539,3,76,615648371.0,23.685,0.457,13
travel_new_regions,95657492,16.675,2,76,616040735.0,23.685,0.457,14
travel_new_regions,95674150,16.658,2,76,615955247.0,23.685,0.457,374
travel_new_regions,95690805,16.655,2,76,616065451.0,23.685,0.457,14
travel_new_regions,95707488,16.683,2,76,615939683.0,23.685,0.457,13
travel_new_regions,95724151,16.663,2,76,616023559.0,23.685,0.457,18
travel_new_regions,95740811,16.66,2,76,616093919.0,23.685,0.457,15
travel_new_regions,95757472,16.661,2,76,616111383.0,23.685,0.457,13
travel_new_regions,95774152,16.68,0,76,616423487.0,23.685,0.457,17
travel_new_regions,95790820,16.668,0,76,616438215.0,23.685,0.457,97
travel_new_regions,95807482,16.662,0,76,616317207.0,23.685,0.457,10
travel_new_regions,95824143,16.661,0,76,615815499.0,23.685,0.457,10
travel_new_regions,95840813,16.67,4,76,614906467.0,23.685,0.457,8
travel_new_regions,95859540,18.727,3,76,614817643.0,23.685,0.457,9
travel_new_regions,95874253,14.713,1,76,614711107.0,23.685,0.457,9
travel_new_regions,95890795,16.542,1,76,614665711.0,23.685,0.457,511
travel_new_regions,95909425,18.63,1,79,614807207.0,23.685,0.457,8
travel_new_regions,95924137,14.712,1,79,614904487.0,23.685,0.457,9
travel_new_regions,95940806,16.669,1,79,615030599.0,23.685,0.457,9
travel_new_regions,95959255,18.449,1,79,615364719.0,23.685,0.457,8
travel_new_regions,95974131,14.876,1,79,615684563.0,23.685,0.457,10
travel_new_regions,95991155,17.024,0,79,615853307.0,23.685,0.457,8
travel_new_regions,96009134,17.979,0,79,616102351.0,23.685,0.457,10
travel_new_regions,96024124,14.99,4,79,614989659.0,21.912,2.18,8
travel_new_regions,96041000,16.876,3,79,615172099.0,21.912,2.18,13
travel_new_regions,96058994,17.994,2,79,615771263.0,21.912,2.18,8
travel_new_regions,96074126,15.132,2,79,615573731.0,21.912,2.18,438
travel_new_regions,96090801,16.675,2,80,615793971.0,21.912,2.18,8
travel_new_regions,96108875,18.074,2,80,615891247.0,21.912,2.18,9
travel_new_regions,96124145,15.27,2,80,616017351.0,21.912,2.18,9
travel_new_regions,96140799,16.654,2,80,616346671.0,21.912,2.18,8
travel_new_regions,96158727,17.928,2,80,616429591.0,21.912,2.18,9
travel_new_regions,96174134,15.407,2,80,616683887.0,21.912,2.18,8
travel_new_regions,96190805,16.671,0,80,616921531.0,21.912,2.18,10
travel_new_regions,96208603,17.798,0,80,616966943.0,21.912,2.18,9
travel_new_regions,96224136,15.533,0,80,617127031.0,21.912,2.18,9
travel_new_regions,96240788,16.652,4,80,616025975.0,21.912,2.18,8
travel_new_regions,96258463,17.675,3,80,615993759.0,21.912,2.18,8
travel_new_regions,96274126,15.663,1,80,616627315.0,21.912,2.18,7
travel_new_regions,96290786,16.66,1,80,616508715.0,21.912,2.18,460
travel_new_regions,96308319,17.533,1,84,616136711.0,21.912,2.18,4173
travel_new_regions,96324121,15.802,1,84,616257215.0,21.912,2.18,8
travel_new_regions,96340782,16.661,1,84,616392695.0,21.912,2.18,9
travel_new_regions,96358186,17.404,1,84,616620663.0,21.912,2.18,9
travel_new_regions,96374153,15.967,0,84,616946975.0,21.912,2.18,8
travel_new_regions,96390792,16.639,0,84,617074019.0,21.912,2.18,11
travel_new_regions,96409073,18.281,0,84,617216911.0,21.912,2.18,8
travel_new_regions,96424111,15.038,4,84,615939051.0,21.912,2.18,7
travel_new_regions,96440799,16.688,3,84,615496995.0,21.912,2.18,9
travel_new_regions,96458932,18.133,2,84,615518607.0,21.912,2.18,9
travel_new_regions,96474113,15.181,2,84,615364947.0,21.912,2.18,479
travel_new_regions,96490779,16.666,2,84,615396407.0,21.912,2.18,8
travel_new_regions,96508792,18.013,2,84,615479503.0,21.912,2.18,8
travel_new_regions,96524114,15.322,2,84,615615939.0,21.912,2.18,9
travel_new_regions,96540772,16.658,2,84,615881607.0,21.912,2.18,9
travel_new_regions,96560642,19.87,1,84,616254291.0,21.912,2.18,8
travel_new_regions,96574115,13.473,0,84,616471063.0,21.912,2.18,9
travel_new_regions,96590788,16.673,0,84,616538555.0,21.912,2.18,10
travel_new_regions,96608529,17.741,0,84,616796171.0,21.912,2.18,10
travel_new_regions,96624110,15.581,4,84,615476715.0,21.912,2.18,8
travel_new_regions,96640783,16.673,3,84,614361535.0,21.912,2.18,10
travel_new_regions,96658385,17.602,1,84,613358055.0,21.912,2.18,8
travel_new_regions,96674101,15.716,1,84,613119363.0,21.912,2.18,480
travel_new_regions,96690773,16.672,1,86,613324975.0,21.912,2.18,8
travel_new_regions,96708261,17.488,1,86,613354411.0,21.912,2.18,9
travel_new_regions,96724102,15.841,1,86,613619747.0,21.912,2.18,8
travel_new_regions,96740768,16.666,1,86,613795883.0,21.912,2.18,8
travel_new_regions,96758129,17.361,0,86,614191487.0,21.912,2.18,8
travel_new_regions,96774104,15.975,0,86,614398711.0,21.912,2.18,10
travel_new_regions,96790777,16.673,0,86,614545215.0,21.912,2.18,10
travel_new_regions,96808111,17.334,4,86,613566295.0,21.912,2.18,7
travel_new_regions,96824932,16.821,3,86,613597507.0,21.912,2.18,10
travel_new_regions,96840784,15.852,2,86,613645683.0,21.912,2.18,8
travel_new_regions,96857846,17.062,2,86,613550715.0,21.912,2.18,312
travel_new_regions,96874098,16.252,2,86,613743595.0,21.912,2.18,8
travel_new_regions,96890773,16.675,2,86,613803143.0,21.912,2.18,9
travel_new_regions,96907715,16.942,2,86,614073259.0,21.912,2.18,8
travel_new_regions,96924095,16.38,2,86,614313807.0,21.912,2.18,8
travel_new_regions,96940757,16.662,0,86,614671159.0,21.912,2.18,8
travel_new_regions,96957636,16.879,0,86,614762343.0,21.912,2.18,10
travel_new_regions,96974108,16.472,0,86,614924851.0,21.912,2.18,10
travel_new_regions,96990769,16.661,0,86,615042103.0,21.912,2.18,10
travel_new_regions,97007467,16.698,0,86,615148375.0,21.912,2.18,9
travel_new_regions,97027559,20.092,4,86,607842399.0,19.81,0.137,8
travel_new_regions,97040764,13.205,3,86,608137231.0,19.81,0.137,8
travel_new_regions,97057428,16.664,2,86,608390943.0,19.81,0.137,8
travel_new_regions,97074094,16.666,2,86,607704367.0,19.81,0.137,324
travel_new_regions,97090744,16.65,2,89,607688415.0,19.81,0.137,10
travel_new_regions,97107442,16.698,2,89,607553191.0,19.81,0.137,9
travel_new_regions,97124085,16.643,2,89,607611527.0,19.81,0.137,10
travel_new_regions,97140752,16.667,1,89,607804963.0,19.81,0.137,9
travel_new_regions,97157435,16.683,0,89,607907419.0,19.81,0.137,10
travel_new_regions,97174097,16.662,0,89,607914927.0,19.81,0.137,10
travel_new_regions,97190761,16.664,0,89,607842147.0,19.81,0.137,10
travel_new_regions,97207868,17.107,4,89,605691875.0,19.81,0.137,8
travel_new_regions,97224090,16.222,3,89,605658503.0,19.81,0.137,9
travel_new_regions,97240746,16.656,2,89,605655367.0,19.81,0.137,8
travel_new_regions,97257417,16.671,2,89,605349327.0,19.81,0.137,1464
travel_new_regions,97274074,16.657,2,90,605324463.0,19.81,0.137,9
travel_new_regions,97290746,16.672,2,90,605178935.0,19.81,0.137,9
travel_new_regions,97307403,16.657,2,90,604637711.0,19.81,0.137,10
travel_new_regions,97324073,16.67,2,90,604797447.0,19.81,0.137,9
travel_new_regions,97340744,16.671,1,90,605226007.0,19.81,0.137,9
travel_new_regions,97357429,16.685,0,90,605276795.0,19.81,0.137,8
travel_new_regions,97375448,18.019,4,90,602920727.0,19.81,0.137,7
travel_new_regions,97390766,15.318,3,90,602921167.0,19.81,0.137,10
travel_new_regions,97407401,16.635,2,90,603241023.0,19.81,0.137,8
travel_new_regions,97424064,16.663,1,90,603019879.0,19.81,0.137,134
travel_new_regions,97440731,16.667,1,94,603163959.0,19.81,0.137,8
travel_new_regions,97457418,16.687,1,94,603300819.0,19.81,0.137,8
travel_new_regions,97474061,16.643,1,94,603501463.0,19.81,0.137,8
travel_new_regions,97490731,16.67,1,94,603829879.0,19.81,0.137,8
travel_new_regions,97507394,16.663,1,94,604141171.0,19.81,0.137,9
travel_new_regions,97524061,16.667,0,94,604367947.0,19.81,0.137,7
travel_new_regions,97540722,16.661,4,94,602640499.0,19.81,0.137,7
travel_new_regions,97557419,16.697,3,94,602527731.0,19.81,0.137,8
travel_new_regions,97574083,16.664,2,94,602863523.0,19.81,0.137,7
travel_new_regions,97590726,16.643,2,94,602853067.0,19.81,0.137,124
travel_new_regions,97607396,16.67,2,94,602995191.0,19.81,0.137,8
travel_new_regions,97624057,16.661,2,94,603132043.0,19.81,0.137,8
travel_new_regions,97640725,16.668,2,94,603336855.0,19.81,0.137,7
travel_new_regions,97657398,16.673,2,94,603657519.0,19.81,0.137,8
travel_new_regions,97674055,16.657,1,94,604046899.0,19.81,0.137,9
travel_new_regions,97690733,16.678,0,94,604275439.0,19.81,0.137,9
travel_new_regions,97707382,16.649,4,94,603345179.0,19.81,0.137,7
travel_new_regions,97724077,16.695,3,94,603576539.0,19.81,0.137,8
travel_new_regions,97740727,16.65,2,94,603796095.0,19.81,0.137,8
travel_new_regions,97757389,16.662,2,94,603485043.0,19.81,0.137,132
travel_new_regions,97774060,16.671,2,96,602600035.0,19.81,0.137,753
travel_new_regions,97790738,16.678,2,96,602873215.0,19.81,0.137,9
travel_new_regions,97807408,16.67,2,96,603076155.0,19.81,0.137,9
travel_new_regions,97824061,16.653,1,96,603325539.0,19.81,0.137,8
travel_new_regions,97840741,16.68,0,96,603664707.0,19.81,0.137,9
travel_new_regions,97857759,17.018,4,96,602649567.0,19.81,0.137,7
travel_new_regions,97874073,16.314,3,96,601962763.0,19.81,0.137,8
travel_new_regions,97890745,16.672,2,96,601863527.0,19.81,0.137,10
travel_new_regions,97908784,18.039,2,96,601855343.0,19.81,0.137,144
travel_new_regions,97924049,15.265,2,96,602001359.0,19.81,0.137,8
travel_new_regions,97941040,16.991,2,96,602166235.0,19.81,0.137,8
travel_new_regions,97958637,17.597,2,96,602322955.0,19.81,0.137,9
travel_new_regions,97974041,15.404,2,96,602432523.0,19.81,0.137,8
travel_new_regions,97990714,16.673,1,96,602790615.0,19.81,0.137,9
travel_new_regions,98008517,17.803,0,96,603006147.0,19.81,0.137,8
travel_new_regions,98024073,15.556,0,96,603191931.0,17.823,0.129,11
travel_new_regions,98044290,20.217,4,96,601807139.0,17.823,0.129,7
travel_new_regions,98058370,14.08,3,96,601286287.0,17.823,0.129,9
travel_new_regions,98074062,15.692,2,96,601341919.0,17.823,0.129,9
travel_new_regions,98090784,16.722,1,96,599831299.0,17.823,0.129,2205
travel_new_regions,98108256,17.472,1,98,599920351.0,17.823,0.129,8
travel_new_regions,98124047,15.791,1,98,600105067.0,17.823,0.129,8
travel_new_regions,98140719,16.672,1,98,600265667.0,17.823,0.129,8
travel_new_regions,98158116,17.397,1,98,600510487.0,17.823,0.129,9
travel_new_regions,98174046,15.93,1,98,600695351.0,17.823,0.129,9
travel_new_regions,98190719,16.673,0,98,600958631.0,17.823,0.129,9
travel_new_regions,98207391,16.672,0,98,601219975.0,17.823,0.129,10
travel_new_regions,98224083,16.692,4,98,600305967.0,17.823,0.129,7
travel_new_regions,98240716,16.633,3,98,600258991.0,17.823,0.129,8
travel_new_regions,98257375,16.659,2,98,600741215.0,17.823,0.129,7
travel_new_regions,98274033,16.658,2,98,600683067.0,17.823,0.129,109
travel_new_regions,98290709,16.676,2,98,600760895.0,17.823,0.129,8
travel_new_regions,98307421,16.712,2,98,600949019.0,17.823,0.129,8
travel_new_regions,98324032,16.611,2,98,601178247.0,17.823,0.129,7
travel_new_regions,98340705,16.673,2,98,601546527.0,17.823,0.129,9
travel_new_regions,98357391,16.686,1,98,601847299.0,17.823,0.129,13
travel_new_regions,98374040,16.649,0,98,602085171.0,17.823,0.129,9
travel_new_regions,98390696,16.656,4,98,601136447.0,17.823,0.129,7
travel_new_regions,98407384,16.688,3,98,601068831.0,17.823,0.129,8
travel_new_regions,98424032,16.648,2,98,602110379.0,17.823,0.129,9
travel_new_regions,98440701,16.669,2,98,601534331.0,17.823,0.129,149
travel_new_regions,98457380,16.679,2,100,601652915.0,17.823,0.129,8
travel_new_regions,98474026,16.646,2,100,601870467.0,17.823,0.129,9
travel_new_regions,98490719,16.693,2,100,602234875.0,17.823,0.129,8
travel_new_regions,98507376,16.657,0,100,602506723.0,17.823,0.129,9
travel_new_regions,98524042,16.666,0,100,602748879.0,17.823,0.129,9
travel_new_regions,98540719,16.677,4,100,601517539.0,17.823,0.129,7
travel_new_regions,98557363,16.644,3,100,601458727.0,17.823,0.129,8
travel_new_regions,98574030,16.667,2,100,600780047.0,17.823,0.129,9
travel_new_regions,98590696,16.666,2,100,600843711.0,17.823,0.129,101
travel_new_regions,98607371,16.675,2,100,600848107.0,17.823,0.129,8
travel_new_regions,98624021,16.65,2,100,601003527.0,17.823,0.129,9
travel_new_regions,98640688,16.667,2,100,601150307.0,17.823,0.129,8
travel_new_regions,98657377,16.689,2,100,601438851.0,17.823,0.129,9
travel_new_regions,98674035,16.658,0,100,601805579.0,17.823,0.129,9
travel_new_regions,98690704,16.669,0,100,601975887.0,17.823,0.129,9
travel_new_regions,98707372,16.668,4,100,601154327.0,17.823,0.129,8
travel_new_regions,98724044,16.672,3,100,600890091.0,17.823,0.129,9
travel_new_regions,98740699,16.655,1,100,601416075.0,17.823,0.129,8
travel_new_regions,98757356,16.657,1,100,601350955.0,17.823,0.129,130
travel_new_regions,98774042,16.686,1,102,601468519.0,17.823,0.129,8
travel_new_regions,98790679,16.637,1,102,601661911.0,17.823,0.129,9
travel_new_regions,98807356,16.677,1,102,601758419.0,17.823,0.129,8
travel_new_regions,98824015,16.659,1,102,601971111.0,17.823,0.129,8
travel_new_regions,98840696,16.681,0,102,602341995.0,17.823,0.129,9
travel_new_regions,98857368,16.672,0,102,602592599.0,17.823,0.129,9
travel_new_regions,98874031,16.663,0,102,602696359.0,17.823,0.129,9
travel_new_regions,98890692,16.661,4,102,601574003.0,17.823,0.129,7
travel_new_regions,98907353,16.661,3,102,602217495.0,17.823,0.129,8
travel_new_regions,98924014,16.661,1,102,602324195.0,17.823,0.129,8
travel_new_regions,98940675,16.661,1,102,602056403.0,17.823,0.129,104
travel_new_regions,98957356,16.681,1,102,602178331.0,17.823,0.129,9
travel_new_regions,98974006,16.65,1,102,602363107.0,17.823,0.129,10
travel_new_regions,98990681,16.675,1,102,602468399.0,17.823,0.129,9
travel_new_regions,99007341,16.66,1,102,602688135.0,17.823,0.129,9
travel_new_regions,99024025,16.684,0,102,603062487.0,20.042,0.158,10
travel_new_regions,99040690,16.665,0,102,603299119.0,20.042,0.158,8
travel_new_regions,99057364,16.674,0,102,603382879.0,20.042,0.158,9
travel_new_regions,99074004,16.64,4,102,602420267.0,20.042,0.158,8
travel_new_regions,99092326,18.322,3,102,602634303.0,20.042,0.158,8
travel_new_regions,99107343,15.017,2,102,603168847.0,20.042,0.158,8
travel_new_regions,99124001,16.658,2,102,603143895.0,20.042,0.158,7250
travel_new_regions,99140682,16.681,0,103,603468527.0,20.042,0.158,152
travel_new_regions,99157346,16.664,4,103,600622383.0,20.042,0.158,153
travel_new_regions,99174022,16.676,4,103,599473683.0,20.042,0.158,193
travel_new_regions,99192045,18.023,3,103,598758951.0,20.042,0.158,145
travel_new_regions,99209741,17.696,3,103,597702391.0,20.042,0.158,1715
travel_new_regions,99223994,14.253,2,103,597298015.0,20.042,0.158,156
travel_new_regions,99241915,17.921,3,103,596248123.0,20.042,0.158,159
travel_new_regions,99257332,15.417,3,103,595775195.0,20.042,0.158,157
travel_new_regions,99274007,16.675,2,103,595736031.0,20.042,0.158,163
travel_new_regions,99290690,16.683,2,103,594628695.0,20.042,0.158,1625
travel_new_regions,99307349,16.659,0,103,594504895.0,20.042,0.158,179
travel_new_regions,99324023,16.674,4,103,593732459.0,20.042,0.158,166
travel_new_regions,99340676,16.653,3,103,593213623.0,20.042,0.158,172
travel_new_regions,99357345,16.669,2,103,593609083.0,20.042,0.158,173
travel_new_regions,99373997,16.652,2,103,593593151.0,20.042,0.158,1711
travel_new_regions,99390686,16.689,0,103,593762267.0,20.042,0.158,175
travel_new_regions,99407349,16.663,4,103,593750127.0,20.042,0.158,2511
travel_new_regions,99424029,16.68,4,103,594108227.0,20.042,0.158,71
travel_new_regions,99440661,16.632,3,103,594362911.0,20.042,0.158,70
travel_new_regions,99457328,16.667,3,103,594145095.0,20.042,0.158,2002
travel_new_regions,99474010,16.682,0,103,594495823.0,20.042,0.158,85
travel_new_regions,99490731,16.721,4,103,593883419.0,20.042,0.158,505
travel_new_regions,99507327,16.596,4,103,594359323.0,20.042,0.158,67
travel_new_regions,99523993,16.666,3,103,594580075.0,20.042,0.158,70
travel_new_regions,99540671,16.678,3,103,594358363.0,20.042,0.158,1337
travel_new_regions,99557441,16.77,2,103,594750551.0,20.042,0.158,86
travel_new_regions,99574001,16.56,3,103,594725791.0,20.042,0.158,322
travel_new_regions,99590663,16.662,3,103,595108111.0,20.042,0.158,81
travel_new_regions,99608690,18.027,2,103,595860019.0,20.042,0.158,78
travel_new_regions,99623978,15.288,2,103,595617959.0,20.042,0.158,1375
travel_new_regions,99640666,16.688,0,103,595901751.0,20.042,0.158,87
travel_new_regions,99657323,16.657,4,103,595477883.0,20.042,0.158,388
travel_new_regions,99673984,16.661,4,103,595971271.0,20.042,0.158,69
travel_new_regions,99690665,16.681,3,103,596388707.0,20.042,0.158,235
travel_new_regions,99707313,16.648,2,103,596214643.0,20.042,0.158,1559
travel_new_regions,99723985,16.672,1,103,596212371.0,20.042,0.158,83
travel_new_regions,99740648,16.663,1,103,596381227.0,20.042,0.158,517
travel_new_regions,99757315,16.667,0,103,596816139.0,20.042,0.158,63
travel_new_regions,99773990,16.675,0,103,596796723.0,20.042,0.158,1441
travel_new_regions,99790663,16.673,0,103,597076899.0,20.042,0.158,77
travel_new_regions,99807387,16.724,4,103,596379787.0,20.042,0.158,77
travel_new_regions,99823993,16.606,4,103,596030487.0,20.042,0.158,486
travel_new_regions,99840659,16.666,2,103,596125987.0,20.042,0.158,63
travel_new_regions,99857336,16.677,2,103,596109891.0,20.042,0.158,1618
travel_new_regions,99873991,16.655,0,103,596278299.0,20.042,0.158,75
travel_new_regions,99890664,16.673,4,103,596541135.0,20.042,0.158,74
travel_new_regions,99907323,16.659,3,103,596597707.0,20.042,0.158,348
travel_new_regions,99923980,16.657,2,103,597014491.0,20.042,0.158,67
travel_new_regions,99940633,16.653,2,103,597094931.0,20.042,0.158,1405
travel_new_regions,99957318,16.685,0,103,597260115.0,20.042,0.158,73
travel_new_regions,99973973,16.655,4,103,597091787.0,20.042,0.158,72
travel_new_regions,99990647,16.674,4,103,597183687.0,20.042,0.158,472
travel_new_regions,100007307,16.66,3,103,597529987.0,20.042,0.158,54
travel_new_regions,100023974,16.667,3,103,597279735.0,17.54,0.222,1725
travel_new_regions,100040645,16.671,0,103,597671947.0,17.54,0.222,66
travel_new_regions,100057302,16.657,4,103,597055967.0,17.54,0.222,421
travel_new_regions,100073969,16.667,4,103,597559431.0,17.54,0.222,49
travel_new_regions,100090653,16.684,2,103,597887763.0,17.54,0.222,48
travel_new_regions,100107296,16.643,2,103,597877019.0,17.54,0.222,1354
travel_new_regions,100123981,16.685,0,103,598168039.0,17.54,0.222,58
travel_new_regions,100140638,16.657,4,103,597582375.0,17.54,0.222,366
travel_new_regions,100157331,16.693,4,103,596725907.0,17.54,0.222,41
travel_new_regions,100173961,16.63,3,103,596700571.0,17.54,0.222,47
travel_new_regions,100190622,16.661,0,103,596344883.0,17.54,0.222,1446
travel_new_regions,100207300,16.678,4,103,596333107.0,17.54,0.222,49
travel_new_regions,100223968,16.668,3,103,596535443.0,17.54,0.222,233
travel_new_regions,100240636,16.668,2,103,597087151.0,17.54,0.222,45
travel_new_regions,100257291,16.655,2,103,597044655.0,17.54,0.222,1383
travel_new_regions,100273972,16.681,0,103,597331011.0,17.54,0.222,54
travel_new_regions,100290628,16.656,4,103,596965091.0,17.54,0.222,52
travel_new_regions,100307298,16.67,4,103,596888811.0,17.54,0.222,347
travel_new_regions,100323961,16.663,3,103,597439907.0,17.54,0.222,39
travel_new_regions,100340622,16.661,3,103,597199243.0,17.54,0.222,1351
travel_new_regions,100357301,16.679,0,103,597586675.0,17.54,0.222,48
travel_new_regions,100373979,16.678,4,103,597143023.0,17.54,0.222,48
travel_new_regions,100390628,16.649,4,103,597516339.0,17.54,0.222,261
travel_new_regions,100407299,16.671,2,103,597771555.0,17.54,0.222,41
travel_new_regions,100423952,16.653,2,103,597774843.0,17.54,0.222,1380
travel_new_regions,100440660,16.708,0,103,598063431.0,17.54,0.222,60
travel_new_regions,100457289,16.629,4,103,597499763.0,17.54,0.222,60
travel_new_regions,100473958,16.669,4,103,596929975.0,17.54,0.222,193
travel_new_regions,100490631,16.673,3,103,597298683.0,17.54,0.222,55
travel_new_regions,100507284,16.653,2,103,596935975.0,17.54,0.222,1519
travel_new_regions,100523961,16.677,0,103,597107243.0,17.54,0.222,64
travel_new_regions,100540622,16.661,4,103,597098607.0,17.54,0.222,298
travel_new_regions,100557299,16.677,3,103,597188479.0,17.54,0.222,51
travel_new_regions,100573957,16.658,2,103,597750715.0,17.54,0.222,55
travel_new_regions,100590614,16.657,2,103,597696303.0,17.54,0.222,1552
travel_new_regions,100607294,16.68,0,103,597972671.0,17.54,0.222,69
travel_new_regions,100623956,16.662,4,103,597728891.0,17.54,0.222,361
travel_new_regions,100640615,16.659,2,103,597493355.0,17.54,0.222,58
travel_new_regions,100657277,16.662,0,103,598052943.0,17.54,0.222,371
travel_new_regions,100673947,16.67,0,103,598439891.0,17.54,0.222,1592
travel_new_regions,100690607,16.66,0,103,598386699.0,17.54,0.222,72
travel_new_regions,100707286,16.679,0,103,598502827.0,17.54,0.222,409
travel_new_regions,100723948,16.662,4,103,597822635.0,17.54,0.222,57
travel_new_regions,100740619,16.671,4,103,597982247.0,17.54,0.222,54
travel_new_regions,100757293,16.674,2,103,598355091.0,17.54,0.222,58
travel_new_regions,100773948,16.655,2,103,598434311.0,17.54,0.222,1371
travel_new_regions,100790606,16.658,0,103,598964635.0,17.54,0.222,283
travel_new_regions,100807285,16.679,0,103,599071143.0,17.54,0.222,56
travel_new_regions,100823944,16.659,0,103,599363935.0,17.54,0.222,58
travel_new_regions,100840608,16.664,2,103,598245055.0,17.54,0.222,53
travel_new_regions,100857269,16.661,2,103,598077059.0,17.54,0.222,59
travel_new_regions,100873950,16.681,0,103,597824579.0,17.54,0.222,372
travel_new_regions,100890602,16.652,0,103,597896627.0,17.54,0.222,1305
travel_new_regions,100907271,16.669,0,103,598375159.0,17.54,0.222,115
travel_new_regions,100923940,16.669,0,103,598722875.0,17.54,0.222,46
travel_new_regions,100940607,16.667,0,103,598928459.0,17.54,0.222,44
travel_new_regions,100957278,16.671,4,103,597818807.0,17.54,0.222,331
travel_new_regions,100973949,16.671,3,103,598163791.0,17.54,0.222,33
travel_new_regions,100990612,16.663,2,103,598711215.0,17.54,0.222,31
travel_new_regions,101007259,16.647,2,103,598680151.0,17.54,0.222,1331
travel_new_regions,101023928,16.669,2,103,599061767.0,10.547,0.133,51
travel_new_regions,101041755,17.827,2,103,599517611.0,10.547,0.133,53
travel_new_regions,101057286,15.531,0,103,599736299.0,10.547,0.133,252
travel_new_regions,101073940,16.654,0,103,599869867.0,10.547,0.133,47
travel_new_regions,101091636,17.696,4,103,598886567.0,10.547,0.133,44
travel_new_regions,101107259,15.623,2,103,599056759.0,10.547,0.133,41
travel_new_regions,101123927,16.668,1,103,599595971.0,10.547,0.133,44
travel_new_regions,101141501,17.574,0,103,599411275.0,10.547,0.133,1239
travel_new_regions,101157272,15.771,0,103,599806187.0,10.547,0.133,60
travel_new_regions,101173918,16.646,0,103,600019335.0,10.547,0.133,277
travel_new_regions,101190600,16.682,0,103,600156867.0,10.547,0.133,52
travel_new_regions,101207270,16.67,0,103,600313515.0,10.547,0.133,52
travel_new_regions,101223927,16.657,4,103,600014007.0,10.547,0.133,50
travel_new_regions,101240593,16.666,4,103,600456887.0,10.547,0.133,49
travel_new_regions,101257274,16.681,2,103,600392871.0,10.547,0.133,50
travel_new_regions,101273931,16.657,2,103,600479567.0,10.547,0.133,1343
travel_new_regions,101290603,16.672,2,103,600860103.0,10.547,0.133,381
travel_new_regions,101307245,16.642,2,103,601079515.0,10.547,0.133,46
travel_new_regions,101324258,17.013,0,103,601209739.0,10.547,0.133,46
travel_new_regions,101340597,16.339,3,103,600201015.0,10.547,0.133,47
travel_new_regions,101357250,16.653,3,103,599863263.0,10.547,0.133,44
travel_new_regions,101373916,16.666,2,103,600035087.0,10.547,0.133,88
travel_new_regions,101390580,16.664,2,103,599922459.0,10.547,0.133,1291
travel_new_regions,101407246,16.666,2,103,600072995.0,10.547,0.133,60
travel_new_regions,101423913,16.667,2,103,600184695.0,10.547,0.133,393
travel_new_regions,101440582,16.669,2,103,600379035.0,10.547,0.133,44
travel_new_regions,101457262,16.68,2,103,600694791.0,10.547,0.133,45
travel_new_regions,101473919,16.657,0,103,600928747.0,10.547,0.133,44
travel_new_regions,101490584,16.665,0,103,601083787.0,10.547,0.133,43
travel_new_regions,101507236,16.652,4,103,600209059.0,10.547,0.133,43
travel_new_regions,101523907,16.671,3,103,599639323.0,10.547,0.133,42
travel_new_regions,101540593,16.686,2,103,600022371.0,10.547,0.133,44
travel_new_regions,101557245,16.652,2,103,599895811.0,10.547,0.133,1612
travel_new_regions,101573909,16.664,2,103,600035959.0,10.547,0.133,44
travel_new_regions,101590566,16.657,2,103,600158519.0,10.547,0.133,45
travel_new_regions,101607245,16.679,2,103,600345411.0,10.547,0.133,42
travel_new_regions,101623906,16.661,2,103,600571467.0,10.547,0.133,42
travel_new_regions,101640590,16.684,0,103,600794895.0,10.547,0.133,45
travel_new_regions,101657258,16.668,0,103,600913135.0,10.547,0.133,45
travel_new_regions,101673920,16.662,4,103,599969311.0,10.547,0.133,305
travel_new_regions,101690577,16.657,4,103,600295087.0,10.547,0.133,27
travel_new_regions,101707232,16.655,2,103,600506279.0,10.547,0.133,29
travel_new_regions,101723888,16.656,2,103,600446435.0,10.547,0.133,1493
travel_new_regions,101740617,16.729,2,103,600591211.0,10.547,0.133,61
travel_new_regions,101757226,16.609,2,103,600715719.0,10.547,0.133,63
travel_new_regions,101773892,16.666,2,103,601005843.0,10.547,0.133,61
travel_new_regions,101790553,16.661,2,103,601125539.0,10.547,0.133,58
travel_new_regions,101807236,16.683,0,103,601334079.0,10.547,0.133,60
travel_new_regions,101823900,16.664,0,103,601601111.0,10.547,0.133,60
travel_new_regions,101840562,16.662,4,103,600967835.0,10.547,0.133,398
travel_new_regions,101857243,16.681,4,103,601077379.0,10.547,0.133,47
travel_new_regions,101873903,16.66,2,103,601314899.0,10.547,0.133,51
travel_new_regions,101890552,16.649,2,103,601477071.0,10.547,0.133,1403
travel_new_regions,101907220,16.668,2,103,601621847.0,10.547,0.133,65
travel_new_regions,101923893,16.673,2,103,601743331.0,10.547,0.133,67
travel_new_regions,101940559,16.666,2,103,601863639.0,10.547,0.133,67
travel_new_regions,101957229,16.67,2,103,602072587.0,10.547,0.133,73
travel_new_regions,101973903,16.674,0,103,602504039.0,10.547,0.133,67
travel_new_regions,101990588,16.685,4,103,600886087.0,10.547,0.133,64
travel_new_regions,102007224,16.636,3,103,600824919.0,10.547,0.133,557
travel_new_regions,102023900,16.676,2,103,600588707.0,11.507,0.445,38
travel_new_regions,102040550,16.65,2,103,599742511.0,11.507,0.445,1381
travel_new_regions,102057219,16.669,2,103,599875631.0,11.507,0.445,61
travel_new_regions,102073883,16.664,2,103,600001423.0,11.507,0.445,60
travel_new_regions,102090581,16.698,2,103,600127099.0,11.507,0.445,64
travel_new_regions,102107221,16.64,2,103,600249371.0,11.507,0.445,69
travel_new_regions,102123884,16.663,2,103,600453659.0,11.507,0.445,61
travel_new_regions,102140596,16.712,2,103,600843623.0,11.507,0.445,61
travel_new_regions,102157224,16.628,0,103,600939679.0,11.507,0.445,66
travel_new_regions,102173895,16.671,0,103,601069987.0,11.507,0.445,457
travel_new_regions,102190571,16.676,4,103,600061127.0,11.507,0.445,38
travel_new_regions,102207222,16.651,3,103,600522003.0,11.507,0.445,40
travel_new_regions,102223874,16.652,2,103,601045591.0,11.507,0.445,39
travel_new_regions,102240543,16.669,2,103,600932899.0,11.507,0.445,1377
travel_new_regions,102257213,16.67,2,103,601074527.0,11.507,0.445,65
travel_new_regions,102273871,16.658,2,103,601197647.0,11.507,0.445,65
travel_new_regions,102290533,16.662,2,103,601325535.0,11.507,0.445,65
travel_new_regions,102307207,16.674,2,103,601450851.0,11.507,0.445,64
travel_new_regions,102323883,16.676,2,103,601573519.0,11.507,0.445,425
travel_new_regions,102340548,16.665,2,103,601905727.0,11.507,0.445,42
travel_new_regions,102357211,16.663,0,103,602245007.0,11.507,0.445,42
travel_new_regions,102373920,16.709,4,103,600889835.0,11.507,0.445,45
travel_new_regions,102390556,16.636,4,103,601070479.0,11.507,0.445,42
travel_new_regions,102407211,16.655,3,103,601540115.0,11.507,0.445,44
travel_new_regions,102423868,16.657,3,103,601468295.0,11.507,0.445,1504
travel_new_regions,102440532,16.664,3,103,601614055.0,11.507,0.445,63
travel_new_regions,102457203,16.671,3,103,601737563.0,11.507,0.445,64
travel_new_regions,102473870,16.667,3,103,601860935.0,11.507,0.445,65
travel_new_regions,102490529,16.659,3,103,601989307.0,11.507,0.445,64
travel_new_regions,102507197,16.668,3,103,602243759.0,11.507,0.445,64
travel_new_regions,102523865,16.668,3,103,602364631.0,11.507,0.445,600
travel_new_regions,102540536,16.671,0,103,602832563.0,11.507,0.445,38
travel_new_regions,102557228,16.692,0,103,602927747.0,11.507,0.445,39
travel_new_regions,102573869,16.641,4,103,602001547.0,11.507,0.445,37
travel_new_regions,102590544,16.675,4,103,601946807.0,11.507,0.445,36
travel_new_regions,102607206,16.662,2,103,602334839.0,11.507,0.445,37
travel_new_regions,102623861,16.655,2,103,602495479.0,11.507,0.445,1334
travel_new_regions,102640522,16.661,2,103,602613215.0,11.507,0.445,58
travel_new_regions,102657219,16.697,2,103,602742419.0,11.507,0.445,55
travel_new_regions,102673857,16.638,2,103,602946579.0,11.507,0.445,60
travel_new_regions,102690525,16.668,2,103,603275315.0,11.507,0.445,55
travel_new_regions,102707201,16.676,0,103,603506803.0,11.507,0.445,405
travel_new_regions,102723866,16.665,4,103,602528767.0,11.507,0.445,33
travel_new_regions,102740526,16.66,3,103,601969091.0,11.507,0.445,35
travel_new_regions,102757196,16.67,2,103,601794375.0,11.507,0.445,31
travel_new_regions,102773855,16.659,2,103,601620927.0,11.507,0.445,1181
travel_new_regions,102790529,16.674,2,103,601738991.0,11.507,0.445,49
travel_new_regions,102807191,16.662,2,103,601869251.0,11.507,0.445,52
travel_new_regions,102823860,16.669,2,103,601998503.0,11.507,0.445,59
travel_new_regions,102840528,16.668,2,103,602152455.0,11.507,0.445,50
travel_new_regions,102857184,16.656,2,103,602337451.0,11.507,0.445,51
travel_new_regions,102873848,16.664,0,103,602724911.0,11.507,0.445,48
travel_new_regions,102890525,16.677,0,103,602909335.0,11.507,0.445,49
travel_new_regions,102907194,16.669,0,103,603039343.0,11.507,0.445,394
travel_new_regions,102923866,16.672,4,103,601876859.0,11.507,0.445,32
travel_new_regions,102940522,16.656,3,103,601181715.0,11.507,0.445,32
travel_new_regions,102957195,16.673,2,103,601687567.0,11.507,0.445,32
travel_new_regions,102973853,16.658,2,103,601607771.0,11.507,0.445,1533
travel_new_regions,102990511,16.658,2,103,601721459.0,11.507,0.445,52
travel_new_regions,103007179,16.668,2,103,601850283.0,11.507,0.445,53
travel_new_regions,103023857,16.678,2,103,601977651.0,10.306,0.156,53
travel_new_regions,103040520,16.663,2,103,602133199.0,10.306,0.156,54
travel_new_regions,103057173,16.653,2,103,602396999.0,10.306,0.156,367
travel_new_regions,103073857,16.684,0,103,602818635.0,10.306,0.156,35
travel_new_regions,103090523,16.666,0,103,602874239.0,10.306,0.156,36
travel_new_regions,103107179,16.656,4,103,601770695.0,10.306,0.156,35
travel_new_regions,103123854,16.675,4,103,601793019.0,10.306,0.156,35
travel_new_regions,103140513,16.659,2,103,602295551.0,10.306,0.156,35
travel_new_regions,103157169,16.656,2,103,602165887.0,10.306,0.156,1146
travel_new_regions,103173835,16.666,2,103,602279575.0,10.306,0.156,46
travel_new_regions,103190506,16.671,2,103,602408399.0,10.306,0.156,49
travel_new_regions,103207176,16.67,2,103,602535763.0,10.306,0.156,48
travel_new_regions,103223843,16.667,2,103,602838419.0,10.306,0.156,47
travel_new_regions,103240495,16.652,2,103,602962587.0,10.306,0.156,51
travel_new_regions,103257182,16.687,0,103,603395031.0,10.306,0.156,419
travel_new_regions,103273852,16.67,0,103,603557671.0,10.306,0.156,27
travel_new_regions,103290511,16.659,0,103,603634015.0,10.306,0.156,30
travel_new_regions,103307176,16.665,4,103,602991179.0,10.306,0.156,52
travel_new_regions,103323835,16.659,4,103,602704259.0,10.306,0.156,28
travel_new_regions,103340517,16.682,2,103,603044571.0,10.306,0.156,29
travel_new_regions,103357171,16.654,2,103,603179183.0,10.306,0.156,1394
travel_new_regions,103373847,16.676,2,103,603307883.0,10.306,0.156,52
travel_new_regions,103390497,16.65,2,103,603467515.0,10.306,0.156,50
travel_new_regions,103407155,16.658,2,103,603733023.0,10.306,0.156,53
travel_new_regions,103423847,16.692,0,103,604050055.0,10.306,0.156,48
travel_new_regions,103440517,16.67,0,103,604098419.0,10.306,0.156,333
travel_new_regions,103457171,16.654,4,103,603139067.0,10.306,0.156,33
travel_new_regions,103473844,16.673,3,103,602453107.0,10.306,0.156,51
travel_new_regions,103490531,16.687,2,103,602002595.0,10.306,0.156,33
travel_new_regions,103507155,16.624,2,103,601825935.0,10.306,0.156,1081
travel_new_regions,103523830,16.675,2,103,601955315.0,10.306,0.156,46
travel_new_regions,103540487,16.657,2,103,602117511.0,10.306,0.156,49
travel_new_regions,103557151,16.664,2,103,602381771.0,10.306,0.156,48
travel_new_regions,103573864,16.713,2,103,602726559.0,10.306,0.156,49
travel_new_regions,103590487,16.623,2,103,602901267.0,10.306,0.156,51
travel_new_regions,103607173,16.686,0,103,603209127.0,10.306,0.156,47
travel_new_regions,103623837,16.664,0,103,603338427.0,10.306,0.156,49
travel_new_regions,103640524,16.687,4,103,602291415.0,10.306,0.156,459
travel_new_regions,103657163,16.639,3,103,602692931.0,10.306,0.156,27
travel_new_regions,103673829,16.666,2,103,603224099.0,10.306,0.156,29
travel_new_regions,103690497,16.668,2,103,603108695.0,10.306,0.156,922
travel_new_regions,103707161,16.664,2,103,603238071.0,10.306,0.156,34
travel_new_regions,103723811,16.65,2,103,603402239.0,10.306,0.156,45
travel_new_regions,103740489,16.678,2,103,603603327.0,10.306,0.156,35
travel_new_regions,103757422,16.933,2,103,604024531.0,10.306,0.156,35
travel_new_regions,103773818,16.396,2,103,604276795.0,10.306,0.156,49
travel_new_regions,103790481,16.663,0,103,604479639.0,10.306,0.156,374
travel_new_regions,103807210,16.729,4,103,603340283.0,10.306,0.156,19
travel_new_regions,103823828,16.618,4,103,603440555.0,10.306,0.156,20
travel_new_regions,103840482,16.654,2,103,603740087.0,10.306,0.156,20
travel_new_regions,103857142,16.66,2,103,603629571.0,10.306,0.156,684
travel_new_regions,103873822,16.68,2,103,603758943.0,10.306,0.156,29
travel_new_regions,103890476,16.654,2,103,603923115.0,10.306,0.156,30
travel_new_regions,103907145,16.669,2,103,604117867.0,10.306,0.156,29
travel_new_regions,103923802,16.657,2,103,604430363.0,10.306,0.156,31
travel_new_regions,103940468,16.666,2,103,604666227.0,10.306,0.156,28
travel_new_regions,103957151,16.683,0,103,604988115.0,10.306,0.156,29
travel_new_regions,103973816,16.665,0,103,605141047.0,10.306,0.156,259
travel_new_regions,103990481,16.665,4,103,604049831.0,10.306,0.156,20
travel_new_regions,104007157,16.676,4,103,604109203.0,10.306,0.156,18
travel_new_regions,104023821,16.664,3,103,604622795.0,10.943,0.168,20
travel_new_regions,104040468,16.647,3,103,604565195.0,10.943,0.168,397
travel_new_regions,104057133,16.665,3,103,604661027.0,10.943,0.168,20
travel_new_regions,104073802,16.669,3,103,605025999.0,10.943,0.168,19
travel_new_regions,104090466,16.664,3,103,605195631.0,10.943,0.168,19
travel_new_regions,104107144,16.678,2,103,605465955.0,10.943,0.168,20
travel_new_regions,104123821,16.677,0,103,605686011.0,10.943,0.168,22
travel_new_regions,104140595,16.774,4,103,604254415.0,10.943,0.168,214
travel_new_regions,104157140,16.545,4,103,604232855.0,10.943,0.168,8
travel_new_regions,104173800,16.66,0,103,603542951.0,10.943,0.168,9
travel_new_regions,104190462,16.662,0,103,603425887.0,10.943,0.168,488
travel_new_regions,104207127,16.665,0,103,603571587.0,10.943,0.168,15
travel_new_regions,104223795,16.668,0,103,603742111.0,10.943,0.168,14
travel_new_regions,104240470,16.675,0,103,603874827.0,10.943,0.168,15
travel_new_regions,104257131,16.661,0,103,604003839.0,10.943,0.168,16
travel_new_regions,104273791,16.66,0,103,604282739.0,10.943,0.168,15
travel_new_regions,104290453,16.662,0,103,604614071.0,10.943,0.168,13
travel_new_regions,104307129,16.676,0,103,604784659.0,10.943,0.168,14
travel_new_regions,104323803,16.674,0,103,604915491.0,10.943,0.168,15
travel_new_regions,104340464,16.661,4,103,603427199.0,10.943,0.168,14
travel_new_regions,104357122,16.658,3,103,602448991.0,10.943,0.168,17
travel_new_regions,104373794,16.672,2,103,602557955.0,10.943,0.168,16
travel_new_regions,104390467,16.673,2,103,602453243.0,10.943,0.168,507
travel_new_regions,104407114,16.647,2,103,602587715.0,10.943,0.168,21
travel_new_regions,104423789,16.675,2,103,602719447.0,10.943,0.168,22
travel_new_regions,104440460,16.671,2,103,602941019.0,10.943,0.168,22
travel_new_regions,104457130,16.67,2,103,603251755.0,10.943,0.168,23
travel_new_regions,104473776,16.646,2,103,603483475.0,10.943,0.168,153
travel_new_regions,104490442,16.666,0,103,603693647.0,10.943,0.168,18
travel_new_regions,104507136,16.694,0,103,603829295.0,10.943,0.168,19
travel_new_regions,104523798,16.662,4,103,602542091.0,10.943,0.168,19
travel_new_regions,104540453,16.655,4,103,602893823.0,10.943,0.168,18
travel_new_regions,104557217,16.764,2,103,603433943.0,10.943,0.168,18
travel_new_regions,104573791,16.574,2,103,603315463.0,10.943,0.168,404
travel_new_regions,104590447,16.656,2,103,603442427.0,10.943,0.168,17
travel_new_regions,104607112,16.665,2,103,603577039.0,10.943,0.168,19
travel_new_regions,104623780,16.668,2,103,603797187.0,10.943,0.168,19
travel_new_regions,104640451,16.671,2,103,604105019.0,10.943,0.168,17
travel_new_regions,104657107,16.656,2,103,604348371.0,10.943,0.168,18
travel_new_regions,104673789,16.682,0,103,604683003.0,10.943,0.168,191
travel_new_regions,104690455,16.666,0,103,604828167.0,10.943,0.168,8
travel_new_regions,104707119,16.664,4,103,603667067.0,10.943,0.168,8
travel_new_regions,104723784,16.665,4,103,603799639.0,10.943,0.168,7
travel_new_regions,104740453,16.669,3,103,604936171.0,10.943,0.168,7
travel_new_regions,104757114,16.661,3,103,604219231.0,10.943,0.168,542
travel_new_regions,104773769,16.655,3,103,604354127.0,10.943,0.168,12
travel_new_regions,104790435,16.666,3,103,604489675.0,10.943,0.168,12
travel_new_regions,104807103,16.668,3,103,604717263.0,10.943,0.168,13
travel_new_regions,104823770,16.667,2,103,605130379.0,10.943,0.168,12
travel_new_regions,104840448,16.678,0,103,605275231.0,10.943,0.168,11
travel_new_regions,104857111,16.663,4,103,603934731.0,10.943,0.168,12
travel_new_regions,104873833,16.722,4,103,603635023.0,10.943,0.168,12
travel_new_regions,104890447,16.614,2,103,603162411.0,10.943,0.168,13
travel_new_regions,104907101,16.654,2,103,603294899.0,10.943,0.168,310
travel_new_regions,104923772,16.671,2,103,603430475.0,10.943,0.168,11
travel_new_regions,104940433,16.661,2,103,603571863.0,10.943,0.168,14
travel_new_regions,104957104,16.671,2,103,603707459.0,10.943,0.168,13
travel_new_regions,104973767,16.663,2,103,603847479.0,10.943,0.168,13
travel_new_regions,104990429,16.662,2,103,604153219.0,10.943,0.168,13
travel_new_regions,105007098,16.669,0,103,604605699.0,10.943,0.168,12
travel_new_regions,105023805,16.707,0,103,604755311.0,10.777,0.205,12
travel_new_regions,105040437,16.632,0,103,604839383.0,10.777,0.205,88
travel_new_regions,105057112,16.675,4,103,603659935.0,10.777,0.205,8
travel_new_regions,105073764,16.652,3,103,603731527.0,10.777,0.205,8
travel_new_regions,105090436,16.672,2,103,604260915.0,10.777,0.205,8
travel_new_regions,105107093,16.657,2,103,604137539.0,10.777,0.205,435
travel_new_regions,105123757,16.664,2,104,604272435.0,10.777,0.205,8
travel_new_regions,105140433,16.676,2,104,604413819.0,10.777,0.205,7
travel_new_regions,105157111,16.678,2,104,604549411.0,10.777,0.205,7
travel_new_regions,105173773,16.662,2,104,604691827.0,10.777,0.205,10
travel_new_regions,105190426,16.653,2,104,604991735.0,10.777,0.205,8
travel_new_regions,105207083,16.657,0,104,605334239.0,10.777,0.205,8
travel_new_regions,105223762,16.679,0,104,605426463.0,10.777,0.205,8
travel_new_regions,105240430,16.668,0,104,605548219.0,10.777,0.205,9
travel_new_regions,105257105,16.675,4,104,604228203.0,10.777,0.205,8
travel_new_regions,105273765,16.66,4,104,604492711.0,10.777,0.205,9
travel_new_regions,105290421,16.656,2,104,605103419.0,10.777,0.205,7
travel_new_regions,105307086,16.665,2,104,604984831.0,10.777,0.205,261
travel_new_regions,105323748,16.662,2,104,605119727.0,10.777,0.205,8
travel_new_regions,105340417,16.669,2,104,605261111.0,10.777,0.205,8
travel_new_regions,105357084,16.667,2,104,605396703.0,10.777,0.205,10
travel_new_regions,105373771,16.687,2,104,605541363.0,10.777,0.205,8
travel_new_regions,105390418,16.647,2,104,605840279.0,10.777,0.205,8
travel_new_regions,105407080,16.662,0,104,606191503.0,10.777,0.205,9
travel_new_regions,105423756,16.676,0,104,606283939.0,10.777,0.205,7
travel_new_regions,105440424,16.668,0,104,606430451.0,10.777,0.205,8
travel_new_regions,105457089,16.665,4,104,605365239.0,10.777,0.205,7
travel_new_regions,105473759,16.67,4,104,605497299.0,10.777,0.205,7
travel_new_regions,105490420,16.661,3,104,606135939.0,10.777,0.205,7
travel_new_regions,105507076,16.656,3,104,605941275.0,10.777,0.205,268
travel_new_regions,105523755,16.679,3,104,606076887.0,10.777,0.205,8
travel_new_regions,105540408,16.653,3,104,606224431.0,10.777,0.205,8
travel_new_regions,105557073,16.665,3,104,606458659.0,10.777,0.205,9
travel_new_regions,105573748,16.675,3,104,606803051.0,10.777,0.205,7
travel_new_regions,105590405,16.657,0,104,607143955.0,10.777,0.205,8
travel_new_regions,105607078,16.673,4,104,606098075.0,10.777,0.205,8
travel_new_regions,105623745,16.667,4,104,605047927.0,10.777,0.205,9
travel_new_regions,105640402,16.657,2,104,604781267.0,10.777,0.205,9
travel_new_regions,105657092,16.69,2,104,604861403.0,10.777,0.205,256
travel_new_regions,105673756,16.664,2,104,605000899.0,10.777,0.205,8
travel_new_regions,105690411,16.655,2,104,605137095.0,10.777,0.205,9
travel_new_regions,105707072,16.661,2,104,605280283.0,10.777,0.205,9
travel_new_regions,105723737,16.665,2,104,605420491.0,10.777,0.205,8
travel_new_regions,105740418,16.681,2,104,605706155.0,10.777,0.205,8
travel_new_regions,105757065,16.647,0,104,606048539.0,10.777,0.205,8
travel_new_regions,105773733,16.668,0,104,606261151.0,10.777,0.205,8
travel_new_regions,105790409,16.676,0,104,606389771.0,10.777,0.205,8
travel_new_regions,105807078,16.669,4,104,604672847.0,10.777,0.205,8
travel_new_regions,105823739,16.661,3,104,603024447.0,10.777,0.205,7
travel_new_regions,105840400,16.661,2,104,603171123.0,10.777,0.205,7
travel_new_regions,105857058,16.658,2,104,603038263.0,10.777,0.205,266
travel_new_regions,105873731,16.673,2,104,603214587.0,10.777,0.205,8
travel_new_regions,105890495,16.764,2,104,603313955.0,10.777,0.205,9
travel_new_regions,105907070,16.575,2,104,603457143.0,10.777,0.205,9
travel_new_regions,105923735,16.665,2,104,603600123.0,10.777,0.205,9
travel_new_regions,105940395,16.66,2,104,603902743.0,10.777,0.205,9
travel_new_regions,105957061,16.666,0,104,604365563.0,10.777,0.205,9
travel_new_regions,105973740,16.679,0,104,604418123.0,10.777,0.205,8
travel_new_regions,105990402,16.662,4,104,603394371.0,10.777,0.205,8
travel_new_regions,106007086,16.684,4,104,603383891.0,10.777,0.205,8
travel_new_regions,106023734,16.648,2,104,603969419.0,10.586,0.203,114
travel_new_regions,106040392,16.658,2,104,603870343.0,10.586,0.203,262
travel_new_regions,106057060,16.668,2,104,604010519.0,10.586,0.203,7
travel_new_regions,106073718,16.658,2,104,604146715.0,10.586,0.203,8
travel_new_regions,106090386,16.668,2,104,604289903.0,10.586,0.203,8
travel_new_regions,106107057,16.671,2,104,604434375.0,10.586,0.203,7
travel_new_regions,106123713,16.656,2,104,604722555.0,10.586,0.203,9
travel_new_regions,106140398,16.685,0,104,605172075.0,10.586,0.203,8
travel_new_regions,106157073,16.675,0,104,605344099.0,10.586,0.203,8
travel_new_regions,106173749,16.676,0,104,605411831.0,10.586,0.203,9
travel_new_regions,106190389,16.64,4,104,604662947.0,10.586,0.203,9
travel_new_regions,106207068,16.679,4,104,604688139.0,10.586,0.203,7
travel_new_regions,106223722,16.654,3,104,604929407.0,10.586,0.203,7
travel_new_regions,106240379,16.657,3,104,604838319.0,10.586,0.203,242
travel_new_regions,106257048,16.669,3,105,604966459.0,10.586,0.203,7
travel_new_regions,106273712,16.664,3,105,605113931.0,10.586,0.203,8
travel_new_regions,106290422,16.71,3,105,605164583.0,10.586,0.203,9
travel_new_regions,106307042,16.62,3,105,605556739.0,10.586,0.203,13
travel_new_regions,106323711,16.669,0,105,605763879.0,10.586,0.203,7
travel_new_regions,106340385,16.674,4,105,604397471.0,10.586,0.203,8
travel_new_regions,106357055,16.67,4,105,603891703.0,10.586,0.203,7
travel_new_regions,106373713,16.658,3,105,603618087.0,10.586,0.203,9
travel_new_regions,106390375,16.662,3,105,603485523.0,10.586,0.203,1322
travel_new_regions,106407040,16.665,3,105,603621855.0,10.586,0.203,8
travel_new_regions,106423702,16.662,3,105,603770119.0,10.586,0.203,8
travel_new_regions,106440367,16.665,3,105,603984667.0,10.586,0.203,8
travel_new_regions,106457042,16.675,3,105,604323819.0,10.586,0.203,8
travel_new_regions,106473707,16.665,3,105,604717703.0,10.586,0.203,9
travel_new_regions,106490375,16.668,2,105,605042751.0,10.586,0.203,8
travel_new_regions,106507041,16.666,3,105,603988879.0,10.586,0.203,7
travel_new_regions,106523726,16.685,3,105,604361223.0,10.586,0.203,8
travel_new_regions,106540411,16.685,2,105,604786407.0,10.586,0.203,8
travel_new_regions,106557036,16.625,2,105,604948955.0,10.586,0.203,77
travel_new_regions,106573705,16.669,2,105,605076411.0,10.586,0.203,7
travel_new_regions,106590363,16.658,2,105,605224675.0,10.586,0.203,8
travel_new_regions,106607030,16.667,2,105,605437915.0,10.586,0.203,8
travel_new_regions,106623703,16.673,2,105,605778583.0,10.586,0.203,7
travel_new_regions,106640369,16.666,2,105,606166751.0,10.586,0.203,8
travel_new_regions,106657052,16.683,0,105,606280239.0,10.586,0.203,9
travel_new_regions,106673700,16.648,4,105,605105955.0,10.586,0.203,7
travel_new_regions,106690367,16.667,3,105,605116059.0,10.586,0.203,114
travel_new_regions,106707044,16.677,2,105,605448427.0,10.586,0.203,7
travel_new_regions,106723732,16.688,2,105,605482391.0,10.586,0.203,64
travel_new_regions,106740369,16.637,2,105,605610527.0,10.586,0.203,9
travel_new_regions,106757026,16.657,2,105,605759127.0,10.586,0.203,10
travel_new_regions,106773696,16.67,2,105,605978175.0,10.586,0.203,8
travel_new_regions,106790366,16.67,2,105,606277479.0,10.586,0.203,9
travel_new_regions,106807023,16.657,2,105,606497651.0,10.586,0.203,8
travel_new_regions,106823694,16.671,0,105,606813619.0,10.586,0.203,8
travel_new_regions,106840365,16.671,0,105,606974275.0,10.586,0.203,8
travel_new_regions,106857025,16.66,4,105,605891819.0,10.586,0.203,8
travel_new_regions,106873690,16.665,4,105,605955859.0,10.586,0.203,8
travel_new_regions,106890355,16.665,3,105,606367667.0,10.586,0.203,8
travel_new_regions,106907023,16.668,3,105,606295507.0,10.586,0.203,70
travel_new_regions,106923689,16.666,3,105,606434083.0,10.586,0.203,8
travel_new_regions,106940367,16.678,3,105,606527819.0,10.586,0.203,8
travel_new_regions,106957029,16.662,3,105,606841707.0,10.586,0.203,9
travel_new_regions,106973717,16.688,3,105,607117591.0,10.586,0.203,7
travel_new_regions,106990358,16.641,0,105,607406103.0,10.586,0.203,9
travel_new_regions,107007016,16.658,4,105,606027691.0,10.586,0.203,7
travel_new_regions,107023689,16.673,4,105,605438447.0,15.986,0.148,8
travel_new_regions,107040352,16.663,2,105,605187231.0,15.986,0.148,8
travel_new_regions,107057015,16.663,0,105,605081319.0,15.986,0.148,88
travel_new_regions,107073675,16.66,0,105,605219243.0,15.986,0.148,8
travel_new_regions,107090355,16.68,0,105,605407023.0,15.986,0.148,7
travel_new_regions,107107015,16.66,0,105,605641943.0,15.986,0.148,9
travel_new_regions,107123674,16.659,0,105,605817147.0,15.986,0.148,8
travel_new_regions,107140358,16.684,0,105,606206643.0,15.986,0.148,9
travel_new_regions,107157020,16.662,0,105,606370887.0,15.986,0.148,8
travel_new_regions,107173689,16.669,0,105,606496203.0,15.986,0.148,9
travel_new_regions,107190336,16.647,4,105,604898503.0,15.986,0.148,7
travel_new_regions,107207006,16.67,3,105,604225995.0,15.986,0.148,8
travel_new_regions,107223670,16.664,2,105,603139703.0,15.986,0.148,9
travel_new_regions,107240341,16.671,2,105,603034351.0,15.986,0.148,96
travel_new_regions,107257015,16.674,2,105,603151711.0,15.986,0.148,9
travel_new_regions,107273671,16.656,2,105,603376183.0,15.986,0.148,8
travel_new_regions,107290339,16.668,2,105,603548023.0,15.986,0.148,7
travel_new_regions,107307006,16.667,2,105,604139895.0,15.986,0.148,8
travel_new_regions,107323669,16.663,2,105,604155027.0,15.986,0.148,8
travel_new_regions,107340354,16.685,0,105,604297747.0,15.986,0.148,8
travel_new_regions,107356997,16.643,4,105,603192579.0,15.986,0.148,8
travel_new_regions,107373698,16.701,4,105,603368703.0,15.986,0.148,8
travel_new_regions,107390354,16.656,2,105,603955323.0,15.986,0.148,8
travel_new_regions,107406997,16.643,0,105,603836167.0,15.986,0.148,98
travel_new_regions,107423678,16.681,0,105,603958159.0,15.986,0.148,8
travel_new_regions,107440336,16.658,0,105,604186879.0,15.986,0.148,9
travel_new_regions,107457011,16.675,0,105,604352979.0,15.986,0.148,8
travel_new_regions,107473680,16.669,0,105,604611463.0,15.986,0.148,9
travel_new_regions,107490324,16.644,0,105,604880943.0,15.986,0.148,8
travel_new_regions,107507006,16.682,0,105,605098499.0,15.986,0.148,8
travel_new_regions,107523651,16.645,4,105,604207451.0,15.986,0.148,7
travel_new_regions,107540344,16.693,4,105,604363287.0,15.986,0.148,7
travel_new_regions,107557025,16.681,3,105,605202011.0,15.986,0.148,8
travel_new_regions,107573661,16.636,3,105,604669551.0,15.986,0.148,81
travel_new_regions,107590332,16.671,3,106,604788539.0,15.986,0.148,8
travel_new_regions,107607002,16.67,3,106,604911831.0,15.986,0.148,8
travel_new_regions,107623661,16.659,3,106,605173975.0,15.986,0.148,8
travel_new_regions,107640337,16.676,0,106,605643643.0,15.986,0.148,9
travel_new_regions,107657017,16.68,0,106,605705627.0,15.986,0.148,10
travel_new_regions,107673669,16.652,4,106,604272091.0,15.986,0.148,8
travel_new_regions,107690326,16.657,4,106,603975251.0,15.986,0.148,8
travel_new_regions,107706994,16.668,0,106,603575627.0,15.986,0.148,9
travel_new_regions,107723651,16.657,0,106,603434711.0,15.986,0.148,66
travel_new_regions,107740322,16.671,0,106,603671635.0,15.986,0.148,18
travel_new_regions,107756982,16.66,0,106,603749611.0,15.986,0.148,8
travel_new_regions,107773645,16.663,0,106,603856931.0,15.986,0.148,8
travel_new_regions,107790319,16.674,0,106,604079575.0,15.986,0.148,7
travel_new_regions,107807001,16.682,0,106,604471911.0,15.986,0.148,8
travel_new_regions,107823670,16.669,0,106,604632551.0,15.986,0.148,8
travel_new_regions,107840316,16.646,4,106,603781415.0,15.986,0.148,7
travel_new_regions,107856990,16.674,3,106,603825835.0,15.986,0.148,8
travel_new_regions,107873656,16.666,2,106,604220759.0,15.986,0.148,7
travel_new_regions,107890314,16.658,2,106,604125435.0,15.986,0.148,80
travel_new_regions,107906994,16.68,2,107,604245163.0,15.986,0.148,8
travel_new_regions,107923647,16.653,2,107,604445887.0,15.986,0.148,9
travel_new_regions,107940317,16.67,2,107,604553171.0,15.986,0.148,8
travel_new_regions,107956974,16.657,2,107,604710423.0,15.986,0.148,8
travel_new_regions,107973651,16.677,0,107,605091327.0,15.986,0.148,8
travel_new_regions,107990322,16.671,0,107,605157911.0,15.986,0.148,9
travel_new_regions,108006979,16.657,4,107,604221355.0,15.986,0.148,7
travel_new_regions,108023641,16.662,4,107,604527543.0,16.219,0.127,12
travel_new_regions,108040315,16.674,0,107,605056715.0,16.219,0.127,7
travel_new_regions,108056985,16.67,0,107,604956203.0,16.219,0.127,64
travel_new_regions,108073651,16.666,0,107,605075191.0,16.219,0.127,8
travel_new_regions,108090302,16.651,0,107,605275915.0,16.219,0.127,8
travel_new_regions,108106966,16.664,0,107,605385923.0,16.219,0.127,8
travel_new_regions,108123635,16.669,0,107,605594651.0,16.219,0.127,8
travel_new_regions,108140316,16.681,0,107,605908459.0,16.219,0.127,7
travel_new_regions,108156978,16.662,0,107,606079147.0,16.219,0.127,9
travel_new_regions,108173628,16.65,4,107,605317483.0,16.219,0.127,7
travel_new_regions,108190336,16.708,4,107,605356443.0,16.219,0.127,8
travel_new_regions,108206974,16.638,3,107,605912115.0,16.219,0.127,8
travel_new_regions,108223641,16.667,3,107,605880243.0,16.219,0.127,5377
travel_new_regions,108240304,16.663,3,109,606115055.0,16.219,0.127,144
travel_new_regions,108256970,16.666,2,109,606687899.0,16.219,0.127,150
travel_new_regions,108273637,16.667,0,109,606870475.0,16.219,0.127,147
travel_new_regions,108290302,16.665,3,109,603073915.0,16.219,0.127,144
travel_new_regions,108306970,16.668,3,109,601338690.0,16.219,0.127,147
travel_new_regions,108323643,16.673,0,109,600158767.0,16.219,0.127,153
travel_new_regions,108340292,16.649,0,109,599344447.0,16.219,0.127,1591
travel_new_regions,108356962,16.67,0,109,598968043.0,16.219,0.127,156
travel_new_regions,108373624,16.662,0,109,597923579.0,16.219,0.127,157
travel_new_regions,108390287,16.663,0,109,597446903.0,16.219,0.127,163
travel_new_regions,108406965,16.678,0,109,596518347.0,16.219,0.127,156
travel_new_regions,108423627,16.662,4,109,595820323.0,16.219,0.127,158
travel_new_regions,108440294,16.667,2,109,595287091.0,16.219,0.127,163
travel_new_regions,108456981,16.687,0,109,595089923.0,16.219,0.127,162
travel_new_regions,108473625,16.644,0,109,595226843.0,16.219,0.127,1616
travel_new_regions,108490295,16.67,0,110,595446795.0,16.219,0.127,161
travel_new_regions,108506967,16.672,0,110,595850111.0,16.219,0.127,2414
travel_new_regions,108523632,16.665,0,110,595937447.0,16.219,0.127,52
travel_new_regions,108540298,16.666,3,110,595033767.0,16.219,0.127,51
travel_new_regions,108556966,16.668,2,110,594980903.0,16.219,0.127,52
travel_new_regions,108573665,16.699,0,110,595144507.0,16.219,0.127,51
travel_new_regions,108590282,16.617,0,110,595202511.0,16.219,0.127,1895
travel_new_regions,108606954,16.672,0,110,595449615.0,16.219,0.127,70
travel_new_regions,108623622,16.668,0,110,595907391.0,16.219,0.127,404
travel_new_regions,108640293,16.671,0,110,596097515.0,16.219,0.127,52
travel_new_regions,108656946,16.653,2,110,595636195.0,16.219,0.127,54
travel_new_regions,108673621,16.675,0,110,596018123.0,16.219,0.127,52
travel_new_regions,108690286,16.665,0,110,596464079.0,16.219,0.127,3205
travel_new_regions,108706949,16.663,0,110,596604895.0,16.219,0.127,1976
travel_new_regions,108723622,16.673,0,111,596789495.0,16.219,0.127,175
travel_new_regions,108740281,16.659,0,111,597186343.0,16.219,0.127,182
travel_new_regions,108756956,16.675,0,111,597514195.0,16.219,0.127,493
travel_new_regions,108773619,16.663,0,111,597679035.0,16.219,0.127,164
travel_new_regions,108790279,16.66,2,111,596689143.0,16.219,0.127,273
travel_new_regions,108806962,16.683,2,111,596943543.0,16.219,0.127,165
travel_new_regions,108823615,16.653,0,111,597268927.0,16.219,0.127,161
travel_new_regions,108840282,16.667,0,111,597568619.0,16.219,0.127,2063
travel_new_regions,108856953,16.671,0,111,597884659.0,16.219,0.127,174
travel_new_regions,108873614,16.661,0,111,598241895.0,16.219,0.127,565
travel_new_regions,108890283,16.669,0,111,598637471.0,16.219,0.127,153
travel_new_regions,108906957,16.674,0,111,598808275.0,16.219,0.127,180
travel_new_regions,108923617,16.66,2,111,597861507.0,16.219,0.127,163
travel_new_regions,108940290,16.673,0,111,598312535.0,16.219,0.127,154
travel_new_regions,108956959,16.669,0,111,598643415.0,16.219,0.127,3284
travel_new_regions,108973613,16.654,0,111,598776975.0,16.219,0.127,4409
travel_new_regions,108990274,16.661,0,112,599023331.0,16.219,0.127,608
travel_new_regions,109006951,16.677,0,112,599370771.0,16.219,0.127,114
travel_new_regions,109023633,16.682,3,112,598822679.0,14.689,0.127,110
travel_new_regions,109040280,16.647,3,112,599298547.0,14.689,0.127,111
travel_new_regions,109056949,16.669,0,112,599605339.0,14.689,0.127,110
travel_new_regions,109073599,16.65,0,112,599753995.0,14.689,0.127,2106
travel_new_regions,109090288,16.689,0,112,600014391.0,14.689,0.127,133
travel_new_regions,109106934,16.646,0,112,600464563.0,14.689,0.127,179
travel_new_regions,109123655,16.721,0,112,600657567.0,14.689,0.127,486
travel_new_regions,109140270,16.615,2,112,600199459.0,14.689,0.127,109
travel_new_regions,109156936,16.666,0,112,600576991.0,14.689,0.127,113
travel_new_regions,109173775,16.839,0,112,600738887.0,14.689,0.127,2973
travel_new_regions,109190267,16.492,0,112,600897471.0,14.689,0.127,2318
travel_new_regions,109206935,16.668,0,113,601316315.0,14.689,0.127,134
travel_new_regions,109223620,16.685,0,113,601754303.0,14.689,0.127,130
travel_new_regions,109240281,16.661,0,113,602047003.0,14.689,0.127,1579
travel_new_regions,109256927,16.646,3,113,600725311.0,14.689,0.127,582
travel_new_regions,109273607,16.68,2,113,600844943.0,14.689,0.127,59
travel_new_regions,109290281,16.674,0,113,601003351.0,14.689,0.127,52
travel_new_regions,109306925,16.644,0,113,601301939.0,14.689,0.127,2396
travel_new_regions,109323593,16.668,0,113,601649715.0,14.689,0.127,68
travel_new_regions,109340254,16.661,0,113,602016411.0,14.689,0.127,78
travel_new_regions,109356921,16.667,0,113,602202991.0,14.689,0.127,427
travel_new_regions,109373603,16.682,0,113,602457783.0,14.689,0.127,52
travel_new_regions,109390266,16.663,0,113,602622967.0,14.689,0.127,52
travel_new_regions,109406942,16.676,3,113,601684467.0,14.689,0.127,53
travel_new_regions,109423607,16.665,3,113,602152635.0,14.689,0.127,54
travel_new_regions,109440274,16.667,0,113,602586315.0,14.689,0.127,50
travel_new_regions,109456923,16.649,0,113,602746999.0,14.689,0.127,2008
travel_new_regions,109473587,16.664,0,114,603063387.0,14.689,0.127,487
travel_new_regions,109490267,16.68,0,114,603467535.0,14.689,0.127,51
travel_new_regions,109506926,16.659,0,114,603632591.0,14.689,0.127,48
travel_new_regions,109523595,16.669,2,114,602788195.0,14.689,0.127,53
travel_new_regions,109540265,16.67,0,114,603102811.0,14.689,0.127,52
travel_new_regions,109556928,16.663,0,114,603357423.0,14.689,0.127,50
travel_new_regions,109573590,16.662,0,114,603523795.0,14.689,0.127,2194
travel_new_regions,109590281,16.691,0,114,603783607.0,14.689,0.127,426
travel_new_regions,109606910,16.629,0,114,604264263.0,14.689,0.127,57
travel_new_regions,109623588,16.678,0,114,604460483.0,14.689,0.127,56
travel_new_regions,109640272,16.684,3,114,604074275.0,14.689,0.127,57
travel_new_regions,109656933,16.661,0,114,604314887.0,14.689,0.127,57
travel_new_regions,109673598,16.665,0,114,604486331.0,14.689,0.127,1479
travel_new_regions,109690243,16.645,0,114,604646955.0,14.689,0.127,2214
travel_new_regions,109706914,16.671,0,115,604847167.0,14.689,0.127,96
travel_new_regions,109723567,16.653,0,115,605262699.0,14.689,0.127,104
travel_new_regions,109740251,16.684,0,115,605600159.0,14.689,0.127,471
travel_new_regions,109756920,16.669,0,115,605763943.0,14.689,0.127,77
travel_new_regions,109773578,16.658,4,115,604525339.0,14.689,0.127,75
travel_new_regions,109790248,16.67,2,115,604229115.0,14.689,0.127,86
travel_new_regions,109806945,16.697,0,115,604518415.0,14.689,0.127,82
travel_new_regions,109823586,16.641,0,115,604767835.0,14.689,0.127,2294
travel_new_regions,109840243,16.657,0,115,605180587.0,14.689,0.127,103
travel_new_regions,109856905,16.662,0,115,605543259.0,14.689,0.127,594
travel_new_regions,109873577,16.672,0,115,605861823.0,14.689,0.127,78
travel_new_regions,109890246,16.669,0,115,606025871.0,14.689,0.127,80
travel_new_regions,109906907,16.661,2,115,605144231.0,14.689,0.127,83
travel_new_regions,109923585,16.678,0,115,605476279.0,14.689,0.127,83
travel_new_regions,109940250,16.665,0,115,605652687.0,14.689,0.127,2877
travel_new_regions,109956901,16.651,0,115,605814087.0,14.689,0.127,2603
travel_new_regions,109973572,16.671,0,116,606091931.0,14.689,0.127,753
travel_new_regions,109990238,16.666,0,116,606373407.0,14.689,0.127,118
travel_new_regions,110006912,16.674,0,116,606708099.0,14.689,0.127,111
travel_new_regions,110023567,16.655,2,116,605844047.0,10.945,0.282,115
travel_new_regions,110040237,16.67,0,116,606408675.0,10.945,0.282,111
travel_new_regions,110056910,16.673,0,116,606769743.0,10.945,0.282,3187
travel_new_regions,110073559,16.649,0,116,606931943.0,10.945,0.282,2645
travel_new_regions,110090231,16.672,0,116,607214119.0,10.945,0.282,148
travel_new_regions,110106895,16.664,0,116,607668171.0,10.945,0.282,642
travel_new_regions,110123560,16.665,0,116,607860927.0,10.945,0.282,118
travel_new_regions,110140232,16.672,3,116,607276487.0,10.945,0.282,120
travel_new_regions,110156899,16.667,3,116,607714371.0,10.945,0.282,118
travel_new_regions,110173565,16.666,0,116,608057107.0,10.945,0.282,128
travel_new_regions,110190224,16.659,0,116,608222107.0,10.945,0.282,2947
travel_new_regions,110206893,16.669,0,117,608658207.0,10.945,0.282,147
travel_new_regions,110223559,16.666,0,117,609100955.0,10.945,0.282,1087
travel_new_regions,110240240,16.681,0,117,609387275.0,10.945,0.282,470
travel_new_regions,110256891,16.651,2,117,607868899.0,10.945,0.282,86
travel_new_regions,110273584,16.693,0,117,607537759.0,10.945,0.282,85
travel_new_regions,110290231,16.647,0,117,607291199.0,10.945,0.282,91
travel_new_regions,110306884,16.653,0,117,607534103.0,10.945,0.282,2947
travel_new_regions,110323559,16.675,0,117,607937523.0,10.945,0.282,119
travel_new_regions,110340219,16.66,0,117,608298591.0,10.945,0.282,120
travel_new_regions,110356881,16.662,0,117,608471575.0,10.945,0.282,694
travel_new_regions,110373564,16.683,0,117,608717655.0,10.945,0.282,82
travel_new_regions,110390238,16.674,0,117,608885247.0,10.945,0.282,86
travel_new_regions,110406884,16.646,2,117,607918563.0,10.945,0.282,81
travel_new_regions,110423549,16.665,0,117,607951875.0,10.945,0.282,86
travel_new_regions,110440238,16.689,0,117,608141397.0,10.945,0.282,2013
travel_new_regions,110456878,16.64,0,117,608299689.0,10.945,0.282,2628
travel_new_regions,110473555,16.677,0,118,608628537.0,10.945,0.282,648
travel_new_regions,110490212,16.657,0,118,609029797.0,10.945,0.282,122
travel_new_regions,110506896,16.684,0,118,609197085.0,10.945,0.282,121
travel_new_regions,110523547,16.651,2,118,608366985.0,10.945,0.282,124
travel_new_regions,110540225,16.678,2,118,608655809.0,10.945,0.282,121
travel_new_regions,110556901,16.676,0,118,608803877.0,10.945,0.282,118
travel_new_regions,110573542,16.641,0,118,608956441.0,10.945,0.282,2729
travel_new_regions,110590211,16.669,0,118,609278693.0,10.945,0.282,743
travel_new_regions,110606912,16.701,0,118,609491145.0,10.945,0.282,114
travel_new_regions,110623546,16.634,4,118,608972769.0,10.945,0.282,119
travel_new_regions,110640215,16.669,3,118,609011673.0,10.945,0.282,115
travel_new_regions,110656909,16.694,0,118,609461185.0,10.945,0.282,114
travel_new_regions,110673538,16.629,0,118,609709745.0,10.945,0.282,3191
travel_new_regions,110690286,16.748,0,119,609877609.0,10.945,0.282,151
travel_new_regions,110706880,16.594,0,119,610153649.0,10.945,0.282,156
travel_new_regions,110723548,16.668,4,119,609112781.0,10.945,0.282,578
travel_new_regions,110740202,16.654,3,119,609047909.0,10.945,0.282,775
travel_new_regions,110756881,16.679,0,119,608742725.0,10.945,0.282,86
travel_new_regions,110773528,16.647,0,119,608891713.0,10.945,0.282,3022
travel_new_regions,110790209,16.681,0,119,609164777.0,10.945,0.282,142
travel_new_regions,110806881,16.672,0,119,609462593.0,10.945,0.282,137
travel_new_regions,110823545,16.664,0,119,609619437.0,10.945,0.282,141
travel_new_regions,110840192,16.647,0,119,609760645.0,10.945,0.282,140
travel_new_regions,110856861,16.669,4,119,609264129.0,10.945,0.282,598
travel_new_regions,110873546,16.685,4,119,609220741.0,10.945,0.282,114
travel_new_regions,110890200,16.654,2,119,609617713.0,10.945,0.282,122
travel_new_regions,110906864,16.664,2,119,609791313.0,10.945,0.282,2746
travel_new_regions,110923532,16.668,2,120,610042105.0,10.945,0.282,145
travel_new_regions,110940197,16.665,2,120,610327585.0,10.945,0.282,143
travel_new_regions,110956871,16.674,2,120,610741177.0,10.945,0.282,792
travel_new_regions,110973521,16.65,2,120,610929289.0,10.945,0.282,116
travel_new_regions,110990197,16.676,0,120,610926721.0,10.945,0.282,110
travel_new_regions,111006862,16.665,4,120,610400201.0,10.945,0.282,102
travel_new_regions,111023527,16.665,2,120,610288853.0,12.616,0.138,108
travel_new_regions,111040203,16.676,0,120,610570789.0,12.616,0.138,108
travel_new_regions,111056856,16.653,0,120,610729705.0,12.616,0.138,3452
travel_new_regions,111073543,16.687,0,120,610990549.0,12.616,0.138,91
travel_new_regions,111090193,16.65,0,120,611311449.0,12.616,0.138,95
travel_new_regions,111106850,16.657,0,120,611432369.0,12.616,0.138,96
travel_new_regions,111123513,16.663,0,120,611642045.0,12.616,0.138,92
travel_new_regions,111140208,16.695,0,120,611896113.0,12.616,0.138,100
travel_new_regions,111156871,16.663,4,120,610918065.0,12.616,0.138,94
travel_new_regions,111173522,16.651,4,120,611079481.0,12.616,0.138,91
travel_new_regions,111190194,16.672,2,120,611710513.0,12.616,0.138,657
travel_new_regions,111206848,16.654,2,120,611518073.0,12.616,0.138,2363
travel_new_regions,111223527,16.679,2,121,611787245.0,12.616,0.138,91
travel_new_regions,111241049,17.522,2,121,611917597.0,12.616,0.138,94
travel_new_regions,111256843,15.794,2,121,612148177.0,12.616,0.138,97
travel_new_regions,111273534,16.691,0,121,612477241.0,12.616,0.138,94
travel_new_regions,111290194,16.66,0,121,612638653.0,12.616,0.138,91
travel_new_regions,111306890,16.696,4,121,611009189.0,12.616,0.138,94
travel_new_regions,111323534,16.644,4,121,610771081.0,12.616,0.138,90
travel_new_regions,111340186,16.652,2,121,610972845.0,12.616,0.138,929
travel_new_regions,111356844,16.658,2,121,610883621.0,12.616,0.138,2810
travel_new_regions,111373520,16.676,2,121,611029353.0,12.616,0.138,91
travel_new_regions,111390217,16.697,2,121,611158365.0,12.616,0.138,94
travel_new_regions,111406856,16.639,2,121,611287617.0,12.616,0.138,87
travel_new_regions,111423508,16.652,2,121,611423809.0,12.616,0.138,89
travel_new_regions,111440175,16.667,2,121,611662209.0,12.616,0.138,85
travel_new_regions,111456839,16.664,2,121,612032497.0,12.616,0.138,86
travel_new_regions,111473514,16.675,0,121,612304821.0,12.616,0.138,90
travel_new_regions,111490180,16.666,4,121,610724633.0,12.616,0.138,646
travel_new_regions,111506841,16.661,4,121,609085465.0,12.616,0.138,49
travel_new_regions,111523510,16.669,2,121,609163409.0,12.616,0.138,52
travel_new_regions,111540169,16.659,2,121,609330949.0,12.616,0.138,2328
travel_new_regions,111556845,16.676,2,122,609471013.0,12.616,0.138,95
travel_new_regions,111573504,16.659,2,122,609601125.0,12.616,0.138,105
travel_new_regions,111590168,16.664,2,122,609732641.0,12.616,0.138,95
travel_new_regions,111606825,16.657,2,122,609885017.0,12.616,0.138,96
travel_new_regions,111623538,16.713,2,122,610107841.0,12.616,0.138,92
travel_new_regions,111640163,16.625,0,122,610600177.0,12.616,0.138,680
travel_new_regions,111656844,16.681,0,122,610772485.0,12.616,0.138,59
travel_new_regions,111673515,16.671,4,122,609613273.0,12.616,0.138,58
travel_new_regions,111690174,16.659,4,122,609412605.0,12.616,0.138,59
travel_new_regions,111706834,16.66,2,122,609767349.0,12.616,0.138,59
travel_new_regions,111723505,16.671,0,122,609855685.0,12.616,0.138,2743
travel_new_regions,111740179,16.674,0,122,609991589.0,12.616,0.138,110
travel_new_regions,111756835,16.656,0,122,610124905.0,12.616,0.138,113
travel_new_regions,111773494,16.659,0,122,610256421.0,12.616,0.138,105
travel_new_regions,111790156,16.662,0,122,610409065.0,12.616,0.138,104
travel_new_regions,111806845,16.689,0,122,610648397.0,12.616,0.138,103
travel_new_regions,111823503,16.658,0,122,610967885.0,12.616,0.138,869
travel_new_regions,111840176,16.673,0,122,611207221.0,12.616,0.138,61
travel_new_regions,111856848,16.672,4,122,610068729.0,12.616,0.138,58
travel_new_regions,111873502,16.654,4,122,610266621.0,12.616,0.138,59
travel_new_regions,111890162,16.66,2,122,610488585.0,12.616,0.138,58
travel_new_regions,111906826,16.664,2,122,610400241.0,12.616,0.138,2512
travel_new_regions,111923489,16.663,2,123,610541325.0,12.616,0.138,112
travel_new_regions,111940151,16.662,2,123,610689225.0,12.616,0.138,98
travel_new_regions,111956821,16.67,2,123,610811429.0,12.616,0.138,98
travel_new_regions,111973497,16.676,2,123,610896397.0,12.616,0.138,101
travel_new_regions,111990150,16.653,2,123,611122041.0,12.616,0.138,104
travel_new_regions,112006817,16.667,0,123,611534817.0,12.616,0.138,848
travel_new_regions,112023494,16.677,0,123,611686481.0,12.785,0.147,52
travel_new_regions,112040160,16.666,0,123,611857541.0,12.785,0.147,62
travel_new_regions,112056830,16.67,4,123,609949145.0,12.785,0.147,52
travel_new_regions,112073498,16.668,4,123,609445737.0,12.785,0.147,55
travel_new_regions,112090153,16.655,2,123,609498925.0,12.785,0.147,53
travel_new_regions,112106812,16.659,2,123,609333885.0,12.785,0.147,2184
travel_new_regions,112123478,16.666,2,124,609480073.0,12.785,0.147,89
travel_new_regions,112140138,16.66,2,124,609599641.0,12.785,0.147,90
travel_new_regions,112156815,16.677,2,124,609740429.0,12.785,0.147,89
travel_new_regions,112173577,16.762,2,124,609874449.0,12.785,0.147,91
travel_new_regions,112190163,16.586,2,124,610002973.0,12.785,0.147,793
travel_new_regions,112206814,16.651,2,124,610168057.0,12.785,0.147,53
travel_new_regions,112223474,16.66,2,124,610316393.0,12.785,0.147,56
travel_new_regions,112240145,16.671,2,124,610640017.0,12.785,0.147,51
travel_new_regions,112256836,16.691,0,124,610838989.0,12.785,0.147,54
travel_new_regions,112273486,16.65,0,124,610954313.0,12.785,0.147,52
travel_new_regions,112290155,16.669,0,124,611217729.0,12.785,0.147,53
travel_new_regions,112306823,16.668,4,124,610300873.0,12.785,0.147,70
travel_new_regions,112323474,16.651,2,124,610236789.0,12.785,0.147,50
travel_new_regions,112340144,16.67,0,124,609975573.0,12.785,0.147,50
travel_new_regions,112356800,16.656,0,124,610126209.0,12.785,0.147,1954
travel_new_regions,112373478,16.678,0,126,610276129.0,12.785,0.147,69
travel_new_regions,112390128,16.65,0,126,610387421.0,12.785,0.147,647
travel_new_regions,112406799,16.671,0,126,610528793.0,12.785,0.147,35
travel_new_regions,112423483,16.684,0,126,610665693.0,12.785,0.147,36
travel_new_regions,112440132,16.649,0,126,610797697.0,12.785,0.147,40
travel_new_regions,112456797,16.665,0,126,610959297.0,12.785,0.147,36
travel_new_regions,112473469,16.672,0,126,611115597.0,12.785,0.147,38
travel_new_regions,112490125,16.656,0,126,611398953.0,12.785,0.147,36
travel_new_regions,112506819,16.694,0,126,611654141.0,12.785,0.147,35
travel_new_regions,112523478,16.659,0,126,611810769.0,12.785,0.147,37
travel_new_regions,112540148,16.67,0,126,612048721.0,12.785,0.147,38
travel_new_regions,112556810,16.662,4,126,610335057.0,12.785,0.147,36
travel_new_regions,112573460,16.65,3,126,610632761.0,12.785,0.147,35
travel_new_regions,112590149,16.689,2,126,611221545.0,12.785,0.147,36
travel_new_regions,112606795,16.646,2,126,611308717.0,12.785,0.147,1770
travel_new_regions,112623467,16.672,2,126,611456905.0,12.785,0.147,62
travel_new_regions,112640146,16.679,2,126,611577469.0,12.785,0.147,448
travel_new_regions,112656801,16.655,2,126,611716437.0,12.785,0.147,44
travel_new_regions,112673464,16.663,2,126,611848569.0,12.785,0.147,45
travel_new_regions,112690121,16.657,2,126,611979217.0,12.785,0.147,42
travel_new_regions,112706795,16.674,2,126,612064257.0,12.785,0.147,42
travel_new_regions,112723450,16.655,2,126,612239853.0,12.785,0.147,43
travel_new_regions,112740126,16.676,2,126,612504965.0,12.785,0.147,41
travel_new_regions,112756791,16.665,0,126,612828521.0,12.785,0.147,42
travel_new_regions,112773479,16.688,0,126,612995297.0,12.785,0.147,40
travel_new_regions,112790150,16.671,0,126,613214381.0,12.785,0.147,43
travel_new_regions,112806802,16.652,4,126,611673773.0,12.785,0.147,42
travel_new_regions,112823467,16.665,4,126,611711377.0,12.785,0.147,43
travel_new_regions,112840123,16.656,2,126,611532993.0,12.785,0.147,43
travel_new_regions,112856795,16.672,2,126,611270901.0,12.785,0.147,1861
travel_new_regions,112873447,16.652,2,127,611404229.0,12.785,0.147,68
travel_new_regions,112890110,16.663,2,127,611536801.0,12.785,0.147,561
travel_new_regions,112906783,16.673,2,127,611669713.0,12.785,0.147,39
travel_new_regions,112923452,16.669,2,127,611752837.0,12.785,0.147,38
travel_new_regions,112940117,16.665,2,127,611992721.0,12.785,0.147,40
travel_new_regions,112956778,16.661,2,127,612329905.0,12.785,0.147,38
travel_new_regions,112973448,16.67,0,127,612537721.0,12.785,0.147,37
travel_new_regions,112990124,16.676,0,127,612688665.0,12.785,0.147,38
travel_new_regions,113006793,16.669,4,127,610903717.0,12.785,0.147,36
travel_new_regions,113023454,16.661,4,127,610592353.0,11.379,0.2,37
travel_new_regions,113040111,16.657,2,127,610016045.0,11.379,0.2,37
travel_new_regions,113056776,16.665,2,127,609538625.0,11.379,0.2,1638
travel_new_regions,113073438,16.662,2,127,609659097.0,11.379,0.2,61
travel_new_regions,113090105,16.667,2,127,609789677.0,11.379,0.2,62
travel_new_regions,113106780,16.675,2,127,609930025.0,11.379,0.2,63
travel_new_regions,113123438,16.658,2,127,610065277.0,11.379,0.2,64
travel_new_regions,113140110,16.672,2,127,610204017.0,11.379,0.2,492
travel_new_regions,113156835,16.725,2,127,610386513.0,11.379,0.2,40
travel_new_regions,113173436,16.601,2,127,610525725.0,11.379,0.2,42
travel_new_regions,113190102,16.666,2,127,610923645.0,11.379,0.2,38
travel_new_regions,113206774,16.672,0,127,611054093.0,11.379,0.2,40
travel_new_regions,113223450,16.676,0,127,611187273.0,11.379,0.2,38
travel_new_regions,113240113,16.663,0,127,611445613.0,11.379,0.2,39
travel_new_regions,113256773,16.66,4,127,610440961.0,11.379,0.2,41
travel_new_regions,113273437,16.664,2,127,609057205.0,11.379,0.2,39
travel_new_regions,113290113,16.676,0,127,609412865.0,11.379,0.2,44
travel_new_regions,113306767,16.654,0,127,609567113.0,11.379,0.2,1690
travel_new_regions,113323430,16.663,0,128,609680177.0,11.379,0.2,56
travel_new_regions,113340096,16.666,0,128,609806681.0,11.379,0.2,445
travel_new_regions,113356774,16.678,0,128,609945149.0,11.379,0.2,32
travel_new_regions,113373439,16.665,0,128,610115633.0,11.379,0.2,139
travel_new_regions,113390092,16.653,0,128,610300005.0,11.379,0.2,33
travel_new_regions,113406755,16.663,0,128,610404965.0,11.379,0.2,33
travel_new_regions,113423428,16.673,0,128,610628245.0,11.379,0.2,33
travel_new_regions,113440099,16.671,0,128,611050277.0,11.379,0.2,34
travel_new_regions,113456774,16.675,0,128,611211509.0,11.379,0.2,31
travel_new_regions,113473437,16.663,0,128,611375329.0,11.379,0.2,32
travel_new_regions,113490099,16.662,0,128,611477685.0,11.379,0.2,31
travel_new_regions,113506758,16.659,4,128,609822253.0,11.379,0.2,31
travel_new_regions,113523433,16.675,4,128,609697121.0,11.379,0.2,31
travel_new_regions,113540104,16.671,2,128,609670033.0,11.379,0.2,34
travel_new_regions,113556760,16.656,2,128,609482257.0,11.379,0.2,1416
travel_new_regions,113573427,16.667,2,128,609599353.0,11.379,0.2,51
travel_new_regions,113590113,16.686,2,128,609726401.0,11.379,0.2,413
travel_new_regions,113606778,16.665,2,128,609864869.0,11.379,0.2,31
travel_new_regions,113623416,16.638,2,128,610037753.0,11.379,0.2,29
travel_new_regions,113640076,16.66,2,128,610222117.0,11.379,0.2,30
travel_new_regions,113656840,16.764,2,128,610327077.0,11.379,0.2,29
travel_new_regions,113673431,16.591,2,128,610476545.0,11.379,0.2,32
travel_new_regions,113690084,16.653,0,128,610871849.0,11.379,0.2,31
travel_new_regions,113706759,16.675,0,128,610975757.0,11.379,0.2,29
travel_new_regions,113723424,16.665,0,128,611143149.0,11.379,0.2,29
travel_new_regions,113740091,16.667,0,128,611425073.0,11.379,0.2,31
travel_new_regions,113756752,16.661,4,128,610274569.0,11.379,0.2,30
travel_new_regions,113773419,16.667,4,128,610381301.0,11.379,0.2,29
travel_new_regions,113790090,16.671,3,128,610494949.0,11.379,0.2,28
travel_new_regions,113806749,16.659,3,128,610364733.0,11.379,0.2,1476
travel_new_regions,113823420,16.671,3,129,610485557.0,11.379,0.2,45
travel_new_regions,113840072,16.652,3,129,610658761.0,11.379,0.2,359
travel_new_regions,113856747,16.675,3,129,610763433.0,11.379,0.2,29
travel_new_regions,113873406,16.659,3,129,611019381.0,11.379,0.2,31
travel_new_regions,113890071,16.665,3,129,611291157.0,11.379,0.2,29
travel_new_regions,113906750,16.679,0,129,611633521.0,11.379,0.2,29
travel_new_regions,113923416,16.666,0,129,611768121.0,11.379,0.2,29
travel_new_regions,113940099,16.683,4,129,610126469.0,11.379,0.2,30
travel_new_regions,113956748,16.649,4,129,609979245.0,11.379,0.2,30
travel_new_regions,113973406,16.658,3,129,609567941.0,11.379,0.2,32
travel_new_regions,113990073,16.667,3,129,609082825.0,11.379,0.2,2059
travel_new_regions,114006734,16.661,3,130,609207225.0,11.379,0.2,42
travel_new_regions,114023405,16.671,3,130,609346465.0,11.262,0.181,43
travel_new_regions,114040072,16.667,3,130,609489337.0,11.262,0.181,44
travel_new_regions,114056739,16.667,3,130,609685509.0,11.262,0.181,44
travel_new_regions,114073397,16.658,3,130,610064809.0,11.262,0.181,42
travel_new_regions,114090070,16.673,3,130,610300761.0,11.262,0.181,373
travel_new_regions,114106742,16.672,3,130,610706953.0,11.262,0.181,26
travel_new_regions,114123399,16.657,2,130,611087997.0,11.262,0.181,26
travel_new_regions,114140065,16.666,3,130,609796333.0,11.262,0.181,24
travel_new_regions,114156741,16.676,3,130,609632593.0,11.262,0.181,26
travel_new_regions,114173405,16.664,2,130,610227909.0,11.262,0.181,26
travel_new_regions,114190059,16.654,2,130,610303677.0,11.262,0.181,868
travel_new_regions,114206729,16.67,2,132,610427917.0,11.262,0.181,35
travel_new_regions,114223393,16.664,2,132,610567165.0,11.262,0.181,36
travel_new_regions,114240065,16.672,2,132,610712117.0,11.262,0.181,35
travel_new_regions,114256736,16.671,2,132,610928973.0,11.262,0.181,36
travel_new_regions,114273386,16.65,2,132,611059433.0,11.262,0.181,331
travel_new_regions,114290067,16.681,2,132,611497141.0,11.262,0.181,21
travel_new_regions,114306731,16.664,2,132,611797337.0,11.262,0.181,20
travel_new_regions,114323403,16.672,2,132,612175957.0,11.262,0.181,22
travel_new_regions,114340065,16.662,0,132,612136837.0,11.262,0.181,21
travel_new_regions,114356724,16.659,4,132,610519141.0,11.262,0.181,20
travel_new_regions,114373406,16.682,4,132,610162841.0,11.262,0.181,21
travel_new_regions,114390068,16.662,3,132,610647249.0,11.262,0.181,22
travel_new_regions,114406728,16.66,3,132,610457565.0,11.262,0.181,768
travel_new_regions,114423386,16.658,3,132,610585873.0,11.262,0.181,33
travel_new_regions,114440053,16.667,3,132,610725121.0,11.262,0.181,30
travel_new_regions,114456726,16.673,3,132,610872577.0,11.262,0.181,30
travel_new_regions,114473398,16.672,3,132,610975653.0,11.262,0.181,290
travel_new_regions,114490053,16.655,3,132,611243989.0,11.262,0.181,22
travel_new_regions,114506721,16.668,3,132,611556353.0,11.262,0.181,20
travel_new_regions,114523391,16.67,3,132,611838925.0,11.262,0.181,20
travel_new_regions,114540046,16.655,2,132,612118161.0,11.262,0.181,23
travel_new_regions,114556721,16.675,0,132,612632225.0,11.262,0.181,21
travel_new_regions,114573385,16.664,4,132,611216545.0,11.262,0.181,20
travel_new_regions,114590061,16.676,4,132,611613669.0,11.262,0.181,21
travel_new_regions,114606723,16.662,3,132,611877713.0,11.262,0.181,21
travel_new_regions,114623377,16.654,3,132,611744257.0,11.262,0.181,709
travel_new_regions,114640044,16.667,3,133,611953185.0,11.262,0.181,25
travel_new_regions,114656716,16.672,3,133,612003453.0,11.262,0.181,23
travel_new_regions,114673672,16.956,3,133,612314069.0,11.262,0.181,24
travel_new_regions,114690054,16.382,3,133,612606225.0,11.262,0.181,208
travel_new_regions,114706707,16.653,3,133,612623413.0,11.262,0.181,15
travel_new_regions,114723372,16.665,2,133,612968717.0,11.262,0.181,14
travel_new_regions,114740048,16.676,0,133,613211377.0,11.262,0.181,14
travel_new_regions,114756719,16.671,0,133,613368149.0,11.262,0.181,15
travel_new_regions,114773376,16.657,4,133,611719605.0,11.262,0.181,14
travel_new_regions,114790046,16.67,4,133,611350821.0,11.262,0.181,15
travel_new_regions,114806712,16.666,2,133,610836121.0,11.262,0.181,15
travel_new_regions,114823379,16.667,2,133,610543441.0,11.262,0.181,563
travel_new_regions,114840034,16.655,2,133,610693621.0,11.262,0.181,14
travel_new_regions,114856709,16.675,2,133,610792929.0,11.262,0.181,15
travel_new_regions,114873373,16.664,2,133,610990745.0,11.262,0.181,13
travel_new_regions,114890036,16.663,2,133,611123509.0,11.262,0.181,15
travel_new_regions,114906721,16.685,2,133,611262977.0,11.262,0.181,146
travel_new_regions,114923365,16.644,2,133,611501285.0,11.262,0.181,8
travel_new_regions,114940035,16.67,2,133,611624953.0,11.262,0.181,9
travel_new_regions,114956701,16.666,2,133,611961125.0,11.262,0.181,8
travel_new_regions,114973377,16.676,0,133,612207349.0,11.262,0.181,8
travel_new_regions,114990041,16.664,0,133,612355341.0,11.262,0.181,9
travel_new_regions,115006703,16.662,4,133,610968709.0,11.262,0.181,7
travel_new_regions,115023374,16.671,3,133,610837701.0,12.188,0.121,8
travel_new_regions,115040044,16.67,0,133,610956425.0,12.188,0.121,7
travel_new_regions,115056701,16.657,0,133,611096301.0,12.188,0.121,632
travel_new_regions,115073364,16.663,0,134,611226745.0,12.188,0.121,20
travel_new_regions,115090028,16.664,0,134,611369389.0,12.188,0.121,21
travel_new_regions,115106705,16.677,0,134,611514465.0,12.188,0.121,21
travel_new_regions,115123362,16.657,0,134,611688397.0,12.188,0.121,20
travel_new_regions,115140027,16.665,0,134,611924045.0,12.188,0.121,19
travel_new_regions,115156698,16.671,0,134,612155573.0,12.188,0.121,21
travel_new_regions,115173355,16.657,0,134,612356949.0,12.188,0.121,22
travel_new_regions,115190019,16.664,0,134,612579117.0,12.188,0.121,20
travel_new_regions,115206700,16.681,0,134,612848653.0,12.188,0.121,20
travel_new_regions,115223373,16.673,0,134,613099521.0,12.188,0.121,20
travel_new_regions,115240033,16.66,4,134,611562081.0,12.188,0.121,20
travel_new_regions,115256702,16.669,4,134,611594045.0,12.188,0.121,20
travel_new_regions,115273357,16.655,2,134,612157397.0,12.188,0.121,19
travel_new_regions,115290021,16.664,2,134,611951677.0,12.188,0.121,451
travel_new_regions,115306688,16.667,2,134,612075701.0,12.188,0.121,21
travel_new_regions,115323347,16.659,2,134,612223053.0,12.188,0.121,22
travel_new_regions,115340017,16.67,2,134,612367261.0,12.188,0.121,261
travel_new_regions,115356681,16.664,2,134,612540465.0,12.188,0.121,8
travel_new_regions,115373345,16.664,2,134,612784249.0,12.188,0.121,8
travel_new_regions,115390016,16.671,2,134,613113285.0,12.188,0.121,8
travel_new_regions,115406688,16.672,2,134,613371173.0,12.188,0.121,7
travel_new_regions,115423345,16.657,2,134,613528205.0,12.188,0.121,8
travel_new_regions,115440025,16.68,0,134,613788185.0,12.188,0.121,8
travel_new_regions,115456692,16.667,0,134,613950461.0,12.188,0.121,9
travel_new_regions,115473360,16.668,4,134,612363721.0,12.188,0.121,7
travel_new_regions,115490028,16.668,4,134,612458013.0,12.188,0.121,9
travel_new_regions,115506687,16.659,3,134,612981005.0,12.188,0.121,7
travel_new_regions,115523345,16.658,3,134,612841641.0,12.188,0.121,549
travel_new_regions,115540007,16.662,3,135,612965729.0,12.188,0.121,12
travel_new_regions,115556675,16.668,3,135,613114233.0,12.188,0.121,13
travel_new_regions,115573352,16.677,3,135,613261261.0,12.188,0.121,13
travel_new_regions,115590006,16.654,3,135,613456797.0,12.188,0.121,13
travel_new_regions,115606673,16.667,3,135,613687785.0,12.188,0.121,12
travel_new_regions,115623339,16.666,0,135,614205957.0,12.188,0.121,12
travel_new_regions,115640014,16.675,0,135,614379289.0,12.188,0.121,13
travel_new_regions,115656678,16.664,4,135,612778641.0,12.188,0.121,11
travel_new_regions,115673341,16.663,4,135,612359357.0,12.188,0.121,12
travel_new_regions,115690033,16.692,3,135,611445529.0,12.188,0.121,12
travel_new_regions,115706665,16.632,3,135,611302025.0,12.188,0.121,447
travel_new_regions,115723334,16.669,3,136,611428989.0,12.188,0.121,12
travel_new_regions,115739999,16.665,3,136,611570377.0,12.188,0.121,12
travel_new_regions,115756683,16.684,3,136,611716669.0,12.188,0.121,12
travel_new_regions,115773338,16.655,3,136,611866593.0,12.188,0.121,13
travel_new_regions,115790011,16.673,3,136,612008813.0,12.188,0.121,13
travel_new_regions,115806666,16.655,3,136,612194289.0,12.188,0.121,96
travel_new_regions,115823327,16.661,3,136,612352213.0,12.188,0.121,8
travel_new_regions,115839990,16.663,3,136,612660157.0,12.188,0.121,8
travel_new_regions,115856662,16.672,0,136,612987073.0,12.188,0.121,8
travel_new_regions,115873340,16.678,0,136,613082465.0,12.188,0.121,8
travel_new_regions,115890010,16.67,0,136,613237365.0,12.188,0.121,8
travel_new_regions,115906696,16.686,4,136,611860917.0,12.188,0.121,7
travel_new_regions,115923342,16.646,4,136,612259265.0,12.188,0.121,8
travel_new_regions,115939996,16.654,2,136,612790029.0,12.188,0.121,7
travel_new_regions,115956859,16.863,2,136,612922321.0,12.188,0.121,467
travel_new_regions,115973324,16.465,2,138,613084733.0,12.188,0.121,9
travel_new_regions,115989988,16.664,2,138,613222021.0,12.188,0.121,8
travel_new_regions,116006655,16.667,2,138,613363649.0,12.188,0.121,9
travel_new_regions,116023321,16.666,2,138,613524245.0,12.303,0.126,9
travel_new_regions,116039982,16.661,2,138,613679157.0,12.303,0.126,9
travel_new_regions,116056663,16.681,2,138,613751613.0,12.303,0.126,8
travel_new_regions,116073320,16.657,2,138,613941181.0,12.303,0.126,9
travel_new_regions,116089992,16.672,2,138,614205549.0,12.303,0.126,8
travel_new_regions,116106666,16.674,0,138,614555557.0,12.303,0.126,8
travel_new_regions,116123332,16.666,0,138,614719053.0,12.303,0.126,9
travel_new_regions,116140002,16.67,0,138,614884597.0,12.303,0.126,14
travel_new_regions,116156668,16.666,4,138,613413745.0,12.303,0.126,8
travel_new_regions,116173322,16.654,4,138,613023201.0,12.303,0.126,8
travel_new_regions,116189989,16.667,3,138,613571125.0,12.303,0.126,7
travel_new_regions,116206646,16.657,3,138,613440973.0,12.303,0.126,387
travel_new_regions,116223321,16.675,3,138,613564997.0,12.303,0.126,8
travel_new_regions,116240010,16.689,3,138,613706381.0,12.303,0.126,8
travel_new_regions,116256653,16.643,3,138,613854929.0,12.303,0.126,8
travel_new_regions,116273315,16.662,3,138,614008369.0,12.303,0.126,18
travel_new_regions,116289980,16.665,3,138,614150589.0,12.303,0.126,8
travel_new_regions,116306659,16.679,3,138,614242093.0,12.303,0.126,8
travel_new_regions,116323311,16.652,3,138,614435753.0,12.303,0.126,9
travel_new_regions,116339978,16.667,3,138,614714305.0,12.303,0.126,9
travel_new_regions,116356645,16.667,2,138,615070617.0,12.303,0.126,8
travel_new_regions,116373312,16.667,0,138,615483705.0,12.303,0.126,9
travel_new_regions,116389988,16.676,0,138,615733325.0,12.303,0.126,9
travel_new_regions,116406662,16.674,4,138,614194389.0,12.303,0.126,8
travel_new_regions,116423317,16.655,4,138,614466093.0,12.303,0.126,8
travel_new_regions,116439987,16.67,2,138,614703537.0,12.303,0.126,7
travel_new_regions,116456644,16.657,2,138,614584845.0,12.303,0.126,362
travel_new_regions,116473309,16.665,2,139,614658925.0,12.303,0.126,829
travel_new_regions,116489973,16.664,2,139,614807157.0,12.303,0.126,11
travel_new_regions,116506630,16.657,2,139,614946597.0,12.303,0.126,8
travel_new_regions,116523310,16.68,2,139,615045893.0,12.303,0.126,8
travel_new_regions,116539969,16.659,2,139,615238221.0,12.303,0.126,8
travel_new_regions,116556638,16.669,2,139,615651661.0,12.303,0.126,8
travel_new_regions,116573314,16.676,0,139,615811481.0,12.303,0.126,9
travel_new_regions,116589982,16.668,0,139,615970061.0,12.303,0.126,8
travel_new_regions,116606655,16.673,0,139,616098593.0,12.303,0.126,11
travel_new_regions,116623321,16.666,0,139,616191161.0,12.303,0.126,8
travel_new_regions,116639983,16.662,4,139,614095185.0,12.303,0.126,8
travel_new_regions,116656641,16.658,4,139,614208301.0,12.303,0.126,8
travel_new_regions,116673310,16.669,2,139,613599205.0,12.303,0.126,8
travel_new_regions,116689964,16.654,2,139,613373197.0,12.303,0.126,263
travel_new_regions,116706656,16.692,2,139,613512985.0,12.303,0.126,8
travel_new_regions,116723292,16.636,2,139,613649181.0,12.303,0.126,8
travel_new_regions,116739964,16.672,2,139,613801553.0,12.303,0.126,8
travel_new_regions,116756618,16.654,2,139,613954457.0,12.303,0.126,8
travel_new_regions,116773512,16.894,2,139,614082737.0,12.303,0.126,8
travel_new_regions,116790188,16.676,2,139,614337981.0,12.303,0.126,11
travel_new_regions,116806636,16.448,2,139,614416985.0,12.303,0.126,8
travel_new_regions,116823671,17.035,2,139,614822333.0,12.303,0.126,8
travel_new_regions,116839970,16.299,0,139,614948029.0,12.303,0.126,8
travel_new_regions,116856645,16.675,0,139,615104977.0,12.303,0.126,8
travel_new_regions,116873305,16.66,0,139,615392533.0,12.303,0.126,8
travel_new_regions,116889970,16.665,4,139,613514281.0,12.303,0.126,8
travel_new_regions,116906628,16.658,3,139,611617673.0,12.303,0.126,8
travel_new_regions,116923306,16.678,0,139,611308277.0,12.303,0.126,7
travel_new_regions,116939954,16.648,0,139,611456313.0,12.303,0.126,209
travel_new_regions,116956622,16.668,0,140,611587261.0,12.303,0.126,8
travel_new_regions,116973294,16.672,0,140,611723457.0,12.303,0.126,9
travel_new_regions,116989955,16.661,0,140,611875829.0,12.303,0.126,8
travel_new_regions,117006624,16.669,0,140,612031293.0,12.303,0.126,9
travel_new_regions,117023293,16.669,0,140,612159573.0,10.826,0.125,9
travel_new_regions,117039946,16.653,0,140,612418909.0,10.826,0.125,9
travel_new_regions,117056626,16.68,0,140,612506525.0,10.826,0.125,8
travel_new_regions,117073428,16.802,0,140,612850841.0,10.826,0.125,7
travel_new_regions,117089963,16.535,0,140,613044601.0,10.826,0.125,8
travel_new_regions,117106631,16.668,0,140,613200697.0,10.826,0.125,8
travel_new_regions,117123294,16.663,0,140,613365785.0,10.826,0.125,9
travel_new_regions,117139967,16.673,4,140,611863117.0,10.826,0.125,7
travel_new_regions,117156634,16.667,4,140,611547549.0,10.826,0.125,8
travel_new_regions,117173287,16.653,2,140,612137793.0,10.826,0.125,7
travel_new_regions,117189945,16.658,2,140,611950849.0,10.826,0.125,281
travel_new_regions,117206686,16.741,2,140,612082413.0,10.826,0.125,8
travel_new_regions,117223294,16.608,2,140,612218609.0,10.826,0.125,8
travel_new_regions,117239946,16.652,2,140,612370981.0,10.826,0.125,9
travel_new_regions,117256612,16.666,2,140,612520113.0,10.826,0.125,8
travel_new_regions,117273280,16.668,2,140,612656325.0,10.826,0.125,8
travel_new_regions,117289941,16.661,2,140,612915661.0,10.826,0.125,9
travel_new_regions,117306613,16.672,2,140,613006505.0,10.826,0.125,9
travel_new_regions,117323282,16.669,2,140,613324313.0,10.826,0.125,9
travel_new_regions,117340022,16.74,0,140,613479745.0,10.826,0.125,10
travel_new_regions,117357449,17.427,0,140,613647717.0,10.826,0.125,12
travel_new_regions,117373293,15.844,0,140,613896957.0,10.826,0.125,10
travel_new_regions,117389955,16.662,4,140,612530221.0,10.826,0.125,7
travel_new_regions,117407195,17.24,4,140,612340441.0,10.826,0.125,8
travel_new_regions,117423283,16.088,3,140,612870225.0,10.826,0.125,9
travel_new_regions,117439948,16.665,3,140,612960377.0,10.826,0.125,191
travel_new_regions,117457048,17.1,3,143,612991673.0,10.826,0.125,8
travel_new_regions,117473281,16.233,3,143,613017605.0,10.826,0.125,9
travel_new_regions,117489948,16.667,3,143,613304601.0,10.826,0.125,9
travel_new_regions,117506910,16.962,3,143,613278801.0,10.826,0.125,9
travel_new_regions,117523262,16.352,3,143,613449321.0,10.826,0.125,9
travel_new_regions,117539944,16.682,3,143,613762345.0,10.826,0.125,9
travel_new_regions,117556800,16.856,0,143,614091589.0,10.826,0.125,8
travel_new_regions,117573282,16.482,0,143,614263245.0,10.826,0.125,10
travel_new_regions,117589950,16.668,0,143,614394537.0,10.826,0.125,10
travel_new_regions,117606652,16.702,0,143,614486949.0,10.826,0.125,9
travel_new_regions,117623592,16.94,4,143,612440205.0,10.826,0.125,10
travel_new_regions,117639941,16.349,4,143,612143281.0,10.826,0.125,7
travel_new_regions,117656602,16.661,2,143,611840937.0,10.826,0.125,8
travel_new_regions,117673258,16.656,2,143,611362969.0,10.826,0.125,1513
travel_new_regions,117689924,16.666,2,143,611599965.0,10.826,0.125,8
travel_new_regions,117706592,16.668,2,143,611668457.0,10.826,0.125,8
travel_new_regions,117723405,16.813,2,143,611783969.0,10.826,0.125,9
travel_new_regions,117739934,16.529,2,143,611891273.0,10.826,0.125,9
travel_new_regions,117756577,16.643,2,143,612138225.0,10.826,0.125,9
travel_new_regions,117773257,16.68,2,143,612461213.0,10.826,0.125,8
travel_new_regions,117789929,16.672,2,143,612625569.0,10.826,0.125,9
travel_new_regions,117806602,16.673,0,143,612977145.0,10.826,0.125,8
travel_new_regions,117823276,16.674,0,143,613131761.0,10.826,0.125,8
travel_new_regions,117839935,16.659,0,143,613157085.0,10.826,0.125,9
travel_new_regions,117860538,20.603,4,143,611970829.0,10.826,0.125,8
travel_new_regions,117873256,12.718,6,143,611676237.0,10.826,0.125,8
travel_new_regions,117889919,16.663,0,143,612017261.0,10.826,0.125,8
travel_new_regions,117906606,16.687,0,143,612331755.0,10.826,0.125,483
travel_new_regions,117923255,16.649,0,143,612479079.0,10.826,0.125,107
travel_new_regions,117939928,16.673,0,145,612720719.0,10.826,0.125,8
travel_new_regions,117956590,16.662,0,145,612789211.0,10.826,0.125,8
travel_new_regions,117973246,16.656,0,145,613047023.0,10.826,0.125,8
travel_new_regions,117989914,16.668,0,145,613014747.0,10.826,0.125,9
travel_new_regions,118006575,16.661,0,145,613179855.0,10.826,0.125,9
travel_new_regions,118023273,16.698,0,145,613506715.0,20.411,0.18,8
travel_new_regions,118039923,16.65,0,145,613630315.0,20.411,0.18,9
travel_new_regions,118056575,16.652,0,145,614068335.0,20.411,0.18,8
travel_new_regions,118073263,16.688,0,145,614271059.0,20.411,0.18,9
travel_new_regions,118089930,16.667,0,145,614302411.0,20.411,0.18,10
travel_new_regions,118111494,21.564,4,145,612308347.0,20.411,0.18,9
travel_new_regions,118123230,11.736,4,145,612266239.0,20.411,0.18,9
travel_new_regions,118139908,16.678,3,145,612455315.0,20.411,0.18,9
travel_new_regions,118156596,16.688,3,145,612318963.0,20.411,0.18,52
travel_new_regions,118173325,16.729,3,145,612582851.0,20.411,0.18,8
travel_new_regions,118189934,16.609,3,145,612591843.0,20.411,0.18,9
travel_new_regions,118206582,16.648,3,145,612622015.0,20.411,0.18,10
travel_new_regions,118223235,16.653,3,145,612864343.0,20.411,0.18,9
travel_new_regions,118239903,16.668,3,145,613017207.0,20.411,0.18,8
travel_new_regions,118256585,16.682,3,145,613246207.0,20.411,0.18,8
travel_new_regions,118273248,16.663,3,145,613522043.0,20.411,0.18,9
travel_new_regions,118289914,16.666,3,145,613828187.0,20.411,0.18,9
travel_new_regions,118306582,16.668,2,145,614018367.0,20.411,0.18,8
travel_new_regions,118323259,16.677,0,145,614391847.0,20.411,0.18,10
travel_new_regions,118339924,16.665,0,145,614476415.0,20.411,0.18,10
travel_new_regions,118359355,19.431,4,145,613250315.0,20.411,0.18,7
travel_new_regions,118373240,13.885,4,145,613249451.0,20.411,0.18,9
travel_new_regions,118389905,16.665,3,145,613572611.0,20.411,0.18,8
travel_new_regions,118406581,16.676,3,145,613345987.0,20.411,0.18,86
travel_new_regions,118423257,16.676,3,146,612939859.0,20.411,0.18,553
travel_new_regions,118439892,16.635,3,146,613158643.0,20.411,0.18,9
travel_new_regions,118458341,18.449,3,146,613410371.0,20.411,0.18,9
travel_new_regions,118473247,14.906,3,146,613679511.0,20.411,0.18,9
travel_new_regions,118489896,16.649,3,146,613806711.0,20.411,0.18,8
travel_new_regions,118506552,16.656,2,146,614037939.0,20.411,0.18,7
travel_new_regions,118523255,16.703,0,146,614278995.0,20.411,0.18,8
travel_new_regions,118539902,16.647,0,146,614407503.0,20.411,0.18,9
travel_new_regions,118561533,21.631,3,146,613063467.0,20.411,0.18,8
travel_new_regions,118573233,11.7,4,146,613161159.0,20.411,0.18,8
travel_new_regions,118589899,16.666,2,146,612694543.0,20.411,0.18,8
travel_new_regions,118606574,16.675,0,146,612346279.0,20.411,0.18,9
travel_new_regions,118623226,16.652,0,146,612030747.0,20.411,0.18,88
travel_new_regions,118639899,16.673,0,146,612176047.0,20.411,0.18,9
travel_new_regions,118656555,16.656,0,146,612268131.0,20.411,0.18,9
travel_new_regions,118673229,16.674,0,146,612459411.0,20.411,0.18,7
travel_new_regions,118689903,16.674,0,146,612576215.0,20.411,0.18,9
travel_new_regions,118706551,16.648,0,146,612811791.0,20.411,0.18,9
travel_new_regions,118723242,16.691,0,146,612890123.0,20.411,0.18,8
travel_new_regions,118739892,16.65,0,146,613067355.0,20.411,0.18,9
travel_new_regions,118756560,16.668,0,146,613373539.0,20.411,0.18,8
travel_new_regions,118773227,16.667,0,146,613561647.0,20.411,0.18,8
travel_new_regions,118789898,16.671,0,146,613671335.0,20.411,0.18,9
travel_new_regions,118811930,22.032,3,146,611994299.0,20.411,0.18,8
travel_new_regions,118823217,11.287,2,146,611787599.0,20.411,0.18,9
travel_new_regions,118839893,16.676,0,146,610956503.0,20.411,0.18,9
travel_new_regions,118856539,16.646,0,146,609936715.0,20.411,0.18,94
travel_new_regions,118873219,16.68,0,147,610043911.0,20.411,0.18,9
travel_new_regions,118889890,16.671,0,147,610174171.0,20.411,0.18,8
travel_new_regions,118906553,16.663,0,147,610357059.0,20.411,0.18,8
travel_new_regions,118923211,16.658,0,147,610493699.0,20.411,0.18,9
travel_new_regions,118939875,16.664,0,147,610753135.0,20.411,0.18,8
travel_new_regions,118956559,16.684,0,147,610846459.0,20.411,0.18,7
travel_new_regions,118973205,16.646,0,147,611062947.0,20.411,0.18,8
travel_new_regions,118989878,16.673,0,147,611265975.0,20.411,0.18,9
travel_new_regions,119007474,17.596,0,147,611507175.0,20.411,0.18,10
travel_new_regions,119023220,15.746,0,147,611659923.0,21.838,0.13,9
travel_new_regions,119043101,19.881,3,147,610450379.0,21.838,0.13,8
travel_new_regions,119056541,13.44,2,147,610369003.0,21.838,0.13,8
travel_new_regions,119073204,16.663,1,147,610744611.0,21.838,0.13,9
travel_new_regions,119089883,16.679,0,147,610550907.0,21.838,0.13,82
travel_new_regions,119106533,16.65,0,148,610616095.0,21.838,0.13,9
travel_new_regions,119123211,16.678,0,148,610751335.0,21.838,0.13,8
travel_new_regions,119139871,16.66,0,148,610863615.0,21.838,0.13,8
travel_new_regions,119156530,16.659,0,148,611052779.0,21.838,0.13,8
travel_new_regions,119173197,16.667,0,148,611265255.0,21.838,0.13,8
travel_new_regions,119189871,16.674,0,148,611530071.0,21.838,0.13,10
travel_new_regions,119206549,16.678,0,148,611795019.0,21.838,0.13,8
travel_new_regions,119223206,16.657,0,148,612003691.0,21.838,0.13,8
travel_new_regions,119239875,16.669,0,148,612153267.0,21.838,0.13,9
travel_new_regions,119256545,16.67,0,148,612294631.0,21.838,0.13,8
travel_new_regions,119273361,16.816,3,148,610999363.0,21.838,0.13,7
travel_new_regions,119290794,17.433,2,148,611099195.0,21.838,0.13,8
travel_new_regions,119306545,15.751,1,148,611263679.0,21.838,0.13,7
travel_new_regions,119323189,16.644,1,148,611184563.0,21.838,0.13,73
travel_new_regions,119339859,16.67,1,150,611301051.0,21.838,0.13,10
travel_new_regions,119357181,17.322,1,150,611434019.0,21.838,0.13,8
travel_new_regions,119373204,16.023,1,150,611547831.0,21.838,0.13,9
travel_new_regions,119389862,16.658,1,150,611699231.0,21.838,0.13,8
travel_new_regions,119406684,16.822,1,150,611997995.0,21.838,0.13,9
travel_new_regions,119423203,16.519,0,150,612296335.0,21.838,0.13,8
travel_new_regions,119439866,16.663,0,150,612535299.0,21.838,0.13,9
travel_new_regions,119456527,16.661,3,150,611124511.0,21.838,0.13,7
travel_new_regions,119473195,16.668,2,150,610895115.0,21.838,0.13,8
travel_new_regions,119489859,16.664,1,150,610043139.0,21.838,0.13,8
travel_new_regions,119506523,16.664,1,150,609624795.0,21.838,0.13,73
travel_new_regions,119523187,16.664,1,150,609735175.0,21.838,0.13,9
travel_new_regions,119539858,16.671,1,150,609811043.0,21.838,0.13,8
travel_new_regions,119556526,16.668,1,150,609945639.0,21.838,0.13,9
travel_new_regions,119573239,16.713,1,150,610135359.0,21.838,0.13,8
travel_new_regions,119589858,16.619,1,150,610286975.0,21.838,0.13,9
travel_new_regions,119606511,16.653,1,150,610391179.0,21.838,0.13,8
travel_new_regions,119623180,16.669,0,150,610774043.0,21.838,0.13,8
travel_new_regions,119639851,16.671,0,150,610922203.0,21.838,0.13,8
travel_new_regions,119656527,16.676,0,150,611067111.0,21.838,0.13,9
travel_new_regions,119673189,16.662,3,150,610120631.0,21.838,0.13,7
travel_new_regions,119689857,16.668,2,150,610402683.0,21.838,0.13,8
travel_new_regions,119706527,16.67,0,150,610831459.0,21.838,0.13,7
travel_new_regions,119723178,16.651,0,150,610948967.0,21.838,0.13,93
travel_new_regions,119739846,16.668,0,152,611064243.0,21.838,0.13,7
travel_new_regions,119756558,16.712,0,152,611140111.0,21.838,0.13,8
travel_new_regions,119773184,16.626,0,152,611274371.0,21.838,0.13,8
travel_new_regions,119789846,16.662,0,152,611468115.0,21.838,0.13,8
travel_new_regions,119806517,16.671,0,152,611542823.0,21.838,0.13,9
travel_new_regions,119823171,16.654,0,152,611733839.0,21.838,0.13,10
travel_new_regions,119840540,17.369,0,152,612184479.0,21.838,0.13,8
travel_new_regions,119856512,15.972,0,152,612229091.0,21.838,0.13,9
travel_new_regions,119873181,16.669,0,152,612328491.0,21.838,0.13,9
travel_new_regions,119889864,16.683,0,152,612488655.0,21.838,0.13,8
travel_new_regions,119906518,16.654,3,152,611366783.0,21.838,0.13,8
travel_new_regions,119923176,16.658,1,152,611200315.0,21.838,0.13,8
travel_new_regions,119939856,16.68,0,152,611622167.0,21.838,0.13,7
travel_new_regions,119956509,16.653,0,152,611783443.0,21.838,0.13,77
travel_new_regions,119973182,16.673,0,152,611893815.0,21.838,0.13,8
travel_new_regions,119989845,16.663,0,152,611969683.0,21.838,0.13,9
travel_new_regions,120006508,16.663,0,152,612103943.0,21.838,0.13,9
travel_new_regions,120023166,16.658,0,152,612300703.0,19.704,0.136,9
travel_new_regions,120039845,16.679,0,152,612375415.0,19.704,0.136,8
travel_new_regions,120056496,16.651,0,152,612571823.0,19.704,0.136,8
travel_new_regions,120073167,16.671,0,152,612932083.0,19.704,0.136,8
travel_new_regions,120089836,16.669,0,152,613032047.0,19.704,0.136,9
travel_new_regions,120106506,16.67,0,152,613223015.0,19.704,0.136,8
travel_new_regions,120123953,17.447,3,152,612259579.0,19.704,0.136,7
travel_new_regions,120139838,15.885,1,152,612356871.0,19.704,0.136,9
travel_new_regions,120156508,16.67,0,152,612655127.0,19.704,0.136,7
travel_new_regions,120173160,16.652,0,152,612822487.0,19.704,0.136,4433
travel_new_regions,120189887,16.727,0,153,612966563.0,19.704,0.136,143
travel_new_regions,120206503,16.616,0,153,613363171.0,19.704,0.136,143
travel_new_regions,120223164,16.661,0,153,613540031.0,19.704,0.136,148
travel_new_regions,120239833,16.669,4,153,609922043.0,19.704,0.136,144
travel_new_regions,120256543,16.71,3,153,608285767.0,19.704,0.136,145
travel_new_regions,120273174,16.631,0,153,606748227.0,19.704,0.136,151
travel_new_regions,120289823,16.649,0,153,606136671.0,19.704,0.136,1487
travel_new_regions,120306488,16.665,0,153,605356331.0,19.704,0.136,158
travel_new_regions,120323147,16.659,0,153,604429303.0,19.704,0.136,155
travel_new_regions,120339833,16.686,0,153,603873603.0,19.704,0.136,154
travel_new_regions,120356491,16.658,4,153,602763459.0,19.704,0.136,161
travel_new_regions,120373165,16.674,3,153,601996931.0,19.704,0.136,153
travel_new_regions,120389874,16.709,0,153,601776695.0,19.704,0.136,285
travel_new_regions,120406485,16.611,0,153,601193131.0,19.704,0.136,1628
travel_new_regions,120423162,16.677,0,153,601333615.0,19.704,0.136,162
travel_new_regions,120439810,16.648,0,153,601684691.0,19.704,0.136,157
travel_new_regions,120456490,16.68,0,153,601851943.0,19.704,0.136,2498
travel_new_regions,120473156,16.666,4,153,601617091.0,19.704,0.136,44
travel_new_regions,120489824,16.668,3,153,601094795.0,19.704,0.136,43
travel_new_regions,120506488,16.664,0,153,601651735.0,19.704,0.136,40
travel_new_regions,120523146,16.658,0,153,601743059.0,19.704,0.136,1949
travel_new_regions,120539825,16.679,0,153,601893763.0,19.704,0.136,68
travel_new_regions,120556487,16.662,0,153,602250527.0,19.704,0.136,71
travel_new_regions,120573154,16.667,0,153,602318947.0,19.704,0.136,398
travel_new_regions,120589833,16.679,4,153,601703271.0,19.704,0.136,160
travel_new_regions,120606488,16.655,4,153,602137547.0,19.704,0.136,61
travel_new_regions,120623151,16.663,2,153,602466107.0,19.704,0.136,51
travel_new_regions,120639810,16.659,2,153,602319271.0,19.704,0.136,1120
travel_new_regions,120656478,16.668,2,153,602530179.0,19.704,0.136,68
travel_new_regions,120673769,17.291,0,153,602912599.0,19.704,0.136,69
travel_new_regions,120689831,16.062,4,153,602266731.0,19.704,0.136,272
travel_new_regions,120706498,16.667,4,153,602508367.0,19.704,0.136,57
travel_new_regions,120723142,16.644,2,153,603000423.0,19.704,0.136,58
travel_new_regions,120739803,16.661,2,153,602844499.0,19.704,0.136,1685
travel_new_regions,120756467,16.664,2,153,603051239.0,19.704,0.136,82
travel_new_regions,120773170,16.703,0,153,603346659.0,19.704,0.136,81
travel_new_regions,120789804,16.634,4,153,603386887.0,19.704,0.136,79
travel_new_regions,120806477,16.673,3,153,603328499.0,19.704,0.136,598
travel_new_regions,120823146,16.669,2,153,603610687.0,19.704,0.136,60
travel_new_regions,120839801,16.655,1,153,603712831.0,19.704,0.136,1347
travel_new_regions,120856463,16.662,1,153,603925971.0,19.704,0.136,71
travel_new_regions,120873145,16.682,0,153,604303819.0,19.704,0.136,72
travel_new_regions,120889815,16.67,4,153,604155811.0,19.704,0.136,73
travel_new_regions,120906890,17.075,4,153,604270967.0,19.704,0.136,73
travel_new_regions,120923145,16.255,0,153,604685035.0,19.704,0.136,402
travel_new_regions,120939799,16.654,0,153,604781855.0,19.704,0.136,1347
travel_new_regions,120956748,16.949,0,153,604990723.0,19.704,0.136,68
travel_new_regions,120973145,16.397,0,153,605286391.0,19.704,0.136,70
travel_new_regions,120989808,16.663,4,153,604733227.0,19.704,0.136,74
travel_new_regions,121006626,16.818,4,153,605170079.0,19.704,0.136,72
travel_new_regions,121023130,16.504,2,153,605442967.0,15.146,0.164,532
travel_new_regions,121039823,16.693,2,153,605302715.0,15.146,0.164,3838
travel_new_regions,121056495,16.672,0,153,605643839.0,15.146,0.164,55
travel_new_regions,121073142,16.647,4,153,605074595.0,15.146,0.164,57
travel_new_regions,121089800,16.658,4,153,605193075.0,15.146,0.164,61
travel_new_regions,121106470,16.67,0,153,605211171.0,15.146,0.164,55
travel_new_regions,121123118,16.648,0,153,605116987.0,15.146,0.164,1583
travel_new_regions,121139805,16.687,0,153,605443283.0,15.146,0.164,58
travel_new_regions,121156450,16.645,4,153,605240391.0,15.146,0.164,60
travel_new_regions,121173134,16.684,3,153,605605843.0,15.146,0.164,81
travel_new_regions,121189799,16.665,0,153,605996199.0,15.146,0.164,58
travel_new_regions,121206450,16.651,0,153,606168499.0,15.146,0.164,1349
travel_new_regions,121223646,17.196,0,153,606514559.0,15.146,0.164,356
travel_new_regions,121239796,16.15,0,153,606503803.0,15.146,0.164,57
travel_new_regions,121256464,16.668,4,153,606190023.0,15.146,0.164,52
travel_new_regions,121273119,16.655,3,153,606668455.0,15.146,0.164,53
travel_new_regions,121289806,16.687,0,153,606493679.0,15.146,0.164,51
travel_new_regions,121306446,16.64,0,153,606660639.0,15.146,0.164,1478
travel_new_regions,121323144,16.698,0,153,607013759.0,15.146,0.164,420
travel_new_regions,121339799,16.655,4,153,607136115.0,15.146,0.164,42
travel_new_regions,121356478,16.679,4,153,606954983.0,15.146,0.164,42
travel_new_regions,121373111,16.633,0,153,607631967.0,15.146,0.164,42
travel_new_regions,121389778,16.667,0,153,607592991.0,15.146,0.164,2597
travel_new_regions,121406592,16.814,0,153,607893827.0,15.146,0.164,534
travel_new_regions,121423116,16.524,4,153,607480647.0,15.146,0.164,60
travel_new_regions,121439788,16.672,4,153,607169327.0,15.146,0.164,35
travel_new_regions,121456451,16.663,2,153,606603707.0,15.146,0.164,38
travel_new_regions,121473112,16.661,2,153,606553647.0,15.146,0.164,1521
travel_new_regions,121489787,16.675,0,153,606731099.0,15.146,0.164,143
travel_new_regions,121506830,17.043,4,153,606730715.0,15.146,0.164,42
travel_new_regions,121523118,16.288,4,153,606726627.0,15.146,0.164,42
travel_new_regions,121539791,16.673,0,153,606950979.0,15.146,0.164,43
travel_new_regions,121556436,16.645,0,153,607174695.0,15.146,0.164,1442
travel_new_regions,121573117,16.681,0,153,607481207.0,15.146,0.164,54
travel_new_regions,121589780,16.663,4,153,607282403.0,15.146,0.164,381
travel_new_regions,121606442,16.662,2,153,607388743.0,15.146,0.164,44
travel_new_regions,121623129,16.687,0,153,607614707.0,15.146,0.164,48
travel_new_regions,121639772,16.643,0,153,607825871.0,15.146,0.164,1538
travel_new_regions,121656450,16.678,0,153,608006235.0,15.146,0.164,63
travel_new_regions,121673184,16.734,4,153,608187947.0,15.146,0.164,244
travel_new_regions,121689771,16.587,4,153,608001159.0,15.146,0.164,55
travel_new_regions,121706448,16.677,0,153,608565023.0,15.146,0.164,56
travel_new_regions,121723098,16.65,0,153,608521047.0,15.146,0.164,1357
travel_new_regions,121739776,16.678,0,153,608829207.0,15.146,0.164,60
travel_new_regions,121756448,16.672,4,153,607854931.0,15.146,0.164,303
travel_new_regions,121773111,16.663,4,153,607032795.0,15.146,0.164,51
travel_new_regions,121789771,16.66,2,153,606988503.0,15.146,0.164,54
travel_new_regions,121806428,16.657,2,153,606945167.0,15.146,0.164,1500
travel_new_regions,121823114,16.686,0,153,607116839.0,15.146,0.164,70
travel_new_regions,121839768,16.654,4,153,606930907.0,15.146,0.164,443
travel_new_regions,121856426,16.658,2,153,606602259.0,15.146,0.164,52
travel_new_regions,121873122,16.696,0,153,606832811.0,15.146,0.164,57
travel_new_regions,121889759,16.637,0,153,607051887.0,15.146,0.164,1325
travel_new_regions,121906435,16.676,0,153,607356103.0,15.146,0.164,65
travel_new_regions,121923099,16.664,4,153,607654547.0,15.146,0.164,790
travel_new_regions,121939765,16.666,2,153,607706623.0,15.146,0.164,44
travel_new_regions,121956443,16.678,0,153,607952963.0,15.146,0.164,45
travel_new_regions,121973100,16.657,0,153,608029763.0,15.146,0.164,1372
travel_new_regions,121989756,16.656,0,153,608550571.0,15.146,0.164,49
travel_new_regions,122006431,16.675,0,153,608764603.0,15.146,0.164,216
travel_new_regions,122023124,16.693,4,153,608264547.0,11.925,0.135,44
travel_new_regions,122039754,16.63,3,153,607600575.0,11.925,0.135,42
travel_new_regions,122056458,16.704,0,153,607940267.0,11.925,0.135,45
travel_new_regions,122073099,16.641,0,153,608020283.0,11.925,0.135,1421
travel_new_regions,122089754,16.655,0,153,608621155.0,11.925,0.135,377
travel_new_regions,122106429,16.675,0,153,608766527.0,11.925,0.135,46
travel_new_regions,122123096,16.667,0,153,608875547.0,11.925,0.135,47
travel_new_regions,122139767,16.671,4,153,607587867.0,11.925,0.135,49
travel_new_regions,122156430,16.663,4,153,606959719.0,11.925,0.135,48
travel_new_regions,122173083,16.653,2,153,606978763.0,11.925,0.135,263
travel_new_regions,122189745,16.662,2,153,607252347.0,11.925,0.135,1616
travel_new_regions,122206414,16.669,2,153,607605055.0,11.925,0.135,53
travel_new_regions,122223104,16.69,2,153,607831219.0,11.925,0.135,53
travel_new_regions,122239861,16.757,2,153,608147407.0,11.925,0.135,52
travel_new_regions,122256410,16.549,0,153,608354943.0,11.925,0.135,194
travel_new_regions,122273094,16.684,4,153,607310195.0,11.925,0.135,48
travel_new_regions,122289744,16.65,3,153,607666315.0,11.925,0.135,46
travel_new_regions,122306418,16.674,0,153,608102331.0,11.925,0.135,50
travel_new_regions,122323073,16.655,0,153,608326911.0,11.925,0.135,1033
travel_new_regions,122339906,16.833,0,153,608625743.0,11.925,0.135,54
travel_new_regions,122356422,16.516,0,153,608791303.0,11.925,0.135,479
travel_new_regions,122373070,16.648,0,153,608974539.0,11.925,0.135,37
travel_new_regions,122389746,16.676,2,153,608274655.0,11.925,0.135,34
travel_new_regions,122406421,16.675,0,153,608646335.0,11.925,0.135,32
travel_new_regions,122423100,16.679,0,153,608864431.0,11.925,0.135,33
travel_new_regions,122439872,16.772,0,153,608944275.0,11.925,0.135,1247
travel_new_regions,122456418,16.546,0,153,609215255.0,11.925,0.135,44
travel_new_regions,122473061,16.643,0,153,609433739.0,11.925,0.135,301
travel_new_regions,122489730,16.669,0,153,609709455.0,11.925,0.135,28
travel_new_regions,122506410,16.68,0,153,609853239.0,11.925,0.135,32
travel_new_regions,122523263,16.853,4,153,609133023.0,11.925,0.135,30
travel_new_regions,122539736,16.473,3,153,608685875.0,11.925,0.135,30
travel_new_regions,122556408,16.672,2,153,609094975.0,11.925,0.135,29
travel_new_regions,122573078,16.67,0,153,609180263.0,11.925,0.135,1152
travel_new_regions,122589744,16.666,0,153,609456187.0,11.925,0.135,40
travel_new_regions,122606388,16.644,0,153,609680807.0,11.925,0.135,200
travel_new_regions,122623095,16.707,0,153,609948315.0,11.925,0.135,33
travel_new_regions,122639744,16.649,0,153,610076527.0,11.925,0.135,34
travel_new_regions,122656421,16.677,4,153,608713623.0,11.925,0.135,31
travel_new_regions,122673081,16.66,3,153,608416635.0,11.925,0.135,32
travel_new_regions,122689731,16.65,2,153,608455567.0,11.925,0.135,32
travel_new_regions,122706390,16.659,2,153,608554691.0,11.925,0.135,1159
travel_new_regions,122724742,18.352,2,153,608702859.0,11.925,0.135,275
travel_new_regions,122739726,14.984,2,153,608846835.0,11.925,0.135,35
travel_new_regions,122756391,16.665,2,153,608987047.0,11.925,0.135,36
travel_new_regions,122774568,18.177,2,153,609063403.0,11.925,0.135,36
travel_new_regions,122789719,15.151,2,153,609230067.0,11.925,0.135,37
travel_new_regions,122806399,16.68,2,153,609737111.0,11.925,0.135,40
travel_new_regions,122823061,16.662,0,153,609725311.0,11.925,0.135,37
travel_new_regions,122839735,16.674,0,153,609856851.0,11.925,0.135,35
travel_new_regions,122856403,16.668,4,153,608343159.0,11.925,0.135,212
travel_new_regions,122873056,16.653,3,153,607119195.0,11.925,0.135,25
travel_new_regions,122890298,17.242,2,153,607677303.0,11.925,0.135,27
travel_new_regions,122906379,16.081,2,153,607826867.0,11.925,0.135,1277
travel_new_regions,122923057,16.678,2,153,607969063.0,11.925,0.135,53
travel_new_regions,122939723,16.666,2,153,608124255.0,11.925,0.135,58
travel_new_regions,122956383,16.66,2,153,608264463.0,11.925,0.135,55
travel_new_regions,122973052,16.669,2,153,608340819.0,11.925,0.135,58
travel_new_regions,122989716,16.664,2,153,608508251.0,11.925,0.135,402
travel_new_regions,123006435,16.719,2,153,608973291.0,11.925,0.135,45
travel_new_regions,123023056,16.621,0,153,609010431.0,10.789,1.389,56
travel_new_regions,123039747,16.691,0,153,609105231.0,10.789,1.389,44
travel_new_regions,123056399,16.652,4,153,608019207.0,10.789,1.389,49
travel_new_regions,123073045,16.646,3,153,608005355.0,10.789,1.389,43
travel_new_regions,123089738,16.693,0,153,608153451.0,10.789,1.389,42
travel_new_regions,123106378,16.64,0,153,608230343.0,10.789,1.389,1421
travel_new_regions,123123046,16.668,0,153,608370343.0,10.789,1.389,73
travel_new_regions,123139712,16.666,0,153,608520235.0,10.789,1.389,75
travel_new_regions,123156388,16.676,0,153,608660447.0,10.789,1.389,79
travel_new_regions,123173057,16.669,0,153,608736803.0,10.789,1.389,71
travel_new_regions,123189701,16.644,0,153,608906795.0,10.789,1.389,2613
travel_new_regions,123206379,16.678,0,153,609226283.0,10.789,1.389,44
travel_new_regions,123223050,16.671,0,153,609408943.0,10.789,1.389,42
travel_new_regions,123239724,16.674,0,153,609379259.0,10.789,1.389,48
travel_new_regions,123256392,16.668,0,153,609556203.0,10.789,1.389,46
travel_new_regions,123273062,16.67,4,153,608468499.0,10.789,1.389,47
travel_new_regions,123289716,16.654,4,153,608521603.0,10.789,1.389,43
travel_new_regions,123306364,16.648,2,153,609142495.0,10.789,1.389,52
travel_new_regions,123323044,16.68,2,153,608886459.0,10.789,1.389,1757
travel_new_regions,123339699,16.655,2,154,609168479.0,10.789,1.389,71
travel_new_regions,123356366,16.667,2,154,609156695.0,10.789,1.389,70
travel_new_regions,123373045,16.679,2,154,609160959.0,10.789,1.389,74
travel_new_regions,123389696,16.651,2,154,609380323.0,10.789,1.389,2562
travel_new_regions,123406354,16.658,2,154,609556263.0,10.789,1.389,48
travel_new_regions,123423032,16.678,2,154,609885327.0,10.789,1.389,45
travel_new_regions,123439702,16.67,0,154,610033191.0,10.789,1.389,44
travel_new_regions,123456374,16.672,0,154,610145755.0,10.789,1.389,47
travel_new_regions,123473060,16.686,4,154,608487291.0,10.789,1.389,48
travel_new_regions,123489713,16.653,4,154,607908915.0,10.789,1.389,46
travel_new_regions,123506366,16.653,3,154,606790859.0,10.789,1.389,45
travel_new_regions,123523024,16.658,3,154,606669807.0,10.789,1.389,1296
travel_new_regions,123539684,16.66,3,154,606820339.0,10.789,1.389,68
travel_new_regions,123556352,16.668,3,154,606943847.0,10.789,1.389,63
travel_new_regions,123573018,16.666,3,154,607094379.0,10.789,1.389,64
travel_new_regions,123589701,16.683,3,154,607229175.0,10.789,1.389,65
travel_new_regions,123606352,16.651,3,154,607376779.0,10.789,1.389,518
travel_new_regions,123623033,16.681,3,154,607453211.0,10.789,1.389,37
travel_new_regions,123639690,16.657,3,154,607680915.0,10.789,1.389,38
travel_new_regions,123656353,16.663,3,154,607798391.0,10.789,1.389,36
travel_new_regions,123673015,16.662,2,154,608234851.0,10.789,1.389,33
travel_new_regions,123689693,16.678,0,154,608476051.0,10.789,1.389,33
travel_new_regions,123706370,16.677,0,154,608534251.0,10.789,1.389,34
travel_new_regions,123723034,16.664,4,154,607106643.0,10.789,1.389,39
travel_new_regions,123739701,16.667,4,154,607615043.0,10.789,1.389,37
travel_new_regions,123756351,16.65,2,154,608207131.0,10.789,1.389,34
travel_new_regions,123773026,16.675,2,154,608215251.0,10.789,1.389,1340
travel_new_regions,123789689,16.663,2,154,608361355.0,10.789,1.389,55
travel_new_regions,123806361,16.672,2,154,608499183.0,10.789,1.389,439
travel_new_regions,123823053,16.692,2,154,608623031.0,10.789,1.389,40
travel_new_regions,123839690,16.637,2,154,608773563.0,10.789,1.389,38
travel_new_regions,123856347,16.657,2,154,608920607.0,10.789,1.389,38
travel_new_regions,123873004,16.657,2,154,609141823.0,10.789,1.389,37
travel_new_regions,123889683,16.679,2,154,609226819.0,10.789,1.389,36
travel_new_regions,123906347,16.664,2,154,609412963.0,10.789,1.389,38
travel_new_regions,123923017,16.67,2,154,609745251.0,10.789,1.389,36
travel_new_regions,123939687,16.67,0,154,609948655.0,10.789,1.389,36
travel_new_regions,123956354,16.667,0,154,610052059.0,10.789,1.389,36
travel_new_regions,123973022,16.668,4,154,608439571.0,10.789,1.389,92
travel_new_regions,123989688,16.666,4,154,608714783.0,10.789,1.389,36
travel_new_regions,124007718,18.03,2,154,608946875.0,10.789,1.389,35
travel_new_regions,124023015,15.297,2,154,608618047.0,12.314,0.136,1387
travel_new_regions,124039674,16.659,2,154,608966875.0,12.314,0.136,55
travel_new_regions,124056364,16.69,2,154,609022155.0,12.314,0.136,369
travel_new_regions,124073000,16.636,2,154,609182475.0,12.314,0.136,29
travel_new_regions,124089668,16.668,2,154,609322903.0,12.314,0.136,30
travel_new_regions,124106339,16.671,2,154,609469523.0,12.314,0.136,30
travel_new_regions,124123089,16.75,2,154,609550043.0,12.314,0.136,32
travel_new_regions,124139680,16.591,2,154,609717059.0,12.314,0.136,33
travel_new_regions,124156336,16.656,2,154,609888295.0,12.314,0.136,30
travel_new_regions,124173001,16.665,0,154,610231047.0,12.314,0.136,33
travel_new_regions,124189673,16.672,0,154,610334423.0,12.314,0.136,29
travel_new_regions,124206351,16.678,0,154,610480115.0,12.314,0.136,31
travel_new_regions,124223017,16.666,0,154,610604563.0,12.314,0.136,32
travel_new_regions,124239676,16.659,4,154,608964147.0,12.314,0.136,29
travel_new_regions,124256337,16.661,4,154,609043359.0,12.314,0.136,30
travel_new_regions,124273557,17.22,2,154,609556723.0,12.314,0.136,33
travel_new_regions,124289676,16.119,2,154,609437051.0,12.314,0.136,1426
travel_new_regions,124306336,16.66,2,154,609561299.0,12.314,0.136,361
travel_new_regions,124322999,16.663,2,154,609856393.0,12.314,0.136,32
travel_new_regions,124339657,16.658,2,154,609864195.0,12.314,0.136,32
travel_new_regions,124356318,16.661,2,154,609941111.0,12.314,0.136,31
travel_new_regions,124372983,16.665,2,154,610129383.0,12.314,0.136,32
travel_new_regions,124389671,16.688,2,154,610466875.0,12.314,0.136,32
travel_new_regions,124406331,16.66,0,154,610649995.0,12.314,0.136,32
travel_new_regions,124423001,16.67,0,154,610742343.0,12.314,0.136,31
travel_new_regions,124439668,16.667,4,154,609302883.0,12.314,0.136,35
travel_new_regions,124456323,16.655,4,154,608460099.0,12.314,0.136,31
travel_new_regions,124472992,16.669,3,154,609096607.0,12.314,0.136,36
travel_new_regions,124489671,16.679,2,154,608842071.0,12.314,0.136,1469
travel_new_regions,124506336,16.665,2,154,608982703.0,12.314,0.136,70
travel_new_regions,124522985,16.649,2,154,609187255.0,12.314,0.136,63
travel_new_regions,124539659,16.674,2,154,609235527.0,12.314,0.136,67
travel_new_regions,124556364,16.705,2,154,609386667.0,12.314,0.136,70
travel_new_regions,124572983,16.619,2,154,609568259.0,12.314,0.136,440
travel_new_regions,124589644,16.661,2,154,609761219.0,12.314,0.136,46
travel_new_regions,124606335,16.691,2,154,609868059.0,12.314,0.136,45
travel_new_regions,124622989,16.654,2,154,610045287.0,12.314,0.136,51
travel_new_regions,124639665,16.676,2,154,610464947.0,12.314,0.136,45
travel_new_regions,124656327,16.662,0,154,610574727.0,12.314,0.136,45
travel_new_regions,124672986,16.659,0,154,610731275.0,12.314,0.136,47
travel_new_regions,124689657,16.671,0,154,610858747.0,12.314,0.136,46
travel_new_regions,124706320,16.663,4,154,609963519.0,12.314,0.136,46
travel_new_regions,124722994,16.674,3,154,609892611.0,12.314,0.136,47
travel_new_regions,124739681,16.687,0,154,610368055.0,12.314,0.136,44
travel_new_regions,124756319,16.638,0,154,610524327.0,12.314,0.136,1236
travel_new_regions,124772978,16.659,0,154,610634535.0,12.314,0.136,585
travel_new_regions,124789652,16.674,0,154,610763363.0,12.314,0.136,30
travel_new_regions,124806315,16.663,0,154,610912619.0,12.314,0.136,31
travel_new_regions,124822982,16.667,0,154,611058883.0,12.314,0.136,29
travel_new_regions,124839662,16.68,0,154,611207295.0,12.314,0.136,30
travel_new_regions,124856303,16.641,0,154,611409539.0,12.314,0.136,34
travel_new_regions,124873003,16.7,0,154,611557335.0,12.314,0.136,30
travel_new_regions,124889635,16.632,0,154,611845039.0,12.314,0.136,30
travel_new_regions,124906316,16.681,0,154,612075171.0,12.314,0.136,32
travel_new_regions,124922989,16.673,0,154,612219611.0,12.314,0.136,30
travel_new_regions,124939663,16.674,4,154,610696283.0,12.314,0.136,30
travel_new_regions,124956316,16.653,3,154,610653647.0,12.314,0.136,32
travel_new_regions,124972980,16.664,0,154,611101507.0,12.314,0.136,29
travel_new_regions,124989652,16.672,0,154,611159207.0,12.314,0.136,1171
travel_new_regions,125006300,16.648,0,154,611280439.0,12.314,0.136,42
travel_new_regions,125022975,16.675,0,154,611409263.0,9.079,0.19,46
travel_new_regions,125039633,16.658,0,154,611556871.0,9.079,0.19,358
travel_new_regions,125056314,16.681,0,154,611705955.0,9.079,0.19,27
travel_new_regions,125072969,16.655,0,154,611854363.0,9.079,0.19,27
travel_new_regions,125089633,16.664,0,154,612105147.0,9.079,0.19,25
travel_new_regions,125106337,16.704,0,154,612131951.0,9.079,0.19,27
travel_new_regions,125122965,16.628,0,154,612545007.0,9.079,0.19,30
travel_new_regions,125139640,16.675,0,154,612736711.0,9.079,0.19,26
travel_new_regions,125156308,16.668,0,154,612921747.0,9.079,0.19,27
travel_new_regions,125173064,16.756,0,154,613047571.0,9.079,0.19,26
travel_new_regions,125189640,16.576,4,154,612049207.0,9.079,0.19,26
travel_new_regions,125206296,16.656,4,154,611975287.0,9.079,0.19,26
travel_new_regions,125223013,16.717,3,154,612052543.0,9.079,0.19,24
travel_new_regions,125239627,16.614,3,154,611844223.0,9.079,0.19,974
travel_new_regions,125256296,16.669,3,155,612008619.0,9.079,0.19,42
travel_new_regions,125272960,16.664,3,155,612112667.0,9.079,0.19,344
travel_new_regions,125289623,16.663,3,155,612263247.0,9.079,0.19,32
travel_new_regions,125306294,16.671,3,155,612367083.0,9.079,0.19,29
travel_new_regions,125322955,16.661,3,155,612611407.0,9.079,0.19,30
travel_new_regions,125339630,16.675,2,155,612976431.0,9.079,0.19,29
travel_new_regions,125356293,16.663,0,155,613163071.0,9.079,0.19,29
travel_new_regions,125373014,16.721,0,155,613272111.0,9.079,0.19,32
travel_new_regions,125389650,16.636,4,155,611673575.0,9.079,0.19,30
travel_new_regions,125406282,16.632,3,155,611197791.0,9.079,0.19,31
travel_new_regions,125422966,16.684,0,155,610823359.0,9.079,0.19,29
travel_new_regions,125439629,16.663,0,155,610836791.0,9.079,0.19,1065
travel_new_regions,125456292,16.663,0,155,610956415.0,9.079,0.19,38
travel_new_regions,125472958,16.666,0,155,611106039.0,9.079,0.19,42
travel_new_regions,125489612,16.654,0,155,611260295.0,9.079,0.19,41
travel_new_regions,125506290,16.678,0,155,611364131.0,9.079,0.19,40
travel_new_regions,125522951,16.661,0,155,611604479.0,9.079,0.19,374
travel_new_regions,125539614,16.663,0,155,611976627.0,9.079,0.19,24
travel_new_regions,125556277,16.663,0,155,612337431.0,9.079,0.19,24
travel_new_regions,125572955,16.678,0,155,612511703.0,9.079,0.19,23
travel_new_regions,125589626,16.671,0,155,612608607.0,9.079,0.19,22
travel_new_regions,125606299,16.673,4,155,611202047.0,9.079,0.19,22
travel_new_regions,125622960,16.661,4,155,611194367.0,9.079,0.19,22
travel_new_regions,125639622,16.662,2,155,611485063.0,9.079,0.19,23
travel_new_regions,125656282,16.66,2,155,611614459.0,9.079,0.19,887
travel_new_regions,125673031,16.749,2,155,611787723.0,9.079,0.19,32
travel_new_regions,125689608,16.577,2,155,611891771.0,9.079,0.19,38
travel_new_regions,125706286,16.678,2,155,611938067.0,9.079,0.19,34
travel_new_regions,125722939,16.653,2,155,612149383.0,9.079,0.19,290
travel_new_regions,125739609,16.67,2,155,612333619.0,9.079,0.19,23
travel_new_regions,125756282,16.673,2,155,612661055.0,9.079,0.19,20
travel_new_regions,125772945,16.663,2,155,612867623.0,9.079,0.19,23
travel_new_regions,125789619,16.674,2,155,613143047.0,9.079,0.19,24
travel_new_regions,125806300,16.681,0,155,613331487.0,9.079,0.19,22
travel_new_regions,125822945,16.645,4,155,611875687.0,9.079,0.19,21
travel_new_regions,125839601,16.656,4,155,612106079.0,9.079,0.19,23
travel_new_regions,125856314,16.713,3,155,612619475.0,9.079,0.19,23
travel_new_regions,125872941,16.627,3,155,612479555.0,9.079,0.19,784
travel_new_regions,125889602,16.661,3,155,612652139.0,9.079,0.19,30
travel_new_regions,125906273,16.671,3,155,612749255.0,9.079,0.19,33
travel_new_regions,125922929,16.656,3,155,613025755.0,9.079,0.19,33
travel_new_regions,125939627,16.698,3,155,613010683.0,9.079,0.19,275
travel_new_regions,125956265,16.638,3,155,613192003.0,9.079,0.19,23
travel_new_regions,125972938,16.673,3,155,613487151.0,9.079,0.19,20
travel_new_regions,125989603,16.665,3,155,613701943.0,9.079,0.19,20
travel_new_regions,126006260,16.657,3,155,613857611.0,9.079,0.19,22
travel_new_regions,126022932,16.672,2,155,614333873.0,11.162,0.203,20
travel_new_regions,126039601,16.669,0,155,614451127.0,11.162,0.203,22
travel_new_regions,126056274,16.673,4,155,613127091.0,11.162,0.203,19
travel_new_regions,126072931,16.657,4,155,613483451.0,11.162,0.203,19
travel_new_regions,126089620,16.689,3,155,613609267.0,11.162,0.203,20
travel_new_regions,126106255,16.635,3,155,613465987.0,11.162,0.203,747
travel_new_regions,126122935,16.68,3,155,613510479.0,11.162,0.203,25
travel_new_regions,126139590,16.655,3,155,613722983.0,11.162,0.203,26
travel_new_regions,126156273,16.683,3,155,613870107.0,11.162,0.203,212
travel_new_regions,126172935,16.662,3,155,614155983.0,11.162,0.203,17
travel_new_regions,126189585,16.65,3,155,614386003.0,11.162,0.203,19
travel_new_regions,126206276,16.691,3,155,614607747.0,11.162,0.203,17
travel_new_regions,126222985,16.709,0,155,614913871.0,11.162,0.203,18
travel_new_regions,126239601,16.616,4,155,613336031.0,11.162,0.203,16
travel_new_regions,126256260,16.659,4,155,613006507.0,11.162,0.203,18
travel_new_regions,126272936,16.676,3,155,612649071.0,11.162,0.203,18
travel_new_regions,126289595,16.659,3,155,612263115.0,11.162,0.203,503
travel_new_regions,126306260,16.665,3,155,612353199.0,11.162,0.203,22
travel_new_regions,126323012,16.752,3,155,612570007.0,11.162,0.203,23
travel_new_regions,126339581,16.569,3,155,612766791.0,11.162,0.203,21
travel_new_regions,126356246,16.665,3,155,612899507.0,11.162,0.203,23
travel_new_regions,126372921,16.675,3,155,613050423.0,11.162,0.203,21
travel_new_regions,126389588,16.667,3,155,613204219.0,11.162,0.203,198
travel_new_regions,126406250,16.662,3,155,613295731.0,11.162,0.203,18
travel_new_regions,126422913,16.663,3,155,613468139.0,11.162,0.203,18
travel_new_regions,126439580,16.667,3,155,614027183.0,11.162,0.203,17
travel_new_regions,126456255,16.675,0,155,614055191.0,11.162,0.203,17
travel_new_regions,126472917,16.662,0,155,614187459.0,11.162,0.203,17
travel_new_regions,126489767,16.85,4,155,612484515.0,11.162,0.203,17
travel_new_regions,126506242,16.475,3,155,612455783.0,11.162,0.203,16
travel_new_regions,126522920,16.678,2,155,612939599.0,11.162,0.203,16
travel_new_regions,126539574,16.654,2,155,613073351.0,11.162,0.203,444
travel_new_regions,126556250,16.676,2,155,613210083.0,11.162,0.203,20
travel_new_regions,126572913,16.663,2,155,613353939.0,11.162,0.203,183
travel_new_regions,126589581,16.668,2,155,613507199.0,11.162,0.203,15
travel_new_regions,126606240,16.659,2,155,613600723.0,11.162,0.203,17
travel_new_regions,126622906,16.666,2,155,613792355.0,11.162,0.203,15
travel_new_regions,126639584,16.678,2,155,614103127.0,11.162,0.203,15
travel_new_regions,126656232,16.648,2,155,614328775.0,11.162,0.203,15
travel_new_regions,126672902,16.67,2,155,614477587.0,11.162,0.203,15
travel_new_regions,126689593,16.691,0,155,614725211.0,11.162,0.203,15
travel_new_regions,126706244,16.651,0,155,614849307.0,11.162,0.203,16
travel_new_regions,126722918,16.674,4,155,613236947.0,11.162,0.203,16
travel_new_regions,126739576,16.658,3,155,613207715.0,11.162,0.203,15
travel_new_regions,126756238,16.662,3,155,613788803.0,11.162,0.203,15
travel_new_regions,126773634,17.396,3,155,613644643.0,11.162,0.203,545
travel_new_regions,126789575,15.941,3,155,613777959.0,11.162,0.203,14
travel_new_regions,126806233,16.658,3,155,613930107.0,11.162,0.203,16
travel_new_regions,126822895,16.662,3,155,614088063.0,11.162,0.203,135
travel_new_regions,126839560,16.665,3,155,614173367.0,11.162,0.203,8
travel_new_regions,126856221,16.661,3,155,614361955.0,11.162,0.203,8
travel_new_regions,126872918,16.697,3,155,614674083.0,11.162,0.203,8
travel_new_regions,126889565,16.647,3,155,615000615.0,11.162,0.203,8
travel_new_regions,126906321,16.756,3,155,614977351.0,11.162,0.203,8
travel_new_regions,126922899,16.578,3,155,615206303.0,11.162,0.203,8
travel_new_regions,126939575,16.676,0,155,615516563.0,11.162,0.203,8
travel_new_regions,126956242,16.667,0,155,615604859.0,11.162,0.203,9
travel_new_regions,126972912,16.67,4,155,614107331.0,11.162,0.203,8
travel_new_regions,126989587,16.675,4,155,614201999.0,11.162,0.203,9
travel_new_regions,127006230,16.643,3,155,614837623.0,11.162,0.203,8
travel_new_regions,127022884,16.654,3,155,614606163.0,12.015,0.202,557
travel_new_regions,127039550,16.666,3,155,614749335.0,12.015,0.202,12
travel_new_regions,127056473,16.923,3,155,614901995.0,12.015,0.202,13
travel_new_regions,127072892,16.419,3,155,615052007.0,12.015,0.202,13
travel_new_regions,127089555,16.663,3,155,615147139.0,12.015,0.202,14
travel_new_regions,127107575,18.02,3,155,615336343.0,12.015,0.202,12
travel_new_regions,127122880,15.305,3,155,615680151.0,12.015,0.202,13
travel_new_regions,127139563,16.683,0,155,615931415.0,12.015,0.202,12
travel_new_regions,127156231,16.668,0,155,616036751.0,12.015,0.202,14
travel_new_regions,127172897,16.666,4,155,614340987.0,12.015,0.202,13
travel_new_regions,127189559,16.662,3,155,613943543.0,12.015,0.202,13
travel_new_regions,127206225,16.666,0,155,613537583.0,12.015,0.202,12
travel_new_regions,127222883,16.658,0,155,613403555.0,12.015,0.202,189
travel_new_regions,127239558,16.675,0,155,613540047.0,12.015,0.202,12
travel_new_regions,127256218,16.66,0,155,613677335.0,12.015,0.202,14
travel_new_regions,127272874,16.656,0,155,613829479.0,12.015,0.202,13
travel_new_regions,127289538,16.664,0,155,613987679.0,12.015,0.202,13
travel_new_regions,127306224,16.686,0,155,614145191.0,12.015,0.202,92
travel_new_regions,127322892,16.668,0,155,614232207.0,12.015,0.202,9
travel_new_regions,127339539,16.647,0,155,614376339.0,12.015,0.202,8
travel_new_regions,127356223,16.684,0,155,614526863.0,12.015,0.202,8
travel_new_regions,127372874,16.651,0,155,614955147.0,12.015,0.202,8
travel_new_regions,127389551,16.677,0,155,615073931.0,12.015,0.202,9
travel_new_regions,127406223,16.672,0,155,615241587.0,12.015,0.202,9
travel_new_regions,127422882,16.659,0,155,615377047.0,12.015,0.202,9
travel_new_regions,127439556,16.674,4,155,613839939.0,12.015,0.202,8
travel_new_regions,127456231,16.675,4,155,613739527.0,12.015,0.202,8
travel_new_regions,127472879,16.648,2,155,614239931.0,12.015,0.202,8
travel_new_regions,127489535,16.656,2,155,614384483.0,12.015,0.202,390
travel_new_regions,127506204,16.669,2,155,614517119.0,12.015,0.202,8
travel_new_regions,127522869,16.665,2,155,614653987.0,12.015,0.202,9
travel_new_regions,127539539,16.67,2,155,614813043.0,12.015,0.202,8
travel_new_regions,127556201,16.662,2,155,614979459.0,12.015,0.202,8
travel_new_regions,127572868,16.667,2,155,615142803.0,12.015,0.202,8
travel_new_regions,127589538,16.67,2,155,615216031.0,12.015,0.202,9
travel_new_regions,127606246,16.708,2,155,615360163.0,12.015,0.202,9
travel_new_regions,127622878,16.632,2,155,615352299.0,12.015,0.202,9
travel_new_regions,127639538,16.66,2,155,615700771.0,12.015,0.202,9
travel_new_regions,127656225,16.687,0,155,615892331.0,12.015,0.202,8
travel_new_regions,127672879,16.654,0,155,615940431.0,12.015,0.202,10
travel_new_regions,127689548,16.669,4,155,614374251.0,12.015,0.202,8
travel_new_regions,127706206,16.658,4,155,614717271.0,12.015,0.202,8
travel_new_regions,127722877,16.671,3,155,615257187.0,12.015,0.202,8
travel_new_regions,127739535,16.658,3,155,615096823.0,12.015,0.202,327
travel_new_regions,127756201,16.666,3,155,615235899.0,12.015,0.202,9
travel_new_regions,127773143,16.942,3,155,615381475.0,12.015,0.202,8
travel_new_regions,127789521,16.378,3,155,615538131.0,12.015,0.202,8
travel_new_regions,127806190,16.669,3,155,615846563.0,12.015,0.202,9
travel_new_regions,127822854,16.664,3,155,615825795.0,12.015,0.202,8
travel_new_regions,127839526,16.672,3,155,615939819.0,12.015,0.202,8
travel_new_regions,127856187,16.661,3,155,616034459.0,12.015,0.202,9
travel_new_regions,127872848,16.661,3,155,616234319.0,12.015,0.202,9
travel_new_regions,127889541,16.693,3,155,616584667.0,12.015,0.202,9
travel_new_regions,127906195,16.654,0,155,616862731.0,12.015,0.202,8
travel_new_regions,127922860,16.665,0,155,617030167.0,12.015,0.202,9
travel_new_regions,127939536,16.676,0,155,617159843.0,12.015,0.202,9
travel_new_regions,127956200,16.664,4,155,615610471.0,12.015,0.202,8
travel_new_regions,127972856,16.656,4,155,616145375.0,12.015,0.202,9
travel_new_regions,127989529,16.673,3,155,616278239.0,12.015,0.202,7
travel_new_regions,128006186,16.657,3,155,616138919.0,12.015,0.202,285
travel_new_regions,128022854,16.668,3,155,616270191.0,11.302,1.464,8
travel_new_regions,128039512,16.658,3,155,616439507.0,11.302,1.464,7
travel_new_regions,128056177,16.665,3,155,616602903.0,11.302,1.464,9
travel_new_regions,128072848,16.671,3,155,616677407.0,11.302,1.464,9
travel_new_regions,128089516,16.668,3,155,616878387.0,11.302,1.464,9
travel_new_regions,128106199,16.683,3,155,617224435.0,11.302,1.464,9
travel_new_regions,128122862,16.663,0,155,617495807.0,11.302,1.464,8
travel_new_regions,128139525,16.663,0,155,617589423.0,11.302,1.464,9
travel_new_regions,128158006,18.481,4,155,615833687.0,11.302,1.464,8
travel_new_regions,128172870,14.864,4,155,615398203.0,11.302,1.464,8
travel_new_regions,128189506,16.636,3,155,615021975.0,11.302,1.464,8
travel_new_regions,128206173,16.667,3,155,614857079.0,11.302,1.464,263
travel_new_regions,128222853,16.68,3,155,614987719.0,11.302,1.464,7
travel_new_regions,128239516,16.663,3,155,615123915.0,11.302,1.464,8
travel_new_regions,128256175,16.659,3,155,615284935.0,11.302,1.464,9
travel_new_regions,128274672,18.497,3,155,615438691.0,11.302,1.464,8
travel_new_regions,128289512,14.84,3,155,615584411.0,11.302,1.464,9
travel_new_regions,128306176,16.664,3,155,615727467.0,11.302,1.464,8
travel_new_regions,128324527,18.351,3,155,615873395.0,11.302,1.464,8
travel_new_regions,128339496,14.969,3,155,616137883.0,11.302,1.464,8
travel_new_regions,128356171,16.675,2,155,616513883.0,11.302,1.464,11
travel_new_regions,128374410,18.239,0,155,616756387.0,11.302,1.464,8
travel_new_regions,128389508,15.098,4,155,614577027.0,11.302,1.464,7
travel_new_regions,128406178,16.67,4,155,614086779.0,11.302,1.464,10
travel_new_regions,128424261,18.083,2,155,612808883.0,11.302,1.464,8
travel_new_regions,128440201,15.94,2,155,612952931.0,11.302,1.464,293
travel_new_regions,128456167,15.966,2,155,613093107.0,11.302,1.464,9
travel_new_regions,128474129,17.962,2,155,613318359.0,11.302,1.464,8
travel_new_regions,128489495,15.366,2,155,613390323.0,11.302,1.464,9
travel_new_regions,128506160,16.665,2,155,613561911.0,11.302,1.464,8
travel_new_regions,128524001,17.841,2,155,613682791.0,11.302,1.464,8
travel_new_regions,128539501,15.5,2,155,613778083.0,11.302,1.464,8
travel_new_regions,128556198,16.697,2,155,613999719.0,11.302,1.464,8
travel_new_regions,128573853,17.655,2,155,614142875.0,11.302,1.464,8
travel_new_regions,128589497,15.644,1,155,614562623.0,11.302,1.464,8
travel_new_regions,128606179,16.682,0,155,614588547.0,11.302,1.464,10
travel_new_regions,128623744,17.565,0,155,614681391.0,11.302,1.464,9
travel_new_regions,128639515,15.771,4,155,612998507.0,11.302,1.464,7
travel_new_regions,128656156,16.641,3,155,613066743.0,11.302,1.464,8
travel_new_regions,128673597,17.441,3,155,613509491.0,11.302,1.464,8
travel_new_regions,128689488,15.891,3,155,613374763.0,11.302,1.464,341
travel_new_regions,128706179,16.691,3,155,613516583.0,11.302,1.464,8
travel_new_regions,128723474,17.295,3,155,613754151.0,11.302,1.464,8
travel_new_regions,128739483,16.009,3,155,613821987.0,11.302,1.464,8
travel_new_regions,128756160,16.677,3,155,613969307.0,11.302,1.464,8
travel_new_regions,128773856,17.696,3,155,614258603.0,11.302,1.464,8
travel_new_regions,128789496,15.64,3,155,614211671.0,11.302,1.464,9
travel_new_regions,128806159,16.663,3,155,614318879.0,11.302,1.464,8
travel_new_regions,128823696,17.537,3,155,614561467.0,11.302,1.464,9
travel_new_regions,128839481,15.785,3,155,614990247.0,11.302,1.464,8
travel_new_regions,128856164,16.683,0,155,615154811.0,11.302,1.464,10
travel_new_regions,128873591,17.427,0,155,615172663.0,11.302,1.464,9
travel_new_regions,128889495,15.904,0,155,615351171.0,11.302,1.464,9
travel_new_regions,128906197,16.702,4,155,613836703.0,11.302,1.464,8
travel_new_regions,128923444,17.247,4,155,614299331.0,11.302,1.464,7
travel_new_regions,128939493,16.049,2,155,614481163.0,11.302,1.464,7
travel_new_regions,128956145,16.652,2,155,614342263.0,11.302,1.464,146
travel_new_regions,128973809,17.664,2,155,614586127.0,11.302,1.464,7
travel_new_regions,128989752,15.943,2,155,614658851.0,11.302,1.464,8
travel_new_regions,129006150,16.398,2,155,614649767.0,11.302,1.464,9
travel_new_regions,129023668,17.518,2,155,614893283.0,12.676,0.142,8
travel_new_regions,129039467,15.799,2,155,615069095.0,12.676,0.142,9
travel_new_regions,129056135,16.668,2,155,615402775.0,12.676,0.142,8
travel_new_regions,129073563,17.428,0,155,615649671.0,12.676,0.142,8
travel_new_regions,129089490,15.927,0,155,615720747.0,12.676,0.142,8
travel_new_regions,129106152,16.662,4,155,613946131.0,12.676,0.142,8
travel_new_regions,129123917,17.765,3,155,613648055.0,12.676,0.142,8
travel_new_regions,129139538,15.621,0,155,613143699.0,12.676,0.142,8
travel_new_regions,129156135,16.597,0,155,612981923.0,12.676,0.142,3424
travel_new_regions,129173784,17.649,0,155,613214863.0,12.676,0.142,8
travel_new_regions,129189463,15.679,0,155,613293131.0,12.676,0.142,8
travel_new_regions,129206130,16.667,0,155,613566903.0,12.676,0.142,8
travel_new_regions,129223651,17.521,0,155,613533291.0,12.676,0.142,8
travel_new_regions,129239469,15.818,0,155,613704735.0,12.676,0.142,9
travel_new_regions,129256136,16.667,0,155,614027667.0,12.676,0.142,8
travel_new_regions,129274509,18.373,0,155,614380067.0,12.676,0.142,8
travel_new_regions,129289470,14.961,0,155,614713439.0,12.676,0.142,9
travel_new_regions,129306150,16.68,0,155,614870407.0,12.676,0.142,9
travel_new_regions,129326602,20.452,4,155,613538447.0,12.676,0.142,8
travel_new_regions,129339466,12.864,4,155,613426991.0,12.676,0.142,10
travel_new_regions,129356136,16.67,3,155,613794243.0,12.676,0.142,9
travel_new_regions,129373772,17.636,3,155,613952763.0,12.676,0.142,80
travel_new_regions,129389455,15.683,3,155,614186111.0,12.676,0.142,8
travel_new_regions,129406123,16.668,3,155,614262931.0,12.676,0.142,8
travel_new_regions,129423620,17.497,3,155,614536415.0,12.676,0.142,8
travel_new_regions,129439465,15.845,3,155,614496787.0,12.676,0.142,8
travel_new_regions,129456116,16.651,3,155,614668951.0,12.676,0.142,8
travel_new_regions,129473497,17.381,3,155,615089759.0,12.676,0.142,8
travel_new_regions,129489455,15.958,3,155,615451411.0,12.676,0.142,8
travel_new_regions,129506140,16.685,3,155,615620987.0,12.676,0.142,9
travel_new_regions,129523874,17.734,2,155,615652275.0,12.676,0.142,8
travel_new_regions,129541155,17.281,3,155,614427979.0,12.676,0.142,8
travel_new_regions,129556193,15.038,3,155,614571583.0,12.676,0.142,10
travel_new_regions,129573738,17.545,0,155,614960203.0,12.676,0.142,7
travel_new_regions,129589451,15.713,0,155,615045331.0,12.676,0.142,72
travel_new_regions,129606123,16.672,0,155,615281119.0,12.676,0.142,8
travel_new_regions,129623600,17.477,0,155,615326627.0,12.676,0.142,8
travel_new_regions,129639466,15.866,0,155,615357467.0,12.676,0.142,8
travel_new_regions,129656115,16.649,0,155,615607431.0,12.676,0.142,8
travel_new_regions,129673982,17.867,0,155,615836227.0,12.676,0.142,8
travel_new_regions,129689446,15.464,0,155,616026579.0,12.676,0.142,8
travel_new_regions,129706111,16.665,0,155,616304579.0,12.676,0.142,9
travel_new_regions,129723845,17.734,0,155,616439515.0,12.676,0.142,7
travel_new_regions,129739449,15.604,0,155,616774035.0,12.676,0.142,7
travel_new_regions,129756119,16.67,0,155,616935235.0,12.676,0.142,9
travel_new_regions,129775516,19.397,4,155,615669655.0,12.676,0.142,8
travel_new_regions,129789448,13.932,4,155,615851607.0,12.676,0.142,9
travel_new_regions,129806127,16.679,4,155,616293747.0,12.676,0.142,7
travel_new_regions,129824209,18.082,3,155,616189519.0,12.676,0.142,94
travel_new_regions,129839458,15.249,3,155,616201855.0,12.676,0.142,7
travel_new_regions,129856103,16.645,3,155,616436915.0,12.676,0.142,9
travel_new_regions,129873957,17.854,3,155,616574723.0,12.676,0.142,8
travel_new_regions,129889454,15.497,3,155,616859695.0,12.676,0.142,8
travel_new_regions,129906100,16.646,3,155,617063155.0,12.676,0.142,8
travel_new_regions,129923841,17.741,3,155,617349619.0,12.676,0.142,7
travel_new_regions,129939453,15.612,0,155,617541091.0,12.676,0.142,8
travel_new_regions,129959504,20.051,4,155,615960939.0,12.676,0.142,8
travel_new_regions,129973700,14.196,4,155,615420403.0,12.676,0.142,8
travel_new_regions,129989439,15.739,4,155,614730143.0,12.676,0.142,8
travel_new_regions,130006109,16.67,4,155,614149163.0,12.676,0.142,95
travel_new_regions,130023554,17.445,4,155,614261275.0,20.242,0.182,8
travel_new_regions,130039440,15.886,4,155,614500431.0,20.242,0.182,9
travel_new_regions,130056098,16.658,4,155,614686611.0,20.242,0.182,8
travel_new_regions,130073974,17.876,4,155,614803419.0,20.242,0.182,9
travel_new_regions,130089436,15.462,4,155,614942067.0,20.242,0.182,9
travel_new_regions,130107819,18.383,4,155,615142327.0,20.242,0.182,8
travel_new_regions,130123789,15.97,4,155,615203735.0,20.242,0.182,8
travel_new_regions,130139426,15.637,4,155,615501815.0,20.242,0.182,8
travel_new_regions,130156096,16.67,2,155,615812883.0,20.242,0.182,8
travel_new_regions,130173231,17.135,0,155,616134087.0,20.242,0.182,8
travel_new_regions,130193548,20.317,4,155,614293047.0,20.242,0.182,7
travel_new_regions,130206098,12.55,4,155,613444447.0,20.242,0.182,8
travel_new_regions,130223525,17.427,3,155,612550507.0,20.242,0.182,9
travel_new_regions,130239505,15.98,2,155,612575291.0,20.242,0.182,75
travel_new_regions,130256093,16.588,2,155,612822839.0,20.242,0.182,7
travel_new_regions,130273885,17.792,2,155,612958015.0,20.242,0.182,8
travel_new_regions,130289424,15.539,2,155,613081911.0,20.242,0.182,8
travel_new_regions,130306096,16.672,2,155,613156623.0,20.242,0.182,8
travel_new_regions,130323816,17.72,2,155,613306643.0,20.242,0.182,8
travel_new_regions,130339422,15.606,2,155,613641235.0,20.242,0.182,8
travel_new_regions,130356093,16.671,2,155,613833331.0,20.242,0.182,7
travel_new_regions,130374631,18.538,2,155,613979343.0,20.242,0.182,9
travel_new_regions,130389428,14.797,0,155,614300679.0,20.242,0.182,7
travel_new_regions,130406103,16.675,0,155,614326359.0,20.242,0.182,10
travel_new_regions,130425509,19.406,4,155,612896367.0,20.242,0.182,8
travel_new_regions,130439419,13.91,4,155,613045459.0,20.242,0.182,9
travel_new_regions,130456092,16.673,3,155,613143387.0,20.242,0.182,8
travel_new_regions,130473875,17.783,3,155,613042811.0,20.242,0.182,80
travel_new_regions,130489411,15.536,3,156,613161799.0,20.242,0.182,8
travel_new_regions,130506078,16.667,3,156,613306047.0,20.242,0.182,8
travel_new_regions,130523743,17.665,3,156,613429943.0,20.242,0.182,9
travel_new_regions,130539422,15.679,3,156,613569867.0,20.242,0.182,8
travel_new_regions,130556083,16.661,3,156,613686803.0,20.242,0.182,8
travel_new_regions,130573642,17.559,3,156,613976495.0,20.242,0.182,9
travel_new_regions,130589426,15.784,3,156,614168591.0,20.242,0.182,8
travel_new_regions,130606074,16.648,3,156,614389807.0,20.242,0.182,9
travel_new_regions,130624001,17.927,0,156,614702591.0,20.242,0.182,8
travel_new_regions,130639421,15.42,0,156,614862479.0,20.242,0.182,8
travel_new_regions,130658020,18.599,4,156,613551011.0,20.242,0.182,7
travel_new_regions,130674240,16.22,4,156,614012423.0,20.242,0.182,9
travel_new_regions,130689417,15.177,3,156,614129367.0,20.242,0.182,7
travel_new_regions,130706076,16.659,3,156,614031059.0,20.242,0.182,74
travel_new_regions,130724110,18.034,3,156,614140187.0,20.242,0.182,8
travel_new_regions,130739433,15.323,3,156,614285667.0,20.242,0.182,9
travel_new_regions,130756082,16.649,3,156,614411115.0,20.242,0.182,8
travel_new_regions,130773967,17.885,3,156,614617007.0,20.242,0.182,8
travel_new_regions,130789401,15.434,3,156,614696163.0,20.242,0.182,8
travel_new_regions,130806073,16.672,2,156,615035619.0,20.242,0.182,8
travel_new_regions,130823848,17.775,0,156,615180683.0,20.242,0.182,8
travel_new_regions,130839416,15.568,0,156,615269799.0,20.242,0.182,8
travel_new_regions,130857902,18.486,4,156,613735479.0,20.242,0.182,7
travel_new_regions,130873703,15.801,4,156,613414743.0,20.242,0.182,8
travel_new_regions,130889404,15.701,3,156,612977907.0,20.242,0.182,9
travel_new_regions,130906059,16.655,3,156,612667887.0,20.242,0.182,103
travel_new_regions,130923582,17.523,3,156,612777811.0,20.242,0.182,8
travel_new_regions,130939501,15.919,3,156,612853683.0,20.242,0.182,9
travel_new_regions,130956068,16.567,3,156,612999211.0,20.242,0.182,10
travel_new_regions,130973945,17.877,3,156,613202931.0,20.242,0.182,9
travel_new_regions,130989408,15.463,3,156,613275603.0,20.242,0.182,9
travel_new_regions,131006055,16.647,3,156,613411615.0,20.242,0.182,9
travel_new_regions,131023813,17.758,3,156,613735835.0,19.236,2.139,8
travel_new_regions,131039407,15.594,0,156,614027043.0,19.236,2.139,9
travel_new_regions,131056073,16.666,0,156,614172711.0,19.236,2.139,9
travel_new_regions,131074047,17.974,4,156,613055895.0,19.236,2.139,7
travel_new_regions,131089395,15.348,4,156,613444407.0,19.236,2.139,8
travel_new_regions,131106066,16.671,2,156,613805451.0,19.236,2.139,8
travel_new_regions,131123541,17.475,2,156,613947943.0,19.236,2.139,85
travel_new_regions,131139389,15.848,2,156,614061519.0,19.236,2.139,8
travel_new_regions,131156063,16.674,2,156,614137391.0,19.236,2.139,8
travel_new_regions,131173932,17.869,2,156,614282919.0,19.236,2.139,8
travel_new_regions,131189383,15.451,2,156,614490155.0,19.236,2.139,8
travel_new_regions,131206820,17.437,2,156,614562827.0,19.236,2.139,8
travel_new_regions,131223789,16.969,2,156,614697239.0,19.236,2.139,8
travel_new_regions,131239389,15.6,2,156,615036611.0,19.236,2.139,9
travel_new_regions,131256066,16.677,0,156,615234107.0,19.236,2.139,9
travel_new_regions,131273670,17.604,0,156,615362819.0,19.236,2.139,9
travel_new_regions,131289380,15.71,4,156,614178767.0,19.236,2.139,8
travel_new_regions,131306052,16.672,4,156,614031807.0,19.236,2.139,8
travel_new_regions,131323522,17.47,2,156,614546739.0,19.236,2.139,8
travel_new_regions,131339376,15.854,2,156,614503611.0,19.236,2.139,67
travel_new_regions,131356052,16.676,2,156,614613987.0,19.236,2.139,8
travel_new_regions,131373911,17.859,2,156,614689859.0,19.236,2.139,8
travel_new_regions,131389387,15.476,2,156,614835387.0,19.236,2.139,9
travel_new_regions,131406047,16.66,2,156,615107479.0,19.236,2.139,9
travel_new_regions,131423770,17.723,2,156,615117851.0,19.236,2.139,7
travel_new_regions,131439374,15.604,2,156,615252331.0,19.236,2.139,9
travel_new_regions,131456037,16.663,2,156,615547939.0,19.236,2.139,9
travel_new_regions,131473648,17.611,0,156,615754603.0,19.236,2.139,8
travel_new_regions,131489594,15.946,0,156,615984491.0,19.236,2.139,10
travel_new_regions,131507080,17.486,4,156,614908527.0,19.236,2.139,7
return_history_control,131548023,40.943,0,156,615164659.0,19.236,2.139,9
return_history_control,131558902,10.879,0,156,615187247.0,19.236,2.139,421
return_history_control,131568510,9.608,0,156,615326907.0,19.236,2.139,4797
return_history_control,131581324,12.814,0,156,615499447.0,19.236,2.139,439
return_history_control,131597988,16.664,0,156,615844195.0,19.236,2.139,22
return_history_control,131614657,16.669,0,156,616043887.0,19.236,2.139,20
return_history_control,131631315,16.658,2,156,612141907.0,19.236,2.139,20
return_history_control,131647978,16.663,2,156,610622111.0,19.236,2.139,20
return_history_control,131664654,16.676,0,156,609080963.0,19.236,2.139,18
return_history_control,131681314,16.66,0,156,608171751.0,19.236,2.139,20
return_history_control,131698161,16.847,0,156,607958947.0,19.236,2.139,21
return_history_control,131714657,16.496,0,156,607472343.0,19.236,2.139,24
return_history_control,131731321,16.664,0,156,606426915.0,19.236,2.139,21
return_history_control,131747986,16.665,0,156,605603139.0,19.236,2.139,20
return_history_control,131764648,16.662,0,156,604670135.0,19.236,2.139,20
return_history_control,131781334,16.686,4,156,603819939.0,19.236,2.139,19
return_history_control,131797972,16.638,2,156,603056387.0,19.236,2.139,20
return_history_control,131814656,16.684,0,156,602605067.0,19.236,2.139,20
return_history_control,131831298,16.642,0,156,602652507.0,19.236,2.139,18
return_history_control,131847966,16.668,0,156,603227459.0,19.236,2.139,182
return_history_control,131864654,16.688,0,156,603491551.0,19.236,2.139,8
return_history_control,131881354,16.7,0,156,603654127.0,19.236,2.139,8
return_history_control,131897984,16.63,4,156,602230683.0,19.236,2.139,7
return_history_control,131914649,16.665,4,156,602044047.0,19.236,2.139,9
return_history_control,131931313,16.664,3,156,602861791.0,19.236,2.139,8
return_history_control,131947960,16.647,3,156,602319823.0,19.236,2.139,9
return_history_control,131964638,16.678,3,156,602888311.0,19.236,2.139,10
return_history_control,131981325,16.687,0,156,603225879.0,19.236,2.139,8
return_history_control,131997985,16.66,0,156,603368875.0,19.236,2.139,10
return_history_control,132014653,16.668,0,156,603485379.0,19.236,2.139,9
return_history_control,132031302,16.649,4,156,602319659.0,40.69,0.29,7
return_history_control,132048624,17.322,4,156,602418511.0,40.69,0.29,7
return_history_control,132064622,15.998,3,156,602630687.0,40.69,0.29,8
return_history_control,132081283,16.661,3,156,602466559.0,40.69,0.29,7
return_history_control,132097962,16.679,3,156,603040803.0,40.69,0.29,8
return_history_control,132114642,16.68,0,156,603374911.0,40.69,0.29,8
return_history_control,132131318,16.676,0,156,603533139.0,40.69,0.29,9
return_history_control,132147973,16.655,0,156,603530495.0,40.69,0.29,9
return_history_control,132164711,16.738,4,156,602313879.0,40.69,0.29,7
return_history_control,132181301,16.59,4,156,602431571.0,40.69,0.29,8
return_history_control,132197964,16.663,3,156,603181195.0,40.69,0.29,8
return_history_control,132214643,16.679,3,156,602557523.0,40.69,0.29,7
return_history_control,132231288,16.645,2,156,602969903.0,40.69,0.29,8
return_history_control,132247970,16.682,0,156,603206999.0,40.69,0.29,8
return_history_control,132264630,16.66,0,156,603464203.0,40.69,0.29,9
return_history_control,132281289,16.659,4,156,602679667.0,40.69,0.29,7
return_history_control,132297958,16.669,4,156,603445447.0,40.69,0.29,7
return_history_control,132314619,16.661,3,156,603647319.0,40.69,0.29,14
return_history_control,132331304,16.685,3,156,603336111.0,40.69,0.29,7
return_history_control,132347947,16.643,0,156,603811127.0,40.69,0.29,9
return_history_control,132364628,16.681,0,156,603948627.0,40.69,0.29,8
return_history_control,132381304,16.676,4,156,603611447.0,40.69,0.29,7
return_history_control,132397952,16.648,4,156,603384067.0,40.69,0.29,8
return_history_control,132414637,16.685,0,156,603779823.0,40.69,0.29,8
return_history_control,132431281,16.644,0,156,604206903.0,40.69,0.29,8
return_history_control,132447961,16.68,0,156,604307899.0,40.69,0.29,12
return_history_control,132464635,16.674,0,156,604449575.0,40.69,0.29,9
return_history_control,132481303,16.668,4,156,604044367.0,40.69,0.29,8
return_history_control,132497948,16.645,2,156,603848847.0,40.69,0.29,9
return_history_control,132514630,16.682,0,156,604145955.0,40.69,0.29,8
return_history_control,132531276,16.646,0,156,604696271.0,40.69,0.29,8
return_history_control,132547957,16.681,0,156,604583671.0,40.69,0.29,8
return_history_control,132564626,16.669,0,156,604777539.0,40.69,0.29,9
return_history_control,132581288,16.662,0,156,604944839.0,40.69,0.29,10
return_history_control,132598686,17.398,4,156,604361119.0,40.69,0.29,7
return_history_control,132614628,15.942,4,156,604840775.0,40.69,0.29,12
return_history_control,132631279,16.651,3,156,605011459.0,40.69,0.29,7
return_history_control,132647946,16.667,2,156,604925911.0,40.69,0.29,8
return_history_control,132664616,16.67,0,156,605337127.0,40.69,0.29,8
return_history_control,132681286,16.67,0,156,605469087.0,40.69,0.29,9
return_history_control,132697958,16.672,0,156,605611991.0,40.69,0.29,9
return_history_control,132714607,16.649,4,156,605057127.0,40.69,0.29,8
return_history_control,132731276,16.669,4,156,605670037.0,40.69,0.29,8
return_history_control,132747962,16.686,0,156,605628107.0,40.69,0.29,8
return_history_control,132764610,16.648,0,156,605893318.0,40.69,0.29,7
return_history_control,132781288,16.678,0,156,605935951.0,40.69,0.29,8
return_history_control,132797943,16.655,0,156,605943127.0,40.69,0.29,8
return_history_control,132814613,16.67,0,156,606214899.0,40.69,0.29,9
return_history_control,132831268,16.655,4,156,605435531.0,40.69,0.29,7
return_history_control,132847952,16.684,4,156,606075799.0,40.69,0.29,8
return_history_control,132864623,16.671,0,156,606119583.0,40.69,0.29,8
return_history_control,132883947,19.324,0,156,606132307.0,40.69,0.29,8
return_history_control,132897938,13.991,4,156,605933427.0,40.69,0.29,7
return_history_control,132914616,16.678,4,156,606125723.0,40.69,0.29,8
return_history_control,132931262,16.646,2,156,606421687.0,40.69,0.29,8
return_history_control,132947932,16.67,0,156,606438731.0,40.69,0.29,8
return_history_control,132964620,16.688,4,156,606227719.0,40.69,0.29,7
return_history_control,132981280,16.66,4,156,606365375.0,40.69,0.29,7
return_history_control,132997928,16.648,2,156,606819163.0,40.69,0.29,7
return_history_control,133014585,16.657,0,156,606777947.0,40.69,0.29,8
return_history_control,133031279,16.694,4,156,606578115.0,12.179,0.137,7
return_history_control,133047941,16.662,4,156,606707559.0,12.179,0.137,8
return_history_control,133064601,16.66,2,156,607287363.0,12.179,0.137,9
return_history_control,133081252,16.651,0,156,607301839.0,12.179,0.137,8
return_history_control,133097928,16.676,4,156,607089599.0,12.179,0.137,8
return_history_control,133114588,16.66,3,156,606982915.0,12.179,0.137,7
return_history_control,133131318,16.73,0,156,607420579.0,12.179,0.137,8
return_history_control,133147932,16.614,0,156,607594951.0,12.179,0.137,8
return_history_control,133164666,16.734,0,156,607855963.0,12.179,0.137,12
return_history_control,133181334,16.668,4,156,607327003.0,12.179,0.137,8
return_history_control,133197934,16.6,4,156,607765655.0,12.179,0.137,8
return_history_control,133214605,16.671,2,156,607961495.0,12.179,0.137,8
return_history_control,133231304,16.699,0,156,607975759.0,12.179,0.137,8
return_history_control,133247940,16.636,4,156,607770815.0,12.179,0.137,7
return_history_control,133264591,16.651,4,156,607722367.0,12.179,0.137,8
return_history_control,133281248,16.657,3,156,608336915.0,12.179,0.137,8
return_history_control,133297914,16.666,2,156,608566839.0,12.179,0.137,10
return_history_control,133314590,16.676,3,156,608429347.0,12.179,0.137,7
return_history_control,133331244,16.654,3,156,608473803.0,12.179,0.137,9
return_history_control,133347928,16.684,2,156,608696503.0,12.179,0.137,9
return_history_control,133364585,16.657,0,156,608925199.0,12.179,0.137,7
return_history_control,133381255,16.67,4,156,608713627.0,12.179,0.137,8
return_history_control,133397923,16.668,4,156,609066431.0,12.179,0.137,8
return_history_control,133414578,16.655,3,156,609698051.0,12.179,0.137,7
return_history_control,133433488,18.91,2,156,609563063.0,12.179,0.137,8
return_history_control,133447925,14.437,3,156,609371259.0,12.179,0.137,8
return_history_control,133464579,16.654,3,156,609537391.0,12.179,0.137,7
return_history_control,133481251,16.672,3,156,609965847.0,12.179,0.137,8
return_history_control,133497898,16.647,2,156,609977923.0,12.179,0.137,11
return_history_control,133514583,16.685,3,156,609840007.0,12.179,0.137,7
return_history_control,133531249,16.666,3,156,610046047.0,12.179,0.137,8
return_history_control,133547919,16.67,3,156,610275587.0,12.179,0.137,7
return_history_control,133564561,16.642,2,156,610289491.0,12.179,0.137,8
return_history_control,133581249,16.688,3,156,610153519.0,12.179,0.137,8
return_history_control,133597913,16.664,3,156,610258115.0,12.179,0.137,7
return_history_control,133614572,16.659,3,156,610636251.0,12.179,0.137,8
return_history_control,133631226,16.654,2,156,610443091.0,12.179,0.137,7
return_history_control,133647916,16.69,3,156,610303003.0,12.179,0.137,8
return_history_control,133664581,16.665,3,156,610606123.0,12.179,0.137,8
return_history_control,133681233,16.652,3,156,611109647.0,12.179,0.137,8
return_history_control,133697889,16.656,2,156,611159263.0,12.179,0.137,9
return_history_control,133714776,16.887,3,156,611021023.0,12.179,0.137,7
return_history_control,133731237,16.461,3,156,611014251.0,12.179,0.137,8
return_history_control,133747904,16.667,2,156,611349691.0,12.179,0.137,8
return_history_control,133764570,16.666,0,156,611578387.0,12.179,0.137,8
return_history_control,133781254,16.684,4,156,611369123.0,12.179,0.137,7
return_history_control,133797912,16.658,4,156,611590019.0,12.179,0.137,7
return_history_control,133814570,16.658,3,156,612067839.0,12.179,0.137,8
return_history_control,133831222,16.652,2,156,611881999.0,12.179,0.137,8
return_history_control,133847911,16.689,3,156,611748807.0,12.179,0.137,8
return_history_control,133864574,16.663,3,156,612156327.0,12.179,0.137,8
return_history_control,133881240,16.666,3,156,612365303.0,12.179,0.137,8
return_history_control,133897881,16.641,2,156,612377379.0,12.179,0.137,8
return_history_control,133914564,16.683,1,156,612404019.0,12.179,0.137,7
return_history_control,133931228,16.664,1,156,612568759.0,12.179,0.137,7
return_history_control,133947899,16.671,0,156,612926139.0,12.179,0.137,7
return_history_control,133964564,16.665,0,156,612934619.0,12.179,0.137,7
return_history_control,133981227,16.663,4,156,612736123.0,12.179,0.137,7
return_history_control,133997927,16.7,4,156,613038539.0,12.179,0.137,8
return_history_control,134014557,16.63,3,156,613411695.0,12.179,0.137,8
return_history_control,134031212,16.655,2,156,613225455.0,14.772,0.172,7
return_history_control,134047895,16.683,0,156,613463971.0,14.772,0.172,7
return_history_control,134064564,16.669,4,156,613235659.0,14.772,0.172,7
return_history_control,134081213,16.649,4,156,613577407.0,14.772,0.172,7
return_history_control,134097896,16.683,0,156,613802675.0,14.772,0.172,8
return_history_control,134114570,16.674,0,156,614032015.0,14.772,0.172,7
return_history_control,134131224,16.654,4,156,613833119.0,14.772,0.172,8
return_history_control,134147901,16.677,4,156,614054327.0,14.772,0.172,8
return_history_control,134164551,16.65,3,156,614562523.0,14.772,0.172,8
return_history_control,134181213,16.662,2,156,614374759.0,14.772,0.172,8
return_history_control,134197883,16.67,3,156,614243079.0,14.772,0.172,7
return_history_control,134214552,16.669,3,156,614653239.0,14.772,0.172,8
return_history_control,134231221,16.669,3,156,615112087.0,14.772,0.172,7
return_history_control,134247869,16.648,2,156,614924751.0,14.772,0.172,9
return_history_control,134264658,16.789,3,156,614785423.0,14.772,0.172,8
return_history_control,134281224,16.566,3,156,614901063.0,14.772,0.172,7
return_history_control,134297873,16.649,3,156,615761299.0,14.772,0.172,8
return_history_control,134314531,16.658,2,156,615295595.0,14.772,0.172,8
return_history_control,134331219,16.688,1,156,615296919.0,14.772,0.172,8
return_history_control,134347876,16.657,1,156,615156935.0,14.772,0.172,8
return_history_control,134364550,16.674,0,156,615657775.0,14.772,0.172,10
return_history_control,134381210,16.66,0,156,615882195.0,14.772,0.172,8
return_history_control,134397892,16.682,0,156,615991311.0,14.772,0.172,9
return_history_control,134414550,16.658,4,156,615683975.0,14.772,0.172,8
return_history_control,134431221,16.671,4,156,615904659.0,14.772,0.172,7
return_history_control,134447875,16.654,2,156,616326259.0,14.772,0.172,8
return_history_control,134464532,16.657,0,156,616340371.0,14.772,0.172,7
return_history_control,134481211,16.679,4,156,616128723.0,14.772,0.172,8
return_history_control,134497878,16.667,4,156,616417371.0,14.772,0.172,8
return_history_control,134514541,16.663,3,156,616919671.0,14.772,0.172,8
return_history_control,134531196,16.655,2,156,616716575.0,14.772,0.172,7
return_history_control,134548022,16.826,3,156,616579983.0,14.772,0.172,8
return_history_control,134564542,16.52,3,156,616533427.0,14.772,0.172,8
return_history_control,134581208,16.666,2,156,617158287.0,14.772,0.172,8
return_history_control,134597879,16.671,0,156,617364903.0,14.772,0.172,17
return_history_control,134614536,16.657,4,156,617153259.0,14.772,0.172,8
return_history_control,134631205,16.669,4,156,617173095.0,14.772,0.172,7
return_history_control,134647858,16.653,3,156,617688115.0,14.772,0.172,8
return_history_control,134664519,16.661,2,156,617698811.0,14.772,0.172,7
return_history_control,134681204,16.685,3,156,617560507.0,14.772,0.172,8
return_history_control,134697871,16.667,3,156,617776811.0,14.772,0.172,7
return_history_control,134714526,16.655,3,156,618182379.0,14.772,0.172,7
return_history_control,134731194,16.668,2,156,618038467.0,14.772,0.172,8
return_history_control,134747865,16.671,3,156,617845187.0,14.772,0.172,7
return_history_control,134764530,16.665,3,156,618333403.0,14.772,0.172,8
return_history_control,134781208,16.678,3,156,618573019.0,14.772,0.172,8
return_history_control,134797855,16.647,2,156,618519115.0,14.772,0.172,7
return_history_control,134814530,16.675,1,156,618539391.0,14.772,0.172,7
return_history_control,134831228,16.698,1,156,618810499.0,14.772,0.172,8
return_history_control,134847860,16.632,0,156,619167879.0,14.772,0.172,15
return_history_control,134864514,16.654,0,156,619174535.0,14.772,0.172,7
return_history_control,134881195,16.681,4,156,618967539.0,14.772,0.172,8
return_history_control,134897864,16.669,4,156,619456823.0,14.772,0.172,7
return_history_control,134914511,16.647,3,156,619612319.0,14.772,0.172,7
return_history_control,134931170,16.659,2,156,619415151.0,14.772,0.172,8
return_history_control,134947857,16.687,3,156,619286695.0,14.772,0.172,9
return_history_control,134964540,16.683,3,156,619299503.0,14.772,0.172,7
return_history_control,134981178,16.638,3,156,619961259.0,14.772,0.172,7
return_history_control,134997843,16.665,2,156,619988343.0,14.772,0.172,7
return_history_control,135014529,16.686,1,156,620017859.0,14.772,0.172,8
return_history_control,135031189,16.66,1,156,619999955.0,14.543,0.137,8
return_history_control,135047850,16.661,0,156,620313659.0,14.543,0.137,7
return_history_control,135064504,16.654,0,156,620538079.0,14.543,0.137,7
return_history_control,135081186,16.682,4,156,620339183.0,14.543,0.137,7
return_history_control,135097860,16.674,4,156,620559879.0,14.543,0.137,7
return_history_control,135114527,16.667,3,156,621292815.0,14.543,0.137,12
return_history_control,135131178,16.651,2,156,621067287.0,14.543,0.137,8
return_history_control,135147836,16.658,1,156,621056659.0,14.543,0.137,8
return_history_control,135164513,16.677,1,156,621206483.0,14.543,0.137,7
return_history_control,135181168,16.655,0,156,621707007.0,14.543,0.137,8
return_history_control,135197822,16.654,0,156,621715487.0,14.543,0.137,2023
return_history_control,135214516,16.694,4,156,621516595.0,14.543,0.137,8
return_history_control,135231181,16.665,4,156,621739071.0,14.543,0.137,8
return_history_control,135247865,16.684,3,156,622202227.0,14.543,0.137,8
return_history_control,135264487,16.622,2,156,622109967.0,14.543,0.137,8
return_history_control,135281185,16.698,1,156,622107675.0,14.543,0.137,7
return_history_control,135297840,16.655,1,156,622104515.0,14.543,0.137,8
return_history_control,135314522,16.682,0,156,622534983.0,14.543,0.137,8
return_history_control,135331160,16.638,0,156,622543463.0,14.543,0.137,8
return_history_control,135347845,16.685,4,156,622344631.0,14.543,0.137,7
return_history_control,135364505,16.66,4,156,622345731.0,14.543,0.137,7
return_history_control,135383906,19.401,3,156,623226127.0,14.543,0.137,8
return_history_control,135397830,13.924,3,156,622822051.0,14.543,0.137,7
return_history_control,135414508,16.678,0,156,623279727.0,14.543,0.137,8
return_history_control,135431159,16.651,4,156,622576003.0,14.543,0.137,7
return_history_control,135447824,16.665,4,156,622933235.0,14.543,0.137,8
return_history_control,135464493,16.669,3,156,623377791.0,14.543,0.137,7
return_history_control,135481153,16.66,2,156,623147315.0,14.543,0.137,7
return_history_control,135497825,16.672,1,156,623192791.0,14.543,0.137,7
return_history_control,135514507,16.682,1,156,623489203.0,14.543,0.137,8
return_history_control,135531170,16.663,0,156,624031895.0,14.543,0.137,8
return_history_control,135547826,16.656,0,156,624202095.0,14.543,0.137,7
return_history_control,135564499,16.673,0,156,624458211.0,14.543,0.137,10
return_history_control,135581159,16.66,4,156,624400107.0,14.543,0.137,8
return_history_control,135597825,16.666,4,156,624557611.0,14.543,0.137,7
return_history_control,135614490,16.665,3,156,624793983.0,14.543,0.137,7
return_history_control,135631143,16.653,2,156,624558459.0,14.543,0.137,7
return_history_control,135647837,16.694,0,156,624780047.0,14.543,0.137,10
return_history_control,135664666,16.829,4,156,624859911.0,14.543,0.137,8
return_history_control,135681163,16.497,4,156,624741779.0,14.543,0.137,8
return_history_control,135697818,16.655,3,156,625572611.0,14.543,0.137,8
return_history_control,135714516,16.698,2,156,625108447.0,14.543,0.137,11
return_history_control,135731149,16.633,1,156,625116991.0,14.543,0.137,7
return_history_control,135747837,16.688,1,156,625404983.0,14.543,0.137,8
return_history_control,135764495,16.658,0,156,625578443.0,14.543,0.137,7
return_history_control,135781167,16.672,0,156,625586923.0,14.543,0.137,8
return_history_control,135797822,16.655,0,156,625605807.0,14.543,0.137,11
return_history_control,135814488,16.666,4,156,625388627.0,14.543,0.137,8
return_history_control,135831165,16.677,4,156,625816191.0,14.543,0.137,7
return_history_control,135847831,16.666,3,156,625938159.0,14.543,0.137,8
return_history_control,135864465,16.634,2,156,625862955.0,14.543,0.137,8
return_history_control,135881153,16.688,1,156,625873367.0,14.543,0.137,8
return_history_control,135897807,16.654,1,156,626102427.0,14.543,0.137,8
return_history_control,135914485,16.678,0,156,626505975.0,14.543,0.137,7
return_history_control,135931236,16.751,0,156,626730395.0,14.543,0.137,9
return_history_control,135947821,16.585,0,156,626749423.0,14.543,0.137,8
return_history_control,135964484,16.663,4,156,626532175.0,14.543,0.137,8
return_history_control,135981156,16.672,4,156,626705911.0,14.543,0.137,7
return_history_control,135997808,16.652,3,156,627269299.0,14.543,0.137,9
return_history_control,136014471,16.663,2,156,627091755.0,14.543,0.137,8
return_history_control,136031267,16.796,1,156,627098799.0,14.302,0.135,8
return_history_control,136047822,16.555,1,156,627384843.0,14.302,0.135,8
return_history_control,136064481,16.659,0,156,627833747.0,14.302,0.135,7
return_history_control,136081136,16.655,0,156,627842227.0,14.302,0.135,8
return_history_control,136097810,16.674,4,156,627643395.0,14.302,0.135,7
return_history_control,136114481,16.671,4,156,627648507.0,14.302,0.135,7
return_history_control,136131131,16.65,3,156,628357999.0,14.302,0.135,7
return_history_control,136147793,16.662,2,156,628180455.0,14.302,0.135,7
return_history_control,136164463,16.67,1,156,628019531.0,14.302,0.135,7
return_history_control,136181139,16.676,1,156,627880675.0,14.302,0.135,8
return_history_control,136197809,16.67,0,156,628232183.0,14.302,0.135,7
return_history_control,136214473,16.664,0,156,628456627.0,14.302,0.135,8
return_history_control,136231138,16.665,4,156,628257851.0,14.302,0.135,7
return_history_control,136247801,16.663,4,156,628538891.0,14.302,0.135,7
return_history_control,136264469,16.668,3,156,628895371.0,14.302,0.135,7
return_history_control,136281115,16.646,2,156,628728763.0,14.302,0.135,11
return_history_control,136297806,16.691,1,156,628713979.0,14.302,0.135,7
return_history_control,136314470,16.664,1,156,629136579.0,14.302,0.135,7
return_history_control,136331137,16.667,0,156,629377427.0,14.302,0.135,8
return_history_control,136347794,16.657,0,156,629385907.0,14.302,0.135,12
return_history_control,136364478,16.684,4,156,629197967.0,14.302,0.135,6
return_history_control,136381145,16.667,4,156,629319515.0,14.302,0.135,7
return_history_control,136397806,16.661,3,156,629708159.0,14.302,0.135,8
return_history_control,136414445,16.639,2,156,629711655.0,14.302,0.135,7
return_history_control,136431131,16.686,1,156,629712523.0,14.302,0.135,7
return_history_control,136447796,16.665,1,156,629582571.0,14.302,0.135,7
return_history_control,136464468,16.672,0,156,630050031.0,14.302,0.135,8
return_history_control,136483455,18.987,0,156,630274667.0,14.302,0.135,7
return_history_control,136497770,14.315,4,156,630075843.0,14.302,0.135,7
return_history_control,136514466,16.696,4,156,630333619.0,14.302,0.135,7
return_history_control,136531122,16.656,3,156,630932463.0,14.302,0.135,8
return_history_control,136547776,16.654,2,156,630749379.0,14.302,0.135,9
return_history_control,136564447,16.671,1,156,630806959.0,14.302,0.135,7
return_history_control,136581124,16.677,1,156,631027699.0,14.302,0.135,7
return_history_control,136597790,16.666,0,156,631379327.0,14.302,0.135,7
return_history_control,136614452,16.662,0,156,631603747.0,14.302,0.135,7
return_history_control,136631119,16.667,4,156,631405259.0,14.302,0.135,7
return_history_control,136647786,16.667,4,156,631714811.0,14.302,0.135,7
return_history_control,136664451,16.665,3,156,632167047.0,14.302,0.135,8
return_history_control,136681103,16.652,2,156,631992603.0,14.302,0.135,8
return_history_control,136697790,16.687,0,156,632224611.0,14.302,0.135,9
return_history_control,136714454,16.664,4,156,631996299.0,14.302,0.135,7
return_history_control,136731122,16.668,4,156,632267935.0,14.302,0.135,10
return_history_control,136747773,16.651,3,156,632807299.0,14.302,0.135,7
return_history_control,136764727,16.954,2,156,632639379.0,14.302,0.135,7
return_history_control,136781116,16.389,1,156,632683843.0,14.302,0.135,7
return_history_control,136797792,16.676,1,156,632955995.0,14.302,0.135,8
return_history_control,136814451,16.659,0,156,633129455.0,14.302,0.135,8
return_history_control,136831108,16.657,0,156,633136107.0,14.302,0.135,8
return_history_control,136847896,16.788,4,156,632929039.0,14.302,0.135,8
return_history_control,136864443,16.547,4,156,633401723.0,14.302,0.135,8
return_history_control,136881108,16.665,3,156,633587971.0,14.302,0.135,8
return_history_control,136897774,16.666,2,156,633591151.0,14.302,0.135,8
return_history_control,136914435,16.661,1,156,633581759.0,14.302,0.135,7
return_history_control,136931098,16.663,1,156,633588447.0,14.302,0.135,8
return_history_control,136947787,16.689,0,156,633925923.0,14.302,0.135,8
return_history_control,136964733,16.946,0,156,634148515.0,14.302,0.135,7
return_history_control,136981121,16.388,4,156,633941527.0,14.302,0.135,8
return_history_control,136997779,16.658,4,156,634015467.0,14.302,0.135,8
return_history_control,137015610,17.831,3,156,634722975.0,14.302,0.135,7
return_history_control,137031094,15.484,3,156,634586066.0,16.577,2.087,7
return_history_control,137047793,16.699,0,156,634872555.0,16.577,2.087,8
return_history_control,137065531,17.738,4,156,634746083.0,16.577,2.087,11
return_history_control,137081112,15.581,4,156,634725091.0,16.577,2.087,8
return_history_control,137097757,16.645,3,156,635333723.0,16.577,2.087,8
return_history_control,137115557,17.8,2,156,635150815.0,16.577,2.087,7
return_history_control,137131106,15.549,1,156,635172087.0,16.577,2.087,8
return_history_control,137147770,16.664,1,156,635336083.0,16.577,2.087,7
return_history_control,137165578,17.808,0,156,635771807.0,16.577,2.087,8
return_history_control,137181093,15.515,0,156,635780287.0,16.577,2.087,7
return_history_control,137197772,16.679,0,156,635889331.0,16.577,2.087,10
return_history_control,137215566,17.794,4,156,635782139.0,16.577,2.087,12
return_history_control,137231097,15.531,4,156,635792487.0,16.577,2.087,7
return_history_control,137247764,16.667,3,156,636309459.0,16.577,2.087,7
return_history_control,137264471,16.707,0,156,636328703.0,16.577,2.087,8
return_history_control,137281103,16.632,4,156,636116983.0,16.577,2.087,7
return_history_control,137297762,16.659,4,156,636171771.0,16.577,2.087,334
return_history_control,137314981,17.219,2,156,636597279.0,16.577,2.087,9
return_history_control,137331076,16.095,0,156,636830935.0,16.577,2.087,8
return_history_control,137347763,16.687,0,156,636927463.0,16.577,2.087,9
return_history_control,137365525,17.762,4,156,636826715.0,16.577,2.087,178
return_history_control,137381098,15.573,4,156,636917155.0,16.577,2.087,7
return_history_control,137397763,16.665,3,156,637611327.0,16.577,2.087,8
return_history_control,137414484,16.721,0,156,637364303.0,16.577,2.087,8
return_history_control,137431100,16.616,4,156,637160491.0,16.577,2.087,7
return_history_control,137447762,16.662,4,156,637574279.0,16.577,2.087,8
return_history_control,137465597,17.835,3,156,637920963.0,16.577,2.087,7
return_history_control,137481087,15.49,2,156,637846263.0,16.577,2.087,8
return_history_control,137497752,16.665,0,156,638023847.0,16.577,2.087,9
return_history_control,137515889,18.137,4,156,637897415.0,16.577,2.087,8
return_history_control,137531075,15.186,4,156,637659367.0,16.577,2.087,7
return_history_control,137547749,16.674,3,156,638049627.0,16.577,2.087,8
return_history_control,137565892,18.143,0,156,638200055.0,16.577,2.087,7
return_history_control,137581100,15.208,4,156,637989027.0,16.577,2.087,7
return_history_control,137597755,16.655,4,156,637980975.0,16.577,2.087,9
return_history_control,137615757,18.002,4,156,638297995.0,16.577,2.087,8
return_history_control,137631066,15.309,2,156,638390543.0,16.577,2.087,7
return_history_control,137647733,16.667,4,156,638310279.0,16.577,2.087,7
return_history_control,137665906,18.173,5,156,638261447.0,16.577,2.087,7
return_history_control,137681087,15.181,5,156,638378003.0,16.577,2.087,8
return_history_control,137697762,16.675,5,156,638391003.0,16.577,2.087,8
return_history_control,137715780,18.018,1,156,638531859.0,16.577,2.087,8
return_history_control,137731083,15.303,1,156,638192655.0,16.577,2.087,6
return_history_control,137747752,16.669,0,156,638204951.0,16.577,2.087,8
return_history_control,137765817,18.065,4,156,637997603.0,16.577,2.087,8
return_history_control,137781078,15.261,4,156,638211399.0,16.577,2.087,8
return_history_control,137797736,16.658,3,156,638792183.0,16.577,2.087,8
return_history_control,137815588,17.852,0,156,638741547.0,16.577,2.087,7
return_history_control,137831074,15.486,4,156,638538027.0,16.577,2.087,7
return_history_control,137847733,16.659,4,156,638304583.0,16.577,2.087,7
return_history_control,137865656,17.923,4,156,638678215.0,16.577,2.087,7
return_history_control,137881236,15.58,2,156,638768895.0,16.577,2.087,8
return_history_control,137897743,16.507,2,156,638999359.0,16.577,2.087,11
return_history_control,137915687,17.944,4,156,638678879.0,16.577,2.087,8
return_history_control,137931072,15.385,5,156,638335019.0,16.577,2.087,8
return_history_control,137947736,16.664,5,156,638454887.0,16.577,2.087,8
return_history_control,137965670,17.934,1,156,638595843.0,16.577,2.087,9
return_history_control,137981055,15.385,1,156,638255411.0,16.577,2.087,8
return_history_control,137997719,16.664,0,156,638269535.0,16.577,2.087,8
return_history_control,138015556,17.837,4,156,638354043.0,16.577,2.087,8
return_history_control,138031071,15.515,4,156,638284971.0,13.591,0.422,9
return_history_control,138047724,16.653,3,156,638863039.0,13.591,0.422,8
return_history_control,138065701,17.977,0,156,638811819.0,13.591,0.422,7
return_history_control,138081065,15.364,4,156,638600719.0,13.591,0.422,8
return_history_control,138097722,16.657,4,156,638367275.0,13.591,0.422,8
return_history_control,138115657,17.935,4,156,638740907.0,13.591,0.422,8
return_history_control,138131058,15.401,3,156,638781587.0,13.591,0.422,8
return_history_control,138148000,16.942,2,156,639160823.0,13.591,0.422,9
return_history_control,138165653,17.653,4,156,638395923.0,13.591,0.422,8
return_history_control,138181065,15.412,5,156,638407463.0,13.591,0.422,8
return_history_control,138197729,16.664,5,156,638527571.0,13.591,0.422,8
return_history_control,138215663,17.934,1,156,638668427.0,13.591,0.422,8
return_history_control,138231059,15.396,1,156,638328095.0,13.591,0.422,8
return_history_control,138247726,16.667,0,156,638340391.0,13.591,0.422,7
return_history_control,138265684,17.958,4,156,638132979.0,13.591,0.422,8
return_history_control,138281065,15.381,4,156,638346775.0,13.591,0.422,8
return_history_control,138297738,16.673,3,156,638864543.0,13.591,0.422,8
return_history_control,138315707,17.969,0,156,638876923.0,13.591,0.422,8
return_history_control,138331046,15.339,4,156,638673403.0,13.591,0.422,7
return_history_control,138347710,16.664,4,156,638439959.0,13.591,0.422,7
return_history_control,138365675,17.965,4,156,638813591.0,13.591,0.422,8
return_history_control,138381095,15.42,3,156,638852439.0,13.591,0.422,6
return_history_control,138397715,16.62,2,156,639226763.0,13.591,0.422,9
return_history_control,138415669,17.954,4,156,638298803.0,13.591,0.422,8
return_history_control,138431569,15.9,5,156,638470139.0,13.591,0.422,9
return_history_control,138447716,16.147,5,156,638590247.0,13.591,0.422,8
return_history_control,138465678,17.962,1,156,638731103.0,13.591,0.422,8
return_history_control,138481049,15.371,1,156,638390771.0,13.591,0.422,8
return_history_control,138497712,16.663,0,156,638404895.0,13.591,0.422,8
return_history_control,138515672,17.96,4,156,638207323.0,13.591,0.422,7
return_history_control,138531048,15.376,4,156,638421119.0,13.591,0.422,8
return_history_control,138547703,16.655,3,156,639000075.0,13.591,0.422,8
return_history_control,138565669,17.966,0,156,638948855.0,13.591,0.422,7
return_history_control,138581039,15.37,4,156,638737751.0,13.591,0.422,7
return_history_control,138597702,16.663,4,156,638508071.0,13.591,0.422,7
return_history_control,138615695,17.993,4,156,638877939.0,13.591,0.422,7
return_history_control,138631037,15.342,3,156,638918619.0,13.591,0.422,7
return_history_control,138647702,16.665,2,156,639296115.0,13.591,0.422,10
return_history_control,138665702,18.0,4,156,638373147.0,13.591,0.422,8
return_history_control,138681043,15.341,5,156,638544491.0,13.591,0.422,8
return_history_control,138697752,16.709,5,156,638664599.0,13.591,0.422,8
return_history_control,138715682,17.93,1,156,638802855.0,13.591,0.422,8
return_history_control,138731029,15.347,1,156,638466127.0,13.591,0.422,9
return_history_control,138747811,16.782,0,156,638477415.0,13.591,0.422,8
return_history_control,138765688,17.877,4,156,638278523.0,13.591,0.422,8
return_history_control,138781039,15.351,4,156,638492319.0,13.591,0.422,8
return_history_control,138797707,16.668,3,156,639010087.0,13.591,0.422,8
return_history_control,138814359,16.652,2,156,638973131.0,13.591,0.422,8
return_history_control,138831047,16.688,0,156,639229279.0,13.591,0.422,9
return_history_control,138847703,16.656,4,156,638508063.0,13.591,0.422,7
return_history_control,138864361,16.658,4,156,638725139.0,13.591,0.422,9
return_history_control,138881028,16.667,3,156,639115639.0,13.591,0.422,7
return_history_control,138897692,16.664,0,156,639050895.0,13.591,0.422,8
return_history_control,138914366,16.674,0,156,639163579.0,13.591,0.422,9
return_history_control,138931025,16.659,4,156,639040615.0,13.591,0.422,7
return_history_control,138947684,16.659,4,156,638616903.0,13.591,0.422,9
return_history_control,138964362,16.678,4,156,638979739.0,13.591,0.422,8
return_history_control,138981086,16.724,2,156,639071063.0,13.591,0.422,7
return_history_control,138997688,16.602,4,156,638983227.0,13.591,0.422,8
recovery,139038491,40.803,4,156,638612763.0,13.591,0.422,9
recovery,139043203,4.712,4,156,638616603.0,40.638,0.227,10
recovery,139056898,13.695,4,156,638745427.0,40.638,0.227,9
recovery,139071832,14.934,1,156,638955639.0,40.638,0.227,9
recovery,139088519,16.687,1,156,638492203.0,40.638,0.227,8
recovery,139106765,18.246,2,156,638903795.0,40.638,0.227,8
recovery,139121837,15.072,4,156,639185115.0,40.638,0.227,7
recovery,139138490,16.653,4,156,639193031.0,40.638,0.227,9
recovery,139156630,18.14,4,156,639259571.0,40.638,0.227,8
recovery,139171824,15.194,4,156,639417931.0,40.638,0.227,8
recovery,139188488,16.664,4,156,639495251.0,40.638,0.227,8
recovery,139205463,16.975,4,156,639640091.0,40.638,0.227,8
recovery,139221817,16.354,4,156,639727067.0,40.638,0.227,9
recovery,139238489,16.672,4,156,639808699.0,40.638,0.227,7
recovery,139257055,18.566,4,156,639936623.0,40.638,0.227,8
recovery,139271822,14.767,1,156,640017623.0,40.638,0.227,8
recovery,139288483,16.661,2,156,640623349.0,40.638,0.227,2746
recovery,139306914,18.431,3,156,640951537.0,40.638,0.227,100
recovery,139321829,14.915,3,156,641208049.0,40.638,0.227,101
recovery,139338503,16.674,0,156,641315877.0,40.638,0.227,2133
recovery,139356785,18.282,4,156,641983239.0,40.638,0.227,3916
recovery,139371836,15.051,5,156,642155587.0,40.638,0.227,248
recovery,139388491,16.655,5,156,642327995.0,40.638,0.227,315
recovery,139406663,18.172,5,156,642447183.0,40.638,0.227,210
recovery,139421827,15.164,4,156,642652139.0,40.638,0.227,221
recovery,139438479,16.652,4,156,642883243.0,40.638,0.227,219
recovery,139456498,18.019,4,156,642929863.0,40.638,0.227,212
recovery,139471808,15.31,4,156,643037087.0,40.638,0.227,207
recovery,139488484,16.676,4,156,643141471.0,40.638,0.227,227
recovery,139505139,16.655,4,156,643272819.0,40.638,0.227,208
recovery,139521814,16.675,4,156,643345267.0,40.638,0.227,285
recovery,139538472,16.658,4,156,643518715.0,40.638,0.227,208
recovery,139555137,16.665,4,156,643649723.0,40.638,0.227,212
recovery,139571807,16.67,4,156,643736563.0,40.638,0.227,2006
recovery,139588472,16.665,4,156,643887251.0,40.638,0.227,115
recovery,139605148,16.676,4,156,643956767.0,40.638,0.227,121
recovery,139621803,16.655,3,156,644101583.0,40.638,0.227,123
recovery,139638469,16.666,3,156,644372367.0,40.638,0.227,2050
recovery,139655136,16.667,3,156,644659891.0,40.638,0.227,8
recovery,139671800,16.664,2,156,644940415.0,40.638,0.227,7
recovery,139688486,16.686,2,156,645028099.0,40.638,0.227,8
recovery,139705137,16.651,4,156,645245299.0,40.638,0.227,7
recovery,139721801,16.664,1,156,645368895.0,40.638,0.227,8
recovery,139738462,16.661,2,156,645858487.0,40.638,0.227,5326
recovery,139755134,16.672,3,156,645967443.0,40.638,0.227,108
recovery,139771807,16.673,2,156,646093587.0,40.638,0.227,106
recovery,139788464,16.657,2,156,646344559.0,40.638,0.227,104
recovery,139805126,16.662,2,156,646486315.0,40.638,0.227,108
recovery,139821805,16.679,4,156,646501283.0,40.638,0.227,111
recovery,139838462,16.657,1,156,646748883.0,40.638,0.227,107
recovery,139855120,16.658,3,156,647245895.0,40.638,0.227,4859
recovery,139871801,16.681,4,156,647288419.0,40.638,0.227,204
recovery,139888467,16.666,3,156,647466699.0,40.638,0.227,208
recovery,139905124,16.657,3,156,647660695.0,40.638,0.227,199
recovery,139921803,16.679,3,156,647825743.0,40.638,0.227,199
recovery,139938464,16.661,0,156,647934735.0,40.638,0.227,201
recovery,139955139,16.675,1,156,648326591.0,40.638,0.227,5165
recovery,139971788,16.649,3,156,648465603.0,40.638,0.227,281
recovery,139988481,16.693,0,156,648484135.0,40.638,0.227,278
recovery,140005139,16.658,0,156,648769605.0,40.638,0.227,5399
recovery,140021800,16.661,0,156,648873139.0,15.717,0.134,5777
recovery,140038507,16.707,0,156,648959475.0,15.717,0.134,4745
recovery,140055120,16.613,4,156,649143699.0,15.717,0.134,3820
recovery,140071789,16.669,5,156,649284963.0,15.717,0.134,324
recovery,140088459,16.67,4,156,649389663.0,15.717,0.134,341
recovery,140105138,16.679,4,156,649587919.0,15.717,0.134,312
recovery,140121797,16.659,4,156,649751067.0,15.717,0.134,327
recovery,140138450,16.653,4,156,649830195.0,15.717,0.134,2132
recovery,140155110,16.66,3,156,649949975.0,15.717,0.134,241
recovery,140171797,16.687,4,156,650209407.0,15.717,0.134,233
recovery,140189589,17.792,4,156,650338299.0,15.717,0.134,286
recovery,140205122,15.533,3,156,650419667.0,15.717,0.134,227
recovery,140221779,16.657,3,156,650678267.0,15.717,0.134,226
recovery,140239469,17.69,0,156,650725079.0,15.717,0.134,1712
recovery,140255109,15.64,2,156,651148965.0,15.717,0.134,7735
recovery,140271781,16.672,3,156,651337885.0,15.717,0.134,220
recovery,140289323,17.542,0,156,651453689.0,15.717,0.134,1480
recovery,140305121,15.798,1,156,651956925.0,15.717,0.134,8336
recovery,140321785,16.664,3,156,651993897.0,15.717,0.134,399
recovery,140339235,17.45,0,156,652084485.0,15.717,0.134,562
recovery,140355128,15.893,0,156,652382099.0,15.717,0.134,3913
recovery,140371953,16.825,0,156,652478399.0,15.717,0.134,4777
recovery,140389077,17.124,0,156,652548135.0,15.717,0.134,3579
recovery,140405108,16.031,4,156,652742605.0,15.717,0.134,2571
recovery,140421770,16.662,5,156,652905477.0,15.717,0.134,203
recovery,140438937,17.167,4,156,653012121.0,15.717,0.134,197
recovery,140455095,16.158,4,156,653227353.0,15.717,0.134,203
recovery,140471774,16.679,4,156,653295737.0,15.717,0.134,217
recovery,140488787,17.013,4,156,653401049.0,15.717,0.134,201
recovery,140505136,16.349,4,156,653461233.0,15.717,0.134,199
recovery,140521809,16.673,4,156,653593209.0,15.717,0.134,212
recovery,140538669,16.86,4,156,653655981.0,15.717,0.134,1122
recovery,140555103,16.434,4,156,653774145.0,15.717,0.134,151
recovery,140571771,16.668,4,156,653883177.0,15.717,0.134,149
recovery,140588541,16.77,4,156,654014549.0,15.717,0.134,1226
recovery,140605100,16.559,4,156,654154113.0,15.717,0.134,93
recovery,140621778,16.678,3,156,654235997.0,15.717,0.134,91
recovery,140638431,16.653,4,156,654576977.0,15.717,0.134,1302
recovery,140655344,16.913,4,156,654861801.0,15.717,0.134,19
recovery,140671767,16.423,3,156,655014625.0,15.717,0.134,206
recovery,140688465,16.698,3,156,655275045.0,15.717,0.134,7
recovery,140705108,16.643,3,156,655411097.0,15.717,0.134,8
recovery,140721764,16.656,0,156,655526469.0,15.717,0.134,8
recovery,140738426,16.662,2,156,655902215.0,15.717,0.134,6294
recovery,140755110,16.684,5,156,656109579.0,15.717,0.134,26
recovery,140771765,16.655,5,156,656249435.0,15.717,0.134,31
recovery,140788445,16.68,5,156,656260479.0,15.717,0.134,32
recovery,140805087,16.642,2,156,656516095.0,15.717,0.134,29
recovery,140821818,16.731,3,156,656725907.0,15.717,0.134,1418
recovery,140838441,16.623,3,156,656867591.0,15.717,0.134,24
recovery,140855094,16.653,2,156,657020575.0,15.717,0.134,30
recovery,140871753,16.659,4,156,656536823.0,15.717,0.134,27
recovery,140888426,16.673,4,156,654418891.0,15.717,0.134,27
recovery,140905092,16.666,1,156,654498223.0,15.717,0.134,29
recovery,140921759,16.667,2,156,654899991.0,15.717,0.134,2847
recovery,140938443,16.684,3,156,654974871.0,15.717,0.134,55
recovery,140955097,16.654,2,156,655109295.0,15.717,0.134,31
recovery,140971762,16.665,2,156,655206983.0,15.717,0.134,32
recovery,140988420,16.658,4,156,654906095.0,15.717,0.134,30
recovery,141005087,16.667,1,156,653156139.0,15.717,0.134,31
recovery,141021750,16.663,3,156,653718505.0,15.104,0.191,2190
recovery,141038412,16.662,4,156,653683449.0,15.104,0.191,16
recovery,141055097,16.685,3,156,653759953.0,15.104,0.191,15
recovery,141071750,16.653,3,156,653993785.0,15.104,0.191,14
recovery,141088423,16.673,0,156,654097357.0,15.104,0.191,16
recovery,141107106,18.683,4,156,654436693.0,15.104,0.191,5585
recovery,141121778,14.672,5,156,654560649.0,15.104,0.191,16
recovery,141138413,16.635,4,156,654639745.0,15.104,0.191,15
recovery,141157009,18.596,4,156,654870637.0,15.104,0.191,14
recovery,141171749,14.74,4,156,654938665.0,15.104,0.191,15
recovery,141188409,16.66,3,156,655069601.0,15.104,0.191,15
recovery,141206948,18.539,3,156,655298581.0,15.104,0.191,133
recovery,141221756,14.808,4,156,655479497.0,15.104,0.191,8
recovery,141238403,16.647,3,156,655567701.0,15.104,0.191,8
recovery,141256756,18.353,3,156,655751833.0,15.104,0.191,7
recovery,141271752,14.996,3,156,655861985.0,15.104,0.191,8
recovery,141288410,16.658,3,156,655992677.0,15.104,0.191,9
recovery,141305718,17.308,3,156,656100237.0,15.104,0.191,8
recovery,141321757,16.039,3,156,656178361.0,15.104,0.191,8
recovery,141338414,16.657,4,156,656356437.0,15.104,0.191,8
recovery,141355068,16.654,4,156,656435761.0,15.104,0.191,11
recovery,141371735,16.667,4,156,656540929.0,15.104,0.191,8
recovery,141388478,16.743,4,156,656644465.0,15.104,0.191,8
recovery,141405131,16.653,4,156,656770569.0,15.104,0.191,9
recovery,141421734,16.603,4,156,656864121.0,15.104,0.191,8
recovery,141438404,16.67,1,156,656961857.0,15.104,0.191,8
recovery,141455081,16.677,5,156,657396411.0,15.104,0.191,2147
recovery,141471741,16.66,6,156,657751935.0,15.104,0.191,12
recovery,141488453,16.712,5,156,658044951.0,15.104,0.191,11
recovery,141505062,16.609,5,156,658171275.0,15.104,0.191,11
recovery,141521741,16.679,5,156,658304239.0,15.104,0.191,12
recovery,141538395,16.654,4,156,658487015.0,15.104,0.191,14
recovery,141555059,16.664,4,156,658695007.0,15.104,0.191,12
recovery,141571742,16.683,4,156,658779739.0,15.104,0.191,12
recovery,141588386,16.644,4,156,658949151.0,15.104,0.191,14
recovery,141605072,16.686,3,156,659073791.0,15.104,0.191,12
recovery,141621722,16.65,3,156,659305311.0,15.104,0.191,12
recovery,141638401,16.679,3,156,659380775.0,15.104,0.191,15
recovery,141655073,16.672,2,156,659560559.0,15.104,0.191,13
recovery,141671733,16.66,2,156,659736583.0,15.104,0.191,12
recovery,141688386,16.653,4,156,659927099.0,15.104,0.191,11
recovery,141705048,16.662,1,156,660024879.0,15.104,0.191,13
recovery,141721739,16.691,2,156,660373871.0,15.104,0.191,2284
recovery,141738386,16.647,3,156,660538119.0,15.104,0.191,105
recovery,141755084,16.698,2,156,660625451.0,15.104,0.191,8
recovery,141771720,16.636,2,156,660904951.0,15.104,0.191,8
recovery,141788393,16.673,0,156,660980891.0,15.104,0.191,8
recovery,141805053,16.66,4,156,661342775.0,15.104,0.191,1565
recovery,141821725,16.672,5,156,661487323.0,15.104,0.191,8
recovery,141838402,16.677,5,156,661609275.0,15.104,0.191,8
recovery,141855055,16.653,4,156,661681935.0,15.104,0.191,8
recovery,141871714,16.659,4,156,661947699.0,15.104,0.191,8
recovery,141888396,16.682,3,156,661992851.0,15.104,0.191,8
recovery,141905058,16.662,3,156,662237299.0,15.104,0.191,8
recovery,141921715,16.657,4,156,662379415.0,15.104,0.191,7
recovery,141938788,17.073,4,156,662530347.0,15.104,0.191,8
recovery,141955059,16.271,4,156,662702095.0,15.104,0.191,8
recovery,141971722,16.663,3,156,662782451.0,15.104,0.191,9
recovery,141988634,16.912,3,156,663007463.0,15.104,0.191,8
recovery,142005050,16.416,3,156,663056151.0,15.104,0.191,7
recovery,142021708,16.658,0,156,663181511.0,14.552,2.143,8
recovery,142039263,17.555,5,156,662315843.0,14.552,2.143,2372
recovery,142055042,15.779,6,156,660456635.0,14.552,2.143,8
recovery,142071717,16.675,5,156,659394207.0,14.552,2.143,8
recovery,142088409,16.692,5,156,658536487.0,14.552,2.143,8
recovery,142105046,16.637,4,156,658614743.0,14.552,2.143,8
recovery,142121715,16.669,4,156,658770635.0,14.552,2.143,8
recovery,142138393,16.678,4,156,658986419.0,14.552,2.143,7
recovery,142155086,16.693,4,156,659093387.0,14.552,2.143,8
recovery,142171709,16.623,3,156,659161543.0,14.552,2.143,9
recovery,142188375,16.666,3,156,659407935.0,14.552,2.143,8
recovery,142205055,16.68,3,156,659498219.0,14.552,2.143,8
recovery,142221715,16.66,3,156,659636515.0,14.552,2.143,7
recovery,142238366,16.651,3,156,659669279.0,14.552,2.143,10
recovery,142255049,16.683,3,156,659770075.0,14.552,2.143,8
recovery,142271707,16.658,4,156,659877603.0,14.552,2.143,7
recovery,142288376,16.669,4,156,659934799.0,14.552,2.143,9
recovery,142305032,16.656,4,156,660070443.0,14.552,2.143,9
recovery,142321743,16.711,4,156,660129255.0,14.552,2.143,7
recovery,142338369,16.626,3,156,660249343.0,14.552,2.143,8
recovery,142355035,16.666,3,156,660547755.0,14.552,2.143,7
recovery,142371696,16.661,3,156,660647755.0,14.552,2.143,7
recovery,142388376,16.68,1,156,660965063.0,14.552,2.143,12
recovery,142405032,16.656,3,156,661321339.0,14.552,2.143,1019
recovery,142421691,16.659,4,156,661298347.0,14.552,2.143,8
recovery,142438359,16.668,4,156,661496359.0,14.552,2.143,7
recovery,142455032,16.673,4,156,661599971.0,14.552,2.143,8
recovery,142471711,16.679,4,156,661788363.0,14.552,2.143,8
recovery,142488355,16.644,4,156,661900411.0,14.552,2.143,7
recovery,142505031,16.676,4,156,662201015.0,14.552,2.143,8
recovery,142521692,16.661,4,156,662358731.0,14.552,2.143,10
recovery,142538359,16.667,4,156,662441551.0,14.552,2.143,8
recovery,142555022,16.663,4,156,662595239.0,14.552,2.143,8
recovery,142571683,16.661,3,156,662667015.0,14.552,2.143,8
recovery,142589200,17.517,3,156,662950507.0,14.552,2.143,8
recovery,142605020,15.82,3,156,663169491.0,14.552,2.143,8
recovery,142621690,16.67,0,156,663420175.0,14.552,2.143,8
recovery,142638351,16.661,1,156,663635715.0,14.552,2.143,1918
recovery,142657045,18.694,2,156,663835395.0,14.552,2.143,9
recovery,142671687,14.642,0,156,663934323.0,14.552,2.143,9
recovery,142688430,16.743,0,156,664177777.0,14.552,2.143,982
recovery,142705048,16.618,0,156,664230681.0,14.552,2.143,932
recovery,142721699,16.651,0,156,664308019.0,14.552,2.143,690
recovery,142738344,16.645,4,156,664506019.0,14.552,2.143,936
recovery,142755021,16.677,5,156,664618351.0,14.552,2.143,8
recovery,142771681,16.66,5,156,664864279.0,14.552,2.143,11
recovery,142788345,16.664,4,156,664968655.0,14.552,2.143,8
recovery,142805021,16.676,4,156,665023799.0,14.552,2.143,7
recovery,142821686,16.665,4,156,665024403.0,14.552,2.143,8
recovery,142838360,16.674,4,156,665025007.0,14.552,2.143,8
recovery,142855038,16.678,4,156,665025611.0,14.552,2.143,7
recovery,142871974,16.936,4,156,665026215.0,14.552,2.143,14
recovery,142888356,16.382,4,156,665026823.0,14.552,2.143,8
recovery,142905017,16.661,4,156,665027427.0,14.552,2.143,8
recovery,142921682,16.665,4,156,665299575.0,14.552,2.143,8
recovery,142938343,16.661,4,156,665406051.0,14.552,2.143,8
recovery,142955022,16.679,4,156,665406655.0,14.552,2.143,8
recovery,142971676,16.654,4,156,665472007.0,14.552,2.143,8
recovery,142988334,16.658,3,156,665621455.0,14.552,2.143,8
recovery,143005002,16.668,3,156,665865771.0,14.552,2.143,8
recovery,143021720,16.718,3,156,665979451.0,14.626,0.188,7
recovery,143038340,16.62,2,156,666087383.0,14.626,0.188,8
recovery,143055025,16.685,2,156,666294471.0,14.626,0.188,8
recovery,143071671,16.646,2,156,666456055.0,14.626,0.188,8
recovery,143088792,17.121,1,156,666535523.0,14.626,0.188,8
recovery,143104997,16.205,2,156,666903779.0,14.626,0.188,2250
recovery,143121679,16.682,3,156,666990803.0,14.626,0.188,8
recovery,143138784,17.105,3,156,667076139.0,14.626,0.188,8
recovery,143155017,16.233,2,156,667237179.0,14.626,0.188,8
recovery,143171667,16.65,2,156,667430795.0,14.626,0.188,8
recovery,143188327,16.66,2,156,667542675.0,14.626,0.188,7
recovery,143204994,16.667,4,156,667735831.0,14.626,0.188,7
recovery,143221657,16.663,4,156,667832179.0,14.626,0.188,9
recovery,143238336,16.679,4,156,667928615.0,14.626,0.188,8
recovery,143254990,16.654,4,156,668057319.0,14.626,0.188,7
recovery,143271681,16.691,4,156,668117995.0,14.626,0.188,7
recovery,143288340,16.659,4,156,668239779.0,14.626,0.188,8
recovery,143304987,16.647,4,156,668357731.0,14.626,0.188,8
recovery,143321655,16.668,1,156,668460283.0,14.626,0.188,8
recovery,143338326,16.671,3,156,668842607.0,14.626,0.188,1605
recovery,143354987,16.661,4,156,669094707.0,14.626,0.188,7
recovery,143371653,16.666,4,156,669354387.0,14.626,0.188,7
recovery,143388319,16.666,4,156,669331239.0,14.626,0.188,7
recovery,143404984,16.665,4,156,669438019.0,14.626,0.188,8
recovery,143421667,16.683,4,156,669502807.0,14.626,0.188,8
recovery,143438320,16.653,4,156,669611459.0,14.626,0.188,8
recovery,143454993,16.673,4,156,669672575.0,14.626,0.188,8
recovery,143471648,16.655,4,156,669784135.0,14.626,0.188,8
recovery,143488332,16.684,4,156,669883543.0,14.626,0.188,8
recovery,143504982,16.65,3,156,669961491.0,14.626,0.188,8
recovery,143521650,16.668,3,156,670273211.0,14.626,0.188,7
recovery,143538320,16.67,0,156,670525943.0,14.626,0.188,8
recovery,143554979,16.659,4,156,670911187.0,14.626,0.188,1497
recovery,143571647,16.668,5,156,670986747.0,14.626,0.188,7
recovery,143588319,16.672,5,156,671017199.0,14.626,0.188,8
recovery,143604979,16.66,5,156,671126315.0,14.626,0.188,7
recovery,143621652,16.673,5,156,671186499.0,14.626,0.188,8
recovery,143638320,16.668,5,156,671299195.0,14.626,0.188,8
recovery,143654979,16.659,5,156,671360419.0,14.626,0.188,8
recovery,143671641,16.662,5,156,671492583.0,14.626,0.188,7
recovery,143688314,16.673,5,156,671558139.0,14.626,0.188,7
recovery,143704991,16.677,5,156,671670531.0,14.626,0.188,7
recovery,143721660,16.669,4,156,671734155.0,14.626,0.188,7
recovery,143738305,16.645,4,156,672030019.0,14.626,0.188,7
recovery,143754984,16.679,4,156,672265307.0,14.626,0.188,8
recovery,143771632,16.648,4,156,672514651.0,14.626,0.188,7
recovery,143788314,16.682,4,156,672460507.0,14.626,0.188,7
recovery,143804971,16.657,4,156,672583299.0,14.626,0.188,8
recovery,143822929,17.958,4,156,672690351.0,14.626,0.188,8
recovery,143838301,15.372,4,156,672769675.0,14.626,0.188,8
recovery,143854975,16.674,4,156,672882195.0,14.626,0.188,7
recovery,143872817,17.842,4,156,673002239.0,14.626,0.188,8
recovery,143888300,15.483,4,156,673121439.0,14.626,0.188,8
recovery,143904974,16.674,3,156,673303943.0,14.626,0.188,2010
recovery,143922661,17.687,3,156,673522695.0,14.626,0.188,7
recovery,143938309,15.648,3,156,673771699.0,14.626,0.188,7
recovery,143954971,16.662,3,156,673961943.0,14.626,0.188,8
recovery,143972533,17.562,3,156,674066707.0,14.626,0.188,7
recovery,143988348,15.815,3,156,674143323.0,14.626,0.188,8
recovery,144004966,16.618,3,156,674229919.0,14.626,0.188,8
recovery,144022419,17.453,4,156,674371075.0,10.993,0.171,8
recovery,144038298,15.879,4,156,674473763.0,10.993,0.171,8
recovery,144054965,16.667,4,156,674550811.0,10.993,0.171,8
recovery,144072266,17.301,4,156,674645323.0,10.993,0.171,8
recovery,144088292,16.026,4,156,674797095.0,10.993,0.171,8
recovery,144104959,16.667,3,156,674882471.0,10.993,0.171,8
recovery,144122128,17.169,3,156,675166839.0,10.993,0.171,7
recovery,144138362,16.234,4,156,675390627.0,10.993,0.171,8
recovery,144154957,16.595,4,156,675590583.0,10.993,0.171,8
recovery,144172036,17.079,4,156,675656799.0,10.993,0.171,7
recovery,144188291,16.255,4,156,675772747.0,10.993,0.171,8
recovery,144204961,16.67,4,156,675834331.0,10.993,0.171,8
recovery,144221906,16.945,4,156,675949123.0,10.993,0.171,9
recovery,144238298,16.392,4,156,676010619.0,10.993,0.171,8
recovery,144255447,17.149,4,156,676122559.0,10.993,0.171,8
recovery,144271649,16.202,4,156,676185507.0,10.993,0.171,8
recovery,144288289,16.64,1,156,676294191.0,10.993,0.171,9
recovery,144304957,16.668,3,156,676505677.0,10.993,0.171,998
recovery,144321667,16.71,4,156,676755809.0,10.993,0.171,8
recovery,144338283,16.616,4,156,676980357.0,10.993,0.171,7
recovery,144354959,16.676,4,156,677163793.0,10.993,0.171,8
recovery,144371618,16.659,4,156,677212041.0,10.993,0.171,8
recovery,144388284,16.666,4,156,677310825.0,10.993,0.171,8
recovery,144404953,16.669,4,156,677373797.0,10.993,0.171,8
recovery,144421619,16.666,4,156,677457229.0,10.993,0.171,8
recovery,144438284,16.665,4,156,677590673.0,10.993,0.171,7
recovery,144454944,16.66,4,156,677663309.0,10.993,0.171,7
recovery,144471670,16.726,4,156,677751909.0,10.993,0.171,8
recovery,144488274,16.604,4,156,677884173.0,10.993,0.171,8
recovery,144504936,16.662,3,156,677978213.0,10.993,0.171,8
recovery,144521607,16.671,3,156,678282361.0,10.993,0.171,7
recovery,144538290,16.683,3,156,678564877.0,10.993,0.171,7
recovery,144554959,16.669,3,156,678689145.0,10.993,0.171,9
recovery,144571607,16.648,3,156,678964489.0,10.993,0.171,7
recovery,144588268,16.661,3,156,678921961.0,10.993,0.171,7
recovery,144604941,16.673,4,156,678987985.0,10.993,0.171,8
recovery,144621602,16.661,4,156,679099785.0,10.993,0.171,8
recovery,144638297,16.695,4,156,679194029.0,10.993,0.171,8
recovery,144654935,16.638,4,156,679325421.0,10.993,0.171,8
recovery,144671609,16.674,4,156,679448249.0,10.993,0.171,8
recovery,144688269,16.66,0,156,679545773.0,10.993,0.171,7
recovery,144704932,16.663,1,156,679777343.0,10.993,0.171,1394
recovery,144721774,16.842,5,156,680112975.0,10.993,0.171,7
recovery,144738265,16.491,5,156,680309655.0,10.993,0.171,8
recovery,144754939,16.674,5,156,680300283.0,10.993,0.171,7
recovery,144771592,16.653,5,156,680374455.0,10.993,0.171,8
recovery,144788263,16.671,5,156,680483499.0,10.993,0.171,8
recovery,144804926,16.663,5,156,680554263.0,10.993,0.171,7
recovery,144821595,16.669,5,156,680663707.0,10.993,0.171,9
recovery,144838266,16.671,5,156,680731719.0,10.993,0.171,7
recovery,144854929,16.663,3,156,680839847.0,10.993,0.171,8
recovery,144871614,16.685,4,156,681157695.0,10.993,0.171,850
recovery,144888256,16.642,4,156,681474411.0,10.993,0.171,7
recovery,144904938,16.682,4,156,681732023.0,10.993,0.171,7
recovery,144921592,16.654,4,156,681698031.0,10.993,0.171,8
recovery,144938259,16.667,4,156,681765451.0,10.993,0.171,8
recovery,144954926,16.667,4,156,681868703.0,10.993,0.171,7
recovery,144971602,16.676,4,156,681933691.0,10.993,0.171,8
recovery,144988254,16.652,4,156,682041775.0,10.993,0.171,8
recovery,145004922,16.668,4,156,682102419.0,10.993,0.171,8
recovery,145021591,16.669,4,156,682215487.0,9.994,0.25,8
recovery,145038261,16.67,3,156,682317123.0,9.994,0.25,8
recovery,145054918,16.657,3,156,682561823.0,9.994,0.25,8
recovery,145071591,16.673,4,156,682847647.0,9.994,0.25,8
recovery,145088265,16.674,4,156,683063951.0,9.994,0.25,8
recovery,145104919,16.654,4,156,683046791.0,9.994,0.25,7
recovery,145121589,16.67,4,156,683110099.0,9.994,0.25,8
recovery,145138248,16.659,4,156,683216959.0,9.994,0.25,8
recovery,145154916,16.668,4,156,683322739.0,9.994,0.25,9
recovery,145171583,16.667,4,156,683389583.0,9.994,0.25,7
recovery,145188255,16.672,4,156,683603023.0,9.994,0.25,8
recovery,145204920,16.665,3,156,683701263.0,9.994,0.25,8
recovery,145221579,16.659,3,156,684003771.0,9.994,0.25,7
recovery,145238250,16.671,3,156,684223291.0,9.994,0.25,8
recovery,145254911,16.661,3,156,684546271.0,9.994,0.25,8
recovery,145271587,16.676,3,156,684565187.0,9.994,0.25,7
recovery,145288249,16.662,3,156,684663687.0,9.994,0.25,7
recovery,145304909,16.66,4,156,684803747.0,9.994,0.25,7
recovery,145321580,16.671,4,156,684900663.0,9.994,0.25,8
recovery,145338240,16.66,4,156,685015511.0,9.994,0.25,8
recovery,145354910,16.67,4,156,685089535.0,9.994,0.25,8
recovery,145371908,16.998,1,156,685210307.0,9.994,0.25,8
recovery,145388244,16.336,3,156,685551795.0,9.994,0.25,1287
recovery,145404936,16.692,4,156,685843815.0,9.994,0.25,8
recovery,145421574,16.638,4,156,686060847.0,9.994,0.25,7
recovery,145438239,16.665,4,156,686112075.0,9.994,0.25,8
recovery,145454908,16.669,4,156,686177211.0,9.994,0.25,8
recovery,145471570,16.662,4,156,686288903.0,9.994,0.25,7
recovery,145488244,16.674,4,156,686350347.0,9.994,0.25,8
recovery,145504900,16.656,4,156,686463611.0,9.994,0.25,8
recovery,145521566,16.666,4,156,686565631.0,9.994,0.25,8
recovery,145538240,16.674,4,156,686633215.0,9.994,0.25,7
recovery,145554907,16.667,3,156,686693599.0,9.994,0.25,7
recovery,145571572,16.665,3,156,686883543.0,9.994,0.25,7
recovery,145588232,16.66,3,156,687099143.0,9.994,0.25,8
recovery,145604907,16.675,3,156,687304071.0,9.994,0.25,7
recovery,145621571,16.664,3,156,687182315.0,9.994,0.25,9
recovery,145638537,16.966,3,156,687182911.0,9.994,0.25,7
recovery,145654906,16.369,4,156,687281555.0,9.994,0.25,8
recovery,145671579,16.673,4,156,687282151.0,9.994,0.25,8
recovery,145688242,16.663,4,156,687282747.0,9.994,0.25,9
recovery,145704906,16.664,4,156,687283343.0,9.994,0.25,8
recovery,145721568,16.662,4,156,687283939.0,9.994,0.25,8
recovery,145738235,16.667,4,156,687284535.0,9.994,0.25,9
recovery,145754891,16.656,4,156,687527931.0,9.994,0.25,8
recovery,145771563,16.672,4,156,687581623.0,9.994,0.25,7
recovery,145788239,16.676,4,156,687582219.0,9.994,0.25,8
recovery,145804896,16.657,4,156,687582815.0,9.994,0.25,9
recovery,145821566,16.67,4,156,687583407.0,9.994,0.25,9
recovery,145838231,16.665,4,156,687584003.0,9.994,0.25,8
recovery,145854903,16.672,4,156,687747447.0,9.994,0.25,8
recovery,145871553,16.65,4,156,687851595.0,9.994,0.25,8
recovery,145888233,16.68,4,156,687857407.0,9.994,0.25,8
recovery,145904899,16.666,4,156,687858003.0,9.994,0.25,8
recovery,145921593,16.694,4,156,687858599.0,9.994,0.25,8
recovery,145938226,16.633,4,156,687859195.0,9.994,0.25,8
recovery,145954893,16.667,4,156,687859791.0,9.994,0.25,8
recovery,145971560,16.667,4,156,687860387.0,9.994,0.25,8
recovery,145988228,16.668,4,156,687860983.0,9.994,0.25,8
recovery,146004886,16.658,4,156,688047239.0,9.994,0.25,8
recovery,146021560,16.674,4,156,688106079.0,10.144,0.144,8
recovery,146038228,16.668,4,156,688133859.0,10.144,0.144,9
recovery,146054888,16.66,4,156,688192715.0,10.144,0.144,9
recovery,146071549,16.661,4,156,688253279.0,10.144,0.144,9
recovery,146088268,16.719,4,156,688313547.0,10.144,0.144,8
recovery,146104870,16.602,4,156,688370911.0,10.144,0.144,8
recovery,146121544,16.674,4,156,688428939.0,10.144,0.144,8
recovery,146138209,16.665,4,156,688540295.0,10.144,0.144,7
recovery,146154882,16.673,4,156,688549039.0,10.144,0.144,8
recovery,146171558,16.676,4,156,688614475.0,10.144,0.144,8
recovery,146188208,16.65,4,156,688682087.0,10.144,0.144,9
recovery,146204884,16.676,4,156,688779131.0,10.144,0.144,8
recovery,146221546,16.662,0,156,688907343.0,10.144,0.144,8
recovery,146238203,16.657,5,156,689255041.0,10.144,0.144,1436
recovery,146254880,16.677,6,156,689468829.0,10.144,0.144,8
recovery,146271557,16.677,6,156,689785257.0,10.144,0.144,8
recovery,146288205,16.648,6,156,690050853.0,10.144,0.144,8
recovery,146304867,16.662,6,156,690003961.0,10.144,0.144,7
recovery,146321539,16.672,6,156,690111049.0,10.144,0.144,7
recovery,146338204,16.665,6,156,690267589.0,10.144,0.144,8
recovery,146354870,16.666,6,156,690354105.0,10.144,0.144,7
recovery,146371535,16.665,6,156,690527213.0,10.144,0.144,8
recovery,146388206,16.671,5,156,690598737.0,10.144,0.144,8
recovery,146404863,16.657,5,156,690885125.0,10.144,0.144,8
recovery,146421534,16.671,5,156,691130753.0,10.144,0.144,8
recovery,146438201,16.667,5,156,691390045.0,10.144,0.144,8
recovery,146454864,16.663,5,156,691388137.0,10.144,0.144,8
recovery,146471761,16.897,5,156,691556069.0,10.144,0.144,7
recovery,146488202,16.441,5,156,691621609.0,10.144,0.144,8
recovery,146504863,16.661,5,156,691727321.0,10.144,0.144,8
recovery,146521525,16.662,5,156,691827969.0,10.144,0.144,8
recovery,146538201,16.676,5,156,691895573.0,10.144,0.144,7
recovery,146554864,16.663,5,156,691997633.0,10.144,0.144,7
recovery,146571530,16.666,4,156,692099881.0,10.144,0.144,8
recovery,146588261,16.731,4,156,692365033.0,10.144,0.144,8
recovery,146604859,16.598,4,156,692678001.0,10.144,0.144,7
recovery,146621528,16.669,4,156,692941573.0,10.144,0.144,7
recovery,146638189,16.661,4,156,692894493.0,10.144,0.144,7
recovery,146654855,16.666,4,156,693017677.0,10.144,0.144,8
recovery,146671530,16.675,4,156,693098945.0,10.144,0.144,8
recovery,146688200,16.67,4,156,693192341.0,10.144,0.144,8
recovery,146704853,16.653,4,156,693313533.0,10.144,0.144,7
recovery,146721526,16.673,4,156,693410069.0,10.144,0.144,8
recovery,146738189,16.663,4,156,693528969.0,10.144,0.144,8
recovery,146754850,16.661,3,156,693595629.0,10.144,0.144,8
recovery,146771517,16.667,3,156,693892021.0,10.144,0.144,8
recovery,146788186,16.669,3,156,694167677.0,10.144,0.144,14
recovery,146804848,16.662,3,156,694396097.0,10.144,0.144,16
recovery,146821513,16.665,4,156,694499953.0,10.144,0.144,7
recovery,146838188,16.675,4,156,694609661.0,10.144,0.144,8
recovery,146854847,16.659,4,156,694722861.0,10.144,0.144,8
recovery,146871521,16.674,4,156,694831181.0,10.144,0.144,8
recovery,146888184,16.663,4,156,694971925.0,10.144,0.144,8
recovery,146904848,16.664,4,156,695095849.0,10.144,0.144,8
recovery,146921513,16.665,4,156,695194453.0,10.144,0.144,8
recovery,146938180,16.667,3,156,695341521.0,10.144,0.144,9
recovery,146954843,16.663,3,156,695601741.0,10.144,0.144,8
recovery,146971508,16.665,3,156,695844969.0,10.144,0.144,7
recovery,146988174,16.666,3,156,696119085.0,10.144,0.144,7
recovery,147004848,16.674,3,156,696180665.0,10.144,0.144,8
recovery,147021521,16.673,3,156,696259077.0,10.193,0.18,8
recovery,147038182,16.661,3,156,696400685.0,10.193,0.18,8
recovery,147054838,16.656,4,156,696503937.0,10.193,0.18,8
recovery,147071511,16.673,4,156,696624373.0,10.193,0.18,7
recovery,147088181,16.67,4,156,696719253.0,10.193,0.18,8
recovery,147104843,16.662,4,156,696802509.0,10.193,0.18,8
recovery,147121509,16.666,4,156,696926921.0,10.193,0.18,8
recovery,147138169,16.66,1,156,697028061.0,10.193,0.18,8
recovery,147154849,16.68,3,156,697376457.0,10.193,0.18,1962
recovery,147171503,16.654,5,156,697648577.0,10.193,0.18,7
recovery,147188183,16.68,5,156,697895625.0,10.193,0.18,7
recovery,147204831,16.648,5,156,697948165.0,10.193,0.18,8
recovery,147221545,16.714,5,156,698012661.0,10.193,0.18,9
recovery,147238167,16.622,5,156,698124037.0,10.193,0.18,8
recovery,147254836,16.669,5,156,698186133.0,10.193,0.18,8
recovery,147271503,16.667,5,156,698294277.0,10.193,0.18,9
recovery,147288182,16.679,5,156,698433333.0,10.193,0.18,8
recovery,147305432,17.25,5,156,698433929.0,10.193,0.18,8
recovery,147321503,16.071,5,156,698512761.0,10.193,0.18,8
recovery,147338176,16.673,5,156,698568081.0,10.193,0.18,8
recovery,147354845,16.669,5,156,698568681.0,10.193,0.18,7
recovery,147371502,16.657,5,156,698569281.0,10.193,0.18,8
recovery,147388169,16.667,5,156,698569881.0,10.193,0.18,8
recovery,147404822,16.653,5,156,698720905.0,10.193,0.18,7
recovery,147421485,16.663,4,156,698794577.0,10.193,0.18,7
recovery,147438213,16.728,4,156,699083917.0,10.193,0.18,8
recovery,147454832,16.619,4,156,699358869.0,10.193,0.18,7
recovery,147471498,16.666,4,156,699672221.0,10.193,0.18,7
recovery,147488158,16.66,4,156,699678705.0,10.193,0.18,9
recovery,147504828,16.67,4,156,699804617.0,10.193,0.18,8
recovery,147521486,16.658,4,156,699876685.0,10.193,0.18,7
recovery,147538176,16.69,4,156,699983629.0,10.193,0.18,8
recovery,147554835,16.659,4,156,700057097.0,10.193,0.18,8
recovery,147571483,16.648,4,156,700164557.0,10.193,0.18,7
recovery,147588149,16.666,4,156,700235721.0,10.193,0.18,9
recovery,147604825,16.676,1,156,700308693.0,10.193,0.18,8
recovery,147621485,16.66,2,156,700656293.0,10.193,0.18,1352
recovery,147638373,16.888,2,156,700925517.0,10.193,0.18,7
recovery,147654849,16.476,2,156,701203701.0,10.193,0.18,8
recovery,147671492,16.643,2,156,701168849.0,10.193,0.18,7
recovery,147688164,16.672,2,156,701263237.0,10.193,0.18,8
recovery,147704812,16.648,2,156,701370257.0,10.193,0.18,8
recovery,147721481,16.669,2,156,701437181.0,10.193,0.18,8
recovery,147738151,16.67,2,156,701620565.0,10.193,0.18,7
recovery,147754811,16.66,2,156,701687349.0,10.193,0.18,8
recovery,147771490,16.679,2,156,701747373.0,10.193,0.18,8
recovery,147788149,16.659,0,156,701881841.0,10.193,0.18,8
recovery,147804828,16.679,0,156,702155583.0,10.193,0.18,1205
recovery,147821508,16.68,0,156,702399771.0,10.193,0.18,220
recovery,147838150,16.642,0,156,702605291.0,10.193,0.18,1271
recovery,147854818,16.668,0,156,702592203.0,10.193,0.18,964
recovery,147871485,16.667,0,156,702659223.0,10.193,0.18,1192
recovery,147888153,16.668,0,156,702731067.0,10.193,0.18,1395
recovery,147904828,16.675,0,156,702748995.0,10.193,0.18,611
recovery,147921495,16.667,0,156,702830145.0,10.193,0.18,492
recovery,147938152,16.657,0,156,702879585.0,10.193,0.18,822
recovery,147954814,16.662,1,156,702954075.0,10.193,0.18,1215
recovery,147971478,16.664,2,156,702957475.0,10.193,0.18,8
recovery,147988144,16.666,0,156,702951541.0,10.193,0.18,7
recovery,148004814,16.67,1,156,703107677.0,10.193,0.18,1661
recovery,148021485,16.671,2,156,703110749.0,11.588,0.333,8
recovery,148038146,16.661,0,156,703100199.0,11.588,0.333,8
recovery,148054818,16.672,0,156,703211983.0,11.588,0.333,835
recovery,148071485,16.667,0,156,703276139.0,11.588,0.333,804
recovery,148088147,16.662,0,156,703340943.0,11.588,0.333,787
recovery,148104953,16.806,0,156,703418329.0,11.588,0.333,536
recovery,148121482,16.529,0,156,703481933.0,11.588,0.333,665
recovery,148138278,16.796,0,156,703529407.0,11.588,0.333,464
recovery,148154803,16.525,0,156,703607989.0,11.588,0.333,767
recovery,148171480,16.677,0,156,703686237.0,11.588,0.333,733
recovery,148188141,16.661,0,156,703703755.0,11.588,0.333,260
recovery,148204808,16.667,0,156,703748339.0,11.588,0.333,937
recovery,148221474,16.666,0,156,703813387.0,11.588,0.333,704
recovery,148238150,16.676,0,156,703876279.0,11.588,0.333,912
recovery,148254810,16.66,0,156,703953929.0,11.588,0.333,533
recovery,148271473,16.663,0,156,704004293.0,11.588,0.333,682
recovery,148288134,16.661,0,156,704076265.0,11.588,0.333,709
recovery,148304804,16.67,0,156,704078669.0,11.588,0.333,246
recovery,148321463,16.659,0,156,704149537.0,11.588,0.333,1123
recovery,148338134,16.671,0,156,704180757.0,11.588,0.333,610
recovery,148354796,16.662,0,156,704257527.0,11.588,0.333,496
recovery,148371465,16.669,0,156,704327753.0,11.588,0.333,512
recovery,148388127,16.662,0,156,704338099.0,11.588,0.333,382
recovery,148404811,16.684,0,156,704419547.0,11.588,0.333,710
recovery,148421466,16.655,0,156,704484483.0,11.588,0.333,748
recovery,148438127,16.661,0,156,704557433.0,11.588,0.333,492
recovery,148454792,16.665,0,156,704541933.0,11.588,0.333,7
recovery,148471459,16.667,0,156,704559485.0,11.588,0.333,8
recovery,148488125,16.666,0,156,704556717.0,11.588,0.333,7
recovery,148504789,16.664,0,156,704559625.0,11.588,0.333,8
recovery,148521471,16.682,0,156,704565425.0,11.588,0.333,7
recovery,148538130,16.659,0,156,704564105.0,11.588,0.333,8
recovery,148554789,16.659,0,156,704571081.0,11.588,0.333,8
recovery,148571455,16.666,0,156,704612619.0,11.588,0.333,7
recovery,148588123,16.668,0,156,704613223.0,11.588,0.333,8
recovery,148604789,16.666,0,156,704599025.0,11.588,0.333,8
recovery,148621450,16.661,0,156,704576713.0,11.588,0.333,7
recovery,148638106,16.656,0,156,704590345.0,11.588,0.333,7
recovery,148654831,16.725,0,156,704581501.0,11.588,0.333,7
recovery,148671466,16.635,0,156,704585725.0,11.588,0.333,7
recovery,148688132,16.666,0,156,704588865.0,11.588,0.333,7
recovery,148704827,16.695,0,156,704592481.0,11.588,0.333,8
recovery,148721461,16.634,0,156,704596377.0,11.588,0.333,7
recovery,148738130,16.669,0,156,704600329.0,11.588,0.333,22
recovery,148754788,16.658,0,156,704602213.0,11.588,0.333,7
recovery,148771446,16.658,0,156,704605773.0,11.588,0.333,7
recovery,148788110,16.664,0,156,704608493.0,11.588,0.333,7
recovery,148804781,16.671,0,156,704605293.0,11.588,0.333,8
recovery,148821447,16.666,0,156,704608713.0,11.588,0.333,9
recovery,148838107,16.66,0,156,704611681.0,11.588,0.333,7
recovery,148854778,16.671,0,156,704615269.0,11.588,0.333,7
recovery,148871440,16.662,0,156,704618717.0,11.588,0.333,7
recovery,148888129,16.689,0,156,704621913.0,11.588,0.333,7
recovery,148904776,16.647,0,156,704624829.0,11.588,0.333,8
recovery,148921445,16.669,0,156,704624721.0,11.588,0.333,7
recovery,148938117,16.672,0,156,704627749.0,11.588,0.333,7
recovery,148954775,16.658,0,156,704630217.0,11.588,0.333,8
recovery,148971469,16.694,0,156,704470857.0,11.588,0.333,8
recovery,148988105,16.636,0,156,704470205.0,11.588,0.333,9
recovery,149004768,16.663,0,156,704476537.0,11.588,0.333,8
