phase,time_us,frame_ms,queued,sdf_pages,engine_static_bytes
startup,5847501,171.683,0,0,65935752.0
startup,5849797,2.296,0,0,65942260.0
startup,5863998,14.201,0,0,65939344.0
startup,5880662,16.664,0,0,65940564.0
startup,5897327,16.665,0,0,65942892.0
startup,5914045,16.718,0,0,65937092.0
startup,5930729,16.684,0,0,65939848.0
startup,5947325,16.596,0,0,65942796.0
startup,5963996,16.671,0,0,65940680.0
startup,5980658,16.662,0,0,65942438.0
startup,5997350,16.692,0,0,65942708.0
startup,6013990,16.64,0,0,65940352.0
startup,6030660,16.67,0,0,65943948.0
startup,6047324,16.664,0,0,65944304.0
startup,6063985,16.661,0,0,65938032.0
startup,6080704,16.719,0,0,65887328.0
startup,6097321,16.617,0,0,66070770.0
startup,6113986,16.665,0,0,66069604.0
startup,6130652,16.666,0,0,66070184.0
startup,6147318,16.666,0,0,66071444.0
startup,6163989,16.671,0,0,66071094.0
startup,6180649,16.66,0,0,66066780.0
startup,6197314,16.665,0,0,66070160.0
startup,6213984,16.67,0,0,66068898.0
startup,6230647,16.663,0,0,66091178.0
startup,6247313,16.666,0,0,66094770.0
startup,6263979,16.666,0,0,66091178.0
startup,6280653,16.674,0,0,66088824.0
startup,6297321,16.668,0,0,66090708.0
startup,6313978,16.657,0,0,66094172.0
startup,6330645,16.667,0,0,66094204.0
startup,6347308,16.663,0,0,66093848.0
startup,6363975,16.667,0,0,66094250.0
startup,6380643,16.668,0,0,66091850.0
startup,6397311,16.668,0,0,66089972.0
startup,6413975,16.664,0,0,66094192.0
startup,6430638,16.663,0,0,66093820.0
startup,6447307,16.669,0,0,66094496.0
startup,6464019,16.712,0,0,66094964.0
startup,6480641,16.622,0,0,66096632.0
startup,6497307,16.666,0,0,66081216.0
startup,6513972,16.665,0,0,66084900.0
startup,6530640,16.668,0,0,66082970.0
startup,6547303,16.663,0,0,66084468.0
startup,6563972,16.669,0,0,66083320.0
startup,6580634,16.662,0,0,66084874.0
startup,6597301,16.667,0,0,66087040.0
startup,6613966,16.665,0,0,66084874.0
startup,6630637,16.671,0,0,66082232.0
startup,6647301,16.664,0,0,66084874.0
startup,6663961,16.66,0,0,66085698.0
startup,6680632,16.671,0,0,66082970.0
startup,6697297,16.665,0,0,66084468.0
startup,6713976,16.679,0,0,66026708.0
startup,6730677,16.701,4,0,66095704.0
startup,6747309,16.632,5,0,66700152.0
startup,6763970,16.661,5,0,68023116.0
startup,6780628,16.658,5,0,68118280.0
startup,6797284,16.656,5,0,67437920.0
startup,6813963,16.679,4,0,67922536.0
startup,6830622,16.659,3,0,68089220.0
startup,6847300,16.678,3,0,68831752.0
startup,6863958,16.658,4,0,69778060.0
startup,6880629,16.671,4,0,70739036.0
startup,6897299,16.67,4,0,70304264.0
startup,6913958,16.659,3,0,70743748.0
startup,6930623,16.665,4,0,71212276.0
startup,6947294,16.671,1,0,71959532.0
startup,6967684,20.39,5,0,73563724.0
startup,6980687,13.003,6,0,75179036.0
startup,6997311,16.624,6,0,75924612.0
startup,7013957,16.646,6,0,74901320.0
startup,7030625,16.668,5,0,75351920.0
startup,7047290,16.665,5,0,75575604.0
startup,7063959,16.669,4,0,76331036.0
startup,7080613,16.654,4,0,77809336.0
startup,7097287,16.674,4,0,78089356.0
startup,7113951,16.664,4,0,77778636.0
startup,7132709,18.758,3,0,78063956.0
startup,7147282,14.573,3,0,78705484.0
startup,7163940,16.658,3,0,79315640.0
startup,7180612,16.672,3,0,79620496.0
startup,7197272,16.66,4,0,80111832.0
startup,7213945,16.673,4,0,80975794.0
startup,7232661,18.716,4,0,81179406.0
startup,7247302,14.641,4,0,81991782.0
startup,7263951,16.649,3,0,82146346.0
startup,7280610,16.659,3,0,82637658.0
startup,7297277,16.667,3,0,83406058.0
startup,7313943,16.666,0,0,83699514.0
startup,7330610,16.667,5,0,84435110.0
startup,7347275,16.665,5,0,84964590.0
startup,7363947,16.672,5,0,85103694.0
startup,7380602,16.655,4,0,85741706.0
startup,7397274,16.672,3,0,86338554.0
startup,7413945,16.671,3,0,86538854.0
startup,7430603,16.658,4,0,87440286.0
startup,7447277,16.674,1,0,87398422.0
startup,7463939,16.662,5,0,88099254.0
startup,7480608,16.669,4,0,90006186.0
startup,7497274,16.666,0,0,90075890.0
startup,7513986,16.712,0,0,90435614.0
startup,7530600,16.614,4,0,91440682.0
startup,7547265,16.665,5,0,92247774.0
startup,7563934,16.669,5,0,93280374.0
startup,7580598,16.664,5,0,92974362.0
startup,7597265,16.667,4,0,93149078.0
startup,7613928,16.663,4,0,93641334.0
startup,7630602,16.674,3,0,94527230.0
startup,7647267,16.665,3,0,94807894.0
startup,7663930,16.663,4,0,96536798.0
startup,7682584,18.654,4,0,98091994.0
startup,7697460,14.876,4,0,96543102.0
startup,7713930,16.47,3,0,96877010.0
startup,7730592,16.662,4,0,97397822.0
startup,7747267,16.675,1,0,98152114.0
startup,7763926,16.659,5,0,99019362.0
startup,7780623,16.697,6,0,100208998.0
startup,7797254,16.631,6,0,99903582.0
startup,7813927,16.673,5,0,100115198.0
startup,7830586,16.659,5,0,100755102.0
startup,7847259,16.673,4,0,101528194.0
startup,7863927,16.668,4,0,102293258.0
startup,7880594,16.667,4,0,103354306.0
startup,7897257,16.663,4,0,103644346.0
startup,7913918,16.661,4,0,103118254.0
startup,7930585,16.667,4,0,103927238.0
startup,7947261,16.676,3,0,104539106.0
startup,7963926,16.665,4,0,104836590.0
startup,7980587,16.661,4,0,106443398.0
startup,7997257,16.67,4,0,106037178.0
startup,8013915,16.658,4,0,106336106.0
startup,8030578,16.663,4,0,107060290.0
startup,8047317,16.739,4,0,107777702.0
startup,8063913,16.596,5,0,108270746.0
startup,8080592,16.679,5,0,109794458.0
startup,8097238,16.646,5,0,110147206.0
startup,8113909,16.671,5,0,109695886.0
startup,8130588,16.679,4,0,110481382.0
startup,8147251,16.663,3,0,110648118.0
startup,8163904,16.653,4,0,111070174.0
startup,8180583,16.679,3,0,111914178.0
startup,8197236,16.653,4,0,112068106.0
startup,8213917,16.681,1,0,112965290.0
startup,8230568,16.651,5,0,113993564.0
startup,8247253,16.685,6,0,114998584.0
startup,8263911,16.658,6,0,114478908.0
startup,8280567,16.656,5,0,114510536.0
startup,8297242,16.675,5,0,115359208.0
startup,8313910,16.668,4,0,116053328.0
startup,8330575,16.665,4,0,116331244.0
startup,8347239,16.664,4,0,117919016.0
startup,8363901,16.662,4,0,118153252.0
startup,8380578,16.677,4,0,117767052.0
startup,8397236,16.658,3,0,118546488.0
startup,8415093,17.857,2,0,118839692.0
startup,8430845,15.752,4,0,119661492.0
startup,8447233,16.388,1,0,119628124.0
startup,8465656,18.423,5,0,120197820.0
startup,8480562,14.906,5,0,120997756.0
startup,8497225,16.663,4,0,121075940.0
startup,8514821,17.596,4,0,121576784.0
startup,8530564,15.743,3,0,122381628.0
startup,8547230,16.666,3,0,122381464.0
startup,8564680,17.45,4,0,123002752.0
startup,8580625,15.945,1,0,123891904.0
startup,8597217,16.592,5,0,124116330.0
startup,8614545,17.328,6,0,125769318.0
startup,8630561,16.016,6,0,126048078.0
startup,8647219,16.658,6,0,125742982.0
startup,8664414,17.195,5,0,126179478.0
startup,8680559,16.145,5,0,126664482.0
startup,8697237,16.678,4,0,127351822.0
startup,8714286,17.049,4,0,127631970.0
startup,8730558,16.272,4,0,129300254.0
startup,8747382,16.824,4,0,129346382.0
startup,8764154,16.772,4,0,129093666.0
startup,8780556,16.402,3,0,129530606.0
startup,8797218,16.662,4,0,129912498.0
startup,8814058,16.84,3,0,130711354.0
startup,8830548,16.49,1,0,130850646.0
startup,8847226,16.678,2,0,131383006.0
startup,8863884,16.658,4,0,132273186.0
startup,8880553,16.669,4,0,132550590.0
startup,8897219,16.666,4,0,134072358.0
startup,8913879,16.66,4,0,134513250.0
startup,8930540,16.661,4,0,134006970.0
startup,8947222,16.682,2,0,134849566.0
startup,8963875,16.653,4,0,135075434.0
startup,8980565,16.69,4,0,135872878.0
startup,8997208,16.643,4,0,136817322.0
startup,9013877,16.669,4,0,138547818.0
startup,9030535,16.658,4,0,137395822.0
startup,9047209,16.674,2,0,138212146.0
startup,9063870,16.661,5,0,138392284.0
startup,9080533,16.663,4,0,139002876.0
startup,9097216,16.683,2,0,139445020.0
startup,9113928,16.712,3,0,140001392.0
startup,9130553,16.625,3,0,140712160.0
startup,9147206,16.653,0,0,141017124.0
startup,9163869,16.663,5,0,141463218.0
startup,9180538,16.669,5,0,142214918.0
startup,9197204,16.666,5,0,142351886.0
startup,9213866,16.662,4,0,143293202.0
startup,9230537,16.671,3,0,143457162.0
startup,9247198,16.661,3,0,143934838.0
startup,9263873,16.675,3,0,144732342.0
startup,9280534,16.661,0,0,145027846.0
startup,9297245,16.711,5,0,145636128.0
startup,9313859,16.614,5,0,146266716.0
startup,9330533,16.674,5,0,146375696.0
startup,9347197,16.664,4,0,147005576.0
startup,9363863,16.666,3,0,147511524.0
startup,9380548,16.685,3,0,147825800.0
startup,9397196,16.648,4,0,148655316.0
startup,9413869,16.673,1,0,148909244.0
startup,9430512,16.643,5,0,149500882.0
startup,9447190,16.678,5,0,150200170.0
startup,9463858,16.668,4,0,150456358.0
startup,9480514,16.656,4,0,150972686.0
startup,9497189,16.675,3,0,151580138.0
startup,9513851,16.662,3,0,151823650.0
startup,9530545,16.694,4,0,152646078.0
startup,9547185,16.64,1,0,152955354.0
startup,9563854,16.669,5,0,153413074.0
startup,9580518,16.664,5,0,154394122.0
startup,9597183,16.665,4,0,154410962.0
startup,9613857,16.674,4,0,154932586.0
startup,9630617,16.76,3,0,155708758.0
startup,9647230,16.613,2,0,155681342.0
startup,9663857,16.627,4,0,156565754.0
startup,9680509,16.652,4,0,157510502.0
startup,9697179,16.67,4,0,157970638.0
startup,9713846,16.667,4,0,158751134.0
startup,9730515,16.669,4,0,158461246.0
startup,9747184,16.669,1,0,159342018.0
startup,9763833,16.649,5,0,160372290.0
startup,9780515,16.682,6,0,161215602.0
startup,9797175,16.66,6,0,161729134.0
startup,9813855,16.68,6,0,161461618.0
startup,9830514,16.659,5,0,162355542.0
startup,9847178,16.664,5,0,163767802.0
startup,9863852,16.674,5,0,164333406.0
startup,9880503,16.651,5,0,163729014.0
startup,9897175,16.672,4,0,164613082.0
startup,9913854,16.679,4,0,164892918.0
startup,9930507,16.653,4,0,166573278.0
startup,9947176,16.669,4,0,167964238.0
startup,9963834,16.658,4,0,166547318.0
startup,9980516,16.682,3,0,167082166.0
startup,9997174,16.658,4,0,167652510.0
startup,10013841,16.667,4,0,169225942.0
startup,10030501,16.66,4,0,169560614.0
startup,10047175,16.674,4,0,169140030.0
startup,10063838,16.663,4,0,170036878.0
startup,10080500,16.662,4,0,171470714.0
startup,10097177,16.677,4,0,171900722.0
startup,10113827,16.65,4,0,171602694.0
startup,10130499,16.672,1,0,171855850.0
startup,10147558,17.059,2,0,172903482.0
startup,10163829,16.271,5,0,174480966.0
startup,10180585,16.756,5,0,175537922.0
startup,10197177,16.592,5,0,174492594.0
startup,10213834,16.657,4,0,174676414.0
startup,10230504,16.67,4,0,175571690.0
startup,10247160,16.656,4,0,177082614.0
startup,10263829,16.669,4,0,177912058.0
startup,10280505,16.676,4,0,177091422.0
startup,10297158,16.653,2,0,177788822.0
startup,10313811,16.653,2,0,177979680.0
startup,10330495,16.684,4,0,178888024.0
startup,10347154,16.659,1,0,179100892.0
startup,10363812,16.658,5,0,179528060.0
startup,10380490,16.678,5,0,180290164.0
startup,10397154,16.664,4,0,180426540.0
startup,10413823,16.669,4,0,181308424.0
startup,10430491,16.668,4,0,182252716.0
startup,10447166,16.675,4,0,183055688.0
startup,10463825,16.659,4,0,182934200.0
startup,10480486,16.661,3,0,183731444.0
startup,10497157,16.671,4,0,184047536.0
startup,10513813,16.656,4,0,184672236.0
startup,10530482,16.669,4,0,185693040.0
startup,10547146,16.664,4,0,185856520.0
startup,10563818,16.672,3,0,186013616.0
startup,10580487,16.669,3,0,186897196.0
startup,10597150,16.663,4,0,188569820.0
startup,10613817,16.667,4,0,188783036.0
startup,10630481,16.664,4,0,188542472.0
startup,10647140,16.659,1,0,188826968.0
startup,10663807,16.667,5,0,189710210.0
startup,10680485,16.678,6,0,190637190.0
startup,10697195,16.71,6,0,191658534.0
startup,10713811,16.616,6,0,193289142.0
startup,10730492,16.681,6,0,191639010.0
startup,10747145,16.653,5,0,192534798.0
startup,10763814,16.669,5,0,193929030.0
startup,10780486,16.672,5,0,194333738.0
startup,10797130,16.644,5,0,194079694.0
startup,10813808,16.678,4,0,194249290.0
startup,10830479,16.671,4,0,195130870.0
startup,10847133,16.654,4,0,196677726.0
startup,10863795,16.662,4,0,197337258.0
startup,10880465,16.67,4,0,196520282.0
startup,10897134,16.669,3,0,197403326.0
startup,10913803,16.669,3,0,199134602.0
startup,10930468,16.665,4,0,199386598.0
startup,10947132,16.664,4,0,199080998.0
startup,10963807,16.675,4,0,199304042.0
startup,10980472,16.665,3,0,200204326.0
startup,10997124,16.652,4,0,201164838.0
startup,11013806,16.682,4,0,202633110.0
startup,11030451,16.645,4,0,201691150.0
startup,11047126,16.675,1,0,202478518.0
startup,11065116,17.99,5,0,203040218.0
startup,11080457,15.341,6,0,204613730.0
startup,11097120,16.663,6,0,204936498.0
startup,11113781,16.661,6,0,204695518.0
startup,11130456,16.675,5,0,205579526.0
startup,11147134,16.678,5,0,205758878.0
startup,11163783,16.649,5,0,206352502.0
startup,11180465,16.682,5,0,207430434.0
startup,11197116,16.651,5,0,207577174.0
startup,11213780,16.664,4,0,208474790.0
startup,11230505,16.725,4,0,208648426.0
startup,11247107,16.602,4,0,209138578.0
startup,11263780,16.673,4,0,210598730.0
startup,11280449,16.669,4,0,210196566.0
startup,11297124,16.675,3,0,211092446.0
startup,11313787,16.663,3,0,212265974.0
startup,11330451,16.664,4,0,212964794.0
startup,11347111,16.66,4,0,212567962.0
startup,11363767,16.656,3,0,212852134.0
startup,11380448,16.681,3,0,213747682.0
startup,11397123,16.675,4,0,214019214.0
startup,11413784,16.661,4,0,215096830.0
startup,11430443,16.659,4,0,215444230.0
startup,11447106,16.663,1,0,215819798.0
startup,11465637,18.531,5,0,216870014.0
startup,11480448,14.811,6,0,217226078.0
startup,11497118,16.67,6,0,218409570.0
startup,11513776,16.658,6,0,218699366.0
startup,11530440,16.664,5,0,218996314.0
startup,11547113,16.673,5,0,219780694.0
startup,11563784,16.671,5,0,221221066.0
startup,11580446,16.662,5,0,222501574.0
startup,11597105,16.659,5,0,221349006.0
startup,11613774,16.669,4,0,221646262.0
startup,11630447,16.673,4,0,222411678.0
startup,11647105,16.658,4,0,223373098.0
startup,11663774,16.669,4,0,224272242.0
startup,11680433,16.659,4,0,223866810.0
startup,11697096,16.663,3,0,224751350.0
startup,11713778,16.682,3,0,225044850.0
startup,11730440,16.662,4,0,226574154.0
startup,11747096,16.656,4,0,226275042.0
startup,11763944,16.848,4,0,226585558.0
startup,11780431,16.487,3,0,227480610.0
startup,11797088,16.657,4,0,228341794.0
startup,11813785,16.697,4,0,229495326.0
startup,11830420,16.635,4,0,228824022.0
startup,11847096,16.676,1,0,229074910.0
startup,11865602,18.506,5,0,230086172.0
startup,11880428,14.826,6,0,231732172.0
startup,11897098,16.67,6,0,231871464.0
startup,11913756,16.658,6,0,231718496.0
startup,11930430,16.674,5,0,231980352.0
startup,11947103,16.673,5,0,232886888.0
startup,11963760,16.657,5,0,234449004.0
startup,11980427,16.667,5,0,234680876.0
startup,11997082,16.655,5,0,234348292.0
startup,12013763,16.681,4,0,235259980.0
startup,12030437,16.674,4,0,236316472.0
startup,12047095,16.658,4,0,236583204.0
startup,12063755,16.66,4,0,237665540.0
startup,12080414,16.659,4,0,237228828.0
startup,12097095,16.681,3,0,237997472.0
startup,12113755,16.66,3,0,238277008.0
startup,12130419,16.664,4,0,239474856.0
startup,12147088,16.669,4,0,239753568.0
startup,12163744,16.656,4,0,240100420.0
startup,12180409,16.665,3,0,240984344.0
startup,12197083,16.674,4,0,241265016.0
startup,12213747,16.664,4,0,242176972.0
startup,12230409,16.662,4,0,243116884.0
startup,12247072,16.663,4,0,242779900.0
startup,12263759,16.687,1,0,243638676.0
startup,12283234,19.475,2,0,245176504.0
startup,12297078,13.844,5,0,245187692.0
startup,12313758,16.68,5,0,245466400.0
startup,12330406,16.648,5,0,245992040.0
startup,12347075,16.669,4,0,246184864.0
startup,12363743,16.668,4,0,246976672.0
startup,12380403,16.66,4,0,247293852.0
startup,12397070,16.667,4,0,248788208.0
startup,12413734,16.664,4,0,249146372.0
startup,12430409,16.675,2,0,248947424.0
startup,12448032,17.623,3,0,249901076.0
startup,12463734,15.702,4,0,250846396.0
startup,12480405,16.671,4,0,251028260.0
startup,12497075,16.67,4,0,252622060.0
startup,12513727,16.652,4,0,251879368.0
startup,12530415,16.688,3,0,252761212.0
startup,12547067,16.652,3,0,253576744.0
startup,12563738,16.671,4,0,254676808.0
startup,12580408,16.67,4,0,255034780.0
startup,12597068,16.66,4,0,254486824.0
startup,12613734,16.666,1,0,255368160.0
startup,12632801,19.067,5,0,256548962.0
startup,12647065,14.264,6,0,257520846.0
startup,12663743,16.678,6,0,257672806.0
startup,12680393,16.65,6,0,257371642.0
startup,12697062,16.669,5,0,257655206.0
startup,12713730,16.668,5,0,258537098.0
startup,12730398,16.668,5,0,259481398.0
startup,12747061,16.663,5,0,260078346.0
startup,12763744,16.683,5,0,259969898.0
startup,12780389,16.645,4,0,260252490.0
startup,12797062,16.673,4,0,261134230.0
startup,12813720,16.658,4,0,262721998.0
startup,12830397,16.677,4,0,263478726.0
startup,12847065,16.668,4,0,262565602.0
startup,12863720,16.655,3,0,263449830.0
startup,12880393,16.673,3,0,263729674.0
startup,12897048,16.655,4,0,264833246.0
startup,12913746,16.698,4,0,265833154.0
startup,12930375,16.629,4,0,265348142.0
startup,12947048,16.673,3,0,266232218.0
startup,12963725,16.677,4,0,266513042.0
startup,12980379,16.654,4,0,266968898.0
startup,12997052,16.673,4,0,268178742.0
startup,13013714,16.662,4,0,268377130.0
startup,13030375,16.661,1,0,268658438.0
startup,13048403,18.028,2,0,269836940.0
startup,13063711,15.308,5,0,271410380.0
startup,13080384,16.673,5,0,271748540.0
startup,13097033,16.649,5,0,271380844.0
startup,13113706,16.673,4,0,272262652.0
startup,13130374,16.668,4,0,273020496.0
startup,13147044,16.67,4,0,273967768.0
startup,13163700,16.656,4,0,273655044.0
startup,13180375,16.675,2,0,273940624.0
startup,13200936,20.561,5,0,274895428.0
startup,13213719,12.783,5,0,275834844.0
startup,13230378,16.659,5,0,276198040.0
startup,13247042,16.664,5,0,276521836.0
startup,13263704,16.662,4,0,276803068.0
startup,13280383,16.679,4,0,277558208.0
startup,13297036,16.653,4,0,278503532.0
startup,13313706,16.67,4,0,279056308.0
startup,13330388,16.682,4,0,279335096.0
startup,13347035,16.647,4,0,279666432.0
startup,13363708,16.673,1,0,280066668.0
startup,13383490,19.782,0,0,280651464.0
startup,13405045,21.555,2,0,282510096.0
startup,13413708,8.663,0,0,283352844.0
startup,13437606,23.898,3,0,283885868.0
startup,13447021,9.415,3,0,284471496.0
startup,13463705,16.684,4,0,284776968.0
startup,13480368,16.663,4,0,285069336.0
startup,13497035,16.667,4,0,285278784.0
startup,13513693,16.658,4,0,285570896.0
startup,13530365,16.672,3,0,286111324.0
startup,13547026,16.661,0,0,286657344.0
startup,13567814,20.788,4,0,287332338.0
startup,13580356,12.542,4,0,287893866.0
startup,13597039,16.683,4,0,288172998.0
startup,13613691,16.652,4,0,288465366.0
startup,13630357,16.666,4,0,288744078.0
startup,13647035,16.678,4,0,289022790.0
startup,13663691,16.656,3,0,289651278.0
startup,13680355,16.664,3,0,290281718.0
startup,13697041,16.686,4,0,290341006.0
startup,13713692,16.651,1,0,290969534.0
startup,13734306,20.614,4,0,291594452.0
startup,13747012,12.706,4,0,292152788.0
startup,13763684,16.672,3,0,294636492.0
startup,13780351,16.667,0,0,295542456.0
startup,13801459,21.108,3,0,296050636.0
startup,13813694,12.235,4,0,296524744.0
startup,13830355,16.661,4,0,296999228.0
startup,13847012,16.657,0,0,297902948.0
startup,13869903,22.891,3,0,298554070.0
startup,13880363,10.46,3,0,299101134.0
startup,13897025,16.662,4,0,299888986.0
startup,13913686,16.661,3,0,300009662.0
startup,13930351,16.665,1,0,300663646.0
startup,13953303,22.952,0,0,301545504.0
startup,13975678,22.375,3,0,302072728.0
startup,13983782,8.104,2,0,302769374.0
startup,13997118,13.336,4,0,303049056.0
startup,14013679,16.561,4,0,303327920.0
startup,14030363,16.684,4,0,303442360.0
startup,14047016,16.653,4,0,303721640.0
startup,14063683,16.667,3,0,304363352.0
startup,14084023,20.34,3,0,304940314.0
startup,14097000,12.977,3,0,305780222.0
startup,14113684,16.684,3,0,305933998.0
startup,14130342,16.658,4,0,306507814.0
startup,14151616,21.274,3,0,307223628.0
startup,14173981,22.365,3,0,308004404.0
startup,14181338,7.357,1,0,308541024.0
startup,14205720,24.382,3,0,309398568.0
startup,14232018,26.298,3,0,310103888.0
startup,14240034,8.016,4,0,310244708.0
startup,14248676,8.642,4,0,310523420.0
startup,14265336,16.66,4,0,310802132.0
startup,14281992,16.656,3,0,311442640.0
startup,14298667,16.675,4,0,311454460.0
startup,14315337,16.67,0,0,312137364.0
startup,14345043,29.706,5,0,312502154.0
startup,14355206,10.163,6,0,312784950.0
startup,14365325,10.119,6,0,313097586.0
startup,14384029,18.704,6,0,313304178.0
startup,14398901,14.872,6,0,313582586.0
startup,14415329,16.428,5,0,314387566.0
startup,14433873,18.544,4,0,315067750.0
startup,14448659,14.786,4,0,315688602.0
startup,14465335,16.676,4,0,315971250.0
startup,14483748,18.413,3,0,316505026.0
startup,14498664,14.916,4,0,316785850.0
startup,14515386,16.722,4,0,316948794.0
startup,14533653,18.267,1,0,317590950.0
startup,14560732,27.079,0,0,318457788.0
startup,14588339,27.607,3,0,319758468.0
startup,14595869,7.53,3,0,320304254.0
startup,14604999,9.13,4,0,320590956.0
startup,14623367,18.368,1,0,321131364.0
startup,14653765,30.398,3,0,322038456.0
startup,14663240,9.475,4,0,322321928.0
startup,14673231,9.991,3,0,323919008.0
startup,14688355,15.124,2,0,323615580.0
startup,14705016,16.661,2,0,324243064.0
startup,14733497,28.481,3,0,324606288.0
startup,14743075,9.578,5,0,324888684.0
startup,14755000,11.925,5,0,325167400.0
startup,14772966,17.966,4,0,325675204.0
startup,14788337,15.371,3,0,326218828.0
startup,14805015,16.678,2,0,326755444.0
startup,14834562,29.547,0,0,327766588.0
startup,14865238,30.676,4,0,328119612.0
startup,14873399,8.161,5,0,328282304.0
startup,14883646,10.247,5,0,328560716.0
startup,14898583,14.937,5,0,328839276.0
startup,14915277,16.694,5,0,328978860.0
startup,14932805,17.528,5,0,329256860.0
startup,14948631,15.826,5,0,329410100.0
startup,14965244,16.613,5,0,329549228.0
startup,14982858,17.614,5,0,329827940.0
startup,14998576,15.718,4,0,330960556.0
startup,15015236,16.66,2,0,331724720.0
startup,15032832,17.596,4,0,331957764.0
startup,15048586,15.754,1,0,332510368.0
startup,15078391,29.805,5,0,332789754.0
startup,15086664,8.273,5,0,333414530.0
startup,15098600,11.936,5,0,333694378.0
startup,15115243,16.643,5,0,333972378.0
startup,15133000,17.757,5,0,334225342.0
startup,15148570,15.57,5,0,334378586.0
startup,15165286,16.716,4,0,335065274.0
startup,15182882,17.596,2,0,336164434.0
startup,15198616,15.734,4,0,336444250.0
startup,15215234,16.618,4,0,336723114.0
startup,15232897,17.663,4,0,336939514.0
startup,15248577,15.68,1,0,337578530.0
startup,15277433,28.856,4,0,338103718.0
startup,15285627,8.194,4,0,338634310.0
startup,15298564,12.937,4,0,338911390.0
startup,15315276,16.712,4,0,339203502.0
startup,15333042,17.766,4,0,339365922.0
startup,15348556,15.514,3,0,340004962.0
startup,15365233,16.677,4,0,340282254.0
startup,15381908,16.675,3,0,340948042.0
startup,15398557,16.649,0,0,341580434.0
startup,15427596,29.039,1,0,341867468.0
startup,15435606,8.01,5,0,342151668.0
startup,15448560,12.954,5,0,342430236.0
startup,15465215,16.655,3,0,343072276.0
startup,15495664,30.449,3,0,344300484.0
startup,15503875,8.211,4,0,344580584.0
startup,15515220,11.345,4,0,344859148.0
startup,15532846,17.626,4,0,345137860.0
startup,15548558,15.712,0,0,345936984.0
startup,15579186,30.628,1,0,349254196.0
startup,15587185,7.999,2,0,349399856.0
startup,15598546,11.361,4,0,349680604.0
startup,15615220,16.674,4,0,349959316.0
startup,15632806,17.586,4,0,350237316.0
startup,15648633,15.827,4,0,350393956.0
startup,15665222,16.589,4,0,350672364.0
startup,15682804,17.582,1,0,351445420.0
startup,15710183,27.379,5,0,351803666.0
startup,15718265,8.082,6,0,351945650.0
startup,15732771,14.506,6,0,352224518.0
startup,15748595,15.824,5,0,352811390.0
startup,15765212,16.617,5,0,353090930.0
startup,15782756,17.544,5,0,353369490.0
startup,15798545,15.789,5,0,353648202.0
startup,15815256,16.711,4,0,354177346.0
startup,15833210,17.954,3,0,356033018.0
startup,15848584,15.374,3,0,356312862.0
startup,15865211,16.627,4,0,356592554.0
startup,15883313,18.102,4,0,356870810.0
startup,15898599,15.286,3,0,357521310.0
startup,15915207,16.608,3,0,357785054.0
startup,15933231,18.024,4,0,358007486.0
startup,15948544,15.313,4,0,358285894.0
startup,15965250,16.706,1,0,358963478.0
startup,15993982,28.732,2,0,359365368.0
startup,16001749,7.767,5,0,359521752.0
startup,16015202,13.453,5,0,359801036.0
startup,16033011,17.809,5,0,359940316.0
startup,16048528,15.517,4,0,360678816.0
startup,16065200,16.672,4,0,360958772.0
startup,16081893,16.693,4,0,361237636.0
startup,16098567,16.674,4,0,361473220.0
startup,16115198,16.631,4,0,361751628.0
startup,16131861,16.663,3,0,365509956.0
startup,16155708,23.847,0,0,364787360.0
startup,16182212,26.504,3,0,369940126.0
startup,16190128,7.916,2,0,368346086.0
startup,16198858,8.73,3,0,368856298.0
startup,16221225,22.367,4,0,369159532.0
startup,16232160,10.935,5,0,369440668.0
startup,16248840,16.68,5,0,369650864.0
startup,16265485,16.645,4,0,370312218.0
startup,16282209,16.724,4,0,370588676.0
startup,16298825,16.616,4,0,370867388.0
startup,16315494,16.669,4,0,371145388.0
startup,16332158,16.664,4,0,371298628.0
startup,16348823,16.665,0,0,373134320.0
startup,16378607,29.784,4,0,373516796.0
startup,16386778,8.171,5,0,373797924.0
startup,16398823,12.045,5,0,374021188.0
startup,16415503,16.68,5,0,374170716.0
startup,16432147,16.644,4,0,374865786.0
startup,16448823,16.676,4,0,375002964.0
startup,16465487,16.664,4,0,375281676.0
startup,16484235,18.748,4,0,375559676.0
startup,16498815,14.58,3,0,376724952.0
startup,16515546,16.731,0,0,376940780.0
startup,16547739,32.193,4,0,377340704.0
startup,16555298,7.559,5,0,377621832.0
startup,16565488,10.19,5,0,377843888.0
startup,16583986,18.498,5,0,378139528.0
startup,16598806,14.82,4,0,380367748.0
startup,16615477,16.671,3,0,385622324.0
startup,16633838,18.361,0,0,384162292.0
startup,16660796,26.958,1,0,384384344.0
startup,16669601,8.805,5,0,384529028.0
startup,16683725,14.124,5,0,384807744.0
startup,16698810,15.085,5,0,385086564.0
startup,16715479,16.669,5,0,385364820.0
startup,16733599,18.12,3,0,386013912.0
startup,16759823,26.224,3,0,386363226.0
startup,16767470,7.647,4,0,386503482.0
startup,16783465,15.995,4,0,386782046.0
startup,16798811,15.346,4,0,387427130.0
startup,16815476,16.665,4,0,387580222.0
startup,16833322,17.846,4,0,387859502.0
startup,16848802,15.48,4,0,388138210.0
startup,16865535,16.733,4,0,388790182.0
startup,16883922,18.387,4,0,389071250.0
startup,16898824,14.902,4,0,389237858.0
startup,16915478,16.654,4,0,389516266.0
startup,16933746,18.268,4,0,389794826.0
startup,16948798,15.052,2,0,390510078.0
startup,16975607,26.809,4,0,390955498.0
startup,16985780,10.173,4,0,391234362.0
startup,16998797,13.017,4,0,391513074.0
startup,17015459,16.662,2,0,392350426.0
startup,17033522,18.063,4,0,392633062.0
startup,17048810,15.288,4,0,392911926.0
startup,17065553,16.743,4,0,393120502.0
startup,17083599,18.046,4,0,393865982.0
startup,17098801,15.202,4,0,394059718.0
startup,17115509,16.708,4,0,394339562.0
startup,17133484,17.975,4,0,394494922.0
startup,17148790,15.306,4,0,394774202.0
startup,17165466,16.676,4,0,395052914.0
startup,17183499,18.033,3,0,395795566.0
startup,17198793,15.294,4,0,396075934.0
startup,17215459,16.666,4,0,396354798.0
startup,17232195,16.736,4,0,397127326.0
startup,17248800,16.605,2,0,398380434.0
startup,17265458,16.658,4,0,398665498.0
startup,17282121,16.663,4,0,398944058.0
startup,17298792,16.671,4,0,399222770.0
startup,17315855,17.063,4,0,399378130.0
startup,17332110,16.255,2,0,400416390.0
startup,17348782,16.672,1,0,402949826.0
startup,17365451,16.669,2,0,406756946.0
startup,17382116,16.665,0,0,406105846.0
startup,17398782,16.666,1,0,406940326.0
startup,17415459,16.677,0,0,407706538.0
startup,17432110,16.651,2,0,409315270.0
startup,17448776,16.666,0,0,411896186.0
startup,17465463,16.687,2,0,414088914.0
startup,17482110,16.647,0,0,416655526.0
startup,17498774,16.664,2,0,418110390.0
startup,17515440,16.666,1,0,421898962.0
startup,17532113,16.673,2,0,423939042.0
startup,17548767,16.654,0,0,424767774.0
startup,17565440,16.673,3,0,428709114.0
startup,17582116,16.676,2,0,431091570.0
startup,17598805,16.689,1,0,431122162.0
startup,17615442,16.637,0,0,435850858.0
startup,17632107,16.665,0,0,435438370.0
startup,17648773,16.666,0,0,435718214.0
startup,17665440,16.667,0,0,435939822.0
startup,17682111,16.671,0,0,436227622.0
startup,17698775,16.664,0,0,436506334.0
startup,17715440,16.665,0,0,436785046.0
startup,17732107,16.667,0,0,437018882.0
startup,17748771,16.664,0,0,437311266.0
startup,17765434,16.663,0,0,437589978.0
startup,17782112,16.678,0,0,437816358.0
startup,17798772,16.66,0,0,438094762.0
startup,17815436,16.664,0,0,438373326.0
startup,17832123,16.687,0,0,438652038.0
startup,17848766,16.643,0,0,438947550.0
startup,17865483,16.717,0,0,439225958.0
startup,17882101,16.618,0,0,439425650.0
startup,17898765,16.664,0,0,439704058.0
startup,17915430,16.665,0,0,439982618.0
startup,17932099,16.669,0,0,440261330.0
startup,17948764,16.665,0,0,440478614.0
startup,17965442,16.678,0,0,440629938.0
startup,17982097,16.655,0,0,440908346.0
startup,17998758,16.661,0,0,441186906.0
startup,18016616,17.858,0,0,441465618.0
startup,18032095,15.479,0,0,441617578.0
startup,18048760,16.665,0,0,441896858.0
startup,18066458,17.698,0,0,442175570.0
startup,18082120,15.662,0,0,442454282.0
startup,18098760,16.64,0,0,442732534.0
startup,18116446,17.686,0,0,442926914.0
startup,18132199,15.753,0,0,443082446.0
startup,18148884,16.685,0,0,443360854.0
startup,18166195,17.311,0,0,443639414.0
startup,18182096,15.901,0,0,443918126.0
startup,18198755,16.659,0,0,444070086.0
startup,18216071,17.316,0,0,444349366.0
startup,18232082,16.011,0,0,444628078.0
startup,18248754,16.672,0,0,444767206.0
startup,18265935,17.181,0,0,445045918.0
startup,18282090,16.155,0,0,445324782.0
startup,18298756,16.666,0,0,445463910.0
startup,18315424,16.668,0,0,445695422.0
startup,18332086,16.662,0,0,445973830.0
startup,18348748,16.662,0,0,446252390.0
startup,18365420,16.672,0,0,446531102.0
startup,18382079,16.659,0,0,446683062.0
startup,18398748,16.669,0,0,446962342.0
startup,18416095,17.347,0,0,447241054.0
startup,18432079,15.984,0,0,447519766.0
startup,18448750,16.671,0,0,447718090.0
startup,18465410,16.66,0,0,447969234.0
startup,18482086,16.676,0,0,448125194.0
startup,18498739,16.653,0,0,448403602.0
startup,18515405,16.666,0,0,448682162.0
startup,18532076,16.671,0,0,448960874.0
startup,18548737,16.661,0,0,449112834.0
startup,18565406,16.669,0,0,449392114.0
startup,18582076,16.67,0,0,449670822.0
startup,18598737,16.661,0,0,449949538.0
startup,18615400,16.663,0,0,450227794.0
startup,18632082,16.682,0,0,450465946.0
startup,18648733,16.651,0,0,450744354.0
startup,18665405,16.672,0,0,451022914.0
startup,18682070,16.665,0,0,451301626.0
startup,18698754,16.684,0,0,451456986.0
startup,18715396,16.642,0,0,451736266.0
startup,18732064,16.668,0,0,452014978.0
startup,18748728,16.664,0,0,452293690.0
startup,18765400,16.672,0,0,452571946.0
startup,18782065,16.665,0,0,452850810.0
startup,18798739,16.674,0,0,452964574.0
startup,18815392,16.653,0,0,453243854.0
startup,18832066,16.674,0,0,453522566.0
startup,18848730,16.664,0,0,453801278.0
startup,18865390,16.66,0,0,454079274.0
startup,18882057,16.667,0,0,454319538.0
startup,18898724,16.667,0,0,454472794.0
startup,18915388,16.664,0,0,454751202.0
startup,18932057,16.669,0,0,455029762.0
startup,18948726,16.669,0,0,455308474.0
startup,18965388,16.662,0,0,455587338.0
startup,18982064,16.676,0,0,455814838.0
startup,18998729,16.665,0,0,455966210.0
startup,19015388,16.659,0,0,456244618.0
startup,19032055,16.667,0,0,456523178.0
startup,19048724,16.669,0,0,456801890.0
startup,19065385,16.661,0,0,456953850.0
startup,19082076,16.691,0,0,457233130.0
startup,19098717,16.641,0,0,457511842.0
startup,19115382,16.665,0,0,457790554.0
startup,19132053,16.671,0,0,458068810.0
startup,19148748,16.695,0,0,458272642.0
startup,19165381,16.633,0,0,458551050.0
startup,19182156,16.775,0,0,458829610.0
startup,19198718,16.562,0,0,459108322.0
startup,19215379,16.661,0,0,459260282.0
startup,19232044,16.665,0,0,459539562.0
startup,19248728,16.684,0,0,459818274.0
startup,19265376,16.648,0,0,460096986.0
startup,19282068,16.692,0,0,460375242.0
startup,19298716,16.648,0,0,460546602.0
startup,19315377,16.661,0,0,460825010.0
startup,19332058,16.681,0,0,461103570.0
startup,19348703,16.645,0,0,461382282.0
startup,19365376,16.673,0,0,461537642.0
startup,19382040,16.664,0,0,461816922.0
startup,19398705,16.665,0,0,462095634.0
startup,19415370,16.665,0,0,462374346.0
startup,19432042,16.672,0,0,462652602.0
startup,19448704,16.662,0,0,462861174.0
startup,19465379,16.675,0,0,463017130.0
startup,19482037,16.658,0,0,463295538.0
startup,19498703,16.666,0,0,463574098.0
startup,19515366,16.663,0,0,463852810.0
startup,19532110,16.744,0,0,464095342.0
startup,19548698,16.588,0,0,464374622.0
startup,19565364,16.666,0,0,464653334.0
startup,19582031,16.667,0,0,464932046.0
startup,19598699,16.668,0,0,465210302.0
startup,19615361,16.662,0,0,465489166.0
startup,19632023,16.662,0,0,465758114.0
startup,19648709,16.686,0,0,465781002.0
startup,19665357,16.648,0,0,465805450.0
startup,19682026,16.669,0,0,465849954.0
startup,19698693,16.667,0,0,465879586.0
startup,19715363,16.67,0,0,465907638.0
startup,19732028,16.665,0,0,465952223.0
startup,19748703,16.675,0,0,465989339.0
startup,19765354,16.651,0,0,466026803.0
startup,19782025,16.671,0,0,466133567.0
startup,19798711,16.686,0,0,466211915.0
startup,19815378,16.667,0,0,466249067.0
startup,19832023,16.645,0,0,466293807.0
startup,19848684,16.661,0,0,466330959.0
startup,19865627,16.943,0,0,466609819.0
streaming_baseline,19882287,16.66,0,0,466265643.0
streaming_baseline,19898852,16.565,0,0,466441265.0
streaming_baseline,19915484,16.632,0,0,466463081.0
streaming_baseline,19932155,16.671,0,0,466488201.0
streaming_baseline,19948824,16.669,0,0,466566949.0
streaming_baseline,19965488,16.664,0,0,466592021.0
streaming_baseline,19982245,16.757,0,0,466623325.0
streaming_baseline,19998813,16.568,0,0,466629593.0
streaming_baseline,20015508,16.695,0,0,466649377.0
streaming_baseline,20032152,16.644,0,0,466655609.0
streaming_baseline,20048814,16.662,0,0,466686949.0
streaming_baseline,20065473,16.659,0,0,466702561.0
streaming_baseline,20082409,16.936,0,0,466727741.0
streaming_baseline,20098828,16.419,0,0,466733973.0
streaming_baseline,20115480,16.652,0,0,466746445.0
streaming_baseline,20132208,16.728,0,0,466795373.0
streaming_baseline,20148840,16.632,0,0,466845073.0
streaming_baseline,20165501,16.661,0,0,466863841.0
streaming_baseline,20182860,17.359,0,0,466882825.0
streaming_baseline,20198814,15.954,0,0,466907825.0
streaming_baseline,20215476,16.662,0,0,466926593.0
streaming_baseline,20232167,16.691,0,0,466944161.0
streaming_baseline,20248958,16.791,0,0,466983017.0
streaming_baseline,20265481,16.523,0,0,466995553.0
streaming_baseline,20282146,16.665,0,0,467001785.0
streaming_baseline,20298810,16.664,0,0,467008017.0
streaming_baseline,20315485,16.675,0,0,467014249.0
streaming_baseline,20332157,16.672,0,0,467027085.0
streaming_baseline,20348818,16.661,0,0,467033353.0
streaming_baseline,20365590,16.772,0,0,467039957.0
streaming_baseline,20382202,16.612,0,0,467046217.0
streaming_baseline,20398805,16.603,0,0,467052449.0
streaming_baseline,20415468,16.663,0,0,467058717.0
streaming_baseline,20432148,16.68,0,0,467064801.0
streaming_baseline,20448813,16.665,0,0,467070957.0
streaming_baseline,20465478,16.665,0,0,467077941.0
streaming_baseline,20482133,16.655,0,0,467185488.0
streaming_baseline,20498801,16.668,0,0,467185488.0
streaming_baseline,20515465,16.664,0,0,467185488.0
streaming_baseline,20532139,16.674,0,0,467185488.0
streaming_baseline,20548795,16.656,0,0,467185488.0
streaming_baseline,20565452,16.657,0,0,467185992.0
streaming_baseline,20582144,16.692,0,0,467185992.0
streaming_baseline,20598787,16.643,0,0,467185992.0
streaming_baseline,20615468,16.681,0,0,467185992.0
streaming_baseline,20632218,16.75,0,0,467185988.0
streaming_baseline,20648791,16.573,0,0,467185992.0
streaming_baseline,20665474,16.683,0,0,467185992.0
streaming_baseline,20682130,16.656,0,0,467185992.0
streaming_baseline,20698793,16.663,0,0,467185992.0
streaming_baseline,20715455,16.662,0,0,467185992.0
streaming_baseline,20732155,16.7,0,0,467185984.0
streaming_baseline,20748783,16.628,0,0,467185992.0
streaming_baseline,20765461,16.678,0,0,467185992.0
streaming_baseline,20782288,16.827,0,0,467185992.0
streaming_baseline,20798792,16.504,0,0,467185992.0
streaming_baseline,20815453,16.661,0,0,467185992.0
streaming_baseline,20832121,16.668,0,0,467185992.0
streaming_baseline,20848782,16.661,0,0,467185992.0
streaming_baseline,20865456,16.674,0,0,467185992.0
streaming_baseline,20882150,16.694,0,0,467185992.0
streaming_baseline,20898780,16.63,0,0,467185988.0
streaming_baseline,20915924,17.144,0,0,467186736.0
streaming_baseline,20932131,16.207,0,0,467186736.0
streaming_baseline,20948776,16.645,0,0,467186736.0
streaming_baseline,20965453,16.677,0,0,467186736.0
streaming_baseline,20982109,16.656,0,0,467186736.0
streaming_baseline,20998783,16.674,0,0,467186736.0
streaming_baseline,21015471,16.688,0,0,467186736.0
streaming_baseline,21032108,16.637,0,0,467186736.0
streaming_baseline,21048772,16.664,0,0,467186736.0
streaming_baseline,21065452,16.68,0,0,467186732.0
streaming_baseline,21082110,16.658,0,0,467186736.0
streaming_baseline,21098771,16.661,0,0,467186736.0
streaming_baseline,21115459,16.688,0,0,467186736.0
streaming_baseline,21132102,16.643,0,0,467186736.0
streaming_baseline,21148763,16.661,0,0,467186736.0
streaming_baseline,21165439,16.676,0,0,467186736.0
streaming_baseline,21182114,16.675,0,0,467186736.0
streaming_baseline,21198829,16.715,0,0,467186736.0
streaming_baseline,21215455,16.626,0,0,467186736.0
streaming_baseline,21232090,16.635,0,0,467186736.0
streaming_baseline,21248764,16.674,0,0,467186736.0
streaming_baseline,21265437,16.673,0,0,467186736.0
streaming_baseline,21282298,16.861,0,0,467186736.0
streaming_baseline,21298786,16.488,0,0,467186736.0
streaming_baseline,21315445,16.659,0,0,467186736.0
streaming_baseline,21332097,16.652,0,0,467186736.0
streaming_baseline,21348768,16.671,0,0,467186736.0
streaming_baseline,21365439,16.671,0,0,467186736.0
streaming_baseline,21382093,16.654,0,0,467186736.0
streaming_baseline,21398804,16.711,0,0,467186736.0
streaming_baseline,21415431,16.627,0,0,467186736.0
streaming_baseline,21432148,16.717,0,0,467187864.0
streaming_baseline,21448774,16.626,0,0,467187864.0
streaming_baseline,21465896,17.122,0,0,467187864.0
streaming_baseline,21482099,16.203,0,0,467187864.0
streaming_baseline,21498753,16.654,0,0,467187864.0
streaming_baseline,21515415,16.662,0,0,467187864.0
streaming_baseline,21532146,16.731,0,0,467187864.0
streaming_baseline,21548754,16.608,0,0,467187864.0
streaming_baseline,21566220,17.466,0,0,467187864.0
streaming_baseline,21582123,15.903,0,0,467187864.0
streaming_baseline,21598777,16.654,0,0,467187864.0
streaming_baseline,21615522,16.745,0,0,467187864.0
streaming_baseline,21632502,16.98,0,0,467187860.0
streaming_baseline,21648763,16.261,0,0,467187864.0
streaming_baseline,21665442,16.679,0,0,467187864.0
streaming_baseline,21682138,16.696,0,0,467187864.0
streaming_baseline,21698760,16.622,0,0,467187864.0
streaming_baseline,21715410,16.65,0,0,467187860.0
streaming_baseline,21732076,16.666,0,0,467187864.0
streaming_baseline,21749318,17.242,0,0,467187864.0
streaming_baseline,21765431,16.113,0,0,467187864.0
streaming_baseline,21782077,16.646,0,0,467187864.0
streaming_baseline,21798748,16.671,0,0,467187864.0
streaming_baseline,21815429,16.681,0,0,467187864.0
streaming_baseline,21832082,16.653,0,0,467187864.0
streaming_baseline,21848748,16.666,0,0,467187864.0
streaming_baseline,21865512,16.764,0,0,467187864.0
streaming_baseline,21882089,16.577,0,0,467187864.0
streaming_baseline,21898756,16.667,0,0,467187864.0
streaming_baseline,21915406,16.65,0,0,467187860.0
streaming_baseline,21932089,16.683,0,0,467187864.0
streaming_baseline,21948744,16.655,0,0,467187864.0
streaming_baseline,21965414,16.67,0,0,467187860.0
streaming_baseline,21982120,16.706,0,0,467187864.0
streaming_baseline,21998749,16.629,0,0,467187864.0
streaming_baseline,22015429,16.68,0,0,467187860.0
streaming_baseline,22032432,17.003,0,0,467187864.0
streaming_baseline,22048740,16.308,0,0,467187864.0
streaming_baseline,22065398,16.658,0,0,467187864.0
streaming_baseline,22082082,16.684,0,0,467187864.0
streaming_baseline,22098735,16.653,0,0,467187864.0
streaming_baseline,22115409,16.674,0,0,467187864.0
streaming_baseline,22132068,16.659,0,0,467187864.0
streaming_baseline,22148743,16.675,0,0,467187864.0
streaming_baseline,22165418,16.675,0,0,467187864.0
streaming_baseline,22182113,16.695,0,0,467187864.0
streaming_baseline,22198770,16.657,0,0,467187864.0
streaming_baseline,22215416,16.646,0,0,467189544.0
streaming_baseline,22232650,17.234,0,0,467189544.0
streaming_baseline,22248728,16.078,0,0,467189544.0
streaming_baseline,22265402,16.674,0,0,467189544.0
streaming_baseline,22282082,16.68,0,0,467189540.0
streaming_baseline,22298858,16.776,0,0,467189544.0
streaming_baseline,22315401,16.543,0,0,467189544.0
streaming_baseline,22332099,16.698,0,0,467189544.0
streaming_baseline,22348719,16.62,0,0,467189540.0
streaming_baseline,22365393,16.674,0,0,467189544.0
streaming_baseline,22382065,16.672,0,0,467189544.0
streaming_baseline,22398728,16.663,0,0,467189544.0
streaming_baseline,22415384,16.656,0,0,467189544.0
streaming_baseline,22432073,16.689,0,0,467189544.0
streaming_baseline,22448740,16.667,0,0,467189544.0
streaming_baseline,22465386,16.646,0,0,467189544.0
streaming_baseline,22482097,16.711,0,0,467189544.0
streaming_baseline,22498717,16.62,0,0,467189540.0
streaming_baseline,22515384,16.667,0,0,467189544.0
streaming_baseline,22532061,16.677,0,0,467189544.0
streaming_baseline,22548723,16.662,0,0,467189544.0
streaming_baseline,22565404,16.681,0,0,467189544.0
streaming_baseline,22582232,16.828,0,0,467189544.0
streaming_baseline,22598845,16.613,0,0,467189544.0
streaming_baseline,22615383,16.538,0,0,467189544.0
streaming_baseline,22632207,16.824,0,0,467189544.0
streaming_baseline,22648717,16.51,0,0,467189540.0
streaming_baseline,22665383,16.666,0,0,467189544.0
streaming_baseline,22682048,16.665,0,0,467189544.0
streaming_baseline,22698711,16.663,0,0,467189544.0
streaming_baseline,22715371,16.66,0,0,467189540.0
streaming_baseline,22732049,16.678,0,0,467189544.0
streaming_baseline,22748714,16.665,0,0,467189544.0
streaming_baseline,22765382,16.668,0,0,467189544.0
streaming_baseline,22782053,16.671,0,0,467189544.0
streaming_baseline,22798709,16.656,0,0,467189544.0
streaming_baseline,22815386,16.677,0,0,467189544.0
streaming_baseline,22832060,16.674,0,0,467189544.0
streaming_baseline,22849348,17.288,0,0,467189544.0
streaming_baseline,22865380,16.032,0,0,467189544.0
streaming_baseline,22882058,16.678,0,0,467189544.0
streaming_baseline,22898718,16.66,0,0,467189540.0
streaming_baseline,22915386,16.668,0,0,467189544.0
streaming_baseline,22932058,16.672,0,0,467189544.0
streaming_baseline,22948695,16.637,0,0,467189544.0
streaming_baseline,22965366,16.671,0,0,467189544.0
streaming_baseline,22982061,16.695,0,0,467189544.0
streaming_baseline,22998693,16.632,0,0,467189544.0
streaming_baseline,23015364,16.671,0,0,467189544.0
streaming_baseline,23032044,16.68,0,0,467189540.0
streaming_baseline,23048774,16.73,0,0,467189540.0
streaming_baseline,23065390,16.616,0,0,467189544.0
streaming_baseline,23082065,16.675,0,0,467189544.0
streaming_baseline,23098703,16.638,0,0,467189544.0
streaming_baseline,23115355,16.652,0,0,467189544.0
streaming_baseline,23132196,16.841,0,0,467189544.0
streaming_baseline,23148685,16.489,0,0,467189544.0
streaming_baseline,23165372,16.687,0,0,467189544.0
streaming_baseline,23182059,16.687,0,0,467189544.0
streaming_baseline,23198692,16.633,0,0,467189544.0
streaming_baseline,23215374,16.682,0,0,467189544.0
streaming_baseline,23232046,16.672,0,0,467189544.0
streaming_baseline,23248718,16.672,0,0,467189544.0
streaming_baseline,23265369,16.651,0,0,467189544.0
streaming_baseline,23282041,16.672,0,0,467189544.0
streaming_baseline,23298742,16.701,0,0,467189544.0
streaming_baseline,23315377,16.635,0,0,467189544.0
streaming_baseline,23332021,16.644,0,0,467189544.0
streaming_baseline,23348711,16.69,0,0,467189540.0
streaming_baseline,23365372,16.661,0,0,467189544.0
streaming_baseline,23382040,16.668,0,0,467192064.0
streaming_baseline,23398711,16.671,0,0,467192064.0
streaming_baseline,23415374,16.663,0,0,467192064.0
streaming_baseline,23432099,16.725,0,0,467192064.0
streaming_baseline,23448704,16.605,0,0,467192064.0
streaming_baseline,23465343,16.639,0,0,467192064.0
streaming_baseline,23482082,16.739,0,0,467192064.0
streaming_baseline,23498674,16.592,0,0,467192064.0
streaming_baseline,23515343,16.669,0,0,467192064.0
streaming_baseline,23532007,16.664,0,0,467192064.0
streaming_baseline,23548709,16.702,0,0,467192064.0
streaming_baseline,23565397,16.688,0,0,467192064.0
streaming_baseline,23582084,16.687,0,0,467192064.0
streaming_baseline,23598729,16.645,0,0,467192064.0
streaming_baseline,23615365,16.636,0,0,467192064.0
streaming_baseline,23632086,16.721,0,0,467192064.0
streaming_baseline,23648677,16.591,0,0,467192064.0
streaming_baseline,23665355,16.678,0,0,467192064.0
streaming_baseline,23682037,16.682,0,0,467192064.0
streaming_baseline,23698688,16.651,0,0,467192064.0
streaming_baseline,23715351,16.663,0,0,467192064.0
streaming_baseline,23732027,16.676,0,0,467192064.0
streaming_baseline,23748679,16.652,0,0,467192064.0
streaming_baseline,23765334,16.655,0,0,467192064.0
streaming_baseline,23782009,16.675,0,0,467192064.0
streaming_baseline,23798678,16.669,0,0,467192064.0
streaming_baseline,23815335,16.657,0,0,467192064.0
streaming_baseline,23832070,16.735,0,0,467192064.0
streaming_baseline,23848655,16.585,0,0,467192064.0
streaming_baseline,23865351,16.696,0,0,467192064.0
streaming_baseline,23882006,16.655,0,0,467192064.0
streaming_baseline,23898676,16.67,0,0,467192060.0
streaming_baseline,23915340,16.664,0,0,467192064.0
streaming_baseline,23932023,16.683,0,0,467192064.0
streaming_baseline,23948656,16.633,0,0,467192064.0
streaming_baseline,23965342,16.686,0,0,467192064.0
streaming_baseline,23982015,16.673,0,0,467192064.0
streaming_baseline,23998662,16.647,0,0,467192064.0
streaming_baseline,24015316,16.654,0,0,467192064.0
streaming_baseline,24032001,16.685,0,0,467192064.0
streaming_baseline,24048675,16.674,0,0,467192064.0
streaming_baseline,24065330,16.655,0,0,467192064.0
streaming_baseline,24082018,16.688,0,0,467192064.0
streaming_baseline,24098686,16.668,0,0,467192064.0
streaming_baseline,24115367,16.681,0,0,467192064.0
streaming_baseline,24131987,16.62,0,0,467192060.0
streaming_baseline,24148658,16.671,0,0,467192064.0
streaming_baseline,24165333,16.675,0,0,467192064.0
streaming_baseline,24181990,16.657,0,0,467192064.0
streaming_baseline,24198650,16.66,0,0,467192060.0
streaming_baseline,24215308,16.658,0,0,467192064.0
streaming_baseline,24232108,16.8,0,0,467192056.0
streaming_baseline,24248648,16.54,0,0,467192060.0
streaming_baseline,24265339,16.691,0,0,467192064.0
streaming_baseline,24282002,16.663,0,0,467192064.0
streaming_baseline,24298654,16.652,0,0,467192064.0
streaming_baseline,24315332,16.678,0,0,467192064.0
streaming_baseline,24332017,16.685,0,0,467192064.0
streaming_baseline,24348653,16.636,0,0,467192064.0
streaming_baseline,24365311,16.658,0,0,467192064.0
streaming_baseline,24382012,16.701,0,0,467192064.0
streaming_baseline,24398649,16.637,0,0,467192064.0
streaming_baseline,24415307,16.658,0,0,467192064.0
streaming_baseline,24431968,16.661,0,0,467192064.0
streaming_baseline,24448637,16.669,0,0,467192064.0
streaming_baseline,24465309,16.672,0,0,467192064.0
streaming_baseline,24481967,16.658,0,0,467192064.0
streaming_baseline,24498662,16.695,0,0,467192064.0
streaming_baseline,24515363,16.701,0,0,467192064.0
streaming_baseline,24532019,16.656,0,0,467192064.0
streaming_baseline,24548652,16.633,0,0,467192064.0
streaming_baseline,24565300,16.648,0,0,467192064.0
streaming_baseline,24581979,16.679,0,0,467192064.0
streaming_baseline,24598666,16.687,0,0,467192064.0
streaming_baseline,24615304,16.638,0,0,467192064.0
streaming_baseline,24632303,16.999,0,0,467192064.0
streaming_baseline,24648689,16.386,0,0,467192064.0
streaming_baseline,24665473,16.784,0,0,467192064.0
streaming_baseline,24681976,16.503,0,0,467192064.0
streaming_baseline,24698641,16.665,0,0,467192064.0
streaming_baseline,24715303,16.662,0,0,467192064.0
streaming_baseline,24731965,16.662,0,0,467192064.0
streaming_baseline,24748647,16.682,0,0,467192064.0
streaming_baseline,24765510,16.863,0,0,467192064.0
streaming_baseline,24781995,16.485,0,0,467192064.0
streaming_baseline,24798741,16.746,0,0,467192064.0
streaming_baseline,24815299,16.558,0,0,467192064.0
streaming_baseline,24832047,16.748,0,0,467192064.0
streaming_baseline,24848637,16.59,0,0,467192060.0
streaming_baseline,24865333,16.696,0,0,467192064.0
compact_history_control,24887476,22.143,0,0,467187880.0
compact_history_control,24898643,11.167,0,0,467190048.0
compact_history_control,24922279,23.636,0,0,455291070.0
compact_history_control,24932023,9.744,0,2,455749586.0
compact_history_control,24948737,16.714,0,2,455949474.0
compact_history_control,24965270,16.533,0,2,456129258.0
compact_history_control,24981935,16.665,4,2,455273402.0
compact_history_control,24999053,17.118,4,2,455236162.0
compact_history_control,25015241,16.188,4,2,455760838.0
compact_history_control,25031924,16.683,4,2,456072794.0
compact_history_control,25048927,17.003,3,2,456642610.0
compact_history_control,25065271,16.344,3,2,456837358.0
compact_history_control,25081947,16.676,2,2,457464922.0
compact_history_control,25098790,16.843,0,2,457526706.0
compact_history_control,25115254,16.464,4,2,456911210.0
compact_history_control,25132026,16.772,4,2,457081554.0
compact_history_control,25148653,16.627,4,2,457567214.0
compact_history_control,25165257,16.604,4,2,458072970.0
compact_history_control,25181912,16.655,3,2,458554366.0
compact_history_control,25198930,17.018,3,2,459065370.0
compact_history_control,25215255,16.325,2,2,459671202.0
compact_history_control,25231914,16.659,0,2,459730818.0
compact_history_control,25248611,16.697,0,2,459805238.0
compact_history_control,25265419,16.808,4,2,459195610.0
compact_history_control,25281913,16.494,4,2,459505582.0
compact_history_control,25298574,16.661,4,2,459983434.0
compact_history_control,25315247,16.673,4,2,460362734.0
compact_history_control,25331951,16.704,3,2,460857366.0
compact_history_control,25348638,16.687,3,2,461329598.0
compact_history_control,25365244,16.606,2,2,461932046.0
compact_history_control,25381897,16.653,0,2,461932610.0
compact_history_control,25398585,16.688,0,2,462067750.0
compact_history_control,25415241,16.656,4,2,461465994.0
compact_history_control,25431931,16.69,4,2,461481730.0
compact_history_control,25448567,16.636,4,2,462126290.0
compact_history_control,25465237,16.67,4,2,462469398.0
compact_history_control,25481916,16.679,3,2,462915702.0
compact_history_control,25498577,16.661,3,2,463273650.0
compact_history_control,25515245,16.668,2,2,463973022.0
compact_history_control,25531918,16.673,4,2,463566946.0
compact_history_control,25548580,16.662,5,2,464077378.0
compact_history_control,25565233,16.653,5,2,464200418.0
compact_history_control,25581923,16.69,1,2,464557734.0
compact_history_control,25598560,16.637,2,2,465047118.0
compact_history_control,25615238,16.678,2,2,465258486.0
compact_history_control,25631964,16.726,1,2,465707730.0
compact_history_control,25648573,16.609,1,2,466495510.0
compact_history_control,25665231,16.658,1,2,467381818.0
compact_history_control,25681968,16.737,5,2,466880410.0
compact_history_control,25698557,16.589,6,2,466589506.0
compact_history_control,25715223,16.666,3,2,466856018.0
compact_history_control,25731894,16.671,4,2,467272418.0
compact_history_control,25748553,16.659,4,2,467579662.0
compact_history_control,25765243,16.69,3,2,468237878.0
compact_history_control,25781915,16.672,3,2,468968098.0
compact_history_control,25798562,16.647,3,2,469799098.0
compact_history_control,25815260,16.698,3,2,470767598.0
compact_history_control,25831884,16.624,4,2,468832418.0
compact_history_control,25848583,16.699,3,2,469728638.0
compact_history_control,25865222,16.639,3,2,470688246.0
compact_history_control,25881884,16.662,3,2,469985750.0
compact_history_control,25898591,16.707,0,2,470788194.0
compact_history_control,25915213,16.622,0,2,471261914.0
compact_history_control,25931901,16.688,0,2,471541954.0
compact_history_control,25948557,16.656,0,2,471835198.0
compact_history_control,25965229,16.672,0,2,471974326.0
compact_history_control,25982011,16.782,0,2,472197618.0
compact_history_control,25998565,16.554,0,2,472476026.0
compact_history_control,26015219,16.654,0,2,472615458.0
compact_history_control,26032069,16.85,0,2,472877730.0
compact_history_control,26048574,16.505,0,2,472975014.0
compact_history_control,26065222,16.648,0,2,473158210.0
compact_history_control,26082429,17.207,0,2,473254226.0
compact_history_control,26098556,16.127,4,2,472784502.0
compact_history_control,26115216,16.66,6,2,473706326.0
compact_history_control,26132331,17.115,6,2,474621086.0
compact_history_control,26148539,16.208,6,2,474313942.0
compact_history_control,26165207,16.668,6,2,474460350.0
compact_history_control,26182469,17.262,4,2,475340334.0
compact_history_control,26198541,16.072,4,2,476160082.0
compact_history_control,26215200,16.659,4,2,475575966.0
compact_history_control,26232063,16.863,3,2,476242610.0
compact_history_control,26248549,16.486,3,2,476922958.0
compact_history_control,26265203,16.654,3,2,477146950.0
compact_history_control,26282207,17.004,3,2,478381846.0
compact_history_control,26298541,16.334,3,2,478105334.0
compact_history_control,26315207,16.666,2,2,478865598.0
compact_history_control,26332093,16.886,2,2,479986314.0
compact_history_control,26348539,16.446,2,2,480030330.0
compact_history_control,26365204,16.665,2,2,480038910.0
compact_history_control,26382053,16.849,1,2,478800486.0
compact_history_control,26398631,16.578,3,2,479694358.0
compact_history_control,26415196,16.565,4,2,480827342.0
compact_history_control,26432105,16.909,4,2,481265590.0
compact_history_control,26448559,16.454,4,2,481235550.0
compact_history_control,26465196,16.637,2,2,481378226.0
compact_history_control,26482068,16.872,2,2,482276482.0
compact_history_control,26498524,16.456,2,2,482501226.0
compact_history_control,26515203,16.679,0,2,482830530.0
compact_history_control,26532064,16.861,0,2,483104434.0
compact_history_control,26548547,16.483,0,2,483274498.0
compact_history_control,26565219,16.672,0,2,483355638.0
compact_history_control,26582086,16.867,0,2,483538834.0
compact_history_control,26598541,16.455,0,2,483634850.0
compact_history_control,26615188,16.647,0,2,483773978.0
compact_history_control,26632049,16.861,4,2,483146638.0
compact_history_control,26648523,16.474,6,2,484530594.0
compact_history_control,26665207,16.684,6,2,484810658.0
compact_history_control,26682102,16.895,6,2,484763914.0
compact_history_control,26698616,16.514,6,2,484884878.0
compact_history_control,26715199,16.583,4,2,485625810.0
compact_history_control,26732160,16.961,4,2,486570886.0
compact_history_control,26748521,16.361,4,2,486126154.0
compact_history_control,26765193,16.672,3,2,486654278.0
compact_history_control,26782067,16.874,3,2,487348210.0
compact_history_control,26798528,16.461,3,2,488602478.0
compact_history_control,26815182,16.654,3,2,488833570.0
compact_history_control,26832077,16.895,3,2,488768594.0
compact_history_control,26848530,16.453,2,2,489649578.0
compact_history_control,26865196,16.666,2,2,490422550.0
compact_history_control,26882096,16.9,2,2,491825882.0
compact_history_control,26898517,16.421,2,2,490769670.0
compact_history_control,26915212,16.695,0,2,490855626.0
compact_history_control,26932192,16.98,4,2,490374870.0
compact_history_control,26948549,16.357,6,2,491056066.0
compact_history_control,26965186,16.637,6,2,491505570.0
compact_history_control,26982118,16.932,6,2,492392810.0
compact_history_control,26998519,16.401,6,2,492067810.0
compact_history_control,27015214,16.695,4,2,492808334.0
compact_history_control,27032097,16.883,4,2,493682534.0
compact_history_control,27048504,16.407,4,2,493240930.0
compact_history_control,27065196,16.692,3,2,493568246.0
compact_history_control,27082127,16.931,2,2,494110746.0
compact_history_control,27098522,16.395,0,2,494626122.0
compact_history_control,27115194,16.672,0,2,494643158.0
compact_history_control,27132120,16.926,0,2,494858106.0
compact_history_control,27148540,16.42,0,2,494998186.0
compact_history_control,27165184,16.644,0,2,495137318.0
compact_history_control,27182156,16.972,4,2,494509978.0
compact_history_control,27198517,16.361,6,2,495473698.0
compact_history_control,27215190,16.673,6,2,496264650.0
compact_history_control,27232116,16.926,6,2,495968698.0
compact_history_control,27248548,16.432,4,2,496251058.0
compact_history_control,27265218,16.67,3,2,496656590.0
compact_history_control,27282223,17.005,3,2,497104762.0
compact_history_control,27298507,16.284,2,2,497571330.0
compact_history_control,27315171,16.664,2,2,497712134.0
compact_history_control,27332141,16.97,2,2,497912526.0
compact_history_control,27348531,16.39,2,2,498191806.0
compact_history_control,27365217,16.686,0,2,498664182.0
compact_history_control,27382177,16.96,0,2,498755802.0
compact_history_control,27398535,16.358,0,2,498953998.0
compact_history_control,27415175,16.64,0,2,499033694.0
compact_history_control,27432223,17.048,4,2,498792274.0
compact_history_control,27448507,16.284,4,2,498492418.0
compact_history_control,27465199,16.692,4,2,498632426.0
compact_history_control,27482133,16.934,4,2,499137646.0
compact_history_control,27498529,16.396,3,2,499605370.0
compact_history_control,27515334,16.805,3,2,499745774.0
compact_history_control,27532130,16.796,3,2,500038142.0
compact_history_control,27548497,16.367,3,2,500316854.0
compact_history_control,27565191,16.694,2,2,500862666.0
compact_history_control,27582202,17.011,2,2,501142206.0
compact_history_control,27598499,16.297,2,2,501420766.0
compact_history_control,27615158,16.659,2,2,501523850.0
compact_history_control,27632135,16.977,2,2,501693854.0
compact_history_control,27648497,16.362,0,2,502266182.0
compact_history_control,27665161,16.664,0,2,502356918.0
compact_history_control,27682168,17.007,1,2,501692634.0
compact_history_control,27698524,16.356,3,2,501563690.0
compact_history_control,27715188,16.664,3,2,501703442.0
compact_history_control,27732195,17.007,3,2,501982002.0
compact_history_control,27748491,16.296,0,2,502627714.0
compact_history_control,27777210,28.719,0,2,502821616.0
compact_history_control,27785819,8.609,0,2,502606380.0
compact_history_control,27798457,12.638,0,2,503253316.0
compact_history_control,27815148,16.691,0,2,503571380.0
compact_history_control,27832133,16.985,0,2,503850436.0
compact_history_control,27848513,16.38,0,2,504037964.0
compact_history_control,27865211,16.698,0,2,504178120.0
compact_history_control,27882146,16.935,0,2,504357196.0
compact_history_control,27898493,16.347,0,2,504453724.0
compact_history_control,27915153,16.66,0,2,504592848.0
compact_history_control,27932135,16.982,0,2,504731616.0
compact_history_control,27948495,16.36,0,2,503627312.0
compact_history_control,27965228,16.733,0,2,503782096.0
compact_history_control,27995040,29.812,0,2,504127082.0
compact_history_control,28003425,8.385,0,2,504592366.0
compact_history_control,28015141,11.716,0,2,505230110.0
compact_history_control,28032114,16.973,0,2,505709982.0
compact_history_control,28048479,16.365,0,2,505989922.0
compact_history_control,28065142,16.663,0,2,506129354.0
compact_history_control,28082134,16.992,0,2,506427470.0
compact_history_control,28098467,16.333,0,2,506706182.0
compact_history_control,28115208,16.741,0,2,506780502.0
compact_history_control,28132152,16.944,0,2,506861642.0
compact_history_control,28148468,16.316,0,2,507044838.0
compact_history_control,28165138,16.67,0,2,507140850.0
compact_history_control,28182122,16.984,0,2,506079166.0
compact_history_control,28198482,16.36,0,2,506234394.0
compact_history_control,28224503,26.021,0,2,506430778.0
compact_history_control,28232589,8.086,0,2,506893038.0
compact_history_control,28248450,15.861,0,2,507706078.0
compact_history_control,28265135,16.685,0,2,507858038.0
compact_history_control,28282168,17.033,0,2,508150494.0
compact_history_control,28298485,16.317,0,2,508428902.0
compact_history_control,28315136,16.651,0,2,508568334.0
compact_history_control,28332099,16.963,0,2,508847046.0
compact_history_control,28348546,16.447,0,2,509125302.0
compact_history_control,28365181,16.635,0,2,509195242.0
compact_history_control,28382145,16.964,0,2,509295042.0
compact_history_control,28398517,16.372,0,2,509476918.0
compact_history_control,28415129,16.612,0,2,509572934.0
compact_history_control,28432106,16.977,0,2,509337882.0
compact_history_control,28448534,16.428,0,2,508762666.0
compact_history_control,28475043,26.509,0,2,508961566.0
compact_history_control,28483124,8.081,0,2,509426946.0
compact_history_control,28498441,15.317,0,2,510240806.0
compact_history_control,28515123,16.682,0,2,510392510.0
compact_history_control,28532081,16.958,0,2,510620338.0
compact_history_control,28548462,16.381,0,2,510898746.0
compact_history_control,28565316,16.854,0,2,511038178.0
compact_history_control,28582114,16.798,0,2,511316890.0
compact_history_control,28598444,16.33,0,2,511561546.0
compact_history_control,28615128,16.684,0,2,511518694.0
compact_history_control,28631918,16.79,0,2,511797970.0
compact_history_control,28648454,16.536,0,2,512004306.0
compact_history_control,28665148,16.694,0,2,512143434.0
compact_history_control,28681964,16.816,0,2,510931702.0
compact_history_control,28698455,16.491,0,2,511098886.0
compact_history_control,28727358,28.903,0,2,511300692.0
compact_history_control,28735275,7.917,0,2,511763308.0
compact_history_control,28748538,13.263,0,2,512410548.0
compact_history_control,28765115,16.577,0,2,512728308.0
compact_history_control,28781984,16.869,0,2,513020764.0
compact_history_control,28798617,16.633,0,2,513299172.0
compact_history_control,28815110,16.493,0,2,513438604.0
compact_history_control,28832007,16.897,0,2,513717316.0
compact_history_control,28848540,16.533,0,2,513995572.0
compact_history_control,28865113,16.573,0,2,514084816.0
compact_history_control,28882166,17.053,0,2,514217900.0
compact_history_control,28898445,16.279,0,2,514402828.0
compact_history_control,28915182,16.737,0,2,514495792.0
compact_history_control,28932082,16.9,0,2,513205140.0
compact_history_control,28948575,16.493,0,2,512463468.0
compact_history_control,28975850,27.275,0,2,512532998.0
compact_history_control,28985135,9.285,0,2,512861322.0
compact_history_control,28998415,13.28,0,2,513550222.0
compact_history_control,29015304,16.889,0,2,513748362.0
compact_history_control,29032083,16.779,0,2,513931902.0
compact_history_control,29048445,16.362,0,2,511947578.0
compact_history_control,29065109,16.664,0,2,509590710.0
compact_history_control,29091581,26.472,0,2,509647230.0
compact_history_control,29098764,7.183,0,2,509832202.0
compact_history_control,29115080,16.316,0,2,510357198.0
compact_history_control,29132041,16.961,0,2,510715622.0
compact_history_control,29148433,16.392,0,2,510995246.0
compact_history_control,29165102,16.669,0,2,510995218.0
compact_history_control,29182044,16.942,0,2,509648014.0
compact_history_control,29198546,16.502,0,2,509645434.0
compact_history_control,29225893,27.347,0,2,509682874.0
compact_history_control,29233724,7.831,0,2,509869062.0
compact_history_control,29248410,14.686,0,2,510534006.0
compact_history_control,29265094,16.684,0,2,510897942.0
compact_history_control,29282054,16.96,0,2,511081478.0
compact_history_control,29298508,16.454,0,2,509700770.0
compact_history_control,29315099,16.591,0,2,509699614.0
compact_history_control,29342325,27.226,0,2,509768520.0
compact_history_control,29348411,6.086,0,2,509945320.0
compact_history_control,29365073,16.662,0,2,510433304.0
compact_history_control,29382033,16.96,0,2,510797908.0
compact_history_control,29398427,16.394,0,2,510877904.0
compact_history_control,29415083,16.656,0,2,511017032.0
compact_history_control,29432031,16.948,0,2,509770864.0
compact_history_control,29448539,16.508,0,2,509767140.0
compact_history_control,29474771,26.232,0,2,509789150.0
compact_history_control,29484582,9.811,0,2,509975634.0
compact_history_control,29498414,13.832,0,2,510806378.0
compact_history_control,29515091,16.677,0,2,511004514.0
compact_history_control,29532033,16.942,0,2,511189734.0
compact_history_control,29548430,16.397,0,2,509809022.0
expanding_excavation,29575730,27.3,0,2,509806898.0
expanding_excavation,29603142,27.412,0,2,509871326.0
expanding_excavation,29628818,25.676,0,2,510676950.0
expanding_excavation,29658188,29.37,0,10,510173038.0
expanding_excavation,29668759,10.571,0,10,510299778.0
expanding_excavation,29676937,8.178,0,10,510456314.0
expanding_excavation,29691672,14.735,0,10,510773806.0
expanding_excavation,29708178,16.506,0,10,510948134.0
expanding_excavation,29724776,16.598,0,10,511088382.0
expanding_excavation,29742117,17.341,4,10,509484382.0
expanding_excavation,29758096,15.979,5,10,509667402.0
expanding_excavation,29774791,16.695,3,10,510155126.0
expanding_excavation,29792020,17.229,2,10,510463662.0
expanding_excavation,29808184,16.164,2,10,511148122.0
expanding_excavation,29824776,16.592,1,10,511667978.0
expanding_excavation,29842032,17.256,1,10,512082002.0
expanding_excavation,29858141,16.109,0,10,512365578.0
expanding_excavation,29874767,16.626,0,10,512545390.0
expanding_excavation,29892036,17.269,0,10,512701862.0
expanding_excavation,29908098,16.062,0,10,512981142.0
expanding_excavation,29924767,16.669,4,10,511276054.0
expanding_excavation,29942049,17.282,3,10,510542162.0
expanding_excavation,29958104,16.055,3,10,511437666.0
expanding_excavation,29974759,16.655,3,10,511561502.0
expanding_excavation,29992019,17.26,2,10,512448054.0
expanding_excavation,30008095,16.076,2,10,512871234.0
expanding_excavation,30024760,16.665,2,10,514310610.0
expanding_excavation,30042053,17.293,2,10,514677746.0
expanding_excavation,30058093,16.04,2,10,514229398.0
expanding_excavation,30074756,16.663,1,10,514973350.0
expanding_excavation,30092443,17.687,1,10,515831262.0
expanding_excavation,30108087,15.644,1,10,516714030.0
expanding_excavation,30124752,16.665,4,10,513687642.0
expanding_excavation,30142286,17.534,2,10,512212290.0
expanding_excavation,30158100,15.814,3,10,513107206.0
expanding_excavation,30174978,16.878,3,10,513110334.0
expanding_excavation,30192210,17.232,2,10,514185730.0
expanding_excavation,30208092,15.882,2,10,514465974.0
expanding_excavation,30224754,16.662,2,10,516025574.0
expanding_excavation,30242075,17.321,2,10,515711018.0
expanding_excavation,30258088,16.013,2,10,516010210.0
expanding_excavation,30274748,16.66,1,10,516891542.0
expanding_excavation,30292095,17.347,1,10,517837506.0
expanding_excavation,30308097,16.002,1,10,519352910.0
expanding_excavation,30324765,16.668,1,10,518306690.0
expanding_excavation,30342095,17.33,0,10,518499306.0
expanding_excavation,30358084,15.989,0,10,518777202.0
expanding_excavation,30374771,16.687,0,10,519104986.0
expanding_excavation,30391962,17.191,0,10,519297338.0
expanding_excavation,30408091,16.129,4,10,517243814.0
expanding_excavation,30424753,16.662,5,10,515888434.0
expanding_excavation,30441985,17.232,5,10,515799678.0
expanding_excavation,30458088,16.103,5,10,515486078.0
expanding_excavation,30474746,16.658,3,10,515769506.0
expanding_excavation,30492009,17.263,3,10,516664474.0
expanding_excavation,30508061,16.052,3,10,516893630.0
expanding_excavation,30524742,16.681,2,10,517970694.0
expanding_excavation,30541409,16.667,2,10,518250938.0
expanding_excavation,30558079,16.67,2,10,519690566.0
expanding_excavation,30574741,16.662,2,10,519376950.0
expanding_excavation,30591401,16.66,1,10,519575930.0
expanding_excavation,30608073,16.672,1,10,520368330.0
expanding_excavation,30624848,16.775,1,10,521314398.0
expanding_excavation,30641428,16.58,1,10,522849582.0
expanding_excavation,30658067,16.639,2,10,518901610.0
expanding_excavation,30674748,16.681,0,10,516782578.0
expanding_excavation,30691406,16.658,1,10,516889006.0
expanding_excavation,30708083,16.677,1,10,517121734.0
expanding_excavation,30724735,16.652,0,10,517600958.0
expanding_excavation,30741408,16.673,0,10,517892034.0
expanding_excavation,30758066,16.658,0,10,518170442.0
expanding_excavation,30774727,16.661,0,10,518449002.0
expanding_excavation,30791404,16.677,0,10,518727714.0
expanding_excavation,30808073,16.669,0,10,518913586.0
expanding_excavation,30824728,16.655,0,10,519192866.0
expanding_excavation,30841403,16.675,0,10,519387858.0
expanding_excavation,30858065,16.662,0,10,519582882.0
expanding_excavation,30874725,16.66,0,10,519862158.0
expanding_excavation,30891399,16.674,0,10,520056626.0
expanding_excavation,30908091,16.692,1,10,517970634.0
expanding_excavation,30924737,16.646,2,10,516839274.0
expanding_excavation,30941396,16.659,2,10,516749790.0
expanding_excavation,30958049,16.653,2,10,516437146.0
expanding_excavation,30974726,16.677,0,10,516720562.0
expanding_excavation,30991394,16.668,0,10,517010710.0
expanding_excavation,31008052,16.658,0,10,517847598.0
expanding_excavation,31024719,16.667,0,10,518329158.0
expanding_excavation,31041387,16.668,0,10,518608946.0
expanding_excavation,31058053,16.666,0,10,518777098.0
expanding_excavation,31074716,16.663,0,10,518975026.0
expanding_excavation,31091386,16.67,0,10,519254302.0
expanding_excavation,31108062,16.676,0,10,519451938.0
expanding_excavation,31124727,16.665,0,10,519646698.0
expanding_excavation,31141386,16.659,0,10,519927106.0
expanding_excavation,31158057,16.671,0,10,517680166.0
expanding_excavation,31174718,16.661,0,10,517178730.0
expanding_excavation,31191386,16.668,0,10,517457834.0
expanding_excavation,31208045,16.659,0,10,518299350.0
expanding_excavation,31224713,16.668,0,10,518781566.0
expanding_excavation,31241375,16.662,0,10,519075466.0
expanding_excavation,31258047,16.672,0,10,519354178.0
expanding_excavation,31274706,16.659,0,10,519632890.0
expanding_excavation,31291373,16.667,0,10,519911146.0
expanding_excavation,31308045,16.672,0,10,520125570.0
expanding_excavation,31324718,16.673,0,10,520326402.0
expanding_excavation,31341369,16.651,0,10,520605682.0
expanding_excavation,31358069,16.7,0,10,520809114.0
expanding_excavation,31374710,16.641,0,10,521004674.0
expanding_excavation,31391369,16.659,0,10,521283954.0
expanding_excavation,31408038,16.669,0,10,519231438.0
expanding_excavation,31424718,16.68,0,10,519522202.0
expanding_excavation,31441366,16.648,0,10,519801766.0
expanding_excavation,31458028,16.662,0,10,520645570.0
expanding_excavation,31474699,16.671,0,10,521130166.0
expanding_excavation,31491379,16.68,0,10,521424062.0
expanding_excavation,31508032,16.653,0,10,521702778.0
expanding_excavation,31524706,16.674,0,10,521981490.0
expanding_excavation,31541385,16.679,0,10,522259746.0
expanding_excavation,31558039,16.654,0,10,522434762.0
expanding_excavation,31574714,16.675,0,10,522639554.0
expanding_excavation,31591370,16.656,0,10,522918834.0
expanding_excavation,31608032,16.662,0,10,523123858.0
expanding_excavation,31624704,16.672,0,10,523320730.0
expanding_excavation,31641366,16.662,0,10,523600010.0
expanding_excavation,31658059,16.693,0,10,521550062.0
expanding_excavation,31674699,16.64,0,10,521840682.0
expanding_excavation,31691364,16.665,0,10,522120246.0
expanding_excavation,31708023,16.659,0,10,522968290.0
expanding_excavation,31724696,16.673,0,10,523454782.0
expanding_excavation,31741357,16.661,0,10,523748730.0
expanding_excavation,31758024,16.667,0,10,524027442.0
expanding_excavation,31774714,16.69,0,10,524306150.0
expanding_excavation,31791356,16.642,0,10,524584410.0
expanding_excavation,31808037,16.681,0,10,524844962.0
expanding_excavation,31824694,16.657,0,10,525039394.0
expanding_excavation,31841349,16.655,0,10,525331938.0
expanding_excavation,31858023,16.674,0,10,525542770.0
expanding_excavation,31874686,16.663,0,10,525740434.0
expanding_excavation,31891374,16.688,0,10,526019714.0
expanding_excavation,31908156,16.782,0,10,523938802.0
expanding_excavation,31924686,16.53,0,10,524231094.0
expanding_excavation,31941357,16.671,0,10,524510658.0
expanding_excavation,31958007,16.65,0,10,525360986.0
expanding_excavation,31974680,16.673,0,10,525849926.0
expanding_excavation,31991346,16.666,0,10,526143898.0
expanding_excavation,32008017,16.671,0,10,526422610.0
expanding_excavation,32024691,16.674,0,10,526701322.0
expanding_excavation,32041342,16.651,0,10,526979578.0
expanding_excavation,32058026,16.684,0,10,527173074.0
expanding_excavation,32074687,16.661,0,10,527384730.0
expanding_excavation,32091343,16.656,0,10,527664010.0
expanding_excavation,32108012,16.669,0,10,527876426.0
expanding_excavation,32124687,16.675,0,10,528075258.0
expanding_excavation,32141338,16.651,0,10,528354538.0
expanding_excavation,32158017,16.679,0,10,526273002.0
expanding_excavation,32174672,16.655,0,10,526268134.0
expanding_excavation,32191351,16.679,0,10,526268982.0
expanding_excavation,32208003,16.652,0,10,526844838.0
expanding_excavation,32224675,16.672,0,10,527353978.0
expanding_excavation,32241343,16.668,0,10,527556334.0
expanding_excavation,32258011,16.668,0,10,527770894.0
expanding_excavation,32274670,16.659,0,10,528050174.0
expanding_excavation,32291346,16.676,0,10,528268294.0
expanding_excavation,32308021,16.675,0,10,526297950.0
expanding_excavation,32324674,16.653,0,10,526293082.0
expanding_excavation,32341338,16.664,0,10,526293930.0
expanding_excavation,32357987,16.649,0,10,526872078.0
expanding_excavation,32374679,16.692,0,10,527382862.0
expanding_excavation,32391334,16.655,0,10,527586538.0
expanding_excavation,32408003,16.669,0,10,527791794.0
expanding_excavation,32424670,16.667,0,10,528084338.0
expanding_excavation,32441332,16.662,0,10,528302794.0
expanding_excavation,32458010,16.678,0,10,526317518.0
expanding_excavation,32474659,16.649,0,10,526312650.0
expanding_excavation,32491341,16.682,0,10,526313498.0
expanding_excavation,32507979,16.638,0,10,526895886.0
expanding_excavation,32524664,16.685,0,10,527408546.0
expanding_excavation,32541325,16.661,0,10,527613014.0
expanding_excavation,32558005,16.68,0,10,527818118.0
expanding_excavation,32574690,16.685,0,10,528113718.0
expanding_excavation,32591328,16.638,0,10,528339230.0
expanding_excavation,32608013,16.685,0,10,526341738.0
expanding_excavation,32624665,16.652,0,10,526336870.0
expanding_excavation,32641327,16.662,0,10,526337718.0
expanding_excavation,32657984,16.657,0,10,526727502.0
expanding_excavation,32674663,16.679,0,10,527437434.0
expanding_excavation,32691324,16.661,0,10,527643222.0
expanding_excavation,32708003,16.679,0,10,527852290.0
expanding_excavation,32724651,16.648,0,10,528147886.0
expanding_excavation,32741314,16.663,0,10,528374982.0
expanding_excavation,32757994,16.68,0,10,526362394.0
expanding_excavation,32774674,16.68,0,10,526357526.0
expanding_excavation,32791331,16.657,0,10,526358378.0
expanding_excavation,32807977,16.646,0,10,526947290.0
expanding_excavation,32824649,16.672,0,10,527464206.0
expanding_excavation,32841318,16.669,0,10,527670786.0
expanding_excavation,32857994,16.676,0,10,527882758.0
expanding_excavation,32874649,16.655,0,10,528178354.0
expanding_excavation,32891315,16.666,0,10,528411258.0
expanding_excavation,32907984,16.669,0,10,526386614.0
expanding_excavation,32924667,16.683,0,10,526381746.0
expanding_excavation,32941312,16.645,0,10,526382594.0
expanding_excavation,32957963,16.651,0,10,526973798.0
expanding_excavation,32974634,16.671,0,10,527493094.0
expanding_excavation,32991314,16.68,0,10,527700990.0
expanding_excavation,33007974,16.66,0,10,527916922.0
expanding_excavation,33024642,16.668,0,10,528212522.0
expanding_excavation,33041338,16.696,0,10,528447010.0
expanding_excavation,33057985,16.647,0,10,526407278.0
expanding_excavation,33074642,16.657,0,10,526402410.0
expanding_excavation,33091316,16.674,0,10,526405778.0
expanding_excavation,33107968,16.652,0,10,527001222.0
expanding_excavation,33124640,16.672,0,10,527522394.0
expanding_excavation,33141303,16.663,0,10,527731086.0
expanding_excavation,33157973,16.67,0,10,527949918.0
expanding_excavation,33174641,16.668,0,10,528245518.0
expanding_excavation,33191304,16.663,0,10,528485814.0
expanding_excavation,33207969,16.665,0,10,526434018.0
expanding_excavation,33224657,16.688,0,10,526429150.0
expanding_excavation,33241298,16.641,0,10,526429998.0
expanding_excavation,33257952,16.654,0,10,527027730.0
expanding_excavation,33274631,16.679,0,10,527551286.0
expanding_excavation,33291311,16.68,0,10,527761294.0
expanding_excavation,33307973,16.662,0,10,527984094.0
expanding_excavation,33324632,16.659,0,10,528279690.0
expanding_excavation,33341293,16.661,0,10,528521570.0
expanding_excavation,33357973,16.68,0,10,526454894.0
expanding_excavation,33374631,16.658,0,10,526450030.0
expanding_excavation,33391326,16.695,0,10,526450878.0
expanding_excavation,33407961,16.635,0,10,526998294.0
expanding_excavation,33424627,16.666,0,10,527675370.0
expanding_excavation,33441318,16.691,0,10,528200750.0
expanding_excavation,33457962,16.644,0,10,528572014.0
expanding_excavation,33474634,16.672,0,10,528667294.0
expanding_excavation,33491285,16.651,0,10,528896606.0
expanding_excavation,33507964,16.679,0,10,529130590.0
expanding_excavation,33524632,16.668,0,10,526481142.0
expanding_excavation,33541291,16.659,0,10,526475410.0
expanding_excavation,33557967,16.676,0,10,526476258.0
expanding_excavation,33574619,16.652,0,10,527025078.0
expanding_excavation,33591291,16.672,0,10,527701914.0
expanding_excavation,33607944,16.653,0,10,528455414.0
expanding_excavation,33624615,16.671,0,10,528616406.0
expanding_excavation,33641334,16.719,0,10,528837726.0
expanding_excavation,33657960,16.626,0,10,529026726.0
expanding_excavation,33674627,16.667,0,10,529262374.0
expanding_excavation,33691299,16.672,0,10,526501810.0
expanding_excavation,33707967,16.668,0,10,526496078.0
expanding_excavation,33724621,16.654,0,10,526496926.0
expanding_excavation,33741264,16.643,0,10,526859986.0
expanding_excavation,33757952,16.688,0,10,527726822.0
expanding_excavation,33774616,16.664,0,10,528257866.0
expanding_excavation,33791282,16.666,0,10,528644502.0
expanding_excavation,33807960,16.678,0,10,528865822.0
expanding_excavation,33824611,16.651,0,10,529057726.0
expanding_excavation,33841277,16.666,0,10,529299182.0
expanding_excavation,33857946,16.669,0,10,526526022.0
expanding_excavation,33874618,16.672,0,10,526520290.0
expanding_excavation,33891276,16.658,0,10,526521138.0
expanding_excavation,33907935,16.659,0,10,527072270.0
expanding_excavation,33924603,16.668,0,10,527753314.0
expanding_excavation,33941268,16.665,0,10,528516718.0
expanding_excavation,33957936,16.668,0,10,528662670.0
expanding_excavation,33974613,16.677,0,10,528757950.0
expanding_excavation,33991285,16.672,0,10,528998086.0
expanding_excavation,34007954,16.669,0,10,529092942.0
expanding_excavation,34024606,16.652,0,10,529335982.0
expanding_excavation,34041285,16.679,0,10,526548882.0
expanding_excavation,34057938,16.653,0,10,526540950.0
expanding_excavation,34074598,16.66,0,10,526541794.0
expanding_excavation,34091257,16.659,0,10,527093858.0
expanding_excavation,34107932,16.675,0,10,527778222.0
expanding_excavation,34124609,16.677,0,10,528314930.0
expanding_excavation,34141256,16.647,0,10,528703858.0
expanding_excavation,34157938,16.682,0,10,528925178.0
expanding_excavation,34174604,16.666,0,10,529123946.0
expanding_excavation,34191272,16.668,0,10,529372794.0
expanding_excavation,34207934,16.662,0,10,526570906.0
travel_new_regions,34224600,16.666,0,10,526564118.0
travel_new_regions,34241255,16.655,0,10,526564966.0
travel_new_regions,34261584,20.329,0,10,527161526.0
travel_new_regions,34289773,28.189,0,14,527075762.0
travel_new_regions,34298120,8.347,0,14,527277674.0
travel_new_regions,34308189,10.069,0,14,527464326.0
travel_new_regions,34324601,16.412,0,14,527722478.0
travel_new_regions,34341265,16.664,4,14,522651986.0
travel_new_regions,34357918,16.653,4,14,520190882.0
travel_new_regions,34374573,16.655,4,14,518728290.0
travel_new_regions,34391255,16.682,4,14,515653302.0
travel_new_regions,34407914,16.659,3,14,512038886.0
travel_new_regions,34424564,16.65,3,14,508827214.0
travel_new_regions,34441246,16.682,2,14,509314318.0
travel_new_regions,34457914,16.668,1,14,508111490.0
travel_new_regions,34474572,16.658,3,14,508737162.0
travel_new_regions,34491239,16.667,2,14,509413670.0
travel_new_regions,34507902,16.663,2,14,509608042.0
travel_new_regions,34524558,16.656,2,14,510100264.0
travel_new_regions,34541250,16.692,0,16,510430180.0
travel_new_regions,34557909,16.659,0,16,510704604.0
travel_new_regions,34574601,16.692,0,16,511016020.0
travel_new_regions,34591247,16.646,0,16,511330076.0
travel_new_regions,34607918,16.671,0,16,511546980.0
travel_new_regions,34624574,16.656,4,16,510031620.0
travel_new_regions,34641226,16.652,4,16,509352060.0
travel_new_regions,34657899,16.673,4,16,509980572.0
travel_new_regions,34675252,17.353,4,16,510313728.0
travel_new_regions,34691239,15.987,4,16,511232252.0
travel_new_regions,34707908,16.669,4,16,511651524.0
travel_new_regions,34724560,16.652,4,16,512016284.0
travel_new_regions,34741231,16.671,4,16,512625188.0
travel_new_regions,34757885,16.654,4,16,512848140.0
travel_new_regions,34774572,16.687,4,16,513113776.0
travel_new_regions,34791554,16.982,3,16,513187356.0
travel_new_regions,34807890,16.336,3,16,510301412.0
travel_new_regions,34824570,16.68,4,16,509246224.0
travel_new_regions,34841228,16.658,0,16,509851568.0
travel_new_regions,34857887,16.659,1,16,510185340.0
travel_new_regions,34874561,16.674,1,16,510948784.0
travel_new_regions,34891235,16.674,1,18,511208268.0
travel_new_regions,34907880,16.645,1,18,511727124.0
travel_new_regions,34924554,16.674,1,18,512206760.0
travel_new_regions,34941231,16.677,1,18,513213064.0
travel_new_regions,34957885,16.654,1,18,513852364.0
travel_new_regions,34974538,16.653,0,18,514165936.0
travel_new_regions,34991233,16.695,0,18,514376304.0
travel_new_regions,35007896,16.663,0,18,514487916.0
travel_new_regions,35024556,16.66,0,18,514782260.0
travel_new_regions,35041221,16.665,0,18,515060976.0
travel_new_regions,35057897,16.676,0,18,515339688.0
travel_new_regions,35074553,16.656,0,18,515617944.0
travel_new_regions,35091223,16.67,0,18,515843168.0
travel_new_regions,35107902,16.679,0,18,516138768.0
travel_new_regions,35124567,16.665,0,18,516364960.0
travel_new_regions,35141213,16.646,4,18,511161692.0
travel_new_regions,35157868,16.655,4,18,509145136.0
travel_new_regions,35174552,16.684,4,18,509128680.0
travel_new_regions,35191198,16.646,4,18,508723596.0
travel_new_regions,35207880,16.682,4,18,509087216.0
travel_new_regions,35224536,16.656,4,18,509408196.0
travel_new_regions,35241209,16.673,4,18,510423872.0
travel_new_regions,35257874,16.665,4,18,510902500.0
travel_new_regions,35274537,16.663,4,18,511392548.0
travel_new_regions,35291216,16.679,4,18,512089412.0
travel_new_regions,35307874,16.658,4,18,512368300.0
travel_new_regions,35324528,16.654,4,18,512856308.0
travel_new_regions,35341206,16.678,3,18,513659688.0
travel_new_regions,35357853,16.647,2,18,513798276.0
travel_new_regions,35374533,16.68,2,18,514290612.0
travel_new_regions,35391204,16.671,0,18,514427484.0
travel_new_regions,35407874,16.67,0,18,514714568.0
travel_new_regions,35424549,16.675,0,18,514910916.0
travel_new_regions,35441208,16.659,0,18,515118476.0
travel_new_regions,35457883,16.675,0,18,515216420.0
travel_new_regions,35474538,16.655,4,18,510983132.0
travel_new_regions,35491192,16.654,4,18,509506608.0
travel_new_regions,35507857,16.665,4,18,510129116.0
travel_new_regions,35524531,16.674,4,18,510430126.0
travel_new_regions,35541200,16.669,4,20,511469042.0
travel_new_regions,35557858,16.658,4,20,512147446.0
travel_new_regions,35574525,16.667,4,20,512316398.0
travel_new_regions,35591184,16.659,4,20,512957530.0
travel_new_regions,35607861,16.677,3,20,513660286.0
travel_new_regions,35624541,16.68,3,20,513889866.0
travel_new_regions,35641178,16.637,2,20,514494862.0
travel_new_regions,35657865,16.687,0,20,514800022.0
travel_new_regions,35674548,16.683,0,20,515000758.0
travel_new_regions,35691204,16.656,0,20,515102094.0
travel_new_regions,35707875,16.671,0,20,515310210.0
travel_new_regions,35724536,16.661,0,20,515400798.0
travel_new_regions,35748454,23.918,4,20,511638218.0
travel_new_regions,35757848,9.394,4,20,510049674.0
travel_new_regions,35774523,16.675,4,20,510547482.0
travel_new_regions,35791178,16.655,4,20,510514290.0
travel_new_regions,35807863,16.685,4,20,511417474.0
travel_new_regions,35824512,16.649,4,20,512099994.0
travel_new_regions,35841197,16.685,4,20,512177230.0
travel_new_regions,35857857,16.66,4,20,512806658.0
travel_new_regions,35874521,16.664,4,20,513189842.0
travel_new_regions,35891184,16.663,4,20,513460418.0
travel_new_regions,35907841,16.657,3,20,513869654.0
travel_new_regions,35924506,16.665,2,20,514045962.0
travel_new_regions,35941184,16.678,2,20,514506970.0
travel_new_regions,35957856,16.672,0,20,514807210.0
travel_new_regions,35974515,16.659,4,20,512619058.0
travel_new_regions,35991176,16.661,4,20,510233902.0
travel_new_regions,36007832,16.656,4,20,510886246.0
travel_new_regions,36024503,16.671,4,20,511446912.0
travel_new_regions,36042891,18.388,4,22,511179766.0
travel_new_regions,36057831,14.94,4,22,511530278.0
travel_new_regions,36074501,16.67,4,22,511649422.0
travel_new_regions,36091182,16.681,4,22,512679690.0
travel_new_regions,36107826,16.644,4,22,513352630.0
travel_new_regions,36124487,16.661,3,22,513645010.0
travel_new_regions,36141162,16.675,3,22,514256234.0
travel_new_regions,36157826,16.664,2,22,515027778.0
travel_new_regions,36174720,16.894,2,22,515203330.0
travel_new_regions,36191163,16.443,0,22,515486642.0
travel_new_regions,36207849,16.686,0,22,515784242.0
travel_new_regions,36224501,16.652,0,22,515989202.0
travel_new_regions,36241167,16.666,0,22,516090538.0
travel_new_regions,36257842,16.675,4,22,511935190.0
travel_new_regions,36274485,16.643,4,22,511195522.0
travel_new_regions,36291152,16.667,4,22,510480238.0
travel_new_regions,36307811,16.659,4,22,510397794.0
travel_new_regions,36324472,16.661,4,22,511408562.0
travel_new_regions,36341134,16.662,4,22,511286030.0
travel_new_regions,36357807,16.673,4,22,512005274.0
travel_new_regions,36374468,16.661,4,22,512272138.0
travel_new_regions,36391144,16.676,3,22,512868386.0
travel_new_regions,36407795,16.651,3,22,513184146.0
travel_new_regions,36424472,16.677,2,22,514026090.0
travel_new_regions,36441151,16.679,0,22,514126986.0
travel_new_regions,36457813,16.662,0,22,514434210.0
travel_new_regions,36474469,16.656,0,22,514726578.0
travel_new_regions,36491144,16.675,0,22,514913302.0
travel_new_regions,36507801,16.657,0,22,515134618.0
travel_new_regions,36524478,16.677,4,22,511400038.0
travel_new_regions,36541136,16.658,4,22,508735026.0
travel_new_regions,36557806,16.67,4,22,509211934.0
travel_new_regions,36574472,16.666,4,22,509480346.0
travel_new_regions,36591140,16.668,4,24,510540918.0
travel_new_regions,36607792,16.652,4,24,511331498.0
travel_new_regions,36624575,16.783,4,24,511512822.0
travel_new_regions,36641145,16.57,4,24,512006850.0
travel_new_regions,36657786,16.641,3,24,512813830.0
travel_new_regions,36674454,16.668,3,24,512952354.0
travel_new_regions,36691129,16.675,2,24,513559638.0
travel_new_regions,36707808,16.679,0,24,513764622.0
travel_new_regions,36724466,16.658,0,24,514054186.0
travel_new_regions,36741130,16.664,0,24,514230066.0
travel_new_regions,36757804,16.674,0,24,514465902.0
travel_new_regions,36774460,16.656,0,24,514556490.0
travel_new_regions,36791137,16.677,0,24,514868434.0
travel_new_regions,36807816,16.679,4,24,510999606.0
travel_new_regions,36824455,16.639,4,24,507576010.0
travel_new_regions,36841116,16.661,4,24,508055810.0
travel_new_regions,36857796,16.68,4,24,507545370.0
travel_new_regions,36874463,16.667,4,24,508486506.0
travel_new_regions,36891110,16.647,4,24,509249438.0
travel_new_regions,36907782,16.672,4,24,508990182.0
travel_new_regions,36924463,16.681,4,24,510002518.0
travel_new_regions,36941119,16.656,4,24,510500606.0
travel_new_regions,36957774,16.655,4,24,511019946.0
travel_new_regions,36974453,16.679,3,24,511213566.0
travel_new_regions,36991107,16.654,2,24,511505570.0
travel_new_regions,37007774,16.667,2,24,512044950.0
travel_new_regions,37024448,16.674,0,24,512346542.0
travel_new_regions,37041130,16.682,4,24,510805658.0
travel_new_regions,37057789,16.659,4,24,510352486.0
travel_new_regions,37074443,16.654,4,24,510826002.0
travel_new_regions,37091123,16.68,4,24,511626082.0
travel_new_regions,37107772,16.649,4,26,511958758.0
travel_new_regions,37124441,16.669,4,26,512487938.0
travel_new_regions,37141105,16.664,4,26,512988570.0
travel_new_regions,37157785,16.68,4,26,513911654.0
travel_new_regions,37174446,16.661,4,26,514520650.0
travel_new_regions,37191099,16.653,4,26,514739242.0
travel_new_regions,37207778,16.679,3,26,515667230.0
travel_new_regions,37224439,16.661,2,26,515835850.0
travel_new_regions,37241119,16.68,2,26,516295022.0
travel_new_regions,37257778,16.659,0,26,516581390.0
travel_new_regions,37274443,16.665,0,26,516799830.0
travel_new_regions,37291177,16.734,0,26,517097262.0
travel_new_regions,37307796,16.619,0,26,517294526.0
travel_new_regions,37324445,16.649,0,26,517376690.0
travel_new_regions,37341109,16.664,0,26,517655970.0
travel_new_regions,37357788,16.679,4,26,512167942.0
travel_new_regions,37374444,16.656,4,26,509361774.0
travel_new_regions,37391113,16.669,4,26,508375838.0
travel_new_regions,37407777,16.664,4,26,507860206.0
travel_new_regions,37424435,16.658,4,26,508444402.0
travel_new_regions,37441095,16.66,4,26,508772750.0
travel_new_regions,37457793,16.698,4,26,509737046.0
travel_new_regions,37474430,16.637,4,26,510219750.0
travel_new_regions,37491102,16.672,4,26,510734566.0
travel_new_regions,37507762,16.66,4,26,511509378.0
travel_new_regions,37524435,16.673,4,26,511581722.0
travel_new_regions,37541081,16.646,4,26,512134366.0
travel_new_regions,37557756,16.675,3,26,512871606.0
travel_new_regions,37574427,16.671,3,26,512957970.0
travel_new_regions,37591160,16.733,2,26,513741590.0
travel_new_regions,37607767,16.607,0,26,513847670.0
travel_new_regions,37624430,16.663,0,26,514135086.0
travel_new_regions,37641099,16.669,0,26,514322286.0
travel_new_regions,37657784,16.685,0,26,514601566.0
travel_new_regions,37674428,16.644,0,26,514880278.0
travel_new_regions,37691092,16.664,0,26,515153230.0
travel_new_regions,37707773,16.681,0,26,515431486.0
travel_new_regions,37724427,16.654,0,26,515712870.0
travel_new_regions,37741106,16.679,0,26,515972342.0
travel_new_regions,37757765,16.659,4,26,510874462.0
travel_new_regions,37774426,16.661,6,26,508618034.0
travel_new_regions,37791101,16.675,6,26,509250910.0
travel_new_regions,37807768,16.667,6,26,508973058.0
travel_new_regions,37824422,16.654,4,26,509270178.0
travel_new_regions,37841106,16.684,4,26,510185642.0
travel_new_regions,37857749,16.643,4,26,510468054.0
travel_new_regions,37874435,16.686,3,28,511035770.0
travel_new_regions,37891080,16.645,3,28,511558998.0
travel_new_regions,37907753,16.673,2,28,512394202.0
travel_new_regions,37924414,16.661,2,28,513702426.0
travel_new_regions,37941087,16.673,2,28,514246890.0
travel_new_regions,37957759,16.672,4,28,511646650.0
travel_new_regions,37974406,16.647,1,28,511948102.0
travel_new_regions,37991115,16.709,2,28,512840182.0
travel_new_regions,38007744,16.629,2,28,511141562.0
travel_new_regions,38024413,16.669,2,28,511422694.0
travel_new_regions,38041074,16.661,2,28,512625238.0
travel_new_regions,38057742,16.668,2,28,512762666.0
travel_new_regions,38074402,16.66,2,28,513440870.0
travel_new_regions,38091071,16.669,1,28,514174218.0
travel_new_regions,38107722,16.651,1,28,514345246.0
travel_new_regions,38124407,16.685,0,28,514625466.0
travel_new_regions,38141082,16.675,0,28,514807102.0
travel_new_regions,38157736,16.654,0,28,515086126.0
travel_new_regions,38174413,16.677,0,28,515378494.0
travel_new_regions,38191093,16.68,0,28,515520482.0
travel_new_regions,38207745,16.652,0,28,515548202.0
travel_new_regions,38224406,16.661,0,28,515795022.0
travel_new_regions,38241071,16.665,0,28,516090474.0
travel_new_regions,38257744,16.673,4,28,513833330.0
travel_new_regions,38274408,16.664,6,28,509029318.0
travel_new_regions,38291069,16.661,6,28,509906846.0
travel_new_regions,38307734,16.665,6,28,509335486.0
travel_new_regions,38324395,16.661,4,28,509340334.0
travel_new_regions,38341069,16.674,4,28,510238490.0
travel_new_regions,38357729,16.66,4,28,507948630.0
travel_new_regions,38379589,21.86,4,30,508316594.0
travel_new_regions,38391072,11.483,4,30,508830274.0
travel_new_regions,38407716,16.644,4,30,508908470.0
travel_new_regions,38424394,16.678,4,30,509872950.0
travel_new_regions,38441065,16.671,3,30,509874394.0
travel_new_regions,38457721,16.656,3,30,510312558.0
travel_new_regions,38474459,16.738,2,30,510969846.0
travel_new_regions,38491069,16.61,0,30,511071934.0
travel_new_regions,38507738,16.669,4,30,508948370.0
travel_new_regions,38524397,16.659,6,30,509888950.0
travel_new_regions,38541067,16.67,6,30,510793794.0
travel_new_regions,38557724,16.657,6,30,510511470.0
travel_new_regions,38574398,16.674,4,30,510806914.0
travel_new_regions,38591065,16.667,4,30,511578490.0
travel_new_regions,38607710,16.645,4,30,509249134.0
travel_new_regions,38624380,16.67,4,30,509997962.0
travel_new_regions,38641035,16.655,4,30,510181194.0
travel_new_regions,38657708,16.673,4,30,510508818.0
travel_new_regions,38674396,16.688,4,30,510903406.0
travel_new_regions,38691037,16.641,4,30,511337702.0
travel_new_regions,38707731,16.694,4,30,511518578.0
travel_new_regions,38724369,16.638,4,30,512000214.0
travel_new_regions,38741047,16.678,3,30,512360062.0
travel_new_regions,38757694,16.647,2,30,512515150.0
travel_new_regions,38774372,16.678,2,30,512821366.0
travel_new_regions,38791043,16.671,1,30,510905774.0
travel_new_regions,38807710,16.667,3,30,508820258.0
travel_new_regions,38824378,16.668,4,30,509788506.0
travel_new_regions,38841037,16.659,4,30,509319046.0
travel_new_regions,38857689,16.652,2,30,509325618.0
travel_new_regions,38874370,16.681,2,30,510223774.0
travel_new_regions,38891032,16.662,2,30,507740750.0
travel_new_regions,38907695,16.663,2,32,508484682.0
travel_new_regions,38924362,16.667,2,32,508822614.0
travel_new_regions,38941036,16.674,2,32,509161430.0
travel_new_regions,38957683,16.647,2,32,509489682.0
travel_new_regions,38974358,16.675,2,32,510016450.0
travel_new_regions,38991028,16.67,2,32,510248866.0
travel_new_regions,39007677,16.649,0,32,510484166.0
travel_new_regions,39024363,16.686,0,32,510751966.0
travel_new_regions,39041040,16.677,0,32,510860626.0
travel_new_regions,39057690,16.65,0,32,511082466.0
travel_new_regions,39074360,16.67,4,32,508846210.0
travel_new_regions,39091023,16.663,6,32,509494054.0
travel_new_regions,39107708,16.685,6,32,509811350.0
travel_new_regions,39124346,16.638,6,32,509515502.0
travel_new_regions,39141022,16.676,4,32,510120722.0
travel_new_regions,39157693,16.671,4,32,510418078.0
travel_new_regions,39174353,16.66,4,32,507865106.0
travel_new_regions,39191020,16.667,4,32,508883322.0
travel_new_regions,39207679,16.659,4,32,508950122.0
travel_new_regions,39224356,16.677,4,32,509288946.0
travel_new_regions,39241008,16.652,4,32,509673502.0
travel_new_regions,39257685,16.677,4,32,510122226.0
travel_new_regions,39274344,16.659,4,32,510693210.0
travel_new_regions,39291011,16.667,4,32,510970082.0
travel_new_regions,39307685,16.674,3,32,511865690.0
travel_new_regions,39324357,16.672,3,32,512848982.0
travel_new_regions,39341018,16.661,3,32,513753334.0
travel_new_regions,39357676,16.658,4,32,510813122.0
travel_new_regions,39374368,16.692,1,32,507773418.0
travel_new_regions,39391017,16.649,2,32,507078410.0
travel_new_regions,39407680,16.663,1,32,506115318.0
travel_new_regions,39424361,16.681,1,34,506115738.0
travel_new_regions,39441002,16.641,1,34,507490218.0
travel_new_regions,39457666,16.664,1,34,507505258.0
travel_new_regions,39474327,16.661,1,34,508007694.0
travel_new_regions,39491053,16.726,1,34,508470982.0
travel_new_regions,39507673,16.62,1,34,508819302.0
travel_new_regions,39524348,16.675,1,34,509158642.0
travel_new_regions,39541009,16.661,0,34,509411774.0
travel_new_regions,39557680,16.671,0,34,509518798.0
travel_new_regions,39574376,16.696,0,34,509727706.0
travel_new_regions,39591011,16.635,4,34,507723722.0
travel_new_regions,39607676,16.665,6,34,507933902.0
travel_new_regions,39624345,16.669,6,34,508588278.0
travel_new_regions,39641004,16.659,6,34,507955562.0
travel_new_regions,39657669,16.665,4,34,508560986.0
travel_new_regions,39674348,16.679,4,34,508857094.0
travel_new_regions,39690998,16.65,4,34,508020902.0
travel_new_regions,39707674,16.676,4,34,508302278.0
travel_new_regions,39724324,16.65,4,34,509964514.0
travel_new_regions,39740999,16.675,4,34,510219826.0
travel_new_regions,39757659,16.66,4,34,510775358.0
travel_new_regions,39774366,16.707,4,34,511383798.0
travel_new_regions,39790986,16.62,4,34,511680018.0
travel_new_regions,39807661,16.675,4,34,512432878.0
travel_new_regions,39824338,16.677,3,34,512630462.0
travel_new_regions,39840995,16.657,3,34,513037126.0
travel_new_regions,39857657,16.662,2,34,513935038.0
travel_new_regions,39874331,16.674,2,34,514829386.0
travel_new_regions,39890992,16.661,2,34,515977130.0
travel_new_regions,39907651,16.659,2,34,515575542.0
travel_new_regions,39924323,16.672,0,34,515879586.0
travel_new_regions,39940995,16.672,4,34,513937274.0
travel_new_regions,39957659,16.664,6,34,511811046.0
travel_new_regions,39974353,16.694,6,34,512707138.0
travel_new_regions,39990992,16.639,6,34,512282498.0
travel_new_regions,40007652,16.66,4,34,512564074.0
travel_new_regions,40024328,16.676,4,34,513445238.0
travel_new_regions,40040989,16.661,4,34,512686518.0
travel_new_regions,40057679,16.69,4,36,513018470.0
travel_new_regions,40074314,16.635,4,36,514684994.0
travel_new_regions,40090972,16.658,4,36,514977206.0
travel_new_regions,40107638,16.666,4,36,515440738.0
travel_new_regions,40124310,16.672,4,36,516387698.0
travel_new_regions,40140982,16.672,4,36,516549082.0
travel_new_regions,40157650,16.668,4,36,517002074.0
travel_new_regions,40174328,16.678,3,36,517719626.0
travel_new_regions,40190982,16.654,2,36,517684030.0
travel_new_regions,40207651,16.669,2,36,518493742.0
travel_new_regions,40224325,16.674,2,36,519872294.0
travel_new_regions,40240981,16.656,2,36,519984750.0
travel_new_regions,40257641,16.66,4,36,514964870.0
travel_new_regions,40274315,16.674,1,36,510108114.0
travel_new_regions,40290976,16.661,2,36,509341714.0
travel_new_regions,40307653,16.677,1,36,507806554.0
travel_new_regions,40324305,16.652,1,36,508081678.0
travel_new_regions,40340969,16.664,1,36,509594250.0
travel_new_regions,40357644,16.675,1,36,509890342.0
travel_new_regions,40374313,16.669,1,36,510560286.0
travel_new_regions,40390972,16.659,1,36,510848294.0
travel_new_regions,40407643,16.671,1,36,511128010.0
travel_new_regions,40424308,16.665,1,36,511406722.0
travel_new_regions,40440983,16.675,1,36,511590682.0
travel_new_regions,40457643,16.66,1,36,511869958.0
travel_new_regions,40474348,16.705,1,36,513168286.0
travel_new_regions,40490962,16.614,1,36,513121910.0
travel_new_regions,40507627,16.665,1,36,513966878.0
travel_new_regions,40524297,16.67,0,36,514075762.0
travel_new_regions,40540973,16.676,0,36,514252118.0
travel_new_regions,40557643,16.67,0,36,514544226.0
travel_new_regions,40574308,16.665,0,36,514748926.0
travel_new_regions,40590973,16.665,4,36,512677454.0
travel_new_regions,40607670,16.697,6,36,510432902.0
travel_new_regions,40624303,16.633,6,36,511044422.0
travel_new_regions,40640957,16.654,6,36,510455034.0
travel_new_regions,40657630,16.673,4,36,511060458.0
travel_new_regions,40674297,16.667,4,36,511356566.0
travel_new_regions,40690968,16.671,3,36,508348702.0
travel_new_regions,40707640,16.672,3,38,507488180.0
travel_new_regions,40724280,16.64,3,38,508879828.0
travel_new_regions,40740950,16.67,3,38,508752086.0
travel_new_regions,40757625,16.675,3,38,509060988.0
travel_new_regions,40774293,16.668,3,38,509093180.0
travel_new_regions,40790960,16.667,3,38,509093180.0
travel_new_regions,40807721,16.761,3,38,509093180.0
travel_new_regions,40824284,16.563,3,38,509843620.0
travel_new_regions,40840941,16.657,3,38,510189748.0
travel_new_regions,40857617,16.676,3,38,510714840.0
travel_new_regions,40874312,16.695,3,38,510899492.0
travel_new_regions,40890962,16.65,3,38,511580312.0
travel_new_regions,40907614,16.652,2,38,511552684.0
travel_new_regions,40924288,16.674,2,38,511968928.0
travel_new_regions,40940951,16.663,0,38,512079544.0
travel_new_regions,40957615,16.664,0,38,512283180.0
travel_new_regions,40974295,16.68,4,38,509215988.0
travel_new_regions,40990951,16.656,6,38,506828700.0
travel_new_regions,41007621,16.67,6,38,507731556.0
travel_new_regions,41024284,16.663,6,38,507150540.0
travel_new_regions,41040953,16.669,4,38,507755760.0
travel_new_regions,41057625,16.672,4,38,508051868.0
travel_new_regions,41074285,16.66,3,38,506867364.0
travel_new_regions,41090963,16.678,3,38,507149444.0
travel_new_regions,41107608,16.645,3,38,507427444.0
travel_new_regions,41124273,16.665,3,38,507719812.0
travel_new_regions,41140947,16.674,3,38,508417408.0
travel_new_regions,41157594,16.647,3,38,509617816.0
travel_new_regions,41174288,16.694,3,38,509894340.0
travel_new_regions,41190932,16.644,3,38,510320332.0
travel_new_regions,41207608,16.676,3,38,510922984.0
travel_new_regions,41224275,16.667,3,38,511092240.0
travel_new_regions,41240933,16.658,3,38,511529932.0
travel_new_regions,41257606,16.673,2,38,512366116.0
travel_new_regions,41274288,16.682,2,38,512890260.0
travel_new_regions,41290953,16.665,2,38,514314840.0
travel_new_regions,41307606,16.653,2,38,515921048.0
travel_new_regions,41324306,16.7,2,38,514242316.0
travel_new_regions,41340946,16.64,1,38,512444136.0
travel_new_regions,41357609,16.663,3,38,510409680.0
travel_new_regions,41374306,16.697,4,38,511438452.0
travel_new_regions,41390932,16.626,4,38,511124704.0
travel_new_regions,41407585,16.653,2,38,511409276.0
travel_new_regions,41424308,16.723,2,38,512165116.0
travel_new_regions,41441043,16.735,2,38,511432640.0
travel_new_regions,41457606,16.563,2,40,511714624.0
travel_new_regions,41474272,16.666,2,40,511993336.0
travel_new_regions,41490932,16.66,2,40,512272196.0
travel_new_regions,41507599,16.667,2,40,512513164.0
travel_new_regions,41524295,16.696,2,40,512598380.0
travel_new_regions,41540916,16.621,2,40,512624832.0
travel_new_regions,41557591,16.675,2,40,513144292.0
travel_new_regions,41574251,16.66,2,40,513383616.0
travel_new_regions,41590915,16.664,2,40,513765244.0
travel_new_regions,41607593,16.678,2,40,514244304.0
travel_new_regions,41624259,16.666,0,40,514485756.0
travel_new_regions,41640934,16.675,0,40,514656104.0
travel_new_regions,41657596,16.662,0,40,514872404.0
travel_new_regions,41674273,16.677,4,40,511679868.0
travel_new_regions,41690920,16.647,6,40,507617036.0
travel_new_regions,41707595,16.675,6,40,506792548.0
travel_new_regions,41724275,16.68,6,40,506197800.0
travel_new_regions,41740925,16.65,4,40,506357292.0
travel_new_regions,41757577,16.652,4,40,506831864.0
travel_new_regions,41774253,16.676,3,40,504389616.0
travel_new_regions,41790919,16.666,3,41,504393892.0
travel_new_regions,41807586,16.667,3,41,504393892.0
travel_new_regions,41824254,16.668,3,41,504393892.0
travel_new_regions,41840917,16.663,3,41,504393892.0
travel_new_regions,41857577,16.66,3,41,505611692.0
travel_new_regions,41874236,16.659,3,41,505809612.0
travel_new_regions,41890908,16.672,3,41,506338344.0
travel_new_regions,41907562,16.654,3,41,506531896.0
travel_new_regions,41924252,16.69,3,41,506808792.0
travel_new_regions,41940911,16.659,3,41,507370136.0
travel_new_regions,41957579,16.668,3,41,507655284.0
travel_new_regions,41974278,16.699,2,41,508546924.0
travel_new_regions,41990911,16.633,2,41,509396132.0
travel_new_regions,42007580,16.669,2,41,510305916.0
travel_new_regions,42024246,16.666,2,41,509926240.0
travel_new_regions,42040913,16.667,1,41,508259652.0
travel_new_regions,42057576,16.663,3,41,507553240.0
travel_new_regions,42074271,16.695,4,41,508839524.0
travel_new_regions,42090901,16.63,4,41,508247036.0
travel_new_regions,42107564,16.663,4,41,508259552.0
travel_new_regions,42124237,16.673,2,41,508869800.0
travel_new_regions,42141033,16.796,0,41,508890444.0
travel_new_regions,42157574,16.541,0,41,507066376.0
travel_new_regions,42174248,16.674,0,46,507360464.0
travel_new_regions,42190904,16.656,0,46,507368832.0
travel_new_regions,42207579,16.675,0,46,507368832.0
travel_new_regions,42224235,16.656,0,46,507368832.0
travel_new_regions,42240900,16.665,0,46,508835536.0
travel_new_regions,42257574,16.674,0,46,509149652.0
travel_new_regions,42274326,16.752,0,46,509152736.0
travel_new_regions,42290915,16.589,0,46,509518364.0
travel_new_regions,42307572,16.657,0,46,509973580.0
travel_new_regions,42324274,16.702,0,46,510165328.0
travel_new_regions,42340883,16.609,0,46,510463428.0
travel_new_regions,42357559,16.676,0,46,510708884.0
travel_new_regions,42374228,16.669,0,46,510817968.0
travel_new_regions,42390890,16.662,0,46,511035852.0
travel_new_regions,42407567,16.677,4,46,507960772.0
travel_new_regions,42424233,16.666,6,46,505240624.0
travel_new_regions,42440902,16.669,6,46,506106920.0
travel_new_regions,42457556,16.654,6,46,505266132.0
travel_new_regions,42474217,16.661,4,46,505871568.0
travel_new_regions,42490887,16.67,4,46,506500556.0
travel_new_regions,42507563,16.676,4,46,505219056.0
travel_new_regions,42524235,16.672,4,46,505502796.0
travel_new_regions,42540997,16.762,4,46,505780796.0
travel_new_regions,42557550,16.553,4,46,506073164.0
travel_new_regions,42574228,16.678,4,46,506351876.0
travel_new_regions,42590878,16.65,4,46,508197636.0
travel_new_regions,42607531,16.653,4,46,508691360.0
travel_new_regions,42624225,16.694,4,46,508729232.0
travel_new_regions,42640868,16.643,4,46,509139752.0
travel_new_regions,42657551,16.683,4,46,509685916.0
travel_new_regions,42674206,16.655,4,46,509731284.0
travel_new_regions,42690875,16.669,4,46,510173976.0
travel_new_regions,42707555,16.68,3,46,510731712.0
travel_new_regions,42724219,16.664,3,46,511034400.0
travel_new_regions,42740882,16.663,2,46,511819616.0
travel_new_regions,42757533,16.651,2,46,512778984.0
travel_new_regions,42774240,16.707,2,46,513766028.0
travel_new_regions,42790875,16.635,4,46,510726772.0
travel_new_regions,42807843,16.968,1,46,507603876.0
travel_new_regions,42824230,16.387,2,46,508366944.0
travel_new_regions,42840888,16.658,1,46,507417040.0
travel_new_regions,42857550,16.662,1,50,507698860.0
travel_new_regions,42874256,16.706,1,50,507977572.0
travel_new_regions,42890874,16.618,1,50,508255572.0
travel_new_regions,42907539,16.665,1,50,508408812.0
travel_new_regions,42924206,16.667,1,50,508687220.0
travel_new_regions,42940866,16.66,1,50,510936452.0
travel_new_regions,42957531,16.665,1,50,511073980.0
travel_new_regions,42974201,16.67,1,50,511692536.0
travel_new_regions,42990867,16.666,1,50,512439688.0
travel_new_regions,43007539,16.672,1,50,512478872.0
travel_new_regions,43024215,16.676,1,50,512921616.0
travel_new_regions,43040867,16.652,0,50,513171044.0
travel_new_regions,43057542,16.675,0,50,513278068.0
travel_new_regions,43074199,16.657,0,50,513487240.0
travel_new_regions,43090873,16.674,0,50,513598128.0
travel_new_regions,43107675,16.802,4,50,510383388.0
travel_new_regions,43124194,16.519,6,50,507482484.0
travel_new_regions,43140874,16.68,6,50,508100336.0
travel_new_regions,43157520,16.646,6,50,507511296.0
travel_new_regions,43174193,16.673,4,50,507669744.0
travel_new_regions,43190853,16.66,4,50,508144308.0
travel_new_regions,43207528,16.675,3,50,505485672.0
travel_new_regions,43224240,16.712,3,50,505490972.0
travel_new_regions,43240859,16.619,3,50,505490972.0
travel_new_regions,43257532,16.673,3,50,505490972.0
travel_new_regions,43274194,16.662,3,50,505490972.0
travel_new_regions,43290857,16.663,3,50,505490972.0
travel_new_regions,43307519,16.662,3,50,507463844.0
travel_new_regions,43324179,16.66,3,50,507484724.0
travel_new_regions,43340841,16.662,3,50,507887364.0
travel_new_regions,43357520,16.679,3,50,508286972.0
travel_new_regions,43374198,16.678,3,50,508476024.0
travel_new_regions,43390838,16.64,3,50,508906488.0
travel_new_regions,43407527,16.689,2,50,509742676.0
travel_new_regions,43424227,16.7,2,50,510035460.0
travel_new_regions,43440855,16.628,2,50,511479340.0
travel_new_regions,43457513,16.658,2,50,511178356.0
travel_new_regions,43474174,16.661,2,50,511389572.0
travel_new_regions,43490864,16.69,3,50,509257788.0
travel_new_regions,43507522,16.658,5,50,505115872.0
travel_new_regions,43524183,16.661,6,50,505498824.0
travel_new_regions,43540837,16.654,6,50,505147416.0
travel_new_regions,43557552,16.715,4,50,505425740.0
travel_new_regions,43574181,16.629,4,50,505780228.0
travel_new_regions,43590847,16.666,2,50,503051968.0
travel_new_regions,43607512,16.665,2,52,502501424.0
travel_new_regions,43624181,16.669,2,52,502495856.0
travel_new_regions,43640850,16.669,2,52,502495856.0
travel_new_regions,43657520,16.67,2,52,502495852.0
travel_new_regions,43674175,16.655,2,52,502495856.0
travel_new_regions,43690840,16.665,2,52,504946944.0
travel_new_regions,43707519,16.679,2,52,504571232.0
travel_new_regions,43724166,16.647,2,52,504691012.0
travel_new_regions,43740827,16.661,2,52,505067568.0
travel_new_regions,43757512,16.685,2,52,505745176.0
travel_new_regions,43774167,16.655,2,52,505692640.0
travel_new_regions,43790830,16.663,2,52,505979012.0
travel_new_regions,43807522,16.692,0,52,506218412.0
travel_new_regions,43824172,16.65,0,52,506322508.0
travel_new_regions,43840838,16.666,0,52,506534296.0
travel_new_regions,43857511,16.673,4,52,504527208.0
travel_new_regions,43874205,16.694,6,52,504749276.0
travel_new_regions,43890830,16.625,6,52,505807644.0
travel_new_regions,43907491,16.661,6,52,504780172.0
travel_new_regions,43924170,16.679,4,52,505383644.0
travel_new_regions,43940833,16.663,4,52,506616384.0
travel_new_regions,43957502,16.669,4,52,504522544.0
travel_new_regions,43974162,16.66,4,52,504810120.0
travel_new_regions,43990834,16.672,4,52,505088124.0
travel_new_regions,44007503,16.669,4,52,505380492.0
travel_new_regions,44024159,16.656,4,52,505659204.0
travel_new_regions,44040829,16.67,4,52,505937912.0
travel_new_regions,44057496,16.667,4,52,508064456.0
travel_new_regions,44074151,16.655,4,52,508290996.0
travel_new_regions,44090821,16.67,4,52,508864944.0
travel_new_regions,44107494,16.673,4,52,509141736.0
travel_new_regions,44124164,16.67,4,52,509439624.0
travel_new_regions,44140814,16.65,4,52,510139952.0
travel_new_regions,44157494,16.68,3,52,510382428.0
travel_new_regions,44174140,16.646,3,52,510851304.0
travel_new_regions,44190816,16.676,2,52,511637180.0
travel_new_regions,44207477,16.661,0,52,511788768.0
travel_new_regions,44224167,16.69,4,52,509552056.0
travel_new_regions,44240821,16.654,6,52,506858216.0
travel_new_regions,44257499,16.678,6,52,507766908.0
travel_new_regions,44274161,16.662,6,52,507467644.0
travel_new_regions,44290821,16.66,4,52,507619388.0
travel_new_regions,44307496,16.675,4,52,508517584.0
travel_new_regions,44324152,16.656,4,52,505497036.0
travel_new_regions,44340817,16.665,4,54,505500160.0
travel_new_regions,44357485,16.668,4,54,505500168.0
travel_new_regions,44374149,16.664,4,54,505500168.0
travel_new_regions,44390812,16.663,4,54,505500140.0
travel_new_regions,44407477,16.665,4,54,505500140.0
travel_new_regions,44424142,16.665,4,54,508353996.0
travel_new_regions,44440816,16.674,4,54,507899316.0
travel_new_regions,44457481,16.665,4,54,507908480.0
travel_new_regions,44474170,16.689,4,54,508406656.0
travel_new_regions,44490804,16.634,4,54,508936800.0
travel_new_regions,44507477,16.673,4,54,509206372.0
travel_new_regions,44524146,16.669,4,54,509509324.0
travel_new_regions,44540813,16.667,3,54,510347584.0
travel_new_regions,44557474,16.661,2,54,510180128.0
travel_new_regions,44574236,16.762,4,54,507921668.0
travel_new_regions,44590814,16.578,5,54,509284844.0
travel_new_regions,44607472,16.658,5,54,510073288.0
travel_new_regions,44624136,16.664,5,54,509006024.0
travel_new_regions,44640803,16.667,1,54,509611004.0
travel_new_regions,44657473,16.67,2,54,509904144.0
travel_new_regions,44674166,16.693,1,54,508640812.0
travel_new_regions,44690799,16.633,1,54,508925768.0
travel_new_regions,44707486,16.687,1,54,509203768.0
travel_new_regions,44724134,16.648,1,54,509357008.0
travel_new_regions,44740805,16.671,1,54,509635416.0
travel_new_regions,44758349,17.544,1,54,509913976.0
travel_new_regions,44774151,15.802,1,54,511146412.0
travel_new_regions,44790794,16.643,1,54,512862680.0
travel_new_regions,44807456,16.662,1,54,513086320.0
travel_new_regions,44824126,16.67,1,54,513457568.0
travel_new_regions,44840795,16.669,1,54,513967368.0
travel_new_regions,44857450,16.655,1,54,514204152.0
travel_new_regions,44874116,16.666,1,54,514659812.0
travel_new_regions,44890800,16.684,0,54,514955384.0
travel_new_regions,44907468,16.668,0,54,515130620.0
travel_new_regions,44924118,16.65,0,54,515409640.0
travel_new_regions,44940787,16.669,0,54,515702012.0
travel_new_regions,44957500,16.713,4,54,512519092.0
travel_new_regions,44974120,16.62,6,54,508202224.0
travel_new_regions,44990802,16.682,6,54,506666736.0
travel_new_regions,45007459,16.657,6,54,506076420.0
travel_new_regions,45024119,16.66,4,54,506681840.0
travel_new_regions,45040805,16.686,4,54,506977988.0
travel_new_regions,45057454,16.649,3,54,503848720.0
travel_new_regions,45074123,16.669,3,56,503854980.0
travel_new_regions,45090783,16.66,3,56,503854976.0
travel_new_regions,45107459,16.676,3,56,503854980.0
travel_new_regions,45124127,16.668,3,56,503854980.0
travel_new_regions,45140781,16.654,3,56,503854980.0
travel_new_regions,45157454,16.673,3,56,505948412.0
travel_new_regions,45174120,16.666,3,56,506433516.0
travel_new_regions,45190777,16.657,3,56,506454132.0
travel_new_regions,45207443,16.666,3,56,506950916.0
travel_new_regions,45224110,16.667,3,56,507398124.0
travel_new_regions,45240779,16.669,3,56,507614108.0
travel_new_regions,45257445,16.666,3,56,507888360.0
travel_new_regions,45274115,16.67,2,56,508304428.0
travel_new_regions,45290800,16.685,0,56,508520908.0
travel_new_regions,45307445,16.645,4,56,506396244.0
travel_new_regions,45324141,16.696,6,56,507728716.0
travel_new_regions,45340792,16.651,6,56,507757172.0
travel_new_regions,45357450,16.658,6,56,507273228.0
travel_new_regions,45374103,16.653,4,56,507278076.0
travel_new_regions,45390781,16.678,4,56,508176268.0
travel_new_regions,45407445,16.664,3,56,506747532.0
travel_new_regions,45424108,16.663,3,56,507036536.0
travel_new_regions,45440772,16.664,3,56,507314536.0
travel_new_regions,45457434,16.662,3,56,507606904.0
travel_new_regions,45474104,16.67,3,56,507885612.0
travel_new_regions,45490772,16.668,3,56,508164328.0
travel_new_regions,45507450,16.678,3,56,508442584.0
travel_new_regions,45524107,16.657,3,56,510980212.0
travel_new_regions,45540758,16.651,3,56,511066756.0
travel_new_regions,45557434,16.676,3,56,511465996.0
travel_new_regions,45574103,16.669,3,56,511549224.0
travel_new_regions,45590775,16.672,3,56,512034308.0
travel_new_regions,45607429,16.654,3,56,512497232.0
travel_new_regions,45624102,16.673,2,56,513399408.0
travel_new_regions,45640763,16.661,2,56,514636392.0
travel_new_regions,45657434,16.671,2,56,515364620.0
travel_new_regions,45674090,16.656,2,56,514988260.0
travel_new_regions,45690762,16.672,4,56,511737616.0
travel_new_regions,45707448,16.686,1,56,508706304.0
travel_new_regions,45724093,16.645,2,56,509665316.0
travel_new_regions,45740769,16.676,1,56,507635212.0
travel_new_regions,45757427,16.658,1,62,507920680.0
travel_new_regions,45774102,16.675,1,62,508198680.0
travel_new_regions,45790758,16.656,1,62,508351920.0
travel_new_regions,45807428,16.67,1,62,508630324.0
travel_new_regions,45824088,16.66,1,62,508908884.0
travel_new_regions,45840768,16.68,1,62,509187596.0
travel_new_regions,45857432,16.664,1,62,511725628.0
travel_new_regions,45874085,16.653,1,62,512078788.0
travel_new_regions,45890751,16.666,1,62,512404868.0
travel_new_regions,45907416,16.665,1,62,512780348.0
travel_new_regions,45924081,16.665,1,62,513073988.0
travel_new_regions,45940755,16.674,1,62,513800364.0
travel_new_regions,45957421,16.666,0,62,513826300.0
travel_new_regions,45974092,16.671,0,62,513888524.0
travel_new_regions,45990750,16.658,0,62,514092128.0
travel_new_regions,46007431,16.681,4,62,510580612.0
travel_new_regions,46024088,16.657,6,62,507276572.0
travel_new_regions,46040757,16.669,6,62,507372388.0
travel_new_regions,46057419,16.662,6,62,507292980.0
travel_new_regions,46074079,16.66,4,62,507615932.0
travel_new_regions,46090734,16.655,4,62,507923648.0
travel_new_regions,46107416,16.682,3,62,504958980.0
travel_new_regions,46124077,16.661,3,62,504972600.0
travel_new_regions,46140745,16.668,3,62,504972600.0
travel_new_regions,46157420,16.675,3,62,504972600.0
travel_new_regions,46174083,16.663,3,62,504972600.0
travel_new_regions,46190745,16.662,3,62,504972600.0
travel_new_regions,46207408,16.663,3,62,504972600.0
travel_new_regions,46224078,16.67,3,62,507235600.0
travel_new_regions,46240724,16.646,3,62,507428748.0
travel_new_regions,46257404,16.68,3,62,507837720.0
travel_new_regions,46274071,16.667,3,62,507976068.0
travel_new_regions,46290755,16.684,3,62,508071708.0
travel_new_regions,46307406,16.651,3,62,508352828.0
travel_new_regions,46324075,16.669,3,62,508423468.0
travel_new_regions,46340743,16.668,3,62,508423468.0
travel_new_regions,46357395,16.652,3,62,508958092.0
travel_new_regions,46374057,16.662,3,62,509297644.0
travel_new_regions,46390725,16.668,3,62,509466504.0
travel_new_regions,46407393,16.668,3,62,509932820.0
travel_new_regions,46424358,16.965,2,62,510829032.0
travel_new_regions,46440728,16.37,2,62,511167660.0
travel_new_regions,46457401,16.673,2,62,512064884.0
travel_new_regions,46474063,16.662,4,62,509613260.0
travel_new_regions,46490735,16.672,1,62,510217980.0
travel_new_regions,46507403,16.668,2,62,508932348.0
travel_new_regions,46524069,16.666,2,62,506910812.0
travel_new_regions,46540733,16.664,2,66,505864800.0
travel_new_regions,46557395,16.662,2,66,505858832.0
travel_new_regions,46574064,16.669,2,66,505858832.0
travel_new_regions,46590727,16.663,2,66,505858832.0
travel_new_regions,46607406,16.679,2,66,505858832.0
travel_new_regions,46624062,16.656,2,66,505858832.0
travel_new_regions,46640721,16.659,2,66,508123548.0
travel_new_regions,46657375,16.654,2,66,508315992.0
travel_new_regions,46674053,16.678,2,66,508318956.0
travel_new_regions,46690727,16.674,2,66,508510380.0
travel_new_regions,46707720,16.993,2,66,508674636.0
travel_new_regions,46724052,16.332,2,66,508674636.0
travel_new_regions,46740724,16.672,2,66,508674636.0
travel_new_regions,46757387,16.663,2,66,509568820.0
travel_new_regions,46774047,16.66,2,66,509755520.0
travel_new_regions,46790708,16.661,2,66,510149940.0
travel_new_regions,46807382,16.674,2,66,510453936.0
travel_new_regions,46824049,16.667,2,66,510728752.0
travel_new_regions,46840704,16.655,1,66,511073336.0
travel_new_regions,46857376,16.672,0,66,511384440.0
travel_new_regions,46874053,16.677,4,66,508825424.0
travel_new_regions,46890715,16.662,6,66,509876600.0
travel_new_regions,46907380,16.665,6,66,509796552.0
travel_new_regions,46924051,16.671,6,66,509708224.0
travel_new_regions,46940709,16.658,4,66,509713276.0
travel_new_regions,46957385,16.676,4,66,510611468.0
travel_new_regions,46974057,16.672,4,66,508831224.0
travel_new_regions,46990710,16.653,4,66,509117204.0
travel_new_regions,47007402,16.692,4,66,509395204.0
travel_new_regions,47024056,16.654,4,66,509619920.0
travel_new_regions,47040705,16.649,4,66,509912296.0
travel_new_regions,47057360,16.655,4,66,511188660.0
travel_new_regions,47074029,16.669,4,66,511797452.0
travel_new_regions,47090697,16.668,4,66,512255440.0
travel_new_regions,47107364,16.667,4,66,512669752.0
travel_new_regions,47124046,16.682,4,66,512914888.0
travel_new_regions,47140703,16.657,4,66,513311224.0
travel_new_regions,47157358,16.655,3,66,513760856.0
travel_new_regions,47174021,16.663,2,66,514225704.0
travel_new_regions,47190706,16.685,2,66,515129268.0
travel_new_regions,47207380,16.674,2,66,516090480.0
travel_new_regions,47224037,16.657,4,66,512905772.0
travel_new_regions,47240707,16.67,5,66,508583672.0
travel_new_regions,47257369,16.662,1,66,505456692.0
travel_new_regions,47274041,16.672,2,66,506217052.0
travel_new_regions,47290705,16.664,1,66,505487144.0
travel_new_regions,47307365,16.66,1,68,505773224.0
travel_new_regions,47324027,16.662,1,68,506051940.0
travel_new_regions,47340699,16.672,1,68,506344052.0
travel_new_regions,47357389,16.69,1,68,506622456.0
travel_new_regions,47374023,16.634,1,68,508108712.0
travel_new_regions,47390690,16.667,1,68,508572384.0
travel_new_regions,47407373,16.683,1,68,509007000.0
travel_new_regions,47424032,16.659,1,68,509357336.0
travel_new_regions,47440689,16.657,1,68,509808344.0
travel_new_regions,47457349,16.66,1,68,510281288.0
travel_new_regions,47474013,16.664,0,68,510573008.0
travel_new_regions,47490705,16.692,0,68,510683348.0
travel_new_regions,47507369,16.664,0,68,510773080.0
travel_new_regions,47524041,16.672,4,68,507884992.0
travel_new_regions,47540711,16.67,6,68,504924680.0
travel_new_regions,47557359,16.648,6,68,504896048.0
travel_new_regions,47574015,16.656,6,68,504934048.0
travel_new_regions,47590688,16.673,4,68,505092496.0
travel_new_regions,47607346,16.658,4,68,505567064.0
travel_new_regions,47624076,16.73,3,68,503135464.0
travel_new_regions,47640697,16.621,3,68,503142752.0
travel_new_regions,47657346,16.649,3,68,503142752.0
travel_new_regions,47674019,16.673,3,68,503142752.0
travel_new_regions,47690684,16.665,3,68,503142752.0
travel_new_regions,47707348,16.664,3,68,505029368.0
travel_new_regions,47724011,16.663,3,68,504823208.0
travel_new_regions,47740678,16.667,3,68,505069560.0
travel_new_regions,47757339,16.661,3,68,505078408.0
travel_new_regions,47774019,16.68,3,68,505480456.0
travel_new_regions,47790673,16.654,3,68,505829816.0
travel_new_regions,47807368,16.695,3,68,506108424.0
travel_new_regions,47824011,16.643,2,68,507007064.0
travel_new_regions,47840676,16.665,2,68,507968704.0
travel_new_regions,47857348,16.672,2,68,508242916.0
travel_new_regions,47874012,16.664,2,68,508576284.0
travel_new_regions,47890673,16.661,1,68,506860088.0
travel_new_regions,47907348,16.675,3,68,506174772.0
travel_new_regions,47924010,16.662,4,68,506827016.0
travel_new_regions,47940668,16.658,4,68,507502152.0
travel_new_regions,47957334,16.666,4,68,506870296.0
travel_new_regions,47974106,16.772,2,68,507191108.0
travel_new_regions,47990675,16.569,0,68,507501188.0
travel_new_regions,48007343,16.668,0,68,505685812.0
travel_new_regions,48024007,16.664,0,70,505988100.0
travel_new_regions,48040682,16.675,0,70,505993068.0
travel_new_regions,48057338,16.656,0,70,505993068.0
travel_new_regions,48074003,16.665,0,70,505993068.0
travel_new_regions,48090656,16.653,0,70,507434616.0
travel_new_regions,48107328,16.672,0,70,507626072.0
travel_new_regions,48123990,16.662,0,70,507794408.0
travel_new_regions,48140659,16.669,0,70,508145968.0
travel_new_regions,48157340,16.681,0,70,508596672.0
travel_new_regions,48173989,16.649,0,70,509225392.0
travel_new_regions,48190663,16.674,0,70,509362924.0
travel_new_regions,48207329,16.666,0,70,509472420.0
travel_new_regions,48224000,16.671,4,70,507035348.0
travel_new_regions,48240665,16.665,6,70,504194784.0
travel_new_regions,48257329,16.664,6,70,504167528.0
travel_new_regions,48273989,16.66,6,70,504206108.0
travel_new_regions,48290665,16.676,4,70,504209292.0
travel_new_regions,48307327,16.662,4,70,505107484.0
travel_new_regions,48323990,16.663,4,70,504152776.0
travel_new_regions,48340655,16.665,4,70,504443044.0
travel_new_regions,48357323,16.668,4,70,504721044.0
travel_new_regions,48374014,16.691,4,70,504877684.0
travel_new_regions,48390655,16.641,4,70,505156092.0
travel_new_regions,48407316,16.661,4,70,507364684.0
travel_new_regions,48423972,16.656,4,70,507498380.0
travel_new_regions,48440665,16.693,4,70,507666140.0
travel_new_regions,48457307,16.642,4,70,508034364.0
travel_new_regions,48473988,16.681,4,70,508437296.0
travel_new_regions,48490654,16.666,4,70,508786652.0
travel_new_regions,48507326,16.672,4,70,509078732.0
travel_new_regions,48523978,16.652,3,70,509680012.0
travel_new_regions,48540647,16.669,2,70,509989788.0
travel_new_regions,48557324,16.677,2,70,510893352.0
travel_new_regions,48573978,16.654,2,70,511874480.0
travel_new_regions,48590635,16.657,4,70,510189212.0
travel_new_regions,48607306,16.671,5,70,506863000.0
travel_new_regions,48623985,16.679,1,70,507610276.0
travel_new_regions,48640723,16.738,2,70,508569464.0
travel_new_regions,48657309,16.586,1,70,506946052.0
travel_new_regions,48673981,16.672,1,73,507237856.0
travel_new_regions,48690644,16.663,1,73,507515856.0
travel_new_regions,48707322,16.678,1,73,507811624.0
travel_new_regions,48723979,16.657,1,73,508090336.0
travel_new_regions,48740635,16.656,1,73,508369048.0
travel_new_regions,48757308,16.673,1,73,510322500.0
travel_new_regions,48773969,16.661,1,73,510601588.0
travel_new_regions,48790640,16.671,1,73,510924732.0
travel_new_regions,48807304,16.664,1,73,511274708.0
travel_new_regions,48823959,16.655,1,73,511570804.0
travel_new_regions,48840631,16.672,1,73,512201520.0
travel_new_regions,48857304,16.673,0,73,512333908.0
travel_new_regions,48873974,16.67,0,73,512439492.0
travel_new_regions,48890638,16.664,4,73,509598896.0
travel_new_regions,48907307,16.669,6,73,507154812.0
travel_new_regions,48923972,16.665,6,73,507134664.0
travel_new_regions,48940627,16.655,6,73,507173184.0
travel_new_regions,48957304,16.677,4,73,507331632.0
travel_new_regions,48973952,16.648,4,73,507807444.0
travel_new_regions,48990638,16.686,3,73,505141580.0
travel_new_regions,49007297,16.659,3,74,505227256.0
travel_new_regions,49023960,16.663,3,74,505227256.0
travel_new_regions,49040622,16.662,3,74,505227256.0
travel_new_regions,49057287,16.665,3,74,505227256.0
travel_new_regions,49073958,16.671,3,74,505227256.0
travel_new_regions,49090617,16.659,3,74,507075780.0
travel_new_regions,49107299,16.682,3,74,507105476.0
travel_new_regions,49123949,16.65,3,74,507800348.0
travel_new_regions,49140620,16.671,3,74,508036864.0
travel_new_regions,49157284,16.664,3,74,508228604.0
travel_new_regions,49173951,16.667,3,74,508821240.0
travel_new_regions,49190629,16.678,2,74,509562768.0
travel_new_regions,49207289,16.66,2,74,509858360.0
travel_new_regions,49223969,16.68,2,74,510719848.0
travel_new_regions,49240614,16.645,2,74,511591036.0
travel_new_regions,49257289,16.675,4,74,508433292.0
travel_new_regions,49273957,16.668,1,74,505971568.0
travel_new_regions,49290629,16.672,2,74,505766892.0
travel_new_regions,49307290,16.661,2,74,503261548.0
travel_new_regions,49323957,16.667,2,78,502740000.0
travel_new_regions,49340627,16.67,2,78,502734060.0
travel_new_regions,49357277,16.65,2,78,502734060.0
travel_new_regions,49373945,16.668,2,78,502734064.0
travel_new_regions,49390622,16.677,2,78,502734064.0
travel_new_regions,49407274,16.652,2,78,505012680.0
travel_new_regions,49423946,16.672,2,78,505189328.0
travel_new_regions,49440612,16.666,2,78,505209232.0
travel_new_regions,49457280,16.668,2,78,505354388.0
travel_new_regions,49473969,16.689,2,78,505966956.0
travel_new_regions,49490610,16.641,2,78,506559708.0
travel_new_regions,49507277,16.667,1,78,506572604.0
travel_new_regions,49523950,16.673,1,78,507006020.0
travel_new_regions,49540615,16.665,3,78,504735528.0
travel_new_regions,49557295,16.68,5,78,505012788.0
travel_new_regions,49573952,16.657,5,78,505958180.0
travel_new_regions,49590622,16.67,5,78,506638068.0
travel_new_regions,49607262,16.64,3,78,506005140.0
travel_new_regions,49623943,16.681,3,78,506903336.0
travel_new_regions,49640605,16.662,3,78,505714052.0
travel_new_regions,49657306,16.701,3,78,506011104.0
travel_new_regions,49673941,16.635,3,78,506289104.0
travel_new_regions,49690605,16.664,3,78,506584872.0
travel_new_regions,49707293,16.688,3,78,506863584.0
travel_new_regions,49723937,16.644,3,78,507142296.0
travel_new_regions,49740603,16.666,3,78,510049888.0
travel_new_regions,49757285,16.682,3,78,509522192.0
travel_new_regions,49773931,16.646,3,78,509700512.0
travel_new_regions,49790605,16.674,3,78,510214540.0
travel_new_regions,49807279,16.674,3,78,510472804.0
travel_new_regions,49823939,16.66,3,78,510832296.0
travel_new_regions,49840595,16.656,3,78,511126764.0
travel_new_regions,49857255,16.66,2,78,511576392.0
travel_new_regions,49873918,16.663,0,78,512026896.0
travel_new_regions,49890612,16.694,0,78,512212376.0
travel_new_regions,49907260,16.648,0,78,512507888.0
travel_new_regions,49923942,16.682,4,78,510391260.0
travel_new_regions,49940597,16.655,6,78,508127636.0
travel_new_regions,49957258,16.661,6,78,508323244.0
travel_new_regions,49973922,16.664,6,78,508449724.0
travel_new_regions,49990591,16.669,4,78,508453100.0
travel_new_regions,50007275,16.684,4,78,509352648.0
travel_new_regions,50023953,16.678,4,78,506294928.0
travel_new_regions,50040585,16.632,4,80,506308036.0
travel_new_regions,50057253,16.668,4,80,506308036.0
travel_new_regions,50073915,16.662,4,80,506308036.0
travel_new_regions,50090587,16.672,4,80,506308036.0
travel_new_regions,50107251,16.664,4,80,506308036.0
travel_new_regions,50123920,16.669,4,80,509839084.0
travel_new_regions,50140570,16.65,4,80,508778712.0
travel_new_regions,50157251,16.681,4,80,508784036.0
travel_new_regions,50173907,16.656,4,80,509145160.0
travel_new_regions,50190586,16.679,4,80,509570248.0
travel_new_regions,50207243,16.657,4,80,509921056.0
travel_new_regions,50223907,16.664,4,80,510196012.0
travel_new_regions,50240568,16.661,3,80,510726068.0
travel_new_regions,50257263,16.695,2,80,510799780.0
travel_new_regions,50273944,16.681,4,80,507637024.0
travel_new_regions,50290582,16.638,5,80,505477928.0
travel_new_regions,50307898,17.316,5,80,506498800.0
travel_new_regions,50323910,16.012,5,80,505835424.0
travel_new_regions,50340584,16.674,1,80,506438728.0
travel_new_regions,50357238,16.654,2,80,506769776.0
travel_new_regions,50373919,16.681,1,80,505433572.0
travel_new_regions,50390580,16.661,1,80,505731904.0
travel_new_regions,50407239,16.659,1,80,506009904.0
travel_new_regions,50423905,16.666,1,80,506305672.0
travel_new_regions,50440581,16.676,1,80,506584384.0
travel_new_regions,50457238,16.657,1,80,506863096.0
travel_new_regions,50473912,16.674,1,80,510008880.0
travel_new_regions,50490576,16.664,1,80,509507744.0
travel_new_regions,50507232,16.656,1,80,509695560.0
travel_new_regions,50523895,16.663,1,80,510193908.0
travel_new_regions,50540576,16.681,1,80,510303316.0
travel_new_regions,50557227,16.651,1,80,510809740.0
travel_new_regions,50573910,16.683,1,80,511104244.0
travel_new_regions,50590589,16.679,0,80,511385944.0
travel_new_regions,50607232,16.643,0,80,511696972.0
travel_new_regions,50623901,16.669,0,80,511993444.0
travel_new_regions,50640568,16.667,0,80,512239384.0
travel_new_regions,50657235,16.667,4,80,509395248.0
travel_new_regions,50673901,16.666,6,80,506909896.0
travel_new_regions,50690568,16.667,6,80,506813212.0
travel_new_regions,50707239,16.671,6,80,506935392.0
travel_new_regions,50723898,16.659,4,80,507540816.0
travel_new_regions,50740570,16.672,4,80,507836960.0
travel_new_regions,50757231,16.661,3,80,504664720.0
travel_new_regions,50773889,16.658,3,83,504678596.0
travel_new_regions,50790561,16.672,3,83,504678596.0
travel_new_regions,50807225,16.664,3,83,504678596.0
travel_new_regions,50823897,16.672,3,83,504678596.0
travel_new_regions,50840575,16.678,3,83,504678596.0
travel_new_regions,50857251,16.676,3,83,504678596.0
travel_new_regions,50873878,16.627,3,83,507008600.0
travel_new_regions,50890546,16.668,3,83,507347784.0
travel_new_regions,50907214,16.668,3,83,507838116.0
travel_new_regions,50923877,16.663,3,83,507947524.0
travel_new_regions,50940545,16.668,3,83,508221868.0
travel_new_regions,50957209,16.664,3,83,508589968.0
travel_new_regions,50973876,16.667,2,83,508690940.0
travel_new_regions,50990562,16.686,0,83,509138748.0
travel_new_regions,51007219,16.657,4,83,507308072.0
travel_new_regions,51023883,16.664,6,83,507961716.0
travel_new_regions,51040562,16.679,6,83,508008028.0
travel_new_regions,51057212,16.65,6,83,508130256.0
travel_new_regions,51073876,16.664,4,83,508735480.0
travel_new_regions,51090557,16.681,4,83,509031624.0
travel_new_regions,51107235,16.678,3,83,507606852.0
travel_new_regions,51123879,16.644,3,84,507899808.0
travel_new_regions,51140559,16.68,3,84,508177804.0
travel_new_regions,51157211,16.652,3,84,508473576.0
travel_new_regions,51173878,16.667,3,84,508752288.0
travel_new_regions,51190551,16.673,3,84,509031000.0
travel_new_regions,51207214,16.663,3,84,509333612.0
travel_new_regions,51223884,16.67,3,84,511665192.0
travel_new_regions,51240540,16.656,3,84,511858056.0
travel_new_regions,51257190,16.65,3,84,512144344.0
travel_new_regions,51273874,16.684,3,84,512565032.0
travel_new_regions,51290542,16.668,3,84,512836120.0
travel_new_regions,51307201,16.659,3,84,513261736.0
travel_new_regions,51323873,16.672,2,84,513584856.0
travel_new_regions,51340542,16.669,2,84,514486248.0
travel_new_regions,51357205,16.663,2,84,515459836.0
travel_new_regions,51373861,16.656,2,84,516464164.0
travel_new_regions,51390600,16.739,4,84,511923480.0
travel_new_regions,51407251,16.651,1,84,512426748.0
travel_new_regions,51423866,16.615,2,84,512756540.0
travel_new_regions,51440534,16.668,1,84,511320488.0
travel_new_regions,51457216,16.682,1,88,511620740.0
travel_new_regions,51473864,16.648,1,88,511898740.0
travel_new_regions,51490541,16.677,1,88,512055380.0
travel_new_regions,51507203,16.662,1,88,512333788.0
travel_new_regions,51523863,16.66,1,88,512612344.0
travel_new_regions,51540540,16.677,1,88,512891060.0
travel_new_regions,51557184,16.644,1,88,515272788.0
travel_new_regions,51573865,16.681,1,88,515773880.0
travel_new_regions,51590521,16.656,1,88,515787868.0
travel_new_regions,51607180,16.659,1,88,516154804.0
travel_new_regions,51623858,16.678,1,88,516839420.0
travel_new_regions,51640521,16.663,1,88,517416068.0
travel_new_regions,51657195,16.674,0,88,517561936.0
travel_new_regions,51673864,16.669,0,88,517723476.0
travel_new_regions,51690588,16.724,4,88,513994596.0
travel_new_regions,51707194,16.606,6,88,512276664.0
travel_new_regions,51723858,16.664,6,88,510961968.0
travel_new_regions,51740540,16.682,6,88,511615240.0
travel_new_regions,51757178,16.638,4,88,511147604.0
travel_new_regions,51773856,16.678,4,88,511778036.0
travel_new_regions,51790553,16.697,3,88,508629924.0
travel_new_regions,51807182,16.629,3,88,508644696.0
travel_new_regions,51823852,16.67,3,88,508644692.0
travel_new_regions,51840529,16.677,3,88,508644696.0
travel_new_regions,51857185,16.656,3,88,508644696.0
travel_new_regions,51873846,16.661,3,88,508644696.0
travel_new_regions,51890520,16.674,3,88,508644696.0
travel_new_regions,51907186,16.666,3,88,510977220.0
travel_new_regions,51923833,16.647,3,88,511166604.0
travel_new_regions,51940504,16.671,3,88,511336640.0
travel_new_regions,51957177,16.673,3,88,511704416.0
travel_new_regions,51974017,16.84,3,88,511808944.0
travel_new_regions,51990532,16.515,3,88,512113188.0
travel_new_regions,52007180,16.648,3,88,512157052.0
travel_new_regions,52023879,16.699,3,88,512157052.0
travel_new_regions,52040515,16.636,3,88,512157052.0
travel_new_regions,52057183,16.668,3,88,512157052.0
travel_new_regions,52073855,16.672,3,88,512157052.0
travel_new_regions,52090508,16.653,3,88,512157052.0
travel_new_regions,52107180,16.672,3,88,512157052.0
travel_new_regions,52123841,16.661,3,88,512157052.0
travel_new_regions,52140515,16.674,3,88,512157052.0
travel_new_regions,52157173,16.658,3,88,512157052.0
travel_new_regions,52173839,16.666,3,88,512157052.0
travel_new_regions,52190501,16.662,3,88,512157052.0
travel_new_regions,52207172,16.671,3,88,512157052.0
travel_new_regions,52223832,16.66,3,88,512157048.0
travel_new_regions,52241328,17.496,3,88,512157052.0
travel_new_regions,52257170,15.842,3,88,512157052.0
travel_new_regions,52273816,16.646,3,88,512970864.0
travel_new_regions,52290495,16.679,3,88,513301816.0
travel_new_regions,52307165,16.67,3,88,513932712.0
travel_new_regions,52323834,16.669,2,88,514678672.0
travel_new_regions,52340511,16.677,2,88,515605932.0
travel_new_regions,52357156,16.645,2,88,515716616.0
travel_new_regions,52373839,16.683,4,88,514502580.0
travel_new_regions,52390505,16.666,5,88,513385100.0
travel_new_regions,52407168,16.663,1,88,513989360.0
travel_new_regions,52423832,16.664,2,88,512739752.0
travel_new_regions,52440500,16.668,2,88,510589276.0
travel_new_regions,52457168,16.668,2,90,509546296.0
travel_new_regions,52473831,16.663,2,90,509540360.0
travel_new_regions,52490504,16.673,2,90,509540360.0
travel_new_regions,52507158,16.654,2,90,509540360.0
travel_new_regions,52523983,16.825,2,90,509540360.0
travel_new_regions,52540495,16.512,2,90,509540360.0
travel_new_regions,52557155,16.66,2,90,511719680.0
travel_new_regions,52573803,16.648,2,90,512065184.0
travel_new_regions,52590505,16.702,2,90,512068148.0
travel_new_regions,52607155,16.65,2,90,512250704.0
travel_new_regions,52623826,16.671,2,90,512412844.0
travel_new_regions,52640487,16.661,2,90,512412844.0
travel_new_regions,52657150,16.663,2,90,512412844.0
travel_new_regions,52673818,16.668,2,90,512412844.0
travel_new_regions,52690485,16.667,2,90,512412844.0
travel_new_regions,52707182,16.697,2,90,512412844.0
travel_new_regions,52723823,16.641,2,90,512412844.0
travel_new_regions,52740478,16.655,2,90,512412844.0
travel_new_regions,52758988,18.51,2,90,512412840.0
travel_new_regions,52773819,14.831,2,90,512412844.0
travel_new_regions,52790492,16.673,2,90,512412844.0
travel_new_regions,52808825,18.333,2,90,512412844.0
travel_new_regions,52823809,14.984,2,90,512412844.0
travel_new_regions,52840475,16.666,2,90,512412844.0
travel_new_regions,52858686,18.211,2,90,512412844.0
travel_new_regions,52873811,15.125,2,90,512412844.0
travel_new_regions,52890475,16.664,2,90,512412844.0
travel_new_regions,52908553,18.078,2,90,513420896.0
travel_new_regions,52923800,15.247,2,90,513604388.0
travel_new_regions,52940471,16.671,2,90,514320940.0
travel_new_regions,52958022,17.551,2,90,514541416.0
travel_new_regions,52973800,15.778,2,90,514744056.0
travel_new_regions,52990474,16.674,1,90,514997756.0
travel_new_regions,53007144,16.67,0,90,515191664.0
travel_new_regions,53023808,16.664,4,90,511802172.0
travel_new_regions,53040469,16.661,6,90,509130208.0
travel_new_regions,53057148,16.679,6,90,509521380.0
travel_new_regions,53073812,16.664,6,90,510381308.0
travel_new_regions,53090462,16.65,4,90,509554008.0
travel_new_regions,53107143,16.681,4,90,510453452.0
travel_new_regions,53123802,16.659,4,90,508588000.0
travel_new_regions,53140472,16.67,4,90,508884536.0
travel_new_regions,53157136,16.664,4,90,509162540.0
travel_new_regions,53173810,16.674,4,90,509348552.0
travel_new_regions,53190472,16.662,4,90,509626960.0
travel_new_regions,53207133,16.661,4,90,509905520.0
travel_new_regions,53223800,16.667,4,90,510184232.0
travel_new_regions,53240474,16.674,4,90,510318932.0
travel_new_regions,53257131,16.657,4,90,510318932.0
travel_new_regions,53273791,16.66,4,90,510318928.0
travel_new_regions,53290464,16.673,4,90,510318932.0
travel_new_regions,53307136,16.672,4,90,510318932.0
travel_new_regions,53323804,16.668,4,90,510318932.0
travel_new_regions,53340460,16.656,4,90,510318932.0
travel_new_regions,53357133,16.673,4,90,510318932.0
travel_new_regions,53373796,16.663,4,90,510318932.0
travel_new_regions,53390453,16.657,4,90,510318932.0
travel_new_regions,53407127,16.674,4,90,510318932.0
travel_new_regions,53423778,16.651,4,90,511250992.0
travel_new_regions,53440436,16.658,4,90,511757540.0
travel_new_regions,53457112,16.676,4,90,511764696.0
travel_new_regions,53473771,16.659,4,90,512135488.0
travel_new_regions,53490455,16.684,4,90,512722804.0
travel_new_regions,53507118,16.663,4,90,513024208.0
travel_new_regions,53523790,16.672,4,90,513321032.0
travel_new_regions,53540448,16.658,3,90,513788836.0
travel_new_regions,53557121,16.673,2,90,514253368.0
travel_new_regions,53573780,16.659,2,90,515155548.0
travel_new_regions,53590464,16.684,4,90,512905152.0
travel_new_regions,53607118,16.654,5,90,510885652.0
travel_new_regions,53624088,16.97,5,90,511049452.0
travel_new_regions,53640467,16.379,1,90,511655996.0
travel_new_regions,53657111,16.644,2,90,513400580.0
travel_new_regions,53673780,16.669,1,90,511168888.0
travel_new_regions,53690450,16.67,1,92,511458384.0
travel_new_regions,53707116,16.666,1,92,511597516.0
travel_new_regions,53723796,16.68,1,92,511893024.0
travel_new_regions,53740450,16.654,1,92,512055904.0
travel_new_regions,53757125,16.675,1,92,512196056.0
travel_new_regions,53773779,16.654,1,92,512474464.0
travel_new_regions,53790458,16.679,1,92,512753024.0
travel_new_regions,53807391,16.933,1,92,512892608.0
travel_new_regions,53823780,16.389,1,92,512960388.0
travel_new_regions,53840436,16.656,1,92,512960388.0
travel_new_regions,53857103,16.667,1,92,512960388.0
travel_new_regions,53873768,16.665,1,92,512960388.0
travel_new_regions,53890435,16.667,1,92,512960388.0
travel_new_regions,53907364,16.929,1,92,512960388.0
travel_new_regions,53923770,16.406,1,92,512960388.0
travel_new_regions,53940445,16.675,1,92,512960388.0
travel_new_regions,53957098,16.653,1,92,512960388.0
travel_new_regions,53973767,16.669,1,92,512960388.0
travel_new_regions,53990419,16.652,1,92,514248520.0
travel_new_regions,54007106,16.687,1,92,514430888.0
travel_new_regions,54023757,16.651,1,92,515244140.0
travel_new_regions,54042497,18.74,1,92,515195276.0
travel_new_regions,54057094,14.597,1,92,515569460.0
travel_new_regions,54073755,16.661,1,92,515992744.0
travel_new_regions,54092412,18.657,0,92,516360000.0
travel_new_regions,54107106,14.694,0,92,516471924.0
travel_new_regions,54123764,16.658,4,92,514042144.0
travel_new_regions,54142309,18.545,6,92,511061364.0
travel_new_regions,54157097,14.788,6,92,511031632.0
travel_new_regions,54173749,16.652,6,92,511068404.0
travel_new_regions,54192317,18.568,4,92,511592852.0
travel_new_regions,54207104,14.787,4,92,511701944.0
travel_new_regions,54223762,16.658,3,92,509233152.0
travel_new_regions,54242321,18.559,3,92,509238388.0
travel_new_regions,54257087,14.766,3,92,509238388.0
travel_new_regions,54273751,16.664,3,92,509238388.0
travel_new_regions,54292317,18.566,3,92,509238388.0
travel_new_regions,54307194,14.877,3,92,509238388.0
travel_new_regions,54323758,16.564,3,92,509238388.0
travel_new_regions,54342355,18.597,3,92,509238388.0
travel_new_regions,54357087,14.732,3,92,509238388.0
travel_new_regions,54373750,16.663,3,92,509238388.0
travel_new_regions,54392264,18.514,3,92,509238388.0
travel_new_regions,54407092,14.828,3,92,509238388.0
travel_new_regions,54423745,16.653,3,92,509238388.0
travel_new_regions,54442277,18.532,3,92,509238388.0
travel_new_regions,54457238,14.961,3,92,509238388.0
travel_new_regions,54473739,16.501,3,92,509238388.0
travel_new_regions,54492339,18.6,3,92,509238380.0
travel_new_regions,54507082,14.743,3,92,509238388.0
travel_new_regions,54523759,16.677,3,92,509238388.0
travel_new_regions,54540408,16.649,3,92,510533980.0
travel_new_regions,54557067,16.659,3,92,510868768.0
travel_new_regions,54573734,16.667,3,92,511242080.0
travel_new_regions,54590409,16.675,3,92,511487756.0
travel_new_regions,54607064,16.655,3,92,511995592.0
travel_new_regions,54623727,16.663,3,92,512282780.0
travel_new_regions,54640406,16.679,2,92,513166792.0
travel_new_regions,54657067,16.661,2,92,514621044.0
travel_new_regions,54673745,16.678,2,92,514405324.0
travel_new_regions,54690416,16.671,2,92,515371092.0
travel_new_regions,54707077,16.661,1,92,512632520.0
travel_new_regions,54723745,16.668,3,92,508464572.0
travel_new_regions,54740456,16.711,4,92,508496640.0
travel_new_regions,54757074,16.618,4,92,509106104.0
travel_new_regions,54774504,17.43,4,92,509146364.0
travel_new_regions,54790407,15.903,2,92,509313808.0
travel_new_regions,54807088,16.681,0,92,509639008.0
travel_new_regions,54825379,18.291,0,92,507928660.0
travel_new_regions,54840410,15.031,0,94,508232840.0
travel_new_regions,54857076,16.666,0,94,508238052.0
travel_new_regions,54875238,18.162,0,94,508238052.0
travel_new_regions,54890406,15.168,0,94,508238052.0
travel_new_regions,54907183,16.777,0,94,508238052.0
travel_new_regions,54925115,17.932,0,94,508238052.0
travel_new_regions,54940399,15.284,0,94,508238052.0
travel_new_regions,54957167,16.768,0,94,508238052.0
travel_new_regions,54974998,17.831,0,94,508238052.0
travel_new_regions,54990400,15.402,0,94,508238052.0
travel_new_regions,55007203,16.803,0,94,508238052.0
travel_new_regions,55023731,16.528,0,94,508238052.0
travel_new_regions,55040402,16.671,0,94,508238052.0
travel_new_regions,55057052,16.65,0,94,508238048.0
travel_new_regions,55073728,16.676,0,94,508238052.0
travel_new_regions,55090401,16.673,0,94,508238052.0
travel_new_regions,55107093,16.692,0,94,508238052.0
travel_new_regions,55123719,16.626,0,94,508238052.0
travel_new_regions,55140385,16.666,0,94,509720424.0
travel_new_regions,55157049,16.664,0,94,510058376.0
travel_new_regions,55173719,16.67,0,94,510579056.0
travel_new_regions,55190479,16.76,0,94,510667600.0
travel_new_regions,55207036,16.557,0,94,511195820.0
travel_new_regions,55223715,16.679,0,94,511465656.0
travel_new_regions,55240387,16.672,0,94,511774844.0
travel_new_regions,55257051,16.664,0,94,511920972.0
travel_new_regions,55273722,16.671,4,94,510014772.0
travel_new_regions,55290451,16.729,6,94,510306992.0
travel_new_regions,55307051,16.6,6,94,510292136.0
travel_new_regions,55323710,16.659,6,94,510966216.0
travel_new_regions,55340371,16.661,4,94,510332376.0
travel_new_regions,55357048,16.677,4,94,511230568.0
travel_new_regions,55373710,16.662,4,94,510259328.0
travel_new_regions,55390384,16.674,4,94,510543580.0
travel_new_regions,55407041,16.657,4,94,510821580.0
travel_new_regions,55423717,16.676,4,94,510981628.0
travel_new_regions,55440385,16.668,4,94,511260036.0
travel_new_regions,55457041,16.656,4,94,511538596.0
travel_new_regions,55473716,16.675,4,94,511817308.0
travel_new_regions,55490383,16.667,4,94,511971344.0
travel_new_regions,55507036,16.653,4,94,511971344.0
travel_new_regions,55523693,16.657,4,94,511971344.0
travel_new_regions,55540383,16.69,4,94,511971340.0
travel_new_regions,55557038,16.655,4,94,511971344.0
travel_new_regions,55573708,16.67,4,94,511971340.0
travel_new_regions,55590376,16.668,4,94,511971344.0
travel_new_regions,55607032,16.656,4,94,511971344.0
travel_new_regions,55623696,16.664,4,94,511971344.0
travel_new_regions,55640373,16.677,4,94,511971344.0
travel_new_regions,55657033,16.66,4,94,511971340.0
travel_new_regions,55673705,16.672,4,94,511971344.0
travel_new_regions,55690371,16.666,4,94,513447276.0
travel_new_regions,55707043,16.672,4,94,513639832.0
travel_new_regions,55723691,16.648,4,94,513808120.0
travel_new_regions,55740371,16.68,4,94,514465024.0
travel_new_regions,55758362,17.991,4,94,514765740.0
travel_new_regions,55773706,15.344,4,94,515064440.0
travel_new_regions,55790363,16.657,3,94,515645716.0
travel_new_regions,55808241,17.878,3,94,516124920.0
travel_new_regions,55823703,15.462,2,94,517031640.0
travel_new_regions,55840435,16.732,2,94,518016504.0
travel_new_regions,55858490,18.055,4,94,515538640.0
travel_new_regions,55873728,15.238,5,94,512541288.0
travel_new_regions,55890373,16.645,1,94,513293140.0
travel_new_regions,55907024,16.651,2,94,514189756.0
travel_new_regions,55923702,16.678,1,94,512613276.0
travel_new_regions,55940366,16.664,1,96,512892408.0
travel_new_regions,55957026,16.66,1,96,513170404.0
travel_new_regions,55973687,16.661,1,96,513330456.0
travel_new_regions,55990399,16.712,1,96,513608864.0
travel_new_regions,56007024,16.625,1,96,513887424.0
travel_new_regions,56023692,16.668,1,96,514166136.0
travel_new_regions,56040356,16.664,1,96,514381044.0
travel_new_regions,56057115,16.759,1,96,514377460.0
travel_new_regions,56073678,16.563,1,96,514377460.0
travel_new_regions,56090352,16.674,1,96,514377460.0
travel_new_regions,56107014,16.662,1,96,514377460.0
travel_new_regions,56123847,16.833,1,96,514377460.0
travel_new_regions,56140350,16.503,1,96,514377460.0
travel_new_regions,56157010,16.66,1,96,514377456.0
travel_new_regions,56173681,16.671,1,96,514377460.0
travel_new_regions,56190370,16.689,1,96,514377460.0
travel_new_regions,56207014,16.644,1,96,514377460.0
travel_new_regions,56223679,16.665,1,96,514377460.0
travel_new_regions,56240346,16.667,1,96,516042672.0
travel_new_regions,56256993,16.647,1,96,516236484.0
travel_new_regions,56273665,16.672,1,96,516404772.0
travel_new_regions,56290361,16.696,1,96,516914536.0
travel_new_regions,56306997,16.636,1,96,517204804.0
travel_new_regions,56323669,16.672,1,96,517681184.0
travel_new_regions,56340364,16.695,0,96,517971676.0
travel_new_regions,56357004,16.64,0,96,518155908.0
travel_new_regions,56373683,16.679,0,96,518250384.0
travel_new_regions,56390347,16.664,4,96,514529384.0
travel_new_regions,56407111,16.764,6,96,514719792.0
travel_new_regions,56423674,16.563,6,96,514677600.0
travel_new_regions,56440349,16.675,6,96,515350836.0
travel_new_regions,56457014,16.665,4,96,514872280.0
travel_new_regions,56473663,16.649,4,96,515346848.0
travel_new_regions,56490337,16.674,3,96,512681584.0
travel_new_regions,56506993,16.656,3,96,512686884.0
travel_new_regions,56523667,16.674,3,96,512686884.0
travel_new_regions,56540329,16.662,3,96,512686884.0
travel_new_regions,56556996,16.667,3,96,512686884.0
travel_new_regions,56573667,16.671,3,96,512686884.0
travel_new_regions,56590346,16.679,3,96,512686884.0
travel_new_regions,56606998,16.652,3,96,512686884.0
travel_new_regions,56623662,16.664,3,96,512686884.0
travel_new_regions,56640329,16.667,3,96,512686884.0
travel_new_regions,56656997,16.668,3,96,512686884.0
travel_new_regions,56673677,16.68,3,96,512686880.0
travel_new_regions,56690324,16.647,3,96,512686884.0
travel_new_regions,56706988,16.664,3,96,512686884.0
travel_new_regions,56723661,16.673,3,96,512686884.0
travel_new_regions,56740321,16.66,3,96,512686880.0
travel_new_regions,56756992,16.671,3,96,512686884.0
travel_new_regions,56773657,16.665,3,96,512686884.0
travel_new_regions,56790316,16.659,3,96,512686884.0
travel_new_regions,56806989,16.673,3,96,514356576.0
travel_new_regions,56823645,16.656,3,96,514550556.0
travel_new_regions,56840313,16.668,3,96,514886660.0
travel_new_regions,56856982,16.669,3,96,515238864.0
travel_new_regions,56873638,16.656,3,96,515521476.0
travel_new_regions,56890309,16.671,3,96,515992936.0
travel_new_regions,56906966,16.657,2,96,516275672.0
travel_new_regions,56923646,16.68,2,96,517177060.0
travel_new_regions,56940319,16.673,2,96,517523808.0
travel_new_regions,56956991,16.672,2,96,518439320.0
travel_new_regions,56973660,16.669,4,96,515864304.0
return_history_control,56991193,17.533,3,96,515092812.0
return_history_control,57006993,15.8,4,96,515761464.0
return_history_control,57023652,16.659,4,96,515748048.0
return_history_control,57040357,16.705,4,96,515785072.0
return_history_control,57056977,16.62,2,96,515943368.0
return_history_control,57073629,16.652,2,96,516422932.0
return_history_control,57090382,16.753,2,96,516164832.0
return_history_control,57106985,16.603,0,96,516674672.0
return_history_control,57123659,16.674,0,96,516950624.0
return_history_control,57140334,16.675,0,96,517110672.0
return_history_control,57156989,16.655,0,96,517389080.0
return_history_control,57173651,16.662,0,96,517667640.0
return_history_control,57190325,16.674,0,96,517946496.0
return_history_control,57206997,16.672,0,96,518120808.0
return_history_control,57223666,16.669,0,96,518400088.0
return_history_control,57240327,16.661,0,96,518599196.0
return_history_control,57256983,16.656,0,96,518778908.0
return_history_control,57273659,16.676,4,96,517204412.0
return_history_control,57290363,16.704,6,96,515644312.0
return_history_control,57306992,16.629,6,96,515531812.0
return_history_control,57323638,16.646,6,96,514940316.0
return_history_control,57340306,16.668,6,96,514947140.0
return_history_control,57356979,16.673,4,96,515548936.0
return_history_control,57375196,18.217,4,96,516510828.0
return_history_control,57390308,15.112,3,96,513973432.0
return_history_control,57406969,16.661,3,96,514816820.0
return_history_control,57425035,18.066,2,96,515433972.0
return_history_control,57440331,15.296,2,96,516300208.0
return_history_control,57456979,16.648,4,96,515614032.0
return_history_control,57473635,16.656,5,96,515027332.0
return_history_control,57490341,16.706,1,96,515035724.0
return_history_control,57507798,17.457,2,96,514233500.0
return_history_control,57524766,16.968,2,96,514117332.0
return_history_control,57540342,15.576,1,96,514459240.0
return_history_control,57556978,16.636,1,96,515226512.0
return_history_control,57573629,16.651,1,96,516703144.0
return_history_control,57590306,16.677,5,96,516007904.0
return_history_control,57606953,16.647,6,96,515034164.0
return_history_control,57624505,17.552,3,96,515640548.0
return_history_control,57640306,15.801,4,96,515176560.0
return_history_control,57656956,16.65,3,96,514005948.0
return_history_control,57673626,16.67,2,96,514469140.0
return_history_control,57690311,16.685,2,96,515257004.0
return_history_control,57706968,16.657,2,96,516717320.0
return_history_control,57724070,17.102,4,96,516086468.0
return_history_control,57740296,16.226,5,96,515053420.0
return_history_control,57756971,16.675,1,96,515662976.0
return_history_control,57774098,17.127,2,96,514258080.0
return_history_control,57790332,16.234,2,96,514021952.0
return_history_control,57806981,16.649,1,96,514483820.0
return_history_control,57823976,16.995,1,96,515267192.0
return_history_control,57840293,16.317,1,96,516727508.0
return_history_control,57856944,16.651,1,96,517407432.0
return_history_control,57873829,16.885,5,96,515059604.0
return_history_control,57890341,16.512,3,96,515663960.0
return_history_control,57906962,16.621,4,96,514263572.0
return_history_control,57923690,16.728,3,96,514150780.0
return_history_control,57940288,16.598,2,96,514492980.0
return_history_control,57956951,16.663,2,96,515235768.0
return_history_control,57973628,16.677,2,96,516741156.0
return_history_control,57990348,16.72,4,96,516051528.0
return_history_control,58006962,16.614,5,96,515076824.0
return_history_control,58023614,16.652,1,96,515686332.0
return_history_control,58040298,16.684,2,96,514281100.0
return_history_control,58056942,16.644,2,96,514044972.0
return_history_control,58073604,16.662,1,96,514507344.0
return_history_control,58090324,16.72,1,96,515290712.0
return_history_control,58106951,16.627,1,96,516610880.0
return_history_control,58123659,16.708,1,96,516593292.0
return_history_control,58140323,16.664,5,96,515081380.0
return_history_control,58156948,16.625,3,96,515687484.0
return_history_control,58173619,16.671,4,96,514287096.0
return_history_control,58190266,16.647,3,96,514255196.0
return_history_control,58206937,16.671,2,96,514575856.0
return_history_control,58223611,16.674,2,96,515364840.0
return_history_control,58240275,16.664,2,96,516964364.0
return_history_control,58256951,16.676,2,96,517165940.0
return_history_control,58273618,16.667,4,96,515103196.0
return_history_control,58290278,16.66,1,96,515708108.0
return_history_control,58306955,16.677,2,96,514303864.0
return_history_control,58323597,16.642,2,96,514231512.0
return_history_control,58340319,16.722,1,96,514727964.0
return_history_control,58356942,16.623,1,96,515454536.0
return_history_control,58373602,16.66,1,96,517031876.0
return_history_control,58390312,16.71,5,96,516077212.0
return_history_control,58406946,16.634,6,96,515106208.0
return_history_control,58423600,16.654,3,96,515710712.0
return_history_control,58440285,16.685,4,96,514309396.0
return_history_control,58456926,16.641,3,96,514465216.0
return_history_control,58473592,16.666,2,96,514737964.0
return_history_control,58490267,16.675,2,96,515469024.0
return_history_control,58506939,16.672,2,96,517047688.0
return_history_control,58523601,16.662,4,96,516248016.0
return_history_control,58540248,16.647,5,96,515126196.0
return_history_control,58556931,16.683,1,96,515733212.0
return_history_control,58573591,16.66,2,96,514711524.0
return_history_control,58590271,16.68,2,96,514174596.0
return_history_control,58606920,16.649,1,96,514752136.0
return_history_control,58623974,17.054,1,96,515478708.0
return_history_control,58640345,16.371,1,96,516342836.0
return_history_control,58656925,16.58,5,96,515711584.0
return_history_control,58673587,16.662,6,96,515124980.0
return_history_control,58690256,16.669,3,96,515132740.0
return_history_control,58706931,16.675,4,96,514333472.0
return_history_control,58723588,16.657,3,96,514161256.0
return_history_control,58740252,16.664,2,96,514562880.0
return_history_control,58756924,16.672,2,96,515350740.0
return_history_control,58773583,16.659,2,96,516950184.0
return_history_control,58790250,16.667,4,96,515889164.0
return_history_control,58806923,16.673,5,96,515148400.0
return_history_control,58823587,16.664,1,96,515755416.0
return_history_control,58840258,16.671,2,96,515801624.0
return_history_control,58856911,16.653,2,96,514292672.0
return_history_control,58873579,16.668,1,96,515177972.0
return_history_control,58890340,16.761,1,96,515362468.0
return_history_control,58906934,16.594,1,96,516958740.0
return_history_control,58923577,16.643,5,96,515891444.0
return_history_control,58940244,16.667,6,96,515150752.0
return_history_control,58956920,16.676,3,96,515757136.0
return_history_control,58973575,16.655,4,96,515218184.0
return_history_control,58990285,16.71,3,96,514301944.0
return_history_control,59006915,16.63,2,96,514585224.0
return_history_control,59023577,16.662,2,96,515373088.0
return_history_control,59040240,16.663,2,96,516972532.0
return_history_control,59056897,16.657,4,96,515911512.0
return_history_control,59073572,16.675,5,96,515170748.0
return_history_control,59090244,16.672,1,96,515777764.0
return_history_control,59106900,16.656,2,96,515529028.0
return_history_control,59123565,16.665,2,96,514136404.0
return_history_control,59140254,16.689,1,96,514599400.0
return_history_control,59156907,16.653,1,96,515382772.0
return_history_control,59173582,16.675,1,96,516843088.0
return_history_control,59190281,16.699,5,96,516334960.0
return_history_control,59206891,16.61,6,96,515174080.0
return_history_control,59223571,16.68,3,96,515780464.0
return_history_control,59240264,16.693,4,96,514661236.0
return_history_control,59256899,16.635,3,96,514282864.0
return_history_control,59273557,16.658,2,96,514806976.0
return_history_control,59290277,16.72,2,96,515538032.0
return_history_control,59306896,16.619,2,96,517102188.0
return_history_control,59323577,16.681,4,96,515934704.0
return_history_control,59340237,16.66,5,96,515192760.0
return_history_control,59356907,16.67,1,96,515801524.0
return_history_control,59373680,16.773,2,96,514396296.0
return_history_control,59390221,16.541,2,96,514500892.0
return_history_control,59406891,16.67,1,96,514820448.0
return_history_control,59423569,16.678,1,96,515547024.0
return_history_control,59440227,16.658,1,96,517124368.0
return_history_control,59456898,16.671,5,96,516169608.0
return_history_control,59473561,16.663,6,96,515197232.0
return_history_control,59490259,16.698,3,96,515803104.0
return_history_control,59506898,16.639,4,96,514401788.0
return_history_control,59523555,16.657,3,96,514396656.0
return_history_control,59540220,16.665,2,96,514829612.0
return_history_control,59556889,16.669,2,96,515560672.0
return_history_control,59573555,16.666,2,96,517123124.0
return_history_control,59590224,16.669,4,96,515643652.0
return_history_control,59606878,16.654,5,96,515214968.0
return_history_control,59623553,16.675,1,96,515823732.0
return_history_control,59640233,16.68,2,96,514418496.0
return_history_control,59656865,16.632,2,96,514182372.0
return_history_control,59673538,16.673,1,96,514644240.0
return_history_control,59690255,16.717,1,96,515430784.0
return_history_control,59706895,16.64,1,96,517027052.0
return_history_control,59723555,16.66,5,96,516566628.0
return_history_control,59740206,16.651,6,96,515219140.0
return_history_control,59757035,16.829,3,96,515825524.0
return_history_control,59773547,16.512,4,96,515089120.0
return_history_control,59790198,16.651,3,96,514190928.0
return_history_control,59806883,16.685,2,96,514653616.0
return_history_control,59823580,16.697,2,96,515441476.0
return_history_control,59840252,16.672,2,96,517040920.0
return_history_control,59856863,16.611,4,96,515979900.0
return_history_control,59873536,16.673,5,96,515239136.0
return_history_control,59890211,16.675,1,96,515846152.0
return_history_control,59906874,16.663,2,96,515597416.0
return_history_control,59923525,16.651,2,96,514204792.0
return_history_control,59940206,16.681,1,96,514666660.0
return_history_control,59956883,16.677,1,96,515450032.0
return_history_control,59973543,16.66,1,96,516910344.0
return_history_control,59990210,16.667,5,96,515982036.0
return_history_control,60006882,16.672,6,96,515241344.0
return_history_control,60023537,16.655,3,96,515847728.0
return_history_control,60040299,16.762,4,96,514982276.0
return_history_control,60056857,16.558,3,96,514441280.0
return_history_control,60073528,16.671,2,96,514875916.0
return_history_control,60090208,16.68,2,96,515606972.0
return_history_control,60106866,16.658,2,96,517185640.0
return_history_control,60123679,16.813,4,96,516119620.0
return_history_control,60140242,16.563,5,96,515261272.0
return_history_control,60156862,16.62,1,96,515870032.0
return_history_control,60173535,16.673,2,96,514464804.0
return_history_control,60190227,16.692,2,96,514245284.0
return_history_control,60206851,16.624,1,96,514690544.0
return_history_control,60223604,16.753,1,96,515477088.0
return_history_control,60240235,16.631,1,96,516934232.0
return_history_control,60256853,16.618,5,96,516005920.0
return_history_control,60273548,16.695,6,96,515265228.0
return_history_control,60290190,16.642,3,96,515871612.0
return_history_control,60306841,16.651,4,96,515136332.0
return_history_control,60323519,16.678,3,96,514227188.0
return_history_control,60340176,16.657,2,96,514898120.0
return_history_control,60356869,16.693,2,96,515629180.0
return_history_control,60373521,16.652,2,96,517207844.0
return_history_control,60390181,16.66,4,96,515752244.0
recovery,60406834,16.653,4,96,515283632.0
recovery,60423506,16.672,1,96,515891400.0
recovery,60440222,16.716,2,96,514487064.0
recovery,60456848,16.626,3,96,515807464.0
recovery,60473510,16.662,3,96,515216764.0
recovery,60490210,16.7,3,96,515223652.0
recovery,60506849,16.639,3,96,515829136.0
recovery,60523518,16.669,3,96,517508460.0
recovery,60540214,16.696,3,96,517827780.0
recovery,60556940,16.726,3,96,517482148.0
recovery,60573505,16.565,0,96,518366452.0
recovery,60590232,16.727,2,96,518779586.0
recovery,60606843,16.611,3,96,520390234.0
recovery,60623501,16.658,4,96,520772030.0
recovery,60640180,16.679,4,96,520363694.0
recovery,60656840,16.66,0,96,521243462.0
recovery,60673517,16.677,1,96,522830588.0
recovery,60690215,16.698,2,96,523332004.0
recovery,60706872,16.657,2,96,524696748.0
recovery,60723499,16.627,2,96,523305640.0
recovery,60740172,16.673,1,96,523200304.0
recovery,60756841,16.669,2,96,520918456.0
recovery,60773507,16.666,2,96,521691464.0
recovery,60790214,16.707,0,96,521829560.0
recovery,60806834,16.62,0,96,522373184.0
recovery,60823520,16.686,0,96,522711620.0
recovery,60840216,16.696,0,96,523089420.0
recovery,60856820,16.604,4,96,523293750.0
recovery,60873516,16.696,4,96,520667402.0
recovery,60890160,16.644,4,96,521184366.0
recovery,60906829,16.669,3,96,521918238.0
recovery,60923484,16.655,3,96,522086542.0
recovery,60940149,16.665,2,96,522853022.0
recovery,60956830,16.681,0,96,522949834.0
recovery,60973492,16.662,4,96,522246596.0
recovery,60990164,16.672,4,96,518243132.0
recovery,61006834,16.67,4,96,517273336.0
recovery,61023499,16.665,3,96,518051040.0
recovery,61040196,16.697,2,96,518334244.0
recovery,61056823,16.627,2,96,518704160.0
recovery,61073495,16.672,0,96,518990604.0
recovery,61092202,18.707,4,96,519948192.0
recovery,61106841,14.639,4,96,520150528.0
recovery,61123485,16.644,4,96,520685424.0
recovery,61140164,16.679,3,96,521239768.0
recovery,61156817,16.653,2,96,521546924.0
recovery,61173489,16.672,2,96,522361340.0
recovery,61190197,16.708,2,96,523330740.0
recovery,61206834,16.637,4,96,523610676.0
recovery,61223484,16.65,4,96,520332796.0
recovery,61240152,16.668,1,96,520783996.0
recovery,61256813,16.661,3,96,521395258.0
recovery,61273498,16.685,3,96,522191798.0
recovery,61290200,16.702,2,96,522385624.0
recovery,61306835,16.635,0,96,522679766.0
recovery,61326123,19.288,4,96,523049278.0
recovery,61340200,14.077,5,96,520376974.0
recovery,61356822,16.622,5,96,522069454.0
recovery,61373503,16.681,5,96,521789666.0
recovery,61390197,16.694,5,96,522088858.0
recovery,61406825,16.628,4,96,522772470.0
recovery,61423474,16.649,3,96,523079242.0
recovery,61440138,16.664,4,96,523488898.0
recovery,61456808,16.67,3,96,524117598.0
recovery,61473470,16.662,3,96,524462602.0
recovery,61490143,16.673,0,96,525021946.0
recovery,61506929,16.786,0,96,525492832.0
recovery,61523473,16.544,0,96,525782936.0
recovery,61540903,17.43,0,96,526234560.0
recovery,61559580,18.677,4,96,526224510.0
recovery,61573470,13.89,5,96,523568262.0
recovery,61590176,16.706,4,96,524348434.0
recovery,61606804,16.628,3,96,524554798.0
recovery,61623475,16.671,3,96,525061006.0
recovery,61640136,16.661,2,96,525805498.0
recovery,61656806,16.67,2,96,525884482.0
recovery,61673495,16.689,3,96,525677338.0
recovery,61690447,16.952,4,96,523823140.0
recovery,61706811,16.364,5,96,523394648.0
recovery,61723472,16.661,5,96,523100496.0
recovery,61740139,16.667,5,96,523388688.0
recovery,61756794,16.655,4,96,524304088.0
recovery,61773466,16.672,3,96,524926120.0
recovery,61790134,16.668,4,96,525203384.0
recovery,61806811,16.677,4,96,526808600.0
recovery,61823461,16.65,4,96,527308544.0
recovery,61840129,16.668,4,96,526695468.0
recovery,61856824,16.695,3,96,527578260.0
recovery,61873481,16.657,3,96,529323200.0
recovery,61890147,16.666,3,96,529254288.0
recovery,61906797,16.65,4,96,528190092.0
recovery,61923449,16.652,4,96,525215548.0
recovery,61940128,16.679,1,96,525904128.0
recovery,61956890,16.762,2,96,526503460.0
recovery,61973454,16.564,3,96,526690220.0
recovery,61990124,16.67,0,96,527013836.0
recovery,62008087,17.963,0,96,527462248.0
recovery,62026580,18.493,4,96,528406830.0
recovery,62040123,13.543,5,96,530140274.0
recovery,62056802,16.679,5,96,530261270.0
recovery,62073441,16.639,5,96,529963882.0
recovery,62090116,16.675,4,96,530166370.0
recovery,62106806,16.69,4,96,531065498.0
recovery,62123448,16.642,4,96,532502290.0
recovery,62140139,16.691,4,96,531799982.0
recovery,62156783,16.644,4,96,528064666.0
recovery,62173455,16.672,3,96,528410510.0
recovery,62190115,16.66,3,96,528921442.0
recovery,62206780,16.665,2,96,529723442.0
recovery,62224014,17.234,0,96,529788170.0
recovery,62243945,19.931,0,96,530254614.0
recovery,62265129,21.184,4,96,530093570.0
recovery,62273433,8.304,5,96,527065886.0
recovery,62290126,16.693,4,96,527959354.0
recovery,62306790,16.664,4,96,528809578.0
recovery,62323457,16.667,4,96,529273518.0
recovery,62340107,16.65,4,96,529423694.0
recovery,62356774,16.667,3,96,529873058.0
recovery,62373453,16.679,4,96,530159446.0
recovery,62390102,16.649,3,96,529941206.0
recovery,62406765,16.663,3,96,530272398.0
recovery,62423451,16.686,0,96,531153742.0
recovery,62441811,18.36,1,96,532238404.0
recovery,62456796,14.985,2,96,532925000.0
recovery,62473436,16.64,2,96,532847456.0
recovery,62490128,16.692,1,96,533118224.0
recovery,62510725,20.597,1,96,532983656.0
recovery,62523432,12.707,2,96,533866888.0
recovery,62540127,16.695,2,96,534787520.0
recovery,62556773,16.646,2,96,535789968.0
recovery,62573441,16.668,2,96,535423460.0
recovery,62590105,16.664,0,96,535594520.0
recovery,62611539,21.434,4,96,535324784.0
recovery,62623427,11.888,5,96,534036820.0
recovery,62640099,16.672,5,96,532046356.0
recovery,62656776,16.677,5,96,531747868.0
recovery,62673432,16.656,4,96,532031088.0
recovery,62690103,16.671,4,96,532912828.0
recovery,62706767,16.664,4,96,534602552.0
recovery,62723444,16.677,4,96,534662344.0
recovery,62740095,16.651,4,96,534458800.0
recovery,62756756,16.661,3,96,535359952.0
recovery,62773446,16.69,3,96,535639792.0
recovery,62790089,16.643,3,96,537140664.0
recovery,62806768,16.679,3,96,537402108.0
recovery,62823426,16.658,3,96,537199844.0
recovery,62840088,16.662,3,96,537658692.0
recovery,62856762,16.674,3,96,536302864.0
recovery,62873448,16.686,3,96,537633500.0
recovery,62890096,16.648,3,96,538138296.0
recovery,62906757,16.661,3,96,538005720.0
recovery,62923432,16.675,0,96,538887332.0
recovery,62943984,20.552,1,96,539879608.0
recovery,62956760,12.776,5,96,539627792.0
recovery,62973412,16.652,5,96,536355792.0
recovery,62990078,16.666,5,96,534769384.0
recovery,63006757,16.679,3,96,535666980.0
recovery,63025403,18.646,4,96,536673318.0
recovery,63040083,14.68,4,96,536998118.0
recovery,63057157,17.074,4,96,538028754.0
recovery,63073414,16.257,4,96,537647690.0
recovery,63090087,16.673,3,96,538527954.0
recovery,63106741,16.654,3,96,539473682.0
recovery,63123416,16.675,3,96,541144910.0
recovery,63140075,16.659,3,96,540060554.0
recovery,63156757,16.682,2,96,540223754.0
recovery,63173415,16.658,2,96,541105342.0
recovery,63190075,16.66,4,96,541607634.0
recovery,63206747,16.672,4,96,538287678.0
recovery,63223549,16.802,4,96,538085514.0
recovery,63240081,16.532,1,96,538968282.0
recovery,63260142,20.061,3,96,539986836.0
recovery,63273406,13.264,4,96,540958220.0
recovery,63290082,16.676,4,96,540657332.0
recovery,63306734,16.652,3,96,540282220.0
recovery,63323467,16.733,3,96,538844284.0
recovery,63340079,16.612,3,96,539889200.0
recovery,63356752,16.673,3,96,540619852.0
recovery,63373393,16.641,3,96,540289252.0
recovery,63390078,16.685,0,96,540543116.0
recovery,63411822,21.744,0,96,540914760.0
recovery,63436044,24.222,4,96,541305786.0
recovery,63444670,8.626,5,96,541091606.0
recovery,63456733,12.063,5,96,541357174.0
recovery,63473396,16.663,5,96,541518642.0
recovery,63490054,16.658,5,96,541530166.0
recovery,63506732,16.678,4,96,542424086.0
recovery,63523390,16.658,4,96,543392810.0
recovery,63540070,16.68,4,96,543884902.0
recovery,63556738,16.668,4,96,542075894.0
recovery,63573393,16.655,3,96,542358406.0
recovery,63590084,16.691,3,96,543167506.0
recovery,63606945,16.861,3,96,544672050.0
recovery,63623391,16.446,3,96,545007662.0
recovery,63640048,16.657,3,96,544729554.0
recovery,63656733,16.685,3,96,544239554.0
recovery,63673396,16.663,3,96,543239422.0
recovery,63690054,16.658,3,96,539414370.0
recovery,63706728,16.674,3,96,540400862.0
recovery,63723399,16.671,3,96,540565786.0
recovery,63740051,16.652,0,96,541464154.0
recovery,63761347,21.296,1,96,543013858.0
recovery,63773388,12.041,5,96,543431558.0
recovery,63790044,16.656,5,96,543769478.0
recovery,63806746,16.702,5,96,543315530.0
recovery,63823389,16.643,3,96,544210434.0
recovery,63844046,20.657,4,96,545235064.0
recovery,63856724,12.678,4,96,546163268.0
recovery,63873381,16.657,4,96,545858020.0
recovery,63890058,16.677,4,96,545368248.0
recovery,63906724,16.666,3,96,542912304.0
recovery,63923382,16.658,3,96,543730980.0
recovery,63940056,16.674,3,96,544612524.0
recovery,63956708,16.652,3,96,544301500.0
recovery,63973375,16.667,2,96,544583680.0
recovery,63990051,16.676,2,96,545465116.0
recovery,64006713,16.662,4,96,547176816.0
recovery,64023424,16.711,4,96,548233320.0
recovery,64040035,16.611,4,96,547063688.0
recovery,64056705,16.67,1,96,547346976.0
recovery,64079605,22.9,2,96,549119180.0
recovery,64090045,10.44,3,96,549824052.0
recovery,64106710,16.665,3,96,547379484.0
recovery,64123386,16.676,4,96,546446476.0
recovery,64140047,16.661,3,96,545074924.0
recovery,64156712,16.665,3,96,546782828.0
recovery,64173375,16.663,3,96,546899816.0
recovery,64190032,16.657,3,96,546576348.0
recovery,64206703,16.671,0,96,543975276.0
recovery,64228477,21.774,1,96,544988648.0
recovery,64240041,11.564,5,96,545943528.0
recovery,64256704,16.663,5,96,546635008.0
recovery,64273362,16.658,5,96,546531036.0
recovery,64290031,16.669,3,96,547416064.0
recovery,64311618,21.587,4,96,548775880.0
recovery,64323361,11.743,4,96,548357288.0
recovery,64340036,16.675,4,96,549351220.0
recovery,64356714,16.678,4,96,549508204.0
recovery,64373384,16.67,3,96,549665764.0
recovery,64390044,16.66,3,96,549945332.0
recovery,64406714,16.67,3,96,550223892.0
recovery,64423366,16.652,3,96,550502608.0
recovery,64440360,16.994,3,96,550794720.0
recovery,64456692,16.332,2,96,551776316.0
recovery,64473392,16.7,1,96,551725396.0
recovery,64497751,24.359,2,96,550031948.0
recovery,64506694,8.943,3,96,549120340.0
recovery,64523366,16.672,2,96,550177324.0
recovery,64540042,16.676,2,96,550333580.0
recovery,64556688,16.646,0,96,551459304.0
recovery,64578768,22.08,0,96,551816574.0
recovery,64604833,26.065,3,96,551425494.0
recovery,64611879,7.046,4,96,549843302.0
recovery,64623363,11.484,4,96,548596938.0
recovery,64640026,16.663,3,96,548813938.0
recovery,64656692,16.666,2,96,549344074.0
recovery,64673362,16.67,0,96,549916030.0
recovery,64697131,23.769,0,96,550261008.0
recovery,64722483,25.352,3,96,549939540.0
recovery,64729582,7.099,4,96,546489104.0
recovery,64740014,10.432,4,96,546746588.0
recovery,64756698,16.684,4,96,547038460.0
recovery,64773345,16.647,2,96,548570154.0
recovery,64790107,16.762,0,96,549020626.0
recovery,64815159,25.052,0,96,549414114.0
recovery,64839250,24.091,3,96,549965660.0
recovery,64846491,7.241,4,96,550247632.0
recovery,64856677,10.186,3,96,550645816.0
recovery,64873342,16.665,2,96,551182140.0
recovery,64890020,16.678,2,96,551772056.0
recovery,64906697,16.677,0,96,551997104.0
recovery,64930891,24.194,0,96,552389688.0
recovery,64957059,26.168,3,96,552211512.0
recovery,64964202,7.143,4,96,549604000.0
recovery,64974149,9.947,4,96,549882112.0
recovery,64990409,16.26,3,96,550561172.0
recovery,65007064,16.655,2,96,551217728.0
recovery,65023731,16.667,2,96,551885088.0
recovery,65040403,16.672,0,96,552033640.0
recovery,65065878,25.475,4,96,551399046.0
recovery,65075375,9.497,4,96,548032206.0
recovery,65090550,15.175,3,96,548577794.0
recovery,65107057,16.507,3,96,549187162.0
recovery,65123733,16.676,2,96,549774814.0
recovery,65140398,16.665,0,96,549935610.0
recovery,65164884,24.486,0,96,550278810.0
recovery,65190038,25.154,3,96,550330054.0
recovery,65197009,6.971,4,96,548981970.0
recovery,65207034,10.025,3,96,549512626.0
recovery,65223741,16.707,2,96,550166422.0
recovery,65240404,16.663,2,96,550445562.0
recovery,65257056,16.652,2,96,550598810.0
recovery,65273782,16.726,2,96,550877226.0
recovery,65290403,16.621,1,96,551566802.0
recovery,65317306,26.903,1,96,552214926.0
recovery,65325126,7.82,2,96,552497278.0
recovery,65340403,15.277,2,96,552707498.0
recovery,65357052,16.649,2,96,552985914.0
recovery,65373706,16.654,0,96,553621958.0
recovery,65398216,24.51,0,96,553997468.0
recovery,65425520,27.304,3,96,553967371.0
recovery,65433061,7.541,3,96,550988219.0
recovery,65442787,9.726,3,96,549798923.0
recovery,65458848,16.061,2,96,550471787.0
recovery,65475545,16.697,2,96,550750587.0
recovery,65492188,16.643,2,96,550721995.0
recovery,65508856,16.668,2,96,551017639.0
recovery,65525515,16.659,4,96,550594195.0
recovery,65542388,16.873,4,96,547982499.0
recovery,65558848,16.46,4,96,548260047.0
recovery,65575514,16.666,4,96,548552431.0
recovery,65592183,16.669,4,96,548831151.0
recovery,65608844,16.661,4,96,549109871.0
recovery,65625515,16.671,1,96,550304783.0
recovery,65654715,29.2,4,96,550660955.0
recovery,65661569,6.854,5,96,549472455.0
recovery,65675509,13.94,5,96,549750135.0
recovery,65692173,16.664,4,96,550372751.0
recovery,65708862,16.689,4,96,550666119.0
recovery,65725518,16.656,4,96,550944535.0
recovery,65742173,16.655,4,96,551223103.0
recovery,65758833,16.66,3,96,551865647.0
recovery,65775501,16.668,2,96,552278071.0
recovery,65792201,16.7,2,96,552558595.0
recovery,65808844,16.643,2,96,552837323.0
recovery,65825520,16.676,2,96,553116043.0
recovery,65842159,16.639,0,96,553769627.0
recovery,65865892,23.733,0,96,554000441.0
recovery,65893532,27.64,4,96,555068411.0
recovery,65900761,7.229,5,96,553025063.0
recovery,65910206,9.445,5,96,549997435.0
recovery,65926882,16.676,5,96,550185551.0
recovery,65943559,16.677,5,96,550363731.0
recovery,65960215,16.656,5,96,550659375.0
recovery,65976908,16.693,5,96,550938095.0
recovery,65993542,16.634,5,96,551020823.0
recovery,66010202,16.66,5,96,550551899.0
recovery,66026870,16.668,5,96,550841383.0
recovery,66043544,16.674,5,96,550994639.0
recovery,66060208,16.664,5,96,551273055.0
recovery,66076867,16.659,5,96,551551623.0
recovery,66093529,16.662,5,96,551830343.0
recovery,66110226,16.697,5,96,552109215.0
recovery,66126878,16.652,5,96,552229683.0
recovery,66143533,16.655,5,96,552398651.0
recovery,66160420,16.887,5,96,552677067.0
recovery,66177188,16.768,5,96,552955635.0
recovery,66193604,16.416,5,96,553234355.0
recovery,66210201,16.597,5,96,550897643.0
recovery,66227941,17.74,4,96,549697225.0
recovery,66243539,15.598,4,96,548089069.0
recovery,66260205,16.666,4,96,546864201.0
recovery,66277297,17.092,4,96,546706973.0
recovery,66293548,16.251,4,96,546985389.0
recovery,66310193,16.645,4,96,547154065.0
recovery,66327856,17.663,3,96,545776487.0
recovery,66343530,15.674,3,96,546058795.0
recovery,66360199,16.669,3,96,546337363.0
recovery,66377687,17.488,3,96,546616083.0
recovery,66393528,15.841,3,96,546908207.0
recovery,66410186,16.658,2,96,547021139.0
recovery,66426855,16.669,2,96,547300839.0
recovery,66443520,16.665,2,96,547579559.0
recovery,66460193,16.673,2,96,547743951.0
recovery,66476864,16.671,2,96,548021827.0
recovery,66493521,16.657,0,96,548717239.0
recovery,66520823,27.302,0,96,549149807.0
recovery,66546421,25.598,0,96,549503725.0
recovery,66573062,26.641,0,96,549717297.0
recovery,66603433,30.371,0,96,549411795.0
recovery,66632711,29.278,0,96,547742925.0
recovery,66659505,26.794,0,96,547462725.0
recovery,66688607,29.102,0,96,547755207.0
recovery,66719198,30.591,0,96,548075943.0
recovery,66744963,25.765,0,96,548309739.0
recovery,66770619,25.656,0,96,548649667.0
recovery,66795701,25.082,0,96,548999913.0
recovery,66826980,31.279,0,96,548223449.0
recovery,66853781,26.801,0,96,545529817.0
recovery,66880511,26.73,0,96,544237313.0
recovery,66911398,30.887,0,96,544574265.0
recovery,66945230,33.832,0,96,544889673.0
recovery,66972357,27.127,0,96,545238083.0
recovery,67001108,28.751,0,96,545445937.0
recovery,67031065,29.957,0,96,545627971.0
recovery,67066516,35.451,0,96,545198499.0
recovery,67097087,30.571,0,96,542313791.0
recovery,67127356,30.269,0,96,542660261.0
recovery,67136088,8.732,0,96,542952381.0
recovery,67143985,7.897,0,96,543230797.0
recovery,67160627,16.642,0,96,543509369.0
recovery,67177313,16.686,0,96,543788089.0
recovery,67195523,18.21,0,96,543988349.0
recovery,67210637,15.114,0,96,544131089.0
recovery,67227303,16.666,0,96,544409505.0
recovery,67245125,17.822,0,96,544688073.0
recovery,67260620,15.495,0,96,544562297.0
recovery,67277290,16.67,0,96,543178017.0
recovery,67293951,16.661,0,96,543456205.0
recovery,67310627,16.676,0,96,543734925.0
recovery,67327283,16.656,0,96,544013645.0
recovery,67343955,16.672,0,96,544291909.0
recovery,67360624,16.669,0,96,544463305.0
recovery,67377284,16.66,0,96,543431945.0
recovery,67393946,16.662,0,96,541799753.0
recovery,67410612,16.666,0,96,538830681.0
recovery,67427286,16.674,0,96,539104573.0
recovery,67443946,16.66,0,96,539357313.0
recovery,67460612,16.666,0,96,539635733.0
recovery,67477273,16.661,0,96,539914301.0
recovery,67493945,16.672,0,96,540193021.0
recovery,67510608,16.663,0,96,540471893.0
recovery,67527275,16.667,0,96,540691709.0
recovery,67543958,16.683,0,96,540703737.0
recovery,67560607,16.649,0,96,540741025.0
recovery,67577270,16.663,0,96,540630281.0
recovery,67593949,16.679,0,96,540667433.0
recovery,67610655,16.706,0,96,537269669.0
recovery,67627301,16.646,0,96,535439609.0
recovery,67643951,16.65,0,96,533859537.0
recovery,67660627,16.676,0,96,532050597.0
recovery,67677297,16.67,0,96,530513729.0
recovery,67693948,16.651,0,96,529290473.0
recovery,67710623,16.675,0,96,527689493.0
recovery,67727277,16.654,0,96,523944809.0
recovery,67743950,16.673,0,96,522817169.0
recovery,67760613,16.663,0,96,521551013.0
recovery,67777279,16.666,0,96,519733421.0
recovery,67793946,16.667,0,96,518171053.0
recovery,67810631,16.685,0,96,517062393.0
recovery,67827286,16.655,0,96,515885733.0
recovery,67843945,16.659,0,96,514786025.0
recovery,67860613,16.668,0,96,512943877.0
recovery,67877280,16.667,0,96,511468565.0
recovery,67893941,16.661,0,96,511487913.0
recovery,67910605,16.664,0,96,511484333.0
recovery,67927283,16.678,0,96,511462685.0
recovery,67943950,16.667,0,96,511488857.0
recovery,67960626,16.676,0,96,511487685.0
recovery,67977270,16.644,0,96,511466037.0
recovery,67993940,16.67,0,96,511491421.0
recovery,68010603,16.663,0,96,511491037.0
recovery,68027281,16.678,0,96,511469389.0
recovery,68043935,16.654,0,96,511492873.0
recovery,68060616,16.681,0,96,511501285.0
recovery,68077269,16.653,0,96,511474629.0
recovery,68093935,16.666,0,96,511496129.0
recovery,68110599,16.664,0,96,511503813.0
recovery,68127273,16.674,0,96,511477677.0
recovery,68143931,16.658,0,96,511499385.0
recovery,68160603,16.672,0,96,511506389.0
recovery,68177270,16.667,0,96,511480821.0
recovery,68193930,16.66,0,96,511502733.0
recovery,68210595,16.665,0,96,511510805.0
recovery,68227266,16.671,0,96,511484477.0
recovery,68243934,16.668,0,96,511506089.0
recovery,68260589,16.655,0,96,511515845.0
recovery,68277259,16.67,0,96,511489425.0
recovery,68293935,16.676,0,96,511511025.0
recovery,68310595,16.66,0,96,511515009.0
recovery,68327257,16.662,0,96,511491517.0
recovery,68343930,16.673,0,96,511602089.0
recovery,68360592,16.662,0,96,511639221.0
recovery,68377259,16.667,0,96,511529413.0
recovery,68393926,16.667,0,96,511522449.0
recovery,68410605,16.679,0,96,511519149.0
recovery,68427259,16.654,0,96,511497501.0
recovery,68443920,16.661,0,96,511608793.0
recovery,68460586,16.666,0,96,511638421.0
recovery,68477257,16.671,0,96,511533925.0
recovery,68493921,16.664,0,96,511527481.0
recovery,68510584,16.663,0,96,511525805.0
recovery,68527248,16.664,0,96,511504157.0
recovery,68543920,16.672,0,96,511621137.0
recovery,68560583,16.663,0,96,511628373.0
recovery,68577254,16.671,0,96,511539837.0
recovery,68593919,16.665,0,96,511536585.0
recovery,68610587,16.668,0,96,511543757.0
recovery,68627258,16.671,0,96,511518069.0
recovery,68643917,16.659,0,96,511539937.0
recovery,68660580,16.663,0,96,511546445.0
recovery,68677502,16.922,0,96,511521149.0
recovery,68693920,16.418,0,96,511631001.0
recovery,68710579,16.659,0,96,511680901.0
recovery,68727251,16.672,0,96,511561973.0
recovery,68743895,16.644,0,96,511634353.0
recovery,68760574,16.679,0,96,511637501.0
recovery,68777246,16.672,0,96,511551885.0
recovery,68793913,16.667,0,96,511549801.0
recovery,68810581,16.668,0,96,511551933.0
recovery,68827240,16.659,0,96,511529845.0
recovery,68843905,16.665,0,96,511553153.0
recovery,68860572,16.667,0,96,511555005.0
recovery,68877233,16.661,0,96,511533117.0
recovery,68893903,16.67,0,96,511556501.0
recovery,68910577,16.674,0,96,511559085.0
recovery,68927233,16.656,0,96,511536677.0
recovery,68943902,16.669,0,96,511559857.0
recovery,68960569,16.667,0,96,511562613.0
recovery,68977269,16.7,0,96,511539989.0
recovery,68993896,16.627,0,96,511650921.0
recovery,69010561,16.665,0,96,511684085.0
recovery,69027226,16.665,0,96,511577029.0
recovery,69043893,16.667,0,96,511654177.0
recovery,69060563,16.67,0,96,511660065.0
recovery,69077224,16.661,0,96,511572493.0
recovery,69093890,16.666,0,96,511730631.0
recovery,69110577,16.687,0,96,511730631.0
recovery,69127295,16.718,0,96,511730631.0
recovery,69143887,16.592,0,96,511730631.0
recovery,69160548,16.661,0,96,511674449.0
recovery,69177227,16.679,0,96,511760099.0
recovery,69193888,16.661,0,96,511760099.0
recovery,69210547,16.659,0,96,511695493.0
recovery,69227218,16.671,0,96,511813927.0
recovery,69243889,16.671,0,96,511813927.0
recovery,69260551,16.662,0,96,511813927.0
recovery,69277227,16.676,0,96,511813927.0
recovery,69293905,16.678,0,96,511813927.0
recovery,69310559,16.654,0,96,511813927.0
recovery,69327223,16.664,0,96,511813927.0
recovery,69343893,16.67,0,96,511813923.0
recovery,69360563,16.67,0,96,511813923.0
recovery,69377424,16.861,0,96,511813927.0
recovery,69394005,16.581,0,96,511733589.0
recovery,69410565,16.56,0,96,511984831.0
recovery,69427220,16.655,0,96,511984835.0
recovery,69443889,16.669,0,96,511984835.0
recovery,69460545,16.656,0,96,511984835.0
recovery,69477215,16.67,0,96,511984851.0
recovery,69493885,16.67,0,96,511984851.0
recovery,69510549,16.664,0,96,511984855.0
recovery,69527217,16.668,0,96,511984855.0
recovery,69543881,16.664,0,96,511984855.0
recovery,69560541,16.66,0,96,511984851.0
recovery,69577221,16.68,0,96,511984851.0
recovery,69593878,16.657,0,96,511984855.0
recovery,69610540,16.662,0,96,511984855.0
recovery,69627215,16.675,0,96,511984855.0
recovery,69643879,16.664,0,96,511984855.0
recovery,69660543,16.664,0,96,511982491.0
recovery,69677450,16.907,0,96,511982491.0
recovery,69693880,16.43,0,96,511982487.0
recovery,69710542,16.662,0,96,511982491.0
recovery,69727222,16.68,0,96,511982487.0
recovery,69743883,16.661,0,96,511982471.0
recovery,69760541,16.658,0,96,511982471.0
recovery,69777204,16.663,0,96,511851277.0
recovery,69793880,16.676,0,96,511905259.0
recovery,69810540,16.66,0,96,511905255.0
recovery,69827212,16.672,0,96,511905259.0
recovery,69843877,16.665,0,96,511905259.0
recovery,69860543,16.666,0,96,511905259.0
recovery,69877209,16.666,0,96,511905259.0
recovery,69893873,16.664,0,96,511905259.0
recovery,69910541,16.668,0,96,511905259.0
recovery,69927204,16.663,0,96,511905259.0
recovery,69943864,16.66,0,96,511905255.0
recovery,69960676,16.812,0,96,511905259.0
recovery,69977203,16.527,0,96,511905259.0
recovery,69993891,16.688,0,96,511905259.0
recovery,70010533,16.642,0,96,511905259.0
recovery,70027194,16.661,0,96,511797645.0
recovery,70043863,16.669,0,96,512332847.0
recovery,70060524,16.661,0,96,512332847.0
recovery,70077200,16.676,0,96,512332847.0
recovery,70093865,16.665,0,96,512332847.0
recovery,70110525,16.66,0,96,512332843.0
recovery,70127200,16.675,0,96,512332847.0
recovery,70143863,16.663,0,96,512332847.0
recovery,70160650,16.787,0,96,512332847.0
recovery,70177192,16.542,0,96,512332847.0
recovery,70193882,16.69,0,96,512332843.0
recovery,70210525,16.643,0,96,512332847.0
recovery,70227221,16.696,0,96,512332847.0
recovery,70243857,16.636,0,96,512332847.0
recovery,70260520,16.663,0,96,512332847.0
recovery,70277289,16.769,0,96,512332847.0
recovery,70293848,16.559,0,96,512332847.0
recovery,70310520,16.672,0,96,512332847.0
recovery,70327188,16.668,0,96,512332847.0
recovery,70343853,16.665,0,96,512332847.0
recovery,70360632,16.779,0,96,512332847.0
recovery,70377179,16.547,0,96,512332847.0
recovery,70393864,16.685,0,96,512332847.0
recovery,70410650,16.786,0,96,512332847.0
